{"vertices":[{"@id":1,"shape":{"type":"rectangle","xposition":"NaN","yposition":"NaN","width":"NaN","height":"NaN","color":{"argb":"ff000000"}},"labelManager":{"labels":[{"type":"text","@id":2,"inputText":"88e3e9cd55f856d2","font":{"fontName":"SansSerif.plain","style":0,"size":10},"noBreak":false,"color":{"argb":"ff000000"},"placement":"FREE","horizontalPlacement":"FREE","verticalPlacement":"FREE","showLabel":true,"shape":null,"layoutText":null}],"mainLabel":2},"portCompositions":[{"type":"portGroup","@id":3,"ordered":false,"portCompositions":[],"reference":null},{"type":"portGroup","@id":4,"ordered":false,"portCompositions":[{"type":"port","@id":5,"shape":{"type":"rectangle","xposition":"NaN","yposition":"NaN","width":"NaN","height":"NaN","color":{"argb":"ff000000"}},"labelManager":{"labels":[{"type":"text","@id":6,"inputText":"1","font":{"fontName":"SansSerif.plain","style":0,"size":10},"noBreak":false,"color":{"argb":"ff000000"},"placement":"FREE","horizontalPlacement":"FREE","verticalPlacement":"FREE","showLabel":true,"shape":null,"layoutText":null}],"mainLabel":6},"orientationAtVertex":"FREE","reference":null}],"reference":null}],"reference":null},{"@id":7,"shape":{"type":"rectangle","xposition":"NaN","yposition":"NaN","width":"NaN","height":"NaN","color":{"argb":"ff000000"}},"labelManager":{"labels":[{"type":"text","@id":8,"inputText":"70abff0b31e6ede5","font":{"fontName":"SansSerif.plain","style":0,"size":10},"noBreak":false,"color":{"argb":"ff000000"},"placement":"FREE","horizontalPlacement":"FREE","verticalPlacement":"FREE","showLabel":true,"shape":null,"layoutText":null}],"mainLabel":8},"portCompositions":[{"type":"portGroup","@id":9,"ordered":false,"portCompositions":[{"type":"port","@id":10,"shape":{"type":"rectangle","xposition":"NaN","yposition":"NaN","width":"NaN","height":"NaN","color":{"argb":"ff000000"}},"labelManager":{"labels":[{"type":"text","@id":11,"inputText":"1","font":{"fontName":"SansSerif.plain","style":0,"size":10},"noBreak":false,"color":{"argb":"ff000000"},"placement":"FREE","horizontalPlacement":"FREE","verticalPlacement":"FREE","showLabel":true,"shape":null,"layoutText":null}],"mainLabel":11},"orientationAtVertex":"FREE","reference":null}],"reference":null}],"reference":null},{"@id":12,"shape":null,"labelManager":{"labels":[{"type":"text","@id":13,"inputText":"splice","font":{"fontName":"SansSerif.plain","style":0,"size":10},"noBreak":false,"color":{"argb":"ff000000"},"placement":"FREE","horizontalPlacement":"FREE","verticalPlacement":"FREE","showLabel":true,"shape":null,"layoutText":null}],"mainLabel":13},"portCompositions":[{"type":"port","@id":14,"shape":{"type":"rectangle","xposition":"NaN","yposition":"NaN","width":"NaN","height":"NaN","color":{"argb":"ff000000"}},"labelManager":{"labels":[{"type":"text","@id":15,"inputText":"","font":{"fontName":"SansSerif.plain","style":0,"size":10},"noBreak":false,"color":{"argb":"ff000000"},"placement":"FREE","horizontalPlacement":"FREE","verticalPlacement":"FREE","showLabel":true,"shape":null,"layoutText":null}],"mainLabel":15},"orientationAtVertex":"FREE","reference":null}],"reference":null},{"@id":16,"shape":null,"labelManager":{"labels":[{"type":"text","@id":17,"inputText":"f2894ea164c38273","font":{"fontName":"SansSerif.plain","style":0,"size":10},"noBreak":false,"color":{"argb":"ff000000"},"placement":"FREE","horizontalPlacement":"FREE","verticalPlacement":"FREE","showLabel":true,"shape":null,"layoutText":null}],"mainLabel":17},"portCompositions":[{"type":"portGroup","@id":18,"ordered":false,"portCompositions":[{"type":"port","@id":19,"shape":{"type":"rectangle","xposition":"NaN","yposition":"NaN","width":"NaN","height":"NaN","color":{"argb":"ff000000"}},"labelManager":{"labels":[{"type":"text","@id":20,"inputText":"1","font":{"fontName":"SansSerif.plain","style":0,"size":10},"noBreak":false,"color":{"argb":"ff000000"},"placement":"FREE","horizontalPlacement":"FREE","verticalPlacement":"FREE","showLabel":true,"shape":null,"layoutText":null}],"mainLabel":20},"orientationAtVertex":"FREE","reference":null}],"reference":null}],"reference":null},{"@id":21,"shape":null,"labelManager":{"labels":[{"type":"text","@id":22,"inputText":"7bf28eb5597f561e","font":{"fontName":"SansSerif.plain","style":0,"size":10},"noBreak":false,"color":{"argb":"ff000000"},"placement":"FREE","horizontalPlacement":"FREE","verticalPlacement":"FREE","showLabel":true,"shape":null,"layoutText":null}],"mainLabel":22},"portCompositions":[{"type":"portGroup","@id":23,"ordered":false,"portCompositions":[{"type":"port","@id":24,"shape":{"type":"rectangle","xposition":"NaN","yposition":"NaN","width":"NaN","height":"NaN","color":{"argb":"ff000000"}},"labelManager":{"labels":[{"type":"text","@id":25,"inputText":"1","font":{"fontName":"SansSerif.plain","style":0,"size":10},"noBreak":false,"color":{"argb":"ff000000"},"placement":"FREE","horizontalPlacement":"FREE","verticalPlacement":"FREE","showLabel":true,"shape":null,"layoutText":null}],"mainLabel":25},"orientationAtVertex":"FREE","reference":null}],"reference":null}],"reference":null},{"@id":26,"shape":null,"labelManager":{"labels":[{"type":"text","@id":27,"inputText":"9f40dd7df9c446bd","font":{"fontName":"SansSerif.plain","style":0,"size":10},"noBreak":false,"color":{"argb":"ff000000"},"placement":"FREE","horizontalPlacement":"FREE","verticalPlacement":"FREE","showLabel":true,"shape":null,"layoutText":null}],"mainLabel":27},"portCompositions":[{"type":"portGroup","@id":28,"ordered":false,"portCompositions":[{"type":"port","@id":29,"shape":{"type":"rectangle","xposition":"NaN","yposition":"NaN","width":"NaN","height":"NaN","color":{"argb":"ff000000"}},"labelManager":{"labels":[{"type":"text","@id":30,"inputText":"1","font":{"fontName":"SansSerif.plain","style":0,"size":10},"noBreak":false,"color":{"argb":"ff000000"},"placement":"FREE","horizontalPlacement":"FREE","verticalPlacement":"FREE","showLabel":true,"shape":null,"layoutText":null}],"mainLabel":30},"orientationAtVertex":"FREE","reference":null}],"reference":null}],"reference":null},{"@id":31,"shape":null,"labelManager":{"labels":[{"type":"text","@id":32,"inputText":"cf97ec1d526c26ab","font":{"fontName":"SansSerif.plain","style":0,"size":10},"noBreak":false,"color":{"argb":"ff000000"},"placement":"FREE","horizontalPlacement":"FREE","verticalPlacement":"FREE","showLabel":true,"shape":null,"layoutText":null}],"mainLabel":32},"portCompositions":[{"type":"portGroup","@id":33,"ordered":false,"portCompositions":[{"type":"port","@id":34,"shape":{"type":"rectangle","xposition":"NaN","yposition":"NaN","width":"NaN","height":"NaN","color":{"argb":"ff000000"}},"labelManager":{"labels":[{"type":"text","@id":35,"inputText":"1","font":{"fontName":"SansSerif.plain","style":0,"size":10},"noBreak":false,"color":{"argb":"ff000000"},"placement":"FREE","horizontalPlacement":"FREE","verticalPlacement":"FREE","showLabel":true,"shape":null,"layoutText":null}],"mainLabel":35},"orientationAtVertex":"FREE","reference":null}],"reference":null}],"reference":null},{"@id":36,"shape":null,"labelManager":{"labels":[{"type":"text","@id":37,"inputText":"544b444609cf9acc","font":{"fontName":"SansSerif.plain","style":0,"size":10},"noBreak":false,"color":{"argb":"ff000000"},"placement":"FREE","horizontalPlacement":"FREE","verticalPlacement":"FREE","showLabel":true,"shape":null,"layoutText":null}],"mainLabel":37},"portCompositions":[{"type":"portGroup","@id":38,"ordered":false,"portCompositions":[{"type":"port","@id":39,"shape":{"type":"rectangle","xposition":"NaN","yposition":"NaN","width":"NaN","height":"NaN","color":{"argb":"ff000000"}},"labelManager":{"labels":[{"type":"text","@id":40,"inputText":"1","font":{"fontName":"SansSerif.plain","style":0,"size":10},"noBreak":false,"color":{"argb":"ff000000"},"placement":"FREE","horizontalPlacement":"FREE","verticalPlacement":"FREE","showLabel":true,"shape":null,"layoutText":null}],"mainLabel":40},"orientationAtVertex":"FREE","reference":null}],"reference":null}],"reference":null},{"@id":41,"shape":null,"labelManager":{"labels":[{"type":"text","@id":42,"inputText":"4c8d9a937555d127","font":{"fontName":"SansSerif.plain","style":0,"size":10},"noBreak":false,"color":{"argb":"ff000000"},"placement":"FREE","horizontalPlacement":"FREE","verticalPlacement":"FREE","showLabel":true,"shape":null,"layoutText":null}],"mainLabel":42},"portCompositions":[{"type":"portGroup","@id":43,"ordered":false,"portCompositions":[{"type":"port","@id":44,"shape":{"type":"rectangle","xposition":"NaN","yposition":"NaN","width":"NaN","height":"NaN","color":{"argb":"ff000000"}},"labelManager":{"labels":[{"type":"text","@id":45,"inputText":"1","font":{"fontName":"SansSerif.plain","style":0,"size":10},"noBreak":false,"color":{"argb":"ff000000"},"placement":"FREE","horizontalPlacement":"FREE","verticalPlacement":"FREE","showLabel":true,"shape":null,"layoutText":null}],"mainLabel":45},"orientationAtVertex":"FREE","reference":null}],"reference":null}],"reference":null},{"@id":46,"shape":null,"labelManager":{"labels":[{"type":"text","@id":47,"inputText":"544b444609cf9acc","font":{"fontName":"SansSerif.plain","style":0,"size":10},"noBreak":false,"color":{"argb":"ff000000"},"placement":"FREE","horizontalPlacement":"FREE","verticalPlacement":"FREE","showLabel":true,"shape":null,"layoutText":null}],"mainLabel":47},"portCompositions":[{"type":"portGroup","@id":48,"ordered":false,"portCompositions":[{"type":"port","@id":49,"shape":{"type":"rectangle","xposition":"NaN","yposition":"NaN","width":"NaN","height":"NaN","color":{"argb":"ff000000"}},"labelManager":{"labels":[{"type":"text","@id":50,"inputText":"1","font":{"fontName":"SansSerif.plain","style":0,"size":10},"noBreak":false,"color":{"argb":"ff000000"},"placement":"FREE","horizontalPlacement":"FREE","verticalPlacement":"FREE","showLabel":true,"shape":null,"layoutText":null}],"mainLabel":50},"orientationAtVertex":"FREE","reference":null}],"reference":null}],"reference":null},{"@id":51,"shape":null,"labelManager":{"labels":[{"type":"text","@id":52,"inputText":"cf97ec1d526c26ab","font":{"fontName":"SansSerif.plain","style":0,"size":10},"noBreak":false,"color":{"argb":"ff000000"},"placement":"FREE","horizontalPlacement":"FREE","verticalPlacement":"FREE","showLabel":true,"shape":null,"layoutText":null}],"mainLabel":52},"portCompositions":[{"type":"portGroup","@id":53,"ordered":false,"portCompositions":[{"type":"port","@id":54,"shape":{"type":"rectangle","xposition":"NaN","yposition":"NaN","width":"NaN","height":"NaN","color":{"argb":"ff000000"}},"labelManager":{"labels":[{"type":"text","@id":55,"inputText":"1","font":{"fontName":"SansSerif.plain","style":0,"size":10},"noBreak":false,"color":{"argb":"ff000000"},"placement":"FREE","horizontalPlacement":"FREE","verticalPlacement":"FREE","showLabel":true,"shape":null,"layoutText":null}],"mainLabel":55},"orientationAtVertex":"FREE","reference":null}],"reference":null}],"reference":null},{"@id":56,"shape":null,"labelManager":{"labels":[{"type":"text","@id":57,"inputText":"4c8d9a937555d127","font":{"fontName":"SansSerif.plain","style":0,"size":10},"noBreak":false,"color":{"argb":"ff000000"},"placement":"FREE","horizontalPlacement":"FREE","verticalPlacement":"FREE","showLabel":true,"shape":null,"layoutText":null}],"mainLabel":57},"portCompositions":[{"type":"portGroup","@id":58,"ordered":false,"portCompositions":[{"type":"port","@id":59,"shape":{"type":"rectangle","xposition":"NaN","yposition":"NaN","width":"NaN","height":"NaN","color":{"argb":"ff000000"}},"labelManager":{"labels":[{"type":"text","@id":60,"inputText":"1","font":{"fontName":"SansSerif.plain","style":0,"size":10},"noBreak":false,"color":{"argb":"ff000000"},"placement":"FREE","horizontalPlacement":"FREE","verticalPlacement":"FREE","showLabel":true,"shape":null,"layoutText":null}],"mainLabel":60},"orientationAtVertex":"FREE","reference":null}],"reference":null}],"reference":null},{"@id":61,"shape":null,"labelManager":{"labels":[{"type":"text","@id":62,"inputText":"70abff0b31e6ede5","font":{"fontName":"SansSerif.plain","style":0,"size":10},"noBreak":false,"color":{"argb":"ff000000"},"placement":"FREE","horizontalPlacement":"FREE","verticalPlacement":"FREE","showLabel":true,"shape":null,"layoutText":null}],"mainLabel":62},"portCompositions":[{"type":"portGroup","@id":63,"ordered":false,"portCompositions":[{"type":"port","@id":64,"shape":{"type":"rectangle","xposition":"NaN","yposition":"NaN","width":"NaN","height":"NaN","color":{"argb":"ff000000"}},"labelManager":{"labels":[{"type":"text","@id":65,"inputText":"1","font":{"fontName":"SansSerif.plain","style":0,"size":10},"noBreak":false,"color":{"argb":"ff000000"},"placement":"FREE","horizontalPlacement":"FREE","verticalPlacement":"FREE","showLabel":true,"shape":null,"layoutText":null}],"mainLabel":65},"orientationAtVertex":"FREE","reference":null}],"reference":null}],"reference":null}],"vertexGroups":[{"@id":66,"drawnFrame":false,"labelManager":{"labels":[],"mainLabel":null},"shape":null,"containedVertices":[1,7],"containedVertexGroups":[],"touchingPairs":[{"vertex0":1,"horizontalPlacementVertex0":"FREE","verticalPlacementVertex0":"TOP","vertex1":7,"horizontalPlacementVertex1":"FREE","verticalPlacementVertex1":"FREE"}],"portPairings":[{"port0":5,"port1":10}],"reference":null},{"@id":67,"drawnFrame":false,"labelManager":{"labels":[],"mainLabel":null},"shape":null,"containedVertices":[26,31],"containedVertexGroups":[],"touchingPairs":[{"vertex0":26,"horizontalPlacementVertex0":"FREE","verticalPlacementVertex0":"FREE","vertex1":31,"horizontalPlacementVertex1":"FREE","verticalPlacementVertex1":"FREE"}],"portPairings":[{"port0":29,"port1":34}],"reference":null},{"@id":68,"drawnFrame":false,"labelManager":{"labels":[],"mainLabel":null},"shape":null,"containedVertices":[36,41],"containedVertexGroups":[],"touchingPairs":[{"vertex0":36,"horizontalPlacementVertex0":"FREE","verticalPlacementVertex0":"FREE","vertex1":41,"horizontalPlacementVertex1":"FREE","verticalPlacementVertex1":"FREE"}],"portPairings":[{"port0":39,"port1":44}],"reference":null},{"@id":69,"drawnFrame":false,"labelManager":{"labels":[],"mainLabel":null},"shape":null,"containedVertices":[46,51],"containedVertexGroups":[],"touchingPairs":[{"vertex0":46,"horizontalPlacementVertex0":"FREE","verticalPlacementVertex0":"FREE","vertex1":51,"horizontalPlacementVertex1":"FREE","verticalPlacementVertex1":"FREE"}],"portPairings":[{"port0":49,"port1":54}],"reference":null},{"@id":70,"drawnFrame":false,"labelManager":{"labels":[],"mainLabel":null},"shape":null,"containedVertices":[56,61],"containedVertexGroups":[],"touchingPairs":[{"vertex0":56,"horizontalPlacementVertex0":"FREE","verticalPlacementVertex0":"FREE","vertex1":61,"horizontalPlacementVertex1":"FREE","verticalPlacementVertex1":"FREE"}],"portPairings":[{"port0":59,"port1":64}],"reference":null}],"edges":[{"@id":71,"ports":[19,39],"labelManager":{"innerLabels":[{"type":"text","@id":72,"inputText":"8c0b0088dfb75f27","font":{"fontName":"SansSerif.plain","style":0,"size":10},"noBreak":false,"color":{"argb":"ff000000"},"placement":"FREE","horizontalPlacement":"FREE","verticalPlacement":"FREE","showLabel":true,"shape":null,"layoutText":null}],"allPortLabels":[],"mainLabel":72},"thickness":-1.0,"color":{"argb":"ff000000"},"paths":[],"reference":null},{"@id":73,"ports":[24,54],"labelManager":{"innerLabels":[{"type":"text","@id":74,"inputText":"4b55ae12d47a7a84","font":{"fontName":"SansSerif.plain","style":0,"size":10},"noBreak":false,"color":{"argb":"ff000000"},"placement":"FREE","horizontalPlacement":"FREE","verticalPlacement":"FREE","showLabel":true,"shape":null,"layoutText":null}],"allPortLabels":[],"mainLabel":74},"thickness":-1.0,"color":{"argb":"ff000000"},"paths":[],"reference":null},{"@id":75,"ports":[24,14],"labelManager":{"innerLabels":[{"type":"text","@id":76,"inputText":"8c0b0088dfb75f27","font":{"fontName":"SansSerif.plain","style":0,"size":10},"noBreak":false,"color":{"argb":"ff000000"},"placement":"FREE","horizontalPlacement":"FREE","verticalPlacement":"FREE","showLabel":true,"shape":null,"layoutText":null}],"allPortLabels":[],"mainLabel":76},"thickness":-1.0,"color":{"argb":"ff000000"},"paths":[],"reference":null},{"@id":77,"ports":[44,29],"labelManager":{"innerLabels":[{"type":"text","@id":78,"inputText":"4b55ae12d47a7a84","font":{"fontName":"SansSerif.plain","style":0,"size":10},"noBreak":false,"color":{"argb":"ff000000"},"placement":"FREE","horizontalPlacement":"FREE","verticalPlacement":"FREE","showLabel":true,"shape":null,"layoutText":null}],"allPortLabels":[],"mainLabel":78},"thickness":-1.0,"color":{"argb":"ff000000"},"paths":[],"reference":null},{"@id":79,"ports":[34,14],"labelManager":{"innerLabels":[{"type":"text","@id":80,"inputText":"8c0b0088dfb75f27","font":{"fontName":"SansSerif.plain","style":0,"size":10},"noBreak":false,"color":{"argb":"ff000000"},"placement":"FREE","horizontalPlacement":"FREE","verticalPlacement":"FREE","showLabel":true,"shape":null,"layoutText":null}],"allPortLabels":[],"mainLabel":80},"thickness":-1.0,"color":{"argb":"ff000000"},"paths":[],"reference":null},{"@id":81,"ports":[64,10],"labelManager":{"innerLabels":[{"type":"text","@id":82,"inputText":"4b55ae12d47a7a84","font":{"fontName":"SansSerif.plain","style":0,"size":10},"noBreak":false,"color":{"argb":"ff000000"},"placement":"FREE","horizontalPlacement":"FREE","verticalPlacement":"FREE","showLabel":true,"shape":null,"layoutText":null}],"allPortLabels":[],"mainLabel":82},"thickness":-1.0,"color":{"argb":"ff000000"},"paths":[],"reference":null},{"@id":83,"ports":[14,64],"labelManager":{"innerLabels":[{"type":"text","@id":84,"inputText":"4b55ae12d47a7a84","font":{"fontName":"SansSerif.plain","style":0,"size":10},"noBreak":false,"color":{"argb":"ff000000"},"placement":"FREE","horizontalPlacement":"FREE","verticalPlacement":"FREE","showLabel":true,"shape":null,"layoutText":null}],"allPortLabels":[],"mainLabel":84},"thickness":-1.0,"color":{"argb":"ff000000"},"paths":[],"reference":null}],"edgeBundles":[]}