{"vertices":[{"@id":1,"shape":{"type":"rectangle","xposition":"NaN","yposition":"NaN","width":"NaN","height":"NaN","color":{"argb":"ff000000"}},"labelManager":{"labels":[{"type":"text","@id":2,"inputText":"913cf04c4d554028","font":{"fontName":"SansSerif.plain","style":0,"size":10},"noBreak":false,"color":{"argb":"ff000000"},"placement":"FREE","horizontalPlacement":"FREE","verticalPlacement":"FREE","showLabel":true,"shape":null,"layoutText":null}],"mainLabel":2},"portCompositions":[{"type":"portGroup","@id":3,"ordered":false,"portCompositions":[{"type":"port","@id":4,"shape":{"type":"rectangle","xposition":"NaN","yposition":"NaN","width":"NaN","height":"NaN","color":{"argb":"ff000000"}},"labelManager":{"labels":[{"type":"text","@id":5,"inputText":"A.2","font":{"fontName":"SansSerif.plain","style":0,"size":10},"noBreak":false,"color":{"argb":"ff000000"},"placement":"FREE","horizontalPlacement":"FREE","verticalPlacement":"FREE","showLabel":true,"shape":null,"layoutText":null}],"mainLabel":5},"orientationAtVertex":"FREE","reference":null},{"type":"port","@id":6,"shape":{"type":"rectangle","xposition":"NaN","yposition":"NaN","width":"NaN","height":"NaN","color":{"argb":"ff000000"}},"labelManager":{"labels":[{"type":"text","@id":7,"inputText":"A.1","font":{"fontName":"SansSerif.plain","style":0,"size":10},"noBreak":false,"color":{"argb":"ff000000"},"placement":"FREE","horizontalPlacement":"FREE","verticalPlacement":"FREE","showLabel":true,"shape":null,"layoutText":null}],"mainLabel":7},"orientationAtVertex":"FREE","reference":null}],"reference":null}],"reference":null},{"@id":8,"shape":{"type":"rectangle","xposition":"NaN","yposition":"NaN","width":"NaN","height":"NaN","color":{"argb":"ff000000"}},"labelManager":{"labels":[{"type":"text","@id":9,"inputText":"2e3d41fcadbc5793","font":{"fontName":"SansSerif.plain","style":0,"size":10},"noBreak":false,"color":{"argb":"ff000000"},"placement":"FREE","horizontalPlacement":"FREE","verticalPlacement":"FREE","showLabel":true,"shape":null,"layoutText":null}],"mainLabel":9},"portCompositions":[{"type":"portGroup","@id":10,"ordered":false,"portCompositions":[{"type":"port","@id":11,"shape":{"type":"rectangle","xposition":"NaN","yposition":"NaN","width":"NaN","height":"NaN","color":{"argb":"ff000000"}},"labelManager":{"labels":[{"type":"text","@id":12,"inputText":"B.2","font":{"fontName":"SansSerif.plain","style":0,"size":10},"noBreak":false,"color":{"argb":"ff000000"},"placement":"FREE","horizontalPlacement":"FREE","verticalPlacement":"FREE","showLabel":true,"shape":null,"layoutText":null}],"mainLabel":12},"orientationAtVertex":"FREE","reference":null},{"type":"port","@id":13,"shape":{"type":"rectangle","xposition":"NaN","yposition":"NaN","width":"NaN","height":"NaN","color":{"argb":"ff000000"}},"labelManager":{"labels":[{"type":"text","@id":14,"inputText":"B.1","font":{"fontName":"SansSerif.plain","style":0,"size":10},"noBreak":false,"color":{"argb":"ff000000"},"placement":"FREE","horizontalPlacement":"FREE","verticalPlacement":"FREE","showLabel":true,"shape":null,"layoutText":null}],"mainLabel":14},"orientationAtVertex":"FREE","reference":null}],"reference":null}],"reference":null},{"@id":15,"shape":{"type":"rectangle","xposition":"NaN","yposition":"NaN","width":"NaN","height":"NaN","color":{"argb":"ff000000"}},"labelManager":{"labels":[{"type":"text","@id":16,"inputText":"20a736cb78b27c2a","font":{"fontName":"SansSerif.plain","style":0,"size":10},"noBreak":false,"color":{"argb":"ff000000"},"placement":"FREE","horizontalPlacement":"FREE","verticalPlacement":"FREE","showLabel":true,"shape":null,"layoutText":null}],"mainLabel":16},"portCompositions":[{"type":"portGroup","@id":17,"ordered":false,"portCompositions":[{"type":"port","@id":18,"shape":{"type":"rectangle","xposition":"NaN","yposition":"NaN","width":"NaN","height":"NaN","color":{"argb":"ff000000"}},"labelManager":{"labels":[{"type":"text","@id":19,"inputText":"A.1","font":{"fontName":"SansSerif.plain","style":0,"size":10},"noBreak":false,"color":{"argb":"ff000000"},"placement":"FREE","horizontalPlacement":"FREE","verticalPlacement":"FREE","showLabel":true,"shape":null,"layoutText":null}],"mainLabel":19},"orientationAtVertex":"FREE","reference":null}],"reference":null}],"reference":null},{"@id":20,"shape":{"type":"rectangle","xposition":"NaN","yposition":"NaN","width":"NaN","height":"NaN","color":{"argb":"ff000000"}},"labelManager":{"labels":[{"type":"text","@id":21,"inputText":"02d724284c73662b","font":{"fontName":"SansSerif.plain","style":0,"size":10},"noBreak":false,"color":{"argb":"ff000000"},"placement":"FREE","horizontalPlacement":"FREE","verticalPlacement":"FREE","showLabel":true,"shape":null,"layoutText":null}],"mainLabel":21},"portCompositions":[{"type":"portGroup","@id":22,"ordered":false,"portCompositions":[{"type":"port","@id":23,"shape":{"type":"rectangle","xposition":"NaN","yposition":"NaN","width":"NaN","height":"NaN","color":{"argb":"ff000000"}},"labelManager":{"labels":[{"type":"text","@id":24,"inputText":"B.1","font":{"fontName":"SansSerif.plain","style":0,"size":10},"noBreak":false,"color":{"argb":"ff000000"},"placement":"FREE","horizontalPlacement":"FREE","verticalPlacement":"FREE","showLabel":true,"shape":null,"layoutText":null}],"mainLabel":24},"orientationAtVertex":"FREE","reference":null}],"reference":null}],"reference":null},{"@id":25,"shape":{"type":"rectangle","xposition":"NaN","yposition":"NaN","width":"NaN","height":"NaN","color":{"argb":"ff000000"}},"labelManager":{"labels":[{"type":"text","@id":26,"inputText":"38c2f2aa25224878","font":{"fontName":"SansSerif.plain","style":0,"size":10},"noBreak":false,"color":{"argb":"ff000000"},"placement":"FREE","horizontalPlacement":"FREE","verticalPlacement":"FREE","showLabel":true,"shape":null,"layoutText":null}],"mainLabel":26},"portCompositions":[{"type":"portGroup","@id":27,"ordered":false,"portCompositions":[{"type":"port","@id":28,"shape":{"type":"rectangle","xposition":"NaN","yposition":"NaN","width":"NaN","height":"NaN","color":{"argb":"ff000000"}},"labelManager":{"labels":[{"type":"text","@id":29,"inputText":"A.1","font":{"fontName":"SansSerif.plain","style":0,"size":10},"noBreak":false,"color":{"argb":"ff000000"},"placement":"FREE","horizontalPlacement":"FREE","verticalPlacement":"FREE","showLabel":true,"shape":null,"layoutText":null}],"mainLabel":29},"orientationAtVertex":"FREE","reference":null}],"reference":null}],"reference":null},{"@id":30,"shape":{"type":"rectangle","xposition":"NaN","yposition":"NaN","width":"NaN","height":"NaN","color":{"argb":"ff000000"}},"labelManager":{"labels":[{"type":"text","@id":31,"inputText":"ca88cda3567771db","font":{"fontName":"SansSerif.plain","style":0,"size":10},"noBreak":false,"color":{"argb":"ff000000"},"placement":"FREE","horizontalPlacement":"FREE","verticalPlacement":"FREE","showLabel":true,"shape":null,"layoutText":null}],"mainLabel":31},"portCompositions":[{"type":"portGroup","@id":32,"ordered":false,"portCompositions":[{"type":"port","@id":33,"shape":{"type":"rectangle","xposition":"NaN","yposition":"NaN","width":"NaN","height":"NaN","color":{"argb":"ff000000"}},"labelManager":{"labels":[{"type":"text","@id":34,"inputText":"B.1","font":{"fontName":"SansSerif.plain","style":0,"size":10},"noBreak":false,"color":{"argb":"ff000000"},"placement":"FREE","horizontalPlacement":"FREE","verticalPlacement":"FREE","showLabel":true,"shape":null,"layoutText":null}],"mainLabel":34},"orientationAtVertex":"FREE","reference":null}],"reference":null}],"reference":null},{"@id":35,"shape":{"type":"rectangle","xposition":"NaN","yposition":"NaN","width":"NaN","height":"NaN","color":{"argb":"ff000000"}},"labelManager":{"labels":[{"type":"text","@id":36,"inputText":"5351c9bf8635b37c","font":{"fontName":"SansSerif.plain","style":0,"size":10},"noBreak":false,"color":{"argb":"ff000000"},"placement":"FREE","horizontalPlacement":"FREE","verticalPlacement":"FREE","showLabel":true,"shape":null,"layoutText":null}],"mainLabel":36},"portCompositions":[{"type":"portGroup","@id":37,"ordered":false,"portCompositions":[{"type":"port","@id":38,"shape":{"type":"rectangle","xposition":"NaN","yposition":"NaN","width":"NaN","height":"NaN","color":{"argb":"ff000000"}},"labelManager":{"labels":[{"type":"text","@id":39,"inputText":"A.2","font":{"fontName":"SansSerif.plain","style":0,"size":10},"noBreak":false,"color":{"argb":"ff000000"},"placement":"FREE","horizontalPlacement":"FREE","verticalPlacement":"FREE","showLabel":true,"shape":null,"layoutText":null}],"mainLabel":39},"orientationAtVertex":"FREE","reference":null},{"type":"port","@id":40,"shape":{"type":"rectangle","xposition":"NaN","yposition":"NaN","width":"NaN","height":"NaN","color":{"argb":"ff000000"}},"labelManager":{"labels":[{"type":"text","@id":41,"inputText":"A.3","font":{"fontName":"SansSerif.plain","style":0,"size":10},"noBreak":false,"color":{"argb":"ff000000"},"placement":"FREE","horizontalPlacement":"FREE","verticalPlacement":"FREE","showLabel":true,"shape":null,"layoutText":null}],"mainLabel":41},"orientationAtVertex":"FREE","reference":null},{"type":"port","@id":42,"shape":{"type":"rectangle","xposition":"NaN","yposition":"NaN","width":"NaN","height":"NaN","color":{"argb":"ff000000"}},"labelManager":{"labels":[{"type":"text","@id":43,"inputText":"A.1","font":{"fontName":"SansSerif.plain","style":0,"size":10},"noBreak":false,"color":{"argb":"ff000000"},"placement":"FREE","horizontalPlacement":"FREE","verticalPlacement":"FREE","showLabel":true,"shape":null,"layoutText":null}],"mainLabel":43},"orientationAtVertex":"FREE","reference":null}],"reference":null}],"reference":null},{"@id":44,"shape":{"type":"rectangle","xposition":"NaN","yposition":"NaN","width":"NaN","height":"NaN","color":{"argb":"ff000000"}},"labelManager":{"labels":[{"type":"text","@id":45,"inputText":"045edbff9e448aee","font":{"fontName":"SansSerif.plain","style":0,"size":10},"noBreak":false,"color":{"argb":"ff000000"},"placement":"FREE","horizontalPlacement":"FREE","verticalPlacement":"FREE","showLabel":true,"shape":null,"layoutText":null}],"mainLabel":45},"portCompositions":[{"type":"portGroup","@id":46,"ordered":false,"portCompositions":[{"type":"port","@id":47,"shape":{"type":"rectangle","xposition":"NaN","yposition":"NaN","width":"NaN","height":"NaN","color":{"argb":"ff000000"}},"labelManager":{"labels":[{"type":"text","@id":48,"inputText":"B.2","font":{"fontName":"SansSerif.plain","style":0,"size":10},"noBreak":false,"color":{"argb":"ff000000"},"placement":"FREE","horizontalPlacement":"FREE","verticalPlacement":"FREE","showLabel":true,"shape":null,"layoutText":null}],"mainLabel":48},"orientationAtVertex":"FREE","reference":null},{"type":"port","@id":49,"shape":{"type":"rectangle","xposition":"NaN","yposition":"NaN","width":"NaN","height":"NaN","color":{"argb":"ff000000"}},"labelManager":{"labels":[{"type":"text","@id":50,"inputText":"B.3","font":{"fontName":"SansSerif.plain","style":0,"size":10},"noBreak":false,"color":{"argb":"ff000000"},"placement":"FREE","horizontalPlacement":"FREE","verticalPlacement":"FREE","showLabel":true,"shape":null,"layoutText":null}],"mainLabel":50},"orientationAtVertex":"FREE","reference":null},{"type":"port","@id":51,"shape":{"type":"rectangle","xposition":"NaN","yposition":"NaN","width":"NaN","height":"NaN","color":{"argb":"ff000000"}},"labelManager":{"labels":[{"type":"text","@id":52,"inputText":"B.1","font":{"fontName":"SansSerif.plain","style":0,"size":10},"noBreak":false,"color":{"argb":"ff000000"},"placement":"FREE","horizontalPlacement":"FREE","verticalPlacement":"FREE","showLabel":true,"shape":null,"layoutText":null}],"mainLabel":52},"orientationAtVertex":"FREE","reference":null}],"reference":null}],"reference":null},{"@id":53,"shape":null,"labelManager":{"labels":[{"type":"text","@id":54,"inputText":"e9800998ecf8427e","font":{"fontName":"SansSerif.plain","style":0,"size":10},"noBreak":false,"color":{"argb":"ff000000"},"placement":"FREE","horizontalPlacement":"FREE","verticalPlacement":"FREE","showLabel":true,"shape":null,"layoutText":null}],"mainLabel":54},"portCompositions":[{"type":"port","@id":55,"shape":{"type":"rectangle","xposition":"NaN","yposition":"NaN","width":"NaN","height":"NaN","color":{"argb":"ff000000"}},"labelManager":{"labels":[{"type":"text","@id":56,"inputText":"","font":{"fontName":"SansSerif.plain","style":0,"size":10},"noBreak":false,"color":{"argb":"ff000000"},"placement":"FREE","horizontalPlacement":"FREE","verticalPlacement":"FREE","showLabel":true,"shape":null,"layoutText":null}],"mainLabel":56},"orientationAtVertex":"FREE","reference":null}],"reference":null},{"@id":57,"shape":null,"labelManager":{"labels":[{"type":"text","@id":58,"inputText":"e9800998ecf8427e","font":{"fontName":"SansSerif.plain","style":0,"size":10},"noBreak":false,"color":{"argb":"ff000000"},"placement":"FREE","horizontalPlacement":"FREE","verticalPlacement":"FREE","showLabel":true,"shape":null,"layoutText":null}],"mainLabel":58},"portCompositions":[{"type":"port","@id":59,"shape":{"type":"rectangle","xposition":"NaN","yposition":"NaN","width":"NaN","height":"NaN","color":{"argb":"ff000000"}},"labelManager":{"labels":[{"type":"text","@id":60,"inputText":"","font":{"fontName":"SansSerif.plain","style":0,"size":10},"noBreak":false,"color":{"argb":"ff000000"},"placement":"FREE","horizontalPlacement":"FREE","verticalPlacement":"FREE","showLabel":true,"shape":null,"layoutText":null}],"mainLabel":60},"orientationAtVertex":"FREE","reference":null}],"reference":null},{"@id":61,"shape":null,"labelManager":{"labels":[{"type":"text","@id":62,"inputText":"e9800998ecf8427e","font":{"fontName":"SansSerif.plain","style":0,"size":10},"noBreak":false,"color":{"argb":"ff000000"},"placement":"FREE","horizontalPlacement":"FREE","verticalPlacement":"FREE","showLabel":true,"shape":null,"layoutText":null}],"mainLabel":62},"portCompositions":[{"type":"port","@id":63,"shape":{"type":"rectangle","xposition":"NaN","yposition":"NaN","width":"NaN","height":"NaN","color":{"argb":"ff000000"}},"labelManager":{"labels":[{"type":"text","@id":64,"inputText":"","font":{"fontName":"SansSerif.plain","style":0,"size":10},"noBreak":false,"color":{"argb":"ff000000"},"placement":"FREE","horizontalPlacement":"FREE","verticalPlacement":"FREE","showLabel":true,"shape":null,"layoutText":null}],"mainLabel":64},"orientationAtVertex":"FREE","reference":null}],"reference":null},{"@id":65,"shape":null,"labelManager":{"labels":[{"type":"text","@id":66,"inputText":"e9800998ecf8427e","font":{"fontName":"SansSerif.plain","style":0,"size":10},"noBreak":false,"color":{"argb":"ff000000"},"placement":"FREE","horizontalPlacement":"FREE","verticalPlacement":"FREE","showLabel":true,"shape":null,"layoutText":null}],"mainLabel":66},"portCompositions":[{"type":"port","@id":67,"shape":{"type":"rectangle","xposition":"NaN","yposition":"NaN","width":"NaN","height":"NaN","color":{"argb":"ff000000"}},"labelManager":{"labels":[{"type":"text","@id":68,"inputText":"","font":{"fontName":"SansSerif.plain","style":0,"size":10},"noBreak":false,"color":{"argb":"ff000000"},"placement":"FREE","horizontalPlacement":"FREE","verticalPlacement":"FREE","showLabel":true,"shape":null,"layoutText":null}],"mainLabel":68},"orientationAtVertex":"FREE","reference":null}],"reference":null},{"@id":69,"shape":null,"labelManager":{"labels":[{"type":"text","@id":70,"inputText":"e9800998ecf8427e","font":{"fontName":"SansSerif.plain","style":0,"size":10},"noBreak":false,"color":{"argb":"ff000000"},"placement":"FREE","horizontalPlacement":"FREE","verticalPlacement":"FREE","showLabel":true,"shape":null,"layoutText":null}],"mainLabel":70},"portCompositions":[{"type":"port","@id":71,"shape":{"type":"rectangle","xposition":"NaN","yposition":"NaN","width":"NaN","height":"NaN","color":{"argb":"ff000000"}},"labelManager":{"labels":[{"type":"text","@id":72,"inputText":"","font":{"fontName":"SansSerif.plain","style":0,"size":10},"noBreak":false,"color":{"argb":"ff000000"},"placement":"FREE","horizontalPlacement":"FREE","verticalPlacement":"FREE","showLabel":true,"shape":null,"layoutText":null}],"mainLabel":72},"orientationAtVertex":"FREE","reference":null}],"reference":null},{"@id":73,"shape":null,"labelManager":{"labels":[{"type":"text","@id":74,"inputText":"666cad7975d6a893","font":{"fontName":"SansSerif.plain","style":0,"size":10},"noBreak":false,"color":{"argb":"ff000000"},"placement":"FREE","horizontalPlacement":"FREE","verticalPlacement":"FREE","showLabel":true,"shape":null,"layoutText":null}],"mainLabel":74},"portCompositions":[{"type":"portGroup","@id":75,"ordered":false,"portCompositions":[{"type":"port","@id":76,"shape":{"type":"rectangle","xposition":"NaN","yposition":"NaN","width":"NaN","height":"NaN","color":{"argb":"ff000000"}},"labelManager":{"labels":[{"type":"text","@id":77,"inputText":"A.1","font":{"fontName":"SansSerif.plain","style":0,"size":10},"noBreak":false,"color":{"argb":"ff000000"},"placement":"FREE","horizontalPlacement":"FREE","verticalPlacement":"FREE","showLabel":true,"shape":null,"layoutText":null}],"mainLabel":77},"orientationAtVertex":"FREE","reference":null}],"reference":null}],"reference":null},{"@id":78,"shape":null,"labelManager":{"labels":[{"type":"text","@id":79,"inputText":"0a95212b545a8dad","font":{"fontName":"SansSerif.plain","style":0,"size":10},"noBreak":false,"color":{"argb":"ff000000"},"placement":"FREE","horizontalPlacement":"FREE","verticalPlacement":"FREE","showLabel":true,"shape":null,"layoutText":null}],"mainLabel":79},"portCompositions":[{"type":"portGroup","@id":80,"ordered":false,"portCompositions":[{"type":"port","@id":81,"shape":{"type":"rectangle","xposition":"NaN","yposition":"NaN","width":"NaN","height":"NaN","color":{"argb":"ff000000"}},"labelManager":{"labels":[{"type":"text","@id":82,"inputText":"B.1","font":{"fontName":"SansSerif.plain","style":0,"size":10},"noBreak":false,"color":{"argb":"ff000000"},"placement":"FREE","horizontalPlacement":"FREE","verticalPlacement":"FREE","showLabel":true,"shape":null,"layoutText":null}],"mainLabel":82},"orientationAtVertex":"FREE","reference":null}],"reference":null}],"reference":null},{"@id":83,"shape":null,"labelManager":{"labels":[{"type":"text","@id":84,"inputText":"1d826e1f9a7b6661","font":{"fontName":"SansSerif.plain","style":0,"size":10},"noBreak":false,"color":{"argb":"ff000000"},"placement":"FREE","horizontalPlacement":"FREE","verticalPlacement":"FREE","showLabel":true,"shape":null,"layoutText":null}],"mainLabel":84},"portCompositions":[{"type":"portGroup","@id":85,"ordered":false,"portCompositions":[{"type":"port","@id":86,"shape":{"type":"rectangle","xposition":"NaN","yposition":"NaN","width":"NaN","height":"NaN","color":{"argb":"ff000000"}},"labelManager":{"labels":[{"type":"text","@id":87,"inputText":"A.1","font":{"fontName":"SansSerif.plain","style":0,"size":10},"noBreak":false,"color":{"argb":"ff000000"},"placement":"FREE","horizontalPlacement":"FREE","verticalPlacement":"FREE","showLabel":true,"shape":null,"layoutText":null}],"mainLabel":87},"orientationAtVertex":"FREE","reference":null}],"reference":null}],"reference":null},{"@id":88,"shape":null,"labelManager":{"labels":[{"type":"text","@id":89,"inputText":"0ad3fe955b13a9d1","font":{"fontName":"SansSerif.plain","style":0,"size":10},"noBreak":false,"color":{"argb":"ff000000"},"placement":"FREE","horizontalPlacement":"FREE","verticalPlacement":"FREE","showLabel":true,"shape":null,"layoutText":null}],"mainLabel":89},"portCompositions":[{"type":"portGroup","@id":90,"ordered":false,"portCompositions":[{"type":"port","@id":91,"shape":{"type":"rectangle","xposition":"NaN","yposition":"NaN","width":"NaN","height":"NaN","color":{"argb":"ff000000"}},"labelManager":{"labels":[{"type":"text","@id":92,"inputText":"B.1","font":{"fontName":"SansSerif.plain","style":0,"size":10},"noBreak":false,"color":{"argb":"ff000000"},"placement":"FREE","horizontalPlacement":"FREE","verticalPlacement":"FREE","showLabel":true,"shape":null,"layoutText":null}],"mainLabel":92},"orientationAtVertex":"FREE","reference":null}],"reference":null}],"reference":null},{"@id":93,"shape":null,"labelManager":{"labels":[{"type":"text","@id":94,"inputText":"d6669aaecb75c2bd","font":{"fontName":"SansSerif.plain","style":0,"size":10},"noBreak":false,"color":{"argb":"ff000000"},"placement":"FREE","horizontalPlacement":"FREE","verticalPlacement":"FREE","showLabel":true,"shape":null,"layoutText":null}],"mainLabel":94},"portCompositions":[{"type":"portGroup","@id":95,"ordered":false,"portCompositions":[{"type":"port","@id":96,"shape":{"type":"rectangle","xposition":"NaN","yposition":"NaN","width":"NaN","height":"NaN","color":{"argb":"ff000000"}},"labelManager":{"labels":[{"type":"text","@id":97,"inputText":"A.1","font":{"fontName":"SansSerif.plain","style":0,"size":10},"noBreak":false,"color":{"argb":"ff000000"},"placement":"FREE","horizontalPlacement":"FREE","verticalPlacement":"FREE","showLabel":true,"shape":null,"layoutText":null}],"mainLabel":97},"orientationAtVertex":"FREE","reference":null}],"reference":null}],"reference":null},{"@id":98,"shape":null,"labelManager":{"labels":[{"type":"text","@id":99,"inputText":"00ce5ff8a3833842","font":{"fontName":"SansSerif.plain","style":0,"size":10},"noBreak":false,"color":{"argb":"ff000000"},"placement":"FREE","horizontalPlacement":"FREE","verticalPlacement":"FREE","showLabel":true,"shape":null,"layoutText":null}],"mainLabel":99},"portCompositions":[{"type":"portGroup","@id":100,"ordered":false,"portCompositions":[{"type":"port","@id":101,"shape":{"type":"rectangle","xposition":"NaN","yposition":"NaN","width":"NaN","height":"NaN","color":{"argb":"ff000000"}},"labelManager":{"labels":[{"type":"text","@id":102,"inputText":"B.1","font":{"fontName":"SansSerif.plain","style":0,"size":10},"noBreak":false,"color":{"argb":"ff000000"},"placement":"FREE","horizontalPlacement":"FREE","verticalPlacement":"FREE","showLabel":true,"shape":null,"layoutText":null}],"mainLabel":102},"orientationAtVertex":"FREE","reference":null}],"reference":null}],"reference":null}],"vertexGroups":[{"@id":103,"drawnFrame":false,"labelManager":{"labels":[],"mainLabel":null},"shape":null,"containedVertices":[1,8],"containedVertexGroups":[],"touchingPairs":[{"vertex0":1,"horizontalPlacementVertex0":"FREE","verticalPlacementVertex0":"TOP","vertex1":8,"horizontalPlacementVertex1":"FREE","verticalPlacementVertex1":"FREE"}],"portPairings":[{"port0":4,"port1":11},{"port0":6,"port1":13}],"reference":null},{"@id":104,"drawnFrame":false,"labelManager":{"labels":[],"mainLabel":null},"shape":null,"containedVertices":[15,20],"containedVertexGroups":[],"touchingPairs":[{"vertex0":15,"horizontalPlacementVertex0":"FREE","verticalPlacementVertex0":"TOP","vertex1":20,"horizontalPlacementVertex1":"FREE","verticalPlacementVertex1":"FREE"}],"portPairings":[{"port0":18,"port1":23}],"reference":null},{"@id":105,"drawnFrame":false,"labelManager":{"labels":[],"mainLabel":null},"shape":null,"containedVertices":[25,30],"containedVertexGroups":[],"touchingPairs":[{"vertex0":25,"horizontalPlacementVertex0":"FREE","verticalPlacementVertex0":"TOP","vertex1":30,"horizontalPlacementVertex1":"FREE","verticalPlacementVertex1":"FREE"}],"portPairings":[{"port0":28,"port1":33}],"reference":null},{"@id":106,"drawnFrame":false,"labelManager":{"labels":[],"mainLabel":null},"shape":null,"containedVertices":[35,44],"containedVertexGroups":[],"touchingPairs":[{"vertex0":35,"horizontalPlacementVertex0":"FREE","verticalPlacementVertex0":"TOP","vertex1":44,"horizontalPlacementVertex1":"FREE","verticalPlacementVertex1":"FREE"}],"portPairings":[{"port0":38,"port1":47},{"port0":40,"port1":49},{"port0":42,"port1":51}],"reference":null},{"@id":107,"drawnFrame":false,"labelManager":{"labels":[],"mainLabel":null},"shape":null,"containedVertices":[73,78],"containedVertexGroups":[],"touchingPairs":[{"vertex0":73,"horizontalPlacementVertex0":"FREE","verticalPlacementVertex0":"FREE","vertex1":78,"horizontalPlacementVertex1":"FREE","verticalPlacementVertex1":"FREE"}],"portPairings":[{"port0":76,"port1":81}],"reference":null},{"@id":108,"drawnFrame":false,"labelManager":{"labels":[],"mainLabel":null},"shape":null,"containedVertices":[83,88],"containedVertexGroups":[],"touchingPairs":[{"vertex0":83,"horizontalPlacementVertex0":"FREE","verticalPlacementVertex0":"FREE","vertex1":88,"horizontalPlacementVertex1":"FREE","verticalPlacementVertex1":"FREE"}],"portPairings":[{"port0":86,"port1":91}],"reference":null},{"@id":109,"drawnFrame":false,"labelManager":{"labels":[],"mainLabel":null},"shape":null,"containedVertices":[93,98],"containedVertexGroups":[],"touchingPairs":[{"vertex0":93,"horizontalPlacementVertex0":"FREE","verticalPlacementVertex0":"FREE","vertex1":98,"horizontalPlacementVertex1":"FREE","verticalPlacementVertex1":"FREE"}],"portPairings":[{"port0":96,"port1":101}],"reference":null}],"edges":[{"@id":110,"ports":[4,33],"labelManager":{"innerLabels":[{"type":"text","@id":111,"inputText":"ab8987fa7703a8cb","font":{"fontName":"SansSerif.plain","style":0,"size":10},"noBreak":false,"color":{"argb":"ff000000"},"placement":"FREE","horizontalPlacement":"FREE","verticalPlacement":"FREE","showLabel":true,"shape":null,"layoutText":null}],"allPortLabels":[],"mainLabel":111},"thickness":-1.0,"color":{"argb":"ff000000"},"paths":[],"reference":null},{"@id":112,"ports":[55,67],"labelManager":{"innerLabels":[{"type":"text","@id":113,"inputText":"758f33b577cf98bf","font":{"fontName":"SansSerif.plain","style":0,"size":10},"noBreak":false,"color":{"argb":"ff000000"},"placement":"FREE","horizontalPlacement":"FREE","verticalPlacement":"FREE","showLabel":true,"shape":null,"layoutText":null}],"allPortLabels":[],"mainLabel":113},"thickness":-1.0,"color":{"argb":"ff000000"},"paths":[],"reference":null},{"@id":114,"ports":[42,71],"labelManager":{"innerLabels":[{"type":"text","@id":115,"inputText":"173e8c55294df698","font":{"fontName":"SansSerif.plain","style":0,"size":10},"noBreak":false,"color":{"argb":"ff000000"},"placement":"FREE","horizontalPlacement":"FREE","verticalPlacement":"FREE","showLabel":true,"shape":null,"layoutText":null}],"allPortLabels":[],"mainLabel":115},"thickness":-1.0,"color":{"argb":"ff000000"},"paths":[],"reference":null},{"@id":116,"ports":[38,11],"labelManager":{"innerLabels":[{"type":"text","@id":117,"inputText":"f57e915b2d99fb65","font":{"fontName":"SansSerif.plain","style":0,"size":10},"noBreak":false,"color":{"argb":"ff000000"},"placement":"FREE","horizontalPlacement":"FREE","verticalPlacement":"FREE","showLabel":true,"shape":null,"layoutText":null}],"allPortLabels":[],"mainLabel":117},"thickness":-1.0,"color":{"argb":"ff000000"},"paths":[],"reference":null},{"@id":118,"ports":[63,23],"labelManager":{"innerLabels":[{"type":"text","@id":119,"inputText":"31bb4b3ecb394cc4","font":{"fontName":"SansSerif.plain","style":0,"size":10},"noBreak":false,"color":{"argb":"ff000000"},"placement":"FREE","horizontalPlacement":"FREE","verticalPlacement":"FREE","showLabel":true,"shape":null,"layoutText":null}],"allPortLabels":[],"mainLabel":119},"thickness":-1.0,"color":{"argb":"ff000000"},"paths":[],"reference":null},{"@id":120,"ports":[101,49],"labelManager":{"innerLabels":[{"type":"text","@id":121,"inputText":"7d7c9f3da41cb0e1","font":{"fontName":"SansSerif.plain","style":0,"size":10},"noBreak":false,"color":{"argb":"ff000000"},"placement":"FREE","horizontalPlacement":"FREE","verticalPlacement":"FREE","showLabel":true,"shape":null,"layoutText":null}],"allPortLabels":[],"mainLabel":121},"thickness":-1.0,"color":{"argb":"ff000000"},"paths":[],"reference":null},{"@id":122,"ports":[63,59],"labelManager":{"innerLabels":[{"type":"text","@id":123,"inputText":"a58a5e4130332d56","font":{"fontName":"SansSerif.plain","style":0,"size":10},"noBreak":false,"color":{"argb":"ff000000"},"placement":"FREE","horizontalPlacement":"FREE","verticalPlacement":"FREE","showLabel":true,"shape":null,"layoutText":null}],"allPortLabels":[],"mainLabel":123},"thickness":-1.0,"color":{"argb":"ff000000"},"paths":[],"reference":null},{"@id":124,"ports":[81,67],"labelManager":{"innerLabels":[{"type":"text","@id":125,"inputText":"a0150b17a545c7d3","font":{"fontName":"SansSerif.plain","style":0,"size":10},"noBreak":false,"color":{"argb":"ff000000"},"placement":"FREE","horizontalPlacement":"FREE","verticalPlacement":"FREE","showLabel":true,"shape":null,"layoutText":null}],"allPortLabels":[],"mainLabel":125},"thickness":-1.0,"color":{"argb":"ff000000"},"paths":[],"reference":null},{"@id":126,"ports":[63,6],"labelManager":{"innerLabels":[{"type":"text","@id":127,"inputText":"63f82a4c2b03a870","font":{"fontName":"SansSerif.plain","style":0,"size":10},"noBreak":false,"color":{"argb":"ff000000"},"placement":"FREE","horizontalPlacement":"FREE","verticalPlacement":"FREE","showLabel":true,"shape":null,"layoutText":null}],"allPortLabels":[],"mainLabel":127},"thickness":-1.0,"color":{"argb":"ff000000"},"paths":[],"reference":null},{"@id":128,"ports":[55,47],"labelManager":{"innerLabels":[{"type":"text","@id":129,"inputText":"47499dff8f919e1b","font":{"fontName":"SansSerif.plain","style":0,"size":10},"noBreak":false,"color":{"argb":"ff000000"},"placement":"FREE","horizontalPlacement":"FREE","verticalPlacement":"FREE","showLabel":true,"shape":null,"layoutText":null}],"allPortLabels":[],"mainLabel":129},"thickness":-1.0,"color":{"argb":"ff000000"},"paths":[],"reference":null},{"@id":130,"ports":[91,40],"labelManager":{"innerLabels":[{"type":"text","@id":131,"inputText":"bd296d90df4fdafb","font":{"fontName":"SansSerif.plain","style":0,"size":10},"noBreak":false,"color":{"argb":"ff000000"},"placement":"FREE","horizontalPlacement":"FREE","verticalPlacement":"FREE","showLabel":true,"shape":null,"layoutText":null}],"allPortLabels":[],"mainLabel":131},"thickness":-1.0,"color":{"argb":"ff000000"},"paths":[],"reference":null}],"edgeBundles":[]}