{"vertices":[{"@id":1,"shape":{"type":"rectangle","xposition":"NaN","yposition":"NaN","width":"NaN","height":"NaN","color":{"argb":"ff000000"}},"labelManager":{"labels":[{"type":"text","@id":2,"inputText":"2cc8b992e7deedd0","font":{"fontName":"SansSerif.plain","style":0,"size":10},"noBreak":false,"color":{"argb":"ff000000"},"placement":"FREE","horizontalPlacement":"FREE","verticalPlacement":"FREE","showLabel":true,"shape":null,"layoutText":null}],"mainLabel":2},"portCompositions":[{"type":"portGroup","@id":3,"ordered":false,"portCompositions":[{"type":"port","@id":4,"shape":{"type":"rectangle","xposition":"NaN","yposition":"NaN","width":"NaN","height":"NaN","color":{"argb":"ff000000"}},"labelManager":{"labels":[{"type":"text","@id":5,"inputText":"A.1","font":{"fontName":"SansSerif.plain","style":0,"size":10},"noBreak":false,"color":{"argb":"ff000000"},"placement":"FREE","horizontalPlacement":"FREE","verticalPlacement":"FREE","showLabel":true,"shape":null,"layoutText":null}],"mainLabel":5},"orientationAtVertex":"FREE","reference":null},{"type":"port","@id":6,"shape":{"type":"rectangle","xposition":"NaN","yposition":"NaN","width":"NaN","height":"NaN","color":{"argb":"ff000000"}},"labelManager":{"labels":[{"type":"text","@id":7,"inputText":"A.3","font":{"fontName":"SansSerif.plain","style":0,"size":10},"noBreak":false,"color":{"argb":"ff000000"},"placement":"FREE","horizontalPlacement":"FREE","verticalPlacement":"FREE","showLabel":true,"shape":null,"layoutText":null}],"mainLabel":7},"orientationAtVertex":"FREE","reference":null},{"type":"port","@id":8,"shape":{"type":"rectangle","xposition":"NaN","yposition":"NaN","width":"NaN","height":"NaN","color":{"argb":"ff000000"}},"labelManager":{"labels":[{"type":"text","@id":9,"inputText":"A.2","font":{"fontName":"SansSerif.plain","style":0,"size":10},"noBreak":false,"color":{"argb":"ff000000"},"placement":"FREE","horizontalPlacement":"FREE","verticalPlacement":"FREE","showLabel":true,"shape":null,"layoutText":null}],"mainLabel":9},"orientationAtVertex":"FREE","reference":null}],"reference":null}],"reference":null},{"@id":10,"shape":{"type":"rectangle","xposition":"NaN","yposition":"NaN","width":"NaN","height":"NaN","color":{"argb":"ff000000"}},"labelManager":{"labels":[{"type":"text","@id":11,"inputText":"b8f21d1f855b7a64","font":{"fontName":"SansSerif.plain","style":0,"size":10},"noBreak":false,"color":{"argb":"ff000000"},"placement":"FREE","horizontalPlacement":"FREE","verticalPlacement":"FREE","showLabel":true,"shape":null,"layoutText":null}],"mainLabel":11},"portCompositions":[{"type":"portGroup","@id":12,"ordered":false,"portCompositions":[{"type":"port","@id":13,"shape":{"type":"rectangle","xposition":"NaN","yposition":"NaN","width":"NaN","height":"NaN","color":{"argb":"ff000000"}},"labelManager":{"labels":[{"type":"text","@id":14,"inputText":"B.1","font":{"fontName":"SansSerif.plain","style":0,"size":10},"noBreak":false,"color":{"argb":"ff000000"},"placement":"FREE","horizontalPlacement":"FREE","verticalPlacement":"FREE","showLabel":true,"shape":null,"layoutText":null}],"mainLabel":14},"orientationAtVertex":"FREE","reference":null},{"type":"port","@id":15,"shape":{"type":"rectangle","xposition":"NaN","yposition":"NaN","width":"NaN","height":"NaN","color":{"argb":"ff000000"}},"labelManager":{"labels":[{"type":"text","@id":16,"inputText":"B.3","font":{"fontName":"SansSerif.plain","style":0,"size":10},"noBreak":false,"color":{"argb":"ff000000"},"placement":"FREE","horizontalPlacement":"FREE","verticalPlacement":"FREE","showLabel":true,"shape":null,"layoutText":null}],"mainLabel":16},"orientationAtVertex":"FREE","reference":null},{"type":"port","@id":17,"shape":{"type":"rectangle","xposition":"NaN","yposition":"NaN","width":"NaN","height":"NaN","color":{"argb":"ff000000"}},"labelManager":{"labels":[{"type":"text","@id":18,"inputText":"B.2","font":{"fontName":"SansSerif.plain","style":0,"size":10},"noBreak":false,"color":{"argb":"ff000000"},"placement":"FREE","horizontalPlacement":"FREE","verticalPlacement":"FREE","showLabel":true,"shape":null,"layoutText":null}],"mainLabel":18},"orientationAtVertex":"FREE","reference":null}],"reference":null}],"reference":null},{"@id":19,"shape":{"type":"rectangle","xposition":"NaN","yposition":"NaN","width":"NaN","height":"NaN","color":{"argb":"ff000000"}},"labelManager":{"labels":[{"type":"text","@id":20,"inputText":"de560d0756e5507a","font":{"fontName":"SansSerif.plain","style":0,"size":10},"noBreak":false,"color":{"argb":"ff000000"},"placement":"FREE","horizontalPlacement":"FREE","verticalPlacement":"FREE","showLabel":true,"shape":null,"layoutText":null}],"mainLabel":20},"portCompositions":[{"type":"portGroup","@id":21,"ordered":false,"portCompositions":[{"type":"port","@id":22,"shape":{"type":"rectangle","xposition":"NaN","yposition":"NaN","width":"NaN","height":"NaN","color":{"argb":"ff000000"}},"labelManager":{"labels":[{"type":"text","@id":23,"inputText":"A.1","font":{"fontName":"SansSerif.plain","style":0,"size":10},"noBreak":false,"color":{"argb":"ff000000"},"placement":"FREE","horizontalPlacement":"FREE","verticalPlacement":"FREE","showLabel":true,"shape":null,"layoutText":null}],"mainLabel":23},"orientationAtVertex":"FREE","reference":null},{"type":"port","@id":24,"shape":{"type":"rectangle","xposition":"NaN","yposition":"NaN","width":"NaN","height":"NaN","color":{"argb":"ff000000"}},"labelManager":{"labels":[{"type":"text","@id":25,"inputText":"A.2","font":{"fontName":"SansSerif.plain","style":0,"size":10},"noBreak":false,"color":{"argb":"ff000000"},"placement":"FREE","horizontalPlacement":"FREE","verticalPlacement":"FREE","showLabel":true,"shape":null,"layoutText":null}],"mainLabel":25},"orientationAtVertex":"FREE","reference":null},{"type":"port","@id":26,"shape":{"type":"rectangle","xposition":"NaN","yposition":"NaN","width":"NaN","height":"NaN","color":{"argb":"ff000000"}},"labelManager":{"labels":[{"type":"text","@id":27,"inputText":"A.3","font":{"fontName":"SansSerif.plain","style":0,"size":10},"noBreak":false,"color":{"argb":"ff000000"},"placement":"FREE","horizontalPlacement":"FREE","verticalPlacement":"FREE","showLabel":true,"shape":null,"layoutText":null}],"mainLabel":27},"orientationAtVertex":"FREE","reference":null}],"reference":null}],"reference":null},{"@id":28,"shape":{"type":"rectangle","xposition":"NaN","yposition":"NaN","width":"NaN","height":"NaN","color":{"argb":"ff000000"}},"labelManager":{"labels":[{"type":"text","@id":29,"inputText":"901d21d8925ddbdb","font":{"fontName":"SansSerif.plain","style":0,"size":10},"noBreak":false,"color":{"argb":"ff000000"},"placement":"FREE","horizontalPlacement":"FREE","verticalPlacement":"FREE","showLabel":true,"shape":null,"layoutText":null}],"mainLabel":29},"portCompositions":[{"type":"portGroup","@id":30,"ordered":false,"portCompositions":[{"type":"port","@id":31,"shape":{"type":"rectangle","xposition":"NaN","yposition":"NaN","width":"NaN","height":"NaN","color":{"argb":"ff000000"}},"labelManager":{"labels":[{"type":"text","@id":32,"inputText":"B.1","font":{"fontName":"SansSerif.plain","style":0,"size":10},"noBreak":false,"color":{"argb":"ff000000"},"placement":"FREE","horizontalPlacement":"FREE","verticalPlacement":"FREE","showLabel":true,"shape":null,"layoutText":null}],"mainLabel":32},"orientationAtVertex":"FREE","reference":null},{"type":"port","@id":33,"shape":{"type":"rectangle","xposition":"NaN","yposition":"NaN","width":"NaN","height":"NaN","color":{"argb":"ff000000"}},"labelManager":{"labels":[{"type":"text","@id":34,"inputText":"B.2","font":{"fontName":"SansSerif.plain","style":0,"size":10},"noBreak":false,"color":{"argb":"ff000000"},"placement":"FREE","horizontalPlacement":"FREE","verticalPlacement":"FREE","showLabel":true,"shape":null,"layoutText":null}],"mainLabel":34},"orientationAtVertex":"FREE","reference":null},{"type":"port","@id":35,"shape":{"type":"rectangle","xposition":"NaN","yposition":"NaN","width":"NaN","height":"NaN","color":{"argb":"ff000000"}},"labelManager":{"labels":[{"type":"text","@id":36,"inputText":"B.3","font":{"fontName":"SansSerif.plain","style":0,"size":10},"noBreak":false,"color":{"argb":"ff000000"},"placement":"FREE","horizontalPlacement":"FREE","verticalPlacement":"FREE","showLabel":true,"shape":null,"layoutText":null}],"mainLabel":36},"orientationAtVertex":"FREE","reference":null}],"reference":null}],"reference":null},{"@id":37,"shape":{"type":"rectangle","xposition":"NaN","yposition":"NaN","width":"NaN","height":"NaN","color":{"argb":"ff000000"}},"labelManager":{"labels":[{"type":"text","@id":38,"inputText":"013609fa56f3bfd1","font":{"fontName":"SansSerif.plain","style":0,"size":10},"noBreak":false,"color":{"argb":"ff000000"},"placement":"FREE","horizontalPlacement":"FREE","verticalPlacement":"FREE","showLabel":true,"shape":null,"layoutText":null}],"mainLabel":38},"portCompositions":[{"type":"portGroup","@id":39,"ordered":false,"portCompositions":[{"type":"port","@id":40,"shape":{"type":"rectangle","xposition":"NaN","yposition":"NaN","width":"NaN","height":"NaN","color":{"argb":"ff000000"}},"labelManager":{"labels":[{"type":"text","@id":41,"inputText":"A.2","font":{"fontName":"SansSerif.plain","style":0,"size":10},"noBreak":false,"color":{"argb":"ff000000"},"placement":"FREE","horizontalPlacement":"FREE","verticalPlacement":"FREE","showLabel":true,"shape":null,"layoutText":null}],"mainLabel":41},"orientationAtVertex":"FREE","reference":null},{"type":"port","@id":42,"shape":{"type":"rectangle","xposition":"NaN","yposition":"NaN","width":"NaN","height":"NaN","color":{"argb":"ff000000"}},"labelManager":{"labels":[{"type":"text","@id":43,"inputText":"A.1","font":{"fontName":"SansSerif.plain","style":0,"size":10},"noBreak":false,"color":{"argb":"ff000000"},"placement":"FREE","horizontalPlacement":"FREE","verticalPlacement":"FREE","showLabel":true,"shape":null,"layoutText":null}],"mainLabel":43},"orientationAtVertex":"FREE","reference":null}],"reference":null},{"type":"portGroup","@id":44,"ordered":false,"portCompositions":[],"reference":null}],"reference":null},{"@id":45,"shape":{"type":"rectangle","xposition":"NaN","yposition":"NaN","width":"NaN","height":"NaN","color":{"argb":"ff000000"}},"labelManager":{"labels":[{"type":"text","@id":46,"inputText":"581bb56ef7a289b7","font":{"fontName":"SansSerif.plain","style":0,"size":10},"noBreak":false,"color":{"argb":"ff000000"},"placement":"FREE","horizontalPlacement":"FREE","verticalPlacement":"FREE","showLabel":true,"shape":null,"layoutText":null}],"mainLabel":46},"portCompositions":[{"type":"portGroup","@id":47,"ordered":false,"portCompositions":[{"type":"port","@id":48,"shape":{"type":"rectangle","xposition":"NaN","yposition":"NaN","width":"NaN","height":"NaN","color":{"argb":"ff000000"}},"labelManager":{"labels":[{"type":"text","@id":49,"inputText":"B.2","font":{"fontName":"SansSerif.plain","style":0,"size":10},"noBreak":false,"color":{"argb":"ff000000"},"placement":"FREE","horizontalPlacement":"FREE","verticalPlacement":"FREE","showLabel":true,"shape":null,"layoutText":null}],"mainLabel":49},"orientationAtVertex":"FREE","reference":null},{"type":"port","@id":50,"shape":{"type":"rectangle","xposition":"NaN","yposition":"NaN","width":"NaN","height":"NaN","color":{"argb":"ff000000"}},"labelManager":{"labels":[{"type":"text","@id":51,"inputText":"B.1","font":{"fontName":"SansSerif.plain","style":0,"size":10},"noBreak":false,"color":{"argb":"ff000000"},"placement":"FREE","horizontalPlacement":"FREE","verticalPlacement":"FREE","showLabel":true,"shape":null,"layoutText":null}],"mainLabel":51},"orientationAtVertex":"FREE","reference":null}],"reference":null}],"reference":null},{"@id":52,"shape":{"type":"rectangle","xposition":"NaN","yposition":"NaN","width":"NaN","height":"NaN","color":{"argb":"ff000000"}},"labelManager":{"labels":[{"type":"text","@id":53,"inputText":"20eeee0b8d0db0f7","font":{"fontName":"SansSerif.plain","style":0,"size":10},"noBreak":false,"color":{"argb":"ff000000"},"placement":"FREE","horizontalPlacement":"FREE","verticalPlacement":"FREE","showLabel":true,"shape":null,"layoutText":null}],"mainLabel":53},"portCompositions":[{"type":"portGroup","@id":54,"ordered":false,"portCompositions":[{"type":"port","@id":55,"shape":{"type":"rectangle","xposition":"NaN","yposition":"NaN","width":"NaN","height":"NaN","color":{"argb":"ff000000"}},"labelManager":{"labels":[{"type":"text","@id":56,"inputText":"A.1","font":{"fontName":"SansSerif.plain","style":0,"size":10},"noBreak":false,"color":{"argb":"ff000000"},"placement":"FREE","horizontalPlacement":"FREE","verticalPlacement":"FREE","showLabel":true,"shape":null,"layoutText":null}],"mainLabel":56},"orientationAtVertex":"FREE","reference":null},{"type":"port","@id":57,"shape":{"type":"rectangle","xposition":"NaN","yposition":"NaN","width":"NaN","height":"NaN","color":{"argb":"ff000000"}},"labelManager":{"labels":[{"type":"text","@id":58,"inputText":"A.2","font":{"fontName":"SansSerif.plain","style":0,"size":10},"noBreak":false,"color":{"argb":"ff000000"},"placement":"FREE","horizontalPlacement":"FREE","verticalPlacement":"FREE","showLabel":true,"shape":null,"layoutText":null}],"mainLabel":58},"orientationAtVertex":"FREE","reference":null}],"reference":null}],"reference":null},{"@id":59,"shape":{"type":"rectangle","xposition":"NaN","yposition":"NaN","width":"NaN","height":"NaN","color":{"argb":"ff000000"}},"labelManager":{"labels":[{"type":"text","@id":60,"inputText":"947d8c936accdc34","font":{"fontName":"SansSerif.plain","style":0,"size":10},"noBreak":false,"color":{"argb":"ff000000"},"placement":"FREE","horizontalPlacement":"FREE","verticalPlacement":"FREE","showLabel":true,"shape":null,"layoutText":null}],"mainLabel":60},"portCompositions":[{"type":"portGroup","@id":61,"ordered":false,"portCompositions":[{"type":"port","@id":62,"shape":{"type":"rectangle","xposition":"NaN","yposition":"NaN","width":"NaN","height":"NaN","color":{"argb":"ff000000"}},"labelManager":{"labels":[{"type":"text","@id":63,"inputText":"B.1","font":{"fontName":"SansSerif.plain","style":0,"size":10},"noBreak":false,"color":{"argb":"ff000000"},"placement":"FREE","horizontalPlacement":"FREE","verticalPlacement":"FREE","showLabel":true,"shape":null,"layoutText":null}],"mainLabel":63},"orientationAtVertex":"FREE","reference":null},{"type":"port","@id":64,"shape":{"type":"rectangle","xposition":"NaN","yposition":"NaN","width":"NaN","height":"NaN","color":{"argb":"ff000000"}},"labelManager":{"labels":[{"type":"text","@id":65,"inputText":"B.2","font":{"fontName":"SansSerif.plain","style":0,"size":10},"noBreak":false,"color":{"argb":"ff000000"},"placement":"FREE","horizontalPlacement":"FREE","verticalPlacement":"FREE","showLabel":true,"shape":null,"layoutText":null}],"mainLabel":65},"orientationAtVertex":"FREE","reference":null}],"reference":null}],"reference":null},{"@id":66,"shape":null,"labelManager":{"labels":[{"type":"text","@id":67,"inputText":"e9800998ecf8427e","font":{"fontName":"SansSerif.plain","style":0,"size":10},"noBreak":false,"color":{"argb":"ff000000"},"placement":"FREE","horizontalPlacement":"FREE","verticalPlacement":"FREE","showLabel":true,"shape":null,"layoutText":null}],"mainLabel":67},"portCompositions":[{"type":"port","@id":68,"shape":{"type":"rectangle","xposition":"NaN","yposition":"NaN","width":"NaN","height":"NaN","color":{"argb":"ff000000"}},"labelManager":{"labels":[{"type":"text","@id":69,"inputText":"","font":{"fontName":"SansSerif.plain","style":0,"size":10},"noBreak":false,"color":{"argb":"ff000000"},"placement":"FREE","horizontalPlacement":"FREE","verticalPlacement":"FREE","showLabel":true,"shape":null,"layoutText":null}],"mainLabel":69},"orientationAtVertex":"FREE","reference":null}],"reference":null},{"@id":70,"shape":null,"labelManager":{"labels":[{"type":"text","@id":71,"inputText":"e9800998ecf8427e","font":{"fontName":"SansSerif.plain","style":0,"size":10},"noBreak":false,"color":{"argb":"ff000000"},"placement":"FREE","horizontalPlacement":"FREE","verticalPlacement":"FREE","showLabel":true,"shape":null,"layoutText":null}],"mainLabel":71},"portCompositions":[{"type":"port","@id":72,"shape":{"type":"rectangle","xposition":"NaN","yposition":"NaN","width":"NaN","height":"NaN","color":{"argb":"ff000000"}},"labelManager":{"labels":[{"type":"text","@id":73,"inputText":"","font":{"fontName":"SansSerif.plain","style":0,"size":10},"noBreak":false,"color":{"argb":"ff000000"},"placement":"FREE","horizontalPlacement":"FREE","verticalPlacement":"FREE","showLabel":true,"shape":null,"layoutText":null}],"mainLabel":73},"orientationAtVertex":"FREE","reference":null}],"reference":null},{"@id":74,"shape":null,"labelManager":{"labels":[{"type":"text","@id":75,"inputText":"e9800998ecf8427e","font":{"fontName":"SansSerif.plain","style":0,"size":10},"noBreak":false,"color":{"argb":"ff000000"},"placement":"FREE","horizontalPlacement":"FREE","verticalPlacement":"FREE","showLabel":true,"shape":null,"layoutText":null}],"mainLabel":75},"portCompositions":[{"type":"port","@id":76,"shape":{"type":"rectangle","xposition":"NaN","yposition":"NaN","width":"NaN","height":"NaN","color":{"argb":"ff000000"}},"labelManager":{"labels":[{"type":"text","@id":77,"inputText":"","font":{"fontName":"SansSerif.plain","style":0,"size":10},"noBreak":false,"color":{"argb":"ff000000"},"placement":"FREE","horizontalPlacement":"FREE","verticalPlacement":"FREE","showLabel":true,"shape":null,"layoutText":null}],"mainLabel":77},"orientationAtVertex":"FREE","reference":null}],"reference":null},{"@id":78,"shape":null,"labelManager":{"labels":[{"type":"text","@id":79,"inputText":"e9800998ecf8427e","font":{"fontName":"SansSerif.plain","style":0,"size":10},"noBreak":false,"color":{"argb":"ff000000"},"placement":"FREE","horizontalPlacement":"FREE","verticalPlacement":"FREE","showLabel":true,"shape":null,"layoutText":null}],"mainLabel":79},"portCompositions":[{"type":"port","@id":80,"shape":{"type":"rectangle","xposition":"NaN","yposition":"NaN","width":"NaN","height":"NaN","color":{"argb":"ff000000"}},"labelManager":{"labels":[{"type":"text","@id":81,"inputText":"","font":{"fontName":"SansSerif.plain","style":0,"size":10},"noBreak":false,"color":{"argb":"ff000000"},"placement":"FREE","horizontalPlacement":"FREE","verticalPlacement":"FREE","showLabel":true,"shape":null,"layoutText":null}],"mainLabel":81},"orientationAtVertex":"FREE","reference":null}],"reference":null},{"@id":82,"shape":null,"labelManager":{"labels":[{"type":"text","@id":83,"inputText":"e9800998ecf8427e","font":{"fontName":"SansSerif.plain","style":0,"size":10},"noBreak":false,"color":{"argb":"ff000000"},"placement":"FREE","horizontalPlacement":"FREE","verticalPlacement":"FREE","showLabel":true,"shape":null,"layoutText":null}],"mainLabel":83},"portCompositions":[{"type":"port","@id":84,"shape":{"type":"rectangle","xposition":"NaN","yposition":"NaN","width":"NaN","height":"NaN","color":{"argb":"ff000000"}},"labelManager":{"labels":[{"type":"text","@id":85,"inputText":"","font":{"fontName":"SansSerif.plain","style":0,"size":10},"noBreak":false,"color":{"argb":"ff000000"},"placement":"FREE","horizontalPlacement":"FREE","verticalPlacement":"FREE","showLabel":true,"shape":null,"layoutText":null}],"mainLabel":85},"orientationAtVertex":"FREE","reference":null}],"reference":null},{"@id":86,"shape":null,"labelManager":{"labels":[{"type":"text","@id":87,"inputText":"79d8c76fba7a4147","font":{"fontName":"SansSerif.plain","style":0,"size":10},"noBreak":false,"color":{"argb":"ff000000"},"placement":"FREE","horizontalPlacement":"FREE","verticalPlacement":"FREE","showLabel":true,"shape":null,"layoutText":null}],"mainLabel":87},"portCompositions":[{"type":"portGroup","@id":88,"ordered":false,"portCompositions":[{"type":"port","@id":89,"shape":{"type":"rectangle","xposition":"NaN","yposition":"NaN","width":"NaN","height":"NaN","color":{"argb":"ff000000"}},"labelManager":{"labels":[{"type":"text","@id":90,"inputText":"A.1","font":{"fontName":"SansSerif.plain","style":0,"size":10},"noBreak":false,"color":{"argb":"ff000000"},"placement":"FREE","horizontalPlacement":"FREE","verticalPlacement":"FREE","showLabel":true,"shape":null,"layoutText":null}],"mainLabel":90},"orientationAtVertex":"FREE","reference":null},{"type":"port","@id":91,"shape":{"type":"rectangle","xposition":"NaN","yposition":"NaN","width":"NaN","height":"NaN","color":{"argb":"ff000000"}},"labelManager":{"labels":[{"type":"text","@id":92,"inputText":"A.2","font":{"fontName":"SansSerif.plain","style":0,"size":10},"noBreak":false,"color":{"argb":"ff000000"},"placement":"FREE","horizontalPlacement":"FREE","verticalPlacement":"FREE","showLabel":true,"shape":null,"layoutText":null}],"mainLabel":92},"orientationAtVertex":"FREE","reference":null}],"reference":null}],"reference":null},{"@id":93,"shape":null,"labelManager":{"labels":[{"type":"text","@id":94,"inputText":"ff55902311aa9ac9","font":{"fontName":"SansSerif.plain","style":0,"size":10},"noBreak":false,"color":{"argb":"ff000000"},"placement":"FREE","horizontalPlacement":"FREE","verticalPlacement":"FREE","showLabel":true,"shape":null,"layoutText":null}],"mainLabel":94},"portCompositions":[{"type":"portGroup","@id":95,"ordered":false,"portCompositions":[{"type":"port","@id":96,"shape":{"type":"rectangle","xposition":"NaN","yposition":"NaN","width":"NaN","height":"NaN","color":{"argb":"ff000000"}},"labelManager":{"labels":[{"type":"text","@id":97,"inputText":"B.1","font":{"fontName":"SansSerif.plain","style":0,"size":10},"noBreak":false,"color":{"argb":"ff000000"},"placement":"FREE","horizontalPlacement":"FREE","verticalPlacement":"FREE","showLabel":true,"shape":null,"layoutText":null}],"mainLabel":97},"orientationAtVertex":"FREE","reference":null},{"type":"port","@id":98,"shape":{"type":"rectangle","xposition":"NaN","yposition":"NaN","width":"NaN","height":"NaN","color":{"argb":"ff000000"}},"labelManager":{"labels":[{"type":"text","@id":99,"inputText":"B.2","font":{"fontName":"SansSerif.plain","style":0,"size":10},"noBreak":false,"color":{"argb":"ff000000"},"placement":"FREE","horizontalPlacement":"FREE","verticalPlacement":"FREE","showLabel":true,"shape":null,"layoutText":null}],"mainLabel":99},"orientationAtVertex":"FREE","reference":null}],"reference":null}],"reference":null}],"vertexGroups":[{"@id":100,"drawnFrame":false,"labelManager":{"labels":[],"mainLabel":null},"shape":null,"containedVertices":[1,10],"containedVertexGroups":[],"touchingPairs":[{"vertex0":1,"horizontalPlacementVertex0":"FREE","verticalPlacementVertex0":"TOP","vertex1":10,"horizontalPlacementVertex1":"FREE","verticalPlacementVertex1":"FREE"}],"portPairings":[{"port0":6,"port1":15},{"port0":4,"port1":13},{"port0":8,"port1":17}],"reference":null},{"@id":101,"drawnFrame":false,"labelManager":{"labels":[],"mainLabel":null},"shape":null,"containedVertices":[19,28],"containedVertexGroups":[],"touchingPairs":[{"vertex0":19,"horizontalPlacementVertex0":"FREE","verticalPlacementVertex0":"TOP","vertex1":28,"horizontalPlacementVertex1":"FREE","verticalPlacementVertex1":"FREE"}],"portPairings":[{"port0":24,"port1":33},{"port0":22,"port1":31},{"port0":26,"port1":35}],"reference":null},{"@id":102,"drawnFrame":false,"labelManager":{"labels":[],"mainLabel":null},"shape":null,"containedVertices":[37,45],"containedVertexGroups":[],"touchingPairs":[{"vertex0":37,"horizontalPlacementVertex0":"FREE","verticalPlacementVertex0":"TOP","vertex1":45,"horizontalPlacementVertex1":"FREE","verticalPlacementVertex1":"FREE"}],"portPairings":[{"port0":42,"port1":50},{"port0":40,"port1":48}],"reference":null},{"@id":103,"drawnFrame":false,"labelManager":{"labels":[],"mainLabel":null},"shape":null,"containedVertices":[52,59],"containedVertexGroups":[],"touchingPairs":[{"vertex0":52,"horizontalPlacementVertex0":"FREE","verticalPlacementVertex0":"TOP","vertex1":59,"horizontalPlacementVertex1":"FREE","verticalPlacementVertex1":"FREE"}],"portPairings":[{"port0":55,"port1":62},{"port0":57,"port1":64}],"reference":null},{"@id":104,"drawnFrame":false,"labelManager":{"labels":[],"mainLabel":null},"shape":null,"containedVertices":[86,93],"containedVertexGroups":[],"touchingPairs":[{"vertex0":86,"horizontalPlacementVertex0":"FREE","verticalPlacementVertex0":"FREE","vertex1":93,"horizontalPlacementVertex1":"FREE","verticalPlacementVertex1":"FREE"}],"portPairings":[{"port0":89,"port1":96},{"port0":91,"port1":98}],"reference":null}],"edges":[{"@id":105,"ports":[15,48],"labelManager":{"innerLabels":[{"type":"text","@id":106,"inputText":"c17b5e2617d1c88a","font":{"fontName":"SansSerif.plain","style":0,"size":10},"noBreak":false,"color":{"argb":"ff000000"},"placement":"FREE","horizontalPlacement":"FREE","verticalPlacement":"FREE","showLabel":true,"shape":null,"layoutText":null}],"allPortLabels":[],"mainLabel":106},"thickness":-1.0,"color":{"argb":"ff000000"},"paths":[],"reference":null},{"@id":107,"ports":[76,6],"labelManager":{"innerLabels":[{"type":"text","@id":108,"inputText":"a793a2657ef88d1b","font":{"fontName":"SansSerif.plain","style":0,"size":10},"noBreak":false,"color":{"argb":"ff000000"},"placement":"FREE","horizontalPlacement":"FREE","verticalPlacement":"FREE","showLabel":true,"shape":null,"layoutText":null}],"allPortLabels":[],"mainLabel":108},"thickness":-1.0,"color":{"argb":"ff000000"},"paths":[],"reference":null},{"@id":109,"ports":[84,62],"labelManager":{"innerLabels":[{"type":"text","@id":110,"inputText":"c1f88abc4dd09ff4","font":{"fontName":"SansSerif.plain","style":0,"size":10},"noBreak":false,"color":{"argb":"ff000000"},"placement":"FREE","horizontalPlacement":"FREE","verticalPlacement":"FREE","showLabel":true,"shape":null,"layoutText":null}],"allPortLabels":[],"mainLabel":110},"thickness":-1.0,"color":{"argb":"ff000000"},"paths":[],"reference":null},{"@id":111,"ports":[17,31],"labelManager":{"innerLabels":[{"type":"text","@id":112,"inputText":"5e2c725cc61f95ec","font":{"fontName":"SansSerif.plain","style":0,"size":10},"noBreak":false,"color":{"argb":"ff000000"},"placement":"FREE","horizontalPlacement":"FREE","verticalPlacement":"FREE","showLabel":true,"shape":null,"layoutText":null}],"allPortLabels":[],"mainLabel":112},"thickness":-1.0,"color":{"argb":"ff000000"},"paths":[],"reference":null},{"@id":113,"ports":[80,72],"labelManager":{"innerLabels":[{"type":"text","@id":114,"inputText":"e779a24772faf714","font":{"fontName":"SansSerif.plain","style":0,"size":10},"noBreak":false,"color":{"argb":"ff000000"},"placement":"FREE","horizontalPlacement":"FREE","verticalPlacement":"FREE","showLabel":true,"shape":null,"layoutText":null}],"allPortLabels":[],"mainLabel":114},"thickness":-1.0,"color":{"argb":"ff000000"},"paths":[],"reference":null},{"@id":115,"ports":[96,55],"labelManager":{"innerLabels":[{"type":"text","@id":116,"inputText":"a85300d44b5ab305","font":{"fontName":"SansSerif.plain","style":0,"size":10},"noBreak":false,"color":{"argb":"ff000000"},"placement":"FREE","horizontalPlacement":"FREE","verticalPlacement":"FREE","showLabel":true,"shape":null,"layoutText":null}],"allPortLabels":[],"mainLabel":116},"thickness":-1.0,"color":{"argb":"ff000000"},"paths":[],"reference":null},{"@id":117,"ports":[68,50],"labelManager":{"innerLabels":[{"type":"text","@id":118,"inputText":"5afcbe9beb48340c","font":{"fontName":"SansSerif.plain","style":0,"size":10},"noBreak":false,"color":{"argb":"ff000000"},"placement":"FREE","horizontalPlacement":"FREE","verticalPlacement":"FREE","showLabel":true,"shape":null,"layoutText":null}],"allPortLabels":[],"mainLabel":118},"thickness":-1.0,"color":{"argb":"ff000000"},"paths":[],"reference":null},{"@id":119,"ports":[98,13],"labelManager":{"innerLabels":[{"type":"text","@id":120,"inputText":"13af509e7a2c8d78","font":{"fontName":"SansSerif.plain","style":0,"size":10},"noBreak":false,"color":{"argb":"ff000000"},"placement":"FREE","horizontalPlacement":"FREE","verticalPlacement":"FREE","showLabel":true,"shape":null,"layoutText":null}],"allPortLabels":[],"mainLabel":120},"thickness":-1.0,"color":{"argb":"ff000000"},"paths":[],"reference":null},{"@id":121,"ports":[80,57],"labelManager":{"innerLabels":[{"type":"text","@id":122,"inputText":"e262d2ea9f06d551","font":{"fontName":"SansSerif.plain","style":0,"size":10},"noBreak":false,"color":{"argb":"ff000000"},"placement":"FREE","horizontalPlacement":"FREE","verticalPlacement":"FREE","showLabel":true,"shape":null,"layoutText":null}],"allPortLabels":[],"mainLabel":122},"thickness":-1.0,"color":{"argb":"ff000000"},"paths":[],"reference":null},{"@id":123,"ports":[72,80],"labelManager":{"innerLabels":[{"type":"text","@id":124,"inputText":"d4e9567ec533fda4","font":{"fontName":"SansSerif.plain","style":0,"size":10},"noBreak":false,"color":{"argb":"ff000000"},"placement":"FREE","horizontalPlacement":"FREE","verticalPlacement":"FREE","showLabel":true,"shape":null,"layoutText":null}],"allPortLabels":[],"mainLabel":124},"thickness":-1.0,"color":{"argb":"ff000000"},"paths":[],"reference":null},{"@id":125,"ports":[84,64],"labelManager":{"innerLabels":[{"type":"text","@id":126,"inputText":"7733ae1b74bbd8bb","font":{"fontName":"SansSerif.plain","style":0,"size":10},"noBreak":false,"color":{"argb":"ff000000"},"placement":"FREE","horizontalPlacement":"FREE","verticalPlacement":"FREE","showLabel":true,"shape":null,"layoutText":null}],"allPortLabels":[],"mainLabel":126},"thickness":-1.0,"color":{"argb":"ff000000"},"paths":[],"reference":null},{"@id":127,"ports":[4,76],"labelManager":{"innerLabels":[{"type":"text","@id":128,"inputText":"8e83a2421842b3ce","font":{"fontName":"SansSerif.plain","style":0,"size":10},"noBreak":false,"color":{"argb":"ff000000"},"placement":"FREE","horizontalPlacement":"FREE","verticalPlacement":"FREE","showLabel":true,"shape":null,"layoutText":null}],"allPortLabels":[],"mainLabel":128},"thickness":-1.0,"color":{"argb":"ff000000"},"paths":[],"reference":null},{"@id":129,"ports":[72,80],"labelManager":{"innerLabels":[{"type":"text","@id":130,"inputText":"b17face406d3b54d","font":{"fontName":"SansSerif.plain","style":0,"size":10},"noBreak":false,"color":{"argb":"ff000000"},"placement":"FREE","horizontalPlacement":"FREE","verticalPlacement":"FREE","showLabel":true,"shape":null,"layoutText":null}],"allPortLabels":[],"mainLabel":130},"thickness":-1.0,"color":{"argb":"ff000000"},"paths":[],"reference":null},{"@id":131,"ports":[35,8],"labelManager":{"innerLabels":[{"type":"text","@id":132,"inputText":"93b9d1803f152563","font":{"fontName":"SansSerif.plain","style":0,"size":10},"noBreak":false,"color":{"argb":"ff000000"},"placement":"FREE","horizontalPlacement":"FREE","verticalPlacement":"FREE","showLabel":true,"shape":null,"layoutText":null}],"allPortLabels":[],"mainLabel":132},"thickness":-1.0,"color":{"argb":"ff000000"},"paths":[],"reference":null},{"@id":133,"ports":[84,68],"labelManager":{"innerLabels":[{"type":"text","@id":134,"inputText":"cb8d4790c9a7596a","font":{"fontName":"SansSerif.plain","style":0,"size":10},"noBreak":false,"color":{"argb":"ff000000"},"placement":"FREE","horizontalPlacement":"FREE","verticalPlacement":"FREE","showLabel":true,"shape":null,"layoutText":null}],"allPortLabels":[],"mainLabel":134},"thickness":-1.0,"color":{"argb":"ff000000"},"paths":[],"reference":null},{"@id":135,"ports":[33,68],"labelManager":{"innerLabels":[{"type":"text","@id":136,"inputText":"d8e2ecc5f0b1288d","font":{"fontName":"SansSerif.plain","style":0,"size":10},"noBreak":false,"color":{"argb":"ff000000"},"placement":"FREE","horizontalPlacement":"FREE","verticalPlacement":"FREE","showLabel":true,"shape":null,"layoutText":null}],"allPortLabels":[],"mainLabel":136},"thickness":-1.0,"color":{"argb":"ff000000"},"paths":[],"reference":null}],"edgeBundles":[]}