{"vertices":[{"@id":1,"shape":{"type":"rect","xposition":"NaN","yposition":"NaN","width":"NaN","height":"NaN","shapeStyle":{"@id":2,"description":"default shape style","color":{"argb":"ff000000"}}},"labelManager":{"labels":[{"type":"textLabel","@id":3,"inputText":"Jakob","labelStyle":{"@id":4,"description":"default text label style","font":{"fontName":"SansSerif.plain","style":0,"size":10},"noBreak":false,"color":{"argb":"ff000000"},"showLabel":true,"placement":"FREE","horizontalPlacement":"FREE","verticalPlacement":"FREE"},"shape":null,"layoutText":null}],"mainLabel":3},"portCompositions":[{"type":"portGroup","@id":5,"ordered":false,"portCompositions":[{"type":"port","@id":6,"shape":{"type":"rect","xposition":"NaN","yposition":"NaN","width":"NaN","height":"NaN","shapeStyle":2},"labelManager":{"labels":[{"type":"textLabel","@id":7,"inputText":"1","labelStyle":4,"shape":null,"layoutText":null}],"mainLabel":7},"properties":{},"orientationAtVertex":"FREE","reference":null}],"properties":{},"reference":null}],"properties":{},"reference":"plug"},{"@id":8,"shape":{"type":"rect","xposition":"NaN","yposition":"NaN","width":"NaN","height":"NaN","shapeStyle":2},"labelManager":{"labels":[{"type":"textLabel","@id":9,"inputText":"Elias","labelStyle":4,"shape":null,"layoutText":null}],"mainLabel":9},"portCompositions":[{"type":"portGroup","@id":10,"ordered":false,"portCompositions":[{"type":"port","@id":11,"shape":{"type":"rect","xposition":"NaN","yposition":"NaN","width":"NaN","height":"NaN","shapeStyle":2},"labelManager":{"labels":[{"type":"textLabel","@id":12,"inputText":"1","labelStyle":4,"shape":null,"layoutText":null}],"mainLabel":12},"properties":{},"orientationAtVertex":"FREE","reference":null}],"properties":{},"reference":null}],"properties":{},"reference":"plug"},{"@id":13,"shape":{"type":"rect","xposition":"NaN","yposition":"NaN","width":"NaN","height":"NaN","shapeStyle":2},"labelManager":{"labels":[{"type":"textLabel","@id":14,"inputText":"Noah","labelStyle":4,"shape":null,"layoutText":null}],"mainLabel":14},"portCompositions":[{"type":"port","@id":15,"shape":{"type":"rect","xposition":"NaN","yposition":"NaN","width":"NaN","height":"NaN","shapeStyle":2},"labelManager":{"labels":[{"type":"textLabel","@id":16,"inputText":"1","labelStyle":4,"shape":null,"layoutText":null}],"mainLabel":16},"properties":{},"orientationAtVertex":"FREE","reference":null}],"properties":{},"reference":"splice"},{"@id":17,"shape":{"type":"rect","xposition":"NaN","yposition":"NaN","width":"NaN","height":"NaN","shapeStyle":2},"labelManager":{"labels":[{"type":"textLabel","@id":18,"inputText":"David","labelStyle":4,"shape":null,"layoutText":null}],"mainLabel":18},"portCompositions":[{"type":"portGroup","@id":19,"ordered":false,"portCompositions":[{"type":"port","@id":20,"shape":{"type":"rect","xposition":"NaN","yposition":"NaN","width":"NaN","height":"NaN","shapeStyle":2},"labelManager":{"labels":[{"type":"textLabel","@id":21,"inputText":"2","labelStyle":4,"shape":null,"layoutText":null}],"mainLabel":21},"properties":{},"orientationAtVertex":"FREE","reference":null},{"type":"port","@id":22,"shape":{"type":"rect","xposition":"NaN","yposition":"NaN","width":"NaN","height":"NaN","shapeStyle":{"@id":23,"description":"default shape style","color":{"argb":"ff000000"}}},"labelManager":{"labels":[{"type":"textLabel","@id":24,"inputText":"1","labelStyle":{"@id":25,"description":"default text label style","font":{"fontName":"SansSerif.plain","style":0,"size":10},"noBreak":false,"color":{"argb":"ff000000"},"showLabel":true,"placement":"FREE","horizontalPlacement":"FREE","verticalPlacement":"FREE"},"shape":null,"layoutText":null}],"mainLabel":24},"properties":{},"orientationAtVertex":"FREE","reference":null}],"properties":{},"reference":null}],"properties":{},"reference":"device"},{"@id":26,"shape":{"type":"rect","xposition":"NaN","yposition":"NaN","width":"NaN","height":"NaN","shapeStyle":2},"labelManager":{"labels":[{"type":"textLabel","@id":27,"inputText":"Leon","labelStyle":4,"shape":null,"layoutText":null}],"mainLabel":27},"portCompositions":[{"type":"portGroup","@id":28,"ordered":false,"portCompositions":[{"type":"port","@id":29,"shape":{"type":"rect","xposition":"NaN","yposition":"NaN","width":"NaN","height":"NaN","shapeStyle":2},"labelManager":{"labels":[{"type":"textLabel","@id":30,"inputText":"2","labelStyle":4,"shape":null,"layoutText":null}],"mainLabel":30},"properties":{},"orientationAtVertex":"FREE","reference":null}],"properties":{},"reference":null}],"properties":{},"reference":"plug"},{"@id":31,"shape":{"type":"rect","xposition":"NaN","yposition":"NaN","width":"NaN","height":"NaN","shapeStyle":2},"labelManager":{"labels":[{"type":"textLabel","@id":32,"inputText":"Felix","labelStyle":4,"shape":null,"layoutText":null}],"mainLabel":32},"portCompositions":[{"type":"port","@id":33,"shape":{"type":"rect","xposition":"NaN","yposition":"NaN","width":"NaN","height":"NaN","shapeStyle":2},"labelManager":{"labels":[{"type":"textLabel","@id":34,"inputText":"1","labelStyle":4,"shape":null,"layoutText":null}],"mainLabel":34},"properties":{},"orientationAtVertex":"FREE","reference":null}],"properties":{},"reference":"splice"},{"@id":35,"shape":null,"labelManager":{"labels":[{"type":"textLabel","@id":36,"inputText":"Ben","labelStyle":25,"shape":null,"layoutText":null}],"mainLabel":36},"portCompositions":[{"type":"portGroup","@id":37,"ordered":false,"portCompositions":[{"type":"port","@id":38,"shape":{"type":"rect","xposition":"NaN","yposition":"NaN","width":"NaN","height":"NaN","shapeStyle":23},"labelManager":{"labels":[{"type":"textLabel","@id":39,"inputText":"1","labelStyle":25,"shape":null,"layoutText":null}],"mainLabel":39},"properties":{},"orientationAtVertex":"FREE","reference":null}],"properties":{},"reference":null}],"properties":{},"reference":null},{"@id":40,"shape":null,"labelManager":{"labels":[{"type":"textLabel","@id":41,"inputText":"Paul","labelStyle":25,"shape":null,"layoutText":null}],"mainLabel":41},"portCompositions":[{"type":"portGroup","@id":42,"ordered":false,"portCompositions":[{"type":"port","@id":43,"shape":{"type":"rect","xposition":"NaN","yposition":"NaN","width":"NaN","height":"NaN","shapeStyle":23},"labelManager":{"labels":[{"type":"textLabel","@id":44,"inputText":"1","labelStyle":25,"shape":null,"layoutText":null}],"mainLabel":44},"properties":{},"orientationAtVertex":"FREE","reference":null}],"properties":{},"reference":null}],"properties":{},"reference":null},{"@id":45,"shape":null,"labelManager":{"labels":[{"type":"textLabel","@id":46,"inputText":"Jonas","labelStyle":25,"shape":null,"layoutText":null}],"mainLabel":46},"portCompositions":[{"type":"portGroup","@id":47,"ordered":false,"portCompositions":[{"type":"port","@id":48,"shape":{"type":"rect","xposition":"NaN","yposition":"NaN","width":"NaN","height":"NaN","shapeStyle":23},"labelManager":{"labels":[{"type":"textLabel","@id":49,"inputText":"1","labelStyle":25,"shape":null,"layoutText":null}],"mainLabel":49},"properties":{},"orientationAtVertex":"FREE","reference":null}],"properties":{},"reference":null}],"properties":{},"reference":null},{"@id":50,"shape":null,"labelManager":{"labels":[{"type":"textLabel","@id":51,"inputText":"Maximilian","labelStyle":25,"shape":null,"layoutText":null}],"mainLabel":51},"portCompositions":[{"type":"portGroup","@id":52,"ordered":false,"portCompositions":[{"type":"port","@id":53,"shape":{"type":"rect","xposition":"NaN","yposition":"NaN","width":"NaN","height":"NaN","shapeStyle":23},"labelManager":{"labels":[{"type":"textLabel","@id":54,"inputText":"1","labelStyle":25,"shape":null,"layoutText":null}],"mainLabel":54},"properties":{},"orientationAtVertex":"FREE","reference":null}],"properties":{},"reference":null}],"properties":{},"reference":null},{"@id":55,"shape":null,"labelManager":{"labels":[{"type":"textLabel","@id":56,"inputText":"Alexander","labelStyle":25,"shape":null,"layoutText":null}],"mainLabel":56},"portCompositions":[{"type":"portGroup","@id":57,"ordered":false,"portCompositions":[{"type":"port","@id":58,"shape":{"type":"rect","xposition":"NaN","yposition":"NaN","width":"NaN","height":"NaN","shapeStyle":23},"labelManager":{"labels":[{"type":"textLabel","@id":59,"inputText":"1","labelStyle":25,"shape":null,"layoutText":null}],"mainLabel":59},"properties":{},"orientationAtVertex":"FREE","reference":null}],"properties":{},"reference":null}],"properties":{},"reference":null},{"@id":60,"shape":null,"labelManager":{"labels":[{"type":"textLabel","@id":61,"inputText":"Alexander","labelStyle":25,"shape":null,"layoutText":null}],"mainLabel":61},"portCompositions":[{"type":"portGroup","@id":62,"ordered":false,"portCompositions":[{"type":"port","@id":63,"shape":{"type":"rect","xposition":"NaN","yposition":"NaN","width":"NaN","height":"NaN","shapeStyle":23},"labelManager":{"labels":[{"type":"textLabel","@id":64,"inputText":"1","labelStyle":25,"shape":null,"layoutText":null}],"mainLabel":64},"properties":{},"orientationAtVertex":"FREE","reference":null}],"properties":{},"reference":null}],"properties":{},"reference":null}],"vertexGroups":[{"@id":65,"drawnFrame":false,"labelManager":{"labels":[],"mainLabel":null},"shape":null,"containedVertices":[1,8],"containedVertexGroups":[],"touchingPairs":[{"vertex0":1,"horizontalPlacementVertex0":"FREE","verticalPlacementVertex0":"TOP","vertex1":8,"horizontalPlacementVertex1":"FREE","verticalPlacementVertex1":"FREE"}],"portPairings":[{"port0":6,"port1":11}],"properties":{},"reference":null},{"@id":66,"drawnFrame":false,"labelManager":{"labels":[],"mainLabel":null},"shape":null,"containedVertices":[17,26,60],"containedVertexGroups":[],"touchingPairs":[{"vertex0":17,"horizontalPlacementVertex0":"FREE","verticalPlacementVertex0":"TOP","vertex1":26,"horizontalPlacementVertex1":"FREE","verticalPlacementVertex1":"FREE"},{"vertex0":17,"horizontalPlacementVertex0":"FREE","verticalPlacementVertex0":"FREE","vertex1":60,"horizontalPlacementVertex1":"FREE","verticalPlacementVertex1":"FREE"}],"portPairings":[{"port0":20,"port1":29},{"port0":22,"port1":63}],"properties":{},"reference":null},{"@id":67,"drawnFrame":false,"labelManager":{"labels":[],"mainLabel":null},"shape":null,"containedVertices":[40,45],"containedVertexGroups":[],"touchingPairs":[{"vertex0":40,"horizontalPlacementVertex0":"FREE","verticalPlacementVertex0":"FREE","vertex1":45,"horizontalPlacementVertex1":"FREE","verticalPlacementVertex1":"FREE"}],"portPairings":[{"port0":43,"port1":48}],"properties":{},"reference":null},{"@id":68,"drawnFrame":false,"labelManager":{"labels":[],"mainLabel":null},"shape":null,"containedVertices":[50,55],"containedVertexGroups":[],"touchingPairs":[{"vertex0":50,"horizontalPlacementVertex0":"FREE","verticalPlacementVertex0":"FREE","vertex1":55,"horizontalPlacementVertex1":"FREE","verticalPlacementVertex1":"FREE"}],"portPairings":[{"port0":53,"port1":58}],"properties":{},"reference":null}],"edges":[{"@id":69,"ports":[29,38],"labelManager":{"innerLabels":[{"type":"textLabel","@id":70,"inputText":"Jonathan","labelStyle":25,"shape":null,"layoutText":null}],"allPortLabels":[],"mainLabel":70},"pathStyle":{"@id":71,"description":"default path style","thickness":-1.0,"color":{"argb":"ff000000"}},"paths":[],"properties":{},"reference":null},{"@id":72,"ports":[15,53],"labelManager":{"innerLabels":[{"type":"textLabel","@id":73,"inputText":"Julian","labelStyle":25,"shape":null,"layoutText":null}],"allPortLabels":[],"mainLabel":73},"pathStyle":71,"paths":[],"properties":{},"reference":null},{"@id":74,"ports":[63,33],"labelManager":{"innerLabels":[{"type":"textLabel","@id":75,"inputText":"Anton","labelStyle":25,"shape":null,"layoutText":null}],"allPortLabels":[],"mainLabel":75},"pathStyle":71,"paths":[],"properties":{},"reference":null},{"@id":76,"ports":[43,58],"labelManager":{"innerLabels":[{"type":"textLabel","@id":77,"inputText":"Emil","labelStyle":25,"shape":null,"layoutText":null}],"allPortLabels":[],"mainLabel":77},"pathStyle":71,"paths":[],"properties":{},"reference":null},{"@id":78,"ports":[48,29],"labelManager":{"innerLabels":[{"type":"textLabel","@id":79,"inputText":"Luca","labelStyle":25,"shape":null,"layoutText":null}],"allPortLabels":[],"mainLabel":79},"pathStyle":71,"paths":[],"properties":{},"reference":null},{"@id":80,"ports":[43,6],"labelManager":{"innerLabels":[{"type":"textLabel","@id":81,"inputText":"Julian","labelStyle":25,"shape":null,"layoutText":null}],"allPortLabels":[],"mainLabel":81},"pathStyle":71,"paths":[],"properties":{},"reference":null}],"edgeBundles":[]}