{"vertices":[{"@id":1,"shape":{"type":"rect","xposition":"NaN","yposition":"NaN","width":"NaN","height":"NaN","shapeStyle":{"@id":2,"description":"default shape style","color":{"argb":"ff000000"}}},"labelManager":{"labels":[{"type":"textLabel","@id":3,"inputText":"Anton","labelStyle":{"@id":4,"description":"default text label style","font":{"fontName":"SansSerif.plain","style":0,"size":10},"noBreak":false,"color":{"argb":"ff000000"},"showLabel":true,"placement":"FREE","horizontalPlacement":"FREE","verticalPlacement":"FREE"},"shape":null,"layoutText":null}],"mainLabel":3},"portCompositions":[{"type":"portGroup","@id":5,"ordered":false,"portCompositions":[{"type":"port","@id":6,"shape":{"type":"rect","xposition":"NaN","yposition":"NaN","width":"NaN","height":"NaN","shapeStyle":2},"labelManager":{"labels":[{"type":"textLabel","@id":7,"inputText":"1","labelStyle":4,"shape":null,"layoutText":null}],"mainLabel":7},"properties":{},"orientationAtVertex":"FREE","reference":null},{"type":"port","@id":8,"shape":{"type":"rect","xposition":"NaN","yposition":"NaN","width":"NaN","height":"NaN","shapeStyle":2},"labelManager":{"labels":[{"type":"textLabel","@id":9,"inputText":"2","labelStyle":4,"shape":null,"layoutText":null}],"mainLabel":9},"properties":{},"orientationAtVertex":"FREE","reference":null},{"type":"port","@id":10,"shape":{"type":"rect","xposition":"NaN","yposition":"NaN","width":"NaN","height":"NaN","shapeStyle":2},"labelManager":{"labels":[{"type":"textLabel","@id":11,"inputText":"3","labelStyle":4,"shape":null,"layoutText":null}],"mainLabel":11},"properties":{},"orientationAtVertex":"FREE","reference":null}],"properties":{},"reference":null}],"properties":{},"reference":"device"},{"@id":12,"shape":{"type":"rect","xposition":"NaN","yposition":"NaN","width":"NaN","height":"NaN","shapeStyle":2},"labelManager":{"labels":[{"type":"textLabel","@id":13,"inputText":"Alexander","labelStyle":4,"shape":null,"layoutText":null}],"mainLabel":13},"portCompositions":[{"type":"portGroup","@id":14,"ordered":false,"portCompositions":[{"type":"port","@id":15,"shape":{"type":"rect","xposition":"NaN","yposition":"NaN","width":"NaN","height":"NaN","shapeStyle":2},"labelManager":{"labels":[{"type":"textLabel","@id":16,"inputText":"1","labelStyle":4,"shape":null,"layoutText":null}],"mainLabel":16},"properties":{},"orientationAtVertex":"FREE","reference":null},{"type":"port","@id":17,"shape":{"type":"rect","xposition":"NaN","yposition":"NaN","width":"NaN","height":"NaN","shapeStyle":2},"labelManager":{"labels":[{"type":"textLabel","@id":18,"inputText":"2","labelStyle":4,"shape":null,"layoutText":null}],"mainLabel":18},"properties":{},"orientationAtVertex":"FREE","reference":null},{"type":"port","@id":19,"shape":{"type":"rect","xposition":"NaN","yposition":"NaN","width":"NaN","height":"NaN","shapeStyle":2},"labelManager":{"labels":[{"type":"textLabel","@id":20,"inputText":"3","labelStyle":4,"shape":null,"layoutText":null}],"mainLabel":20},"properties":{},"orientationAtVertex":"FREE","reference":null}],"properties":{},"reference":null}],"properties":{},"reference":"plug"},{"@id":21,"shape":{"type":"rect","xposition":"NaN","yposition":"NaN","width":"NaN","height":"NaN","shapeStyle":2},"labelManager":{"labels":[{"type":"textLabel","@id":22,"inputText":"Muhammed","labelStyle":4,"shape":null,"layoutText":null}],"mainLabel":22},"portCompositions":[{"type":"portGroup","@id":23,"ordered":false,"portCompositions":[{"type":"port","@id":24,"shape":{"type":"rect","xposition":"NaN","yposition":"NaN","width":"NaN","height":"NaN","shapeStyle":2},"labelManager":{"labels":[{"type":"textLabel","@id":25,"inputText":"3","labelStyle":4,"shape":null,"layoutText":null}],"mainLabel":25},"properties":{},"orientationAtVertex":"FREE","reference":null},{"type":"port","@id":26,"shape":{"type":"rect","xposition":"NaN","yposition":"NaN","width":"NaN","height":"NaN","shapeStyle":2},"labelManager":{"labels":[{"type":"textLabel","@id":27,"inputText":"5","labelStyle":4,"shape":null,"layoutText":null}],"mainLabel":27},"properties":{},"orientationAtVertex":"FREE","reference":null},{"type":"port","@id":28,"shape":{"type":"rect","xposition":"NaN","yposition":"NaN","width":"NaN","height":"NaN","shapeStyle":2},"labelManager":{"labels":[{"type":"textLabel","@id":29,"inputText":"1","labelStyle":4,"shape":null,"layoutText":null}],"mainLabel":29},"properties":{},"orientationAtVertex":"FREE","reference":null},{"type":"port","@id":30,"shape":{"type":"rect","xposition":"NaN","yposition":"NaN","width":"NaN","height":"NaN","shapeStyle":2},"labelManager":{"labels":[{"type":"textLabel","@id":31,"inputText":"2","labelStyle":4,"shape":null,"layoutText":null}],"mainLabel":31},"properties":{},"orientationAtVertex":"FREE","reference":null},{"type":"port","@id":32,"shape":{"type":"rect","xposition":"NaN","yposition":"NaN","width":"NaN","height":"NaN","shapeStyle":2},"labelManager":{"labels":[{"type":"textLabel","@id":33,"inputText":"4","labelStyle":4,"shape":null,"layoutText":null}],"mainLabel":33},"properties":{},"orientationAtVertex":"FREE","reference":null}],"properties":{},"reference":null}],"properties":{},"reference":"device"},{"@id":34,"shape":{"type":"rect","xposition":"NaN","yposition":"NaN","width":"NaN","height":"NaN","shapeStyle":2},"labelManager":{"labels":[{"type":"textLabel","@id":35,"inputText":"Valentin","labelStyle":4,"shape":null,"layoutText":null}],"mainLabel":35},"portCompositions":[{"type":"portGroup","@id":36,"ordered":false,"portCompositions":[{"type":"port","@id":37,"shape":{"type":"rect","xposition":"NaN","yposition":"NaN","width":"NaN","height":"NaN","shapeStyle":2},"labelManager":{"labels":[{"type":"textLabel","@id":38,"inputText":"3","labelStyle":4,"shape":null,"layoutText":null}],"mainLabel":38},"properties":{},"orientationAtVertex":"FREE","reference":null},{"type":"port","@id":39,"shape":{"type":"rect","xposition":"NaN","yposition":"NaN","width":"NaN","height":"NaN","shapeStyle":2},"labelManager":{"labels":[{"type":"textLabel","@id":40,"inputText":"5","labelStyle":4,"shape":null,"layoutText":null}],"mainLabel":40},"properties":{},"orientationAtVertex":"FREE","reference":null},{"type":"port","@id":41,"shape":{"type":"rect","xposition":"NaN","yposition":"NaN","width":"NaN","height":"NaN","shapeStyle":2},"labelManager":{"labels":[{"type":"textLabel","@id":42,"inputText":"1","labelStyle":4,"shape":null,"layoutText":null}],"mainLabel":42},"properties":{},"orientationAtVertex":"FREE","reference":null},{"type":"port","@id":43,"shape":{"type":"rect","xposition":"NaN","yposition":"NaN","width":"NaN","height":"NaN","shapeStyle":2},"labelManager":{"labels":[{"type":"textLabel","@id":44,"inputText":"2","labelStyle":4,"shape":null,"layoutText":null}],"mainLabel":44},"properties":{},"orientationAtVertex":"FREE","reference":null},{"type":"port","@id":45,"shape":{"type":"rect","xposition":"NaN","yposition":"NaN","width":"NaN","height":"NaN","shapeStyle":2},"labelManager":{"labels":[{"type":"textLabel","@id":46,"inputText":"4","labelStyle":4,"shape":null,"layoutText":null}],"mainLabel":46},"properties":{},"orientationAtVertex":"FREE","reference":null}],"properties":{},"reference":null}],"properties":{},"reference":"plug"},{"@id":47,"shape":{"type":"rect","xposition":"NaN","yposition":"NaN","width":"NaN","height":"NaN","shapeStyle":2},"labelManager":{"labels":[{"type":"textLabel","@id":48,"inputText":"Jan","labelStyle":4,"shape":null,"layoutText":null}],"mainLabel":48},"portCompositions":[{"type":"port","@id":49,"shape":{"type":"rect","xposition":"NaN","yposition":"NaN","width":"NaN","height":"NaN","shapeStyle":2},"labelManager":{"labels":[{"type":"textLabel","@id":50,"inputText":"1","labelStyle":4,"shape":null,"layoutText":null}],"mainLabel":50},"properties":{},"orientationAtVertex":"FREE","reference":null}],"properties":{},"reference":"splice"},{"@id":51,"shape":{"type":"rect","xposition":"NaN","yposition":"NaN","width":"NaN","height":"NaN","shapeStyle":2},"labelManager":{"labels":[{"type":"textLabel","@id":52,"inputText":"Johannes","labelStyle":4,"shape":null,"layoutText":null}],"mainLabel":52},"portCompositions":[{"type":"port","@id":53,"shape":{"type":"rect","xposition":"NaN","yposition":"NaN","width":"NaN","height":"NaN","shapeStyle":2},"labelManager":{"labels":[{"type":"textLabel","@id":54,"inputText":"1","labelStyle":4,"shape":null,"layoutText":null}],"mainLabel":54},"properties":{},"orientationAtVertex":"FREE","reference":null}],"properties":{},"reference":"splice"},{"@id":55,"shape":{"type":"rect","xposition":"NaN","yposition":"NaN","width":"NaN","height":"NaN","shapeStyle":2},"labelManager":{"labels":[{"type":"textLabel","@id":56,"inputText":"Joel","labelStyle":4,"shape":null,"layoutText":null}],"mainLabel":56},"portCompositions":[{"type":"port","@id":57,"shape":{"type":"rect","xposition":"NaN","yposition":"NaN","width":"NaN","height":"NaN","shapeStyle":2},"labelManager":{"labels":[{"type":"textLabel","@id":58,"inputText":"1","labelStyle":4,"shape":null,"layoutText":null}],"mainLabel":58},"properties":{},"orientationAtVertex":"FREE","reference":null}],"properties":{},"reference":"splice"},{"@id":59,"shape":{"type":"rect","xposition":"NaN","yposition":"NaN","width":"NaN","height":"NaN","shapeStyle":2},"labelManager":{"labels":[{"type":"textLabel","@id":60,"inputText":"Tim","labelStyle":4,"shape":null,"layoutText":null}],"mainLabel":60},"portCompositions":[{"type":"portGroup","@id":61,"ordered":false,"portCompositions":[{"type":"port","@id":62,"shape":{"type":"rect","xposition":"NaN","yposition":"NaN","width":"NaN","height":"NaN","shapeStyle":2},"labelManager":{"labels":[{"type":"textLabel","@id":63,"inputText":"1","labelStyle":4,"shape":null,"layoutText":null}],"mainLabel":63},"properties":{},"orientationAtVertex":"FREE","reference":null}],"properties":{},"reference":null}],"properties":{},"reference":"plug"},{"@id":64,"shape":{"type":"rect","xposition":"NaN","yposition":"NaN","width":"NaN","height":"NaN","shapeStyle":2},"labelManager":{"labels":[{"type":"textLabel","@id":65,"inputText":"Michael","labelStyle":4,"shape":null,"layoutText":null}],"mainLabel":65},"portCompositions":[{"type":"portGroup","@id":66,"ordered":false,"portCompositions":[{"type":"port","@id":67,"shape":{"type":"rect","xposition":"NaN","yposition":"NaN","width":"NaN","height":"NaN","shapeStyle":2},"labelManager":{"labels":[{"type":"textLabel","@id":68,"inputText":"1","labelStyle":4,"shape":null,"layoutText":null}],"mainLabel":68},"properties":{},"orientationAtVertex":"FREE","reference":null}],"properties":{},"reference":null}],"properties":{},"reference":"plug"},{"@id":69,"shape":{"type":"rect","xposition":"NaN","yposition":"NaN","width":"NaN","height":"NaN","shapeStyle":2},"labelManager":{"labels":[{"type":"textLabel","@id":70,"inputText":"Julius","labelStyle":4,"shape":null,"layoutText":null}],"mainLabel":70},"portCompositions":[{"type":"port","@id":71,"shape":{"type":"rect","xposition":"NaN","yposition":"NaN","width":"NaN","height":"NaN","shapeStyle":2},"labelManager":{"labels":[{"type":"textLabel","@id":72,"inputText":"1","labelStyle":4,"shape":null,"layoutText":null}],"mainLabel":72},"properties":{},"orientationAtVertex":"FREE","reference":null}],"properties":{},"reference":"splice"},{"@id":73,"shape":{"type":"rect","xposition":"NaN","yposition":"NaN","width":"NaN","height":"NaN","shapeStyle":2},"labelManager":{"labels":[{"type":"textLabel","@id":74,"inputText":"Henri","labelStyle":4,"shape":null,"layoutText":null}],"mainLabel":74},"portCompositions":[{"type":"portGroup","@id":75,"ordered":false,"portCompositions":[{"type":"port","@id":76,"shape":{"type":"rect","xposition":"NaN","yposition":"NaN","width":"NaN","height":"NaN","shapeStyle":2},"labelManager":{"labels":[{"type":"textLabel","@id":77,"inputText":"2","labelStyle":4,"shape":null,"layoutText":null}],"mainLabel":77},"properties":{},"orientationAtVertex":"FREE","reference":null},{"type":"port","@id":78,"shape":{"type":"rect","xposition":"NaN","yposition":"NaN","width":"NaN","height":"NaN","shapeStyle":2},"labelManager":{"labels":[{"type":"textLabel","@id":79,"inputText":"1","labelStyle":4,"shape":null,"layoutText":null}],"mainLabel":79},"properties":{},"orientationAtVertex":"FREE","reference":null},{"type":"port","@id":80,"shape":{"type":"rect","xposition":"NaN","yposition":"NaN","width":"NaN","height":"NaN","shapeStyle":2},"labelManager":{"labels":[{"type":"textLabel","@id":81,"inputText":"3","labelStyle":4,"shape":null,"layoutText":null}],"mainLabel":81},"properties":{},"orientationAtVertex":"FREE","reference":null},{"type":"port","@id":82,"shape":{"type":"rect","xposition":"NaN","yposition":"NaN","width":"NaN","height":"NaN","shapeStyle":2},"labelManager":{"labels":[{"type":"textLabel","@id":83,"inputText":"5","labelStyle":4,"shape":null,"layoutText":null}],"mainLabel":83},"properties":{},"orientationAtVertex":"FREE","reference":null},{"type":"port","@id":84,"shape":{"type":"rect","xposition":"NaN","yposition":"NaN","width":"NaN","height":"NaN","shapeStyle":2},"labelManager":{"labels":[{"type":"textLabel","@id":85,"inputText":"4","labelStyle":4,"shape":null,"layoutText":null}],"mainLabel":85},"properties":{},"orientationAtVertex":"FREE","reference":null}],"properties":{},"reference":null}],"properties":{},"reference":"plug"},{"@id":86,"shape":{"type":"rect","xposition":"NaN","yposition":"NaN","width":"NaN","height":"NaN","shapeStyle":2},"labelManager":{"labels":[{"type":"textLabel","@id":87,"inputText":"Moritz","labelStyle":4,"shape":null,"layoutText":null}],"mainLabel":87},"portCompositions":[{"type":"portGroup","@id":88,"ordered":false,"portCompositions":[{"type":"port","@id":89,"shape":{"type":"rect","xposition":"NaN","yposition":"NaN","width":"NaN","height":"NaN","shapeStyle":2},"labelManager":{"labels":[{"type":"textLabel","@id":90,"inputText":"2","labelStyle":4,"shape":null,"layoutText":null}],"mainLabel":90},"properties":{},"orientationAtVertex":"FREE","reference":null},{"type":"port","@id":91,"shape":{"type":"rect","xposition":"NaN","yposition":"NaN","width":"NaN","height":"NaN","shapeStyle":2},"labelManager":{"labels":[{"type":"textLabel","@id":92,"inputText":"1","labelStyle":4,"shape":null,"layoutText":null}],"mainLabel":92},"properties":{},"orientationAtVertex":"FREE","reference":null},{"type":"port","@id":93,"shape":{"type":"rect","xposition":"NaN","yposition":"NaN","width":"NaN","height":"NaN","shapeStyle":2},"labelManager":{"labels":[{"type":"textLabel","@id":94,"inputText":"3","labelStyle":4,"shape":null,"layoutText":null}],"mainLabel":94},"properties":{},"orientationAtVertex":"FREE","reference":null},{"type":"port","@id":95,"shape":{"type":"rect","xposition":"NaN","yposition":"NaN","width":"NaN","height":"NaN","shapeStyle":2},"labelManager":{"labels":[{"type":"textLabel","@id":96,"inputText":"5","labelStyle":4,"shape":null,"layoutText":null}],"mainLabel":96},"properties":{},"orientationAtVertex":"FREE","reference":null},{"type":"port","@id":97,"shape":{"type":"rect","xposition":"NaN","yposition":"NaN","width":"NaN","height":"NaN","shapeStyle":2},"labelManager":{"labels":[{"type":"textLabel","@id":98,"inputText":"4","labelStyle":4,"shape":null,"layoutText":null}],"mainLabel":98},"properties":{},"orientationAtVertex":"FREE","reference":null}],"properties":{},"reference":null}],"properties":{},"reference":"plug"},{"@id":99,"shape":{"type":"rect","xposition":"NaN","yposition":"NaN","width":"NaN","height":"NaN","shapeStyle":2},"labelManager":{"labels":[{"type":"textLabel","@id":100,"inputText":"Lukas","labelStyle":4,"shape":null,"layoutText":null}],"mainLabel":100},"portCompositions":[{"type":"portGroup","@id":101,"ordered":false,"portCompositions":[{"type":"port","@id":102,"shape":{"type":"rect","xposition":"NaN","yposition":"NaN","width":"NaN","height":"NaN","shapeStyle":2},"labelManager":{"labels":[{"type":"textLabel","@id":103,"inputText":"1","labelStyle":4,"shape":null,"layoutText":null}],"mainLabel":103},"properties":{},"orientationAtVertex":"FREE","reference":null}],"properties":{},"reference":null}],"properties":{},"reference":"plug"},{"@id":104,"shape":{"type":"rect","xposition":"NaN","yposition":"NaN","width":"NaN","height":"NaN","shapeStyle":2},"labelManager":{"labels":[{"type":"textLabel","@id":105,"inputText":"Mats","labelStyle":4,"shape":null,"layoutText":null}],"mainLabel":105},"portCompositions":[{"type":"portGroup","@id":106,"ordered":false,"portCompositions":[{"type":"port","@id":107,"shape":{"type":"rect","xposition":"NaN","yposition":"NaN","width":"NaN","height":"NaN","shapeStyle":2},"labelManager":{"labels":[{"type":"textLabel","@id":108,"inputText":"1","labelStyle":4,"shape":null,"layoutText":null}],"mainLabel":108},"properties":{},"orientationAtVertex":"FREE","reference":null}],"properties":{},"reference":null}],"properties":{},"reference":"plug"},{"@id":109,"shape":{"type":"rect","xposition":"NaN","yposition":"NaN","width":"NaN","height":"NaN","shapeStyle":2},"labelManager":{"labels":[{"type":"textLabel","@id":110,"inputText":"Max","labelStyle":4,"shape":null,"layoutText":null}],"mainLabel":110},"portCompositions":[{"type":"portGroup","@id":111,"ordered":false,"portCompositions":[{"type":"port","@id":112,"shape":{"type":"rect","xposition":"NaN","yposition":"NaN","width":"NaN","height":"NaN","shapeStyle":2},"labelManager":{"labels":[{"type":"textLabel","@id":113,"inputText":"3","labelStyle":4,"shape":null,"layoutText":null}],"mainLabel":113},"properties":{},"orientationAtVertex":"FREE","reference":null},{"type":"port","@id":114,"shape":{"type":"rect","xposition":"NaN","yposition":"NaN","width":"NaN","height":"NaN","shapeStyle":2},"labelManager":{"labels":[{"type":"textLabel","@id":115,"inputText":"2","labelStyle":4,"shape":null,"layoutText":null}],"mainLabel":115},"properties":{},"orientationAtVertex":"FREE","reference":null},{"type":"port","@id":116,"shape":{"type":"rect","xposition":"NaN","yposition":"NaN","width":"NaN","height":"NaN","shapeStyle":{"@id":117,"description":"default shape style","color":{"argb":"ff000000"}}},"labelManager":{"labels":[{"type":"textLabel","@id":118,"inputText":"1","labelStyle":{"@id":119,"description":"default text label style","font":{"fontName":"SansSerif.plain","style":0,"size":10},"noBreak":false,"color":{"argb":"ff000000"},"showLabel":true,"placement":"FREE","horizontalPlacement":"FREE","verticalPlacement":"FREE"},"shape":null,"layoutText":null}],"mainLabel":118},"properties":{},"orientationAtVertex":"FREE","reference":null}],"properties":{},"reference":null}],"properties":{},"reference":"plug"},{"@id":120,"shape":{"type":"rect","xposition":"NaN","yposition":"NaN","width":"NaN","height":"NaN","shapeStyle":2},"labelManager":{"labels":[{"type":"textLabel","@id":121,"inputText":"Simon","labelStyle":4,"shape":null,"layoutText":null}],"mainLabel":121},"portCompositions":[{"type":"portGroup","@id":122,"ordered":false,"portCompositions":[{"type":"port","@id":123,"shape":{"type":"rect","xposition":"NaN","yposition":"NaN","width":"NaN","height":"NaN","shapeStyle":2},"labelManager":{"labels":[{"type":"textLabel","@id":124,"inputText":"3","labelStyle":4,"shape":null,"layoutText":null}],"mainLabel":124},"properties":{},"orientationAtVertex":"FREE","reference":null},{"type":"port","@id":125,"shape":{"type":"rect","xposition":"NaN","yposition":"NaN","width":"NaN","height":"NaN","shapeStyle":2},"labelManager":{"labels":[{"type":"textLabel","@id":126,"inputText":"2","labelStyle":4,"shape":null,"layoutText":null}],"mainLabel":126},"properties":{},"orientationAtVertex":"FREE","reference":null},{"type":"port","@id":127,"shape":{"type":"rect","xposition":"NaN","yposition":"NaN","width":"NaN","height":"NaN","shapeStyle":117},"labelManager":{"labels":[{"type":"textLabel","@id":128,"inputText":"1","labelStyle":119,"shape":null,"layoutText":null}],"mainLabel":128},"properties":{},"orientationAtVertex":"FREE","reference":null}],"properties":{},"reference":null}],"properties":{},"reference":"plug"},{"@id":129,"shape":{"type":"rect","xposition":"NaN","yposition":"NaN","width":"NaN","height":"NaN","shapeStyle":2},"labelManager":{"labels":[{"type":"textLabel","@id":130,"inputText":"Jonas","labelStyle":4,"shape":null,"layoutText":null}],"mainLabel":130},"portCompositions":[{"type":"port","@id":131,"shape":{"type":"rect","xposition":"NaN","yposition":"NaN","width":"NaN","height":"NaN","shapeStyle":2},"labelManager":{"labels":[{"type":"textLabel","@id":132,"inputText":"1","labelStyle":4,"shape":null,"layoutText":null}],"mainLabel":132},"properties":{},"orientationAtVertex":"FREE","reference":null}],"properties":{},"reference":"splice"},{"@id":133,"shape":{"type":"rect","xposition":"NaN","yposition":"NaN","width":"NaN","height":"NaN","shapeStyle":2},"labelManager":{"labels":[{"type":"textLabel","@id":134,"inputText":"Gabriel","labelStyle":4,"shape":null,"layoutText":null}],"mainLabel":134},"portCompositions":[{"type":"portGroup","@id":135,"ordered":false,"portCompositions":[{"type":"port","@id":136,"shape":{"type":"rect","xposition":"NaN","yposition":"NaN","width":"NaN","height":"NaN","shapeStyle":2},"labelManager":{"labels":[{"type":"textLabel","@id":137,"inputText":"2","labelStyle":4,"shape":null,"layoutText":null}],"mainLabel":137},"properties":{},"orientationAtVertex":"FREE","reference":null},{"type":"port","@id":138,"shape":{"type":"rect","xposition":"NaN","yposition":"NaN","width":"NaN","height":"NaN","shapeStyle":117},"labelManager":{"labels":[{"type":"textLabel","@id":139,"inputText":"1","labelStyle":119,"shape":null,"layoutText":null}],"mainLabel":139},"properties":{},"orientationAtVertex":"FREE","reference":null}],"properties":{},"reference":null}],"properties":{},"reference":"plug"},{"@id":140,"shape":{"type":"rect","xposition":"NaN","yposition":"NaN","width":"NaN","height":"NaN","shapeStyle":2},"labelManager":{"labels":[{"type":"textLabel","@id":141,"inputText":"Jakob","labelStyle":4,"shape":null,"layoutText":null}],"mainLabel":141},"portCompositions":[{"type":"portGroup","@id":142,"ordered":false,"portCompositions":[{"type":"port","@id":143,"shape":{"type":"rect","xposition":"NaN","yposition":"NaN","width":"NaN","height":"NaN","shapeStyle":2},"labelManager":{"labels":[{"type":"textLabel","@id":144,"inputText":"2","labelStyle":4,"shape":null,"layoutText":null}],"mainLabel":144},"properties":{},"orientationAtVertex":"FREE","reference":null},{"type":"port","@id":145,"shape":{"type":"rect","xposition":"NaN","yposition":"NaN","width":"NaN","height":"NaN","shapeStyle":117},"labelManager":{"labels":[{"type":"textLabel","@id":146,"inputText":"1","labelStyle":119,"shape":null,"layoutText":null}],"mainLabel":146},"properties":{},"orientationAtVertex":"FREE","reference":null}],"properties":{},"reference":null}],"properties":{},"reference":"plug"},{"@id":147,"shape":{"type":"rect","xposition":"NaN","yposition":"NaN","width":"NaN","height":"NaN","shapeStyle":2},"labelManager":{"labels":[{"type":"textLabel","@id":148,"inputText":"Maximilian","labelStyle":4,"shape":null,"layoutText":null}],"mainLabel":148},"portCompositions":[{"type":"port","@id":149,"shape":{"type":"rect","xposition":"NaN","yposition":"NaN","width":"NaN","height":"NaN","shapeStyle":2},"labelManager":{"labels":[{"type":"textLabel","@id":150,"inputText":"1","labelStyle":4,"shape":null,"layoutText":null}],"mainLabel":150},"properties":{},"orientationAtVertex":"FREE","reference":null}],"properties":{},"reference":"splice"},{"@id":151,"shape":{"type":"rect","xposition":"NaN","yposition":"NaN","width":"NaN","height":"NaN","shapeStyle":2},"labelManager":{"labels":[{"type":"textLabel","@id":152,"inputText":"Emil","labelStyle":4,"shape":null,"layoutText":null}],"mainLabel":152},"portCompositions":[{"type":"port","@id":153,"shape":{"type":"rect","xposition":"NaN","yposition":"NaN","width":"NaN","height":"NaN","shapeStyle":2},"labelManager":{"labels":[{"type":"textLabel","@id":154,"inputText":"1","labelStyle":4,"shape":null,"layoutText":null}],"mainLabel":154},"properties":{},"orientationAtVertex":"FREE","reference":null}],"properties":{},"reference":"splice"},{"@id":155,"shape":{"type":"rect","xposition":"NaN","yposition":"NaN","width":"NaN","height":"NaN","shapeStyle":2},"labelManager":{"labels":[{"type":"textLabel","@id":156,"inputText":"Theo","labelStyle":4,"shape":null,"layoutText":null}],"mainLabel":156},"portCompositions":[{"type":"portGroup","@id":157,"ordered":false,"portCompositions":[{"type":"port","@id":158,"shape":{"type":"rect","xposition":"NaN","yposition":"NaN","width":"NaN","height":"NaN","shapeStyle":2},"labelManager":{"labels":[{"type":"textLabel","@id":159,"inputText":"2","labelStyle":4,"shape":null,"layoutText":null}],"mainLabel":159},"properties":{},"orientationAtVertex":"FREE","reference":null},{"type":"port","@id":160,"shape":{"type":"rect","xposition":"NaN","yposition":"NaN","width":"NaN","height":"NaN","shapeStyle":2},"labelManager":{"labels":[{"type":"textLabel","@id":161,"inputText":"1","labelStyle":4,"shape":null,"layoutText":null}],"mainLabel":161},"properties":{},"orientationAtVertex":"FREE","reference":null},{"type":"port","@id":162,"shape":{"type":"rect","xposition":"NaN","yposition":"NaN","width":"NaN","height":"NaN","shapeStyle":117},"labelManager":{"labels":[{"type":"textLabel","@id":163,"inputText":"3","labelStyle":119,"shape":null,"layoutText":null}],"mainLabel":163},"properties":{},"orientationAtVertex":"FREE","reference":null}],"properties":{},"reference":null}],"properties":{},"reference":"plug"},{"@id":164,"shape":{"type":"rect","xposition":"NaN","yposition":"NaN","width":"NaN","height":"NaN","shapeStyle":2},"labelManager":{"labels":[{"type":"textLabel","@id":165,"inputText":"Benjamin","labelStyle":4,"shape":null,"layoutText":null}],"mainLabel":165},"portCompositions":[{"type":"portGroup","@id":166,"ordered":false,"portCompositions":[{"type":"port","@id":167,"shape":{"type":"rect","xposition":"NaN","yposition":"NaN","width":"NaN","height":"NaN","shapeStyle":2},"labelManager":{"labels":[{"type":"textLabel","@id":168,"inputText":"2","labelStyle":4,"shape":null,"layoutText":null}],"mainLabel":168},"properties":{},"orientationAtVertex":"FREE","reference":null},{"type":"port","@id":169,"shape":{"type":"rect","xposition":"NaN","yposition":"NaN","width":"NaN","height":"NaN","shapeStyle":2},"labelManager":{"labels":[{"type":"textLabel","@id":170,"inputText":"1","labelStyle":4,"shape":null,"layoutText":null}],"mainLabel":170},"properties":{},"orientationAtVertex":"FREE","reference":null},{"type":"port","@id":171,"shape":{"type":"rect","xposition":"NaN","yposition":"NaN","width":"NaN","height":"NaN","shapeStyle":117},"labelManager":{"labels":[{"type":"textLabel","@id":172,"inputText":"3","labelStyle":119,"shape":null,"layoutText":null}],"mainLabel":172},"properties":{},"orientationAtVertex":"FREE","reference":null}],"properties":{},"reference":null}],"properties":{},"reference":"plug"},{"@id":173,"shape":{"type":"rect","xposition":"NaN","yposition":"NaN","width":"NaN","height":"NaN","shapeStyle":2},"labelManager":{"labels":[{"type":"textLabel","@id":174,"inputText":"Felix","labelStyle":4,"shape":null,"layoutText":null}],"mainLabel":174},"portCompositions":[{"type":"portGroup","@id":175,"ordered":false,"portCompositions":[{"type":"port","@id":176,"shape":{"type":"rect","xposition":"NaN","yposition":"NaN","width":"NaN","height":"NaN","shapeStyle":2},"labelManager":{"labels":[{"type":"textLabel","@id":177,"inputText":"2","labelStyle":4,"shape":null,"layoutText":null}],"mainLabel":177},"properties":{},"orientationAtVertex":"FREE","reference":null},{"type":"port","@id":178,"shape":{"type":"rect","xposition":"NaN","yposition":"NaN","width":"NaN","height":"NaN","shapeStyle":2},"labelManager":{"labels":[{"type":"textLabel","@id":179,"inputText":"3","labelStyle":4,"shape":null,"layoutText":null}],"mainLabel":179},"properties":{},"orientationAtVertex":"FREE","reference":null},{"type":"port","@id":180,"shape":{"type":"rect","xposition":"NaN","yposition":"NaN","width":"NaN","height":"NaN","shapeStyle":117},"labelManager":{"labels":[{"type":"textLabel","@id":181,"inputText":"1","labelStyle":119,"shape":null,"layoutText":null}],"mainLabel":181},"properties":{},"orientationAtVertex":"FREE","reference":null}],"properties":{},"reference":null}],"properties":{},"reference":"plug"},{"@id":182,"shape":{"type":"rect","xposition":"NaN","yposition":"NaN","width":"NaN","height":"NaN","shapeStyle":2},"labelManager":{"labels":[{"type":"textLabel","@id":183,"inputText":"Ali","labelStyle":4,"shape":null,"layoutText":null}],"mainLabel":183},"portCompositions":[{"type":"portGroup","@id":184,"ordered":false,"portCompositions":[{"type":"port","@id":185,"shape":{"type":"rect","xposition":"NaN","yposition":"NaN","width":"NaN","height":"NaN","shapeStyle":2},"labelManager":{"labels":[{"type":"textLabel","@id":186,"inputText":"2","labelStyle":4,"shape":null,"layoutText":null}],"mainLabel":186},"properties":{},"orientationAtVertex":"FREE","reference":null},{"type":"port","@id":187,"shape":{"type":"rect","xposition":"NaN","yposition":"NaN","width":"NaN","height":"NaN","shapeStyle":2},"labelManager":{"labels":[{"type":"textLabel","@id":188,"inputText":"3","labelStyle":4,"shape":null,"layoutText":null}],"mainLabel":188},"properties":{},"orientationAtVertex":"FREE","reference":null},{"type":"port","@id":189,"shape":{"type":"rect","xposition":"NaN","yposition":"NaN","width":"NaN","height":"NaN","shapeStyle":117},"labelManager":{"labels":[{"type":"textLabel","@id":190,"inputText":"1","labelStyle":119,"shape":null,"layoutText":null}],"mainLabel":190},"properties":{},"orientationAtVertex":"FREE","reference":null}],"properties":{},"reference":null}],"properties":{},"reference":"plug"},{"@id":191,"shape":{"type":"rect","xposition":"NaN","yposition":"NaN","width":"NaN","height":"NaN","shapeStyle":2},"labelManager":{"labels":[{"type":"textLabel","@id":192,"inputText":"Ben","labelStyle":4,"shape":null,"layoutText":null}],"mainLabel":192},"portCompositions":[{"type":"portGroup","@id":193,"ordered":false,"portCompositions":[{"type":"port","@id":194,"shape":{"type":"rect","xposition":"NaN","yposition":"NaN","width":"NaN","height":"NaN","shapeStyle":2},"labelManager":{"labels":[{"type":"textLabel","@id":195,"inputText":"3","labelStyle":4,"shape":null,"layoutText":null}],"mainLabel":195},"properties":{},"orientationAtVertex":"FREE","reference":null},{"type":"port","@id":196,"shape":{"type":"rect","xposition":"NaN","yposition":"NaN","width":"NaN","height":"NaN","shapeStyle":2},"labelManager":{"labels":[{"type":"textLabel","@id":197,"inputText":"2","labelStyle":4,"shape":null,"layoutText":null}],"mainLabel":197},"properties":{},"orientationAtVertex":"FREE","reference":null},{"type":"port","@id":198,"shape":{"type":"rect","xposition":"NaN","yposition":"NaN","width":"NaN","height":"NaN","shapeStyle":117},"labelManager":{"labels":[{"type":"textLabel","@id":199,"inputText":"1","labelStyle":119,"shape":null,"layoutText":null}],"mainLabel":199},"properties":{},"orientationAtVertex":"FREE","reference":null}],"properties":{},"reference":null}],"properties":{},"reference":"device"},{"@id":200,"shape":{"type":"rect","xposition":"NaN","yposition":"NaN","width":"NaN","height":"NaN","shapeStyle":2},"labelManager":{"labels":[{"type":"textLabel","@id":201,"inputText":"Jonathan","labelStyle":4,"shape":null,"layoutText":null}],"mainLabel":201},"portCompositions":[{"type":"portGroup","@id":202,"ordered":false,"portCompositions":[{"type":"port","@id":203,"shape":{"type":"rect","xposition":"NaN","yposition":"NaN","width":"NaN","height":"NaN","shapeStyle":2},"labelManager":{"labels":[{"type":"textLabel","@id":204,"inputText":"3","labelStyle":4,"shape":null,"layoutText":null}],"mainLabel":204},"properties":{},"orientationAtVertex":"FREE","reference":null},{"type":"port","@id":205,"shape":{"type":"rect","xposition":"NaN","yposition":"NaN","width":"NaN","height":"NaN","shapeStyle":2},"labelManager":{"labels":[{"type":"textLabel","@id":206,"inputText":"2","labelStyle":4,"shape":null,"layoutText":null}],"mainLabel":206},"properties":{},"orientationAtVertex":"FREE","reference":null},{"type":"port","@id":207,"shape":{"type":"rect","xposition":"NaN","yposition":"NaN","width":"NaN","height":"NaN","shapeStyle":117},"labelManager":{"labels":[{"type":"textLabel","@id":208,"inputText":"1","labelStyle":119,"shape":null,"layoutText":null}],"mainLabel":208},"properties":{},"orientationAtVertex":"FREE","reference":null}],"properties":{},"reference":null}],"properties":{},"reference":"plug"},{"@id":209,"shape":{"type":"rect","xposition":"NaN","yposition":"NaN","width":"NaN","height":"NaN","shapeStyle":2},"labelManager":{"labels":[{"type":"textLabel","@id":210,"inputText":"Luis","labelStyle":4,"shape":null,"layoutText":null}],"mainLabel":210},"portCompositions":[{"type":"portGroup","@id":211,"ordered":false,"portCompositions":[{"type":"port","@id":212,"shape":{"type":"rect","xposition":"NaN","yposition":"NaN","width":"NaN","height":"NaN","shapeStyle":2},"labelManager":{"labels":[{"type":"textLabel","@id":213,"inputText":"2","labelStyle":4,"shape":null,"layoutText":null}],"mainLabel":213},"properties":{},"orientationAtVertex":"FREE","reference":null},{"type":"port","@id":214,"shape":{"type":"rect","xposition":"NaN","yposition":"NaN","width":"NaN","height":"NaN","shapeStyle":2},"labelManager":{"labels":[{"type":"textLabel","@id":215,"inputText":"1","labelStyle":4,"shape":null,"layoutText":null}],"mainLabel":215},"properties":{},"orientationAtVertex":"FREE","reference":null}],"properties":{},"reference":null}],"properties":{},"reference":"device"},{"@id":216,"shape":{"type":"rect","xposition":"NaN","yposition":"NaN","width":"NaN","height":"NaN","shapeStyle":2},"labelManager":{"labels":[{"type":"textLabel","@id":217,"inputText":"Leon","labelStyle":4,"shape":null,"layoutText":null}],"mainLabel":217},"portCompositions":[{"type":"portGroup","@id":218,"ordered":false,"portCompositions":[{"type":"port","@id":219,"shape":{"type":"rect","xposition":"NaN","yposition":"NaN","width":"NaN","height":"NaN","shapeStyle":2},"labelManager":{"labels":[{"type":"textLabel","@id":220,"inputText":"2","labelStyle":4,"shape":null,"layoutText":null}],"mainLabel":220},"properties":{},"orientationAtVertex":"FREE","reference":null},{"type":"port","@id":221,"shape":{"type":"rect","xposition":"NaN","yposition":"NaN","width":"NaN","height":"NaN","shapeStyle":2},"labelManager":{"labels":[{"type":"textLabel","@id":222,"inputText":"1","labelStyle":4,"shape":null,"layoutText":null}],"mainLabel":222},"properties":{},"orientationAtVertex":"FREE","reference":null}],"properties":{},"reference":null}],"properties":{},"reference":"plug"},{"@id":223,"shape":{"type":"rect","xposition":"NaN","yposition":"NaN","width":"NaN","height":"NaN","shapeStyle":2},"labelManager":{"labels":[{"type":"textLabel","@id":224,"inputText":"Oskar","labelStyle":4,"shape":null,"layoutText":null}],"mainLabel":224},"portCompositions":[{"type":"port","@id":225,"shape":{"type":"rect","xposition":"NaN","yposition":"NaN","width":"NaN","height":"NaN","shapeStyle":2},"labelManager":{"labels":[{"type":"textLabel","@id":226,"inputText":"1","labelStyle":4,"shape":null,"layoutText":null}],"mainLabel":226},"properties":{},"orientationAtVertex":"FREE","reference":null}],"properties":{},"reference":"splice"},{"@id":227,"shape":{"type":"rect","xposition":"NaN","yposition":"NaN","width":"NaN","height":"NaN","shapeStyle":2},"labelManager":{"labels":[{"type":"textLabel","@id":228,"inputText":"Vincent","labelStyle":4,"shape":null,"layoutText":null}],"mainLabel":228},"portCompositions":[{"type":"port","@id":229,"shape":{"type":"rect","xposition":"NaN","yposition":"NaN","width":"NaN","height":"NaN","shapeStyle":2},"labelManager":{"labels":[{"type":"textLabel","@id":230,"inputText":"1","labelStyle":4,"shape":null,"layoutText":null}],"mainLabel":230},"properties":{},"orientationAtVertex":"FREE","reference":null}],"properties":{},"reference":"splice"},{"@id":231,"shape":{"type":"rect","xposition":"NaN","yposition":"NaN","width":"NaN","height":"NaN","shapeStyle":2},"labelManager":{"labels":[{"type":"textLabel","@id":232,"inputText":"Paul","labelStyle":4,"shape":null,"layoutText":null}],"mainLabel":232},"portCompositions":[{"type":"port","@id":233,"shape":{"type":"rect","xposition":"NaN","yposition":"NaN","width":"NaN","height":"NaN","shapeStyle":2},"labelManager":{"labels":[{"type":"textLabel","@id":234,"inputText":"1","labelStyle":4,"shape":null,"layoutText":null}],"mainLabel":234},"properties":{},"orientationAtVertex":"FREE","reference":null}],"properties":{},"reference":"splice"},{"@id":235,"shape":{"type":"rect","xposition":"NaN","yposition":"NaN","width":"NaN","height":"NaN","shapeStyle":2},"labelManager":{"labels":[{"type":"textLabel","@id":236,"inputText":"Philipp","labelStyle":4,"shape":null,"layoutText":null}],"mainLabel":236},"portCompositions":[{"type":"portGroup","@id":237,"ordered":false,"portCompositions":[{"type":"port","@id":238,"shape":{"type":"rect","xposition":"NaN","yposition":"NaN","width":"NaN","height":"NaN","shapeStyle":2},"labelManager":{"labels":[{"type":"textLabel","@id":239,"inputText":"1","labelStyle":4,"shape":null,"layoutText":null}],"mainLabel":239},"properties":{},"orientationAtVertex":"FREE","reference":null},{"type":"port","@id":240,"shape":{"type":"rect","xposition":"NaN","yposition":"NaN","width":"NaN","height":"NaN","shapeStyle":2},"labelManager":{"labels":[{"type":"textLabel","@id":241,"inputText":"3","labelStyle":4,"shape":null,"layoutText":null}],"mainLabel":241},"properties":{},"orientationAtVertex":"FREE","reference":null},{"type":"port","@id":242,"shape":{"type":"rect","xposition":"NaN","yposition":"NaN","width":"NaN","height":"NaN","shapeStyle":2},"labelManager":{"labels":[{"type":"textLabel","@id":243,"inputText":"2","labelStyle":4,"shape":null,"layoutText":null}],"mainLabel":243},"properties":{},"orientationAtVertex":"FREE","reference":null}],"properties":{},"reference":null}],"properties":{},"reference":"plug"},{"@id":244,"shape":{"type":"rect","xposition":"NaN","yposition":"NaN","width":"NaN","height":"NaN","shapeStyle":2},"labelManager":{"labels":[{"type":"textLabel","@id":245,"inputText":"Louis","labelStyle":4,"shape":null,"layoutText":null}],"mainLabel":245},"portCompositions":[{"type":"portGroup","@id":246,"ordered":false,"portCompositions":[{"type":"port","@id":247,"shape":{"type":"rect","xposition":"NaN","yposition":"NaN","width":"NaN","height":"NaN","shapeStyle":2},"labelManager":{"labels":[{"type":"textLabel","@id":248,"inputText":"1","labelStyle":4,"shape":null,"layoutText":null}],"mainLabel":248},"properties":{},"orientationAtVertex":"FREE","reference":null},{"type":"port","@id":249,"shape":{"type":"rect","xposition":"NaN","yposition":"NaN","width":"NaN","height":"NaN","shapeStyle":2},"labelManager":{"labels":[{"type":"textLabel","@id":250,"inputText":"3","labelStyle":4,"shape":null,"layoutText":null}],"mainLabel":250},"properties":{},"orientationAtVertex":"FREE","reference":null},{"type":"port","@id":251,"shape":{"type":"rect","xposition":"NaN","yposition":"NaN","width":"NaN","height":"NaN","shapeStyle":2},"labelManager":{"labels":[{"type":"textLabel","@id":252,"inputText":"2","labelStyle":4,"shape":null,"layoutText":null}],"mainLabel":252},"properties":{},"orientationAtVertex":"FREE","reference":null}],"properties":{},"reference":null}],"properties":{},"reference":"plug"},{"@id":253,"shape":{"type":"rect","xposition":"NaN","yposition":"NaN","width":"NaN","height":"NaN","shapeStyle":2},"labelManager":{"labels":[{"type":"textLabel","@id":254,"inputText":"Finn","labelStyle":4,"shape":null,"layoutText":null}],"mainLabel":254},"portCompositions":[{"type":"portGroup","@id":255,"ordered":false,"portCompositions":[{"type":"port","@id":256,"shape":{"type":"rect","xposition":"NaN","yposition":"NaN","width":"NaN","height":"NaN","shapeStyle":2},"labelManager":{"labels":[{"type":"textLabel","@id":257,"inputText":"2","labelStyle":4,"shape":null,"layoutText":null}],"mainLabel":257},"properties":{},"orientationAtVertex":"FREE","reference":null},{"type":"port","@id":258,"shape":{"type":"rect","xposition":"NaN","yposition":"NaN","width":"NaN","height":"NaN","shapeStyle":2},"labelManager":{"labels":[{"type":"textLabel","@id":259,"inputText":"1","labelStyle":4,"shape":null,"layoutText":null}],"mainLabel":259},"properties":{},"orientationAtVertex":"FREE","reference":null}],"properties":{},"reference":null}],"properties":{},"reference":"plug"},{"@id":260,"shape":{"type":"rect","xposition":"NaN","yposition":"NaN","width":"NaN","height":"NaN","shapeStyle":2},"labelManager":{"labels":[{"type":"textLabel","@id":261,"inputText":"Liam","labelStyle":4,"shape":null,"layoutText":null}],"mainLabel":261},"portCompositions":[{"type":"portGroup","@id":262,"ordered":false,"portCompositions":[{"type":"port","@id":263,"shape":{"type":"rect","xposition":"NaN","yposition":"NaN","width":"NaN","height":"NaN","shapeStyle":2},"labelManager":{"labels":[{"type":"textLabel","@id":264,"inputText":"2","labelStyle":4,"shape":null,"layoutText":null}],"mainLabel":264},"properties":{},"orientationAtVertex":"FREE","reference":null},{"type":"port","@id":265,"shape":{"type":"rect","xposition":"NaN","yposition":"NaN","width":"NaN","height":"NaN","shapeStyle":2},"labelManager":{"labels":[{"type":"textLabel","@id":266,"inputText":"1","labelStyle":4,"shape":null,"layoutText":null}],"mainLabel":266},"properties":{},"orientationAtVertex":"FREE","reference":null}],"properties":{},"reference":null}],"properties":{},"reference":"plug"},{"@id":267,"shape":{"type":"rect","xposition":"NaN","yposition":"NaN","width":"NaN","height":"NaN","shapeStyle":2},"labelManager":{"labels":[{"type":"textLabel","@id":268,"inputText":"Samuel","labelStyle":4,"shape":null,"layoutText":null}],"mainLabel":268},"portCompositions":[{"type":"portGroup","@id":269,"ordered":false,"portCompositions":[{"type":"port","@id":270,"shape":{"type":"rect","xposition":"NaN","yposition":"NaN","width":"NaN","height":"NaN","shapeStyle":2},"labelManager":{"labels":[{"type":"textLabel","@id":271,"inputText":"1","labelStyle":4,"shape":null,"layoutText":null}],"mainLabel":271},"properties":{},"orientationAtVertex":"FREE","reference":null}],"properties":{},"reference":null}],"properties":{},"reference":"plug"},{"@id":272,"shape":{"type":"rect","xposition":"NaN","yposition":"NaN","width":"NaN","height":"NaN","shapeStyle":2},"labelManager":{"labels":[{"type":"textLabel","@id":273,"inputText":"Peter","labelStyle":4,"shape":null,"layoutText":null}],"mainLabel":273},"portCompositions":[{"type":"portGroup","@id":274,"ordered":false,"portCompositions":[{"type":"port","@id":275,"shape":{"type":"rect","xposition":"NaN","yposition":"NaN","width":"NaN","height":"NaN","shapeStyle":2},"labelManager":{"labels":[{"type":"textLabel","@id":276,"inputText":"1","labelStyle":4,"shape":null,"layoutText":null}],"mainLabel":276},"properties":{},"orientationAtVertex":"FREE","reference":null}],"properties":{},"reference":null}],"properties":{},"reference":"plug"},{"@id":277,"shape":{"type":"rect","xposition":"NaN","yposition":"NaN","width":"NaN","height":"NaN","shapeStyle":2},"labelManager":{"labels":[{"type":"textLabel","@id":278,"inputText":"Noah","labelStyle":4,"shape":null,"layoutText":null}],"mainLabel":278},"portCompositions":[{"type":"portGroup","@id":279,"ordered":false,"portCompositions":[{"type":"port","@id":280,"shape":{"type":"rect","xposition":"NaN","yposition":"NaN","width":"NaN","height":"NaN","shapeStyle":2},"labelManager":{"labels":[{"type":"textLabel","@id":281,"inputText":"7","labelStyle":4,"shape":null,"layoutText":null}],"mainLabel":281},"properties":{},"orientationAtVertex":"FREE","reference":null},{"type":"port","@id":282,"shape":{"type":"rect","xposition":"NaN","yposition":"NaN","width":"NaN","height":"NaN","shapeStyle":2},"labelManager":{"labels":[{"type":"textLabel","@id":283,"inputText":"3","labelStyle":4,"shape":null,"layoutText":null}],"mainLabel":283},"properties":{},"orientationAtVertex":"FREE","reference":null},{"type":"port","@id":284,"shape":{"type":"rect","xposition":"NaN","yposition":"NaN","width":"NaN","height":"NaN","shapeStyle":2},"labelManager":{"labels":[{"type":"textLabel","@id":285,"inputText":"6","labelStyle":4,"shape":null,"layoutText":null}],"mainLabel":285},"properties":{},"orientationAtVertex":"FREE","reference":null},{"type":"port","@id":286,"shape":{"type":"rect","xposition":"NaN","yposition":"NaN","width":"NaN","height":"NaN","shapeStyle":2},"labelManager":{"labels":[{"type":"textLabel","@id":287,"inputText":"5","labelStyle":4,"shape":null,"layoutText":null}],"mainLabel":287},"properties":{},"orientationAtVertex":"FREE","reference":null},{"type":"port","@id":288,"shape":{"type":"rect","xposition":"NaN","yposition":"NaN","width":"NaN","height":"NaN","shapeStyle":2},"labelManager":{"labels":[{"type":"textLabel","@id":289,"inputText":"4","labelStyle":4,"shape":null,"layoutText":null}],"mainLabel":289},"properties":{},"orientationAtVertex":"FREE","reference":null},{"type":"port","@id":290,"shape":{"type":"rect","xposition":"NaN","yposition":"NaN","width":"NaN","height":"NaN","shapeStyle":2},"labelManager":{"labels":[{"type":"textLabel","@id":291,"inputText":"2","labelStyle":4,"shape":null,"layoutText":null}],"mainLabel":291},"properties":{},"orientationAtVertex":"FREE","reference":null},{"type":"port","@id":292,"shape":{"type":"rect","xposition":"NaN","yposition":"NaN","width":"NaN","height":"NaN","shapeStyle":2},"labelManager":{"labels":[{"type":"textLabel","@id":293,"inputText":"9","labelStyle":4,"shape":null,"layoutText":null}],"mainLabel":293},"properties":{},"orientationAtVertex":"FREE","reference":null},{"type":"port","@id":294,"shape":{"type":"rect","xposition":"NaN","yposition":"NaN","width":"NaN","height":"NaN","shapeStyle":2},"labelManager":{"labels":[{"type":"textLabel","@id":295,"inputText":"1","labelStyle":4,"shape":null,"layoutText":null}],"mainLabel":295},"properties":{},"orientationAtVertex":"FREE","reference":null},{"type":"port","@id":296,"shape":{"type":"rect","xposition":"NaN","yposition":"NaN","width":"NaN","height":"NaN","shapeStyle":117},"labelManager":{"labels":[{"type":"textLabel","@id":297,"inputText":"8","labelStyle":119,"shape":null,"layoutText":null}],"mainLabel":297},"properties":{},"orientationAtVertex":"FREE","reference":null}],"properties":{},"reference":null}],"properties":{},"reference":"device"},{"@id":298,"shape":{"type":"rect","xposition":"NaN","yposition":"NaN","width":"NaN","height":"NaN","shapeStyle":2},"labelManager":{"labels":[{"type":"textLabel","@id":299,"inputText":"Leonard","labelStyle":4,"shape":null,"layoutText":null}],"mainLabel":299},"portCompositions":[{"type":"portGroup","@id":300,"ordered":false,"portCompositions":[{"type":"port","@id":301,"shape":{"type":"rect","xposition":"NaN","yposition":"NaN","width":"NaN","height":"NaN","shapeStyle":2},"labelManager":{"labels":[{"type":"textLabel","@id":302,"inputText":"7","labelStyle":4,"shape":null,"layoutText":null}],"mainLabel":302},"properties":{},"orientationAtVertex":"FREE","reference":null},{"type":"port","@id":303,"shape":{"type":"rect","xposition":"NaN","yposition":"NaN","width":"NaN","height":"NaN","shapeStyle":2},"labelManager":{"labels":[{"type":"textLabel","@id":304,"inputText":"3","labelStyle":4,"shape":null,"layoutText":null}],"mainLabel":304},"properties":{},"orientationAtVertex":"FREE","reference":null},{"type":"port","@id":305,"shape":{"type":"rect","xposition":"NaN","yposition":"NaN","width":"NaN","height":"NaN","shapeStyle":2},"labelManager":{"labels":[{"type":"textLabel","@id":306,"inputText":"6","labelStyle":4,"shape":null,"layoutText":null}],"mainLabel":306},"properties":{},"orientationAtVertex":"FREE","reference":null},{"type":"port","@id":307,"shape":{"type":"rect","xposition":"NaN","yposition":"NaN","width":"NaN","height":"NaN","shapeStyle":2},"labelManager":{"labels":[{"type":"textLabel","@id":308,"inputText":"5","labelStyle":4,"shape":null,"layoutText":null}],"mainLabel":308},"properties":{},"orientationAtVertex":"FREE","reference":null},{"type":"port","@id":309,"shape":{"type":"rect","xposition":"NaN","yposition":"NaN","width":"NaN","height":"NaN","shapeStyle":2},"labelManager":{"labels":[{"type":"textLabel","@id":310,"inputText":"4","labelStyle":4,"shape":null,"layoutText":null}],"mainLabel":310},"properties":{},"orientationAtVertex":"FREE","reference":null},{"type":"port","@id":311,"shape":{"type":"rect","xposition":"NaN","yposition":"NaN","width":"NaN","height":"NaN","shapeStyle":2},"labelManager":{"labels":[{"type":"textLabel","@id":312,"inputText":"2","labelStyle":4,"shape":null,"layoutText":null}],"mainLabel":312},"properties":{},"orientationAtVertex":"FREE","reference":null},{"type":"port","@id":313,"shape":{"type":"rect","xposition":"NaN","yposition":"NaN","width":"NaN","height":"NaN","shapeStyle":2},"labelManager":{"labels":[{"type":"textLabel","@id":314,"inputText":"9","labelStyle":4,"shape":null,"layoutText":null}],"mainLabel":314},"properties":{},"orientationAtVertex":"FREE","reference":null},{"type":"port","@id":315,"shape":{"type":"rect","xposition":"NaN","yposition":"NaN","width":"NaN","height":"NaN","shapeStyle":2},"labelManager":{"labels":[{"type":"textLabel","@id":316,"inputText":"1","labelStyle":4,"shape":null,"layoutText":null}],"mainLabel":316},"properties":{},"orientationAtVertex":"FREE","reference":null},{"type":"port","@id":317,"shape":{"type":"rect","xposition":"NaN","yposition":"NaN","width":"NaN","height":"NaN","shapeStyle":117},"labelManager":{"labels":[{"type":"textLabel","@id":318,"inputText":"8","labelStyle":119,"shape":null,"layoutText":null}],"mainLabel":318},"properties":{},"orientationAtVertex":"FREE","reference":null}],"properties":{},"reference":null}],"properties":{},"reference":"plug"},{"@id":319,"shape":{"type":"rect","xposition":"NaN","yposition":"NaN","width":"NaN","height":"NaN","shapeStyle":2},"labelManager":{"labels":[{"type":"textLabel","@id":320,"inputText":"Frederik","labelStyle":4,"shape":null,"layoutText":null}],"mainLabel":320},"portCompositions":[{"type":"portGroup","@id":321,"ordered":false,"portCompositions":[{"type":"port","@id":322,"shape":{"type":"rect","xposition":"NaN","yposition":"NaN","width":"NaN","height":"NaN","shapeStyle":2},"labelManager":{"labels":[{"type":"textLabel","@id":323,"inputText":"2","labelStyle":4,"shape":null,"layoutText":null}],"mainLabel":323},"properties":{},"orientationAtVertex":"FREE","reference":null},{"type":"port","@id":324,"shape":{"type":"rect","xposition":"NaN","yposition":"NaN","width":"NaN","height":"NaN","shapeStyle":2},"labelManager":{"labels":[{"type":"textLabel","@id":325,"inputText":"1","labelStyle":4,"shape":null,"layoutText":null}],"mainLabel":325},"properties":{},"orientationAtVertex":"FREE","reference":null},{"type":"port","@id":326,"shape":{"type":"rect","xposition":"NaN","yposition":"NaN","width":"NaN","height":"NaN","shapeStyle":2},"labelManager":{"labels":[{"type":"textLabel","@id":327,"inputText":"3","labelStyle":4,"shape":null,"layoutText":null}],"mainLabel":327},"properties":{},"orientationAtVertex":"FREE","reference":null}],"properties":{},"reference":null}],"properties":{},"reference":"plug"},{"@id":328,"shape":{"type":"rect","xposition":"NaN","yposition":"NaN","width":"NaN","height":"NaN","shapeStyle":2},"labelManager":{"labels":[{"type":"textLabel","@id":329,"inputText":"Tom","labelStyle":4,"shape":null,"layoutText":null}],"mainLabel":329},"portCompositions":[{"type":"portGroup","@id":330,"ordered":false,"portCompositions":[{"type":"port","@id":331,"shape":{"type":"rect","xposition":"NaN","yposition":"NaN","width":"NaN","height":"NaN","shapeStyle":2},"labelManager":{"labels":[{"type":"textLabel","@id":332,"inputText":"2","labelStyle":4,"shape":null,"layoutText":null}],"mainLabel":332},"properties":{},"orientationAtVertex":"FREE","reference":null},{"type":"port","@id":333,"shape":{"type":"rect","xposition":"NaN","yposition":"NaN","width":"NaN","height":"NaN","shapeStyle":2},"labelManager":{"labels":[{"type":"textLabel","@id":334,"inputText":"1","labelStyle":4,"shape":null,"layoutText":null}],"mainLabel":334},"properties":{},"orientationAtVertex":"FREE","reference":null},{"type":"port","@id":335,"shape":{"type":"rect","xposition":"NaN","yposition":"NaN","width":"NaN","height":"NaN","shapeStyle":2},"labelManager":{"labels":[{"type":"textLabel","@id":336,"inputText":"3","labelStyle":4,"shape":null,"layoutText":null}],"mainLabel":336},"properties":{},"orientationAtVertex":"FREE","reference":null}],"properties":{},"reference":null}],"properties":{},"reference":"plug"},{"@id":337,"shape":{"type":"rect","xposition":"NaN","yposition":"NaN","width":"NaN","height":"NaN","shapeStyle":2},"labelManager":{"labels":[{"type":"textLabel","@id":338,"inputText":"Julian","labelStyle":4,"shape":null,"layoutText":null}],"mainLabel":338},"portCompositions":[{"type":"portGroup","@id":339,"ordered":false,"portCompositions":[{"type":"port","@id":340,"shape":{"type":"rect","xposition":"NaN","yposition":"NaN","width":"NaN","height":"NaN","shapeStyle":2},"labelManager":{"labels":[{"type":"textLabel","@id":341,"inputText":"4","labelStyle":4,"shape":null,"layoutText":null}],"mainLabel":341},"properties":{},"orientationAtVertex":"FREE","reference":null},{"type":"port","@id":342,"shape":{"type":"rect","xposition":"NaN","yposition":"NaN","width":"NaN","height":"NaN","shapeStyle":2},"labelManager":{"labels":[{"type":"textLabel","@id":343,"inputText":"2","labelStyle":4,"shape":null,"layoutText":null}],"mainLabel":343},"properties":{},"orientationAtVertex":"FREE","reference":null},{"type":"port","@id":344,"shape":{"type":"rect","xposition":"NaN","yposition":"NaN","width":"NaN","height":"NaN","shapeStyle":2},"labelManager":{"labels":[{"type":"textLabel","@id":345,"inputText":"1","labelStyle":4,"shape":null,"layoutText":null}],"mainLabel":345},"properties":{},"orientationAtVertex":"FREE","reference":null},{"type":"port","@id":346,"shape":{"type":"rect","xposition":"NaN","yposition":"NaN","width":"NaN","height":"NaN","shapeStyle":2},"labelManager":{"labels":[{"type":"textLabel","@id":347,"inputText":"3","labelStyle":4,"shape":null,"layoutText":null}],"mainLabel":347},"properties":{},"orientationAtVertex":"FREE","reference":null}],"properties":{},"reference":null}],"properties":{},"reference":"device"},{"@id":348,"shape":{"type":"rect","xposition":"NaN","yposition":"NaN","width":"NaN","height":"NaN","shapeStyle":2},"labelManager":{"labels":[{"type":"textLabel","@id":349,"inputText":"Levi","labelStyle":4,"shape":null,"layoutText":null}],"mainLabel":349},"portCompositions":[{"type":"portGroup","@id":350,"ordered":false,"portCompositions":[{"type":"port","@id":351,"shape":{"type":"rect","xposition":"NaN","yposition":"NaN","width":"NaN","height":"NaN","shapeStyle":2},"labelManager":{"labels":[{"type":"textLabel","@id":352,"inputText":"4","labelStyle":4,"shape":null,"layoutText":null}],"mainLabel":352},"properties":{},"orientationAtVertex":"FREE","reference":null},{"type":"port","@id":353,"shape":{"type":"rect","xposition":"NaN","yposition":"NaN","width":"NaN","height":"NaN","shapeStyle":2},"labelManager":{"labels":[{"type":"textLabel","@id":354,"inputText":"2","labelStyle":4,"shape":null,"layoutText":null}],"mainLabel":354},"properties":{},"orientationAtVertex":"FREE","reference":null},{"type":"port","@id":355,"shape":{"type":"rect","xposition":"NaN","yposition":"NaN","width":"NaN","height":"NaN","shapeStyle":2},"labelManager":{"labels":[{"type":"textLabel","@id":356,"inputText":"1","labelStyle":4,"shape":null,"layoutText":null}],"mainLabel":356},"properties":{},"orientationAtVertex":"FREE","reference":null},{"type":"port","@id":357,"shape":{"type":"rect","xposition":"NaN","yposition":"NaN","width":"NaN","height":"NaN","shapeStyle":2},"labelManager":{"labels":[{"type":"textLabel","@id":358,"inputText":"3","labelStyle":4,"shape":null,"layoutText":null}],"mainLabel":358},"properties":{},"orientationAtVertex":"FREE","reference":null}],"properties":{},"reference":null}],"properties":{},"reference":"plug"},{"@id":359,"shape":{"type":"rect","xposition":"NaN","yposition":"NaN","width":"NaN","height":"NaN","shapeStyle":2},"labelManager":{"labels":[{"type":"textLabel","@id":360,"inputText":"Karl","labelStyle":4,"shape":null,"layoutText":null}],"mainLabel":360},"portCompositions":[{"type":"port","@id":361,"shape":{"type":"rect","xposition":"NaN","yposition":"NaN","width":"NaN","height":"NaN","shapeStyle":2},"labelManager":{"labels":[{"type":"textLabel","@id":362,"inputText":"1","labelStyle":4,"shape":null,"layoutText":null}],"mainLabel":362},"properties":{},"orientationAtVertex":"FREE","reference":null}],"properties":{},"reference":"splice"},{"@id":363,"shape":{"type":"rect","xposition":"NaN","yposition":"NaN","width":"NaN","height":"NaN","shapeStyle":2},"labelManager":{"labels":[{"type":"textLabel","@id":364,"inputText":"Leo","labelStyle":4,"shape":null,"layoutText":null}],"mainLabel":364},"portCompositions":[{"type":"portGroup","@id":365,"ordered":false,"portCompositions":[{"type":"port","@id":366,"shape":{"type":"rect","xposition":"NaN","yposition":"NaN","width":"NaN","height":"NaN","shapeStyle":2},"labelManager":{"labels":[{"type":"textLabel","@id":367,"inputText":"2","labelStyle":4,"shape":null,"layoutText":null}],"mainLabel":367},"properties":{},"orientationAtVertex":"FREE","reference":null},{"type":"port","@id":368,"shape":{"type":"rect","xposition":"NaN","yposition":"NaN","width":"NaN","height":"NaN","shapeStyle":2},"labelManager":{"labels":[{"type":"textLabel","@id":369,"inputText":"1","labelStyle":4,"shape":null,"layoutText":null}],"mainLabel":369},"properties":{},"orientationAtVertex":"FREE","reference":null}],"properties":{},"reference":null}],"properties":{},"reference":"device"},{"@id":370,"shape":{"type":"rect","xposition":"NaN","yposition":"NaN","width":"NaN","height":"NaN","shapeStyle":2},"labelManager":{"labels":[{"type":"textLabel","@id":371,"inputText":"Christian","labelStyle":4,"shape":null,"layoutText":null}],"mainLabel":371},"portCompositions":[{"type":"portGroup","@id":372,"ordered":false,"portCompositions":[{"type":"port","@id":373,"shape":{"type":"rect","xposition":"NaN","yposition":"NaN","width":"NaN","height":"NaN","shapeStyle":2},"labelManager":{"labels":[{"type":"textLabel","@id":374,"inputText":"2","labelStyle":4,"shape":null,"layoutText":null}],"mainLabel":374},"properties":{},"orientationAtVertex":"FREE","reference":null},{"type":"port","@id":375,"shape":{"type":"rect","xposition":"NaN","yposition":"NaN","width":"NaN","height":"NaN","shapeStyle":2},"labelManager":{"labels":[{"type":"textLabel","@id":376,"inputText":"1","labelStyle":4,"shape":null,"layoutText":null}],"mainLabel":376},"properties":{},"orientationAtVertex":"FREE","reference":null}],"properties":{},"reference":null}],"properties":{},"reference":"plug"},{"@id":377,"shape":{"type":"rect","xposition":"NaN","yposition":"NaN","width":"NaN","height":"NaN","shapeStyle":2},"labelManager":{"labels":[{"type":"textLabel","@id":378,"inputText":"Daniel","labelStyle":4,"shape":null,"layoutText":null}],"mainLabel":378},"portCompositions":[{"type":"portGroup","@id":379,"ordered":false,"portCompositions":[{"type":"port","@id":380,"shape":{"type":"rect","xposition":"NaN","yposition":"NaN","width":"NaN","height":"NaN","shapeStyle":2},"labelManager":{"labels":[{"type":"textLabel","@id":381,"inputText":"4","labelStyle":4,"shape":null,"layoutText":null}],"mainLabel":381},"properties":{},"orientationAtVertex":"FREE","reference":null},{"type":"port","@id":382,"shape":{"type":"rect","xposition":"NaN","yposition":"NaN","width":"NaN","height":"NaN","shapeStyle":2},"labelManager":{"labels":[{"type":"textLabel","@id":383,"inputText":"2","labelStyle":4,"shape":null,"layoutText":null}],"mainLabel":383},"properties":{},"orientationAtVertex":"FREE","reference":null},{"type":"port","@id":384,"shape":{"type":"rect","xposition":"NaN","yposition":"NaN","width":"NaN","height":"NaN","shapeStyle":2},"labelManager":{"labels":[{"type":"textLabel","@id":385,"inputText":"1","labelStyle":4,"shape":null,"layoutText":null}],"mainLabel":385},"properties":{},"orientationAtVertex":"FREE","reference":null},{"type":"port","@id":386,"shape":{"type":"rect","xposition":"NaN","yposition":"NaN","width":"NaN","height":"NaN","shapeStyle":2},"labelManager":{"labels":[{"type":"textLabel","@id":387,"inputText":"6","labelStyle":4,"shape":null,"layoutText":null}],"mainLabel":387},"properties":{},"orientationAtVertex":"FREE","reference":null},{"type":"port","@id":388,"shape":{"type":"rect","xposition":"NaN","yposition":"NaN","width":"NaN","height":"NaN","shapeStyle":2},"labelManager":{"labels":[{"type":"textLabel","@id":389,"inputText":"7","labelStyle":4,"shape":null,"layoutText":null}],"mainLabel":389},"properties":{},"orientationAtVertex":"FREE","reference":null},{"type":"port","@id":390,"shape":{"type":"rect","xposition":"NaN","yposition":"NaN","width":"NaN","height":"NaN","shapeStyle":117},"labelManager":{"labels":[{"type":"textLabel","@id":391,"inputText":"5","labelStyle":119,"shape":null,"layoutText":null}],"mainLabel":391},"properties":{},"orientationAtVertex":"FREE","reference":null},{"type":"port","@id":392,"shape":{"type":"rect","xposition":"NaN","yposition":"NaN","width":"NaN","height":"NaN","shapeStyle":117},"labelManager":{"labels":[{"type":"textLabel","@id":393,"inputText":"3","labelStyle":119,"shape":null,"layoutText":null}],"mainLabel":393},"properties":{},"orientationAtVertex":"FREE","reference":null}],"properties":{},"reference":null}],"properties":{},"reference":"device"},{"@id":394,"shape":{"type":"rect","xposition":"NaN","yposition":"NaN","width":"NaN","height":"NaN","shapeStyle":2},"labelManager":{"labels":[{"type":"textLabel","@id":395,"inputText":"Henry","labelStyle":4,"shape":null,"layoutText":null}],"mainLabel":395},"portCompositions":[{"type":"portGroup","@id":396,"ordered":false,"portCompositions":[{"type":"port","@id":397,"shape":{"type":"rect","xposition":"NaN","yposition":"NaN","width":"NaN","height":"NaN","shapeStyle":2},"labelManager":{"labels":[{"type":"textLabel","@id":398,"inputText":"4","labelStyle":4,"shape":null,"layoutText":null}],"mainLabel":398},"properties":{},"orientationAtVertex":"FREE","reference":null},{"type":"port","@id":399,"shape":{"type":"rect","xposition":"NaN","yposition":"NaN","width":"NaN","height":"NaN","shapeStyle":2},"labelManager":{"labels":[{"type":"textLabel","@id":400,"inputText":"2","labelStyle":4,"shape":null,"layoutText":null}],"mainLabel":400},"properties":{},"orientationAtVertex":"FREE","reference":null},{"type":"port","@id":401,"shape":{"type":"rect","xposition":"NaN","yposition":"NaN","width":"NaN","height":"NaN","shapeStyle":2},"labelManager":{"labels":[{"type":"textLabel","@id":402,"inputText":"1","labelStyle":4,"shape":null,"layoutText":null}],"mainLabel":402},"properties":{},"orientationAtVertex":"FREE","reference":null},{"type":"port","@id":403,"shape":{"type":"rect","xposition":"NaN","yposition":"NaN","width":"NaN","height":"NaN","shapeStyle":2},"labelManager":{"labels":[{"type":"textLabel","@id":404,"inputText":"6","labelStyle":4,"shape":null,"layoutText":null}],"mainLabel":404},"properties":{},"orientationAtVertex":"FREE","reference":null},{"type":"port","@id":405,"shape":{"type":"rect","xposition":"NaN","yposition":"NaN","width":"NaN","height":"NaN","shapeStyle":2},"labelManager":{"labels":[{"type":"textLabel","@id":406,"inputText":"7","labelStyle":4,"shape":null,"layoutText":null}],"mainLabel":406},"properties":{},"orientationAtVertex":"FREE","reference":null},{"type":"port","@id":407,"shape":{"type":"rect","xposition":"NaN","yposition":"NaN","width":"NaN","height":"NaN","shapeStyle":117},"labelManager":{"labels":[{"type":"textLabel","@id":408,"inputText":"5","labelStyle":119,"shape":null,"layoutText":null}],"mainLabel":408},"properties":{},"orientationAtVertex":"FREE","reference":null},{"type":"port","@id":409,"shape":{"type":"rect","xposition":"NaN","yposition":"NaN","width":"NaN","height":"NaN","shapeStyle":117},"labelManager":{"labels":[{"type":"textLabel","@id":410,"inputText":"3","labelStyle":119,"shape":null,"layoutText":null}],"mainLabel":410},"properties":{},"orientationAtVertex":"FREE","reference":null}],"properties":{},"reference":null}],"properties":{},"reference":"plug"},{"@id":411,"shape":null,"labelManager":{"labels":[{"type":"textLabel","@id":412,"inputText":"Luca","labelStyle":119,"shape":null,"layoutText":null}],"mainLabel":412},"portCompositions":[{"type":"portGroup","@id":413,"ordered":false,"portCompositions":[{"type":"port","@id":414,"shape":{"type":"rect","xposition":"NaN","yposition":"NaN","width":"NaN","height":"NaN","shapeStyle":117},"labelManager":{"labels":[{"type":"textLabel","@id":415,"inputText":"1","labelStyle":119,"shape":null,"layoutText":null}],"mainLabel":415},"properties":{},"orientationAtVertex":"FREE","reference":null},{"type":"port","@id":416,"shape":{"type":"rect","xposition":"NaN","yposition":"NaN","width":"NaN","height":"NaN","shapeStyle":117},"labelManager":{"labels":[{"type":"textLabel","@id":417,"inputText":"2","labelStyle":119,"shape":null,"layoutText":null}],"mainLabel":417},"properties":{},"orientationAtVertex":"FREE","reference":null}],"properties":{},"reference":null}],"properties":{},"reference":null},{"@id":418,"shape":null,"labelManager":{"labels":[{"type":"textLabel","@id":419,"inputText":"Johann","labelStyle":119,"shape":null,"layoutText":null}],"mainLabel":419},"portCompositions":[{"type":"portGroup","@id":420,"ordered":false,"portCompositions":[{"type":"port","@id":421,"shape":{"type":"rect","xposition":"NaN","yposition":"NaN","width":"NaN","height":"NaN","shapeStyle":117},"labelManager":{"labels":[{"type":"textLabel","@id":422,"inputText":"1","labelStyle":119,"shape":null,"layoutText":null}],"mainLabel":422},"properties":{},"orientationAtVertex":"FREE","reference":null},{"type":"port","@id":423,"shape":{"type":"rect","xposition":"NaN","yposition":"NaN","width":"NaN","height":"NaN","shapeStyle":117},"labelManager":{"labels":[{"type":"textLabel","@id":424,"inputText":"2","labelStyle":119,"shape":null,"layoutText":null}],"mainLabel":424},"properties":{},"orientationAtVertex":"FREE","reference":null}],"properties":{},"reference":null}],"properties":{},"reference":null},{"@id":425,"shape":null,"labelManager":{"labels":[{"type":"textLabel","@id":426,"inputText":"Elias","labelStyle":119,"shape":null,"layoutText":null}],"mainLabel":426},"portCompositions":[{"type":"portGroup","@id":427,"ordered":false,"portCompositions":[{"type":"port","@id":428,"shape":{"type":"rect","xposition":"NaN","yposition":"NaN","width":"NaN","height":"NaN","shapeStyle":117},"labelManager":{"labels":[{"type":"textLabel","@id":429,"inputText":"1","labelStyle":119,"shape":null,"layoutText":null}],"mainLabel":429},"properties":{},"orientationAtVertex":"FREE","reference":null}],"properties":{},"reference":null}],"properties":{},"reference":null},{"@id":430,"shape":null,"labelManager":{"labels":[{"type":"textLabel","@id":431,"inputText":"David","labelStyle":119,"shape":null,"layoutText":null}],"mainLabel":431},"portCompositions":[{"type":"portGroup","@id":432,"ordered":false,"portCompositions":[{"type":"port","@id":433,"shape":{"type":"rect","xposition":"NaN","yposition":"NaN","width":"NaN","height":"NaN","shapeStyle":117},"labelManager":{"labels":[{"type":"textLabel","@id":434,"inputText":"1","labelStyle":119,"shape":null,"layoutText":null}],"mainLabel":434},"properties":{},"orientationAtVertex":"FREE","reference":null}],"properties":{},"reference":null}],"properties":{},"reference":null},{"@id":435,"shape":null,"labelManager":{"labels":[{"type":"textLabel","@id":436,"inputText":"Niklas","labelStyle":119,"shape":null,"layoutText":null}],"mainLabel":436},"portCompositions":[{"type":"portGroup","@id":437,"ordered":false,"portCompositions":[{"type":"port","@id":438,"shape":{"type":"rect","xposition":"NaN","yposition":"NaN","width":"NaN","height":"NaN","shapeStyle":117},"labelManager":{"labels":[{"type":"textLabel","@id":439,"inputText":"1","labelStyle":119,"shape":null,"layoutText":null}],"mainLabel":439},"properties":{},"orientationAtVertex":"FREE","reference":null}],"properties":{},"reference":null}],"properties":{},"reference":null},{"@id":440,"shape":null,"labelManager":{"labels":[{"type":"textLabel","@id":441,"inputText":"Luis","labelStyle":119,"shape":null,"layoutText":null}],"mainLabel":441},"portCompositions":[{"type":"portGroup","@id":442,"ordered":false,"portCompositions":[{"type":"port","@id":443,"shape":{"type":"rect","xposition":"NaN","yposition":"NaN","width":"NaN","height":"NaN","shapeStyle":117},"labelManager":{"labels":[{"type":"textLabel","@id":444,"inputText":"1","labelStyle":119,"shape":null,"layoutText":null}],"mainLabel":444},"properties":{},"orientationAtVertex":"FREE","reference":null}],"properties":{},"reference":null}],"properties":{},"reference":null},{"@id":445,"shape":null,"labelManager":{"labels":[{"type":"textLabel","@id":446,"inputText":"Valentin","labelStyle":119,"shape":null,"layoutText":null}],"mainLabel":446},"portCompositions":[{"type":"portGroup","@id":447,"ordered":false,"portCompositions":[{"type":"port","@id":448,"shape":{"type":"rect","xposition":"NaN","yposition":"NaN","width":"NaN","height":"NaN","shapeStyle":117},"labelManager":{"labels":[{"type":"textLabel","@id":449,"inputText":"1","labelStyle":119,"shape":null,"layoutText":null}],"mainLabel":449},"properties":{},"orientationAtVertex":"FREE","reference":null}],"properties":{},"reference":null}],"properties":{},"reference":null},{"@id":450,"shape":null,"labelManager":{"labels":[{"type":"textLabel","@id":451,"inputText":"Leonard","labelStyle":119,"shape":null,"layoutText":null}],"mainLabel":451},"portCompositions":[{"type":"portGroup","@id":452,"ordered":false,"portCompositions":[{"type":"port","@id":453,"shape":{"type":"rect","xposition":"NaN","yposition":"NaN","width":"NaN","height":"NaN","shapeStyle":117},"labelManager":{"labels":[{"type":"textLabel","@id":454,"inputText":"1","labelStyle":119,"shape":null,"layoutText":null}],"mainLabel":454},"properties":{},"orientationAtVertex":"FREE","reference":null}],"properties":{},"reference":null}],"properties":{},"reference":null},{"@id":455,"shape":null,"labelManager":{"labels":[{"type":"textLabel","@id":456,"inputText":"Anton","labelStyle":119,"shape":null,"layoutText":null}],"mainLabel":456},"portCompositions":[{"type":"portGroup","@id":457,"ordered":false,"portCompositions":[{"type":"port","@id":458,"shape":{"type":"rect","xposition":"NaN","yposition":"NaN","width":"NaN","height":"NaN","shapeStyle":117},"labelManager":{"labels":[{"type":"textLabel","@id":459,"inputText":"2","labelStyle":119,"shape":null,"layoutText":null}],"mainLabel":459},"properties":{},"orientationAtVertex":"FREE","reference":null},{"type":"port","@id":460,"shape":{"type":"rect","xposition":"NaN","yposition":"NaN","width":"NaN","height":"NaN","shapeStyle":117},"labelManager":{"labels":[{"type":"textLabel","@id":461,"inputText":"3","labelStyle":119,"shape":null,"layoutText":null}],"mainLabel":461},"properties":{},"orientationAtVertex":"FREE","reference":null},{"type":"port","@id":462,"shape":{"type":"rect","xposition":"NaN","yposition":"NaN","width":"NaN","height":"NaN","shapeStyle":117},"labelManager":{"labels":[{"type":"textLabel","@id":463,"inputText":"1","labelStyle":119,"shape":null,"layoutText":null}],"mainLabel":463},"properties":{},"orientationAtVertex":"FREE","reference":null}],"properties":{},"reference":null}],"properties":{},"reference":null},{"@id":464,"shape":null,"labelManager":{"labels":[{"type":"textLabel","@id":465,"inputText":"Henri","labelStyle":119,"shape":null,"layoutText":null}],"mainLabel":465},"portCompositions":[{"type":"portGroup","@id":466,"ordered":false,"portCompositions":[{"type":"port","@id":467,"shape":{"type":"rect","xposition":"NaN","yposition":"NaN","width":"NaN","height":"NaN","shapeStyle":117},"labelManager":{"labels":[{"type":"textLabel","@id":468,"inputText":"2","labelStyle":119,"shape":null,"layoutText":null}],"mainLabel":468},"properties":{},"orientationAtVertex":"FREE","reference":null},{"type":"port","@id":469,"shape":{"type":"rect","xposition":"NaN","yposition":"NaN","width":"NaN","height":"NaN","shapeStyle":117},"labelManager":{"labels":[{"type":"textLabel","@id":470,"inputText":"3","labelStyle":119,"shape":null,"layoutText":null}],"mainLabel":470},"properties":{},"orientationAtVertex":"FREE","reference":null},{"type":"port","@id":471,"shape":{"type":"rect","xposition":"NaN","yposition":"NaN","width":"NaN","height":"NaN","shapeStyle":117},"labelManager":{"labels":[{"type":"textLabel","@id":472,"inputText":"1","labelStyle":119,"shape":null,"layoutText":null}],"mainLabel":472},"properties":{},"orientationAtVertex":"FREE","reference":null}],"properties":{},"reference":null}],"properties":{},"reference":null}],"vertexGroups":[{"@id":473,"drawnFrame":false,"labelManager":{"labels":[],"mainLabel":null},"shape":null,"containedVertices":[1,12],"containedVertexGroups":[],"touchingPairs":[{"vertex0":1,"horizontalPlacementVertex0":"FREE","verticalPlacementVertex0":"TOP","vertex1":12,"horizontalPlacementVertex1":"FREE","verticalPlacementVertex1":"FREE"}],"portPairings":[{"port0":6,"port1":15},{"port0":8,"port1":17},{"port0":10,"port1":19}],"properties":{},"reference":null},{"@id":474,"drawnFrame":false,"labelManager":{"labels":[],"mainLabel":null},"shape":null,"containedVertices":[21,34],"containedVertexGroups":[],"touchingPairs":[{"vertex0":21,"horizontalPlacementVertex0":"FREE","verticalPlacementVertex0":"TOP","vertex1":34,"horizontalPlacementVertex1":"FREE","verticalPlacementVertex1":"FREE"}],"portPairings":[{"port0":26,"port1":39},{"port0":24,"port1":37},{"port0":32,"port1":45},{"port0":28,"port1":41},{"port0":30,"port1":43}],"properties":{},"reference":null},{"@id":475,"drawnFrame":false,"labelManager":{"labels":[],"mainLabel":null},"shape":null,"containedVertices":[59,64],"containedVertexGroups":[],"touchingPairs":[{"vertex0":59,"horizontalPlacementVertex0":"FREE","verticalPlacementVertex0":"TOP","vertex1":64,"horizontalPlacementVertex1":"FREE","verticalPlacementVertex1":"FREE"}],"portPairings":[{"port0":62,"port1":67}],"properties":{},"reference":null},{"@id":476,"drawnFrame":false,"labelManager":{"labels":[],"mainLabel":null},"shape":null,"containedVertices":[73,86],"containedVertexGroups":[],"touchingPairs":[{"vertex0":73,"horizontalPlacementVertex0":"FREE","verticalPlacementVertex0":"TOP","vertex1":86,"horizontalPlacementVertex1":"FREE","verticalPlacementVertex1":"FREE"}],"portPairings":[{"port0":78,"port1":91},{"port0":76,"port1":89},{"port0":80,"port1":93},{"port0":82,"port1":95},{"port0":84,"port1":97}],"properties":{},"reference":null},{"@id":477,"drawnFrame":false,"labelManager":{"labels":[],"mainLabel":null},"shape":null,"containedVertices":[99,104],"containedVertexGroups":[],"touchingPairs":[{"vertex0":99,"horizontalPlacementVertex0":"FREE","verticalPlacementVertex0":"TOP","vertex1":104,"horizontalPlacementVertex1":"FREE","verticalPlacementVertex1":"FREE"}],"portPairings":[{"port0":102,"port1":107}],"properties":{},"reference":null},{"@id":478,"drawnFrame":false,"labelManager":{"labels":[],"mainLabel":null},"shape":null,"containedVertices":[109,120],"containedVertexGroups":[],"touchingPairs":[{"vertex0":109,"horizontalPlacementVertex0":"FREE","verticalPlacementVertex0":"TOP","vertex1":120,"horizontalPlacementVertex1":"FREE","verticalPlacementVertex1":"FREE"}],"portPairings":[{"port0":112,"port1":123},{"port0":114,"port1":125},{"port0":116,"port1":127}],"properties":{},"reference":null},{"@id":479,"drawnFrame":false,"labelManager":{"labels":[],"mainLabel":null},"shape":null,"containedVertices":[133,140],"containedVertexGroups":[],"touchingPairs":[{"vertex0":133,"horizontalPlacementVertex0":"FREE","verticalPlacementVertex0":"TOP","vertex1":140,"horizontalPlacementVertex1":"FREE","verticalPlacementVertex1":"FREE"}],"portPairings":[{"port0":136,"port1":143},{"port0":138,"port1":145}],"properties":{},"reference":null},{"@id":480,"drawnFrame":false,"labelManager":{"labels":[],"mainLabel":null},"shape":null,"containedVertices":[155,164],"containedVertexGroups":[],"touchingPairs":[{"vertex0":155,"horizontalPlacementVertex0":"FREE","verticalPlacementVertex0":"TOP","vertex1":164,"horizontalPlacementVertex1":"FREE","verticalPlacementVertex1":"FREE"}],"portPairings":[{"port0":160,"port1":169},{"port0":158,"port1":167},{"port0":162,"port1":171}],"properties":{},"reference":null},{"@id":481,"drawnFrame":false,"labelManager":{"labels":[],"mainLabel":null},"shape":null,"containedVertices":[173,182],"containedVertexGroups":[],"touchingPairs":[{"vertex0":173,"horizontalPlacementVertex0":"FREE","verticalPlacementVertex0":"TOP","vertex1":182,"horizontalPlacementVertex1":"FREE","verticalPlacementVertex1":"FREE"}],"portPairings":[{"port0":176,"port1":185},{"port0":178,"port1":187},{"port0":180,"port1":189}],"properties":{},"reference":null},{"@id":482,"drawnFrame":false,"labelManager":{"labels":[],"mainLabel":null},"shape":null,"containedVertices":[191,200],"containedVertexGroups":[],"touchingPairs":[{"vertex0":191,"horizontalPlacementVertex0":"FREE","verticalPlacementVertex0":"TOP","vertex1":200,"horizontalPlacementVertex1":"FREE","verticalPlacementVertex1":"FREE"}],"portPairings":[{"port0":194,"port1":203},{"port0":196,"port1":205},{"port0":198,"port1":207}],"properties":{},"reference":null},{"@id":483,"drawnFrame":false,"labelManager":{"labels":[],"mainLabel":null},"shape":null,"containedVertices":[209,216],"containedVertexGroups":[],"touchingPairs":[{"vertex0":209,"horizontalPlacementVertex0":"FREE","verticalPlacementVertex0":"TOP","vertex1":216,"horizontalPlacementVertex1":"FREE","verticalPlacementVertex1":"FREE"}],"portPairings":[{"port0":212,"port1":219},{"port0":214,"port1":221}],"properties":{},"reference":null},{"@id":484,"drawnFrame":false,"labelManager":{"labels":[],"mainLabel":null},"shape":null,"containedVertices":[235,244],"containedVertexGroups":[],"touchingPairs":[{"vertex0":235,"horizontalPlacementVertex0":"FREE","verticalPlacementVertex0":"TOP","vertex1":244,"horizontalPlacementVertex1":"FREE","verticalPlacementVertex1":"FREE"}],"portPairings":[{"port0":240,"port1":249},{"port0":238,"port1":247},{"port0":242,"port1":251}],"properties":{},"reference":null},{"@id":485,"drawnFrame":false,"labelManager":{"labels":[],"mainLabel":null},"shape":null,"containedVertices":[253,260],"containedVertexGroups":[],"touchingPairs":[{"vertex0":253,"horizontalPlacementVertex0":"FREE","verticalPlacementVertex0":"TOP","vertex1":260,"horizontalPlacementVertex1":"FREE","verticalPlacementVertex1":"FREE"}],"portPairings":[{"port0":258,"port1":265},{"port0":256,"port1":263}],"properties":{},"reference":null},{"@id":486,"drawnFrame":false,"labelManager":{"labels":[],"mainLabel":null},"shape":null,"containedVertices":[267,272],"containedVertexGroups":[],"touchingPairs":[{"vertex0":267,"horizontalPlacementVertex0":"FREE","verticalPlacementVertex0":"TOP","vertex1":272,"horizontalPlacementVertex1":"FREE","verticalPlacementVertex1":"FREE"}],"portPairings":[{"port0":270,"port1":275}],"properties":{},"reference":null},{"@id":487,"drawnFrame":false,"labelManager":{"labels":[],"mainLabel":null},"shape":null,"containedVertices":[277,298],"containedVertexGroups":[],"touchingPairs":[{"vertex0":277,"horizontalPlacementVertex0":"FREE","verticalPlacementVertex0":"TOP","vertex1":298,"horizontalPlacementVertex1":"FREE","verticalPlacementVertex1":"FREE"}],"portPairings":[{"port0":284,"port1":305},{"port0":292,"port1":313},{"port0":290,"port1":311},{"port0":294,"port1":315},{"port0":286,"port1":307},{"port0":288,"port1":309},{"port0":282,"port1":303},{"port0":280,"port1":301},{"port0":296,"port1":317}],"properties":{},"reference":null},{"@id":488,"drawnFrame":false,"labelManager":{"labels":[],"mainLabel":null},"shape":null,"containedVertices":[319,328],"containedVertexGroups":[],"touchingPairs":[{"vertex0":319,"horizontalPlacementVertex0":"FREE","verticalPlacementVertex0":"TOP","vertex1":328,"horizontalPlacementVertex1":"FREE","verticalPlacementVertex1":"FREE"}],"portPairings":[{"port0":322,"port1":331},{"port0":326,"port1":335},{"port0":324,"port1":333}],"properties":{},"reference":null},{"@id":489,"drawnFrame":false,"labelManager":{"labels":[],"mainLabel":null},"shape":null,"containedVertices":[337,348],"containedVertexGroups":[],"touchingPairs":[{"vertex0":337,"horizontalPlacementVertex0":"FREE","verticalPlacementVertex0":"TOP","vertex1":348,"horizontalPlacementVertex1":"FREE","verticalPlacementVertex1":"FREE"}],"portPairings":[{"port0":340,"port1":351},{"port0":344,"port1":355},{"port0":346,"port1":357},{"port0":342,"port1":353}],"properties":{},"reference":null},{"@id":490,"drawnFrame":false,"labelManager":{"labels":[],"mainLabel":null},"shape":null,"containedVertices":[363,370],"containedVertexGroups":[],"touchingPairs":[{"vertex0":363,"horizontalPlacementVertex0":"FREE","verticalPlacementVertex0":"TOP","vertex1":370,"horizontalPlacementVertex1":"FREE","verticalPlacementVertex1":"FREE"}],"portPairings":[{"port0":368,"port1":375},{"port0":366,"port1":373}],"properties":{},"reference":null},{"@id":491,"drawnFrame":false,"labelManager":{"labels":[],"mainLabel":null},"shape":null,"containedVertices":[377,394],"containedVertexGroups":[],"touchingPairs":[{"vertex0":377,"horizontalPlacementVertex0":"FREE","verticalPlacementVertex0":"TOP","vertex1":394,"horizontalPlacementVertex1":"FREE","verticalPlacementVertex1":"FREE"}],"portPairings":[{"port0":386,"port1":403},{"port0":380,"port1":397},{"port0":382,"port1":399},{"port0":384,"port1":401},{"port0":388,"port1":405},{"port0":390,"port1":407},{"port0":392,"port1":409}],"properties":{},"reference":null},{"@id":492,"drawnFrame":false,"labelManager":{"labels":[],"mainLabel":null},"shape":null,"containedVertices":[411,418],"containedVertexGroups":[],"touchingPairs":[{"vertex0":411,"horizontalPlacementVertex0":"FREE","verticalPlacementVertex0":"FREE","vertex1":418,"horizontalPlacementVertex1":"FREE","verticalPlacementVertex1":"FREE"}],"portPairings":[{"port0":414,"port1":421},{"port0":416,"port1":423}],"properties":{},"reference":null},{"@id":493,"drawnFrame":false,"labelManager":{"labels":[],"mainLabel":null},"shape":null,"containedVertices":[425,430],"containedVertexGroups":[],"touchingPairs":[{"vertex0":425,"horizontalPlacementVertex0":"FREE","verticalPlacementVertex0":"FREE","vertex1":430,"horizontalPlacementVertex1":"FREE","verticalPlacementVertex1":"FREE"}],"portPairings":[{"port0":428,"port1":433}],"properties":{},"reference":null},{"@id":494,"drawnFrame":false,"labelManager":{"labels":[],"mainLabel":null},"shape":null,"containedVertices":[435,440],"containedVertexGroups":[],"touchingPairs":[{"vertex0":435,"horizontalPlacementVertex0":"FREE","verticalPlacementVertex0":"FREE","vertex1":440,"horizontalPlacementVertex1":"FREE","verticalPlacementVertex1":"FREE"}],"portPairings":[{"port0":438,"port1":443}],"properties":{},"reference":null},{"@id":495,"drawnFrame":false,"labelManager":{"labels":[],"mainLabel":null},"shape":null,"containedVertices":[445,450],"containedVertexGroups":[],"touchingPairs":[{"vertex0":445,"horizontalPlacementVertex0":"FREE","verticalPlacementVertex0":"FREE","vertex1":450,"horizontalPlacementVertex1":"FREE","verticalPlacementVertex1":"FREE"}],"portPairings":[{"port0":448,"port1":453}],"properties":{},"reference":null},{"@id":496,"drawnFrame":false,"labelManager":{"labels":[],"mainLabel":null},"shape":null,"containedVertices":[455,464],"containedVertexGroups":[],"touchingPairs":[{"vertex0":455,"horizontalPlacementVertex0":"FREE","verticalPlacementVertex0":"FREE","vertex1":464,"horizontalPlacementVertex1":"FREE","verticalPlacementVertex1":"FREE"}],"portPairings":[{"port0":458,"port1":467},{"port0":460,"port1":469},{"port0":462,"port1":471}],"properties":{},"reference":null}],"edges":[{"@id":497,"ports":[169,219],"labelManager":{"innerLabels":[{"type":"textLabel","@id":498,"inputText":"Martin","labelStyle":4,"shape":null,"layoutText":null}],"allPortLabels":[],"mainLabel":498},"pathStyle":{"@id":499,"description":"default path style","thickness":-1.0,"color":{"argb":"ff000000"}},"paths":[],"properties":{},"reference":null},{"@id":500,"ports":[357,403],"labelManager":{"innerLabels":[{"type":"textLabel","@id":501,"inputText":"Milan","labelStyle":4,"shape":null,"layoutText":null}],"allPortLabels":[],"mainLabel":501},"pathStyle":499,"paths":[],"properties":{},"reference":null},{"@id":502,"ports":[19,205],"labelManager":{"innerLabels":[{"type":"textLabel","@id":503,"inputText":"Fabian","labelStyle":4,"shape":null,"layoutText":null}],"allPortLabels":[],"mainLabel":503},"pathStyle":499,"paths":[],"properties":{},"reference":null},{"@id":504,"ports":[187,233],"labelManager":{"innerLabels":[{"type":"textLabel","@id":505,"inputText":"Jasper","labelStyle":4,"shape":null,"layoutText":null}],"allPortLabels":[],"mainLabel":505},"pathStyle":499,"paths":[],"properties":{},"reference":null},{"@id":506,"ports":[333,149],"labelManager":{"innerLabels":[{"type":"textLabel","@id":507,"inputText":"Bruno","labelStyle":4,"shape":null,"layoutText":null}],"allPortLabels":[],"mainLabel":507},"pathStyle":499,"paths":[],"properties":{},"reference":null},{"@id":508,"ports":[258,160],"labelManager":{"innerLabels":[{"type":"textLabel","@id":509,"inputText":"Constantin","labelStyle":4,"shape":null,"layoutText":null}],"allPortLabels":[],"mainLabel":509},"pathStyle":499,"paths":[],"properties":{},"reference":null},{"@id":510,"ports":[131,399],"labelManager":{"innerLabels":[{"type":"textLabel","@id":511,"inputText":"Nick","labelStyle":4,"shape":null,"layoutText":null}],"allPortLabels":[],"mainLabel":511},"pathStyle":499,"paths":[],"properties":{},"reference":null},{"@id":512,"ports":[62,313],"labelManager":{"innerLabels":[{"type":"textLabel","@id":513,"inputText":"Malik","labelStyle":4,"shape":null,"layoutText":null}],"allPortLabels":[],"mainLabel":513},"pathStyle":499,"paths":[],"properties":{},"reference":null},{"@id":514,"ports":[307,311],"labelManager":{"innerLabels":[{"type":"textLabel","@id":515,"inputText":"Oemer","labelStyle":4,"shape":null,"layoutText":null}],"allPortLabels":[],"mainLabel":515},"pathStyle":499,"paths":[],"properties":{},"reference":null},{"@id":516,"ports":[221,167],"labelManager":{"innerLabels":[{"type":"textLabel","@id":517,"inputText":"Kaan","labelStyle":4,"shape":null,"layoutText":null}],"allPortLabels":[],"mainLabel":517},"pathStyle":499,"paths":[],"properties":{},"reference":null},{"@id":518,"ports":[303,301],"labelManager":{"innerLabels":[{"type":"textLabel","@id":519,"inputText":"Raphael","labelStyle":4,"shape":null,"layoutText":null}],"allPortLabels":[],"mainLabel":519},"pathStyle":499,"paths":[],"properties":{},"reference":null},{"@id":520,"ports":[149,353],"labelManager":{"innerLabels":[{"type":"textLabel","@id":521,"inputText":"Nils","labelStyle":4,"shape":null,"layoutText":null}],"allPortLabels":[],"mainLabel":521},"pathStyle":499,"paths":[],"properties":{},"reference":null},{"@id":522,"ports":[178,247,57],"labelManager":{"innerLabels":[{"type":"textLabel","@id":523,"inputText":"Ferdinand","labelStyle":4,"shape":null,"layoutText":null}],"allPortLabels":[],"mainLabel":523},"pathStyle":499,"paths":[],"properties":{},"reference":null},{"@id":524,"ports":[309,102],"labelManager":{"innerLabels":[{"type":"textLabel","@id":525,"inputText":"Carl","labelStyle":4,"shape":null,"layoutText":null}],"allPortLabels":[],"mainLabel":525},"pathStyle":499,"paths":[],"properties":{},"reference":null},{"@id":526,"ports":[351,71],"labelManager":{"innerLabels":[{"type":"textLabel","@id":527,"inputText":"Konstantin","labelStyle":4,"shape":null,"layoutText":null}],"allPortLabels":[],"mainLabel":527},"pathStyle":499,"paths":[],"properties":{},"reference":null},{"@id":528,"ports":[270,251],"labelManager":{"innerLabels":[{"type":"textLabel","@id":529,"inputText":"Emir","labelStyle":4,"shape":null,"layoutText":null}],"allPortLabels":[],"mainLabel":529},"pathStyle":499,"paths":[],"properties":{},"reference":null},{"@id":530,"ports":[355,41],"labelManager":{"innerLabels":[{"type":"textLabel","@id":531,"inputText":"Matteo","labelStyle":4,"shape":null,"layoutText":null}],"allPortLabels":[],"mainLabel":531},"pathStyle":499,"paths":[],"properties":{},"reference":null},{"@id":532,"ports":[131,401],"labelManager":{"innerLabels":[{"type":"textLabel","@id":533,"inputText":"Benedikt","labelStyle":4,"shape":null,"layoutText":null}],"allPortLabels":[],"mainLabel":533},"pathStyle":499,"paths":[],"properties":{},"reference":null},{"@id":534,"ports":[307,229],"labelManager":{"innerLabels":[{"type":"textLabel","@id":535,"inputText":"Thomas","labelStyle":4,"shape":null,"layoutText":null}],"allPortLabels":[],"mainLabel":535},"pathStyle":499,"paths":[],"properties":{},"reference":null},{"@id":536,"ports":[91,114,49,324,158,112,322],"labelManager":{"innerLabels":[{"type":"textLabel","@id":537,"inputText":"Aaron","labelStyle":4,"shape":null,"layoutText":null}],"allPortLabels":[],"mainLabel":537},"pathStyle":499,"paths":[],"properties":{},"reference":null},{"@id":538,"ports":[203,15],"labelManager":{"innerLabels":[{"type":"textLabel","@id":539,"inputText":"Erik","labelStyle":4,"shape":null,"layoutText":null}],"allPortLabels":[],"mainLabel":539},"pathStyle":499,"paths":[],"properties":{},"reference":null},{"@id":540,"ports":[355,17],"labelManager":{"innerLabels":[{"type":"textLabel","@id":541,"inputText":"Maxim","labelStyle":4,"shape":null,"layoutText":null}],"allPortLabels":[],"mainLabel":541},"pathStyle":499,"paths":[],"properties":{},"reference":null},{"@id":542,"ports":[305,303],"labelManager":{"innerLabels":[{"type":"textLabel","@id":543,"inputText":"Fritz","labelStyle":4,"shape":null,"layoutText":null}],"allPortLabels":[],"mainLabel":543},"pathStyle":499,"paths":[],"properties":{},"reference":null},{"@id":544,"ports":[19,353],"labelManager":{"innerLabels":[{"type":"textLabel","@id":545,"inputText":"Wilhelm","labelStyle":4,"shape":null,"layoutText":null}],"allPortLabels":[],"mainLabel":545},"pathStyle":499,"paths":[],"properties":{},"reference":null},{"@id":546,"ports":[256,107],"labelManager":{"innerLabels":[{"type":"textLabel","@id":547,"inputText":"Tobias","labelStyle":4,"shape":null,"layoutText":null}],"allPortLabels":[],"mainLabel":547},"pathStyle":499,"paths":[],"properties":{},"reference":null},{"@id":548,"ports":[397,43],"labelManager":{"innerLabels":[{"type":"textLabel","@id":549,"inputText":"Mattis","labelStyle":4,"shape":null,"layoutText":null}],"allPortLabels":[],"mainLabel":549},"pathStyle":499,"paths":[],"properties":{},"reference":null},{"@id":550,"ports":[37,405],"labelManager":{"innerLabels":[{"type":"textLabel","@id":551,"inputText":"Mert","labelStyle":4,"shape":null,"layoutText":null}],"allPortLabels":[],"mainLabel":551},"pathStyle":499,"paths":[],"properties":{},"reference":null},{"@id":552,"ports":[143,238],"labelManager":{"innerLabels":[{"type":"textLabel","@id":553,"inputText":"Jona","labelStyle":4,"shape":null,"layoutText":null}],"allPortLabels":[],"mainLabel":553},"pathStyle":499,"paths":[],"properties":{},"reference":null},{"@id":554,"ports":[71,335],"labelManager":{"innerLabels":[{"type":"textLabel","@id":555,"inputText":"Can","labelStyle":4,"shape":null,"layoutText":null}],"allPortLabels":[],"mainLabel":555},"pathStyle":499,"paths":[],"properties":{},"reference":null},{"@id":556,"ports":[331,229],"labelManager":{"innerLabels":[{"type":"textLabel","@id":557,"inputText":"Adam","labelStyle":4,"shape":null,"layoutText":null}],"allPortLabels":[],"mainLabel":557},"pathStyle":499,"paths":[],"properties":{},"reference":null},{"@id":558,"ports":[153,136,326],"labelManager":{"innerLabels":[{"type":"textLabel","@id":559,"inputText":"Josef","labelStyle":4,"shape":null,"layoutText":null}],"allPortLabels":[],"mainLabel":559},"pathStyle":499,"paths":[],"properties":{},"reference":null},{"@id":560,"ports":[351,15],"labelManager":{"innerLabels":[{"type":"textLabel","@id":561,"inputText":"Till","labelStyle":4,"shape":null,"layoutText":null}],"allPortLabels":[],"mainLabel":561},"pathStyle":499,"paths":[],"properties":{},"reference":null},{"@id":562,"ports":[203,45],"labelManager":{"innerLabels":[{"type":"textLabel","@id":563,"inputText":"Deniz","labelStyle":4,"shape":null,"layoutText":null}],"allPortLabels":[],"mainLabel":563},"pathStyle":499,"paths":[],"properties":{},"reference":null},{"@id":564,"ports":[305,315],"labelManager":{"innerLabels":[{"type":"textLabel","@id":565,"inputText":"Theodor","labelStyle":4,"shape":null,"layoutText":null}],"allPortLabels":[],"mainLabel":565},"pathStyle":499,"paths":[],"properties":{},"reference":null},{"@id":566,"ports":[233,373],"labelManager":{"innerLabels":[{"type":"textLabel","@id":567,"inputText":"Joshua","labelStyle":4,"shape":null,"layoutText":null}],"allPortLabels":[],"mainLabel":567},"pathStyle":499,"paths":[],"properties":{},"reference":null},{"@id":568,"ports":[205,39],"labelManager":{"innerLabels":[{"type":"textLabel","@id":569,"inputText":"Yusuf","labelStyle":4,"shape":null,"layoutText":null}],"allPortLabels":[],"mainLabel":569},"pathStyle":499,"paths":[],"properties":{},"reference":null},{"@id":570,"ports":[123,433],"labelManager":{"innerLabels":[{"type":"textLabel","@id":571,"inputText":"Florian","labelStyle":119,"shape":null,"layoutText":null}],"allPortLabels":[],"mainLabel":571},"pathStyle":{"@id":572,"description":"default path style","thickness":-1.0,"color":{"argb":"ff000000"}},"paths":[],"properties":{},"reference":null},{"@id":573,"ports":[421,361],"labelManager":{"innerLabels":[{"type":"textLabel","@id":574,"inputText":"Mika","labelStyle":119,"shape":null,"layoutText":null}],"allPortLabels":[],"mainLabel":574},"pathStyle":572,"paths":[],"properties":{},"reference":null},{"@id":575,"ports":[225,443],"labelManager":{"innerLabels":[{"type":"textLabel","@id":576,"inputText":"Friedrich","labelStyle":119,"shape":null,"layoutText":null}],"allPortLabels":[],"mainLabel":576},"pathStyle":572,"paths":[],"properties":{},"reference":null},{"@id":577,"ports":[423,225],"labelManager":{"innerLabels":[{"type":"textLabel","@id":578,"inputText":"Adrian","labelStyle":119,"shape":null,"layoutText":null}],"allPortLabels":[],"mainLabel":578},"pathStyle":572,"paths":[],"properties":{},"reference":null},{"@id":579,"ports":[467,95],"labelManager":{"innerLabels":[{"type":"textLabel","@id":580,"inputText":"Fynn","labelStyle":119,"shape":null,"layoutText":null}],"allPortLabels":[],"mainLabel":580},"pathStyle":572,"paths":[],"properties":{},"reference":null},{"@id":581,"ports":[453,53],"labelManager":{"innerLabels":[{"type":"textLabel","@id":582,"inputText":"Lennard","labelStyle":119,"shape":null,"layoutText":null}],"allPortLabels":[],"mainLabel":582},"pathStyle":572,"paths":[],"properties":{},"reference":null},{"@id":583,"ports":[453,421],"labelManager":{"innerLabels":[{"type":"textLabel","@id":584,"inputText":"Timo","labelStyle":119,"shape":null,"layoutText":null}],"allPortLabels":[],"mainLabel":584},"pathStyle":572,"paths":[],"properties":{},"reference":null},{"@id":585,"ports":[189,453],"labelManager":{"innerLabels":[{"type":"textLabel","@id":586,"inputText":"Lucas","labelStyle":119,"shape":null,"layoutText":null}],"allPortLabels":[],"mainLabel":586},"pathStyle":572,"paths":[],"properties":{},"reference":null},{"@id":587,"ports":[93,80,89,116,97],"labelManager":{"innerLabels":[{"type":"textLabel","@id":588,"inputText":"Fritz","labelStyle":119,"shape":null,"layoutText":null}],"allPortLabels":[],"mainLabel":588},"pathStyle":572,"paths":[],"properties":{},"reference":null},{"@id":589,"ports":[240,263,265,242],"labelManager":{"innerLabels":[{"type":"textLabel","@id":590,"inputText":"Carl","labelStyle":119,"shape":null,"layoutText":null}],"allPortLabels":[],"mainLabel":590},"pathStyle":572,"paths":[],"properties":{},"reference":null},{"@id":591,"ports":[82,67,84],"labelManager":{"innerLabels":[{"type":"textLabel","@id":592,"inputText":"Matthias","labelStyle":119,"shape":null,"layoutText":null}],"allPortLabels":[],"mainLabel":592},"pathStyle":572,"paths":[],"properties":{},"reference":null},{"@id":593,"ports":[171,138],"labelManager":{"innerLabels":[{"type":"textLabel","@id":594,"inputText":"Adam","labelStyle":119,"shape":null,"layoutText":null}],"allPortLabels":[],"mainLabel":594},"pathStyle":572,"paths":[],"properties":{},"reference":null},{"@id":595,"ports":[409,145],"labelManager":{"innerLabels":[{"type":"textLabel","@id":596,"inputText":"Jonah","labelStyle":119,"shape":null,"layoutText":null}],"allPortLabels":[],"mainLabel":596},"pathStyle":572,"paths":[],"properties":{},"reference":null}],"edgeBundles":[]}