{"vertices":[{"@id":1,"shape":{"type":"rect","xposition":"NaN","yposition":"NaN","width":"NaN","height":"NaN","shapeStyle":{"@id":2,"description":"default shape style","color":{"argb":"ff000000"}}},"labelManager":{"labels":[{"type":"textLabel","@id":3,"inputText":"Paul","labelStyle":{"@id":4,"description":"default text label style","font":{"fontName":"SansSerif.plain","style":0,"size":10},"noBreak":false,"color":{"argb":"ff000000"},"showLabel":true,"placement":"FREE","horizontalPlacement":"FREE","verticalPlacement":"FREE"},"shape":null,"layoutText":null}],"mainLabel":3},"portCompositions":[{"type":"portGroup","@id":5,"ordered":false,"portCompositions":[],"properties":{},"reference":null},{"type":"portGroup","@id":6,"ordered":false,"portCompositions":[{"type":"port","@id":7,"shape":{"type":"rect","xposition":"NaN","yposition":"NaN","width":"NaN","height":"NaN","shapeStyle":2},"labelManager":{"labels":[{"type":"textLabel","@id":8,"inputText":"1","labelStyle":4,"shape":null,"layoutText":null}],"mainLabel":8},"properties":{},"orientationAtVertex":"FREE","reference":null}],"properties":{},"reference":null}],"properties":{},"reference":"device"},{"@id":9,"shape":{"type":"rect","xposition":"NaN","yposition":"NaN","width":"NaN","height":"NaN","shapeStyle":2},"labelManager":{"labels":[{"type":"textLabel","@id":10,"inputText":"Philipp","labelStyle":4,"shape":null,"layoutText":null}],"mainLabel":10},"portCompositions":[{"type":"portGroup","@id":11,"ordered":false,"portCompositions":[{"type":"port","@id":12,"shape":{"type":"rect","xposition":"NaN","yposition":"NaN","width":"NaN","height":"NaN","shapeStyle":2},"labelManager":{"labels":[{"type":"textLabel","@id":13,"inputText":"1","labelStyle":4,"shape":null,"layoutText":null}],"mainLabel":13},"properties":{},"orientationAtVertex":"FREE","reference":null}],"properties":{},"reference":null}],"properties":{},"reference":"plug"},{"@id":14,"shape":{"type":"rect","xposition":"NaN","yposition":"NaN","width":"NaN","height":"NaN","shapeStyle":2},"labelManager":{"labels":[{"type":"textLabel","@id":15,"inputText":"Samuel","labelStyle":4,"shape":null,"layoutText":null}],"mainLabel":15},"portCompositions":[{"type":"port","@id":16,"shape":{"type":"rect","xposition":"NaN","yposition":"NaN","width":"NaN","height":"NaN","shapeStyle":2},"labelManager":{"labels":[{"type":"textLabel","@id":17,"inputText":"1","labelStyle":4,"shape":null,"layoutText":null}],"mainLabel":17},"properties":{},"orientationAtVertex":"FREE","reference":null}],"properties":{},"reference":"splice"},{"@id":18,"shape":{"type":"rect","xposition":"NaN","yposition":"NaN","width":"NaN","height":"NaN","shapeStyle":2},"labelManager":{"labels":[{"type":"textLabel","@id":19,"inputText":"Gabriel","labelStyle":4,"shape":null,"layoutText":null}],"mainLabel":19},"portCompositions":[{"type":"portGroup","@id":20,"ordered":false,"portCompositions":[{"type":"port","@id":21,"shape":{"type":"rect","xposition":"NaN","yposition":"NaN","width":"NaN","height":"NaN","shapeStyle":2},"labelManager":{"labels":[{"type":"textLabel","@id":22,"inputText":"1","labelStyle":4,"shape":null,"layoutText":null}],"mainLabel":22},"properties":{},"orientationAtVertex":"FREE","reference":null},{"type":"port","@id":23,"shape":{"type":"rect","xposition":"NaN","yposition":"NaN","width":"NaN","height":"NaN","shapeStyle":{"@id":24,"description":"default shape style","color":{"argb":"ff000000"}}},"labelManager":{"labels":[{"type":"textLabel","@id":25,"inputText":"3","labelStyle":{"@id":26,"description":"default text label style","font":{"fontName":"SansSerif.plain","style":0,"size":10},"noBreak":false,"color":{"argb":"ff000000"},"showLabel":true,"placement":"FREE","horizontalPlacement":"FREE","verticalPlacement":"FREE"},"shape":null,"layoutText":null}],"mainLabel":25},"properties":{},"orientationAtVertex":"FREE","reference":null},{"type":"port","@id":27,"shape":{"type":"rect","xposition":"NaN","yposition":"NaN","width":"NaN","height":"NaN","shapeStyle":24},"labelManager":{"labels":[{"type":"textLabel","@id":28,"inputText":"4","labelStyle":26,"shape":null,"layoutText":null}],"mainLabel":28},"properties":{},"orientationAtVertex":"FREE","reference":null},{"type":"port","@id":29,"shape":{"type":"rect","xposition":"NaN","yposition":"NaN","width":"NaN","height":"NaN","shapeStyle":24},"labelManager":{"labels":[{"type":"textLabel","@id":30,"inputText":"2","labelStyle":26,"shape":null,"layoutText":null}],"mainLabel":30},"properties":{},"orientationAtVertex":"FREE","reference":null}],"properties":{},"reference":null}],"properties":{},"reference":"plug"},{"@id":31,"shape":{"type":"rect","xposition":"NaN","yposition":"NaN","width":"NaN","height":"NaN","shapeStyle":2},"labelManager":{"labels":[{"type":"textLabel","@id":32,"inputText":"Karl","labelStyle":4,"shape":null,"layoutText":null}],"mainLabel":32},"portCompositions":[{"type":"portGroup","@id":33,"ordered":false,"portCompositions":[{"type":"port","@id":34,"shape":{"type":"rect","xposition":"NaN","yposition":"NaN","width":"NaN","height":"NaN","shapeStyle":2},"labelManager":{"labels":[{"type":"textLabel","@id":35,"inputText":"1","labelStyle":4,"shape":null,"layoutText":null}],"mainLabel":35},"properties":{},"orientationAtVertex":"FREE","reference":null},{"type":"port","@id":36,"shape":{"type":"rect","xposition":"NaN","yposition":"NaN","width":"NaN","height":"NaN","shapeStyle":24},"labelManager":{"labels":[{"type":"textLabel","@id":37,"inputText":"3","labelStyle":26,"shape":null,"layoutText":null}],"mainLabel":37},"properties":{},"orientationAtVertex":"FREE","reference":null},{"type":"port","@id":38,"shape":{"type":"rect","xposition":"NaN","yposition":"NaN","width":"NaN","height":"NaN","shapeStyle":24},"labelManager":{"labels":[{"type":"textLabel","@id":39,"inputText":"4","labelStyle":26,"shape":null,"layoutText":null}],"mainLabel":39},"properties":{},"orientationAtVertex":"FREE","reference":null},{"type":"port","@id":40,"shape":{"type":"rect","xposition":"NaN","yposition":"NaN","width":"NaN","height":"NaN","shapeStyle":24},"labelManager":{"labels":[{"type":"textLabel","@id":41,"inputText":"2","labelStyle":26,"shape":null,"layoutText":null}],"mainLabel":41},"properties":{},"orientationAtVertex":"FREE","reference":null}],"properties":{},"reference":null}],"properties":{},"reference":"plug"},{"@id":42,"shape":{"type":"rect","xposition":"NaN","yposition":"NaN","width":"NaN","height":"NaN","shapeStyle":2},"labelManager":{"labels":[{"type":"textLabel","@id":43,"inputText":"Maximilian","labelStyle":4,"shape":null,"layoutText":null}],"mainLabel":43},"portCompositions":[{"type":"port","@id":44,"shape":{"type":"rect","xposition":"NaN","yposition":"NaN","width":"NaN","height":"NaN","shapeStyle":2},"labelManager":{"labels":[{"type":"textLabel","@id":45,"inputText":"1","labelStyle":4,"shape":null,"layoutText":null}],"mainLabel":45},"properties":{},"orientationAtVertex":"FREE","reference":null}],"properties":{},"reference":"splice"},{"@id":46,"shape":{"type":"rect","xposition":"NaN","yposition":"NaN","width":"NaN","height":"NaN","shapeStyle":2},"labelManager":{"labels":[{"type":"textLabel","@id":47,"inputText":"Jonas","labelStyle":4,"shape":null,"layoutText":null}],"mainLabel":47},"portCompositions":[{"type":"portGroup","@id":48,"ordered":false,"portCompositions":[{"type":"port","@id":49,"shape":{"type":"rect","xposition":"NaN","yposition":"NaN","width":"NaN","height":"NaN","shapeStyle":2},"labelManager":{"labels":[{"type":"textLabel","@id":50,"inputText":"2","labelStyle":4,"shape":null,"layoutText":null}],"mainLabel":50},"properties":{},"orientationAtVertex":"FREE","reference":null},{"type":"port","@id":51,"shape":{"type":"rect","xposition":"NaN","yposition":"NaN","width":"NaN","height":"NaN","shapeStyle":24},"labelManager":{"labels":[{"type":"textLabel","@id":52,"inputText":"3","labelStyle":26,"shape":null,"layoutText":null}],"mainLabel":52},"properties":{},"orientationAtVertex":"FREE","reference":null},{"type":"port","@id":53,"shape":{"type":"rect","xposition":"NaN","yposition":"NaN","width":"NaN","height":"NaN","shapeStyle":24},"labelManager":{"labels":[{"type":"textLabel","@id":54,"inputText":"1","labelStyle":26,"shape":null,"layoutText":null}],"mainLabel":54},"properties":{},"orientationAtVertex":"FREE","reference":null}],"properties":{},"reference":null}],"properties":{},"reference":"plug"},{"@id":55,"shape":{"type":"rect","xposition":"NaN","yposition":"NaN","width":"NaN","height":"NaN","shapeStyle":2},"labelManager":{"labels":[{"type":"textLabel","@id":56,"inputText":"Valentin","labelStyle":4,"shape":null,"layoutText":null}],"mainLabel":56},"portCompositions":[{"type":"portGroup","@id":57,"ordered":false,"portCompositions":[{"type":"port","@id":58,"shape":{"type":"rect","xposition":"NaN","yposition":"NaN","width":"NaN","height":"NaN","shapeStyle":2},"labelManager":{"labels":[{"type":"textLabel","@id":59,"inputText":"2","labelStyle":4,"shape":null,"layoutText":null}],"mainLabel":59},"properties":{},"orientationAtVertex":"FREE","reference":null},{"type":"port","@id":60,"shape":{"type":"rect","xposition":"NaN","yposition":"NaN","width":"NaN","height":"NaN","shapeStyle":24},"labelManager":{"labels":[{"type":"textLabel","@id":61,"inputText":"3","labelStyle":26,"shape":null,"layoutText":null}],"mainLabel":61},"properties":{},"orientationAtVertex":"FREE","reference":null},{"type":"port","@id":62,"shape":{"type":"rect","xposition":"NaN","yposition":"NaN","width":"NaN","height":"NaN","shapeStyle":24},"labelManager":{"labels":[{"type":"textLabel","@id":63,"inputText":"1","labelStyle":26,"shape":null,"layoutText":null}],"mainLabel":63},"properties":{},"orientationAtVertex":"FREE","reference":null}],"properties":{},"reference":null}],"properties":{},"reference":"plug"},{"@id":64,"shape":{"type":"rect","xposition":"NaN","yposition":"NaN","width":"NaN","height":"NaN","shapeStyle":2},"labelManager":{"labels":[{"type":"textLabel","@id":65,"inputText":"Alexander","labelStyle":4,"shape":null,"layoutText":null}],"mainLabel":65},"portCompositions":[{"type":"portGroup","@id":66,"ordered":false,"portCompositions":[{"type":"port","@id":67,"shape":{"type":"rect","xposition":"NaN","yposition":"NaN","width":"NaN","height":"NaN","shapeStyle":2},"labelManager":{"labels":[{"type":"textLabel","@id":68,"inputText":"3","labelStyle":4,"shape":null,"layoutText":null}],"mainLabel":68},"properties":{},"orientationAtVertex":"FREE","reference":null},{"type":"port","@id":69,"shape":{"type":"rect","xposition":"NaN","yposition":"NaN","width":"NaN","height":"NaN","shapeStyle":24},"labelManager":{"labels":[{"type":"textLabel","@id":70,"inputText":"2","labelStyle":26,"shape":null,"layoutText":null}],"mainLabel":70},"properties":{},"orientationAtVertex":"FREE","reference":null},{"type":"port","@id":71,"shape":{"type":"rect","xposition":"NaN","yposition":"NaN","width":"NaN","height":"NaN","shapeStyle":24},"labelManager":{"labels":[{"type":"textLabel","@id":72,"inputText":"1","labelStyle":26,"shape":null,"layoutText":null}],"mainLabel":72},"properties":{},"orientationAtVertex":"FREE","reference":null}],"properties":{},"reference":null},{"type":"portGroup","@id":73,"ordered":false,"portCompositions":[],"properties":{},"reference":null}],"properties":{},"reference":"device"},{"@id":74,"shape":{"type":"rect","xposition":"NaN","yposition":"NaN","width":"NaN","height":"NaN","shapeStyle":2},"labelManager":{"labels":[{"type":"textLabel","@id":75,"inputText":"Emil","labelStyle":4,"shape":null,"layoutText":null}],"mainLabel":75},"portCompositions":[{"type":"portGroup","@id":76,"ordered":false,"portCompositions":[{"type":"port","@id":77,"shape":{"type":"rect","xposition":"NaN","yposition":"NaN","width":"NaN","height":"NaN","shapeStyle":2},"labelManager":{"labels":[{"type":"textLabel","@id":78,"inputText":"3","labelStyle":4,"shape":null,"layoutText":null}],"mainLabel":78},"properties":{},"orientationAtVertex":"FREE","reference":null}],"properties":{},"reference":null}],"properties":{},"reference":"plug"},{"@id":79,"shape":{"type":"rect","xposition":"NaN","yposition":"NaN","width":"NaN","height":"NaN","shapeStyle":2},"labelManager":{"labels":[{"type":"textLabel","@id":80,"inputText":"Mats","labelStyle":4,"shape":null,"layoutText":null}],"mainLabel":80},"portCompositions":[{"type":"portGroup","@id":81,"ordered":false,"portCompositions":[{"type":"port","@id":82,"shape":{"type":"rect","xposition":"NaN","yposition":"NaN","width":"NaN","height":"NaN","shapeStyle":2},"labelManager":{"labels":[{"type":"textLabel","@id":83,"inputText":"1","labelStyle":4,"shape":null,"layoutText":null}],"mainLabel":83},"properties":{},"orientationAtVertex":"FREE","reference":null}],"properties":{},"reference":null}],"properties":{},"reference":"device"},{"@id":84,"shape":{"type":"rect","xposition":"NaN","yposition":"NaN","width":"NaN","height":"NaN","shapeStyle":2},"labelManager":{"labels":[{"type":"textLabel","@id":85,"inputText":"Peter","labelStyle":4,"shape":null,"layoutText":null}],"mainLabel":85},"portCompositions":[{"type":"port","@id":86,"shape":{"type":"rect","xposition":"NaN","yposition":"NaN","width":"NaN","height":"NaN","shapeStyle":2},"labelManager":{"labels":[{"type":"textLabel","@id":87,"inputText":"1","labelStyle":4,"shape":null,"layoutText":null}],"mainLabel":87},"properties":{},"orientationAtVertex":"FREE","reference":null}],"properties":{},"reference":"splice"},{"@id":88,"shape":{"type":"rect","xposition":"NaN","yposition":"NaN","width":"NaN","height":"NaN","shapeStyle":2},"labelManager":{"labels":[{"type":"textLabel","@id":89,"inputText":"Henri","labelStyle":4,"shape":null,"layoutText":null}],"mainLabel":89},"portCompositions":[{"type":"port","@id":90,"shape":{"type":"rect","xposition":"NaN","yposition":"NaN","width":"NaN","height":"NaN","shapeStyle":2},"labelManager":{"labels":[{"type":"textLabel","@id":91,"inputText":"1","labelStyle":4,"shape":null,"layoutText":null}],"mainLabel":91},"properties":{},"orientationAtVertex":"FREE","reference":null}],"properties":{},"reference":"splice"},{"@id":92,"shape":{"type":"rect","xposition":"NaN","yposition":"NaN","width":"NaN","height":"NaN","shapeStyle":2},"labelManager":{"labels":[{"type":"textLabel","@id":93,"inputText":"Leo","labelStyle":4,"shape":null,"layoutText":null}],"mainLabel":93},"portCompositions":[{"type":"portGroup","@id":94,"ordered":false,"portCompositions":[],"properties":{},"reference":null},{"type":"portGroup","@id":95,"ordered":false,"portCompositions":[],"properties":{},"reference":null},{"type":"portGroup","@id":96,"ordered":false,"portCompositions":[{"type":"port","@id":97,"shape":{"type":"rect","xposition":"NaN","yposition":"NaN","width":"NaN","height":"NaN","shapeStyle":2},"labelManager":{"labels":[{"type":"textLabel","@id":98,"inputText":"2","labelStyle":4,"shape":null,"layoutText":null}],"mainLabel":98},"properties":{},"orientationAtVertex":"FREE","reference":null},{"type":"port","@id":99,"shape":{"type":"rect","xposition":"NaN","yposition":"NaN","width":"NaN","height":"NaN","shapeStyle":2},"labelManager":{"labels":[{"type":"textLabel","@id":100,"inputText":"4","labelStyle":4,"shape":null,"layoutText":null}],"mainLabel":100},"properties":{},"orientationAtVertex":"FREE","reference":null},{"type":"port","@id":101,"shape":{"type":"rect","xposition":"NaN","yposition":"NaN","width":"NaN","height":"NaN","shapeStyle":2},"labelManager":{"labels":[{"type":"textLabel","@id":102,"inputText":"1","labelStyle":4,"shape":null,"layoutText":null}],"mainLabel":102},"properties":{},"orientationAtVertex":"FREE","reference":null},{"type":"port","@id":103,"shape":{"type":"rect","xposition":"NaN","yposition":"NaN","width":"NaN","height":"NaN","shapeStyle":24},"labelManager":{"labels":[{"type":"textLabel","@id":104,"inputText":"3","labelStyle":26,"shape":null,"layoutText":null}],"mainLabel":104},"properties":{},"orientationAtVertex":"FREE","reference":null}],"properties":{},"reference":null}],"properties":{},"reference":"device"},{"@id":105,"shape":{"type":"rect","xposition":"NaN","yposition":"NaN","width":"NaN","height":"NaN","shapeStyle":2},"labelManager":{"labels":[{"type":"textLabel","@id":106,"inputText":"Christian","labelStyle":4,"shape":null,"layoutText":null}],"mainLabel":106},"portCompositions":[{"type":"portGroup","@id":107,"ordered":false,"portCompositions":[{"type":"port","@id":108,"shape":{"type":"rect","xposition":"NaN","yposition":"NaN","width":"NaN","height":"NaN","shapeStyle":2},"labelManager":{"labels":[{"type":"textLabel","@id":109,"inputText":"2","labelStyle":4,"shape":null,"layoutText":null}],"mainLabel":109},"properties":{},"orientationAtVertex":"FREE","reference":null},{"type":"port","@id":110,"shape":{"type":"rect","xposition":"NaN","yposition":"NaN","width":"NaN","height":"NaN","shapeStyle":2},"labelManager":{"labels":[{"type":"textLabel","@id":111,"inputText":"4","labelStyle":4,"shape":null,"layoutText":null}],"mainLabel":111},"properties":{},"orientationAtVertex":"FREE","reference":null},{"type":"port","@id":112,"shape":{"type":"rect","xposition":"NaN","yposition":"NaN","width":"NaN","height":"NaN","shapeStyle":2},"labelManager":{"labels":[{"type":"textLabel","@id":113,"inputText":"1","labelStyle":4,"shape":null,"layoutText":null}],"mainLabel":113},"properties":{},"orientationAtVertex":"FREE","reference":null}],"properties":{},"reference":null}],"properties":{},"reference":"plug"},{"@id":114,"shape":{"type":"rect","xposition":"NaN","yposition":"NaN","width":"NaN","height":"NaN","shapeStyle":2},"labelManager":{"labels":[{"type":"textLabel","@id":115,"inputText":"Julian","labelStyle":4,"shape":null,"layoutText":null}],"mainLabel":115},"portCompositions":[{"type":"portGroup","@id":116,"ordered":false,"portCompositions":[{"type":"port","@id":117,"shape":{"type":"rect","xposition":"NaN","yposition":"NaN","width":"NaN","height":"NaN","shapeStyle":2},"labelManager":{"labels":[{"type":"textLabel","@id":118,"inputText":"1","labelStyle":4,"shape":null,"layoutText":null}],"mainLabel":118},"properties":{},"orientationAtVertex":"FREE","reference":null},{"type":"port","@id":119,"shape":{"type":"rect","xposition":"NaN","yposition":"NaN","width":"NaN","height":"NaN","shapeStyle":24},"labelManager":{"labels":[{"type":"textLabel","@id":120,"inputText":"2","labelStyle":26,"shape":null,"layoutText":null}],"mainLabel":120},"properties":{},"orientationAtVertex":"FREE","reference":null}],"properties":{},"reference":null}],"properties":{},"reference":"plug"},{"@id":121,"shape":{"type":"rect","xposition":"NaN","yposition":"NaN","width":"NaN","height":"NaN","shapeStyle":2},"labelManager":{"labels":[{"type":"textLabel","@id":122,"inputText":"Johann","labelStyle":4,"shape":null,"layoutText":null}],"mainLabel":122},"portCompositions":[{"type":"portGroup","@id":123,"ordered":false,"portCompositions":[{"type":"port","@id":124,"shape":{"type":"rect","xposition":"NaN","yposition":"NaN","width":"NaN","height":"NaN","shapeStyle":2},"labelManager":{"labels":[{"type":"textLabel","@id":125,"inputText":"1","labelStyle":4,"shape":null,"layoutText":null}],"mainLabel":125},"properties":{},"orientationAtVertex":"FREE","reference":null},{"type":"port","@id":126,"shape":{"type":"rect","xposition":"NaN","yposition":"NaN","width":"NaN","height":"NaN","shapeStyle":24},"labelManager":{"labels":[{"type":"textLabel","@id":127,"inputText":"2","labelStyle":26,"shape":null,"layoutText":null}],"mainLabel":127},"properties":{},"orientationAtVertex":"FREE","reference":null}],"properties":{},"reference":null}],"properties":{},"reference":"plug"},{"@id":128,"shape":{"type":"rect","xposition":"NaN","yposition":"NaN","width":"NaN","height":"NaN","shapeStyle":2},"labelManager":{"labels":[{"type":"textLabel","@id":129,"inputText":"Muhammed","labelStyle":4,"shape":null,"layoutText":null}],"mainLabel":129},"portCompositions":[{"type":"portGroup","@id":130,"ordered":false,"portCompositions":[{"type":"port","@id":131,"shape":{"type":"rect","xposition":"NaN","yposition":"NaN","width":"NaN","height":"NaN","shapeStyle":2},"labelManager":{"labels":[{"type":"textLabel","@id":132,"inputText":"2","labelStyle":4,"shape":null,"layoutText":null}],"mainLabel":132},"properties":{},"orientationAtVertex":"FREE","reference":null},{"type":"port","@id":133,"shape":{"type":"rect","xposition":"NaN","yposition":"NaN","width":"NaN","height":"NaN","shapeStyle":24},"labelManager":{"labels":[{"type":"textLabel","@id":134,"inputText":"1","labelStyle":26,"shape":null,"layoutText":null}],"mainLabel":134},"properties":{},"orientationAtVertex":"FREE","reference":null}],"properties":{},"reference":null}],"properties":{},"reference":"device"},{"@id":135,"shape":{"type":"rect","xposition":"NaN","yposition":"NaN","width":"NaN","height":"NaN","shapeStyle":2},"labelManager":{"labels":[{"type":"textLabel","@id":136,"inputText":"Jan","labelStyle":4,"shape":null,"layoutText":null}],"mainLabel":136},"portCompositions":[{"type":"portGroup","@id":137,"ordered":false,"portCompositions":[{"type":"port","@id":138,"shape":{"type":"rect","xposition":"NaN","yposition":"NaN","width":"NaN","height":"NaN","shapeStyle":2},"labelManager":{"labels":[{"type":"textLabel","@id":139,"inputText":"2","labelStyle":4,"shape":null,"layoutText":null}],"mainLabel":139},"properties":{},"orientationAtVertex":"FREE","reference":null},{"type":"port","@id":140,"shape":{"type":"rect","xposition":"NaN","yposition":"NaN","width":"NaN","height":"NaN","shapeStyle":24},"labelManager":{"labels":[{"type":"textLabel","@id":141,"inputText":"1","labelStyle":26,"shape":null,"layoutText":null}],"mainLabel":141},"properties":{},"orientationAtVertex":"FREE","reference":null}],"properties":{},"reference":null}],"properties":{},"reference":"plug"},{"@id":142,"shape":{"type":"rect","xposition":"NaN","yposition":"NaN","width":"NaN","height":"NaN","shapeStyle":2},"labelManager":{"labels":[{"type":"textLabel","@id":143,"inputText":"Leon","labelStyle":4,"shape":null,"layoutText":null}],"mainLabel":143},"portCompositions":[{"type":"portGroup","@id":144,"ordered":false,"portCompositions":[{"type":"port","@id":145,"shape":{"type":"rect","xposition":"NaN","yposition":"NaN","width":"NaN","height":"NaN","shapeStyle":2},"labelManager":{"labels":[{"type":"textLabel","@id":146,"inputText":"3","labelStyle":4,"shape":null,"layoutText":null}],"mainLabel":146},"properties":{},"orientationAtVertex":"FREE","reference":null},{"type":"port","@id":147,"shape":{"type":"rect","xposition":"NaN","yposition":"NaN","width":"NaN","height":"NaN","shapeStyle":2},"labelManager":{"labels":[{"type":"textLabel","@id":148,"inputText":"4","labelStyle":4,"shape":null,"layoutText":null}],"mainLabel":148},"properties":{},"orientationAtVertex":"FREE","reference":null},{"type":"port","@id":149,"shape":{"type":"rect","xposition":"NaN","yposition":"NaN","width":"NaN","height":"NaN","shapeStyle":2},"labelManager":{"labels":[{"type":"textLabel","@id":150,"inputText":"5","labelStyle":4,"shape":null,"layoutText":null}],"mainLabel":150},"properties":{},"orientationAtVertex":"FREE","reference":null},{"type":"port","@id":151,"shape":{"type":"rect","xposition":"NaN","yposition":"NaN","width":"NaN","height":"NaN","shapeStyle":2},"labelManager":{"labels":[{"type":"textLabel","@id":152,"inputText":"1","labelStyle":4,"shape":null,"layoutText":null}],"mainLabel":152},"properties":{},"orientationAtVertex":"FREE","reference":null},{"type":"port","@id":153,"shape":{"type":"rect","xposition":"NaN","yposition":"NaN","width":"NaN","height":"NaN","shapeStyle":24},"labelManager":{"labels":[{"type":"textLabel","@id":154,"inputText":"2","labelStyle":26,"shape":null,"layoutText":null}],"mainLabel":154},"properties":{},"orientationAtVertex":"FREE","reference":null}],"properties":{},"reference":null}],"properties":{},"reference":"device"},{"@id":155,"shape":{"type":"rect","xposition":"NaN","yposition":"NaN","width":"NaN","height":"NaN","shapeStyle":2},"labelManager":{"labels":[{"type":"textLabel","@id":156,"inputText":"Theo","labelStyle":4,"shape":null,"layoutText":null}],"mainLabel":156},"portCompositions":[{"type":"portGroup","@id":157,"ordered":false,"portCompositions":[{"type":"port","@id":158,"shape":{"type":"rect","xposition":"NaN","yposition":"NaN","width":"NaN","height":"NaN","shapeStyle":2},"labelManager":{"labels":[{"type":"textLabel","@id":159,"inputText":"3","labelStyle":4,"shape":null,"layoutText":null}],"mainLabel":159},"properties":{},"orientationAtVertex":"FREE","reference":null},{"type":"port","@id":160,"shape":{"type":"rect","xposition":"NaN","yposition":"NaN","width":"NaN","height":"NaN","shapeStyle":2},"labelManager":{"labels":[{"type":"textLabel","@id":161,"inputText":"4","labelStyle":4,"shape":null,"layoutText":null}],"mainLabel":161},"properties":{},"orientationAtVertex":"FREE","reference":null},{"type":"port","@id":162,"shape":{"type":"rect","xposition":"NaN","yposition":"NaN","width":"NaN","height":"NaN","shapeStyle":2},"labelManager":{"labels":[{"type":"textLabel","@id":163,"inputText":"5","labelStyle":4,"shape":null,"layoutText":null}],"mainLabel":163},"properties":{},"orientationAtVertex":"FREE","reference":null},{"type":"port","@id":164,"shape":{"type":"rect","xposition":"NaN","yposition":"NaN","width":"NaN","height":"NaN","shapeStyle":2},"labelManager":{"labels":[{"type":"textLabel","@id":165,"inputText":"1","labelStyle":4,"shape":null,"layoutText":null}],"mainLabel":165},"properties":{},"orientationAtVertex":"FREE","reference":null}],"properties":{},"reference":null}],"properties":{},"reference":"plug"},{"@id":166,"shape":{"type":"rect","xposition":"NaN","yposition":"NaN","width":"NaN","height":"NaN","shapeStyle":2},"labelManager":{"labels":[{"type":"textLabel","@id":167,"inputText":"Joel","labelStyle":4,"shape":null,"layoutText":null}],"mainLabel":167},"portCompositions":[{"type":"portGroup","@id":168,"ordered":false,"portCompositions":[{"type":"port","@id":169,"shape":{"type":"rect","xposition":"NaN","yposition":"NaN","width":"NaN","height":"NaN","shapeStyle":2},"labelManager":{"labels":[{"type":"textLabel","@id":170,"inputText":"1","labelStyle":4,"shape":null,"layoutText":null}],"mainLabel":170},"properties":{},"orientationAtVertex":"FREE","reference":null},{"type":"port","@id":171,"shape":{"type":"rect","xposition":"NaN","yposition":"NaN","width":"NaN","height":"NaN","shapeStyle":2},"labelManager":{"labels":[{"type":"textLabel","@id":172,"inputText":"2","labelStyle":4,"shape":null,"layoutText":null}],"mainLabel":172},"properties":{},"orientationAtVertex":"FREE","reference":null}],"properties":{},"reference":null}],"properties":{},"reference":"device"},{"@id":173,"shape":{"type":"rect","xposition":"NaN","yposition":"NaN","width":"NaN","height":"NaN","shapeStyle":2},"labelManager":{"labels":[{"type":"textLabel","@id":174,"inputText":"Florian","labelStyle":4,"shape":null,"layoutText":null}],"mainLabel":174},"portCompositions":[{"type":"portGroup","@id":175,"ordered":false,"portCompositions":[{"type":"port","@id":176,"shape":{"type":"rect","xposition":"NaN","yposition":"NaN","width":"NaN","height":"NaN","shapeStyle":2},"labelManager":{"labels":[{"type":"textLabel","@id":177,"inputText":"3","labelStyle":4,"shape":null,"layoutText":null}],"mainLabel":177},"properties":{},"orientationAtVertex":"FREE","reference":null},{"type":"port","@id":178,"shape":{"type":"rect","xposition":"NaN","yposition":"NaN","width":"NaN","height":"NaN","shapeStyle":2},"labelManager":{"labels":[{"type":"textLabel","@id":179,"inputText":"2","labelStyle":4,"shape":null,"layoutText":null}],"mainLabel":179},"properties":{},"orientationAtVertex":"FREE","reference":null},{"type":"port","@id":180,"shape":{"type":"rect","xposition":"NaN","yposition":"NaN","width":"NaN","height":"NaN","shapeStyle":24},"labelManager":{"labels":[{"type":"textLabel","@id":181,"inputText":"1","labelStyle":26,"shape":null,"layoutText":null}],"mainLabel":181},"properties":{},"orientationAtVertex":"FREE","reference":null}],"properties":{},"reference":null}],"properties":{},"reference":"device"},{"@id":182,"shape":{"type":"rect","xposition":"NaN","yposition":"NaN","width":"NaN","height":"NaN","shapeStyle":2},"labelManager":{"labels":[{"type":"textLabel","@id":183,"inputText":"Tim","labelStyle":4,"shape":null,"layoutText":null}],"mainLabel":183},"portCompositions":[{"type":"portGroup","@id":184,"ordered":false,"portCompositions":[{"type":"port","@id":185,"shape":{"type":"rect","xposition":"NaN","yposition":"NaN","width":"NaN","height":"NaN","shapeStyle":2},"labelManager":{"labels":[{"type":"textLabel","@id":186,"inputText":"3","labelStyle":4,"shape":null,"layoutText":null}],"mainLabel":186},"properties":{},"orientationAtVertex":"FREE","reference":null},{"type":"port","@id":187,"shape":{"type":"rect","xposition":"NaN","yposition":"NaN","width":"NaN","height":"NaN","shapeStyle":2},"labelManager":{"labels":[{"type":"textLabel","@id":188,"inputText":"2","labelStyle":4,"shape":null,"layoutText":null}],"mainLabel":188},"properties":{},"orientationAtVertex":"FREE","reference":null},{"type":"port","@id":189,"shape":{"type":"rect","xposition":"NaN","yposition":"NaN","width":"NaN","height":"NaN","shapeStyle":24},"labelManager":{"labels":[{"type":"textLabel","@id":190,"inputText":"1","labelStyle":26,"shape":null,"layoutText":null}],"mainLabel":190},"properties":{},"orientationAtVertex":"FREE","reference":null}],"properties":{},"reference":null}],"properties":{},"reference":"plug"},{"@id":191,"shape":{"type":"rect","xposition":"NaN","yposition":"NaN","width":"NaN","height":"NaN","shapeStyle":2},"labelManager":{"labels":[{"type":"textLabel","@id":192,"inputText":"Elias","labelStyle":4,"shape":null,"layoutText":null}],"mainLabel":192},"portCompositions":[{"type":"portGroup","@id":193,"ordered":false,"portCompositions":[{"type":"port","@id":194,"shape":{"type":"rect","xposition":"NaN","yposition":"NaN","width":"NaN","height":"NaN","shapeStyle":2},"labelManager":{"labels":[{"type":"textLabel","@id":195,"inputText":"2","labelStyle":4,"shape":null,"layoutText":null}],"mainLabel":195},"properties":{},"orientationAtVertex":"FREE","reference":null},{"type":"port","@id":196,"shape":{"type":"rect","xposition":"NaN","yposition":"NaN","width":"NaN","height":"NaN","shapeStyle":24},"labelManager":{"labels":[{"type":"textLabel","@id":197,"inputText":"3","labelStyle":26,"shape":null,"layoutText":null}],"mainLabel":197},"properties":{},"orientationAtVertex":"FREE","reference":null},{"type":"port","@id":198,"shape":{"type":"rect","xposition":"NaN","yposition":"NaN","width":"NaN","height":"NaN","shapeStyle":24},"labelManager":{"labels":[{"type":"textLabel","@id":199,"inputText":"1","labelStyle":26,"shape":null,"layoutText":null}],"mainLabel":199},"properties":{},"orientationAtVertex":"FREE","reference":null}],"properties":{},"reference":null}],"properties":{},"reference":"plug"},{"@id":200,"shape":{"type":"rect","xposition":"NaN","yposition":"NaN","width":"NaN","height":"NaN","shapeStyle":2},"labelManager":{"labels":[{"type":"textLabel","@id":201,"inputText":"Felix","labelStyle":4,"shape":null,"layoutText":null}],"mainLabel":201},"portCompositions":[{"type":"portGroup","@id":202,"ordered":false,"portCompositions":[{"type":"port","@id":203,"shape":{"type":"rect","xposition":"NaN","yposition":"NaN","width":"NaN","height":"NaN","shapeStyle":2},"labelManager":{"labels":[{"type":"textLabel","@id":204,"inputText":"2","labelStyle":4,"shape":null,"layoutText":null}],"mainLabel":204},"properties":{},"orientationAtVertex":"FREE","reference":null},{"type":"port","@id":205,"shape":{"type":"rect","xposition":"NaN","yposition":"NaN","width":"NaN","height":"NaN","shapeStyle":24},"labelManager":{"labels":[{"type":"textLabel","@id":206,"inputText":"3","labelStyle":26,"shape":null,"layoutText":null}],"mainLabel":206},"properties":{},"orientationAtVertex":"FREE","reference":null},{"type":"port","@id":207,"shape":{"type":"rect","xposition":"NaN","yposition":"NaN","width":"NaN","height":"NaN","shapeStyle":24},"labelManager":{"labels":[{"type":"textLabel","@id":208,"inputText":"1","labelStyle":26,"shape":null,"layoutText":null}],"mainLabel":208},"properties":{},"orientationAtVertex":"FREE","reference":null}],"properties":{},"reference":null}],"properties":{},"reference":"plug"},{"@id":209,"shape":{"type":"rect","xposition":"NaN","yposition":"NaN","width":"NaN","height":"NaN","shapeStyle":2},"labelManager":{"labels":[{"type":"textLabel","@id":210,"inputText":"Henry","labelStyle":4,"shape":null,"layoutText":null}],"mainLabel":210},"portCompositions":[{"type":"portGroup","@id":211,"ordered":false,"portCompositions":[{"type":"port","@id":212,"shape":{"type":"rect","xposition":"NaN","yposition":"NaN","width":"NaN","height":"NaN","shapeStyle":2},"labelManager":{"labels":[{"type":"textLabel","@id":213,"inputText":"1","labelStyle":4,"shape":null,"layoutText":null}],"mainLabel":213},"properties":{},"orientationAtVertex":"FREE","reference":null},{"type":"port","@id":214,"shape":{"type":"rect","xposition":"NaN","yposition":"NaN","width":"NaN","height":"NaN","shapeStyle":2},"labelManager":{"labels":[{"type":"textLabel","@id":215,"inputText":"2","labelStyle":4,"shape":null,"layoutText":null}],"mainLabel":215},"properties":{},"orientationAtVertex":"FREE","reference":null},{"type":"port","@id":216,"shape":{"type":"rect","xposition":"NaN","yposition":"NaN","width":"NaN","height":"NaN","shapeStyle":24},"labelManager":{"labels":[{"type":"textLabel","@id":217,"inputText":"3","labelStyle":26,"shape":null,"layoutText":null}],"mainLabel":217},"properties":{},"orientationAtVertex":"FREE","reference":null}],"properties":{},"reference":null}],"properties":{},"reference":"device"},{"@id":218,"shape":{"type":"rect","xposition":"NaN","yposition":"NaN","width":"NaN","height":"NaN","shapeStyle":2},"labelManager":{"labels":[{"type":"textLabel","@id":219,"inputText":"Daniel","labelStyle":4,"shape":null,"layoutText":null}],"mainLabel":219},"portCompositions":[{"type":"portGroup","@id":220,"ordered":false,"portCompositions":[{"type":"port","@id":221,"shape":{"type":"rect","xposition":"NaN","yposition":"NaN","width":"NaN","height":"NaN","shapeStyle":2},"labelManager":{"labels":[{"type":"textLabel","@id":222,"inputText":"1","labelStyle":4,"shape":null,"layoutText":null}],"mainLabel":222},"properties":{},"orientationAtVertex":"FREE","reference":null},{"type":"port","@id":223,"shape":{"type":"rect","xposition":"NaN","yposition":"NaN","width":"NaN","height":"NaN","shapeStyle":2},"labelManager":{"labels":[{"type":"textLabel","@id":224,"inputText":"2","labelStyle":4,"shape":null,"layoutText":null}],"mainLabel":224},"properties":{},"orientationAtVertex":"FREE","reference":null},{"type":"port","@id":225,"shape":{"type":"rect","xposition":"NaN","yposition":"NaN","width":"NaN","height":"NaN","shapeStyle":24},"labelManager":{"labels":[{"type":"textLabel","@id":226,"inputText":"3","labelStyle":26,"shape":null,"layoutText":null}],"mainLabel":226},"properties":{},"orientationAtVertex":"FREE","reference":null}],"properties":{},"reference":null}],"properties":{},"reference":"plug"},{"@id":227,"shape":{"type":"rect","xposition":"NaN","yposition":"NaN","width":"NaN","height":"NaN","shapeStyle":2},"labelManager":{"labels":[{"type":"textLabel","@id":228,"inputText":"Niklas","labelStyle":4,"shape":null,"layoutText":null}],"mainLabel":228},"portCompositions":[{"type":"portGroup","@id":229,"ordered":false,"portCompositions":[],"properties":{},"reference":null},{"type":"portGroup","@id":230,"ordered":false,"portCompositions":[{"type":"port","@id":231,"shape":{"type":"rect","xposition":"NaN","yposition":"NaN","width":"NaN","height":"NaN","shapeStyle":2},"labelManager":{"labels":[{"type":"textLabel","@id":232,"inputText":"1","labelStyle":4,"shape":null,"layoutText":null}],"mainLabel":232},"properties":{},"orientationAtVertex":"FREE","reference":null},{"type":"port","@id":233,"shape":{"type":"rect","xposition":"NaN","yposition":"NaN","width":"NaN","height":"NaN","shapeStyle":24},"labelManager":{"labels":[{"type":"textLabel","@id":234,"inputText":"2","labelStyle":26,"shape":null,"layoutText":null}],"mainLabel":234},"properties":{},"orientationAtVertex":"FREE","reference":null}],"properties":{},"reference":null}],"properties":{},"reference":"device"},{"@id":235,"shape":{"type":"rect","xposition":"NaN","yposition":"NaN","width":"NaN","height":"NaN","shapeStyle":2},"labelManager":{"labels":[{"type":"textLabel","@id":236,"inputText":"Lukas","labelStyle":4,"shape":null,"layoutText":null}],"mainLabel":236},"portCompositions":[{"type":"portGroup","@id":237,"ordered":false,"portCompositions":[{"type":"port","@id":238,"shape":{"type":"rect","xposition":"NaN","yposition":"NaN","width":"NaN","height":"NaN","shapeStyle":2},"labelManager":{"labels":[{"type":"textLabel","@id":239,"inputText":"1","labelStyle":4,"shape":null,"layoutText":null}],"mainLabel":239},"properties":{},"orientationAtVertex":"FREE","reference":null}],"properties":{},"reference":null}],"properties":{},"reference":"plug"},{"@id":240,"shape":{"type":"rect","xposition":"NaN","yposition":"NaN","width":"NaN","height":"NaN","shapeStyle":2},"labelManager":{"labels":[{"type":"textLabel","@id":241,"inputText":"Anton","labelStyle":4,"shape":null,"layoutText":null}],"mainLabel":241},"portCompositions":[{"type":"portGroup","@id":242,"ordered":false,"portCompositions":[{"type":"port","@id":243,"shape":{"type":"rect","xposition":"NaN","yposition":"NaN","width":"NaN","height":"NaN","shapeStyle":2},"labelManager":{"labels":[{"type":"textLabel","@id":244,"inputText":"2","labelStyle":4,"shape":null,"layoutText":null}],"mainLabel":244},"properties":{},"orientationAtVertex":"FREE","reference":null},{"type":"port","@id":245,"shape":{"type":"rect","xposition":"NaN","yposition":"NaN","width":"NaN","height":"NaN","shapeStyle":24},"labelManager":{"labels":[{"type":"textLabel","@id":246,"inputText":"3","labelStyle":26,"shape":null,"layoutText":null}],"mainLabel":246},"properties":{},"orientationAtVertex":"FREE","reference":null},{"type":"port","@id":247,"shape":{"type":"rect","xposition":"NaN","yposition":"NaN","width":"NaN","height":"NaN","shapeStyle":24},"labelManager":{"labels":[{"type":"textLabel","@id":248,"inputText":"1","labelStyle":26,"shape":null,"layoutText":null}],"mainLabel":248},"properties":{},"orientationAtVertex":"FREE","reference":null}],"properties":{},"reference":null}],"properties":{},"reference":"device"},{"@id":249,"shape":{"type":"rect","xposition":"NaN","yposition":"NaN","width":"NaN","height":"NaN","shapeStyle":2},"labelManager":{"labels":[{"type":"textLabel","@id":250,"inputText":"Tom","labelStyle":4,"shape":null,"layoutText":null}],"mainLabel":250},"portCompositions":[{"type":"portGroup","@id":251,"ordered":false,"portCompositions":[{"type":"port","@id":252,"shape":{"type":"rect","xposition":"NaN","yposition":"NaN","width":"NaN","height":"NaN","shapeStyle":2},"labelManager":{"labels":[{"type":"textLabel","@id":253,"inputText":"2","labelStyle":4,"shape":null,"layoutText":null}],"mainLabel":253},"properties":{},"orientationAtVertex":"FREE","reference":null},{"type":"port","@id":254,"shape":{"type":"rect","xposition":"NaN","yposition":"NaN","width":"NaN","height":"NaN","shapeStyle":24},"labelManager":{"labels":[{"type":"textLabel","@id":255,"inputText":"1","labelStyle":26,"shape":null,"layoutText":null}],"mainLabel":255},"properties":{},"orientationAtVertex":"FREE","reference":null}],"properties":{},"reference":null}],"properties":{},"reference":"plug"},{"@id":256,"shape":{"type":"rect","xposition":"NaN","yposition":"NaN","width":"NaN","height":"NaN","shapeStyle":2},"labelManager":{"labels":[{"type":"textLabel","@id":257,"inputText":"Moritz","labelStyle":4,"shape":null,"layoutText":null}],"mainLabel":257},"portCompositions":[{"type":"portGroup","@id":258,"ordered":false,"portCompositions":[],"properties":{},"reference":null},{"type":"portGroup","@id":259,"ordered":false,"portCompositions":[{"type":"port","@id":260,"shape":{"type":"rect","xposition":"NaN","yposition":"NaN","width":"NaN","height":"NaN","shapeStyle":2},"labelManager":{"labels":[{"type":"textLabel","@id":261,"inputText":"1","labelStyle":4,"shape":null,"layoutText":null}],"mainLabel":261},"properties":{},"orientationAtVertex":"FREE","reference":null}],"properties":{},"reference":null}],"properties":{},"reference":"device"},{"@id":262,"shape":{"type":"rect","xposition":"NaN","yposition":"NaN","width":"NaN","height":"NaN","shapeStyle":2},"labelManager":{"labels":[{"type":"textLabel","@id":263,"inputText":"Oskar","labelStyle":4,"shape":null,"layoutText":null}],"mainLabel":263},"portCompositions":[{"type":"portGroup","@id":264,"ordered":false,"portCompositions":[{"type":"port","@id":265,"shape":{"type":"rect","xposition":"NaN","yposition":"NaN","width":"NaN","height":"NaN","shapeStyle":2},"labelManager":{"labels":[{"type":"textLabel","@id":266,"inputText":"1","labelStyle":4,"shape":null,"layoutText":null}],"mainLabel":266},"properties":{},"orientationAtVertex":"FREE","reference":null}],"properties":{},"reference":null}],"properties":{},"reference":"plug"},{"@id":267,"shape":{"type":"rect","xposition":"NaN","yposition":"NaN","width":"NaN","height":"NaN","shapeStyle":2},"labelManager":{"labels":[{"type":"textLabel","@id":268,"inputText":"Julius","labelStyle":4,"shape":null,"layoutText":null}],"mainLabel":268},"portCompositions":[{"type":"portGroup","@id":269,"ordered":false,"portCompositions":[{"type":"port","@id":270,"shape":{"type":"rect","xposition":"NaN","yposition":"NaN","width":"NaN","height":"NaN","shapeStyle":2},"labelManager":{"labels":[{"type":"textLabel","@id":271,"inputText":"2","labelStyle":4,"shape":null,"layoutText":null}],"mainLabel":271},"properties":{},"orientationAtVertex":"FREE","reference":null},{"type":"port","@id":272,"shape":{"type":"rect","xposition":"NaN","yposition":"NaN","width":"NaN","height":"NaN","shapeStyle":24},"labelManager":{"labels":[{"type":"textLabel","@id":273,"inputText":"1","labelStyle":26,"shape":null,"layoutText":null}],"mainLabel":273},"properties":{},"orientationAtVertex":"FREE","reference":null}],"properties":{},"reference":null}],"properties":{},"reference":"device"},{"@id":274,"shape":{"type":"rect","xposition":"NaN","yposition":"NaN","width":"NaN","height":"NaN","shapeStyle":2},"labelManager":{"labels":[{"type":"textLabel","@id":275,"inputText":"Finn","labelStyle":4,"shape":null,"layoutText":null}],"mainLabel":275},"portCompositions":[{"type":"portGroup","@id":276,"ordered":false,"portCompositions":[{"type":"port","@id":277,"shape":{"type":"rect","xposition":"NaN","yposition":"NaN","width":"NaN","height":"NaN","shapeStyle":2},"labelManager":{"labels":[{"type":"textLabel","@id":278,"inputText":"2","labelStyle":4,"shape":null,"layoutText":null}],"mainLabel":278},"properties":{},"orientationAtVertex":"FREE","reference":null}],"properties":{},"reference":null}],"properties":{},"reference":"plug"},{"@id":279,"shape":{"type":"rect","xposition":"NaN","yposition":"NaN","width":"NaN","height":"NaN","shapeStyle":2},"labelManager":{"labels":[{"type":"textLabel","@id":280,"inputText":"Johannes","labelStyle":4,"shape":null,"layoutText":null}],"mainLabel":280},"portCompositions":[{"type":"portGroup","@id":281,"ordered":false,"portCompositions":[{"type":"port","@id":282,"shape":{"type":"rect","xposition":"NaN","yposition":"NaN","width":"NaN","height":"NaN","shapeStyle":2},"labelManager":{"labels":[{"type":"textLabel","@id":283,"inputText":"2","labelStyle":4,"shape":null,"layoutText":null}],"mainLabel":283},"properties":{},"orientationAtVertex":"FREE","reference":null},{"type":"port","@id":284,"shape":{"type":"rect","xposition":"NaN","yposition":"NaN","width":"NaN","height":"NaN","shapeStyle":24},"labelManager":{"labels":[{"type":"textLabel","@id":285,"inputText":"1","labelStyle":26,"shape":null,"layoutText":null}],"mainLabel":285},"properties":{},"orientationAtVertex":"FREE","reference":null},{"type":"port","@id":286,"shape":{"type":"rect","xposition":"NaN","yposition":"NaN","width":"NaN","height":"NaN","shapeStyle":24},"labelManager":{"labels":[{"type":"textLabel","@id":287,"inputText":"3","labelStyle":26,"shape":null,"layoutText":null}],"mainLabel":287},"properties":{},"orientationAtVertex":"FREE","reference":null},{"type":"port","@id":288,"shape":{"type":"rect","xposition":"NaN","yposition":"NaN","width":"NaN","height":"NaN","shapeStyle":24},"labelManager":{"labels":[{"type":"textLabel","@id":289,"inputText":"4","labelStyle":26,"shape":null,"layoutText":null}],"mainLabel":289},"properties":{},"orientationAtVertex":"FREE","reference":null}],"properties":{},"reference":null}],"properties":{},"reference":"device"},{"@id":290,"shape":{"type":"rect","xposition":"NaN","yposition":"NaN","width":"NaN","height":"NaN","shapeStyle":2},"labelManager":{"labels":[{"type":"textLabel","@id":291,"inputText":"Louis","labelStyle":4,"shape":null,"layoutText":null}],"mainLabel":291},"portCompositions":[{"type":"portGroup","@id":292,"ordered":false,"portCompositions":[{"type":"port","@id":293,"shape":{"type":"rect","xposition":"NaN","yposition":"NaN","width":"NaN","height":"NaN","shapeStyle":2},"labelManager":{"labels":[{"type":"textLabel","@id":294,"inputText":"2","labelStyle":4,"shape":null,"layoutText":null}],"mainLabel":294},"properties":{},"orientationAtVertex":"FREE","reference":null}],"properties":{},"reference":null}],"properties":{},"reference":"plug"},{"@id":295,"shape":{"type":"rect","xposition":"NaN","yposition":"NaN","width":"NaN","height":"NaN","shapeStyle":2},"labelManager":{"labels":[{"type":"textLabel","@id":296,"inputText":"Michael","labelStyle":4,"shape":null,"layoutText":null}],"mainLabel":296},"portCompositions":[{"type":"port","@id":297,"shape":{"type":"rect","xposition":"NaN","yposition":"NaN","width":"NaN","height":"NaN","shapeStyle":2},"labelManager":{"labels":[{"type":"textLabel","@id":298,"inputText":"1","labelStyle":4,"shape":null,"layoutText":null}],"mainLabel":298},"properties":{},"orientationAtVertex":"FREE","reference":null}],"properties":{},"reference":"splice"},{"@id":299,"shape":{"type":"rect","xposition":"NaN","yposition":"NaN","width":"NaN","height":"NaN","shapeStyle":2},"labelManager":{"labels":[{"type":"textLabel","@id":300,"inputText":"Jakob","labelStyle":4,"shape":null,"layoutText":null}],"mainLabel":300},"portCompositions":[{"type":"port","@id":301,"shape":{"type":"rect","xposition":"NaN","yposition":"NaN","width":"NaN","height":"NaN","shapeStyle":2},"labelManager":{"labels":[{"type":"textLabel","@id":302,"inputText":"1","labelStyle":4,"shape":null,"layoutText":null}],"mainLabel":302},"properties":{},"orientationAtVertex":"FREE","reference":null}],"properties":{},"reference":"splice"},{"@id":303,"shape":null,"labelManager":{"labels":[{"type":"textLabel","@id":304,"inputText":"Noah","labelStyle":26,"shape":null,"layoutText":null}],"mainLabel":304},"portCompositions":[{"type":"portGroup","@id":305,"ordered":false,"portCompositions":[{"type":"port","@id":306,"shape":{"type":"rect","xposition":"NaN","yposition":"NaN","width":"NaN","height":"NaN","shapeStyle":24},"labelManager":{"labels":[{"type":"textLabel","@id":307,"inputText":"2","labelStyle":26,"shape":null,"layoutText":null}],"mainLabel":307},"properties":{},"orientationAtVertex":"FREE","reference":null},{"type":"port","@id":308,"shape":{"type":"rect","xposition":"NaN","yposition":"NaN","width":"NaN","height":"NaN","shapeStyle":24},"labelManager":{"labels":[{"type":"textLabel","@id":309,"inputText":"1","labelStyle":26,"shape":null,"layoutText":null}],"mainLabel":309},"properties":{},"orientationAtVertex":"FREE","reference":null}],"properties":{},"reference":null}],"properties":{},"reference":null},{"@id":310,"shape":null,"labelManager":{"labels":[{"type":"textLabel","@id":311,"inputText":"Leonard","labelStyle":26,"shape":null,"layoutText":null}],"mainLabel":311},"portCompositions":[{"type":"portGroup","@id":312,"ordered":false,"portCompositions":[{"type":"port","@id":313,"shape":{"type":"rect","xposition":"NaN","yposition":"NaN","width":"NaN","height":"NaN","shapeStyle":24},"labelManager":{"labels":[{"type":"textLabel","@id":314,"inputText":"3","labelStyle":26,"shape":null,"layoutText":null}],"mainLabel":314},"properties":{},"orientationAtVertex":"FREE","reference":null}],"properties":{},"reference":null}],"properties":{},"reference":null},{"@id":315,"shape":null,"labelManager":{"labels":[{"type":"textLabel","@id":316,"inputText":"David","labelStyle":26,"shape":null,"layoutText":null}],"mainLabel":316},"portCompositions":[{"type":"portGroup","@id":317,"ordered":false,"portCompositions":[{"type":"port","@id":318,"shape":{"type":"rect","xposition":"NaN","yposition":"NaN","width":"NaN","height":"NaN","shapeStyle":24},"labelManager":{"labels":[{"type":"textLabel","@id":319,"inputText":"2","labelStyle":26,"shape":null,"layoutText":null}],"mainLabel":319},"properties":{},"orientationAtVertex":"FREE","reference":null}],"properties":{},"reference":null}],"properties":{},"reference":null},{"@id":320,"shape":null,"labelManager":{"labels":[{"type":"textLabel","@id":321,"inputText":"Liam","labelStyle":26,"shape":null,"layoutText":null}],"mainLabel":321},"portCompositions":[{"type":"portGroup","@id":322,"ordered":false,"portCompositions":[{"type":"port","@id":323,"shape":{"type":"rect","xposition":"NaN","yposition":"NaN","width":"NaN","height":"NaN","shapeStyle":24},"labelManager":{"labels":[{"type":"textLabel","@id":324,"inputText":"2","labelStyle":26,"shape":null,"layoutText":null}],"mainLabel":324},"properties":{},"orientationAtVertex":"FREE","reference":null},{"type":"port","@id":325,"shape":{"type":"rect","xposition":"NaN","yposition":"NaN","width":"NaN","height":"NaN","shapeStyle":24},"labelManager":{"labels":[{"type":"textLabel","@id":326,"inputText":"1","labelStyle":26,"shape":null,"layoutText":null}],"mainLabel":326},"properties":{},"orientationAtVertex":"FREE","reference":null}],"properties":{},"reference":null}],"properties":{},"reference":null},{"@id":327,"shape":null,"labelManager":{"labels":[{"type":"textLabel","@id":328,"inputText":"Luis","labelStyle":26,"shape":null,"layoutText":null}],"mainLabel":328},"portCompositions":[{"type":"portGroup","@id":329,"ordered":false,"portCompositions":[{"type":"port","@id":330,"shape":{"type":"rect","xposition":"NaN","yposition":"NaN","width":"NaN","height":"NaN","shapeStyle":24},"labelManager":{"labels":[{"type":"textLabel","@id":331,"inputText":"3","labelStyle":26,"shape":null,"layoutText":null}],"mainLabel":331},"properties":{},"orientationAtVertex":"FREE","reference":null}],"properties":{},"reference":null}],"properties":{},"reference":null},{"@id":332,"shape":null,"labelManager":{"labels":[{"type":"textLabel","@id":333,"inputText":"Vincent","labelStyle":26,"shape":null,"layoutText":null}],"mainLabel":333},"portCompositions":[{"type":"portGroup","@id":334,"ordered":false,"portCompositions":[{"type":"port","@id":335,"shape":{"type":"rect","xposition":"NaN","yposition":"NaN","width":"NaN","height":"NaN","shapeStyle":24},"labelManager":{"labels":[{"type":"textLabel","@id":336,"inputText":"1","labelStyle":26,"shape":null,"layoutText":null}],"mainLabel":336},"properties":{},"orientationAtVertex":"FREE","reference":null}],"properties":{},"reference":null}],"properties":{},"reference":null},{"@id":337,"shape":null,"labelManager":{"labels":[{"type":"textLabel","@id":338,"inputText":"Luca","labelStyle":26,"shape":null,"layoutText":null}],"mainLabel":338},"portCompositions":[{"type":"portGroup","@id":339,"ordered":false,"portCompositions":[{"type":"port","@id":340,"shape":{"type":"rect","xposition":"NaN","yposition":"NaN","width":"NaN","height":"NaN","shapeStyle":24},"labelManager":{"labels":[{"type":"textLabel","@id":341,"inputText":"3","labelStyle":26,"shape":null,"layoutText":null}],"mainLabel":341},"properties":{},"orientationAtVertex":"FREE","reference":null},{"type":"port","@id":342,"shape":{"type":"rect","xposition":"NaN","yposition":"NaN","width":"NaN","height":"NaN","shapeStyle":24},"labelManager":{"labels":[{"type":"textLabel","@id":343,"inputText":"4","labelStyle":26,"shape":null,"layoutText":null}],"mainLabel":343},"properties":{},"orientationAtVertex":"FREE","reference":null}],"properties":{},"reference":null}],"properties":{},"reference":null},{"@id":344,"shape":null,"labelManager":{"labels":[{"type":"textLabel","@id":345,"inputText":"Simon","labelStyle":26,"shape":null,"layoutText":null}],"mainLabel":345},"portCompositions":[{"type":"portGroup","@id":346,"ordered":false,"portCompositions":[{"type":"port","@id":347,"shape":{"type":"rect","xposition":"NaN","yposition":"NaN","width":"NaN","height":"NaN","shapeStyle":24},"labelManager":{"labels":[{"type":"textLabel","@id":348,"inputText":"2","labelStyle":26,"shape":null,"layoutText":null}],"mainLabel":348},"properties":{},"orientationAtVertex":"FREE","reference":null}],"properties":{},"reference":null}],"properties":{},"reference":null},{"@id":349,"shape":null,"labelManager":{"labels":[{"type":"textLabel","@id":350,"inputText":"Max","labelStyle":26,"shape":null,"layoutText":null}],"mainLabel":350},"portCompositions":[{"type":"portGroup","@id":351,"ordered":false,"portCompositions":[{"type":"port","@id":352,"shape":{"type":"rect","xposition":"NaN","yposition":"NaN","width":"NaN","height":"NaN","shapeStyle":24},"labelManager":{"labels":[{"type":"textLabel","@id":353,"inputText":"1","labelStyle":26,"shape":null,"layoutText":null}],"mainLabel":353},"properties":{},"orientationAtVertex":"FREE","reference":null}],"properties":{},"reference":null}],"properties":{},"reference":null}],"vertexGroups":[{"@id":354,"drawnFrame":false,"labelManager":{"labels":[],"mainLabel":null},"shape":null,"containedVertices":[1,9],"containedVertexGroups":[],"touchingPairs":[{"vertex0":1,"horizontalPlacementVertex0":"FREE","verticalPlacementVertex0":"TOP","vertex1":9,"horizontalPlacementVertex1":"FREE","verticalPlacementVertex1":"FREE"}],"portPairings":[{"port0":7,"port1":12}],"properties":{},"reference":null},{"@id":355,"drawnFrame":false,"labelManager":{"labels":[],"mainLabel":null},"shape":null,"containedVertices":[18,31],"containedVertexGroups":[],"touchingPairs":[{"vertex0":18,"horizontalPlacementVertex0":"FREE","verticalPlacementVertex0":"TOP","vertex1":31,"horizontalPlacementVertex1":"FREE","verticalPlacementVertex1":"FREE"}],"portPairings":[{"port0":21,"port1":34},{"port0":23,"port1":36},{"port0":27,"port1":38},{"port0":29,"port1":40}],"properties":{},"reference":null},{"@id":356,"drawnFrame":false,"labelManager":{"labels":[],"mainLabel":null},"shape":null,"containedVertices":[46,55],"containedVertexGroups":[],"touchingPairs":[{"vertex0":46,"horizontalPlacementVertex0":"FREE","verticalPlacementVertex0":"TOP","vertex1":55,"horizontalPlacementVertex1":"FREE","verticalPlacementVertex1":"FREE"}],"portPairings":[{"port0":49,"port1":58},{"port0":51,"port1":60},{"port0":53,"port1":62}],"properties":{},"reference":null},{"@id":357,"drawnFrame":false,"labelManager":{"labels":[],"mainLabel":null},"shape":null,"containedVertices":[64,74,320],"containedVertexGroups":[],"touchingPairs":[{"vertex0":64,"horizontalPlacementVertex0":"FREE","verticalPlacementVertex0":"TOP","vertex1":74,"horizontalPlacementVertex1":"FREE","verticalPlacementVertex1":"FREE"},{"vertex0":64,"horizontalPlacementVertex0":"FREE","verticalPlacementVertex0":"FREE","vertex1":320,"horizontalPlacementVertex1":"FREE","verticalPlacementVertex1":"FREE"}],"portPairings":[{"port0":67,"port1":77},{"port0":69,"port1":323},{"port0":71,"port1":325}],"properties":{},"reference":null},{"@id":358,"drawnFrame":false,"labelManager":{"labels":[],"mainLabel":null},"shape":null,"containedVertices":[92,105,310],"containedVertexGroups":[],"touchingPairs":[{"vertex0":92,"horizontalPlacementVertex0":"FREE","verticalPlacementVertex0":"TOP","vertex1":105,"horizontalPlacementVertex1":"FREE","verticalPlacementVertex1":"FREE"},{"vertex0":92,"horizontalPlacementVertex0":"FREE","verticalPlacementVertex0":"FREE","vertex1":310,"horizontalPlacementVertex1":"FREE","verticalPlacementVertex1":"FREE"}],"portPairings":[{"port0":101,"port1":112},{"port0":99,"port1":110},{"port0":97,"port1":108},{"port0":103,"port1":313}],"properties":{},"reference":null},{"@id":359,"drawnFrame":false,"labelManager":{"labels":[],"mainLabel":null},"shape":null,"containedVertices":[114,121],"containedVertexGroups":[],"touchingPairs":[{"vertex0":114,"horizontalPlacementVertex0":"FREE","verticalPlacementVertex0":"TOP","vertex1":121,"horizontalPlacementVertex1":"FREE","verticalPlacementVertex1":"FREE"}],"portPairings":[{"port0":117,"port1":124},{"port0":119,"port1":126}],"properties":{},"reference":null},{"@id":360,"drawnFrame":false,"labelManager":{"labels":[],"mainLabel":null},"shape":null,"containedVertices":[128,135],"containedVertexGroups":[],"touchingPairs":[{"vertex0":128,"horizontalPlacementVertex0":"FREE","verticalPlacementVertex0":"TOP","vertex1":135,"horizontalPlacementVertex1":"FREE","verticalPlacementVertex1":"FREE"}],"portPairings":[{"port0":131,"port1":138},{"port0":133,"port1":140}],"properties":{},"reference":null},{"@id":361,"drawnFrame":false,"labelManager":{"labels":[],"mainLabel":null},"shape":null,"containedVertices":[142,155,315],"containedVertexGroups":[],"touchingPairs":[{"vertex0":142,"horizontalPlacementVertex0":"FREE","verticalPlacementVertex0":"TOP","vertex1":155,"horizontalPlacementVertex1":"FREE","verticalPlacementVertex1":"FREE"},{"vertex0":142,"horizontalPlacementVertex0":"FREE","verticalPlacementVertex0":"FREE","vertex1":315,"horizontalPlacementVertex1":"FREE","verticalPlacementVertex1":"FREE"}],"portPairings":[{"port0":151,"port1":164},{"port0":149,"port1":162},{"port0":145,"port1":158},{"port0":147,"port1":160},{"port0":153,"port1":318}],"properties":{},"reference":null},{"@id":362,"drawnFrame":false,"labelManager":{"labels":[],"mainLabel":null},"shape":null,"containedVertices":[173,182],"containedVertexGroups":[],"touchingPairs":[{"vertex0":173,"horizontalPlacementVertex0":"FREE","verticalPlacementVertex0":"TOP","vertex1":182,"horizontalPlacementVertex1":"FREE","verticalPlacementVertex1":"FREE"}],"portPairings":[{"port0":176,"port1":185},{"port0":178,"port1":187},{"port0":180,"port1":189}],"properties":{},"reference":null},{"@id":363,"drawnFrame":false,"labelManager":{"labels":[],"mainLabel":null},"shape":null,"containedVertices":[191,200],"containedVertexGroups":[],"touchingPairs":[{"vertex0":191,"horizontalPlacementVertex0":"FREE","verticalPlacementVertex0":"TOP","vertex1":200,"horizontalPlacementVertex1":"FREE","verticalPlacementVertex1":"FREE"}],"portPairings":[{"port0":194,"port1":203},{"port0":196,"port1":205},{"port0":198,"port1":207}],"properties":{},"reference":null},{"@id":364,"drawnFrame":false,"labelManager":{"labels":[],"mainLabel":null},"shape":null,"containedVertices":[209,218],"containedVertexGroups":[],"touchingPairs":[{"vertex0":209,"horizontalPlacementVertex0":"FREE","verticalPlacementVertex0":"TOP","vertex1":218,"horizontalPlacementVertex1":"FREE","verticalPlacementVertex1":"FREE"}],"portPairings":[{"port0":214,"port1":223},{"port0":212,"port1":221},{"port0":216,"port1":225}],"properties":{},"reference":null},{"@id":365,"drawnFrame":false,"labelManager":{"labels":[],"mainLabel":null},"shape":null,"containedVertices":[227,235,344],"containedVertexGroups":[],"touchingPairs":[{"vertex0":227,"horizontalPlacementVertex0":"FREE","verticalPlacementVertex0":"TOP","vertex1":235,"horizontalPlacementVertex1":"FREE","verticalPlacementVertex1":"FREE"},{"vertex0":227,"horizontalPlacementVertex0":"FREE","verticalPlacementVertex0":"FREE","vertex1":344,"horizontalPlacementVertex1":"FREE","verticalPlacementVertex1":"FREE"}],"portPairings":[{"port0":231,"port1":238},{"port0":233,"port1":347}],"properties":{},"reference":null},{"@id":366,"drawnFrame":false,"labelManager":{"labels":[],"mainLabel":null},"shape":null,"containedVertices":[240,249,327],"containedVertexGroups":[],"touchingPairs":[{"vertex0":240,"horizontalPlacementVertex0":"FREE","verticalPlacementVertex0":"TOP","vertex1":249,"horizontalPlacementVertex1":"FREE","verticalPlacementVertex1":"FREE"},{"vertex0":240,"horizontalPlacementVertex0":"FREE","verticalPlacementVertex0":"FREE","vertex1":327,"horizontalPlacementVertex1":"FREE","verticalPlacementVertex1":"FREE"}],"portPairings":[{"port0":243,"port1":252},{"port0":245,"port1":330},{"port0":247,"port1":254}],"properties":{},"reference":null},{"@id":367,"drawnFrame":false,"labelManager":{"labels":[],"mainLabel":null},"shape":null,"containedVertices":[256,262],"containedVertexGroups":[],"touchingPairs":[{"vertex0":256,"horizontalPlacementVertex0":"FREE","verticalPlacementVertex0":"TOP","vertex1":262,"horizontalPlacementVertex1":"FREE","verticalPlacementVertex1":"FREE"}],"portPairings":[{"port0":260,"port1":265}],"properties":{},"reference":null},{"@id":368,"drawnFrame":false,"labelManager":{"labels":[],"mainLabel":null},"shape":null,"containedVertices":[267,274,349],"containedVertexGroups":[],"touchingPairs":[{"vertex0":267,"horizontalPlacementVertex0":"FREE","verticalPlacementVertex0":"TOP","vertex1":274,"horizontalPlacementVertex1":"FREE","verticalPlacementVertex1":"FREE"},{"vertex0":267,"horizontalPlacementVertex0":"FREE","verticalPlacementVertex0":"FREE","vertex1":349,"horizontalPlacementVertex1":"FREE","verticalPlacementVertex1":"FREE"}],"portPairings":[{"port0":270,"port1":277},{"port0":272,"port1":352}],"properties":{},"reference":null},{"@id":369,"drawnFrame":false,"labelManager":{"labels":[],"mainLabel":null},"shape":null,"containedVertices":[279,290,332,337],"containedVertexGroups":[],"touchingPairs":[{"vertex0":279,"horizontalPlacementVertex0":"FREE","verticalPlacementVertex0":"TOP","vertex1":290,"horizontalPlacementVertex1":"FREE","verticalPlacementVertex1":"FREE"},{"vertex0":279,"horizontalPlacementVertex0":"FREE","verticalPlacementVertex0":"FREE","vertex1":332,"horizontalPlacementVertex1":"FREE","verticalPlacementVertex1":"FREE"},{"vertex0":279,"horizontalPlacementVertex0":"FREE","verticalPlacementVertex0":"FREE","vertex1":337,"horizontalPlacementVertex1":"FREE","verticalPlacementVertex1":"FREE"}],"portPairings":[{"port0":282,"port1":293},{"port0":284,"port1":335},{"port0":286,"port1":340},{"port0":288,"port1":342}],"properties":{},"reference":null}],"edges":[{"@id":370,"ports":[297,252],"labelManager":{"innerLabels":[{"type":"textLabel","@id":371,"inputText":"Ferdinand","labelStyle":4,"shape":null,"layoutText":null}],"allPortLabels":[],"mainLabel":371},"pathStyle":{"@id":372,"description":"default path style","thickness":-1.0,"color":{"argb":"ff000000"}},"paths":[],"properties":{},"reference":null},{"@id":373,"ports":[252,138],"labelManager":{"innerLabels":[{"type":"textLabel","@id":374,"inputText":"Fritz","labelStyle":4,"shape":null,"layoutText":null}],"allPortLabels":[],"mainLabel":374},"pathStyle":372,"paths":[],"properties":{},"reference":null},{"@id":375,"ports":[301,293],"labelManager":{"innerLabels":[{"type":"textLabel","@id":376,"inputText":"Matthias","labelStyle":4,"shape":null,"layoutText":null}],"allPortLabels":[],"mainLabel":376},"pathStyle":372,"paths":[],"properties":{},"reference":null},{"@id":377,"ports":[12,160],"labelManager":{"innerLabels":[{"type":"textLabel","@id":378,"inputText":"Erik","labelStyle":4,"shape":null,"layoutText":null}],"allPortLabels":[],"mainLabel":378},"pathStyle":372,"paths":[],"properties":{},"reference":null},{"@id":379,"ports":[297,223],"labelManager":{"innerLabels":[{"type":"textLabel","@id":380,"inputText":"Carl","labelStyle":4,"shape":null,"layoutText":null}],"allPortLabels":[],"mainLabel":380},"pathStyle":372,"paths":[],"properties":{},"reference":null},{"@id":381,"ports":[16,164],"labelManager":{"innerLabels":[{"type":"textLabel","@id":382,"inputText":"Can","labelStyle":4,"shape":null,"layoutText":null}],"allPortLabels":[],"mainLabel":382},"pathStyle":372,"paths":[],"properties":{},"reference":null},{"@id":383,"ports":[58,90],"labelManager":{"innerLabels":[{"type":"textLabel","@id":384,"inputText":"Noel","labelStyle":4,"shape":null,"layoutText":null}],"allPortLabels":[],"mainLabel":384},"pathStyle":372,"paths":[],"properties":{},"reference":null},{"@id":385,"ports":[194,90],"labelManager":{"innerLabels":[{"type":"textLabel","@id":386,"inputText":"Emir","labelStyle":4,"shape":null,"layoutText":null}],"allPortLabels":[],"mainLabel":386},"pathStyle":372,"paths":[],"properties":{},"reference":null},{"@id":387,"ports":[203,277],"labelManager":{"innerLabels":[{"type":"textLabel","@id":388,"inputText":"Aaron","labelStyle":4,"shape":null,"layoutText":null}],"allPortLabels":[],"mainLabel":388},"pathStyle":372,"paths":[],"properties":{},"reference":null},{"@id":389,"ports":[238,301],"labelManager":{"innerLabels":[{"type":"textLabel","@id":390,"inputText":"Josef","labelStyle":4,"shape":null,"layoutText":null}],"allPortLabels":[],"mainLabel":390},"pathStyle":372,"paths":[],"properties":{},"reference":null},{"@id":391,"ports":[138,293],"labelManager":{"innerLabels":[{"type":"textLabel","@id":392,"inputText":"Benedikt","labelStyle":4,"shape":null,"layoutText":null}],"allPortLabels":[],"mainLabel":392},"pathStyle":372,"paths":[],"properties":{},"reference":null},{"@id":393,"ports":[112,44],"labelManager":{"innerLabels":[{"type":"textLabel","@id":394,"inputText":"Bruno","labelStyle":4,"shape":null,"layoutText":null}],"allPortLabels":[],"mainLabel":394},"pathStyle":372,"paths":[],"properties":{},"reference":null},{"@id":395,"ports":[49,124],"labelManager":{"innerLabels":[{"type":"textLabel","@id":396,"inputText":"Matteo","labelStyle":4,"shape":null,"layoutText":null}],"allPortLabels":[],"mainLabel":396},"pathStyle":372,"paths":[],"properties":{},"reference":null},{"@id":397,"ports":[301,265],"labelManager":{"innerLabels":[{"type":"textLabel","@id":398,"inputText":"Malik","labelStyle":4,"shape":null,"layoutText":null}],"allPortLabels":[],"mainLabel":398},"pathStyle":372,"paths":[],"properties":{},"reference":null},{"@id":399,"ports":[16,187],"labelManager":{"innerLabels":[{"type":"textLabel","@id":400,"inputText":"Nick","labelStyle":4,"shape":null,"layoutText":null}],"allPortLabels":[],"mainLabel":400},"pathStyle":372,"paths":[],"properties":{},"reference":null},{"@id":401,"ports":[82,352],"labelManager":{"innerLabels":[{"type":"textLabel","@id":402,"inputText":"Kaan","labelStyle":26,"shape":null,"layoutText":null}],"allPortLabels":[],"mainLabel":402},"pathStyle":{"@id":403,"description":"default path style","thickness":-1.0,"color":{"argb":"ff000000"}},"paths":[],"properties":{},"reference":null},{"@id":404,"ports":[108,318],"labelManager":{"innerLabels":[{"type":"textLabel","@id":405,"inputText":"Emilio","labelStyle":26,"shape":null,"layoutText":null}],"allPortLabels":[],"mainLabel":405},"pathStyle":403,"paths":[],"properties":{},"reference":null},{"@id":406,"ports":[335,189],"labelManager":{"innerLabels":[{"type":"textLabel","@id":407,"inputText":"Joshua","labelStyle":26,"shape":null,"layoutText":null}],"allPortLabels":[],"mainLabel":407},"pathStyle":403,"paths":[],"properties":{},"reference":null},{"@id":408,"ports":[77,86],"labelManager":{"innerLabels":[{"type":"textLabel","@id":409,"inputText":"Linus","labelStyle":26,"shape":null,"layoutText":null}],"allPortLabels":[],"mainLabel":409},"pathStyle":403,"paths":[],"properties":{},"reference":null},{"@id":410,"ports":[323,53],"labelManager":{"innerLabels":[{"type":"textLabel","@id":411,"inputText":"Robin","labelStyle":26,"shape":null,"layoutText":null}],"allPortLabels":[],"mainLabel":411},"pathStyle":403,"paths":[],"properties":{},"reference":null},{"@id":412,"ports":[169,21],"labelManager":{"innerLabels":[{"type":"textLabel","@id":413,"inputText":"Milan","labelStyle":26,"shape":null,"layoutText":null}],"allPortLabels":[],"mainLabel":413},"pathStyle":403,"paths":[],"properties":{},"reference":null},{"@id":414,"ports":[27,308],"labelManager":{"innerLabels":[{"type":"textLabel","@id":415,"inputText":"Adrian","labelStyle":26,"shape":null,"layoutText":null}],"allPortLabels":[],"mainLabel":415},"pathStyle":403,"paths":[],"properties":{},"reference":null},{"@id":416,"ports":[40,110],"labelManager":{"innerLabels":[{"type":"textLabel","@id":417,"inputText":"Hannes","labelStyle":26,"shape":null,"layoutText":null}],"allPortLabels":[],"mainLabel":417},"pathStyle":403,"paths":[],"properties":{},"reference":null},{"@id":418,"ports":[34,196],"labelManager":{"innerLabels":[{"type":"textLabel","@id":419,"inputText":"Yusuf","labelStyle":26,"shape":null,"layoutText":null}],"allPortLabels":[],"mainLabel":419},"pathStyle":403,"paths":[],"properties":{},"reference":null},{"@id":420,"ports":[29,171],"labelManager":{"innerLabels":[{"type":"textLabel","@id":421,"inputText":"Friedrich","labelStyle":26,"shape":null,"layoutText":null}],"allPortLabels":[],"mainLabel":421},"pathStyle":403,"paths":[],"properties":{},"reference":null},{"@id":422,"ports":[23,171],"labelManager":{"innerLabels":[{"type":"textLabel","@id":423,"inputText":"Matthias","labelStyle":26,"shape":null,"layoutText":null}],"allPortLabels":[],"mainLabel":423},"pathStyle":403,"paths":[],"properties":{},"reference":null},{"@id":424,"ports":[51,126],"labelManager":{"innerLabels":[{"type":"textLabel","@id":425,"inputText":"Emilio","labelStyle":26,"shape":null,"layoutText":null}],"allPortLabels":[],"mainLabel":425},"pathStyle":403,"paths":[],"properties":{},"reference":null},{"@id":426,"ports":[171,23],"labelManager":{"innerLabels":[{"type":"textLabel","@id":427,"inputText":"Linus","labelStyle":26,"shape":null,"layoutText":null}],"allPortLabels":[],"mainLabel":427},"pathStyle":403,"paths":[],"properties":{},"reference":null},{"@id":428,"ports":[306,119],"labelManager":{"innerLabels":[{"type":"textLabel","@id":429,"inputText":"Raphael","labelStyle":26,"shape":null,"layoutText":null}],"allPortLabels":[],"mainLabel":429},"pathStyle":403,"paths":[],"properties":{},"reference":null},{"@id":430,"ports":[198,205],"labelManager":{"innerLabels":[{"type":"textLabel","@id":431,"inputText":"Emir","labelStyle":26,"shape":null,"layoutText":null}],"allPortLabels":[],"mainLabel":431},"pathStyle":403,"paths":[],"properties":{},"reference":null},{"@id":432,"ports":[117,306],"labelManager":{"innerLabels":[{"type":"textLabel","@id":433,"inputText":"Fritz","labelStyle":26,"shape":null,"layoutText":null}],"allPortLabels":[],"mainLabel":433},"pathStyle":403,"paths":[],"properties":{},"reference":null},{"@id":434,"ports":[340,60],"labelManager":{"innerLabels":[{"type":"textLabel","@id":435,"inputText":"Bruno","labelStyle":26,"shape":null,"layoutText":null}],"allPortLabels":[],"mainLabel":435},"pathStyle":403,"paths":[],"properties":{},"reference":null},{"@id":436,"ports":[119,342],"labelManager":{"innerLabels":[{"type":"textLabel","@id":437,"inputText":"Wilhelm","labelStyle":26,"shape":null,"layoutText":null}],"allPortLabels":[],"mainLabel":437},"pathStyle":403,"paths":[],"properties":{},"reference":null},{"@id":438,"ports":[313,140],"labelManager":{"innerLabels":[{"type":"textLabel","@id":439,"inputText":"Bruno","labelStyle":26,"shape":null,"layoutText":null}],"allPortLabels":[],"mainLabel":439},"pathStyle":403,"paths":[],"properties":{},"reference":null},{"@id":440,"ports":[254,306],"labelManager":{"innerLabels":[{"type":"textLabel","@id":441,"inputText":"Adam","labelStyle":26,"shape":null,"layoutText":null}],"allPortLabels":[],"mainLabel":441},"pathStyle":403,"paths":[],"properties":{},"reference":null},{"@id":442,"ports":[60,330],"labelManager":{"innerLabels":[{"type":"textLabel","@id":443,"inputText":"Jonah","labelStyle":26,"shape":null,"layoutText":null}],"allPortLabels":[],"mainLabel":443},"pathStyle":403,"paths":[],"properties":{},"reference":null},{"@id":444,"ports":[38,158],"labelManager":{"innerLabels":[{"type":"textLabel","@id":445,"inputText":"Noel","labelStyle":26,"shape":null,"layoutText":null}],"allPortLabels":[],"mainLabel":445},"pathStyle":403,"paths":[],"properties":{},"reference":null},{"@id":446,"ports":[342,119],"labelManager":{"innerLabels":[{"type":"textLabel","@id":447,"inputText":"Justus","labelStyle":26,"shape":null,"layoutText":null}],"allPortLabels":[],"mainLabel":447},"pathStyle":403,"paths":[],"properties":{},"reference":null}],"edgeBundles":[]}