{"vertices":[{"@id":1,"shape":{"type":"rect","xposition":"NaN","yposition":"NaN","width":"NaN","height":"NaN","shapeStyle":{"@id":2,"description":"default shape style","color":{"argb":"ff000000"}}},"labelManager":{"labels":[{"type":"textLabel","@id":3,"inputText":"Felix","labelStyle":{"@id":4,"description":"default text label style","font":{"fontName":"SansSerif.plain","style":0,"size":10},"noBreak":false,"color":{"argb":"ff000000"},"showLabel":true,"placement":"FREE","horizontalPlacement":"FREE","verticalPlacement":"FREE"},"shape":null,"layoutText":null}],"mainLabel":3},"portCompositions":[{"type":"portGroup","@id":5,"ordered":false,"portCompositions":[{"type":"port","@id":6,"shape":{"type":"rect","xposition":"NaN","yposition":"NaN","width":"NaN","height":"NaN","shapeStyle":2},"labelManager":{"labels":[{"type":"textLabel","@id":7,"inputText":"1","labelStyle":4,"shape":null,"layoutText":null}],"mainLabel":7},"properties":{},"orientationAtVertex":"FREE","reference":null}],"properties":{},"reference":null}],"properties":{},"reference":"device"},{"@id":8,"shape":{"type":"rect","xposition":"NaN","yposition":"NaN","width":"NaN","height":"NaN","shapeStyle":2},"labelManager":{"labels":[{"type":"textLabel","@id":9,"inputText":"Maximilian","labelStyle":4,"shape":null,"layoutText":null}],"mainLabel":9},"portCompositions":[{"type":"portGroup","@id":10,"ordered":false,"portCompositions":[{"type":"port","@id":11,"shape":{"type":"rect","xposition":"NaN","yposition":"NaN","width":"NaN","height":"NaN","shapeStyle":2},"labelManager":{"labels":[{"type":"textLabel","@id":12,"inputText":"1","labelStyle":4,"shape":null,"layoutText":null}],"mainLabel":12},"properties":{},"orientationAtVertex":"FREE","reference":null}],"properties":{},"reference":null}],"properties":{},"reference":"plug"},{"@id":13,"shape":{"type":"rect","xposition":"NaN","yposition":"NaN","width":"NaN","height":"NaN","shapeStyle":2},"labelManager":{"labels":[{"type":"textLabel","@id":14,"inputText":"Leon","labelStyle":4,"shape":null,"layoutText":null}],"mainLabel":14},"portCompositions":[{"type":"portGroup","@id":15,"ordered":false,"portCompositions":[{"type":"port","@id":16,"shape":{"type":"rect","xposition":"NaN","yposition":"NaN","width":"NaN","height":"NaN","shapeStyle":2},"labelManager":{"labels":[{"type":"textLabel","@id":17,"inputText":"1","labelStyle":4,"shape":null,"layoutText":null}],"mainLabel":17},"properties":{},"orientationAtVertex":"FREE","reference":null},{"type":"port","@id":18,"shape":{"type":"rect","xposition":"NaN","yposition":"NaN","width":"NaN","height":"NaN","shapeStyle":{"@id":19,"description":"default shape style","color":{"argb":"ff000000"}}},"labelManager":{"labels":[{"type":"textLabel","@id":20,"inputText":"2","labelStyle":{"@id":21,"description":"default text label style","font":{"fontName":"SansSerif.plain","style":0,"size":10},"noBreak":false,"color":{"argb":"ff000000"},"showLabel":true,"placement":"FREE","horizontalPlacement":"FREE","verticalPlacement":"FREE"},"shape":null,"layoutText":null}],"mainLabel":20},"properties":{},"orientationAtVertex":"FREE","reference":null}],"properties":{},"reference":null}],"properties":{},"reference":"device"},{"@id":22,"shape":{"type":"rect","xposition":"NaN","yposition":"NaN","width":"NaN","height":"NaN","shapeStyle":2},"labelManager":{"labels":[{"type":"textLabel","@id":23,"inputText":"Jonas","labelStyle":4,"shape":null,"layoutText":null}],"mainLabel":23},"portCompositions":[{"type":"portGroup","@id":24,"ordered":false,"portCompositions":[{"type":"port","@id":25,"shape":{"type":"rect","xposition":"NaN","yposition":"NaN","width":"NaN","height":"NaN","shapeStyle":2},"labelManager":{"labels":[{"type":"textLabel","@id":26,"inputText":"1","labelStyle":4,"shape":null,"layoutText":null}],"mainLabel":26},"properties":{},"orientationAtVertex":"FREE","reference":null},{"type":"port","@id":27,"shape":{"type":"rect","xposition":"NaN","yposition":"NaN","width":"NaN","height":"NaN","shapeStyle":19},"labelManager":{"labels":[{"type":"textLabel","@id":28,"inputText":"2","labelStyle":21,"shape":null,"layoutText":null}],"mainLabel":28},"properties":{},"orientationAtVertex":"FREE","reference":null}],"properties":{},"reference":null}],"properties":{},"reference":"plug"},{"@id":29,"shape":{"type":"rect","xposition":"NaN","yposition":"NaN","width":"NaN","height":"NaN","shapeStyle":2},"labelManager":{"labels":[{"type":"textLabel","@id":30,"inputText":"Luca","labelStyle":4,"shape":null,"layoutText":null}],"mainLabel":30},"portCompositions":[{"type":"port","@id":31,"shape":{"type":"rect","xposition":"NaN","yposition":"NaN","width":"NaN","height":"NaN","shapeStyle":2},"labelManager":{"labels":[{"type":"textLabel","@id":32,"inputText":"1","labelStyle":4,"shape":null,"layoutText":null}],"mainLabel":32},"properties":{},"orientationAtVertex":"FREE","reference":null}],"properties":{},"reference":"splice"},{"@id":33,"shape":null,"labelManager":{"labels":[{"type":"textLabel","@id":34,"inputText":"Noah","labelStyle":21,"shape":null,"layoutText":null}],"mainLabel":34},"portCompositions":[{"type":"portGroup","@id":35,"ordered":false,"portCompositions":[{"type":"port","@id":36,"shape":{"type":"rect","xposition":"NaN","yposition":"NaN","width":"NaN","height":"NaN","shapeStyle":19},"labelManager":{"labels":[{"type":"textLabel","@id":37,"inputText":"1","labelStyle":21,"shape":null,"layoutText":null}],"mainLabel":37},"properties":{},"orientationAtVertex":"FREE","reference":null}],"properties":{},"reference":null}],"properties":{},"reference":null},{"@id":38,"shape":null,"labelManager":{"labels":[{"type":"textLabel","@id":39,"inputText":"Elias","labelStyle":21,"shape":null,"layoutText":null}],"mainLabel":39},"portCompositions":[{"type":"portGroup","@id":40,"ordered":false,"portCompositions":[{"type":"port","@id":41,"shape":{"type":"rect","xposition":"NaN","yposition":"NaN","width":"NaN","height":"NaN","shapeStyle":19},"labelManager":{"labels":[{"type":"textLabel","@id":42,"inputText":"1","labelStyle":21,"shape":null,"layoutText":null}],"mainLabel":42},"properties":{},"orientationAtVertex":"FREE","reference":null}],"properties":{},"reference":null}],"properties":{},"reference":null},{"@id":43,"shape":null,"labelManager":{"labels":[{"type":"textLabel","@id":44,"inputText":"Alexander","labelStyle":21,"shape":null,"layoutText":null}],"mainLabel":44},"portCompositions":[{"type":"portGroup","@id":45,"ordered":false,"portCompositions":[{"type":"port","@id":46,"shape":{"type":"rect","xposition":"NaN","yposition":"NaN","width":"NaN","height":"NaN","shapeStyle":19},"labelManager":{"labels":[{"type":"textLabel","@id":47,"inputText":"1","labelStyle":21,"shape":null,"layoutText":null}],"mainLabel":47},"properties":{},"orientationAtVertex":"FREE","reference":null}],"properties":{},"reference":null}],"properties":{},"reference":null}],"vertexGroups":[{"@id":48,"drawnFrame":false,"labelManager":{"labels":[],"mainLabel":null},"shape":null,"containedVertices":[1,8],"containedVertexGroups":[],"touchingPairs":[{"vertex0":1,"horizontalPlacementVertex0":"FREE","verticalPlacementVertex0":"TOP","vertex1":8,"horizontalPlacementVertex1":"FREE","verticalPlacementVertex1":"FREE"}],"portPairings":[{"port0":6,"port1":11}],"properties":{},"reference":null},{"@id":49,"drawnFrame":false,"labelManager":{"labels":[],"mainLabel":null},"shape":null,"containedVertices":[13,22],"containedVertexGroups":[],"touchingPairs":[{"vertex0":13,"horizontalPlacementVertex0":"FREE","verticalPlacementVertex0":"TOP","vertex1":22,"horizontalPlacementVertex1":"FREE","verticalPlacementVertex1":"FREE"}],"portPairings":[{"port0":16,"port1":25},{"port0":27,"port1":18}],"properties":{},"reference":null},{"@id":50,"drawnFrame":false,"labelManager":{"labels":[],"mainLabel":null},"shape":null,"containedVertices":[38,43],"containedVertexGroups":[],"touchingPairs":[{"vertex0":38,"horizontalPlacementVertex0":"FREE","verticalPlacementVertex0":"FREE","vertex1":43,"horizontalPlacementVertex1":"FREE","verticalPlacementVertex1":"FREE"}],"portPairings":[{"port0":41,"port1":46}],"properties":{},"reference":null}],"edges":[{"@id":51,"ports":[11,46],"labelManager":{"innerLabels":[{"type":"textLabel","@id":52,"inputText":"Lukas","labelStyle":21,"shape":null,"layoutText":null}],"allPortLabels":[],"mainLabel":52},"pathStyle":{"@id":53,"description":"default path style","thickness":-1.0,"color":{"argb":"ff000000"}},"paths":[],"properties":{},"reference":null},{"@id":54,"ports":[36,18],"labelManager":{"innerLabels":[{"type":"textLabel","@id":55,"inputText":"Louis","labelStyle":21,"shape":null,"layoutText":null}],"allPortLabels":[],"mainLabel":55},"pathStyle":53,"paths":[],"properties":{},"reference":null},{"@id":56,"ports":[11,16],"labelManager":{"innerLabels":[{"type":"textLabel","@id":57,"inputText":"Jonathan","labelStyle":21,"shape":null,"layoutText":null}],"allPortLabels":[],"mainLabel":57},"pathStyle":53,"paths":[],"properties":{},"reference":null},{"@id":58,"ports":[31,11],"labelManager":{"innerLabels":[{"type":"textLabel","@id":59,"inputText":"Moritz","labelStyle":21,"shape":null,"layoutText":null}],"allPortLabels":[],"mainLabel":59},"pathStyle":53,"paths":[],"properties":{},"reference":null}],"edgeBundles":[]}