{"vertices":[{"@id":1,"shape":{"type":"rect","xposition":"NaN","yposition":"NaN","width":"NaN","height":"NaN","shapeStyle":{"@id":2,"description":"default shape style","color":{"argb":"ff000000"}}},"labelManager":{"labels":[{"type":"textLabel","@id":3,"inputText":"Ben","labelStyle":{"@id":4,"description":"default text label style","font":{"fontName":"SansSerif.plain","style":0,"size":10},"noBreak":false,"color":{"argb":"ff000000"},"showLabel":true,"placement":"FREE","horizontalPlacement":"FREE","verticalPlacement":"FREE"},"shape":null,"layoutText":null}],"mainLabel":3},"portCompositions":[{"type":"portGroup","@id":5,"ordered":false,"portCompositions":[{"type":"port","@id":6,"shape":{"type":"rect","xposition":"NaN","yposition":"NaN","width":"NaN","height":"NaN","shapeStyle":2},"labelManager":{"labels":[{"type":"textLabel","@id":7,"inputText":"1","labelStyle":4,"shape":null,"layoutText":null}],"mainLabel":7},"properties":{},"orientationAtVertex":"FREE","reference":null}],"properties":{},"reference":null}],"properties":{},"reference":"device"},{"@id":8,"shape":{"type":"rect","xposition":"NaN","yposition":"NaN","width":"NaN","height":"NaN","shapeStyle":2},"labelManager":{"labels":[{"type":"textLabel","@id":9,"inputText":"Jakob","labelStyle":4,"shape":null,"layoutText":null}],"mainLabel":9},"portCompositions":[{"type":"portGroup","@id":10,"ordered":false,"portCompositions":[{"type":"port","@id":11,"shape":{"type":"rect","xposition":"NaN","yposition":"NaN","width":"NaN","height":"NaN","shapeStyle":2},"labelManager":{"labels":[{"type":"textLabel","@id":12,"inputText":"1","labelStyle":4,"shape":null,"layoutText":null}],"mainLabel":12},"properties":{},"orientationAtVertex":"FREE","reference":null}],"properties":{},"reference":null}],"properties":{},"reference":"plug"},{"@id":13,"shape":{"type":"rect","xposition":"NaN","yposition":"NaN","width":"NaN","height":"NaN","shapeStyle":2},"labelManager":{"labels":[{"type":"textLabel","@id":14,"inputText":"Anton","labelStyle":4,"shape":null,"layoutText":null}],"mainLabel":14},"portCompositions":[{"type":"portGroup","@id":15,"ordered":false,"portCompositions":[{"type":"port","@id":16,"shape":{"type":"rect","xposition":"NaN","yposition":"NaN","width":"NaN","height":"NaN","shapeStyle":2},"labelManager":{"labels":[{"type":"textLabel","@id":17,"inputText":"1","labelStyle":4,"shape":null,"layoutText":null}],"mainLabel":17},"properties":{},"orientationAtVertex":"FREE","reference":null},{"type":"port","@id":18,"shape":{"type":"rect","xposition":"NaN","yposition":"NaN","width":"NaN","height":"NaN","shapeStyle":{"@id":19,"description":"default shape style","color":{"argb":"ff000000"}}},"labelManager":{"labels":[{"type":"textLabel","@id":20,"inputText":"2","labelStyle":{"@id":21,"description":"default text label style","font":{"fontName":"SansSerif.plain","style":0,"size":10},"noBreak":false,"color":{"argb":"ff000000"},"showLabel":true,"placement":"FREE","horizontalPlacement":"FREE","verticalPlacement":"FREE"},"shape":null,"layoutText":null}],"mainLabel":20},"properties":{},"orientationAtVertex":"FREE","reference":null}],"properties":{},"reference":null}],"properties":{},"reference":"plug"},{"@id":22,"shape":{"type":"rect","xposition":"NaN","yposition":"NaN","width":"NaN","height":"NaN","shapeStyle":2},"labelManager":{"labels":[{"type":"textLabel","@id":23,"inputText":"Maximilian","labelStyle":4,"shape":null,"layoutText":null}],"mainLabel":23},"portCompositions":[{"type":"portGroup","@id":24,"ordered":false,"portCompositions":[{"type":"port","@id":25,"shape":{"type":"rect","xposition":"NaN","yposition":"NaN","width":"NaN","height":"NaN","shapeStyle":2},"labelManager":{"labels":[{"type":"textLabel","@id":26,"inputText":"1","labelStyle":4,"shape":null,"layoutText":null}],"mainLabel":26},"properties":{},"orientationAtVertex":"FREE","reference":null},{"type":"port","@id":27,"shape":{"type":"rect","xposition":"NaN","yposition":"NaN","width":"NaN","height":"NaN","shapeStyle":19},"labelManager":{"labels":[{"type":"textLabel","@id":28,"inputText":"2","labelStyle":21,"shape":null,"layoutText":null}],"mainLabel":28},"properties":{},"orientationAtVertex":"FREE","reference":null}],"properties":{},"reference":null}],"properties":{},"reference":"plug"},{"@id":29,"shape":{"type":"rect","xposition":"NaN","yposition":"NaN","width":"NaN","height":"NaN","shapeStyle":2},"labelManager":{"labels":[{"type":"textLabel","@id":30,"inputText":"Julian","labelStyle":4,"shape":null,"layoutText":null}],"mainLabel":30},"portCompositions":[{"type":"port","@id":31,"shape":{"type":"rect","xposition":"NaN","yposition":"NaN","width":"NaN","height":"NaN","shapeStyle":2},"labelManager":{"labels":[{"type":"textLabel","@id":32,"inputText":"1","labelStyle":4,"shape":null,"layoutText":null}],"mainLabel":32},"properties":{},"orientationAtVertex":"FREE","reference":null}],"properties":{},"reference":"splice"},{"@id":33,"shape":{"type":"rect","xposition":"NaN","yposition":"NaN","width":"NaN","height":"NaN","shapeStyle":2},"labelManager":{"labels":[{"type":"textLabel","@id":34,"inputText":"Paul","labelStyle":4,"shape":null,"layoutText":null}],"mainLabel":34},"portCompositions":[{"type":"portGroup","@id":35,"ordered":false,"portCompositions":[{"type":"port","@id":36,"shape":{"type":"rect","xposition":"NaN","yposition":"NaN","width":"NaN","height":"NaN","shapeStyle":2},"labelManager":{"labels":[{"type":"textLabel","@id":37,"inputText":"1","labelStyle":4,"shape":null,"layoutText":null}],"mainLabel":37},"properties":{},"orientationAtVertex":"FREE","reference":null}],"properties":{},"reference":null}],"properties":{},"reference":"device"},{"@id":38,"shape":{"type":"rect","xposition":"NaN","yposition":"NaN","width":"NaN","height":"NaN","shapeStyle":2},"labelManager":{"labels":[{"type":"textLabel","@id":39,"inputText":"David","labelStyle":4,"shape":null,"layoutText":null}],"mainLabel":39},"portCompositions":[{"type":"portGroup","@id":40,"ordered":false,"portCompositions":[{"type":"port","@id":41,"shape":{"type":"rect","xposition":"NaN","yposition":"NaN","width":"NaN","height":"NaN","shapeStyle":2},"labelManager":{"labels":[{"type":"textLabel","@id":42,"inputText":"1","labelStyle":4,"shape":null,"layoutText":null}],"mainLabel":42},"properties":{},"orientationAtVertex":"FREE","reference":null}],"properties":{},"reference":null}],"properties":{},"reference":"plug"},{"@id":43,"shape":null,"labelManager":{"labels":[{"type":"textLabel","@id":44,"inputText":"Jonas","labelStyle":21,"shape":null,"layoutText":null}],"mainLabel":44},"portCompositions":[{"type":"portGroup","@id":45,"ordered":false,"portCompositions":[{"type":"port","@id":46,"shape":{"type":"rect","xposition":"NaN","yposition":"NaN","width":"NaN","height":"NaN","shapeStyle":19},"labelManager":{"labels":[{"type":"textLabel","@id":47,"inputText":"1","labelStyle":21,"shape":null,"layoutText":null}],"mainLabel":47},"properties":{},"orientationAtVertex":"FREE","reference":null}],"properties":{},"reference":null}],"properties":{},"reference":null},{"@id":48,"shape":null,"labelManager":{"labels":[{"type":"textLabel","@id":49,"inputText":"Leon","labelStyle":21,"shape":null,"layoutText":null}],"mainLabel":49},"portCompositions":[{"type":"portGroup","@id":50,"ordered":false,"portCompositions":[{"type":"port","@id":51,"shape":{"type":"rect","xposition":"NaN","yposition":"NaN","width":"NaN","height":"NaN","shapeStyle":19},"labelManager":{"labels":[{"type":"textLabel","@id":52,"inputText":"2","labelStyle":21,"shape":null,"layoutText":null}],"mainLabel":52},"properties":{},"orientationAtVertex":"FREE","reference":null},{"type":"port","@id":53,"shape":{"type":"rect","xposition":"NaN","yposition":"NaN","width":"NaN","height":"NaN","shapeStyle":19},"labelManager":{"labels":[{"type":"textLabel","@id":54,"inputText":"1","labelStyle":21,"shape":null,"layoutText":null}],"mainLabel":54},"properties":{},"orientationAtVertex":"FREE","reference":null}],"properties":{},"reference":null}],"properties":{},"reference":null},{"@id":55,"shape":null,"labelManager":{"labels":[{"type":"textLabel","@id":56,"inputText":"Felix","labelStyle":21,"shape":null,"layoutText":null}],"mainLabel":56},"portCompositions":[{"type":"portGroup","@id":57,"ordered":false,"portCompositions":[{"type":"port","@id":58,"shape":{"type":"rect","xposition":"NaN","yposition":"NaN","width":"NaN","height":"NaN","shapeStyle":19},"labelManager":{"labels":[{"type":"textLabel","@id":59,"inputText":"2","labelStyle":21,"shape":null,"layoutText":null}],"mainLabel":59},"properties":{},"orientationAtVertex":"FREE","reference":null},{"type":"port","@id":60,"shape":{"type":"rect","xposition":"NaN","yposition":"NaN","width":"NaN","height":"NaN","shapeStyle":19},"labelManager":{"labels":[{"type":"textLabel","@id":61,"inputText":"1","labelStyle":21,"shape":null,"layoutText":null}],"mainLabel":61},"properties":{},"orientationAtVertex":"FREE","reference":null}],"properties":{},"reference":null}],"properties":{},"reference":null}],"vertexGroups":[{"@id":62,"drawnFrame":false,"labelManager":{"labels":[],"mainLabel":null},"shape":null,"containedVertices":[1,8],"containedVertexGroups":[],"touchingPairs":[{"vertex0":1,"horizontalPlacementVertex0":"FREE","verticalPlacementVertex0":"TOP","vertex1":8,"horizontalPlacementVertex1":"FREE","verticalPlacementVertex1":"FREE"}],"portPairings":[{"port0":6,"port1":11}],"properties":{},"reference":null},{"@id":63,"drawnFrame":false,"labelManager":{"labels":[],"mainLabel":null},"shape":null,"containedVertices":[13,22],"containedVertexGroups":[],"touchingPairs":[{"vertex0":13,"horizontalPlacementVertex0":"FREE","verticalPlacementVertex0":"TOP","vertex1":22,"horizontalPlacementVertex1":"FREE","verticalPlacementVertex1":"FREE"}],"portPairings":[{"port0":16,"port1":25},{"port0":18,"port1":27}],"properties":{},"reference":null},{"@id":64,"drawnFrame":false,"labelManager":{"labels":[],"mainLabel":null},"shape":null,"containedVertices":[33,38],"containedVertexGroups":[],"touchingPairs":[{"vertex0":33,"horizontalPlacementVertex0":"FREE","verticalPlacementVertex0":"TOP","vertex1":38,"horizontalPlacementVertex1":"FREE","verticalPlacementVertex1":"FREE"}],"portPairings":[{"port0":36,"port1":41}],"properties":{},"reference":null},{"@id":65,"drawnFrame":false,"labelManager":{"labels":[],"mainLabel":null},"shape":null,"containedVertices":[48,55],"containedVertexGroups":[],"touchingPairs":[{"vertex0":48,"horizontalPlacementVertex0":"FREE","verticalPlacementVertex0":"FREE","vertex1":55,"horizontalPlacementVertex1":"FREE","verticalPlacementVertex1":"FREE"}],"portPairings":[{"port0":51,"port1":58},{"port0":53,"port1":60}],"properties":{},"reference":null}],"edges":[{"@id":66,"ports":[31,27],"labelManager":{"innerLabels":[{"type":"textLabel","@id":67,"inputText":"Jan","labelStyle":21,"shape":null,"layoutText":null}],"allPortLabels":[],"mainLabel":67},"pathStyle":{"@id":68,"description":"default path style","thickness":-1.0,"color":{"argb":"ff000000"}},"paths":[],"properties":{},"reference":null},{"@id":69,"ports":[58,46],"labelManager":{"innerLabels":[{"type":"textLabel","@id":70,"inputText":"Louis","labelStyle":21,"shape":null,"layoutText":null}],"allPortLabels":[],"mainLabel":70},"pathStyle":68,"paths":[],"properties":{},"reference":null},{"@id":71,"ports":[16,41],"labelManager":{"innerLabels":[{"type":"textLabel","@id":72,"inputText":"Jonathan","labelStyle":21,"shape":null,"layoutText":null}],"allPortLabels":[],"mainLabel":72},"pathStyle":68,"paths":[],"properties":{},"reference":null},{"@id":73,"ports":[60,18],"labelManager":{"innerLabels":[{"type":"textLabel","@id":74,"inputText":"Moritz","labelStyle":21,"shape":null,"layoutText":null}],"allPortLabels":[],"mainLabel":74},"pathStyle":68,"paths":[],"properties":{},"reference":null},{"@id":75,"ports":[25,6],"labelManager":{"innerLabels":[{"type":"textLabel","@id":76,"inputText":"Emil","labelStyle":21,"shape":null,"layoutText":null}],"allPortLabels":[],"mainLabel":76},"pathStyle":68,"paths":[],"properties":{},"reference":null}],"edgeBundles":[]}