{"vertices":[{"@id":1,"shape":{"type":"rect","xposition":"NaN","yposition":"NaN","width":"NaN","height":"NaN","shapeStyle":{"@id":2,"description":"default shape style","color":{"argb":"ff000000"}}},"labelManager":{"labels":[{"type":"textLabel","@id":3,"inputText":"Jakob","labelStyle":{"@id":4,"description":"default text label style","font":{"fontName":"SansSerif.plain","style":0,"size":10},"noBreak":false,"color":{"argb":"ff000000"},"showLabel":true,"placement":"FREE","horizontalPlacement":"FREE","verticalPlacement":"FREE"},"shape":null,"layoutText":null}],"mainLabel":3},"portCompositions":[{"type":"port","@id":5,"shape":{"type":"rect","xposition":"NaN","yposition":"NaN","width":"NaN","height":"NaN","shapeStyle":2},"labelManager":{"labels":[{"type":"textLabel","@id":6,"inputText":"1","labelStyle":4,"shape":null,"layoutText":null}],"mainLabel":6},"properties":{},"orientationAtVertex":"FREE","reference":null}],"properties":{},"reference":"splice"},{"@id":7,"shape":{"type":"rect","xposition":"NaN","yposition":"NaN","width":"NaN","height":"NaN","shapeStyle":2},"labelManager":{"labels":[{"type":"textLabel","@id":8,"inputText":"Jonas","labelStyle":4,"shape":null,"layoutText":null}],"mainLabel":8},"portCompositions":[{"type":"port","@id":9,"shape":{"type":"rect","xposition":"NaN","yposition":"NaN","width":"NaN","height":"NaN","shapeStyle":2},"labelManager":{"labels":[{"type":"textLabel","@id":10,"inputText":"1","labelStyle":4,"shape":null,"layoutText":null}],"mainLabel":10},"properties":{},"orientationAtVertex":"FREE","reference":null}],"properties":{},"reference":"splice"},{"@id":11,"shape":{"type":"rect","xposition":"NaN","yposition":"NaN","width":"NaN","height":"NaN","shapeStyle":2},"labelManager":{"labels":[{"type":"textLabel","@id":12,"inputText":"Alexander","labelStyle":4,"shape":null,"layoutText":null}],"mainLabel":12},"portCompositions":[{"type":"port","@id":13,"shape":{"type":"rect","xposition":"NaN","yposition":"NaN","width":"NaN","height":"NaN","shapeStyle":2},"labelManager":{"labels":[{"type":"textLabel","@id":14,"inputText":"1","labelStyle":4,"shape":null,"layoutText":null}],"mainLabel":14},"properties":{},"orientationAtVertex":"FREE","reference":null}],"properties":{},"reference":"splice"},{"@id":15,"shape":{"type":"rect","xposition":"NaN","yposition":"NaN","width":"NaN","height":"NaN","shapeStyle":2},"labelManager":{"labels":[{"type":"textLabel","@id":16,"inputText":"Anton","labelStyle":4,"shape":null,"layoutText":null}],"mainLabel":16},"portCompositions":[{"type":"portGroup","@id":17,"ordered":false,"portCompositions":[{"type":"port","@id":18,"shape":{"type":"rect","xposition":"NaN","yposition":"NaN","width":"NaN","height":"NaN","shapeStyle":2},"labelManager":{"labels":[{"type":"textLabel","@id":19,"inputText":"7","labelStyle":4,"shape":null,"layoutText":null}],"mainLabel":19},"properties":{},"orientationAtVertex":"FREE","reference":null},{"type":"port","@id":20,"shape":{"type":"rect","xposition":"NaN","yposition":"NaN","width":"NaN","height":"NaN","shapeStyle":2},"labelManager":{"labels":[{"type":"textLabel","@id":21,"inputText":"1","labelStyle":4,"shape":null,"layoutText":null}],"mainLabel":21},"properties":{},"orientationAtVertex":"FREE","reference":null},{"type":"port","@id":22,"shape":{"type":"rect","xposition":"NaN","yposition":"NaN","width":"NaN","height":"NaN","shapeStyle":2},"labelManager":{"labels":[{"type":"textLabel","@id":23,"inputText":"6","labelStyle":4,"shape":null,"layoutText":null}],"mainLabel":23},"properties":{},"orientationAtVertex":"FREE","reference":null},{"type":"port","@id":24,"shape":{"type":"rect","xposition":"NaN","yposition":"NaN","width":"NaN","height":"NaN","shapeStyle":{"@id":25,"description":"default shape style","color":{"argb":"ff000000"}}},"labelManager":{"labels":[{"type":"textLabel","@id":26,"inputText":"5","labelStyle":{"@id":27,"description":"default text label style","font":{"fontName":"SansSerif.plain","style":0,"size":10},"noBreak":false,"color":{"argb":"ff000000"},"showLabel":true,"placement":"FREE","horizontalPlacement":"FREE","verticalPlacement":"FREE"},"shape":null,"layoutText":null}],"mainLabel":26},"properties":{},"orientationAtVertex":"FREE","reference":null},{"type":"port","@id":28,"shape":{"type":"rect","xposition":"NaN","yposition":"NaN","width":"NaN","height":"NaN","shapeStyle":25},"labelManager":{"labels":[{"type":"textLabel","@id":29,"inputText":"3","labelStyle":27,"shape":null,"layoutText":null}],"mainLabel":29},"properties":{},"orientationAtVertex":"FREE","reference":null},{"type":"port","@id":30,"shape":{"type":"rect","xposition":"NaN","yposition":"NaN","width":"NaN","height":"NaN","shapeStyle":25},"labelManager":{"labels":[{"type":"textLabel","@id":31,"inputText":"4","labelStyle":27,"shape":null,"layoutText":null}],"mainLabel":31},"properties":{},"orientationAtVertex":"FREE","reference":null},{"type":"port","@id":32,"shape":{"type":"rect","xposition":"NaN","yposition":"NaN","width":"NaN","height":"NaN","shapeStyle":25},"labelManager":{"labels":[{"type":"textLabel","@id":33,"inputText":"2","labelStyle":27,"shape":null,"layoutText":null}],"mainLabel":33},"properties":{},"orientationAtVertex":"FREE","reference":null}],"properties":{},"reference":null}],"properties":{},"reference":"plug"},{"@id":34,"shape":{"type":"rect","xposition":"NaN","yposition":"NaN","width":"NaN","height":"NaN","shapeStyle":2},"labelManager":{"labels":[{"type":"textLabel","@id":35,"inputText":"Luca","labelStyle":4,"shape":null,"layoutText":null}],"mainLabel":35},"portCompositions":[{"type":"portGroup","@id":36,"ordered":false,"portCompositions":[{"type":"port","@id":37,"shape":{"type":"rect","xposition":"NaN","yposition":"NaN","width":"NaN","height":"NaN","shapeStyle":2},"labelManager":{"labels":[{"type":"textLabel","@id":38,"inputText":"7","labelStyle":4,"shape":null,"layoutText":null}],"mainLabel":38},"properties":{},"orientationAtVertex":"FREE","reference":null},{"type":"port","@id":39,"shape":{"type":"rect","xposition":"NaN","yposition":"NaN","width":"NaN","height":"NaN","shapeStyle":2},"labelManager":{"labels":[{"type":"textLabel","@id":40,"inputText":"1","labelStyle":4,"shape":null,"layoutText":null}],"mainLabel":40},"properties":{},"orientationAtVertex":"FREE","reference":null},{"type":"port","@id":41,"shape":{"type":"rect","xposition":"NaN","yposition":"NaN","width":"NaN","height":"NaN","shapeStyle":2},"labelManager":{"labels":[{"type":"textLabel","@id":42,"inputText":"6","labelStyle":4,"shape":null,"layoutText":null}],"mainLabel":42},"properties":{},"orientationAtVertex":"FREE","reference":null},{"type":"port","@id":43,"shape":{"type":"rect","xposition":"NaN","yposition":"NaN","width":"NaN","height":"NaN","shapeStyle":25},"labelManager":{"labels":[{"type":"textLabel","@id":44,"inputText":"5","labelStyle":27,"shape":null,"layoutText":null}],"mainLabel":44},"properties":{},"orientationAtVertex":"FREE","reference":null},{"type":"port","@id":45,"shape":{"type":"rect","xposition":"NaN","yposition":"NaN","width":"NaN","height":"NaN","shapeStyle":25},"labelManager":{"labels":[{"type":"textLabel","@id":46,"inputText":"3","labelStyle":27,"shape":null,"layoutText":null}],"mainLabel":46},"properties":{},"orientationAtVertex":"FREE","reference":null},{"type":"port","@id":47,"shape":{"type":"rect","xposition":"NaN","yposition":"NaN","width":"NaN","height":"NaN","shapeStyle":25},"labelManager":{"labels":[{"type":"textLabel","@id":48,"inputText":"4","labelStyle":27,"shape":null,"layoutText":null}],"mainLabel":48},"properties":{},"orientationAtVertex":"FREE","reference":null},{"type":"port","@id":49,"shape":{"type":"rect","xposition":"NaN","yposition":"NaN","width":"NaN","height":"NaN","shapeStyle":25},"labelManager":{"labels":[{"type":"textLabel","@id":50,"inputText":"2","labelStyle":27,"shape":null,"layoutText":null}],"mainLabel":50},"properties":{},"orientationAtVertex":"FREE","reference":null}],"properties":{},"reference":null}],"properties":{},"reference":"plug"},{"@id":51,"shape":{"type":"rect","xposition":"NaN","yposition":"NaN","width":"NaN","height":"NaN","shapeStyle":2},"labelManager":{"labels":[{"type":"textLabel","@id":52,"inputText":"Maximilian","labelStyle":4,"shape":null,"layoutText":null}],"mainLabel":52},"portCompositions":[{"type":"portGroup","@id":53,"ordered":false,"portCompositions":[{"type":"port","@id":54,"shape":{"type":"rect","xposition":"NaN","yposition":"NaN","width":"NaN","height":"NaN","shapeStyle":2},"labelManager":{"labels":[{"type":"textLabel","@id":55,"inputText":"1","labelStyle":4,"shape":null,"layoutText":null}],"mainLabel":55},"properties":{},"orientationAtVertex":"FREE","reference":null}],"properties":{},"reference":null}],"properties":{},"reference":"device"},{"@id":56,"shape":{"type":"rect","xposition":"NaN","yposition":"NaN","width":"NaN","height":"NaN","shapeStyle":2},"labelManager":{"labels":[{"type":"textLabel","@id":57,"inputText":"Elias","labelStyle":4,"shape":null,"layoutText":null}],"mainLabel":57},"portCompositions":[{"type":"portGroup","@id":58,"ordered":false,"portCompositions":[{"type":"port","@id":59,"shape":{"type":"rect","xposition":"NaN","yposition":"NaN","width":"NaN","height":"NaN","shapeStyle":2},"labelManager":{"labels":[{"type":"textLabel","@id":60,"inputText":"1","labelStyle":4,"shape":null,"layoutText":null}],"mainLabel":60},"properties":{},"orientationAtVertex":"FREE","reference":null}],"properties":{},"reference":null}],"properties":{},"reference":"plug"},{"@id":61,"shape":{"type":"rect","xposition":"NaN","yposition":"NaN","width":"NaN","height":"NaN","shapeStyle":2},"labelManager":{"labels":[{"type":"textLabel","@id":62,"inputText":"Leon","labelStyle":4,"shape":null,"layoutText":null}],"mainLabel":62},"portCompositions":[{"type":"port","@id":63,"shape":{"type":"rect","xposition":"NaN","yposition":"NaN","width":"NaN","height":"NaN","shapeStyle":2},"labelManager":{"labels":[{"type":"textLabel","@id":64,"inputText":"1","labelStyle":4,"shape":null,"layoutText":null}],"mainLabel":64},"properties":{},"orientationAtVertex":"FREE","reference":null}],"properties":{},"reference":"splice"},{"@id":65,"shape":null,"labelManager":{"labels":[{"type":"textLabel","@id":66,"inputText":"David","labelStyle":27,"shape":null,"layoutText":null}],"mainLabel":66},"portCompositions":[{"type":"portGroup","@id":67,"ordered":false,"portCompositions":[{"type":"port","@id":68,"shape":{"type":"rect","xposition":"NaN","yposition":"NaN","width":"NaN","height":"NaN","shapeStyle":25},"labelManager":{"labels":[{"type":"textLabel","@id":69,"inputText":"1","labelStyle":27,"shape":null,"layoutText":null}],"mainLabel":69},"properties":{},"orientationAtVertex":"FREE","reference":null}],"properties":{},"reference":null}],"properties":{},"reference":null},{"@id":70,"shape":null,"labelManager":{"labels":[{"type":"textLabel","@id":71,"inputText":"Ben","labelStyle":27,"shape":null,"layoutText":null}],"mainLabel":71},"portCompositions":[{"type":"portGroup","@id":72,"ordered":false,"portCompositions":[{"type":"port","@id":73,"shape":{"type":"rect","xposition":"NaN","yposition":"NaN","width":"NaN","height":"NaN","shapeStyle":25},"labelManager":{"labels":[{"type":"textLabel","@id":74,"inputText":"1","labelStyle":27,"shape":null,"layoutText":null}],"mainLabel":74},"properties":{},"orientationAtVertex":"FREE","reference":null}],"properties":{},"reference":null}],"properties":{},"reference":null},{"@id":75,"shape":null,"labelManager":{"labels":[{"type":"textLabel","@id":76,"inputText":"Felix","labelStyle":27,"shape":null,"layoutText":null}],"mainLabel":76},"portCompositions":[{"type":"portGroup","@id":77,"ordered":false,"portCompositions":[{"type":"port","@id":78,"shape":{"type":"rect","xposition":"NaN","yposition":"NaN","width":"NaN","height":"NaN","shapeStyle":25},"labelManager":{"labels":[{"type":"textLabel","@id":79,"inputText":"1","labelStyle":27,"shape":null,"layoutText":null}],"mainLabel":79},"properties":{},"orientationAtVertex":"FREE","reference":null}],"properties":{},"reference":null}],"properties":{},"reference":null},{"@id":80,"shape":null,"labelManager":{"labels":[{"type":"textLabel","@id":81,"inputText":"Paul","labelStyle":27,"shape":null,"layoutText":null}],"mainLabel":81},"portCompositions":[{"type":"portGroup","@id":82,"ordered":false,"portCompositions":[{"type":"port","@id":83,"shape":{"type":"rect","xposition":"NaN","yposition":"NaN","width":"NaN","height":"NaN","shapeStyle":25},"labelManager":{"labels":[{"type":"textLabel","@id":84,"inputText":"1","labelStyle":27,"shape":null,"layoutText":null}],"mainLabel":84},"properties":{},"orientationAtVertex":"FREE","reference":null}],"properties":{},"reference":null}],"properties":{},"reference":null},{"@id":85,"shape":null,"labelManager":{"labels":[{"type":"textLabel","@id":86,"inputText":"Julian","labelStyle":27,"shape":null,"layoutText":null}],"mainLabel":86},"portCompositions":[{"type":"portGroup","@id":87,"ordered":false,"portCompositions":[{"type":"port","@id":88,"shape":{"type":"rect","xposition":"NaN","yposition":"NaN","width":"NaN","height":"NaN","shapeStyle":25},"labelManager":{"labels":[{"type":"textLabel","@id":89,"inputText":"1","labelStyle":27,"shape":null,"layoutText":null}],"mainLabel":89},"properties":{},"orientationAtVertex":"FREE","reference":null}],"properties":{},"reference":null}],"properties":{},"reference":null},{"@id":90,"shape":null,"labelManager":{"labels":[{"type":"textLabel","@id":91,"inputText":"Noah","labelStyle":27,"shape":null,"layoutText":null}],"mainLabel":91},"portCompositions":[{"type":"portGroup","@id":92,"ordered":false,"portCompositions":[{"type":"port","@id":93,"shape":{"type":"rect","xposition":"NaN","yposition":"NaN","width":"NaN","height":"NaN","shapeStyle":25},"labelManager":{"labels":[{"type":"textLabel","@id":94,"inputText":"1","labelStyle":27,"shape":null,"layoutText":null}],"mainLabel":94},"properties":{},"orientationAtVertex":"FREE","reference":null}],"properties":{},"reference":null}],"properties":{},"reference":null},{"@id":95,"shape":null,"labelManager":{"labels":[{"type":"textLabel","@id":96,"inputText":"David","labelStyle":27,"shape":null,"layoutText":null}],"mainLabel":96},"portCompositions":[{"type":"portGroup","@id":97,"ordered":false,"portCompositions":[{"type":"port","@id":98,"shape":{"type":"rect","xposition":"NaN","yposition":"NaN","width":"NaN","height":"NaN","shapeStyle":25},"labelManager":{"labels":[{"type":"textLabel","@id":99,"inputText":"1","labelStyle":27,"shape":null,"layoutText":null}],"mainLabel":99},"properties":{},"orientationAtVertex":"FREE","reference":null}],"properties":{},"reference":null}],"properties":{},"reference":null},{"@id":100,"shape":null,"labelManager":{"labels":[{"type":"textLabel","@id":101,"inputText":"Alexander","labelStyle":27,"shape":null,"layoutText":null}],"mainLabel":101},"portCompositions":[{"type":"portGroup","@id":102,"ordered":false,"portCompositions":[{"type":"port","@id":103,"shape":{"type":"rect","xposition":"NaN","yposition":"NaN","width":"NaN","height":"NaN","shapeStyle":25},"labelManager":{"labels":[{"type":"textLabel","@id":104,"inputText":"1","labelStyle":27,"shape":null,"layoutText":null}],"mainLabel":104},"properties":{},"orientationAtVertex":"FREE","reference":null}],"properties":{},"reference":null}],"properties":{},"reference":null},{"@id":105,"shape":null,"labelManager":{"labels":[{"type":"textLabel","@id":106,"inputText":"Felix","labelStyle":27,"shape":null,"layoutText":null}],"mainLabel":106},"portCompositions":[{"type":"portGroup","@id":107,"ordered":false,"portCompositions":[{"type":"port","@id":108,"shape":{"type":"rect","xposition":"NaN","yposition":"NaN","width":"NaN","height":"NaN","shapeStyle":25},"labelManager":{"labels":[{"type":"textLabel","@id":109,"inputText":"1","labelStyle":27,"shape":null,"layoutText":null}],"mainLabel":109},"properties":{},"orientationAtVertex":"FREE","reference":null}],"properties":{},"reference":null}],"properties":{},"reference":null},{"@id":110,"shape":null,"labelManager":{"labels":[{"type":"textLabel","@id":111,"inputText":"Leon","labelStyle":27,"shape":null,"layoutText":null}],"mainLabel":111},"portCompositions":[{"type":"portGroup","@id":112,"ordered":false,"portCompositions":[{"type":"port","@id":113,"shape":{"type":"rect","xposition":"NaN","yposition":"NaN","width":"NaN","height":"NaN","shapeStyle":25},"labelManager":{"labels":[{"type":"textLabel","@id":114,"inputText":"1","labelStyle":27,"shape":null,"layoutText":null}],"mainLabel":114},"properties":{},"orientationAtVertex":"FREE","reference":null}],"properties":{},"reference":null}],"properties":{},"reference":null},{"@id":115,"shape":null,"labelManager":{"labels":[{"type":"textLabel","@id":116,"inputText":"Julian","labelStyle":27,"shape":null,"layoutText":null}],"mainLabel":116},"portCompositions":[{"type":"portGroup","@id":117,"ordered":false,"portCompositions":[{"type":"port","@id":118,"shape":{"type":"rect","xposition":"NaN","yposition":"NaN","width":"NaN","height":"NaN","shapeStyle":25},"labelManager":{"labels":[{"type":"textLabel","@id":119,"inputText":"1","labelStyle":27,"shape":null,"layoutText":null}],"mainLabel":119},"properties":{},"orientationAtVertex":"FREE","reference":null}],"properties":{},"reference":null}],"properties":{},"reference":null},{"@id":120,"shape":null,"labelManager":{"labels":[{"type":"textLabel","@id":121,"inputText":"Ben","labelStyle":27,"shape":null,"layoutText":null}],"mainLabel":121},"portCompositions":[{"type":"portGroup","@id":122,"ordered":false,"portCompositions":[{"type":"port","@id":123,"shape":{"type":"rect","xposition":"NaN","yposition":"NaN","width":"NaN","height":"NaN","shapeStyle":25},"labelManager":{"labels":[{"type":"textLabel","@id":124,"inputText":"1","labelStyle":27,"shape":null,"layoutText":null}],"mainLabel":124},"properties":{},"orientationAtVertex":"FREE","reference":null}],"properties":{},"reference":null}],"properties":{},"reference":null}],"vertexGroups":[{"@id":125,"drawnFrame":false,"labelManager":{"labels":[],"mainLabel":null},"shape":null,"containedVertices":[15,34],"containedVertexGroups":[],"touchingPairs":[{"vertex0":15,"horizontalPlacementVertex0":"FREE","verticalPlacementVertex0":"TOP","vertex1":34,"horizontalPlacementVertex1":"FREE","verticalPlacementVertex1":"FREE"}],"portPairings":[{"port0":20,"port1":39},{"port0":22,"port1":41},{"port0":18,"port1":37},{"port0":24,"port1":43},{"port0":28,"port1":45},{"port0":30,"port1":47},{"port0":32,"port1":49}],"properties":{},"reference":null},{"@id":126,"drawnFrame":false,"labelManager":{"labels":[],"mainLabel":null},"shape":null,"containedVertices":[51,56],"containedVertexGroups":[],"touchingPairs":[{"vertex0":51,"horizontalPlacementVertex0":"FREE","verticalPlacementVertex0":"TOP","vertex1":56,"horizontalPlacementVertex1":"FREE","verticalPlacementVertex1":"FREE"}],"portPairings":[{"port0":54,"port1":59}],"properties":{},"reference":null},{"@id":127,"drawnFrame":false,"labelManager":{"labels":[],"mainLabel":null},"shape":null,"containedVertices":[65,70],"containedVertexGroups":[],"touchingPairs":[{"vertex0":65,"horizontalPlacementVertex0":"FREE","verticalPlacementVertex0":"FREE","vertex1":70,"horizontalPlacementVertex1":"FREE","verticalPlacementVertex1":"FREE"}],"portPairings":[{"port0":68,"port1":73}],"properties":{},"reference":null},{"@id":128,"drawnFrame":false,"labelManager":{"labels":[],"mainLabel":null},"shape":null,"containedVertices":[75,80],"containedVertexGroups":[],"touchingPairs":[{"vertex0":75,"horizontalPlacementVertex0":"FREE","verticalPlacementVertex0":"FREE","vertex1":80,"horizontalPlacementVertex1":"FREE","verticalPlacementVertex1":"FREE"}],"portPairings":[{"port0":78,"port1":83}],"properties":{},"reference":null},{"@id":129,"drawnFrame":false,"labelManager":{"labels":[],"mainLabel":null},"shape":null,"containedVertices":[85,90],"containedVertexGroups":[],"touchingPairs":[{"vertex0":85,"horizontalPlacementVertex0":"FREE","verticalPlacementVertex0":"FREE","vertex1":90,"horizontalPlacementVertex1":"FREE","verticalPlacementVertex1":"FREE"}],"portPairings":[{"port0":88,"port1":93}],"properties":{},"reference":null},{"@id":130,"drawnFrame":false,"labelManager":{"labels":[],"mainLabel":null},"shape":null,"containedVertices":[95,100],"containedVertexGroups":[],"touchingPairs":[{"vertex0":95,"horizontalPlacementVertex0":"FREE","verticalPlacementVertex0":"FREE","vertex1":100,"horizontalPlacementVertex1":"FREE","verticalPlacementVertex1":"FREE"}],"portPairings":[{"port0":98,"port1":103}],"properties":{},"reference":null},{"@id":131,"drawnFrame":false,"labelManager":{"labels":[],"mainLabel":null},"shape":null,"containedVertices":[105,110],"containedVertexGroups":[],"touchingPairs":[{"vertex0":105,"horizontalPlacementVertex0":"FREE","verticalPlacementVertex0":"FREE","vertex1":110,"horizontalPlacementVertex1":"FREE","verticalPlacementVertex1":"FREE"}],"portPairings":[{"port0":108,"port1":113}],"properties":{},"reference":null},{"@id":132,"drawnFrame":false,"labelManager":{"labels":[],"mainLabel":null},"shape":null,"containedVertices":[115,120],"containedVertexGroups":[],"touchingPairs":[{"vertex0":115,"horizontalPlacementVertex0":"FREE","verticalPlacementVertex0":"FREE","vertex1":120,"horizontalPlacementVertex1":"FREE","verticalPlacementVertex1":"FREE"}],"portPairings":[{"port0":118,"port1":123}],"properties":{},"reference":null}],"edges":[{"@id":133,"ports":[63,37,39],"labelManager":{"innerLabels":[{"type":"textLabel","@id":134,"inputText":"Max","labelStyle":4,"shape":null,"layoutText":null}],"allPortLabels":[],"mainLabel":134},"pathStyle":{"@id":135,"description":"default path style","thickness":-1.0,"color":{"argb":"ff000000"}},"paths":[],"properties":{},"reference":null},{"@id":136,"ports":[123,73],"labelManager":{"innerLabels":[{"type":"textLabel","@id":137,"inputText":"Moritz","labelStyle":27,"shape":null,"layoutText":null}],"allPortLabels":[],"mainLabel":137},"pathStyle":{"@id":138,"description":"default path style","thickness":-1.0,"color":{"argb":"ff000000"}},"paths":[],"properties":{},"reference":null},{"@id":139,"ports":[5,9],"labelManager":{"innerLabels":[{"type":"textLabel","@id":140,"inputText":"Benjamin","labelStyle":27,"shape":null,"layoutText":null}],"allPortLabels":[],"mainLabel":140},"pathStyle":138,"paths":[],"properties":{},"reference":null},{"@id":141,"ports":[83,103],"labelManager":{"innerLabels":[{"type":"textLabel","@id":142,"inputText":"Jonathan","labelStyle":27,"shape":null,"layoutText":null}],"allPortLabels":[],"mainLabel":142},"pathStyle":138,"paths":[],"properties":{},"reference":null},{"@id":143,"ports":[59,113],"labelManager":{"innerLabels":[{"type":"textLabel","@id":144,"inputText":"Louis","labelStyle":27,"shape":null,"layoutText":null}],"allPortLabels":[],"mainLabel":144},"pathStyle":138,"paths":[],"properties":{},"reference":null},{"@id":145,"ports":[123,59],"labelManager":{"innerLabels":[{"type":"textLabel","@id":146,"inputText":"Emil","labelStyle":27,"shape":null,"layoutText":null}],"allPortLabels":[],"mainLabel":146},"pathStyle":138,"paths":[],"properties":{},"reference":null},{"@id":147,"ports":[93,123],"labelManager":{"innerLabels":[{"type":"textLabel","@id":148,"inputText":"Tom","labelStyle":27,"shape":null,"layoutText":null}],"allPortLabels":[],"mainLabel":148},"pathStyle":138,"paths":[],"properties":{},"reference":null},{"@id":149,"ports":[93,5],"labelManager":{"innerLabels":[{"type":"textLabel","@id":150,"inputText":"Jan","labelStyle":27,"shape":null,"layoutText":null}],"allPortLabels":[],"mainLabel":150},"pathStyle":138,"paths":[],"properties":{},"reference":null},{"@id":151,"ports":[13,83],"labelManager":{"innerLabels":[{"type":"textLabel","@id":152,"inputText":"Leo","labelStyle":27,"shape":null,"layoutText":null}],"allPortLabels":[],"mainLabel":152},"pathStyle":138,"paths":[],"properties":{},"reference":null},{"@id":153,"ports":[93,13],"labelManager":{"innerLabels":[{"type":"textLabel","@id":154,"inputText":"Finn","labelStyle":27,"shape":null,"layoutText":null}],"allPortLabels":[],"mainLabel":154},"pathStyle":138,"paths":[],"properties":{},"reference":null},{"@id":155,"ports":[93,20],"labelManager":{"innerLabels":[{"type":"textLabel","@id":156,"inputText":"Leonard","labelStyle":27,"shape":null,"layoutText":null}],"allPortLabels":[],"mainLabel":156},"pathStyle":138,"paths":[],"properties":{},"reference":null},{"@id":157,"ports":[49,22,45],"labelManager":{"innerLabels":[{"type":"textLabel","@id":158,"inputText":"Jan","labelStyle":27,"shape":null,"layoutText":null}],"allPortLabels":[],"mainLabel":158},"pathStyle":138,"paths":[],"properties":{},"reference":null},{"@id":159,"ports":[18,41,28],"labelManager":{"innerLabels":[{"type":"textLabel","@id":160,"inputText":"Louis","labelStyle":27,"shape":null,"layoutText":null}],"allPortLabels":[],"mainLabel":160},"pathStyle":138,"paths":[],"properties":{},"reference":null}],"edgeBundles":[]}