{"vertices":[{"@id":1,"shape":{"type":"rect","xposition":"NaN","yposition":"NaN","width":"NaN","height":"NaN","shapeStyle":{"@id":2,"description":"default shape style","color":{"argb":"ff000000"}}},"labelManager":{"labels":[{"type":"textLabel","@id":3,"inputText":"Daniel","labelStyle":{"@id":4,"description":"default text label style","font":{"fontName":"SansSerif.plain","style":0,"size":10},"noBreak":false,"color":{"argb":"ff000000"},"showLabel":true,"placement":"FREE","horizontalPlacement":"FREE","verticalPlacement":"FREE"},"shape":null,"layoutText":null}],"mainLabel":3},"portCompositions":[{"type":"portGroup","@id":5,"ordered":false,"portCompositions":[{"type":"port","@id":6,"shape":{"type":"rect","xposition":"NaN","yposition":"NaN","width":"NaN","height":"NaN","shapeStyle":2},"labelManager":{"labels":[{"type":"textLabel","@id":7,"inputText":"1","labelStyle":4,"shape":null,"layoutText":null}],"mainLabel":7},"properties":{},"orientationAtVertex":"FREE","reference":null}],"properties":{},"reference":null}],"properties":{},"reference":"plug"},{"@id":8,"shape":{"type":"rect","xposition":"NaN","yposition":"NaN","width":"NaN","height":"NaN","shapeStyle":2},"labelManager":{"labels":[{"type":"textLabel","@id":9,"inputText":"Mats","labelStyle":4,"shape":null,"layoutText":null}],"mainLabel":9},"portCompositions":[{"type":"portGroup","@id":10,"ordered":false,"portCompositions":[{"type":"port","@id":11,"shape":{"type":"rect","xposition":"NaN","yposition":"NaN","width":"NaN","height":"NaN","shapeStyle":2},"labelManager":{"labels":[{"type":"textLabel","@id":12,"inputText":"1","labelStyle":4,"shape":null,"layoutText":null}],"mainLabel":12},"properties":{},"orientationAtVertex":"FREE","reference":null}],"properties":{},"reference":null}],"properties":{},"reference":"plug"},{"@id":13,"shape":{"type":"rect","xposition":"NaN","yposition":"NaN","width":"NaN","height":"NaN","shapeStyle":2},"labelManager":{"labels":[{"type":"textLabel","@id":14,"inputText":"Alexander","labelStyle":4,"shape":null,"layoutText":null}],"mainLabel":14},"portCompositions":[{"type":"port","@id":15,"shape":{"type":"rect","xposition":"NaN","yposition":"NaN","width":"NaN","height":"NaN","shapeStyle":2},"labelManager":{"labels":[{"type":"textLabel","@id":16,"inputText":"1","labelStyle":4,"shape":null,"layoutText":null}],"mainLabel":16},"properties":{},"orientationAtVertex":"FREE","reference":null}],"properties":{},"reference":"splice"},{"@id":17,"shape":{"type":"rect","xposition":"NaN","yposition":"NaN","width":"NaN","height":"NaN","shapeStyle":2},"labelManager":{"labels":[{"type":"textLabel","@id":18,"inputText":"Leonard","labelStyle":4,"shape":null,"layoutText":null}],"mainLabel":18},"portCompositions":[{"type":"port","@id":19,"shape":{"type":"rect","xposition":"NaN","yposition":"NaN","width":"NaN","height":"NaN","shapeStyle":2},"labelManager":{"labels":[{"type":"textLabel","@id":20,"inputText":"1","labelStyle":4,"shape":null,"layoutText":null}],"mainLabel":20},"properties":{},"orientationAtVertex":"FREE","reference":null}],"properties":{},"reference":"splice"},{"@id":21,"shape":{"type":"rect","xposition":"NaN","yposition":"NaN","width":"NaN","height":"NaN","shapeStyle":2},"labelManager":{"labels":[{"type":"textLabel","@id":22,"inputText":"Luis","labelStyle":4,"shape":null,"layoutText":null}],"mainLabel":22},"portCompositions":[{"type":"portGroup","@id":23,"ordered":false,"portCompositions":[{"type":"port","@id":24,"shape":{"type":"rect","xposition":"NaN","yposition":"NaN","width":"NaN","height":"NaN","shapeStyle":2},"labelManager":{"labels":[{"type":"textLabel","@id":25,"inputText":"1","labelStyle":4,"shape":null,"layoutText":null}],"mainLabel":25},"properties":{},"orientationAtVertex":"FREE","reference":null}],"properties":{},"reference":null}],"properties":{},"reference":"plug"},{"@id":26,"shape":{"type":"rect","xposition":"NaN","yposition":"NaN","width":"NaN","height":"NaN","shapeStyle":2},"labelManager":{"labels":[{"type":"textLabel","@id":27,"inputText":"Jonathan","labelStyle":4,"shape":null,"layoutText":null}],"mainLabel":27},"portCompositions":[{"type":"portGroup","@id":28,"ordered":false,"portCompositions":[{"type":"port","@id":29,"shape":{"type":"rect","xposition":"NaN","yposition":"NaN","width":"NaN","height":"NaN","shapeStyle":2},"labelManager":{"labels":[{"type":"textLabel","@id":30,"inputText":"1","labelStyle":4,"shape":null,"layoutText":null}],"mainLabel":30},"properties":{},"orientationAtVertex":"FREE","reference":null}],"properties":{},"reference":null}],"properties":{},"reference":"plug"},{"@id":31,"shape":{"type":"rect","xposition":"NaN","yposition":"NaN","width":"NaN","height":"NaN","shapeStyle":2},"labelManager":{"labels":[{"type":"textLabel","@id":32,"inputText":"Henri","labelStyle":4,"shape":null,"layoutText":null}],"mainLabel":32},"portCompositions":[{"type":"port","@id":33,"shape":{"type":"rect","xposition":"NaN","yposition":"NaN","width":"NaN","height":"NaN","shapeStyle":2},"labelManager":{"labels":[{"type":"textLabel","@id":34,"inputText":"1","labelStyle":4,"shape":null,"layoutText":null}],"mainLabel":34},"properties":{},"orientationAtVertex":"FREE","reference":null}],"properties":{},"reference":"splice"},{"@id":35,"shape":{"type":"rect","xposition":"NaN","yposition":"NaN","width":"NaN","height":"NaN","shapeStyle":2},"labelManager":{"labels":[{"type":"textLabel","@id":36,"inputText":"Karl","labelStyle":4,"shape":null,"layoutText":null}],"mainLabel":36},"portCompositions":[{"type":"portGroup","@id":37,"ordered":false,"portCompositions":[{"type":"port","@id":38,"shape":{"type":"rect","xposition":"NaN","yposition":"NaN","width":"NaN","height":"NaN","shapeStyle":2},"labelManager":{"labels":[{"type":"textLabel","@id":39,"inputText":"1","labelStyle":4,"shape":null,"layoutText":null}],"mainLabel":39},"properties":{},"orientationAtVertex":"FREE","reference":null}],"properties":{},"reference":null}],"properties":{},"reference":"plug"},{"@id":40,"shape":{"type":"rect","xposition":"NaN","yposition":"NaN","width":"NaN","height":"NaN","shapeStyle":2},"labelManager":{"labels":[{"type":"textLabel","@id":41,"inputText":"Johann","labelStyle":4,"shape":null,"layoutText":null}],"mainLabel":41},"portCompositions":[{"type":"portGroup","@id":42,"ordered":false,"portCompositions":[{"type":"port","@id":43,"shape":{"type":"rect","xposition":"NaN","yposition":"NaN","width":"NaN","height":"NaN","shapeStyle":2},"labelManager":{"labels":[{"type":"textLabel","@id":44,"inputText":"1","labelStyle":4,"shape":null,"layoutText":null}],"mainLabel":44},"properties":{},"orientationAtVertex":"FREE","reference":null}],"properties":{},"reference":null}],"properties":{},"reference":"plug"},{"@id":45,"shape":{"type":"rect","xposition":"NaN","yposition":"NaN","width":"NaN","height":"NaN","shapeStyle":2},"labelManager":{"labels":[{"type":"textLabel","@id":46,"inputText":"Lukas","labelStyle":4,"shape":null,"layoutText":null}],"mainLabel":46},"portCompositions":[{"type":"port","@id":47,"shape":{"type":"rect","xposition":"NaN","yposition":"NaN","width":"NaN","height":"NaN","shapeStyle":2},"labelManager":{"labels":[{"type":"textLabel","@id":48,"inputText":"1","labelStyle":4,"shape":null,"layoutText":null}],"mainLabel":48},"properties":{},"orientationAtVertex":"FREE","reference":null}],"properties":{},"reference":"splice"},{"@id":49,"shape":{"type":"rect","xposition":"NaN","yposition":"NaN","width":"NaN","height":"NaN","shapeStyle":2},"labelManager":{"labels":[{"type":"textLabel","@id":50,"inputText":"Ben","labelStyle":4,"shape":null,"layoutText":null}],"mainLabel":50},"portCompositions":[{"type":"port","@id":51,"shape":{"type":"rect","xposition":"NaN","yposition":"NaN","width":"NaN","height":"NaN","shapeStyle":2},"labelManager":{"labels":[{"type":"textLabel","@id":52,"inputText":"1","labelStyle":4,"shape":null,"layoutText":null}],"mainLabel":52},"properties":{},"orientationAtVertex":"FREE","reference":null}],"properties":{},"reference":"splice"},{"@id":53,"shape":{"type":"rect","xposition":"NaN","yposition":"NaN","width":"NaN","height":"NaN","shapeStyle":2},"labelManager":{"labels":[{"type":"textLabel","@id":54,"inputText":"Samuel","labelStyle":4,"shape":null,"layoutText":null}],"mainLabel":54},"portCompositions":[{"type":"port","@id":55,"shape":{"type":"rect","xposition":"NaN","yposition":"NaN","width":"NaN","height":"NaN","shapeStyle":2},"labelManager":{"labels":[{"type":"textLabel","@id":56,"inputText":"1","labelStyle":4,"shape":null,"layoutText":null}],"mainLabel":56},"properties":{},"orientationAtVertex":"FREE","reference":null}],"properties":{},"reference":"splice"},{"@id":57,"shape":{"type":"rect","xposition":"NaN","yposition":"NaN","width":"NaN","height":"NaN","shapeStyle":2},"labelManager":{"labels":[{"type":"textLabel","@id":58,"inputText":"Henry","labelStyle":4,"shape":null,"layoutText":null}],"mainLabel":58},"portCompositions":[{"type":"portGroup","@id":59,"ordered":false,"portCompositions":[{"type":"port","@id":60,"shape":{"type":"rect","xposition":"NaN","yposition":"NaN","width":"NaN","height":"NaN","shapeStyle":2},"labelManager":{"labels":[{"type":"textLabel","@id":61,"inputText":"1","labelStyle":4,"shape":null,"layoutText":null}],"mainLabel":61},"properties":{},"orientationAtVertex":"FREE","reference":null},{"type":"port","@id":62,"shape":{"type":"rect","xposition":"NaN","yposition":"NaN","width":"NaN","height":"NaN","shapeStyle":2},"labelManager":{"labels":[{"type":"textLabel","@id":63,"inputText":"2","labelStyle":4,"shape":null,"layoutText":null}],"mainLabel":63},"properties":{},"orientationAtVertex":"FREE","reference":null}],"properties":{},"reference":null}],"properties":{},"reference":"plug"},{"@id":64,"shape":{"type":"rect","xposition":"NaN","yposition":"NaN","width":"NaN","height":"NaN","shapeStyle":2},"labelManager":{"labels":[{"type":"textLabel","@id":65,"inputText":"Leon","labelStyle":4,"shape":null,"layoutText":null}],"mainLabel":65},"portCompositions":[{"type":"portGroup","@id":66,"ordered":false,"portCompositions":[{"type":"port","@id":67,"shape":{"type":"rect","xposition":"NaN","yposition":"NaN","width":"NaN","height":"NaN","shapeStyle":2},"labelManager":{"labels":[{"type":"textLabel","@id":68,"inputText":"1","labelStyle":4,"shape":null,"layoutText":null}],"mainLabel":68},"properties":{},"orientationAtVertex":"FREE","reference":null},{"type":"port","@id":69,"shape":{"type":"rect","xposition":"NaN","yposition":"NaN","width":"NaN","height":"NaN","shapeStyle":2},"labelManager":{"labels":[{"type":"textLabel","@id":70,"inputText":"2","labelStyle":4,"shape":null,"layoutText":null}],"mainLabel":70},"properties":{},"orientationAtVertex":"FREE","reference":null}],"properties":{},"reference":null}],"properties":{},"reference":"plug"},{"@id":71,"shape":{"type":"rect","xposition":"NaN","yposition":"NaN","width":"NaN","height":"NaN","shapeStyle":2},"labelManager":{"labels":[{"type":"textLabel","@id":72,"inputText":"Johannes","labelStyle":4,"shape":null,"layoutText":null}],"mainLabel":72},"portCompositions":[{"type":"port","@id":73,"shape":{"type":"rect","xposition":"NaN","yposition":"NaN","width":"NaN","height":"NaN","shapeStyle":2},"labelManager":{"labels":[{"type":"textLabel","@id":74,"inputText":"1","labelStyle":4,"shape":null,"layoutText":null}],"mainLabel":74},"properties":{},"orientationAtVertex":"FREE","reference":null}],"properties":{},"reference":"splice"},{"@id":75,"shape":{"type":"rect","xposition":"NaN","yposition":"NaN","width":"NaN","height":"NaN","shapeStyle":2},"labelManager":{"labels":[{"type":"textLabel","@id":76,"inputText":"Moritz","labelStyle":4,"shape":null,"layoutText":null}],"mainLabel":76},"portCompositions":[{"type":"port","@id":77,"shape":{"type":"rect","xposition":"NaN","yposition":"NaN","width":"NaN","height":"NaN","shapeStyle":2},"labelManager":{"labels":[{"type":"textLabel","@id":78,"inputText":"1","labelStyle":4,"shape":null,"layoutText":null}],"mainLabel":78},"properties":{},"orientationAtVertex":"FREE","reference":null}],"properties":{},"reference":"splice"},{"@id":79,"shape":{"type":"rect","xposition":"NaN","yposition":"NaN","width":"NaN","height":"NaN","shapeStyle":2},"labelManager":{"labels":[{"type":"textLabel","@id":80,"inputText":"Felix","labelStyle":4,"shape":null,"layoutText":null}],"mainLabel":80},"portCompositions":[{"type":"port","@id":81,"shape":{"type":"rect","xposition":"NaN","yposition":"NaN","width":"NaN","height":"NaN","shapeStyle":2},"labelManager":{"labels":[{"type":"textLabel","@id":82,"inputText":"1","labelStyle":4,"shape":null,"layoutText":null}],"mainLabel":82},"properties":{},"orientationAtVertex":"FREE","reference":null}],"properties":{},"reference":"splice"},{"@id":83,"shape":{"type":"rect","xposition":"NaN","yposition":"NaN","width":"NaN","height":"NaN","shapeStyle":2},"labelManager":{"labels":[{"type":"textLabel","@id":84,"inputText":"Tom","labelStyle":4,"shape":null,"layoutText":null}],"mainLabel":84},"portCompositions":[{"type":"port","@id":85,"shape":{"type":"rect","xposition":"NaN","yposition":"NaN","width":"NaN","height":"NaN","shapeStyle":2},"labelManager":{"labels":[{"type":"textLabel","@id":86,"inputText":"1","labelStyle":4,"shape":null,"layoutText":null}],"mainLabel":86},"properties":{},"orientationAtVertex":"FREE","reference":null}],"properties":{},"reference":"splice"},{"@id":87,"shape":{"type":"rect","xposition":"NaN","yposition":"NaN","width":"NaN","height":"NaN","shapeStyle":2},"labelManager":{"labels":[{"type":"textLabel","@id":88,"inputText":"Benjamin","labelStyle":4,"shape":null,"layoutText":null}],"mainLabel":88},"portCompositions":[{"type":"portGroup","@id":89,"ordered":false,"portCompositions":[{"type":"port","@id":90,"shape":{"type":"rect","xposition":"NaN","yposition":"NaN","width":"NaN","height":"NaN","shapeStyle":2},"labelManager":{"labels":[{"type":"textLabel","@id":91,"inputText":"1","labelStyle":4,"shape":null,"layoutText":null}],"mainLabel":91},"properties":{},"orientationAtVertex":"FREE","reference":null}],"properties":{},"reference":null}],"properties":{},"reference":"plug"},{"@id":92,"shape":{"type":"rect","xposition":"NaN","yposition":"NaN","width":"NaN","height":"NaN","shapeStyle":2},"labelManager":{"labels":[{"type":"textLabel","@id":93,"inputText":"Luca","labelStyle":4,"shape":null,"layoutText":null}],"mainLabel":93},"portCompositions":[{"type":"portGroup","@id":94,"ordered":false,"portCompositions":[{"type":"port","@id":95,"shape":{"type":"rect","xposition":"NaN","yposition":"NaN","width":"NaN","height":"NaN","shapeStyle":2},"labelManager":{"labels":[{"type":"textLabel","@id":96,"inputText":"1","labelStyle":4,"shape":null,"layoutText":null}],"mainLabel":96},"properties":{},"orientationAtVertex":"FREE","reference":null}],"properties":{},"reference":null}],"properties":{},"reference":"plug"},{"@id":97,"shape":{"type":"rect","xposition":"NaN","yposition":"NaN","width":"NaN","height":"NaN","shapeStyle":2},"labelManager":{"labels":[{"type":"textLabel","@id":98,"inputText":"Finn","labelStyle":4,"shape":null,"layoutText":null}],"mainLabel":98},"portCompositions":[{"type":"port","@id":99,"shape":{"type":"rect","xposition":"NaN","yposition":"NaN","width":"NaN","height":"NaN","shapeStyle":2},"labelManager":{"labels":[{"type":"textLabel","@id":100,"inputText":"1","labelStyle":4,"shape":null,"layoutText":null}],"mainLabel":100},"properties":{},"orientationAtVertex":"FREE","reference":null}],"properties":{},"reference":"splice"},{"@id":101,"shape":{"type":"rect","xposition":"NaN","yposition":"NaN","width":"NaN","height":"NaN","shapeStyle":2},"labelManager":{"labels":[{"type":"textLabel","@id":102,"inputText":"Max","labelStyle":4,"shape":null,"layoutText":null}],"mainLabel":102},"portCompositions":[{"type":"portGroup","@id":103,"ordered":false,"portCompositions":[{"type":"port","@id":104,"shape":{"type":"rect","xposition":"NaN","yposition":"NaN","width":"NaN","height":"NaN","shapeStyle":2},"labelManager":{"labels":[{"type":"textLabel","@id":105,"inputText":"2","labelStyle":4,"shape":null,"layoutText":null}],"mainLabel":105},"properties":{},"orientationAtVertex":"FREE","reference":null},{"type":"port","@id":106,"shape":{"type":"rect","xposition":"NaN","yposition":"NaN","width":"NaN","height":"NaN","shapeStyle":2},"labelManager":{"labels":[{"type":"textLabel","@id":107,"inputText":"1","labelStyle":4,"shape":null,"layoutText":null}],"mainLabel":107},"properties":{},"orientationAtVertex":"FREE","reference":null}],"properties":{},"reference":null}],"properties":{},"reference":"plug"},{"@id":108,"shape":{"type":"rect","xposition":"NaN","yposition":"NaN","width":"NaN","height":"NaN","shapeStyle":2},"labelManager":{"labels":[{"type":"textLabel","@id":109,"inputText":"David","labelStyle":4,"shape":null,"layoutText":null}],"mainLabel":109},"portCompositions":[{"type":"portGroup","@id":110,"ordered":false,"portCompositions":[{"type":"port","@id":111,"shape":{"type":"rect","xposition":"NaN","yposition":"NaN","width":"NaN","height":"NaN","shapeStyle":2},"labelManager":{"labels":[{"type":"textLabel","@id":112,"inputText":"2","labelStyle":4,"shape":null,"layoutText":null}],"mainLabel":112},"properties":{},"orientationAtVertex":"FREE","reference":null},{"type":"port","@id":113,"shape":{"type":"rect","xposition":"NaN","yposition":"NaN","width":"NaN","height":"NaN","shapeStyle":2},"labelManager":{"labels":[{"type":"textLabel","@id":114,"inputText":"1","labelStyle":4,"shape":null,"layoutText":null}],"mainLabel":114},"properties":{},"orientationAtVertex":"FREE","reference":null}],"properties":{},"reference":null}],"properties":{},"reference":"plug"},{"@id":115,"shape":{"type":"rect","xposition":"NaN","yposition":"NaN","width":"NaN","height":"NaN","shapeStyle":2},"labelManager":{"labels":[{"type":"textLabel","@id":116,"inputText":"Noah","labelStyle":4,"shape":null,"layoutText":null}],"mainLabel":116},"portCompositions":[{"type":"portGroup","@id":117,"ordered":false,"portCompositions":[{"type":"port","@id":118,"shape":{"type":"rect","xposition":"NaN","yposition":"NaN","width":"NaN","height":"NaN","shapeStyle":2},"labelManager":{"labels":[{"type":"textLabel","@id":119,"inputText":"4","labelStyle":4,"shape":null,"layoutText":null}],"mainLabel":119},"properties":{},"orientationAtVertex":"FREE","reference":null},{"type":"port","@id":120,"shape":{"type":"rect","xposition":"NaN","yposition":"NaN","width":"NaN","height":"NaN","shapeStyle":2},"labelManager":{"labels":[{"type":"textLabel","@id":121,"inputText":"3","labelStyle":4,"shape":null,"layoutText":null}],"mainLabel":121},"properties":{},"orientationAtVertex":"FREE","reference":null},{"type":"port","@id":122,"shape":{"type":"rect","xposition":"NaN","yposition":"NaN","width":"NaN","height":"NaN","shapeStyle":2},"labelManager":{"labels":[{"type":"textLabel","@id":123,"inputText":"1","labelStyle":4,"shape":null,"layoutText":null}],"mainLabel":123},"properties":{},"orientationAtVertex":"FREE","reference":null},{"type":"port","@id":124,"shape":{"type":"rect","xposition":"NaN","yposition":"NaN","width":"NaN","height":"NaN","shapeStyle":2},"labelManager":{"labels":[{"type":"textLabel","@id":125,"inputText":"2","labelStyle":4,"shape":null,"layoutText":null}],"mainLabel":125},"properties":{},"orientationAtVertex":"FREE","reference":null},{"type":"port","@id":126,"shape":{"type":"rect","xposition":"NaN","yposition":"NaN","width":"NaN","height":"NaN","shapeStyle":2},"labelManager":{"labels":[{"type":"textLabel","@id":127,"inputText":"6","labelStyle":4,"shape":null,"layoutText":null}],"mainLabel":127},"properties":{},"orientationAtVertex":"FREE","reference":null},{"type":"port","@id":128,"shape":{"type":"rect","xposition":"NaN","yposition":"NaN","width":"NaN","height":"NaN","shapeStyle":2},"labelManager":{"labels":[{"type":"textLabel","@id":129,"inputText":"5","labelStyle":4,"shape":null,"layoutText":null}],"mainLabel":129},"properties":{},"orientationAtVertex":"FREE","reference":null}],"properties":{},"reference":null}],"properties":{},"reference":"plug"},{"@id":130,"shape":{"type":"rect","xposition":"NaN","yposition":"NaN","width":"NaN","height":"NaN","shapeStyle":2},"labelManager":{"labels":[{"type":"textLabel","@id":131,"inputText":"Maximilian","labelStyle":4,"shape":null,"layoutText":null}],"mainLabel":131},"portCompositions":[{"type":"portGroup","@id":132,"ordered":false,"portCompositions":[{"type":"port","@id":133,"shape":{"type":"rect","xposition":"NaN","yposition":"NaN","width":"NaN","height":"NaN","shapeStyle":2},"labelManager":{"labels":[{"type":"textLabel","@id":134,"inputText":"4","labelStyle":4,"shape":null,"layoutText":null}],"mainLabel":134},"properties":{},"orientationAtVertex":"FREE","reference":null},{"type":"port","@id":135,"shape":{"type":"rect","xposition":"NaN","yposition":"NaN","width":"NaN","height":"NaN","shapeStyle":2},"labelManager":{"labels":[{"type":"textLabel","@id":136,"inputText":"3","labelStyle":4,"shape":null,"layoutText":null}],"mainLabel":136},"properties":{},"orientationAtVertex":"FREE","reference":null},{"type":"port","@id":137,"shape":{"type":"rect","xposition":"NaN","yposition":"NaN","width":"NaN","height":"NaN","shapeStyle":2},"labelManager":{"labels":[{"type":"textLabel","@id":138,"inputText":"1","labelStyle":4,"shape":null,"layoutText":null}],"mainLabel":138},"properties":{},"orientationAtVertex":"FREE","reference":null},{"type":"port","@id":139,"shape":{"type":"rect","xposition":"NaN","yposition":"NaN","width":"NaN","height":"NaN","shapeStyle":2},"labelManager":{"labels":[{"type":"textLabel","@id":140,"inputText":"2","labelStyle":4,"shape":null,"layoutText":null}],"mainLabel":140},"properties":{},"orientationAtVertex":"FREE","reference":null},{"type":"port","@id":141,"shape":{"type":"rect","xposition":"NaN","yposition":"NaN","width":"NaN","height":"NaN","shapeStyle":2},"labelManager":{"labels":[{"type":"textLabel","@id":142,"inputText":"6","labelStyle":4,"shape":null,"layoutText":null}],"mainLabel":142},"properties":{},"orientationAtVertex":"FREE","reference":null},{"type":"port","@id":143,"shape":{"type":"rect","xposition":"NaN","yposition":"NaN","width":"NaN","height":"NaN","shapeStyle":2},"labelManager":{"labels":[{"type":"textLabel","@id":144,"inputText":"5","labelStyle":4,"shape":null,"layoutText":null}],"mainLabel":144},"properties":{},"orientationAtVertex":"FREE","reference":null}],"properties":{},"reference":null}],"properties":{},"reference":"plug"},{"@id":145,"shape":{"type":"rect","xposition":"NaN","yposition":"NaN","width":"NaN","height":"NaN","shapeStyle":2},"labelManager":{"labels":[{"type":"textLabel","@id":146,"inputText":"Niklas","labelStyle":4,"shape":null,"layoutText":null}],"mainLabel":146},"portCompositions":[{"type":"portGroup","@id":147,"ordered":false,"portCompositions":[],"properties":{},"reference":null},{"type":"portGroup","@id":148,"ordered":false,"portCompositions":[{"type":"port","@id":149,"shape":{"type":"rect","xposition":"NaN","yposition":"NaN","width":"NaN","height":"NaN","shapeStyle":2},"labelManager":{"labels":[{"type":"textLabel","@id":150,"inputText":"3","labelStyle":4,"shape":null,"layoutText":null}],"mainLabel":150},"properties":{},"orientationAtVertex":"FREE","reference":null},{"type":"port","@id":151,"shape":{"type":"rect","xposition":"NaN","yposition":"NaN","width":"NaN","height":"NaN","shapeStyle":2},"labelManager":{"labels":[{"type":"textLabel","@id":152,"inputText":"1","labelStyle":4,"shape":null,"layoutText":null}],"mainLabel":152},"properties":{},"orientationAtVertex":"FREE","reference":null},{"type":"port","@id":153,"shape":{"type":"rect","xposition":"NaN","yposition":"NaN","width":"NaN","height":"NaN","shapeStyle":{"@id":154,"description":"default shape style","color":{"argb":"ff000000"}}},"labelManager":{"labels":[{"type":"textLabel","@id":155,"inputText":"2","labelStyle":{"@id":156,"description":"default text label style","font":{"fontName":"SansSerif.plain","style":0,"size":10},"noBreak":false,"color":{"argb":"ff000000"},"showLabel":true,"placement":"FREE","horizontalPlacement":"FREE","verticalPlacement":"FREE"},"shape":null,"layoutText":null}],"mainLabel":155},"properties":{},"orientationAtVertex":"FREE","reference":null}],"properties":{},"reference":null}],"properties":{},"reference":"device"},{"@id":157,"shape":{"type":"rect","xposition":"NaN","yposition":"NaN","width":"NaN","height":"NaN","shapeStyle":2},"labelManager":{"labels":[{"type":"textLabel","@id":158,"inputText":"Julius","labelStyle":4,"shape":null,"layoutText":null}],"mainLabel":158},"portCompositions":[{"type":"portGroup","@id":159,"ordered":false,"portCompositions":[{"type":"port","@id":160,"shape":{"type":"rect","xposition":"NaN","yposition":"NaN","width":"NaN","height":"NaN","shapeStyle":2},"labelManager":{"labels":[{"type":"textLabel","@id":161,"inputText":"3","labelStyle":4,"shape":null,"layoutText":null}],"mainLabel":161},"properties":{},"orientationAtVertex":"FREE","reference":null},{"type":"port","@id":162,"shape":{"type":"rect","xposition":"NaN","yposition":"NaN","width":"NaN","height":"NaN","shapeStyle":2},"labelManager":{"labels":[{"type":"textLabel","@id":163,"inputText":"1","labelStyle":4,"shape":null,"layoutText":null}],"mainLabel":163},"properties":{},"orientationAtVertex":"FREE","reference":null},{"type":"port","@id":164,"shape":{"type":"rect","xposition":"NaN","yposition":"NaN","width":"NaN","height":"NaN","shapeStyle":154},"labelManager":{"labels":[{"type":"textLabel","@id":165,"inputText":"2","labelStyle":156,"shape":null,"layoutText":null}],"mainLabel":165},"properties":{},"orientationAtVertex":"FREE","reference":null}],"properties":{},"reference":null}],"properties":{},"reference":"plug"},{"@id":166,"shape":{"type":"rect","xposition":"NaN","yposition":"NaN","width":"NaN","height":"NaN","shapeStyle":2},"labelManager":{"labels":[{"type":"textLabel","@id":167,"inputText":"Elias","labelStyle":4,"shape":null,"layoutText":null}],"mainLabel":167},"portCompositions":[{"type":"portGroup","@id":168,"ordered":false,"portCompositions":[{"type":"port","@id":169,"shape":{"type":"rect","xposition":"NaN","yposition":"NaN","width":"NaN","height":"NaN","shapeStyle":2},"labelManager":{"labels":[{"type":"textLabel","@id":170,"inputText":"1","labelStyle":4,"shape":null,"layoutText":null}],"mainLabel":170},"properties":{},"orientationAtVertex":"FREE","reference":null},{"type":"port","@id":171,"shape":{"type":"rect","xposition":"NaN","yposition":"NaN","width":"NaN","height":"NaN","shapeStyle":2},"labelManager":{"labels":[{"type":"textLabel","@id":172,"inputText":"3","labelStyle":4,"shape":null,"layoutText":null}],"mainLabel":172},"properties":{},"orientationAtVertex":"FREE","reference":null},{"type":"port","@id":173,"shape":{"type":"rect","xposition":"NaN","yposition":"NaN","width":"NaN","height":"NaN","shapeStyle":2},"labelManager":{"labels":[{"type":"textLabel","@id":174,"inputText":"2","labelStyle":4,"shape":null,"layoutText":null}],"mainLabel":174},"properties":{},"orientationAtVertex":"FREE","reference":null}],"properties":{},"reference":null}],"properties":{},"reference":"device"},{"@id":175,"shape":{"type":"rect","xposition":"NaN","yposition":"NaN","width":"NaN","height":"NaN","shapeStyle":2},"labelManager":{"labels":[{"type":"textLabel","@id":176,"inputText":"Anton","labelStyle":4,"shape":null,"layoutText":null}],"mainLabel":176},"portCompositions":[{"type":"portGroup","@id":177,"ordered":false,"portCompositions":[{"type":"port","@id":178,"shape":{"type":"rect","xposition":"NaN","yposition":"NaN","width":"NaN","height":"NaN","shapeStyle":2},"labelManager":{"labels":[{"type":"textLabel","@id":179,"inputText":"1","labelStyle":4,"shape":null,"layoutText":null}],"mainLabel":179},"properties":{},"orientationAtVertex":"FREE","reference":null},{"type":"port","@id":180,"shape":{"type":"rect","xposition":"NaN","yposition":"NaN","width":"NaN","height":"NaN","shapeStyle":2},"labelManager":{"labels":[{"type":"textLabel","@id":181,"inputText":"3","labelStyle":4,"shape":null,"layoutText":null}],"mainLabel":181},"properties":{},"orientationAtVertex":"FREE","reference":null},{"type":"port","@id":182,"shape":{"type":"rect","xposition":"NaN","yposition":"NaN","width":"NaN","height":"NaN","shapeStyle":2},"labelManager":{"labels":[{"type":"textLabel","@id":183,"inputText":"2","labelStyle":4,"shape":null,"layoutText":null}],"mainLabel":183},"properties":{},"orientationAtVertex":"FREE","reference":null}],"properties":{},"reference":null}],"properties":{},"reference":"plug"},{"@id":184,"shape":{"type":"rect","xposition":"NaN","yposition":"NaN","width":"NaN","height":"NaN","shapeStyle":2},"labelManager":{"labels":[{"type":"textLabel","@id":185,"inputText":"Philipp","labelStyle":4,"shape":null,"layoutText":null}],"mainLabel":185},"portCompositions":[{"type":"port","@id":186,"shape":{"type":"rect","xposition":"NaN","yposition":"NaN","width":"NaN","height":"NaN","shapeStyle":2},"labelManager":{"labels":[{"type":"textLabel","@id":187,"inputText":"1","labelStyle":4,"shape":null,"layoutText":null}],"mainLabel":187},"properties":{},"orientationAtVertex":"FREE","reference":null}],"properties":{},"reference":"splice"},{"@id":188,"shape":{"type":"rect","xposition":"NaN","yposition":"NaN","width":"NaN","height":"NaN","shapeStyle":2},"labelManager":{"labels":[{"type":"textLabel","@id":189,"inputText":"Tim","labelStyle":4,"shape":null,"layoutText":null}],"mainLabel":189},"portCompositions":[{"type":"portGroup","@id":190,"ordered":false,"portCompositions":[{"type":"port","@id":191,"shape":{"type":"rect","xposition":"NaN","yposition":"NaN","width":"NaN","height":"NaN","shapeStyle":2},"labelManager":{"labels":[{"type":"textLabel","@id":192,"inputText":"8","labelStyle":4,"shape":null,"layoutText":null}],"mainLabel":192},"properties":{},"orientationAtVertex":"FREE","reference":null},{"type":"port","@id":193,"shape":{"type":"rect","xposition":"NaN","yposition":"NaN","width":"NaN","height":"NaN","shapeStyle":2},"labelManager":{"labels":[{"type":"textLabel","@id":194,"inputText":"11","labelStyle":4,"shape":null,"layoutText":null}],"mainLabel":194},"properties":{},"orientationAtVertex":"FREE","reference":null},{"type":"port","@id":195,"shape":{"type":"rect","xposition":"NaN","yposition":"NaN","width":"NaN","height":"NaN","shapeStyle":2},"labelManager":{"labels":[{"type":"textLabel","@id":196,"inputText":"20","labelStyle":4,"shape":null,"layoutText":null}],"mainLabel":196},"properties":{},"orientationAtVertex":"FREE","reference":null},{"type":"port","@id":197,"shape":{"type":"rect","xposition":"NaN","yposition":"NaN","width":"NaN","height":"NaN","shapeStyle":2},"labelManager":{"labels":[{"type":"textLabel","@id":198,"inputText":"13","labelStyle":4,"shape":null,"layoutText":null}],"mainLabel":198},"properties":{},"orientationAtVertex":"FREE","reference":null},{"type":"port","@id":199,"shape":{"type":"rect","xposition":"NaN","yposition":"NaN","width":"NaN","height":"NaN","shapeStyle":2},"labelManager":{"labels":[{"type":"textLabel","@id":200,"inputText":"18","labelStyle":4,"shape":null,"layoutText":null}],"mainLabel":200},"properties":{},"orientationAtVertex":"FREE","reference":null},{"type":"port","@id":201,"shape":{"type":"rect","xposition":"NaN","yposition":"NaN","width":"NaN","height":"NaN","shapeStyle":2},"labelManager":{"labels":[{"type":"textLabel","@id":202,"inputText":"15","labelStyle":4,"shape":null,"layoutText":null}],"mainLabel":202},"properties":{},"orientationAtVertex":"FREE","reference":null},{"type":"port","@id":203,"shape":{"type":"rect","xposition":"NaN","yposition":"NaN","width":"NaN","height":"NaN","shapeStyle":2},"labelManager":{"labels":[{"type":"textLabel","@id":204,"inputText":"21","labelStyle":4,"shape":null,"layoutText":null}],"mainLabel":204},"properties":{},"orientationAtVertex":"FREE","reference":null},{"type":"port","@id":205,"shape":{"type":"rect","xposition":"NaN","yposition":"NaN","width":"NaN","height":"NaN","shapeStyle":2},"labelManager":{"labels":[{"type":"textLabel","@id":206,"inputText":"12","labelStyle":4,"shape":null,"layoutText":null}],"mainLabel":206},"properties":{},"orientationAtVertex":"FREE","reference":null},{"type":"port","@id":207,"shape":{"type":"rect","xposition":"NaN","yposition":"NaN","width":"NaN","height":"NaN","shapeStyle":2},"labelManager":{"labels":[{"type":"textLabel","@id":208,"inputText":"19","labelStyle":4,"shape":null,"layoutText":null}],"mainLabel":208},"properties":{},"orientationAtVertex":"FREE","reference":null},{"type":"port","@id":209,"shape":{"type":"rect","xposition":"NaN","yposition":"NaN","width":"NaN","height":"NaN","shapeStyle":2},"labelManager":{"labels":[{"type":"textLabel","@id":210,"inputText":"24","labelStyle":4,"shape":null,"layoutText":null}],"mainLabel":210},"properties":{},"orientationAtVertex":"FREE","reference":null},{"type":"port","@id":211,"shape":{"type":"rect","xposition":"NaN","yposition":"NaN","width":"NaN","height":"NaN","shapeStyle":2},"labelManager":{"labels":[{"type":"textLabel","@id":212,"inputText":"5","labelStyle":4,"shape":null,"layoutText":null}],"mainLabel":212},"properties":{},"orientationAtVertex":"FREE","reference":null},{"type":"port","@id":213,"shape":{"type":"rect","xposition":"NaN","yposition":"NaN","width":"NaN","height":"NaN","shapeStyle":2},"labelManager":{"labels":[{"type":"textLabel","@id":214,"inputText":"25","labelStyle":4,"shape":null,"layoutText":null}],"mainLabel":214},"properties":{},"orientationAtVertex":"FREE","reference":null},{"type":"port","@id":215,"shape":{"type":"rect","xposition":"NaN","yposition":"NaN","width":"NaN","height":"NaN","shapeStyle":2},"labelManager":{"labels":[{"type":"textLabel","@id":216,"inputText":"6","labelStyle":4,"shape":null,"layoutText":null}],"mainLabel":216},"properties":{},"orientationAtVertex":"FREE","reference":null},{"type":"port","@id":217,"shape":{"type":"rect","xposition":"NaN","yposition":"NaN","width":"NaN","height":"NaN","shapeStyle":2},"labelManager":{"labels":[{"type":"textLabel","@id":218,"inputText":"23","labelStyle":4,"shape":null,"layoutText":null}],"mainLabel":218},"properties":{},"orientationAtVertex":"FREE","reference":null},{"type":"port","@id":219,"shape":{"type":"rect","xposition":"NaN","yposition":"NaN","width":"NaN","height":"NaN","shapeStyle":2},"labelManager":{"labels":[{"type":"textLabel","@id":220,"inputText":"17","labelStyle":4,"shape":null,"layoutText":null}],"mainLabel":220},"properties":{},"orientationAtVertex":"FREE","reference":null},{"type":"port","@id":221,"shape":{"type":"rect","xposition":"NaN","yposition":"NaN","width":"NaN","height":"NaN","shapeStyle":2},"labelManager":{"labels":[{"type":"textLabel","@id":222,"inputText":"4","labelStyle":4,"shape":null,"layoutText":null}],"mainLabel":222},"properties":{},"orientationAtVertex":"FREE","reference":null},{"type":"port","@id":223,"shape":{"type":"rect","xposition":"NaN","yposition":"NaN","width":"NaN","height":"NaN","shapeStyle":2},"labelManager":{"labels":[{"type":"textLabel","@id":224,"inputText":"14","labelStyle":4,"shape":null,"layoutText":null}],"mainLabel":224},"properties":{},"orientationAtVertex":"FREE","reference":null},{"type":"port","@id":225,"shape":{"type":"rect","xposition":"NaN","yposition":"NaN","width":"NaN","height":"NaN","shapeStyle":2},"labelManager":{"labels":[{"type":"textLabel","@id":226,"inputText":"16","labelStyle":4,"shape":null,"layoutText":null}],"mainLabel":226},"properties":{},"orientationAtVertex":"FREE","reference":null},{"type":"port","@id":227,"shape":{"type":"rect","xposition":"NaN","yposition":"NaN","width":"NaN","height":"NaN","shapeStyle":154},"labelManager":{"labels":[{"type":"textLabel","@id":228,"inputText":"1","labelStyle":156,"shape":null,"layoutText":null}],"mainLabel":228},"properties":{},"orientationAtVertex":"FREE","reference":null},{"type":"port","@id":229,"shape":{"type":"rect","xposition":"NaN","yposition":"NaN","width":"NaN","height":"NaN","shapeStyle":154},"labelManager":{"labels":[{"type":"textLabel","@id":230,"inputText":"9","labelStyle":156,"shape":null,"layoutText":null}],"mainLabel":230},"properties":{},"orientationAtVertex":"FREE","reference":null}],"properties":{},"reference":null},{"type":"portGroup","@id":231,"ordered":false,"portCompositions":[{"type":"port","@id":232,"shape":{"type":"rect","xposition":"NaN","yposition":"NaN","width":"NaN","height":"NaN","shapeStyle":2},"labelManager":{"labels":[{"type":"textLabel","@id":233,"inputText":"22","labelStyle":4,"shape":null,"layoutText":null}],"mainLabel":233},"properties":{},"orientationAtVertex":"FREE","reference":null},{"type":"port","@id":234,"shape":{"type":"rect","xposition":"NaN","yposition":"NaN","width":"NaN","height":"NaN","shapeStyle":2},"labelManager":{"labels":[{"type":"textLabel","@id":235,"inputText":"7","labelStyle":4,"shape":null,"layoutText":null}],"mainLabel":235},"properties":{},"orientationAtVertex":"FREE","reference":null},{"type":"port","@id":236,"shape":{"type":"rect","xposition":"NaN","yposition":"NaN","width":"NaN","height":"NaN","shapeStyle":2},"labelManager":{"labels":[{"type":"textLabel","@id":237,"inputText":"3","labelStyle":4,"shape":null,"layoutText":null}],"mainLabel":237},"properties":{},"orientationAtVertex":"FREE","reference":null},{"type":"port","@id":238,"shape":{"type":"rect","xposition":"NaN","yposition":"NaN","width":"NaN","height":"NaN","shapeStyle":2},"labelManager":{"labels":[{"type":"textLabel","@id":239,"inputText":"10","labelStyle":4,"shape":null,"layoutText":null}],"mainLabel":239},"properties":{},"orientationAtVertex":"FREE","reference":null},{"type":"port","@id":240,"shape":{"type":"rect","xposition":"NaN","yposition":"NaN","width":"NaN","height":"NaN","shapeStyle":2},"labelManager":{"labels":[{"type":"textLabel","@id":241,"inputText":"2","labelStyle":4,"shape":null,"layoutText":null}],"mainLabel":241},"properties":{},"orientationAtVertex":"FREE","reference":null}],"properties":{},"reference":null}],"properties":{},"reference":"device"},{"@id":242,"shape":{"type":"rect","xposition":"NaN","yposition":"NaN","width":"NaN","height":"NaN","shapeStyle":2},"labelManager":{"labels":[{"type":"textLabel","@id":243,"inputText":"Jonas","labelStyle":4,"shape":null,"layoutText":null}],"mainLabel":243},"portCompositions":[{"type":"portGroup","@id":244,"ordered":false,"portCompositions":[{"type":"port","@id":245,"shape":{"type":"rect","xposition":"NaN","yposition":"NaN","width":"NaN","height":"NaN","shapeStyle":2},"labelManager":{"labels":[{"type":"textLabel","@id":246,"inputText":"8","labelStyle":4,"shape":null,"layoutText":null}],"mainLabel":246},"properties":{},"orientationAtVertex":"FREE","reference":null},{"type":"port","@id":247,"shape":{"type":"rect","xposition":"NaN","yposition":"NaN","width":"NaN","height":"NaN","shapeStyle":2},"labelManager":{"labels":[{"type":"textLabel","@id":248,"inputText":"11","labelStyle":4,"shape":null,"layoutText":null}],"mainLabel":248},"properties":{},"orientationAtVertex":"FREE","reference":null},{"type":"port","@id":249,"shape":{"type":"rect","xposition":"NaN","yposition":"NaN","width":"NaN","height":"NaN","shapeStyle":2},"labelManager":{"labels":[{"type":"textLabel","@id":250,"inputText":"20","labelStyle":4,"shape":null,"layoutText":null}],"mainLabel":250},"properties":{},"orientationAtVertex":"FREE","reference":null},{"type":"port","@id":251,"shape":{"type":"rect","xposition":"NaN","yposition":"NaN","width":"NaN","height":"NaN","shapeStyle":2},"labelManager":{"labels":[{"type":"textLabel","@id":252,"inputText":"13","labelStyle":4,"shape":null,"layoutText":null}],"mainLabel":252},"properties":{},"orientationAtVertex":"FREE","reference":null},{"type":"port","@id":253,"shape":{"type":"rect","xposition":"NaN","yposition":"NaN","width":"NaN","height":"NaN","shapeStyle":2},"labelManager":{"labels":[{"type":"textLabel","@id":254,"inputText":"18","labelStyle":4,"shape":null,"layoutText":null}],"mainLabel":254},"properties":{},"orientationAtVertex":"FREE","reference":null},{"type":"port","@id":255,"shape":{"type":"rect","xposition":"NaN","yposition":"NaN","width":"NaN","height":"NaN","shapeStyle":2},"labelManager":{"labels":[{"type":"textLabel","@id":256,"inputText":"15","labelStyle":4,"shape":null,"layoutText":null}],"mainLabel":256},"properties":{},"orientationAtVertex":"FREE","reference":null},{"type":"port","@id":257,"shape":{"type":"rect","xposition":"NaN","yposition":"NaN","width":"NaN","height":"NaN","shapeStyle":2},"labelManager":{"labels":[{"type":"textLabel","@id":258,"inputText":"21","labelStyle":4,"shape":null,"layoutText":null}],"mainLabel":258},"properties":{},"orientationAtVertex":"FREE","reference":null},{"type":"port","@id":259,"shape":{"type":"rect","xposition":"NaN","yposition":"NaN","width":"NaN","height":"NaN","shapeStyle":2},"labelManager":{"labels":[{"type":"textLabel","@id":260,"inputText":"12","labelStyle":4,"shape":null,"layoutText":null}],"mainLabel":260},"properties":{},"orientationAtVertex":"FREE","reference":null},{"type":"port","@id":261,"shape":{"type":"rect","xposition":"NaN","yposition":"NaN","width":"NaN","height":"NaN","shapeStyle":2},"labelManager":{"labels":[{"type":"textLabel","@id":262,"inputText":"19","labelStyle":4,"shape":null,"layoutText":null}],"mainLabel":262},"properties":{},"orientationAtVertex":"FREE","reference":null},{"type":"port","@id":263,"shape":{"type":"rect","xposition":"NaN","yposition":"NaN","width":"NaN","height":"NaN","shapeStyle":2},"labelManager":{"labels":[{"type":"textLabel","@id":264,"inputText":"24","labelStyle":4,"shape":null,"layoutText":null}],"mainLabel":264},"properties":{},"orientationAtVertex":"FREE","reference":null},{"type":"port","@id":265,"shape":{"type":"rect","xposition":"NaN","yposition":"NaN","width":"NaN","height":"NaN","shapeStyle":2},"labelManager":{"labels":[{"type":"textLabel","@id":266,"inputText":"5","labelStyle":4,"shape":null,"layoutText":null}],"mainLabel":266},"properties":{},"orientationAtVertex":"FREE","reference":null},{"type":"port","@id":267,"shape":{"type":"rect","xposition":"NaN","yposition":"NaN","width":"NaN","height":"NaN","shapeStyle":2},"labelManager":{"labels":[{"type":"textLabel","@id":268,"inputText":"25","labelStyle":4,"shape":null,"layoutText":null}],"mainLabel":268},"properties":{},"orientationAtVertex":"FREE","reference":null},{"type":"port","@id":269,"shape":{"type":"rect","xposition":"NaN","yposition":"NaN","width":"NaN","height":"NaN","shapeStyle":2},"labelManager":{"labels":[{"type":"textLabel","@id":270,"inputText":"6","labelStyle":4,"shape":null,"layoutText":null}],"mainLabel":270},"properties":{},"orientationAtVertex":"FREE","reference":null},{"type":"port","@id":271,"shape":{"type":"rect","xposition":"NaN","yposition":"NaN","width":"NaN","height":"NaN","shapeStyle":2},"labelManager":{"labels":[{"type":"textLabel","@id":272,"inputText":"23","labelStyle":4,"shape":null,"layoutText":null}],"mainLabel":272},"properties":{},"orientationAtVertex":"FREE","reference":null},{"type":"port","@id":273,"shape":{"type":"rect","xposition":"NaN","yposition":"NaN","width":"NaN","height":"NaN","shapeStyle":2},"labelManager":{"labels":[{"type":"textLabel","@id":274,"inputText":"17","labelStyle":4,"shape":null,"layoutText":null}],"mainLabel":274},"properties":{},"orientationAtVertex":"FREE","reference":null},{"type":"port","@id":275,"shape":{"type":"rect","xposition":"NaN","yposition":"NaN","width":"NaN","height":"NaN","shapeStyle":2},"labelManager":{"labels":[{"type":"textLabel","@id":276,"inputText":"4","labelStyle":4,"shape":null,"layoutText":null}],"mainLabel":276},"properties":{},"orientationAtVertex":"FREE","reference":null},{"type":"port","@id":277,"shape":{"type":"rect","xposition":"NaN","yposition":"NaN","width":"NaN","height":"NaN","shapeStyle":2},"labelManager":{"labels":[{"type":"textLabel","@id":278,"inputText":"14","labelStyle":4,"shape":null,"layoutText":null}],"mainLabel":278},"properties":{},"orientationAtVertex":"FREE","reference":null},{"type":"port","@id":279,"shape":{"type":"rect","xposition":"NaN","yposition":"NaN","width":"NaN","height":"NaN","shapeStyle":2},"labelManager":{"labels":[{"type":"textLabel","@id":280,"inputText":"16","labelStyle":4,"shape":null,"layoutText":null}],"mainLabel":280},"properties":{},"orientationAtVertex":"FREE","reference":null},{"type":"port","@id":281,"shape":{"type":"rect","xposition":"NaN","yposition":"NaN","width":"NaN","height":"NaN","shapeStyle":154},"labelManager":{"labels":[{"type":"textLabel","@id":282,"inputText":"9","labelStyle":156,"shape":null,"layoutText":null}],"mainLabel":282},"properties":{},"orientationAtVertex":"FREE","reference":null}],"properties":{},"reference":null}],"properties":{},"reference":"plug"},{"@id":283,"shape":{"type":"rect","xposition":"NaN","yposition":"NaN","width":"NaN","height":"NaN","shapeStyle":2},"labelManager":{"labels":[{"type":"textLabel","@id":284,"inputText":"Jan","labelStyle":4,"shape":null,"layoutText":null}],"mainLabel":284},"portCompositions":[{"type":"portGroup","@id":285,"ordered":false,"portCompositions":[{"type":"port","@id":286,"shape":{"type":"rect","xposition":"NaN","yposition":"NaN","width":"NaN","height":"NaN","shapeStyle":2},"labelManager":{"labels":[{"type":"textLabel","@id":287,"inputText":"22","labelStyle":4,"shape":null,"layoutText":null}],"mainLabel":287},"properties":{},"orientationAtVertex":"FREE","reference":null},{"type":"port","@id":288,"shape":{"type":"rect","xposition":"NaN","yposition":"NaN","width":"NaN","height":"NaN","shapeStyle":2},"labelManager":{"labels":[{"type":"textLabel","@id":289,"inputText":"7","labelStyle":4,"shape":null,"layoutText":null}],"mainLabel":289},"properties":{},"orientationAtVertex":"FREE","reference":null},{"type":"port","@id":290,"shape":{"type":"rect","xposition":"NaN","yposition":"NaN","width":"NaN","height":"NaN","shapeStyle":2},"labelManager":{"labels":[{"type":"textLabel","@id":291,"inputText":"3","labelStyle":4,"shape":null,"layoutText":null}],"mainLabel":291},"properties":{},"orientationAtVertex":"FREE","reference":null},{"type":"port","@id":292,"shape":{"type":"rect","xposition":"NaN","yposition":"NaN","width":"NaN","height":"NaN","shapeStyle":2},"labelManager":{"labels":[{"type":"textLabel","@id":293,"inputText":"10","labelStyle":4,"shape":null,"layoutText":null}],"mainLabel":293},"properties":{},"orientationAtVertex":"FREE","reference":null},{"type":"port","@id":294,"shape":{"type":"rect","xposition":"NaN","yposition":"NaN","width":"NaN","height":"NaN","shapeStyle":2},"labelManager":{"labels":[{"type":"textLabel","@id":295,"inputText":"2","labelStyle":4,"shape":null,"layoutText":null}],"mainLabel":295},"properties":{},"orientationAtVertex":"FREE","reference":null},{"type":"port","@id":296,"shape":{"type":"rect","xposition":"NaN","yposition":"NaN","width":"NaN","height":"NaN","shapeStyle":154},"labelManager":{"labels":[{"type":"textLabel","@id":297,"inputText":"1","labelStyle":156,"shape":null,"layoutText":null}],"mainLabel":297},"properties":{},"orientationAtVertex":"FREE","reference":null}],"properties":{},"reference":null}],"properties":{},"reference":"plug"},{"@id":298,"shape":{"type":"rect","xposition":"NaN","yposition":"NaN","width":"NaN","height":"NaN","shapeStyle":2},"labelManager":{"labels":[{"type":"textLabel","@id":299,"inputText":"Gabriel","labelStyle":4,"shape":null,"layoutText":null}],"mainLabel":299},"portCompositions":[{"type":"portGroup","@id":300,"ordered":false,"portCompositions":[{"type":"port","@id":301,"shape":{"type":"rect","xposition":"NaN","yposition":"NaN","width":"NaN","height":"NaN","shapeStyle":2},"labelManager":{"labels":[{"type":"textLabel","@id":302,"inputText":"1","labelStyle":4,"shape":null,"layoutText":null}],"mainLabel":302},"properties":{},"orientationAtVertex":"FREE","reference":null},{"type":"port","@id":303,"shape":{"type":"rect","xposition":"NaN","yposition":"NaN","width":"NaN","height":"NaN","shapeStyle":2},"labelManager":{"labels":[{"type":"textLabel","@id":304,"inputText":"3","labelStyle":4,"shape":null,"layoutText":null}],"mainLabel":304},"properties":{},"orientationAtVertex":"FREE","reference":null},{"type":"port","@id":305,"shape":{"type":"rect","xposition":"NaN","yposition":"NaN","width":"NaN","height":"NaN","shapeStyle":154},"labelManager":{"labels":[{"type":"textLabel","@id":306,"inputText":"5","labelStyle":156,"shape":null,"layoutText":null}],"mainLabel":306},"properties":{},"orientationAtVertex":"FREE","reference":null},{"type":"port","@id":307,"shape":{"type":"rect","xposition":"NaN","yposition":"NaN","width":"NaN","height":"NaN","shapeStyle":154},"labelManager":{"labels":[{"type":"textLabel","@id":308,"inputText":"6","labelStyle":156,"shape":null,"layoutText":null}],"mainLabel":308},"properties":{},"orientationAtVertex":"FREE","reference":null},{"type":"port","@id":309,"shape":{"type":"rect","xposition":"NaN","yposition":"NaN","width":"NaN","height":"NaN","shapeStyle":154},"labelManager":{"labels":[{"type":"textLabel","@id":310,"inputText":"4","labelStyle":156,"shape":null,"layoutText":null}],"mainLabel":310},"properties":{},"orientationAtVertex":"FREE","reference":null},{"type":"port","@id":311,"shape":{"type":"rect","xposition":"NaN","yposition":"NaN","width":"NaN","height":"NaN","shapeStyle":154},"labelManager":{"labels":[{"type":"textLabel","@id":312,"inputText":"2","labelStyle":156,"shape":null,"layoutText":null}],"mainLabel":312},"properties":{},"orientationAtVertex":"FREE","reference":null}],"properties":{},"reference":null}],"properties":{},"reference":"device"},{"@id":313,"shape":{"type":"rect","xposition":"NaN","yposition":"NaN","width":"NaN","height":"NaN","shapeStyle":2},"labelManager":{"labels":[{"type":"textLabel","@id":314,"inputText":"Ali","labelStyle":4,"shape":null,"layoutText":null}],"mainLabel":314},"portCompositions":[{"type":"portGroup","@id":315,"ordered":false,"portCompositions":[{"type":"port","@id":316,"shape":{"type":"rect","xposition":"NaN","yposition":"NaN","width":"NaN","height":"NaN","shapeStyle":2},"labelManager":{"labels":[{"type":"textLabel","@id":317,"inputText":"1","labelStyle":4,"shape":null,"layoutText":null}],"mainLabel":317},"properties":{},"orientationAtVertex":"FREE","reference":null},{"type":"port","@id":318,"shape":{"type":"rect","xposition":"NaN","yposition":"NaN","width":"NaN","height":"NaN","shapeStyle":2},"labelManager":{"labels":[{"type":"textLabel","@id":319,"inputText":"3","labelStyle":4,"shape":null,"layoutText":null}],"mainLabel":319},"properties":{},"orientationAtVertex":"FREE","reference":null},{"type":"port","@id":320,"shape":{"type":"rect","xposition":"NaN","yposition":"NaN","width":"NaN","height":"NaN","shapeStyle":154},"labelManager":{"labels":[{"type":"textLabel","@id":321,"inputText":"5","labelStyle":156,"shape":null,"layoutText":null}],"mainLabel":321},"properties":{},"orientationAtVertex":"FREE","reference":null},{"type":"port","@id":322,"shape":{"type":"rect","xposition":"NaN","yposition":"NaN","width":"NaN","height":"NaN","shapeStyle":154},"labelManager":{"labels":[{"type":"textLabel","@id":323,"inputText":"6","labelStyle":156,"shape":null,"layoutText":null}],"mainLabel":323},"properties":{},"orientationAtVertex":"FREE","reference":null},{"type":"port","@id":324,"shape":{"type":"rect","xposition":"NaN","yposition":"NaN","width":"NaN","height":"NaN","shapeStyle":154},"labelManager":{"labels":[{"type":"textLabel","@id":325,"inputText":"4","labelStyle":156,"shape":null,"layoutText":null}],"mainLabel":325},"properties":{},"orientationAtVertex":"FREE","reference":null},{"type":"port","@id":326,"shape":{"type":"rect","xposition":"NaN","yposition":"NaN","width":"NaN","height":"NaN","shapeStyle":154},"labelManager":{"labels":[{"type":"textLabel","@id":327,"inputText":"2","labelStyle":156,"shape":null,"layoutText":null}],"mainLabel":327},"properties":{},"orientationAtVertex":"FREE","reference":null}],"properties":{},"reference":null}],"properties":{},"reference":"plug"},{"@id":328,"shape":{"type":"rect","xposition":"NaN","yposition":"NaN","width":"NaN","height":"NaN","shapeStyle":2},"labelManager":{"labels":[{"type":"textLabel","@id":329,"inputText":"Julian","labelStyle":4,"shape":null,"layoutText":null}],"mainLabel":329},"portCompositions":[{"type":"portGroup","@id":330,"ordered":false,"portCompositions":[{"type":"port","@id":331,"shape":{"type":"rect","xposition":"NaN","yposition":"NaN","width":"NaN","height":"NaN","shapeStyle":2},"labelManager":{"labels":[{"type":"textLabel","@id":332,"inputText":"1","labelStyle":4,"shape":null,"layoutText":null}],"mainLabel":332},"properties":{},"orientationAtVertex":"FREE","reference":null}],"properties":{},"reference":null}],"properties":{},"reference":"plug"},{"@id":333,"shape":{"type":"rect","xposition":"NaN","yposition":"NaN","width":"NaN","height":"NaN","shapeStyle":2},"labelManager":{"labels":[{"type":"textLabel","@id":334,"inputText":"Oskar","labelStyle":4,"shape":null,"layoutText":null}],"mainLabel":334},"portCompositions":[{"type":"portGroup","@id":335,"ordered":false,"portCompositions":[{"type":"port","@id":336,"shape":{"type":"rect","xposition":"NaN","yposition":"NaN","width":"NaN","height":"NaN","shapeStyle":2},"labelManager":{"labels":[{"type":"textLabel","@id":337,"inputText":"1","labelStyle":4,"shape":null,"layoutText":null}],"mainLabel":337},"properties":{},"orientationAtVertex":"FREE","reference":null}],"properties":{},"reference":null}],"properties":{},"reference":"plug"},{"@id":338,"shape":null,"labelManager":{"labels":[{"type":"textLabel","@id":339,"inputText":"Leo","labelStyle":156,"shape":null,"layoutText":null}],"mainLabel":339},"portCompositions":[{"type":"portGroup","@id":340,"ordered":false,"portCompositions":[{"type":"port","@id":341,"shape":{"type":"rect","xposition":"NaN","yposition":"NaN","width":"NaN","height":"NaN","shapeStyle":154},"labelManager":{"labels":[{"type":"textLabel","@id":342,"inputText":"8","labelStyle":156,"shape":null,"layoutText":null}],"mainLabel":342},"properties":{},"orientationAtVertex":"FREE","reference":null},{"type":"port","@id":343,"shape":{"type":"rect","xposition":"NaN","yposition":"NaN","width":"NaN","height":"NaN","shapeStyle":154},"labelManager":{"labels":[{"type":"textLabel","@id":344,"inputText":"13","labelStyle":156,"shape":null,"layoutText":null}],"mainLabel":344},"properties":{},"orientationAtVertex":"FREE","reference":null},{"type":"port","@id":345,"shape":{"type":"rect","xposition":"NaN","yposition":"NaN","width":"NaN","height":"NaN","shapeStyle":154},"labelManager":{"labels":[{"type":"textLabel","@id":346,"inputText":"18","labelStyle":156,"shape":null,"layoutText":null}],"mainLabel":346},"properties":{},"orientationAtVertex":"FREE","reference":null},{"type":"port","@id":347,"shape":{"type":"rect","xposition":"NaN","yposition":"NaN","width":"NaN","height":"NaN","shapeStyle":154},"labelManager":{"labels":[{"type":"textLabel","@id":348,"inputText":"19","labelStyle":156,"shape":null,"layoutText":null}],"mainLabel":348},"properties":{},"orientationAtVertex":"FREE","reference":null},{"type":"port","@id":349,"shape":{"type":"rect","xposition":"NaN","yposition":"NaN","width":"NaN","height":"NaN","shapeStyle":154},"labelManager":{"labels":[{"type":"textLabel","@id":350,"inputText":"6","labelStyle":156,"shape":null,"layoutText":null}],"mainLabel":350},"properties":{},"orientationAtVertex":"FREE","reference":null},{"type":"port","@id":351,"shape":{"type":"rect","xposition":"NaN","yposition":"NaN","width":"NaN","height":"NaN","shapeStyle":154},"labelManager":{"labels":[{"type":"textLabel","@id":352,"inputText":"15","labelStyle":156,"shape":null,"layoutText":null}],"mainLabel":352},"properties":{},"orientationAtVertex":"FREE","reference":null},{"type":"port","@id":353,"shape":{"type":"rect","xposition":"NaN","yposition":"NaN","width":"NaN","height":"NaN","shapeStyle":154},"labelManager":{"labels":[{"type":"textLabel","@id":354,"inputText":"1","labelStyle":156,"shape":null,"layoutText":null}],"mainLabel":354},"properties":{},"orientationAtVertex":"FREE","reference":null},{"type":"port","@id":355,"shape":{"type":"rect","xposition":"NaN","yposition":"NaN","width":"NaN","height":"NaN","shapeStyle":154},"labelManager":{"labels":[{"type":"textLabel","@id":356,"inputText":"9","labelStyle":156,"shape":null,"layoutText":null}],"mainLabel":356},"properties":{},"orientationAtVertex":"FREE","reference":null},{"type":"port","@id":357,"shape":{"type":"rect","xposition":"NaN","yposition":"NaN","width":"NaN","height":"NaN","shapeStyle":154},"labelManager":{"labels":[{"type":"textLabel","@id":358,"inputText":"10","labelStyle":156,"shape":null,"layoutText":null}],"mainLabel":358},"properties":{},"orientationAtVertex":"FREE","reference":null},{"type":"port","@id":359,"shape":{"type":"rect","xposition":"NaN","yposition":"NaN","width":"NaN","height":"NaN","shapeStyle":154},"labelManager":{"labels":[{"type":"textLabel","@id":360,"inputText":"17","labelStyle":156,"shape":null,"layoutText":null}],"mainLabel":360},"properties":{},"orientationAtVertex":"FREE","reference":null},{"type":"port","@id":361,"shape":{"type":"rect","xposition":"NaN","yposition":"NaN","width":"NaN","height":"NaN","shapeStyle":154},"labelManager":{"labels":[{"type":"textLabel","@id":362,"inputText":"14","labelStyle":156,"shape":null,"layoutText":null}],"mainLabel":362},"properties":{},"orientationAtVertex":"FREE","reference":null},{"type":"port","@id":363,"shape":{"type":"rect","xposition":"NaN","yposition":"NaN","width":"NaN","height":"NaN","shapeStyle":154},"labelManager":{"labels":[{"type":"textLabel","@id":364,"inputText":"3","labelStyle":156,"shape":null,"layoutText":null}],"mainLabel":364},"properties":{},"orientationAtVertex":"FREE","reference":null},{"type":"port","@id":365,"shape":{"type":"rect","xposition":"NaN","yposition":"NaN","width":"NaN","height":"NaN","shapeStyle":154},"labelManager":{"labels":[{"type":"textLabel","@id":366,"inputText":"11","labelStyle":156,"shape":null,"layoutText":null}],"mainLabel":366},"properties":{},"orientationAtVertex":"FREE","reference":null},{"type":"port","@id":367,"shape":{"type":"rect","xposition":"NaN","yposition":"NaN","width":"NaN","height":"NaN","shapeStyle":154},"labelManager":{"labels":[{"type":"textLabel","@id":368,"inputText":"2","labelStyle":156,"shape":null,"layoutText":null}],"mainLabel":368},"properties":{},"orientationAtVertex":"FREE","reference":null},{"type":"port","@id":369,"shape":{"type":"rect","xposition":"NaN","yposition":"NaN","width":"NaN","height":"NaN","shapeStyle":154},"labelManager":{"labels":[{"type":"textLabel","@id":370,"inputText":"4","labelStyle":156,"shape":null,"layoutText":null}],"mainLabel":370},"properties":{},"orientationAtVertex":"FREE","reference":null},{"type":"port","@id":371,"shape":{"type":"rect","xposition":"NaN","yposition":"NaN","width":"NaN","height":"NaN","shapeStyle":154},"labelManager":{"labels":[{"type":"textLabel","@id":372,"inputText":"7","labelStyle":156,"shape":null,"layoutText":null}],"mainLabel":372},"properties":{},"orientationAtVertex":"FREE","reference":null},{"type":"port","@id":373,"shape":{"type":"rect","xposition":"NaN","yposition":"NaN","width":"NaN","height":"NaN","shapeStyle":154},"labelManager":{"labels":[{"type":"textLabel","@id":374,"inputText":"5","labelStyle":156,"shape":null,"layoutText":null}],"mainLabel":374},"properties":{},"orientationAtVertex":"FREE","reference":null},{"type":"port","@id":375,"shape":{"type":"rect","xposition":"NaN","yposition":"NaN","width":"NaN","height":"NaN","shapeStyle":154},"labelManager":{"labels":[{"type":"textLabel","@id":376,"inputText":"12","labelStyle":156,"shape":null,"layoutText":null}],"mainLabel":376},"properties":{},"orientationAtVertex":"FREE","reference":null},{"type":"port","@id":377,"shape":{"type":"rect","xposition":"NaN","yposition":"NaN","width":"NaN","height":"NaN","shapeStyle":154},"labelManager":{"labels":[{"type":"textLabel","@id":378,"inputText":"16","labelStyle":156,"shape":null,"layoutText":null}],"mainLabel":378},"properties":{},"orientationAtVertex":"FREE","reference":null}],"properties":{},"reference":null}],"properties":{},"reference":null},{"@id":379,"shape":null,"labelManager":{"labels":[{"type":"textLabel","@id":380,"inputText":"Emil","labelStyle":156,"shape":null,"layoutText":null}],"mainLabel":380},"portCompositions":[{"type":"portGroup","@id":381,"ordered":false,"portCompositions":[{"type":"port","@id":382,"shape":{"type":"rect","xposition":"NaN","yposition":"NaN","width":"NaN","height":"NaN","shapeStyle":154},"labelManager":{"labels":[{"type":"textLabel","@id":383,"inputText":"1","labelStyle":156,"shape":null,"layoutText":null}],"mainLabel":383},"properties":{},"orientationAtVertex":"FREE","reference":null}],"properties":{},"reference":null}],"properties":{},"reference":null},{"@id":384,"shape":null,"labelManager":{"labels":[{"type":"textLabel","@id":385,"inputText":"Louis","labelStyle":156,"shape":null,"layoutText":null}],"mainLabel":385},"portCompositions":[{"type":"portGroup","@id":386,"ordered":false,"portCompositions":[{"type":"port","@id":387,"shape":{"type":"rect","xposition":"NaN","yposition":"NaN","width":"NaN","height":"NaN","shapeStyle":154},"labelManager":{"labels":[{"type":"textLabel","@id":388,"inputText":"1","labelStyle":156,"shape":null,"layoutText":null}],"mainLabel":388},"properties":{},"orientationAtVertex":"FREE","reference":null}],"properties":{},"reference":null}],"properties":{},"reference":null},{"@id":389,"shape":null,"labelManager":{"labels":[{"type":"textLabel","@id":390,"inputText":"Vincent","labelStyle":156,"shape":null,"layoutText":null}],"mainLabel":390},"portCompositions":[{"type":"portGroup","@id":391,"ordered":false,"portCompositions":[{"type":"port","@id":392,"shape":{"type":"rect","xposition":"NaN","yposition":"NaN","width":"NaN","height":"NaN","shapeStyle":154},"labelManager":{"labels":[{"type":"textLabel","@id":393,"inputText":"1","labelStyle":156,"shape":null,"layoutText":null}],"mainLabel":393},"properties":{},"orientationAtVertex":"FREE","reference":null}],"properties":{},"reference":null}],"properties":{},"reference":null},{"@id":394,"shape":null,"labelManager":{"labels":[{"type":"textLabel","@id":395,"inputText":"Jakob","labelStyle":156,"shape":null,"layoutText":null}],"mainLabel":395},"portCompositions":[{"type":"portGroup","@id":396,"ordered":false,"portCompositions":[{"type":"port","@id":397,"shape":{"type":"rect","xposition":"NaN","yposition":"NaN","width":"NaN","height":"NaN","shapeStyle":154},"labelManager":{"labels":[{"type":"textLabel","@id":398,"inputText":"1","labelStyle":156,"shape":null,"layoutText":null}],"mainLabel":398},"properties":{},"orientationAtVertex":"FREE","reference":null}],"properties":{},"reference":null}],"properties":{},"reference":null},{"@id":399,"shape":null,"labelManager":{"labels":[{"type":"textLabel","@id":400,"inputText":"Paul","labelStyle":156,"shape":null,"layoutText":null}],"mainLabel":400},"portCompositions":[{"type":"portGroup","@id":401,"ordered":false,"portCompositions":[{"type":"port","@id":402,"shape":{"type":"rect","xposition":"NaN","yposition":"NaN","width":"NaN","height":"NaN","shapeStyle":154},"labelManager":{"labels":[{"type":"textLabel","@id":403,"inputText":"1","labelStyle":156,"shape":null,"layoutText":null}],"mainLabel":403},"properties":{},"orientationAtVertex":"FREE","reference":null},{"type":"port","@id":404,"shape":{"type":"rect","xposition":"NaN","yposition":"NaN","width":"NaN","height":"NaN","shapeStyle":154},"labelManager":{"labels":[{"type":"textLabel","@id":405,"inputText":"3","labelStyle":156,"shape":null,"layoutText":null}],"mainLabel":405},"properties":{},"orientationAtVertex":"FREE","reference":null},{"type":"port","@id":406,"shape":{"type":"rect","xposition":"NaN","yposition":"NaN","width":"NaN","height":"NaN","shapeStyle":154},"labelManager":{"labels":[{"type":"textLabel","@id":407,"inputText":"2","labelStyle":156,"shape":null,"layoutText":null}],"mainLabel":407},"properties":{},"orientationAtVertex":"FREE","reference":null}],"properties":{},"reference":null}],"properties":{},"reference":null},{"@id":408,"shape":null,"labelManager":{"labels":[{"type":"textLabel","@id":409,"inputText":"Luis","labelStyle":156,"shape":null,"layoutText":null}],"mainLabel":409},"portCompositions":[{"type":"portGroup","@id":410,"ordered":false,"portCompositions":[{"type":"port","@id":411,"shape":{"type":"rect","xposition":"NaN","yposition":"NaN","width":"NaN","height":"NaN","shapeStyle":154},"labelManager":{"labels":[{"type":"textLabel","@id":412,"inputText":"1","labelStyle":156,"shape":null,"layoutText":null}],"mainLabel":412},"properties":{},"orientationAtVertex":"FREE","reference":null},{"type":"port","@id":413,"shape":{"type":"rect","xposition":"NaN","yposition":"NaN","width":"NaN","height":"NaN","shapeStyle":154},"labelManager":{"labels":[{"type":"textLabel","@id":414,"inputText":"3","labelStyle":156,"shape":null,"layoutText":null}],"mainLabel":414},"properties":{},"orientationAtVertex":"FREE","reference":null},{"type":"port","@id":415,"shape":{"type":"rect","xposition":"NaN","yposition":"NaN","width":"NaN","height":"NaN","shapeStyle":154},"labelManager":{"labels":[{"type":"textLabel","@id":416,"inputText":"2","labelStyle":156,"shape":null,"layoutText":null}],"mainLabel":416},"properties":{},"orientationAtVertex":"FREE","reference":null}],"properties":{},"reference":null}],"properties":{},"reference":null}],"vertexGroups":[{"@id":417,"drawnFrame":false,"labelManager":{"labels":[],"mainLabel":null},"shape":null,"containedVertices":[1,8],"containedVertexGroups":[],"touchingPairs":[{"vertex0":1,"horizontalPlacementVertex0":"FREE","verticalPlacementVertex0":"TOP","vertex1":8,"horizontalPlacementVertex1":"FREE","verticalPlacementVertex1":"FREE"}],"portPairings":[{"port0":6,"port1":11}],"properties":{},"reference":null},{"@id":418,"drawnFrame":false,"labelManager":{"labels":[],"mainLabel":null},"shape":null,"containedVertices":[21,26],"containedVertexGroups":[],"touchingPairs":[{"vertex0":21,"horizontalPlacementVertex0":"FREE","verticalPlacementVertex0":"TOP","vertex1":26,"horizontalPlacementVertex1":"FREE","verticalPlacementVertex1":"FREE"}],"portPairings":[{"port0":24,"port1":29}],"properties":{},"reference":null},{"@id":419,"drawnFrame":false,"labelManager":{"labels":[],"mainLabel":null},"shape":null,"containedVertices":[35,40],"containedVertexGroups":[],"touchingPairs":[{"vertex0":35,"horizontalPlacementVertex0":"FREE","verticalPlacementVertex0":"TOP","vertex1":40,"horizontalPlacementVertex1":"FREE","verticalPlacementVertex1":"FREE"}],"portPairings":[{"port0":38,"port1":43}],"properties":{},"reference":null},{"@id":420,"drawnFrame":false,"labelManager":{"labels":[],"mainLabel":null},"shape":null,"containedVertices":[57,64],"containedVertexGroups":[],"touchingPairs":[{"vertex0":57,"horizontalPlacementVertex0":"FREE","verticalPlacementVertex0":"TOP","vertex1":64,"horizontalPlacementVertex1":"FREE","verticalPlacementVertex1":"FREE"}],"portPairings":[{"port0":62,"port1":69},{"port0":60,"port1":67}],"properties":{},"reference":null},{"@id":421,"drawnFrame":false,"labelManager":{"labels":[],"mainLabel":null},"shape":null,"containedVertices":[87,92],"containedVertexGroups":[],"touchingPairs":[{"vertex0":87,"horizontalPlacementVertex0":"FREE","verticalPlacementVertex0":"TOP","vertex1":92,"horizontalPlacementVertex1":"FREE","verticalPlacementVertex1":"FREE"}],"portPairings":[{"port0":90,"port1":95}],"properties":{},"reference":null},{"@id":422,"drawnFrame":false,"labelManager":{"labels":[],"mainLabel":null},"shape":null,"containedVertices":[101,108],"containedVertexGroups":[],"touchingPairs":[{"vertex0":101,"horizontalPlacementVertex0":"FREE","verticalPlacementVertex0":"TOP","vertex1":108,"horizontalPlacementVertex1":"FREE","verticalPlacementVertex1":"FREE"}],"portPairings":[{"port0":106,"port1":113},{"port0":104,"port1":111}],"properties":{},"reference":null},{"@id":423,"drawnFrame":false,"labelManager":{"labels":[],"mainLabel":null},"shape":null,"containedVertices":[115,130],"containedVertexGroups":[],"touchingPairs":[{"vertex0":115,"horizontalPlacementVertex0":"FREE","verticalPlacementVertex0":"TOP","vertex1":130,"horizontalPlacementVertex1":"FREE","verticalPlacementVertex1":"FREE"}],"portPairings":[{"port0":126,"port1":141},{"port0":128,"port1":143},{"port0":118,"port1":133},{"port0":120,"port1":135},{"port0":122,"port1":137},{"port0":124,"port1":139}],"properties":{},"reference":null},{"@id":424,"drawnFrame":false,"labelManager":{"labels":[],"mainLabel":null},"shape":null,"containedVertices":[145,157],"containedVertexGroups":[],"touchingPairs":[{"vertex0":145,"horizontalPlacementVertex0":"FREE","verticalPlacementVertex0":"TOP","vertex1":157,"horizontalPlacementVertex1":"FREE","verticalPlacementVertex1":"FREE"}],"portPairings":[{"port0":151,"port1":162},{"port0":149,"port1":160},{"port0":153,"port1":164}],"properties":{},"reference":null},{"@id":425,"drawnFrame":false,"labelManager":{"labels":[],"mainLabel":null},"shape":null,"containedVertices":[166,175],"containedVertexGroups":[],"touchingPairs":[{"vertex0":166,"horizontalPlacementVertex0":"FREE","verticalPlacementVertex0":"TOP","vertex1":175,"horizontalPlacementVertex1":"FREE","verticalPlacementVertex1":"FREE"}],"portPairings":[{"port0":169,"port1":178},{"port0":171,"port1":180},{"port0":173,"port1":182}],"properties":{},"reference":null},{"@id":426,"drawnFrame":false,"labelManager":{"labels":[],"mainLabel":null},"shape":null,"containedVertices":[188,242,283],"containedVertexGroups":[],"touchingPairs":[{"vertex0":188,"horizontalPlacementVertex0":"FREE","verticalPlacementVertex0":"TOP","vertex1":242,"horizontalPlacementVertex1":"FREE","verticalPlacementVertex1":"FREE"},{"vertex0":188,"horizontalPlacementVertex0":"FREE","verticalPlacementVertex0":"TOP","vertex1":283,"horizontalPlacementVertex1":"FREE","verticalPlacementVertex1":"FREE"}],"portPairings":[{"port0":213,"port1":267},{"port0":199,"port1":253},{"port0":225,"port1":279},{"port0":211,"port1":265},{"port0":201,"port1":255},{"port0":197,"port1":251},{"port0":205,"port1":259},{"port0":191,"port1":245},{"port0":193,"port1":247},{"port0":195,"port1":249},{"port0":219,"port1":273},{"port0":215,"port1":269},{"port0":217,"port1":271},{"port0":209,"port1":263},{"port0":223,"port1":277},{"port0":221,"port1":275},{"port0":203,"port1":257},{"port0":207,"port1":261},{"port0":238,"port1":292},{"port0":240,"port1":294},{"port0":234,"port1":288},{"port0":236,"port1":290},{"port0":232,"port1":286},{"port0":227,"port1":296},{"port0":229,"port1":281}],"properties":{},"reference":null},{"@id":427,"drawnFrame":false,"labelManager":{"labels":[],"mainLabel":null},"shape":null,"containedVertices":[298,313],"containedVertexGroups":[],"touchingPairs":[{"vertex0":298,"horizontalPlacementVertex0":"FREE","verticalPlacementVertex0":"TOP","vertex1":313,"horizontalPlacementVertex1":"FREE","verticalPlacementVertex1":"FREE"}],"portPairings":[{"port0":301,"port1":316},{"port0":303,"port1":318},{"port0":305,"port1":320},{"port0":307,"port1":322},{"port0":309,"port1":324},{"port0":311,"port1":326}],"properties":{},"reference":null},{"@id":428,"drawnFrame":false,"labelManager":{"labels":[],"mainLabel":null},"shape":null,"containedVertices":[328,333],"containedVertexGroups":[],"touchingPairs":[{"vertex0":328,"horizontalPlacementVertex0":"FREE","verticalPlacementVertex0":"TOP","vertex1":333,"horizontalPlacementVertex1":"FREE","verticalPlacementVertex1":"FREE"}],"portPairings":[{"port0":331,"port1":336}],"properties":{},"reference":null},{"@id":429,"drawnFrame":false,"labelManager":{"labels":[],"mainLabel":null},"shape":null,"containedVertices":[379,384],"containedVertexGroups":[],"touchingPairs":[{"vertex0":379,"horizontalPlacementVertex0":"FREE","verticalPlacementVertex0":"FREE","vertex1":384,"horizontalPlacementVertex1":"FREE","verticalPlacementVertex1":"FREE"}],"portPairings":[{"port0":382,"port1":387}],"properties":{},"reference":null},{"@id":430,"drawnFrame":false,"labelManager":{"labels":[],"mainLabel":null},"shape":null,"containedVertices":[389,394],"containedVertexGroups":[],"touchingPairs":[{"vertex0":389,"horizontalPlacementVertex0":"FREE","verticalPlacementVertex0":"FREE","vertex1":394,"horizontalPlacementVertex1":"FREE","verticalPlacementVertex1":"FREE"}],"portPairings":[{"port0":392,"port1":397}],"properties":{},"reference":null},{"@id":431,"drawnFrame":false,"labelManager":{"labels":[],"mainLabel":null},"shape":null,"containedVertices":[399,408],"containedVertexGroups":[],"touchingPairs":[{"vertex0":399,"horizontalPlacementVertex0":"FREE","verticalPlacementVertex0":"FREE","vertex1":408,"horizontalPlacementVertex1":"FREE","verticalPlacementVertex1":"FREE"}],"portPairings":[{"port0":402,"port1":411},{"port0":404,"port1":413},{"port0":406,"port1":415}],"properties":{},"reference":null}],"edges":[{"@id":432,"ports":[33,51],"labelManager":{"innerLabels":[{"type":"textLabel","@id":433,"inputText":"Theodor","labelStyle":4,"shape":null,"layoutText":null}],"allPortLabels":[],"mainLabel":433},"pathStyle":{"@id":434,"description":"default path style","thickness":-1.0,"color":{"argb":"ff000000"}},"paths":[],"properties":{},"reference":null},{"@id":435,"ports":[160,6],"labelManager":{"innerLabels":[{"type":"textLabel","@id":436,"inputText":"Benedikt","labelStyle":4,"shape":null,"layoutText":null}],"allPortLabels":[],"mainLabel":436},"pathStyle":434,"paths":[],"properties":{},"reference":null},{"@id":437,"ports":[85,180],"labelManager":{"innerLabels":[{"type":"textLabel","@id":438,"inputText":"Liam","labelStyle":4,"shape":null,"layoutText":null}],"allPortLabels":[],"mainLabel":438},"pathStyle":434,"paths":[],"properties":{},"reference":null},{"@id":439,"ports":[73,19],"labelManager":{"innerLabels":[{"type":"textLabel","@id":440,"inputText":"Konstantin","labelStyle":4,"shape":null,"layoutText":null}],"allPortLabels":[],"mainLabel":440},"pathStyle":434,"paths":[],"properties":{},"reference":null},{"@id":441,"ports":[286,186],"labelManager":{"innerLabels":[{"type":"textLabel","@id":442,"inputText":"Hannes","labelStyle":4,"shape":null,"layoutText":null}],"allPortLabels":[],"mainLabel":442},"pathStyle":434,"paths":[],"properties":{},"reference":null},{"@id":443,"ports":[24,62],"labelManager":{"innerLabels":[{"type":"textLabel","@id":444,"inputText":"Nick","labelStyle":4,"shape":null,"layoutText":null}],"allPortLabels":[],"mainLabel":444},"pathStyle":434,"paths":[],"properties":{},"reference":null},{"@id":445,"ports":[11,316],"labelManager":{"innerLabels":[{"type":"textLabel","@id":446,"inputText":"Josef","labelStyle":4,"shape":null,"layoutText":null}],"allPortLabels":[],"mainLabel":446},"pathStyle":434,"paths":[],"properties":{},"reference":null},{"@id":447,"ports":[47,55],"labelManager":{"innerLabels":[{"type":"textLabel","@id":448,"inputText":"Jona","labelStyle":4,"shape":null,"layoutText":null}],"allPortLabels":[],"mainLabel":448},"pathStyle":434,"paths":[],"properties":{},"reference":null},{"@id":449,"ports":[336,29],"labelManager":{"innerLabels":[{"type":"textLabel","@id":450,"inputText":"Bruno","labelStyle":4,"shape":null,"layoutText":null}],"allPortLabels":[],"mainLabel":450},"pathStyle":434,"paths":[],"properties":{},"reference":null},{"@id":451,"ports":[47,294],"labelManager":{"innerLabels":[{"type":"textLabel","@id":452,"inputText":"Erik","labelStyle":4,"shape":null,"layoutText":null}],"allPortLabels":[],"mainLabel":452},"pathStyle":434,"paths":[],"properties":{},"reference":null},{"@id":453,"ports":[288,186],"labelManager":{"innerLabels":[{"type":"textLabel","@id":454,"inputText":"Joshua","labelStyle":4,"shape":null,"layoutText":null}],"allPortLabels":[],"mainLabel":454},"pathStyle":434,"paths":[],"properties":{},"reference":null},{"@id":455,"ports":[111,95,113,77,135],"labelManager":{"innerLabels":[{"type":"textLabel","@id":456,"inputText":"Jasper","labelStyle":4,"shape":null,"layoutText":null}],"allPortLabels":[],"mainLabel":456},"pathStyle":434,"paths":[],"properties":{},"reference":null},{"@id":457,"ports":[318,51],"labelManager":{"innerLabels":[{"type":"textLabel","@id":458,"inputText":"Aaron","labelStyle":4,"shape":null,"layoutText":null}],"allPortLabels":[],"mainLabel":458},"pathStyle":434,"paths":[],"properties":{},"reference":null},{"@id":459,"ports":[162,122],"labelManager":{"innerLabels":[{"type":"textLabel","@id":460,"inputText":"Emilio","labelStyle":4,"shape":null,"layoutText":null}],"allPortLabels":[],"mainLabel":460},"pathStyle":434,"paths":[],"properties":{},"reference":null},{"@id":461,"ports":[178,186],"labelManager":{"innerLabels":[{"type":"textLabel","@id":462,"inputText":"Peter","labelStyle":4,"shape":null,"layoutText":null}],"allPortLabels":[],"mainLabel":462},"pathStyle":434,"paths":[],"properties":{},"reference":null},{"@id":463,"ports":[15,69,137],"labelManager":{"innerLabels":[{"type":"textLabel","@id":464,"inputText":"Ferdinand","labelStyle":4,"shape":null,"layoutText":null}],"allPortLabels":[],"mainLabel":464},"pathStyle":434,"paths":[],"properties":{},"reference":null},{"@id":465,"ports":[19,290],"labelManager":{"innerLabels":[{"type":"textLabel","@id":466,"inputText":"Joel","labelStyle":4,"shape":null,"layoutText":null}],"allPortLabels":[],"mainLabel":466},"pathStyle":434,"paths":[],"properties":{},"reference":null},{"@id":467,"ports":[133,99,67],"labelManager":{"innerLabels":[{"type":"textLabel","@id":468,"inputText":"Levi","labelStyle":4,"shape":null,"layoutText":null}],"allPortLabels":[],"mainLabel":468},"pathStyle":434,"paths":[],"properties":{},"reference":null},{"@id":469,"ports":[85,292],"labelManager":{"innerLabels":[{"type":"textLabel","@id":470,"inputText":"Carl","labelStyle":4,"shape":null,"layoutText":null}],"allPortLabels":[],"mainLabel":470},"pathStyle":434,"paths":[],"properties":{},"reference":null},{"@id":471,"ports":[392,81],"labelManager":{"innerLabels":[{"type":"textLabel","@id":472,"inputText":"Adam","labelStyle":156,"shape":null,"layoutText":null}],"allPortLabels":[],"mainLabel":472},"pathStyle":{"@id":473,"description":"default path style","thickness":-1.0,"color":{"argb":"ff000000"}},"paths":[],"properties":{},"reference":null},{"@id":474,"ports":[415,397],"labelManager":{"innerLabels":[{"type":"textLabel","@id":475,"inputText":"Adrian","labelStyle":156,"shape":null,"layoutText":null}],"allPortLabels":[],"mainLabel":475},"pathStyle":473,"paths":[],"properties":{},"reference":null},{"@id":476,"ports":[38,411],"labelManager":{"innerLabels":[{"type":"textLabel","@id":477,"inputText":"Wilhelm","labelStyle":156,"shape":null,"layoutText":null}],"allPortLabels":[],"mainLabel":477},"pathStyle":473,"paths":[],"properties":{},"reference":null},{"@id":478,"ports":[413,382],"labelManager":{"innerLabels":[{"type":"textLabel","@id":479,"inputText":"Theo","labelStyle":156,"shape":null,"layoutText":null}],"allPortLabels":[],"mainLabel":479},"pathStyle":473,"paths":[],"properties":{},"reference":null},{"@id":480,"ports":[359,387],"labelManager":{"innerLabels":[{"type":"textLabel","@id":481,"inputText":"Robin","labelStyle":156,"shape":null,"layoutText":null}],"allPortLabels":[],"mainLabel":481},"pathStyle":473,"paths":[],"properties":{},"reference":null},{"@id":482,"ports":[373,326],"labelManager":{"innerLabels":[{"type":"textLabel","@id":483,"inputText":"Michael","labelStyle":156,"shape":null,"layoutText":null}],"allPortLabels":[],"mainLabel":483},"pathStyle":473,"paths":[],"properties":{},"reference":null},{"@id":484,"ports":[247,369],"labelManager":{"innerLabels":[{"type":"textLabel","@id":485,"inputText":"Constantin","labelStyle":156,"shape":null,"layoutText":null}],"allPortLabels":[],"mainLabel":485},"pathStyle":473,"paths":[],"properties":{},"reference":null},{"@id":486,"ports":[355,377,347,345,375],"labelManager":{"innerLabels":[{"type":"textLabel","@id":487,"inputText":"Jasper","labelStyle":156,"shape":null,"layoutText":null}],"allPortLabels":[],"mainLabel":487},"pathStyle":473,"paths":[],"properties":{},"reference":null},{"@id":488,"ports":[271,343,353],"labelManager":{"innerLabels":[{"type":"textLabel","@id":489,"inputText":"Theodor","labelStyle":156,"shape":null,"layoutText":null}],"allPortLabels":[],"mainLabel":489},"pathStyle":473,"paths":[],"properties":{},"reference":null},{"@id":490,"ports":[261,341,371],"labelManager":{"innerLabels":[{"type":"textLabel","@id":491,"inputText":"Matthias","labelStyle":156,"shape":null,"layoutText":null}],"allPortLabels":[],"mainLabel":491},"pathStyle":473,"paths":[],"properties":{},"reference":null},{"@id":492,"ports":[259,361],"labelManager":{"innerLabels":[{"type":"textLabel","@id":493,"inputText":"Martin","labelStyle":156,"shape":null,"layoutText":null}],"allPortLabels":[],"mainLabel":493},"pathStyle":473,"paths":[],"properties":{},"reference":null},{"@id":494,"ports":[164,363],"labelManager":{"innerLabels":[{"type":"textLabel","@id":495,"inputText":"Friedrich","labelStyle":156,"shape":null,"layoutText":null}],"allPortLabels":[],"mainLabel":495},"pathStyle":473,"paths":[],"properties":{},"reference":null},{"@id":496,"ports":[345,322],"labelManager":{"innerLabels":[{"type":"textLabel","@id":497,"inputText":"Simon","labelStyle":156,"shape":null,"layoutText":null}],"allPortLabels":[],"mainLabel":497},"pathStyle":473,"paths":[],"properties":{},"reference":null},{"@id":498,"ports":[345,139],"labelManager":{"innerLabels":[{"type":"textLabel","@id":499,"inputText":"Joshua","labelStyle":156,"shape":null,"layoutText":null}],"allPortLabels":[],"mainLabel":499},"pathStyle":473,"paths":[],"properties":{},"reference":null},{"@id":500,"ports":[249,365],"labelManager":{"innerLabels":[{"type":"textLabel","@id":501,"inputText":"Liam","labelStyle":156,"shape":null,"layoutText":null}],"allPortLabels":[],"mainLabel":501},"pathStyle":473,"paths":[],"properties":{},"reference":null},{"@id":502,"ports":[269,164],"labelManager":{"innerLabels":[{"type":"textLabel","@id":503,"inputText":"Mika","labelStyle":156,"shape":null,"layoutText":null}],"allPortLabels":[],"mainLabel":503},"pathStyle":473,"paths":[],"properties":{},"reference":null},{"@id":504,"ports":[275,367],"labelManager":{"innerLabels":[{"type":"textLabel","@id":505,"inputText":"Friedrich","labelStyle":156,"shape":null,"layoutText":null}],"allPortLabels":[],"mainLabel":505},"pathStyle":473,"paths":[],"properties":{},"reference":null},{"@id":506,"ports":[120,245],"labelManager":{"innerLabels":[{"type":"textLabel","@id":507,"inputText":"Josef","labelStyle":156,"shape":null,"layoutText":null}],"allPortLabels":[],"mainLabel":507},"pathStyle":473,"paths":[],"properties":{},"reference":null},{"@id":508,"ports":[345,265],"labelManager":{"innerLabels":[{"type":"textLabel","@id":509,"inputText":"Peter","labelStyle":156,"shape":null,"layoutText":null}],"allPortLabels":[],"mainLabel":509},"pathStyle":473,"paths":[],"properties":{},"reference":null},{"@id":510,"ports":[357,106],"labelManager":{"innerLabels":[{"type":"textLabel","@id":511,"inputText":"Aaron","labelStyle":156,"shape":null,"layoutText":null}],"allPortLabels":[],"mainLabel":511},"pathStyle":473,"paths":[],"properties":{},"reference":null},{"@id":512,"ports":[281,118],"labelManager":{"innerLabels":[{"type":"textLabel","@id":513,"inputText":"Kaan","labelStyle":156,"shape":null,"layoutText":null}],"allPortLabels":[],"mainLabel":513},"pathStyle":473,"paths":[],"properties":{},"reference":null},{"@id":514,"ports":[257,143],"labelManager":{"innerLabels":[{"type":"textLabel","@id":515,"inputText":"Theodor","labelStyle":156,"shape":null,"layoutText":null}],"allPortLabels":[],"mainLabel":515},"pathStyle":473,"paths":[],"properties":{},"reference":null},{"@id":516,"ports":[279,128],"labelManager":{"innerLabels":[{"type":"textLabel","@id":517,"inputText":"Theo","labelStyle":156,"shape":null,"layoutText":null}],"allPortLabels":[],"mainLabel":517},"pathStyle":473,"paths":[],"properties":{},"reference":null},{"@id":518,"ports":[267,320],"labelManager":{"innerLabels":[{"type":"textLabel","@id":519,"inputText":"Jonah","labelStyle":156,"shape":null,"layoutText":null}],"allPortLabels":[],"mainLabel":519},"pathStyle":473,"paths":[],"properties":{},"reference":null},{"@id":520,"ports":[139,273],"labelManager":{"innerLabels":[{"type":"textLabel","@id":521,"inputText":"Can","labelStyle":156,"shape":null,"layoutText":null}],"allPortLabels":[],"mainLabel":521},"pathStyle":473,"paths":[],"properties":{},"reference":null},{"@id":522,"ports":[255,104],"labelManager":{"innerLabels":[{"type":"textLabel","@id":523,"inputText":"Yusuf","labelStyle":156,"shape":null,"layoutText":null}],"allPortLabels":[],"mainLabel":523},"pathStyle":473,"paths":[],"properties":{},"reference":null},{"@id":524,"ports":[273,349],"labelManager":{"innerLabels":[{"type":"textLabel","@id":525,"inputText":"Bruno","labelStyle":156,"shape":null,"layoutText":null}],"allPortLabels":[],"mainLabel":525},"pathStyle":473,"paths":[],"properties":{},"reference":null}],"edgeBundles":[]}