{"vertices":[{"@id":1,"shape":{"type":"rect","xposition":"NaN","yposition":"NaN","width":"NaN","height":"NaN","shapeStyle":{"@id":2,"description":"default shape style","color":{"argb":"ff000000"}}},"labelManager":{"labels":[{"type":"textLabel","@id":3,"inputText":"Henry","labelStyle":{"@id":4,"description":"default text label style","font":{"fontName":"SansSerif.plain","style":0,"size":10},"noBreak":false,"color":{"argb":"ff000000"},"showLabel":true,"placement":"FREE","horizontalPlacement":"FREE","verticalPlacement":"FREE"},"shape":null,"layoutText":null}],"mainLabel":3},"portCompositions":[{"type":"portGroup","@id":5,"ordered":false,"portCompositions":[{"type":"port","@id":6,"shape":{"type":"rect","xposition":"NaN","yposition":"NaN","width":"NaN","height":"NaN","shapeStyle":2},"labelManager":{"labels":[{"type":"textLabel","@id":7,"inputText":"4","labelStyle":4,"shape":null,"layoutText":null}],"mainLabel":7},"properties":{},"orientationAtVertex":"FREE","reference":null},{"type":"port","@id":8,"shape":{"type":"rect","xposition":"NaN","yposition":"NaN","width":"NaN","height":"NaN","shapeStyle":2},"labelManager":{"labels":[{"type":"textLabel","@id":9,"inputText":"1","labelStyle":4,"shape":null,"layoutText":null}],"mainLabel":9},"properties":{},"orientationAtVertex":"FREE","reference":null},{"type":"port","@id":10,"shape":{"type":"rect","xposition":"NaN","yposition":"NaN","width":"NaN","height":"NaN","shapeStyle":2},"labelManager":{"labels":[{"type":"textLabel","@id":11,"inputText":"5","labelStyle":4,"shape":null,"layoutText":null}],"mainLabel":11},"properties":{},"orientationAtVertex":"FREE","reference":null},{"type":"port","@id":12,"shape":{"type":"rect","xposition":"NaN","yposition":"NaN","width":"NaN","height":"NaN","shapeStyle":{"@id":13,"description":"default shape style","color":{"argb":"ff000000"}}},"labelManager":{"labels":[{"type":"textLabel","@id":14,"inputText":"3","labelStyle":{"@id":15,"description":"default text label style","font":{"fontName":"SansSerif.plain","style":0,"size":10},"noBreak":false,"color":{"argb":"ff000000"},"showLabel":true,"placement":"FREE","horizontalPlacement":"FREE","verticalPlacement":"FREE"},"shape":null,"layoutText":null}],"mainLabel":14},"properties":{},"orientationAtVertex":"FREE","reference":null},{"type":"port","@id":16,"shape":{"type":"rect","xposition":"NaN","yposition":"NaN","width":"NaN","height":"NaN","shapeStyle":13},"labelManager":{"labels":[{"type":"textLabel","@id":17,"inputText":"2","labelStyle":15,"shape":null,"layoutText":null}],"mainLabel":17},"properties":{},"orientationAtVertex":"FREE","reference":null},{"type":"port","@id":18,"shape":{"type":"rect","xposition":"NaN","yposition":"NaN","width":"NaN","height":"NaN","shapeStyle":13},"labelManager":{"labels":[{"type":"textLabel","@id":19,"inputText":"6","labelStyle":15,"shape":null,"layoutText":null}],"mainLabel":19},"properties":{},"orientationAtVertex":"FREE","reference":null}],"properties":{},"reference":null}],"properties":{},"reference":"device"},{"@id":20,"shape":{"type":"rect","xposition":"NaN","yposition":"NaN","width":"NaN","height":"NaN","shapeStyle":2},"labelManager":{"labels":[{"type":"textLabel","@id":21,"inputText":"Luca","labelStyle":4,"shape":null,"layoutText":null}],"mainLabel":21},"portCompositions":[{"type":"portGroup","@id":22,"ordered":false,"portCompositions":[{"type":"port","@id":23,"shape":{"type":"rect","xposition":"NaN","yposition":"NaN","width":"NaN","height":"NaN","shapeStyle":2},"labelManager":{"labels":[{"type":"textLabel","@id":24,"inputText":"4","labelStyle":4,"shape":null,"layoutText":null}],"mainLabel":24},"properties":{},"orientationAtVertex":"FREE","reference":null},{"type":"port","@id":25,"shape":{"type":"rect","xposition":"NaN","yposition":"NaN","width":"NaN","height":"NaN","shapeStyle":2},"labelManager":{"labels":[{"type":"textLabel","@id":26,"inputText":"1","labelStyle":4,"shape":null,"layoutText":null}],"mainLabel":26},"properties":{},"orientationAtVertex":"FREE","reference":null},{"type":"port","@id":27,"shape":{"type":"rect","xposition":"NaN","yposition":"NaN","width":"NaN","height":"NaN","shapeStyle":2},"labelManager":{"labels":[{"type":"textLabel","@id":28,"inputText":"5","labelStyle":4,"shape":null,"layoutText":null}],"mainLabel":28},"properties":{},"orientationAtVertex":"FREE","reference":null}],"properties":{},"reference":null}],"properties":{},"reference":"plug"},{"@id":29,"shape":{"type":"rect","xposition":"NaN","yposition":"NaN","width":"NaN","height":"NaN","shapeStyle":2},"labelManager":{"labels":[{"type":"textLabel","@id":30,"inputText":"David","labelStyle":4,"shape":null,"layoutText":null}],"mainLabel":30},"portCompositions":[{"type":"port","@id":31,"shape":{"type":"rect","xposition":"NaN","yposition":"NaN","width":"NaN","height":"NaN","shapeStyle":2},"labelManager":{"labels":[{"type":"textLabel","@id":32,"inputText":"1","labelStyle":4,"shape":null,"layoutText":null}],"mainLabel":32},"properties":{},"orientationAtVertex":"FREE","reference":null}],"properties":{},"reference":"splice"},{"@id":33,"shape":{"type":"rect","xposition":"NaN","yposition":"NaN","width":"NaN","height":"NaN","shapeStyle":2},"labelManager":{"labels":[{"type":"textLabel","@id":34,"inputText":"Oskar","labelStyle":4,"shape":null,"layoutText":null}],"mainLabel":34},"portCompositions":[{"type":"portGroup","@id":35,"ordered":false,"portCompositions":[{"type":"port","@id":36,"shape":{"type":"rect","xposition":"NaN","yposition":"NaN","width":"NaN","height":"NaN","shapeStyle":2},"labelManager":{"labels":[{"type":"textLabel","@id":37,"inputText":"1","labelStyle":4,"shape":null,"layoutText":null}],"mainLabel":37},"properties":{},"orientationAtVertex":"FREE","reference":null}],"properties":{},"reference":null}],"properties":{},"reference":"device"},{"@id":38,"shape":{"type":"rect","xposition":"NaN","yposition":"NaN","width":"NaN","height":"NaN","shapeStyle":2},"labelManager":{"labels":[{"type":"textLabel","@id":39,"inputText":"Tim","labelStyle":4,"shape":null,"layoutText":null}],"mainLabel":39},"portCompositions":[{"type":"portGroup","@id":40,"ordered":false,"portCompositions":[{"type":"port","@id":41,"shape":{"type":"rect","xposition":"NaN","yposition":"NaN","width":"NaN","height":"NaN","shapeStyle":2},"labelManager":{"labels":[{"type":"textLabel","@id":42,"inputText":"1","labelStyle":4,"shape":null,"layoutText":null}],"mainLabel":42},"properties":{},"orientationAtVertex":"FREE","reference":null}],"properties":{},"reference":null}],"properties":{},"reference":"plug"},{"@id":43,"shape":{"type":"rect","xposition":"NaN","yposition":"NaN","width":"NaN","height":"NaN","shapeStyle":2},"labelManager":{"labels":[{"type":"textLabel","@id":44,"inputText":"Louis","labelStyle":4,"shape":null,"layoutText":null}],"mainLabel":44},"portCompositions":[{"type":"portGroup","@id":45,"ordered":false,"portCompositions":[{"type":"port","@id":46,"shape":{"type":"rect","xposition":"NaN","yposition":"NaN","width":"NaN","height":"NaN","shapeStyle":2},"labelManager":{"labels":[{"type":"textLabel","@id":47,"inputText":"1","labelStyle":4,"shape":null,"layoutText":null}],"mainLabel":47},"properties":{},"orientationAtVertex":"FREE","reference":null}],"properties":{},"reference":null}],"properties":{},"reference":"plug"},{"@id":48,"shape":{"type":"rect","xposition":"NaN","yposition":"NaN","width":"NaN","height":"NaN","shapeStyle":2},"labelManager":{"labels":[{"type":"textLabel","@id":49,"inputText":"Tom","labelStyle":4,"shape":null,"layoutText":null}],"mainLabel":49},"portCompositions":[{"type":"portGroup","@id":50,"ordered":false,"portCompositions":[{"type":"port","@id":51,"shape":{"type":"rect","xposition":"NaN","yposition":"NaN","width":"NaN","height":"NaN","shapeStyle":2},"labelManager":{"labels":[{"type":"textLabel","@id":52,"inputText":"1","labelStyle":4,"shape":null,"layoutText":null}],"mainLabel":52},"properties":{},"orientationAtVertex":"FREE","reference":null}],"properties":{},"reference":null}],"properties":{},"reference":"plug"},{"@id":53,"shape":{"type":"rect","xposition":"NaN","yposition":"NaN","width":"NaN","height":"NaN","shapeStyle":2},"labelManager":{"labels":[{"type":"textLabel","@id":54,"inputText":"Alexander","labelStyle":4,"shape":null,"layoutText":null}],"mainLabel":54},"portCompositions":[{"type":"port","@id":55,"shape":{"type":"rect","xposition":"NaN","yposition":"NaN","width":"NaN","height":"NaN","shapeStyle":2},"labelManager":{"labels":[{"type":"textLabel","@id":56,"inputText":"1","labelStyle":4,"shape":null,"layoutText":null}],"mainLabel":56},"properties":{},"orientationAtVertex":"FREE","reference":null}],"properties":{},"reference":"splice"},{"@id":57,"shape":{"type":"rect","xposition":"NaN","yposition":"NaN","width":"NaN","height":"NaN","shapeStyle":2},"labelManager":{"labels":[{"type":"textLabel","@id":58,"inputText":"Luis","labelStyle":4,"shape":null,"layoutText":null}],"mainLabel":58},"portCompositions":[{"type":"port","@id":59,"shape":{"type":"rect","xposition":"NaN","yposition":"NaN","width":"NaN","height":"NaN","shapeStyle":2},"labelManager":{"labels":[{"type":"textLabel","@id":60,"inputText":"1","labelStyle":4,"shape":null,"layoutText":null}],"mainLabel":60},"properties":{},"orientationAtVertex":"FREE","reference":null}],"properties":{},"reference":"splice"},{"@id":61,"shape":{"type":"rect","xposition":"NaN","yposition":"NaN","width":"NaN","height":"NaN","shapeStyle":2},"labelManager":{"labels":[{"type":"textLabel","@id":62,"inputText":"Finn","labelStyle":4,"shape":null,"layoutText":null}],"mainLabel":62},"portCompositions":[{"type":"portGroup","@id":63,"ordered":false,"portCompositions":[{"type":"port","@id":64,"shape":{"type":"rect","xposition":"NaN","yposition":"NaN","width":"NaN","height":"NaN","shapeStyle":2},"labelManager":{"labels":[{"type":"textLabel","@id":65,"inputText":"5","labelStyle":4,"shape":null,"layoutText":null}],"mainLabel":65},"properties":{},"orientationAtVertex":"FREE","reference":null},{"type":"port","@id":66,"shape":{"type":"rect","xposition":"NaN","yposition":"NaN","width":"NaN","height":"NaN","shapeStyle":2},"labelManager":{"labels":[{"type":"textLabel","@id":67,"inputText":"3","labelStyle":4,"shape":null,"layoutText":null}],"mainLabel":67},"properties":{},"orientationAtVertex":"FREE","reference":null},{"type":"port","@id":68,"shape":{"type":"rect","xposition":"NaN","yposition":"NaN","width":"NaN","height":"NaN","shapeStyle":2},"labelManager":{"labels":[{"type":"textLabel","@id":69,"inputText":"6","labelStyle":4,"shape":null,"layoutText":null}],"mainLabel":69},"properties":{},"orientationAtVertex":"FREE","reference":null},{"type":"port","@id":70,"shape":{"type":"rect","xposition":"NaN","yposition":"NaN","width":"NaN","height":"NaN","shapeStyle":2},"labelManager":{"labels":[{"type":"textLabel","@id":71,"inputText":"1","labelStyle":4,"shape":null,"layoutText":null}],"mainLabel":71},"properties":{},"orientationAtVertex":"FREE","reference":null},{"type":"port","@id":72,"shape":{"type":"rect","xposition":"NaN","yposition":"NaN","width":"NaN","height":"NaN","shapeStyle":2},"labelManager":{"labels":[{"type":"textLabel","@id":73,"inputText":"2","labelStyle":4,"shape":null,"layoutText":null}],"mainLabel":73},"properties":{},"orientationAtVertex":"FREE","reference":null},{"type":"port","@id":74,"shape":{"type":"rect","xposition":"NaN","yposition":"NaN","width":"NaN","height":"NaN","shapeStyle":13},"labelManager":{"labels":[{"type":"textLabel","@id":75,"inputText":"4","labelStyle":15,"shape":null,"layoutText":null}],"mainLabel":75},"properties":{},"orientationAtVertex":"FREE","reference":null}],"properties":{},"reference":null}],"properties":{},"reference":"device"},{"@id":76,"shape":{"type":"rect","xposition":"NaN","yposition":"NaN","width":"NaN","height":"NaN","shapeStyle":2},"labelManager":{"labels":[{"type":"textLabel","@id":77,"inputText":"Elias","labelStyle":4,"shape":null,"layoutText":null}],"mainLabel":77},"portCompositions":[{"type":"portGroup","@id":78,"ordered":false,"portCompositions":[{"type":"port","@id":79,"shape":{"type":"rect","xposition":"NaN","yposition":"NaN","width":"NaN","height":"NaN","shapeStyle":2},"labelManager":{"labels":[{"type":"textLabel","@id":80,"inputText":"5","labelStyle":4,"shape":null,"layoutText":null}],"mainLabel":80},"properties":{},"orientationAtVertex":"FREE","reference":null},{"type":"port","@id":81,"shape":{"type":"rect","xposition":"NaN","yposition":"NaN","width":"NaN","height":"NaN","shapeStyle":2},"labelManager":{"labels":[{"type":"textLabel","@id":82,"inputText":"3","labelStyle":4,"shape":null,"layoutText":null}],"mainLabel":82},"properties":{},"orientationAtVertex":"FREE","reference":null},{"type":"port","@id":83,"shape":{"type":"rect","xposition":"NaN","yposition":"NaN","width":"NaN","height":"NaN","shapeStyle":2},"labelManager":{"labels":[{"type":"textLabel","@id":84,"inputText":"6","labelStyle":4,"shape":null,"layoutText":null}],"mainLabel":84},"properties":{},"orientationAtVertex":"FREE","reference":null},{"type":"port","@id":85,"shape":{"type":"rect","xposition":"NaN","yposition":"NaN","width":"NaN","height":"NaN","shapeStyle":2},"labelManager":{"labels":[{"type":"textLabel","@id":86,"inputText":"1","labelStyle":4,"shape":null,"layoutText":null}],"mainLabel":86},"properties":{},"orientationAtVertex":"FREE","reference":null},{"type":"port","@id":87,"shape":{"type":"rect","xposition":"NaN","yposition":"NaN","width":"NaN","height":"NaN","shapeStyle":2},"labelManager":{"labels":[{"type":"textLabel","@id":88,"inputText":"2","labelStyle":4,"shape":null,"layoutText":null}],"mainLabel":88},"properties":{},"orientationAtVertex":"FREE","reference":null},{"type":"port","@id":89,"shape":{"type":"rect","xposition":"NaN","yposition":"NaN","width":"NaN","height":"NaN","shapeStyle":13},"labelManager":{"labels":[{"type":"textLabel","@id":90,"inputText":"4","labelStyle":15,"shape":null,"layoutText":null}],"mainLabel":90},"properties":{},"orientationAtVertex":"FREE","reference":null}],"properties":{},"reference":null}],"properties":{},"reference":"plug"},{"@id":91,"shape":{"type":"rect","xposition":"NaN","yposition":"NaN","width":"NaN","height":"NaN","shapeStyle":2},"labelManager":{"labels":[{"type":"textLabel","@id":92,"inputText":"Philipp","labelStyle":4,"shape":null,"layoutText":null}],"mainLabel":92},"portCompositions":[{"type":"port","@id":93,"shape":{"type":"rect","xposition":"NaN","yposition":"NaN","width":"NaN","height":"NaN","shapeStyle":2},"labelManager":{"labels":[{"type":"textLabel","@id":94,"inputText":"1","labelStyle":4,"shape":null,"layoutText":null}],"mainLabel":94},"properties":{},"orientationAtVertex":"FREE","reference":null}],"properties":{},"reference":"splice"},{"@id":95,"shape":{"type":"rect","xposition":"NaN","yposition":"NaN","width":"NaN","height":"NaN","shapeStyle":2},"labelManager":{"labels":[{"type":"textLabel","@id":96,"inputText":"Gabriel","labelStyle":4,"shape":null,"layoutText":null}],"mainLabel":96},"portCompositions":[{"type":"port","@id":97,"shape":{"type":"rect","xposition":"NaN","yposition":"NaN","width":"NaN","height":"NaN","shapeStyle":2},"labelManager":{"labels":[{"type":"textLabel","@id":98,"inputText":"1","labelStyle":4,"shape":null,"layoutText":null}],"mainLabel":98},"properties":{},"orientationAtVertex":"FREE","reference":null}],"properties":{},"reference":"splice"},{"@id":99,"shape":{"type":"rect","xposition":"NaN","yposition":"NaN","width":"NaN","height":"NaN","shapeStyle":2},"labelManager":{"labels":[{"type":"textLabel","@id":100,"inputText":"Leon","labelStyle":4,"shape":null,"layoutText":null}],"mainLabel":100},"portCompositions":[{"type":"port","@id":101,"shape":{"type":"rect","xposition":"NaN","yposition":"NaN","width":"NaN","height":"NaN","shapeStyle":2},"labelManager":{"labels":[{"type":"textLabel","@id":102,"inputText":"1","labelStyle":4,"shape":null,"layoutText":null}],"mainLabel":102},"properties":{},"orientationAtVertex":"FREE","reference":null}],"properties":{},"reference":"splice"},{"@id":103,"shape":{"type":"rect","xposition":"NaN","yposition":"NaN","width":"NaN","height":"NaN","shapeStyle":2},"labelManager":{"labels":[{"type":"textLabel","@id":104,"inputText":"Jakob","labelStyle":4,"shape":null,"layoutText":null}],"mainLabel":104},"portCompositions":[{"type":"port","@id":105,"shape":{"type":"rect","xposition":"NaN","yposition":"NaN","width":"NaN","height":"NaN","shapeStyle":2},"labelManager":{"labels":[{"type":"textLabel","@id":106,"inputText":"1","labelStyle":4,"shape":null,"layoutText":null}],"mainLabel":106},"properties":{},"orientationAtVertex":"FREE","reference":null}],"properties":{},"reference":"splice"},{"@id":107,"shape":{"type":"rect","xposition":"NaN","yposition":"NaN","width":"NaN","height":"NaN","shapeStyle":2},"labelManager":{"labels":[{"type":"textLabel","@id":108,"inputText":"Leo","labelStyle":4,"shape":null,"layoutText":null}],"mainLabel":108},"portCompositions":[{"type":"port","@id":109,"shape":{"type":"rect","xposition":"NaN","yposition":"NaN","width":"NaN","height":"NaN","shapeStyle":2},"labelManager":{"labels":[{"type":"textLabel","@id":110,"inputText":"1","labelStyle":4,"shape":null,"layoutText":null}],"mainLabel":110},"properties":{},"orientationAtVertex":"FREE","reference":null}],"properties":{},"reference":"splice"},{"@id":111,"shape":{"type":"rect","xposition":"NaN","yposition":"NaN","width":"NaN","height":"NaN","shapeStyle":2},"labelManager":{"labels":[{"type":"textLabel","@id":112,"inputText":"Jonathan","labelStyle":4,"shape":null,"layoutText":null}],"mainLabel":112},"portCompositions":[{"type":"port","@id":113,"shape":{"type":"rect","xposition":"NaN","yposition":"NaN","width":"NaN","height":"NaN","shapeStyle":2},"labelManager":{"labels":[{"type":"textLabel","@id":114,"inputText":"1","labelStyle":4,"shape":null,"layoutText":null}],"mainLabel":114},"properties":{},"orientationAtVertex":"FREE","reference":null}],"properties":{},"reference":"splice"},{"@id":115,"shape":{"type":"rect","xposition":"NaN","yposition":"NaN","width":"NaN","height":"NaN","shapeStyle":2},"labelManager":{"labels":[{"type":"textLabel","@id":116,"inputText":"Max","labelStyle":4,"shape":null,"layoutText":null}],"mainLabel":116},"portCompositions":[{"type":"port","@id":117,"shape":{"type":"rect","xposition":"NaN","yposition":"NaN","width":"NaN","height":"NaN","shapeStyle":2},"labelManager":{"labels":[{"type":"textLabel","@id":118,"inputText":"1","labelStyle":4,"shape":null,"layoutText":null}],"mainLabel":118},"properties":{},"orientationAtVertex":"FREE","reference":null}],"properties":{},"reference":"splice"},{"@id":119,"shape":{"type":"rect","xposition":"NaN","yposition":"NaN","width":"NaN","height":"NaN","shapeStyle":2},"labelManager":{"labels":[{"type":"textLabel","@id":120,"inputText":"Emil","labelStyle":4,"shape":null,"layoutText":null}],"mainLabel":120},"portCompositions":[{"type":"portGroup","@id":121,"ordered":false,"portCompositions":[{"type":"port","@id":122,"shape":{"type":"rect","xposition":"NaN","yposition":"NaN","width":"NaN","height":"NaN","shapeStyle":2},"labelManager":{"labels":[{"type":"textLabel","@id":123,"inputText":"4","labelStyle":4,"shape":null,"layoutText":null}],"mainLabel":123},"properties":{},"orientationAtVertex":"FREE","reference":null},{"type":"port","@id":124,"shape":{"type":"rect","xposition":"NaN","yposition":"NaN","width":"NaN","height":"NaN","shapeStyle":2},"labelManager":{"labels":[{"type":"textLabel","@id":125,"inputText":"2","labelStyle":4,"shape":null,"layoutText":null}],"mainLabel":125},"properties":{},"orientationAtVertex":"FREE","reference":null},{"type":"port","@id":126,"shape":{"type":"rect","xposition":"NaN","yposition":"NaN","width":"NaN","height":"NaN","shapeStyle":13},"labelManager":{"labels":[{"type":"textLabel","@id":127,"inputText":"1","labelStyle":15,"shape":null,"layoutText":null}],"mainLabel":127},"properties":{},"orientationAtVertex":"FREE","reference":null},{"type":"port","@id":128,"shape":{"type":"rect","xposition":"NaN","yposition":"NaN","width":"NaN","height":"NaN","shapeStyle":13},"labelManager":{"labels":[{"type":"textLabel","@id":129,"inputText":"3","labelStyle":15,"shape":null,"layoutText":null}],"mainLabel":129},"properties":{},"orientationAtVertex":"FREE","reference":null}],"properties":{},"reference":null}],"properties":{},"reference":"plug"},{"@id":130,"shape":{"type":"rect","xposition":"NaN","yposition":"NaN","width":"NaN","height":"NaN","shapeStyle":2},"labelManager":{"labels":[{"type":"textLabel","@id":131,"inputText":"Anton","labelStyle":4,"shape":null,"layoutText":null}],"mainLabel":131},"portCompositions":[{"type":"portGroup","@id":132,"ordered":false,"portCompositions":[{"type":"port","@id":133,"shape":{"type":"rect","xposition":"NaN","yposition":"NaN","width":"NaN","height":"NaN","shapeStyle":2},"labelManager":{"labels":[{"type":"textLabel","@id":134,"inputText":"4","labelStyle":4,"shape":null,"layoutText":null}],"mainLabel":134},"properties":{},"orientationAtVertex":"FREE","reference":null},{"type":"port","@id":135,"shape":{"type":"rect","xposition":"NaN","yposition":"NaN","width":"NaN","height":"NaN","shapeStyle":2},"labelManager":{"labels":[{"type":"textLabel","@id":136,"inputText":"2","labelStyle":4,"shape":null,"layoutText":null}],"mainLabel":136},"properties":{},"orientationAtVertex":"FREE","reference":null},{"type":"port","@id":137,"shape":{"type":"rect","xposition":"NaN","yposition":"NaN","width":"NaN","height":"NaN","shapeStyle":13},"labelManager":{"labels":[{"type":"textLabel","@id":138,"inputText":"1","labelStyle":15,"shape":null,"layoutText":null}],"mainLabel":138},"properties":{},"orientationAtVertex":"FREE","reference":null},{"type":"port","@id":139,"shape":{"type":"rect","xposition":"NaN","yposition":"NaN","width":"NaN","height":"NaN","shapeStyle":13},"labelManager":{"labels":[{"type":"textLabel","@id":140,"inputText":"3","labelStyle":15,"shape":null,"layoutText":null}],"mainLabel":140},"properties":{},"orientationAtVertex":"FREE","reference":null}],"properties":{},"reference":null}],"properties":{},"reference":"plug"},{"@id":141,"shape":{"type":"rect","xposition":"NaN","yposition":"NaN","width":"NaN","height":"NaN","shapeStyle":2},"labelManager":{"labels":[{"type":"textLabel","@id":142,"inputText":"Johannes","labelStyle":4,"shape":null,"layoutText":null}],"mainLabel":142},"portCompositions":[{"type":"portGroup","@id":143,"ordered":false,"portCompositions":[{"type":"port","@id":144,"shape":{"type":"rect","xposition":"NaN","yposition":"NaN","width":"NaN","height":"NaN","shapeStyle":2},"labelManager":{"labels":[{"type":"textLabel","@id":145,"inputText":"1","labelStyle":4,"shape":null,"layoutText":null}],"mainLabel":145},"properties":{},"orientationAtVertex":"FREE","reference":null},{"type":"port","@id":146,"shape":{"type":"rect","xposition":"NaN","yposition":"NaN","width":"NaN","height":"NaN","shapeStyle":2},"labelManager":{"labels":[{"type":"textLabel","@id":147,"inputText":"2","labelStyle":4,"shape":null,"layoutText":null}],"mainLabel":147},"properties":{},"orientationAtVertex":"FREE","reference":null},{"type":"port","@id":148,"shape":{"type":"rect","xposition":"NaN","yposition":"NaN","width":"NaN","height":"NaN","shapeStyle":13},"labelManager":{"labels":[{"type":"textLabel","@id":149,"inputText":"3","labelStyle":15,"shape":null,"layoutText":null}],"mainLabel":149},"properties":{},"orientationAtVertex":"FREE","reference":null}],"properties":{},"reference":null}],"properties":{},"reference":"device"},{"@id":150,"shape":{"type":"rect","xposition":"NaN","yposition":"NaN","width":"NaN","height":"NaN","shapeStyle":2},"labelManager":{"labels":[{"type":"textLabel","@id":151,"inputText":"Theo","labelStyle":4,"shape":null,"layoutText":null}],"mainLabel":151},"portCompositions":[{"type":"portGroup","@id":152,"ordered":false,"portCompositions":[{"type":"port","@id":153,"shape":{"type":"rect","xposition":"NaN","yposition":"NaN","width":"NaN","height":"NaN","shapeStyle":2},"labelManager":{"labels":[{"type":"textLabel","@id":154,"inputText":"1","labelStyle":4,"shape":null,"layoutText":null}],"mainLabel":154},"properties":{},"orientationAtVertex":"FREE","reference":null},{"type":"port","@id":155,"shape":{"type":"rect","xposition":"NaN","yposition":"NaN","width":"NaN","height":"NaN","shapeStyle":2},"labelManager":{"labels":[{"type":"textLabel","@id":156,"inputText":"2","labelStyle":4,"shape":null,"layoutText":null}],"mainLabel":156},"properties":{},"orientationAtVertex":"FREE","reference":null}],"properties":{},"reference":null}],"properties":{},"reference":"plug"},{"@id":157,"shape":{"type":"rect","xposition":"NaN","yposition":"NaN","width":"NaN","height":"NaN","shapeStyle":2},"labelManager":{"labels":[{"type":"textLabel","@id":158,"inputText":"Jan","labelStyle":4,"shape":null,"layoutText":null}],"mainLabel":158},"portCompositions":[{"type":"portGroup","@id":159,"ordered":false,"portCompositions":[{"type":"port","@id":160,"shape":{"type":"rect","xposition":"NaN","yposition":"NaN","width":"NaN","height":"NaN","shapeStyle":2},"labelManager":{"labels":[{"type":"textLabel","@id":161,"inputText":"1","labelStyle":4,"shape":null,"layoutText":null}],"mainLabel":161},"properties":{},"orientationAtVertex":"FREE","reference":null},{"type":"port","@id":162,"shape":{"type":"rect","xposition":"NaN","yposition":"NaN","width":"NaN","height":"NaN","shapeStyle":2},"labelManager":{"labels":[{"type":"textLabel","@id":163,"inputText":"2","labelStyle":4,"shape":null,"layoutText":null}],"mainLabel":163},"properties":{},"orientationAtVertex":"FREE","reference":null},{"type":"port","@id":164,"shape":{"type":"rect","xposition":"NaN","yposition":"NaN","width":"NaN","height":"NaN","shapeStyle":2},"labelManager":{"labels":[{"type":"textLabel","@id":165,"inputText":"3","labelStyle":4,"shape":null,"layoutText":null}],"mainLabel":165},"properties":{},"orientationAtVertex":"FREE","reference":null}],"properties":{},"reference":null}],"properties":{},"reference":"plug"},{"@id":166,"shape":{"type":"rect","xposition":"NaN","yposition":"NaN","width":"NaN","height":"NaN","shapeStyle":2},"labelManager":{"labels":[{"type":"textLabel","@id":167,"inputText":"Karl","labelStyle":4,"shape":null,"layoutText":null}],"mainLabel":167},"portCompositions":[{"type":"portGroup","@id":168,"ordered":false,"portCompositions":[{"type":"port","@id":169,"shape":{"type":"rect","xposition":"NaN","yposition":"NaN","width":"NaN","height":"NaN","shapeStyle":2},"labelManager":{"labels":[{"type":"textLabel","@id":170,"inputText":"1","labelStyle":4,"shape":null,"layoutText":null}],"mainLabel":170},"properties":{},"orientationAtVertex":"FREE","reference":null},{"type":"port","@id":171,"shape":{"type":"rect","xposition":"NaN","yposition":"NaN","width":"NaN","height":"NaN","shapeStyle":2},"labelManager":{"labels":[{"type":"textLabel","@id":172,"inputText":"2","labelStyle":4,"shape":null,"layoutText":null}],"mainLabel":172},"properties":{},"orientationAtVertex":"FREE","reference":null},{"type":"port","@id":173,"shape":{"type":"rect","xposition":"NaN","yposition":"NaN","width":"NaN","height":"NaN","shapeStyle":2},"labelManager":{"labels":[{"type":"textLabel","@id":174,"inputText":"3","labelStyle":4,"shape":null,"layoutText":null}],"mainLabel":174},"properties":{},"orientationAtVertex":"FREE","reference":null}],"properties":{},"reference":null}],"properties":{},"reference":"plug"},{"@id":175,"shape":{"type":"rect","xposition":"NaN","yposition":"NaN","width":"NaN","height":"NaN","shapeStyle":2},"labelManager":{"labels":[{"type":"textLabel","@id":176,"inputText":"Moritz","labelStyle":4,"shape":null,"layoutText":null}],"mainLabel":176},"portCompositions":[{"type":"portGroup","@id":177,"ordered":false,"portCompositions":[{"type":"port","@id":178,"shape":{"type":"rect","xposition":"NaN","yposition":"NaN","width":"NaN","height":"NaN","shapeStyle":2},"labelManager":{"labels":[{"type":"textLabel","@id":179,"inputText":"1","labelStyle":4,"shape":null,"layoutText":null}],"mainLabel":179},"properties":{},"orientationAtVertex":"FREE","reference":null},{"type":"port","@id":180,"shape":{"type":"rect","xposition":"NaN","yposition":"NaN","width":"NaN","height":"NaN","shapeStyle":2},"labelManager":{"labels":[{"type":"textLabel","@id":181,"inputText":"3","labelStyle":4,"shape":null,"layoutText":null}],"mainLabel":181},"properties":{},"orientationAtVertex":"FREE","reference":null},{"type":"port","@id":182,"shape":{"type":"rect","xposition":"NaN","yposition":"NaN","width":"NaN","height":"NaN","shapeStyle":2},"labelManager":{"labels":[{"type":"textLabel","@id":183,"inputText":"7","labelStyle":4,"shape":null,"layoutText":null}],"mainLabel":183},"properties":{},"orientationAtVertex":"FREE","reference":null},{"type":"port","@id":184,"shape":{"type":"rect","xposition":"NaN","yposition":"NaN","width":"NaN","height":"NaN","shapeStyle":2},"labelManager":{"labels":[{"type":"textLabel","@id":185,"inputText":"2","labelStyle":4,"shape":null,"layoutText":null}],"mainLabel":185},"properties":{},"orientationAtVertex":"FREE","reference":null},{"type":"port","@id":186,"shape":{"type":"rect","xposition":"NaN","yposition":"NaN","width":"NaN","height":"NaN","shapeStyle":2},"labelManager":{"labels":[{"type":"textLabel","@id":187,"inputText":"6","labelStyle":4,"shape":null,"layoutText":null}],"mainLabel":187},"properties":{},"orientationAtVertex":"FREE","reference":null},{"type":"port","@id":188,"shape":{"type":"rect","xposition":"NaN","yposition":"NaN","width":"NaN","height":"NaN","shapeStyle":2},"labelManager":{"labels":[{"type":"textLabel","@id":189,"inputText":"4","labelStyle":4,"shape":null,"layoutText":null}],"mainLabel":189},"properties":{},"orientationAtVertex":"FREE","reference":null},{"type":"port","@id":190,"shape":{"type":"rect","xposition":"NaN","yposition":"NaN","width":"NaN","height":"NaN","shapeStyle":13},"labelManager":{"labels":[{"type":"textLabel","@id":191,"inputText":"5","labelStyle":15,"shape":null,"layoutText":null}],"mainLabel":191},"properties":{},"orientationAtVertex":"FREE","reference":null},{"type":"port","@id":192,"shape":{"type":"rect","xposition":"NaN","yposition":"NaN","width":"NaN","height":"NaN","shapeStyle":13},"labelManager":{"labels":[{"type":"textLabel","@id":193,"inputText":"8","labelStyle":15,"shape":null,"layoutText":null}],"mainLabel":193},"properties":{},"orientationAtVertex":"FREE","reference":null}],"properties":{},"reference":null},{"type":"portGroup","@id":194,"ordered":false,"portCompositions":[],"properties":{},"reference":null}],"properties":{},"reference":"device"},{"@id":195,"shape":{"type":"rect","xposition":"NaN","yposition":"NaN","width":"NaN","height":"NaN","shapeStyle":2},"labelManager":{"labels":[{"type":"textLabel","@id":196,"inputText":"Ali","labelStyle":4,"shape":null,"layoutText":null}],"mainLabel":196},"portCompositions":[{"type":"portGroup","@id":197,"ordered":false,"portCompositions":[{"type":"port","@id":198,"shape":{"type":"rect","xposition":"NaN","yposition":"NaN","width":"NaN","height":"NaN","shapeStyle":2},"labelManager":{"labels":[{"type":"textLabel","@id":199,"inputText":"1","labelStyle":4,"shape":null,"layoutText":null}],"mainLabel":199},"properties":{},"orientationAtVertex":"FREE","reference":null},{"type":"port","@id":200,"shape":{"type":"rect","xposition":"NaN","yposition":"NaN","width":"NaN","height":"NaN","shapeStyle":2},"labelManager":{"labels":[{"type":"textLabel","@id":201,"inputText":"3","labelStyle":4,"shape":null,"layoutText":null}],"mainLabel":201},"properties":{},"orientationAtVertex":"FREE","reference":null},{"type":"port","@id":202,"shape":{"type":"rect","xposition":"NaN","yposition":"NaN","width":"NaN","height":"NaN","shapeStyle":2},"labelManager":{"labels":[{"type":"textLabel","@id":203,"inputText":"7","labelStyle":4,"shape":null,"layoutText":null}],"mainLabel":203},"properties":{},"orientationAtVertex":"FREE","reference":null},{"type":"port","@id":204,"shape":{"type":"rect","xposition":"NaN","yposition":"NaN","width":"NaN","height":"NaN","shapeStyle":2},"labelManager":{"labels":[{"type":"textLabel","@id":205,"inputText":"2","labelStyle":4,"shape":null,"layoutText":null}],"mainLabel":205},"properties":{},"orientationAtVertex":"FREE","reference":null},{"type":"port","@id":206,"shape":{"type":"rect","xposition":"NaN","yposition":"NaN","width":"NaN","height":"NaN","shapeStyle":2},"labelManager":{"labels":[{"type":"textLabel","@id":207,"inputText":"6","labelStyle":4,"shape":null,"layoutText":null}],"mainLabel":207},"properties":{},"orientationAtVertex":"FREE","reference":null},{"type":"port","@id":208,"shape":{"type":"rect","xposition":"NaN","yposition":"NaN","width":"NaN","height":"NaN","shapeStyle":2},"labelManager":{"labels":[{"type":"textLabel","@id":209,"inputText":"4","labelStyle":4,"shape":null,"layoutText":null}],"mainLabel":209},"properties":{},"orientationAtVertex":"FREE","reference":null}],"properties":{},"reference":null}],"properties":{},"reference":"plug"},{"@id":210,"shape":{"type":"rect","xposition":"NaN","yposition":"NaN","width":"NaN","height":"NaN","shapeStyle":2},"labelManager":{"labels":[{"type":"textLabel","@id":211,"inputText":"Niklas","labelStyle":4,"shape":null,"layoutText":null}],"mainLabel":211},"portCompositions":[{"type":"port","@id":212,"shape":{"type":"rect","xposition":"NaN","yposition":"NaN","width":"NaN","height":"NaN","shapeStyle":2},"labelManager":{"labels":[{"type":"textLabel","@id":213,"inputText":"1","labelStyle":4,"shape":null,"layoutText":null}],"mainLabel":213},"properties":{},"orientationAtVertex":"FREE","reference":null}],"properties":{},"reference":"splice"},{"@id":214,"shape":{"type":"rect","xposition":"NaN","yposition":"NaN","width":"NaN","height":"NaN","shapeStyle":2},"labelManager":{"labels":[{"type":"textLabel","@id":215,"inputText":"Julius","labelStyle":4,"shape":null,"layoutText":null}],"mainLabel":215},"portCompositions":[{"type":"portGroup","@id":216,"ordered":false,"portCompositions":[],"properties":{},"reference":null},{"type":"portGroup","@id":217,"ordered":false,"portCompositions":[{"type":"port","@id":218,"shape":{"type":"rect","xposition":"NaN","yposition":"NaN","width":"NaN","height":"NaN","shapeStyle":2},"labelManager":{"labels":[{"type":"textLabel","@id":219,"inputText":"4","labelStyle":4,"shape":null,"layoutText":null}],"mainLabel":219},"properties":{},"orientationAtVertex":"FREE","reference":null},{"type":"port","@id":220,"shape":{"type":"rect","xposition":"NaN","yposition":"NaN","width":"NaN","height":"NaN","shapeStyle":2},"labelManager":{"labels":[{"type":"textLabel","@id":221,"inputText":"2","labelStyle":4,"shape":null,"layoutText":null}],"mainLabel":221},"properties":{},"orientationAtVertex":"FREE","reference":null},{"type":"port","@id":222,"shape":{"type":"rect","xposition":"NaN","yposition":"NaN","width":"NaN","height":"NaN","shapeStyle":2},"labelManager":{"labels":[{"type":"textLabel","@id":223,"inputText":"3","labelStyle":4,"shape":null,"layoutText":null}],"mainLabel":223},"properties":{},"orientationAtVertex":"FREE","reference":null},{"type":"port","@id":224,"shape":{"type":"rect","xposition":"NaN","yposition":"NaN","width":"NaN","height":"NaN","shapeStyle":2},"labelManager":{"labels":[{"type":"textLabel","@id":225,"inputText":"1","labelStyle":4,"shape":null,"layoutText":null}],"mainLabel":225},"properties":{},"orientationAtVertex":"FREE","reference":null},{"type":"port","@id":226,"shape":{"type":"rect","xposition":"NaN","yposition":"NaN","width":"NaN","height":"NaN","shapeStyle":13},"labelManager":{"labels":[{"type":"textLabel","@id":227,"inputText":"5","labelStyle":15,"shape":null,"layoutText":null}],"mainLabel":227},"properties":{},"orientationAtVertex":"FREE","reference":null}],"properties":{},"reference":null}],"properties":{},"reference":"device"},{"@id":228,"shape":{"type":"rect","xposition":"NaN","yposition":"NaN","width":"NaN","height":"NaN","shapeStyle":2},"labelManager":{"labels":[{"type":"textLabel","@id":229,"inputText":"Benjamin","labelStyle":4,"shape":null,"layoutText":null}],"mainLabel":229},"portCompositions":[{"type":"portGroup","@id":230,"ordered":false,"portCompositions":[{"type":"port","@id":231,"shape":{"type":"rect","xposition":"NaN","yposition":"NaN","width":"NaN","height":"NaN","shapeStyle":2},"labelManager":{"labels":[{"type":"textLabel","@id":232,"inputText":"4","labelStyle":4,"shape":null,"layoutText":null}],"mainLabel":232},"properties":{},"orientationAtVertex":"FREE","reference":null},{"type":"port","@id":233,"shape":{"type":"rect","xposition":"NaN","yposition":"NaN","width":"NaN","height":"NaN","shapeStyle":2},"labelManager":{"labels":[{"type":"textLabel","@id":234,"inputText":"2","labelStyle":4,"shape":null,"layoutText":null}],"mainLabel":234},"properties":{},"orientationAtVertex":"FREE","reference":null},{"type":"port","@id":235,"shape":{"type":"rect","xposition":"NaN","yposition":"NaN","width":"NaN","height":"NaN","shapeStyle":2},"labelManager":{"labels":[{"type":"textLabel","@id":236,"inputText":"3","labelStyle":4,"shape":null,"layoutText":null}],"mainLabel":236},"properties":{},"orientationAtVertex":"FREE","reference":null},{"type":"port","@id":237,"shape":{"type":"rect","xposition":"NaN","yposition":"NaN","width":"NaN","height":"NaN","shapeStyle":2},"labelManager":{"labels":[{"type":"textLabel","@id":238,"inputText":"1","labelStyle":4,"shape":null,"layoutText":null}],"mainLabel":238},"properties":{},"orientationAtVertex":"FREE","reference":null},{"type":"port","@id":239,"shape":{"type":"rect","xposition":"NaN","yposition":"NaN","width":"NaN","height":"NaN","shapeStyle":13},"labelManager":{"labels":[{"type":"textLabel","@id":240,"inputText":"5","labelStyle":15,"shape":null,"layoutText":null}],"mainLabel":240},"properties":{},"orientationAtVertex":"FREE","reference":null}],"properties":{},"reference":null}],"properties":{},"reference":"plug"},{"@id":241,"shape":{"type":"rect","xposition":"NaN","yposition":"NaN","width":"NaN","height":"NaN","shapeStyle":2},"labelManager":{"labels":[{"type":"textLabel","@id":242,"inputText":"Julian","labelStyle":4,"shape":null,"layoutText":null}],"mainLabel":242},"portCompositions":[{"type":"port","@id":243,"shape":{"type":"rect","xposition":"NaN","yposition":"NaN","width":"NaN","height":"NaN","shapeStyle":2},"labelManager":{"labels":[{"type":"textLabel","@id":244,"inputText":"1","labelStyle":4,"shape":null,"layoutText":null}],"mainLabel":244},"properties":{},"orientationAtVertex":"FREE","reference":null}],"properties":{},"reference":"splice"},{"@id":245,"shape":{"type":"rect","xposition":"NaN","yposition":"NaN","width":"NaN","height":"NaN","shapeStyle":2},"labelManager":{"labels":[{"type":"textLabel","@id":246,"inputText":"Paul","labelStyle":4,"shape":null,"layoutText":null}],"mainLabel":246},"portCompositions":[{"type":"portGroup","@id":247,"ordered":false,"portCompositions":[{"type":"port","@id":248,"shape":{"type":"rect","xposition":"NaN","yposition":"NaN","width":"NaN","height":"NaN","shapeStyle":2},"labelManager":{"labels":[{"type":"textLabel","@id":249,"inputText":"1","labelStyle":4,"shape":null,"layoutText":null}],"mainLabel":249},"properties":{},"orientationAtVertex":"FREE","reference":null},{"type":"port","@id":250,"shape":{"type":"rect","xposition":"NaN","yposition":"NaN","width":"NaN","height":"NaN","shapeStyle":2},"labelManager":{"labels":[{"type":"textLabel","@id":251,"inputText":"2","labelStyle":4,"shape":null,"layoutText":null}],"mainLabel":251},"properties":{},"orientationAtVertex":"FREE","reference":null}],"properties":{},"reference":null}],"properties":{},"reference":"device"},{"@id":252,"shape":{"type":"rect","xposition":"NaN","yposition":"NaN","width":"NaN","height":"NaN","shapeStyle":2},"labelManager":{"labels":[{"type":"textLabel","@id":253,"inputText":"Mats","labelStyle":4,"shape":null,"layoutText":null}],"mainLabel":253},"portCompositions":[{"type":"portGroup","@id":254,"ordered":false,"portCompositions":[{"type":"port","@id":255,"shape":{"type":"rect","xposition":"NaN","yposition":"NaN","width":"NaN","height":"NaN","shapeStyle":2},"labelManager":{"labels":[{"type":"textLabel","@id":256,"inputText":"1","labelStyle":4,"shape":null,"layoutText":null}],"mainLabel":256},"properties":{},"orientationAtVertex":"FREE","reference":null},{"type":"port","@id":257,"shape":{"type":"rect","xposition":"NaN","yposition":"NaN","width":"NaN","height":"NaN","shapeStyle":2},"labelManager":{"labels":[{"type":"textLabel","@id":258,"inputText":"2","labelStyle":4,"shape":null,"layoutText":null}],"mainLabel":258},"properties":{},"orientationAtVertex":"FREE","reference":null}],"properties":{},"reference":null}],"properties":{},"reference":"plug"},{"@id":259,"shape":{"type":"rect","xposition":"NaN","yposition":"NaN","width":"NaN","height":"NaN","shapeStyle":2},"labelManager":{"labels":[{"type":"textLabel","@id":260,"inputText":"Simon","labelStyle":4,"shape":null,"layoutText":null}],"mainLabel":260},"portCompositions":[{"type":"port","@id":261,"shape":{"type":"rect","xposition":"NaN","yposition":"NaN","width":"NaN","height":"NaN","shapeStyle":2},"labelManager":{"labels":[{"type":"textLabel","@id":262,"inputText":"1","labelStyle":4,"shape":null,"layoutText":null}],"mainLabel":262},"properties":{},"orientationAtVertex":"FREE","reference":null}],"properties":{},"reference":"splice"},{"@id":263,"shape":{"type":"rect","xposition":"NaN","yposition":"NaN","width":"NaN","height":"NaN","shapeStyle":2},"labelManager":{"labels":[{"type":"textLabel","@id":264,"inputText":"Ben","labelStyle":4,"shape":null,"layoutText":null}],"mainLabel":264},"portCompositions":[{"type":"portGroup","@id":265,"ordered":false,"portCompositions":[{"type":"port","@id":266,"shape":{"type":"rect","xposition":"NaN","yposition":"NaN","width":"NaN","height":"NaN","shapeStyle":2},"labelManager":{"labels":[{"type":"textLabel","@id":267,"inputText":"2","labelStyle":4,"shape":null,"layoutText":null}],"mainLabel":267},"properties":{},"orientationAtVertex":"FREE","reference":null},{"type":"port","@id":268,"shape":{"type":"rect","xposition":"NaN","yposition":"NaN","width":"NaN","height":"NaN","shapeStyle":2},"labelManager":{"labels":[{"type":"textLabel","@id":269,"inputText":"4","labelStyle":4,"shape":null,"layoutText":null}],"mainLabel":269},"properties":{},"orientationAtVertex":"FREE","reference":null},{"type":"port","@id":270,"shape":{"type":"rect","xposition":"NaN","yposition":"NaN","width":"NaN","height":"NaN","shapeStyle":13},"labelManager":{"labels":[{"type":"textLabel","@id":271,"inputText":"6","labelStyle":15,"shape":null,"layoutText":null}],"mainLabel":271},"properties":{},"orientationAtVertex":"FREE","reference":null},{"type":"port","@id":272,"shape":{"type":"rect","xposition":"NaN","yposition":"NaN","width":"NaN","height":"NaN","shapeStyle":13},"labelManager":{"labels":[{"type":"textLabel","@id":273,"inputText":"3","labelStyle":15,"shape":null,"layoutText":null}],"mainLabel":273},"properties":{},"orientationAtVertex":"FREE","reference":null},{"type":"port","@id":274,"shape":{"type":"rect","xposition":"NaN","yposition":"NaN","width":"NaN","height":"NaN","shapeStyle":13},"labelManager":{"labels":[{"type":"textLabel","@id":275,"inputText":"1","labelStyle":15,"shape":null,"layoutText":null}],"mainLabel":275},"properties":{},"orientationAtVertex":"FREE","reference":null},{"type":"port","@id":276,"shape":{"type":"rect","xposition":"NaN","yposition":"NaN","width":"NaN","height":"NaN","shapeStyle":13},"labelManager":{"labels":[{"type":"textLabel","@id":277,"inputText":"5","labelStyle":15,"shape":null,"layoutText":null}],"mainLabel":277},"properties":{},"orientationAtVertex":"FREE","reference":null}],"properties":{},"reference":null}],"properties":{},"reference":"device"},{"@id":278,"shape":{"type":"rect","xposition":"NaN","yposition":"NaN","width":"NaN","height":"NaN","shapeStyle":2},"labelManager":{"labels":[{"type":"textLabel","@id":279,"inputText":"Felix","labelStyle":4,"shape":null,"layoutText":null}],"mainLabel":279},"portCompositions":[{"type":"portGroup","@id":280,"ordered":false,"portCompositions":[{"type":"port","@id":281,"shape":{"type":"rect","xposition":"NaN","yposition":"NaN","width":"NaN","height":"NaN","shapeStyle":2},"labelManager":{"labels":[{"type":"textLabel","@id":282,"inputText":"2","labelStyle":4,"shape":null,"layoutText":null}],"mainLabel":282},"properties":{},"orientationAtVertex":"FREE","reference":null},{"type":"port","@id":283,"shape":{"type":"rect","xposition":"NaN","yposition":"NaN","width":"NaN","height":"NaN","shapeStyle":2},"labelManager":{"labels":[{"type":"textLabel","@id":284,"inputText":"4","labelStyle":4,"shape":null,"layoutText":null}],"mainLabel":284},"properties":{},"orientationAtVertex":"FREE","reference":null}],"properties":{},"reference":null}],"properties":{},"reference":"plug"},{"@id":285,"shape":{"type":"rect","xposition":"NaN","yposition":"NaN","width":"NaN","height":"NaN","shapeStyle":2},"labelManager":{"labels":[{"type":"textLabel","@id":286,"inputText":"Henri","labelStyle":4,"shape":null,"layoutText":null}],"mainLabel":286},"portCompositions":[{"type":"port","@id":287,"shape":{"type":"rect","xposition":"NaN","yposition":"NaN","width":"NaN","height":"NaN","shapeStyle":2},"labelManager":{"labels":[{"type":"textLabel","@id":288,"inputText":"1","labelStyle":4,"shape":null,"layoutText":null}],"mainLabel":288},"properties":{},"orientationAtVertex":"FREE","reference":null}],"properties":{},"reference":"splice"},{"@id":289,"shape":null,"labelManager":{"labels":[{"type":"textLabel","@id":290,"inputText":"Noah","labelStyle":15,"shape":null,"layoutText":null}],"mainLabel":290},"portCompositions":[{"type":"portGroup","@id":291,"ordered":false,"portCompositions":[{"type":"port","@id":292,"shape":{"type":"rect","xposition":"NaN","yposition":"NaN","width":"NaN","height":"NaN","shapeStyle":13},"labelManager":{"labels":[{"type":"textLabel","@id":293,"inputText":"3","labelStyle":15,"shape":null,"layoutText":null}],"mainLabel":293},"properties":{},"orientationAtVertex":"FREE","reference":null}],"properties":{},"reference":null}],"properties":{},"reference":null},{"@id":294,"shape":null,"labelManager":{"labels":[{"type":"textLabel","@id":295,"inputText":"Liam","labelStyle":15,"shape":null,"layoutText":null}],"mainLabel":295},"portCompositions":[{"type":"portGroup","@id":296,"ordered":false,"portCompositions":[{"type":"port","@id":297,"shape":{"type":"rect","xposition":"NaN","yposition":"NaN","width":"NaN","height":"NaN","shapeStyle":13},"labelManager":{"labels":[{"type":"textLabel","@id":298,"inputText":"6","labelStyle":15,"shape":null,"layoutText":null}],"mainLabel":298},"properties":{},"orientationAtVertex":"FREE","reference":null},{"type":"port","@id":299,"shape":{"type":"rect","xposition":"NaN","yposition":"NaN","width":"NaN","height":"NaN","shapeStyle":13},"labelManager":{"labels":[{"type":"textLabel","@id":300,"inputText":"5","labelStyle":15,"shape":null,"layoutText":null}],"mainLabel":300},"properties":{},"orientationAtVertex":"FREE","reference":null}],"properties":{},"reference":null}],"properties":{},"reference":null},{"@id":301,"shape":null,"labelManager":{"labels":[{"type":"textLabel","@id":302,"inputText":"Samuel","labelStyle":15,"shape":null,"layoutText":null}],"mainLabel":302},"portCompositions":[{"type":"portGroup","@id":303,"ordered":false,"portCompositions":[{"type":"port","@id":304,"shape":{"type":"rect","xposition":"NaN","yposition":"NaN","width":"NaN","height":"NaN","shapeStyle":13},"labelManager":{"labels":[{"type":"textLabel","@id":305,"inputText":"3","labelStyle":15,"shape":null,"layoutText":null}],"mainLabel":305},"properties":{},"orientationAtVertex":"FREE","reference":null},{"type":"port","@id":306,"shape":{"type":"rect","xposition":"NaN","yposition":"NaN","width":"NaN","height":"NaN","shapeStyle":13},"labelManager":{"labels":[{"type":"textLabel","@id":307,"inputText":"2","labelStyle":15,"shape":null,"layoutText":null}],"mainLabel":307},"properties":{},"orientationAtVertex":"FREE","reference":null},{"type":"port","@id":308,"shape":{"type":"rect","xposition":"NaN","yposition":"NaN","width":"NaN","height":"NaN","shapeStyle":13},"labelManager":{"labels":[{"type":"textLabel","@id":309,"inputText":"6","labelStyle":15,"shape":null,"layoutText":null}],"mainLabel":309},"properties":{},"orientationAtVertex":"FREE","reference":null}],"properties":{},"reference":null}],"properties":{},"reference":null},{"@id":310,"shape":null,"labelManager":{"labels":[{"type":"textLabel","@id":311,"inputText":"Johann","labelStyle":15,"shape":null,"layoutText":null}],"mainLabel":311},"portCompositions":[{"type":"portGroup","@id":312,"ordered":false,"portCompositions":[{"type":"port","@id":313,"shape":{"type":"rect","xposition":"NaN","yposition":"NaN","width":"NaN","height":"NaN","shapeStyle":13},"labelManager":{"labels":[{"type":"textLabel","@id":314,"inputText":"5","labelStyle":15,"shape":null,"layoutText":null}],"mainLabel":314},"properties":{},"orientationAtVertex":"FREE","reference":null},{"type":"port","@id":315,"shape":{"type":"rect","xposition":"NaN","yposition":"NaN","width":"NaN","height":"NaN","shapeStyle":13},"labelManager":{"labels":[{"type":"textLabel","@id":316,"inputText":"8","labelStyle":15,"shape":null,"layoutText":null}],"mainLabel":316},"properties":{},"orientationAtVertex":"FREE","reference":null}],"properties":{},"reference":null}],"properties":{},"reference":null},{"@id":317,"shape":null,"labelManager":{"labels":[{"type":"textLabel","@id":318,"inputText":"Vincent","labelStyle":15,"shape":null,"layoutText":null}],"mainLabel":318},"portCompositions":[{"type":"portGroup","@id":319,"ordered":false,"portCompositions":[{"type":"port","@id":320,"shape":{"type":"rect","xposition":"NaN","yposition":"NaN","width":"NaN","height":"NaN","shapeStyle":13},"labelManager":{"labels":[{"type":"textLabel","@id":321,"inputText":"3","labelStyle":15,"shape":null,"layoutText":null}],"mainLabel":321},"properties":{},"orientationAtVertex":"FREE","reference":null}],"properties":{},"reference":null}],"properties":{},"reference":null},{"@id":322,"shape":null,"labelManager":{"labels":[{"type":"textLabel","@id":323,"inputText":"Lukas","labelStyle":15,"shape":null,"layoutText":null}],"mainLabel":323},"portCompositions":[{"type":"portGroup","@id":324,"ordered":false,"portCompositions":[{"type":"port","@id":325,"shape":{"type":"rect","xposition":"NaN","yposition":"NaN","width":"NaN","height":"NaN","shapeStyle":13},"labelManager":{"labels":[{"type":"textLabel","@id":326,"inputText":"1","labelStyle":15,"shape":null,"layoutText":null}],"mainLabel":326},"properties":{},"orientationAtVertex":"FREE","reference":null}],"properties":{},"reference":null}],"properties":{},"reference":null}],"vertexGroups":[{"@id":327,"drawnFrame":false,"labelManager":{"labels":[],"mainLabel":null},"shape":null,"containedVertices":[1,20,301],"containedVertexGroups":[],"touchingPairs":[{"vertex0":1,"horizontalPlacementVertex0":"FREE","verticalPlacementVertex0":"TOP","vertex1":20,"horizontalPlacementVertex1":"FREE","verticalPlacementVertex1":"FREE"},{"vertex0":1,"horizontalPlacementVertex0":"FREE","verticalPlacementVertex0":"FREE","vertex1":301,"horizontalPlacementVertex1":"FREE","verticalPlacementVertex1":"FREE"}],"portPairings":[{"port0":6,"port1":23},{"port0":10,"port1":27},{"port0":8,"port1":25},{"port0":12,"port1":304},{"port0":16,"port1":306},{"port0":18,"port1":308}],"properties":{},"reference":null},{"@id":328,"drawnFrame":false,"labelManager":{"labels":[],"mainLabel":null},"shape":null,"containedVertices":[33,38],"containedVertexGroups":[],"touchingPairs":[{"vertex0":33,"horizontalPlacementVertex0":"FREE","verticalPlacementVertex0":"TOP","vertex1":38,"horizontalPlacementVertex1":"FREE","verticalPlacementVertex1":"FREE"}],"portPairings":[{"port0":36,"port1":41}],"properties":{},"reference":null},{"@id":329,"drawnFrame":false,"labelManager":{"labels":[],"mainLabel":null},"shape":null,"containedVertices":[43,48],"containedVertexGroups":[],"touchingPairs":[{"vertex0":43,"horizontalPlacementVertex0":"FREE","verticalPlacementVertex0":"TOP","vertex1":48,"horizontalPlacementVertex1":"FREE","verticalPlacementVertex1":"FREE"}],"portPairings":[{"port0":46,"port1":51}],"properties":{},"reference":null},{"@id":330,"drawnFrame":false,"labelManager":{"labels":[],"mainLabel":null},"shape":null,"containedVertices":[61,76],"containedVertexGroups":[],"touchingPairs":[{"vertex0":61,"horizontalPlacementVertex0":"FREE","verticalPlacementVertex0":"TOP","vertex1":76,"horizontalPlacementVertex1":"FREE","verticalPlacementVertex1":"FREE"}],"portPairings":[{"port0":66,"port1":81},{"port0":68,"port1":83},{"port0":72,"port1":87},{"port0":70,"port1":85},{"port0":64,"port1":79},{"port0":74,"port1":89}],"properties":{},"reference":null},{"@id":331,"drawnFrame":false,"labelManager":{"labels":[],"mainLabel":null},"shape":null,"containedVertices":[119,130],"containedVertexGroups":[],"touchingPairs":[{"vertex0":119,"horizontalPlacementVertex0":"FREE","verticalPlacementVertex0":"TOP","vertex1":130,"horizontalPlacementVertex1":"FREE","verticalPlacementVertex1":"FREE"}],"portPairings":[{"port0":122,"port1":133},{"port0":124,"port1":135},{"port0":126,"port1":137},{"port0":128,"port1":139}],"properties":{},"reference":null},{"@id":332,"drawnFrame":false,"labelManager":{"labels":[],"mainLabel":null},"shape":null,"containedVertices":[141,150,289],"containedVertexGroups":[],"touchingPairs":[{"vertex0":141,"horizontalPlacementVertex0":"FREE","verticalPlacementVertex0":"TOP","vertex1":150,"horizontalPlacementVertex1":"FREE","verticalPlacementVertex1":"FREE"},{"vertex0":141,"horizontalPlacementVertex0":"FREE","verticalPlacementVertex0":"FREE","vertex1":289,"horizontalPlacementVertex1":"FREE","verticalPlacementVertex1":"FREE"}],"portPairings":[{"port0":146,"port1":155},{"port0":144,"port1":153},{"port0":148,"port1":292}],"properties":{},"reference":null},{"@id":333,"drawnFrame":false,"labelManager":{"labels":[],"mainLabel":null},"shape":null,"containedVertices":[157,166],"containedVertexGroups":[],"touchingPairs":[{"vertex0":157,"horizontalPlacementVertex0":"FREE","verticalPlacementVertex0":"TOP","vertex1":166,"horizontalPlacementVertex1":"FREE","verticalPlacementVertex1":"FREE"}],"portPairings":[{"port0":160,"port1":169},{"port0":162,"port1":171},{"port0":164,"port1":173}],"properties":{},"reference":null},{"@id":334,"drawnFrame":false,"labelManager":{"labels":[],"mainLabel":null},"shape":null,"containedVertices":[175,195,310],"containedVertexGroups":[],"touchingPairs":[{"vertex0":175,"horizontalPlacementVertex0":"FREE","verticalPlacementVertex0":"TOP","vertex1":195,"horizontalPlacementVertex1":"FREE","verticalPlacementVertex1":"FREE"},{"vertex0":175,"horizontalPlacementVertex0":"FREE","verticalPlacementVertex0":"FREE","vertex1":310,"horizontalPlacementVertex1":"FREE","verticalPlacementVertex1":"FREE"}],"portPairings":[{"port0":178,"port1":198},{"port0":180,"port1":200},{"port0":186,"port1":206},{"port0":188,"port1":208},{"port0":184,"port1":204},{"port0":182,"port1":202},{"port0":190,"port1":313},{"port0":192,"port1":315}],"properties":{},"reference":null},{"@id":335,"drawnFrame":false,"labelManager":{"labels":[],"mainLabel":null},"shape":null,"containedVertices":[214,228],"containedVertexGroups":[],"touchingPairs":[{"vertex0":214,"horizontalPlacementVertex0":"FREE","verticalPlacementVertex0":"TOP","vertex1":228,"horizontalPlacementVertex1":"FREE","verticalPlacementVertex1":"FREE"}],"portPairings":[{"port0":224,"port1":237},{"port0":218,"port1":231},{"port0":220,"port1":233},{"port0":222,"port1":235},{"port0":226,"port1":239}],"properties":{},"reference":null},{"@id":336,"drawnFrame":false,"labelManager":{"labels":[],"mainLabel":null},"shape":null,"containedVertices":[245,252],"containedVertexGroups":[],"touchingPairs":[{"vertex0":245,"horizontalPlacementVertex0":"FREE","verticalPlacementVertex0":"TOP","vertex1":252,"horizontalPlacementVertex1":"FREE","verticalPlacementVertex1":"FREE"}],"portPairings":[{"port0":250,"port1":257},{"port0":248,"port1":255}],"properties":{},"reference":null},{"@id":337,"drawnFrame":false,"labelManager":{"labels":[],"mainLabel":null},"shape":null,"containedVertices":[263,278,294,317,322],"containedVertexGroups":[],"touchingPairs":[{"vertex0":263,"horizontalPlacementVertex0":"FREE","verticalPlacementVertex0":"TOP","vertex1":278,"horizontalPlacementVertex1":"FREE","verticalPlacementVertex1":"FREE"},{"vertex0":263,"horizontalPlacementVertex0":"FREE","verticalPlacementVertex0":"FREE","vertex1":294,"horizontalPlacementVertex1":"FREE","verticalPlacementVertex1":"FREE"},{"vertex0":263,"horizontalPlacementVertex0":"FREE","verticalPlacementVertex0":"FREE","vertex1":317,"horizontalPlacementVertex1":"FREE","verticalPlacementVertex1":"FREE"},{"vertex0":263,"horizontalPlacementVertex0":"FREE","verticalPlacementVertex0":"FREE","vertex1":322,"horizontalPlacementVertex1":"FREE","verticalPlacementVertex1":"FREE"}],"portPairings":[{"port0":266,"port1":281},{"port0":268,"port1":283},{"port0":270,"port1":297},{"port0":272,"port1":320},{"port0":274,"port1":325},{"port0":276,"port1":299}],"properties":{},"reference":null}],"edges":[{"@id":338,"ports":[231,164],"labelManager":{"innerLabels":[{"type":"textLabel","@id":339,"inputText":"Linus","labelStyle":4,"shape":null,"layoutText":null}],"allPortLabels":[],"mainLabel":339},"pathStyle":{"@id":340,"description":"default path style","thickness":-1.0,"color":{"argb":"ff000000"}},"paths":[],"properties":{},"reference":null},{"@id":341,"ports":[243,81],"labelManager":{"innerLabels":[{"type":"textLabel","@id":342,"inputText":"Can","labelStyle":4,"shape":null,"layoutText":null}],"allPortLabels":[],"mainLabel":342},"pathStyle":340,"paths":[],"properties":{},"reference":null},{"@id":343,"ports":[237,162],"labelManager":{"innerLabels":[{"type":"textLabel","@id":344,"inputText":"Peter","labelStyle":4,"shape":null,"layoutText":null}],"allPortLabels":[],"mainLabel":344},"pathStyle":340,"paths":[],"properties":{},"reference":null},{"@id":345,"ports":[202,113],"labelManager":{"innerLabels":[{"type":"textLabel","@id":346,"inputText":"Noel","labelStyle":4,"shape":null,"layoutText":null}],"allPortLabels":[],"mainLabel":346},"pathStyle":340,"paths":[],"properties":{},"reference":null},{"@id":347,"ports":[109,257],"labelManager":{"innerLabels":[{"type":"textLabel","@id":348,"inputText":"Constantin","labelStyle":4,"shape":null,"layoutText":null}],"allPortLabels":[],"mainLabel":348},"pathStyle":340,"paths":[],"properties":{},"reference":null},{"@id":349,"ports":[79,198],"labelManager":{"innerLabels":[{"type":"textLabel","@id":350,"inputText":"Theodor","labelStyle":4,"shape":null,"layoutText":null}],"allPortLabels":[],"mainLabel":350},"pathStyle":340,"paths":[],"properties":{},"reference":null},{"@id":351,"ports":[243,23],"labelManager":{"innerLabels":[{"type":"textLabel","@id":352,"inputText":"Carl","labelStyle":4,"shape":null,"layoutText":null}],"allPortLabels":[],"mainLabel":352},"pathStyle":340,"paths":[],"properties":{},"reference":null},{"@id":353,"ports":[87,55],"labelManager":{"innerLabels":[{"type":"textLabel","@id":354,"inputText":"Ole","labelStyle":4,"shape":null,"layoutText":null}],"allPortLabels":[],"mainLabel":354},"pathStyle":340,"paths":[],"properties":{},"reference":null},{"@id":355,"ports":[83,208],"labelManager":{"innerLabels":[{"type":"textLabel","@id":356,"inputText":"Florian","labelStyle":4,"shape":null,"layoutText":null}],"allPortLabels":[],"mainLabel":356},"pathStyle":340,"paths":[],"properties":{},"reference":null},{"@id":357,"ports":[200,153],"labelManager":{"innerLabels":[{"type":"textLabel","@id":358,"inputText":"Sebastian","labelStyle":4,"shape":null,"layoutText":null}],"allPortLabels":[],"mainLabel":358},"pathStyle":340,"paths":[],"properties":{},"reference":null},{"@id":359,"ports":[287,204],"labelManager":{"innerLabels":[{"type":"textLabel","@id":360,"inputText":"Aaron","labelStyle":4,"shape":null,"layoutText":null}],"allPortLabels":[],"mainLabel":360},"pathStyle":340,"paths":[],"properties":{},"reference":null},{"@id":361,"ports":[255,261],"labelManager":{"innerLabels":[{"type":"textLabel","@id":362,"inputText":"Emir","labelStyle":4,"shape":null,"layoutText":null}],"allPortLabels":[],"mainLabel":362},"pathStyle":340,"paths":[],"properties":{},"reference":null},{"@id":363,"ports":[212,41],"labelManager":{"innerLabels":[{"type":"textLabel","@id":364,"inputText":"Jonah","labelStyle":4,"shape":null,"layoutText":null}],"allPortLabels":[],"mainLabel":364},"pathStyle":340,"paths":[],"properties":{},"reference":null},{"@id":365,"ports":[97,135,169],"labelManager":{"innerLabels":[{"type":"textLabel","@id":366,"inputText":"Joel","labelStyle":4,"shape":null,"layoutText":null}],"allPortLabels":[],"mainLabel":366},"pathStyle":340,"paths":[],"properties":{},"reference":null},{"@id":367,"ports":[124,283],"labelManager":{"innerLabels":[{"type":"textLabel","@id":368,"inputText":"Justus","labelStyle":4,"shape":null,"layoutText":null}],"allPortLabels":[],"mainLabel":368},"pathStyle":340,"paths":[],"properties":{},"reference":null},{"@id":369,"ports":[93,59],"labelManager":{"innerLabels":[{"type":"textLabel","@id":370,"inputText":"Martin","labelStyle":4,"shape":null,"layoutText":null}],"allPortLabels":[],"mainLabel":370},"pathStyle":340,"paths":[],"properties":{},"reference":null},{"@id":371,"ports":[85,206],"labelManager":{"innerLabels":[{"type":"textLabel","@id":372,"inputText":"Joshua","labelStyle":4,"shape":null,"layoutText":null}],"allPortLabels":[],"mainLabel":372},"pathStyle":340,"paths":[],"properties":{},"reference":null},{"@id":373,"ports":[27,55],"labelManager":{"innerLabels":[{"type":"textLabel","@id":374,"inputText":"Adam","labelStyle":4,"shape":null,"layoutText":null}],"allPortLabels":[],"mainLabel":374},"pathStyle":340,"paths":[],"properties":{},"reference":null},{"@id":375,"ports":[160,235],"labelManager":{"innerLabels":[{"type":"textLabel","@id":376,"inputText":"Valentin","labelStyle":4,"shape":null,"layoutText":null}],"allPortLabels":[],"mainLabel":376},"pathStyle":340,"paths":[],"properties":{},"reference":null},{"@id":377,"ports":[281,122],"labelManager":{"innerLabels":[{"type":"textLabel","@id":378,"inputText":"Michael","labelStyle":4,"shape":null,"layoutText":null}],"allPortLabels":[],"mainLabel":378},"pathStyle":340,"paths":[],"properties":{},"reference":null},{"@id":379,"ports":[25,287],"labelManager":{"innerLabels":[{"type":"textLabel","@id":380,"inputText":"Wilhelm","labelStyle":4,"shape":null,"layoutText":null}],"allPortLabels":[],"mainLabel":380},"pathStyle":340,"paths":[],"properties":{},"reference":null},{"@id":381,"ports":[155,113],"labelManager":{"innerLabels":[{"type":"textLabel","@id":382,"inputText":"Raphael","labelStyle":4,"shape":null,"layoutText":null}],"allPortLabels":[],"mainLabel":382},"pathStyle":340,"paths":[],"properties":{},"reference":null},{"@id":383,"ports":[59,31],"labelManager":{"innerLabels":[{"type":"textLabel","@id":384,"inputText":"Friedrich","labelStyle":15,"shape":null,"layoutText":null}],"allPortLabels":[],"mainLabel":384},"pathStyle":{"@id":385,"description":"default path style","thickness":-1.0,"color":{"argb":"ff000000"}},"paths":[],"properties":{},"reference":null},{"@id":386,"ports":[173,105],"labelManager":{"innerLabels":[{"type":"textLabel","@id":387,"inputText":"Mika","labelStyle":15,"shape":null,"layoutText":null}],"allPortLabels":[],"mainLabel":387},"pathStyle":385,"paths":[],"properties":{},"reference":null},{"@id":388,"ports":[233,41],"labelManager":{"innerLabels":[{"type":"textLabel","@id":389,"inputText":"Milan","labelStyle":15,"shape":null,"layoutText":null}],"allPortLabels":[],"mainLabel":389},"pathStyle":385,"paths":[],"properties":{},"reference":null},{"@id":390,"ports":[101,315],"labelManager":{"innerLabels":[{"type":"textLabel","@id":391,"inputText":"Jasper","labelStyle":15,"shape":null,"layoutText":null}],"allPortLabels":[],"mainLabel":391},"pathStyle":385,"paths":[],"properties":{},"reference":null},{"@id":392,"ports":[255,89],"labelManager":{"innerLabels":[{"type":"textLabel","@id":393,"inputText":"Benedikt","labelStyle":15,"shape":null,"layoutText":null}],"allPortLabels":[],"mainLabel":393},"pathStyle":385,"paths":[],"properties":{},"reference":null},{"@id":394,"ports":[51,171],"labelManager":{"innerLabels":[{"type":"textLabel","@id":395,"inputText":"Christian","labelStyle":15,"shape":null,"layoutText":null}],"allPortLabels":[],"mainLabel":395},"pathStyle":385,"paths":[],"properties":{},"reference":null},{"@id":396,"ports":[117,292],"labelManager":{"innerLabels":[{"type":"textLabel","@id":397,"inputText":"Konstantin","labelStyle":15,"shape":null,"layoutText":null}],"allPortLabels":[],"mainLabel":397},"pathStyle":385,"paths":[],"properties":{},"reference":null},{"@id":398,"ports":[308,59],"labelManager":{"innerLabels":[{"type":"textLabel","@id":399,"inputText":"Adrian","labelStyle":15,"shape":null,"layoutText":null}],"allPortLabels":[],"mainLabel":399},"pathStyle":385,"paths":[],"properties":{},"reference":null},{"@id":400,"ports":[239,304],"labelManager":{"innerLabels":[{"type":"textLabel","@id":401,"inputText":"Tobias","labelStyle":15,"shape":null,"layoutText":null}],"allPortLabels":[],"mainLabel":401},"pathStyle":385,"paths":[],"properties":{},"reference":null},{"@id":402,"ports":[325,313,297,128,137,126],"labelManager":{"innerLabels":[{"type":"textLabel","@id":403,"inputText":"Matteo","labelStyle":15,"shape":null,"layoutText":null}],"allPortLabels":[],"mainLabel":403},"pathStyle":385,"paths":[],"properties":{},"reference":null},{"@id":404,"ports":[297,126,128],"labelManager":{"innerLabels":[{"type":"textLabel","@id":405,"inputText":"Konstantin","labelStyle":15,"shape":null,"layoutText":null}],"allPortLabels":[],"mainLabel":405},"pathStyle":385,"paths":[],"properties":{},"reference":null}],"edgeBundles":[]}