{"vertices":[{"@id":1,"shape":{"type":"rect","xposition":"NaN","yposition":"NaN","width":"NaN","height":"NaN","shapeStyle":{"@id":2,"description":"default shape style","color":{"argb":"ff000000"}}},"labelManager":{"labels":[{"type":"textLabel","@id":3,"inputText":"Philipp","labelStyle":{"@id":4,"description":"default text label style","font":{"fontName":"SansSerif.plain","style":0,"size":10},"noBreak":false,"color":{"argb":"ff000000"},"showLabel":true,"placement":"FREE","horizontalPlacement":"FREE","verticalPlacement":"FREE"},"shape":null,"layoutText":null}],"mainLabel":3},"portCompositions":[{"type":"port","@id":5,"shape":{"type":"rect","xposition":"NaN","yposition":"NaN","width":"NaN","height":"NaN","shapeStyle":2},"labelManager":{"labels":[{"type":"textLabel","@id":6,"inputText":"1","labelStyle":4,"shape":null,"layoutText":null}],"mainLabel":6},"properties":{},"orientationAtVertex":"FREE","reference":null}],"properties":{},"reference":"splice"},{"@id":7,"shape":{"type":"rect","xposition":"NaN","yposition":"NaN","width":"NaN","height":"NaN","shapeStyle":2},"labelManager":{"labels":[{"type":"textLabel","@id":8,"inputText":"Luis","labelStyle":4,"shape":null,"layoutText":null}],"mainLabel":8},"portCompositions":[{"type":"portGroup","@id":9,"ordered":false,"portCompositions":[{"type":"port","@id":10,"shape":{"type":"rect","xposition":"NaN","yposition":"NaN","width":"NaN","height":"NaN","shapeStyle":2},"labelManager":{"labels":[{"type":"textLabel","@id":11,"inputText":"1","labelStyle":4,"shape":null,"layoutText":null}],"mainLabel":11},"properties":{},"orientationAtVertex":"FREE","reference":null}],"properties":{},"reference":null}],"properties":{},"reference":"plug"},{"@id":12,"shape":{"type":"rect","xposition":"NaN","yposition":"NaN","width":"NaN","height":"NaN","shapeStyle":2},"labelManager":{"labels":[{"type":"textLabel","@id":13,"inputText":"Liam","labelStyle":4,"shape":null,"layoutText":null}],"mainLabel":13},"portCompositions":[{"type":"portGroup","@id":14,"ordered":false,"portCompositions":[{"type":"port","@id":15,"shape":{"type":"rect","xposition":"NaN","yposition":"NaN","width":"NaN","height":"NaN","shapeStyle":2},"labelManager":{"labels":[{"type":"textLabel","@id":16,"inputText":"1","labelStyle":4,"shape":null,"layoutText":null}],"mainLabel":16},"properties":{},"orientationAtVertex":"FREE","reference":null}],"properties":{},"reference":null}],"properties":{},"reference":"plug"},{"@id":17,"shape":{"type":"rect","xposition":"NaN","yposition":"NaN","width":"NaN","height":"NaN","shapeStyle":2},"labelManager":{"labels":[{"type":"textLabel","@id":18,"inputText":"Julius","labelStyle":4,"shape":null,"layoutText":null}],"mainLabel":18},"portCompositions":[{"type":"portGroup","@id":19,"ordered":false,"portCompositions":[{"type":"port","@id":20,"shape":{"type":"rect","xposition":"NaN","yposition":"NaN","width":"NaN","height":"NaN","shapeStyle":2},"labelManager":{"labels":[{"type":"textLabel","@id":21,"inputText":"1","labelStyle":4,"shape":null,"layoutText":null}],"mainLabel":21},"properties":{},"orientationAtVertex":"FREE","reference":null},{"type":"port","@id":22,"shape":{"type":"rect","xposition":"NaN","yposition":"NaN","width":"NaN","height":"NaN","shapeStyle":2},"labelManager":{"labels":[{"type":"textLabel","@id":23,"inputText":"2","labelStyle":4,"shape":null,"layoutText":null}],"mainLabel":23},"properties":{},"orientationAtVertex":"FREE","reference":null}],"properties":{},"reference":null}],"properties":{},"reference":"plug"},{"@id":24,"shape":{"type":"rect","xposition":"NaN","yposition":"NaN","width":"NaN","height":"NaN","shapeStyle":2},"labelManager":{"labels":[{"type":"textLabel","@id":25,"inputText":"Maximilian","labelStyle":4,"shape":null,"layoutText":null}],"mainLabel":25},"portCompositions":[{"type":"portGroup","@id":26,"ordered":false,"portCompositions":[{"type":"port","@id":27,"shape":{"type":"rect","xposition":"NaN","yposition":"NaN","width":"NaN","height":"NaN","shapeStyle":2},"labelManager":{"labels":[{"type":"textLabel","@id":28,"inputText":"1","labelStyle":4,"shape":null,"layoutText":null}],"mainLabel":28},"properties":{},"orientationAtVertex":"FREE","reference":null},{"type":"port","@id":29,"shape":{"type":"rect","xposition":"NaN","yposition":"NaN","width":"NaN","height":"NaN","shapeStyle":2},"labelManager":{"labels":[{"type":"textLabel","@id":30,"inputText":"2","labelStyle":4,"shape":null,"layoutText":null}],"mainLabel":30},"properties":{},"orientationAtVertex":"FREE","reference":null}],"properties":{},"reference":null}],"properties":{},"reference":"plug"},{"@id":31,"shape":{"type":"rect","xposition":"NaN","yposition":"NaN","width":"NaN","height":"NaN","shapeStyle":2},"labelManager":{"labels":[{"type":"textLabel","@id":32,"inputText":"Tim","labelStyle":4,"shape":null,"layoutText":null}],"mainLabel":32},"portCompositions":[{"type":"port","@id":33,"shape":{"type":"rect","xposition":"NaN","yposition":"NaN","width":"NaN","height":"NaN","shapeStyle":2},"labelManager":{"labels":[{"type":"textLabel","@id":34,"inputText":"1","labelStyle":4,"shape":null,"layoutText":null}],"mainLabel":34},"properties":{},"orientationAtVertex":"FREE","reference":null}],"properties":{},"reference":"splice"},{"@id":35,"shape":{"type":"rect","xposition":"NaN","yposition":"NaN","width":"NaN","height":"NaN","shapeStyle":2},"labelManager":{"labels":[{"type":"textLabel","@id":36,"inputText":"Niklas","labelStyle":4,"shape":null,"layoutText":null}],"mainLabel":36},"portCompositions":[{"type":"portGroup","@id":37,"ordered":false,"portCompositions":[],"properties":{},"reference":null},{"type":"portGroup","@id":38,"ordered":false,"portCompositions":[{"type":"port","@id":39,"shape":{"type":"rect","xposition":"NaN","yposition":"NaN","width":"NaN","height":"NaN","shapeStyle":2},"labelManager":{"labels":[{"type":"textLabel","@id":40,"inputText":"1","labelStyle":4,"shape":null,"layoutText":null}],"mainLabel":40},"properties":{},"orientationAtVertex":"FREE","reference":null},{"type":"port","@id":41,"shape":{"type":"rect","xposition":"NaN","yposition":"NaN","width":"NaN","height":"NaN","shapeStyle":{"@id":42,"description":"default shape style","color":{"argb":"ff000000"}}},"labelManager":{"labels":[{"type":"textLabel","@id":43,"inputText":"4","labelStyle":{"@id":44,"description":"default text label style","font":{"fontName":"SansSerif.plain","style":0,"size":10},"noBreak":false,"color":{"argb":"ff000000"},"showLabel":true,"placement":"FREE","horizontalPlacement":"FREE","verticalPlacement":"FREE"},"shape":null,"layoutText":null}],"mainLabel":43},"properties":{},"orientationAtVertex":"FREE","reference":null},{"type":"port","@id":45,"shape":{"type":"rect","xposition":"NaN","yposition":"NaN","width":"NaN","height":"NaN","shapeStyle":42},"labelManager":{"labels":[{"type":"textLabel","@id":46,"inputText":"5","labelStyle":44,"shape":null,"layoutText":null}],"mainLabel":46},"properties":{},"orientationAtVertex":"FREE","reference":null},{"type":"port","@id":47,"shape":{"type":"rect","xposition":"NaN","yposition":"NaN","width":"NaN","height":"NaN","shapeStyle":42},"labelManager":{"labels":[{"type":"textLabel","@id":48,"inputText":"3","labelStyle":44,"shape":null,"layoutText":null}],"mainLabel":48},"properties":{},"orientationAtVertex":"FREE","reference":null},{"type":"port","@id":49,"shape":{"type":"rect","xposition":"NaN","yposition":"NaN","width":"NaN","height":"NaN","shapeStyle":42},"labelManager":{"labels":[{"type":"textLabel","@id":50,"inputText":"2","labelStyle":44,"shape":null,"layoutText":null}],"mainLabel":50},"properties":{},"orientationAtVertex":"FREE","reference":null}],"properties":{},"reference":null}],"properties":{},"reference":"device"},{"@id":51,"shape":{"type":"rect","xposition":"NaN","yposition":"NaN","width":"NaN","height":"NaN","shapeStyle":2},"labelManager":{"labels":[{"type":"textLabel","@id":52,"inputText":"Louis","labelStyle":4,"shape":null,"layoutText":null}],"mainLabel":52},"portCompositions":[{"type":"portGroup","@id":53,"ordered":false,"portCompositions":[{"type":"port","@id":54,"shape":{"type":"rect","xposition":"NaN","yposition":"NaN","width":"NaN","height":"NaN","shapeStyle":2},"labelManager":{"labels":[{"type":"textLabel","@id":55,"inputText":"1","labelStyle":4,"shape":null,"layoutText":null}],"mainLabel":55},"properties":{},"orientationAtVertex":"FREE","reference":null},{"type":"port","@id":56,"shape":{"type":"rect","xposition":"NaN","yposition":"NaN","width":"NaN","height":"NaN","shapeStyle":42},"labelManager":{"labels":[{"type":"textLabel","@id":57,"inputText":"4","labelStyle":44,"shape":null,"layoutText":null}],"mainLabel":57},"properties":{},"orientationAtVertex":"FREE","reference":null},{"type":"port","@id":58,"shape":{"type":"rect","xposition":"NaN","yposition":"NaN","width":"NaN","height":"NaN","shapeStyle":42},"labelManager":{"labels":[{"type":"textLabel","@id":59,"inputText":"5","labelStyle":44,"shape":null,"layoutText":null}],"mainLabel":59},"properties":{},"orientationAtVertex":"FREE","reference":null},{"type":"port","@id":60,"shape":{"type":"rect","xposition":"NaN","yposition":"NaN","width":"NaN","height":"NaN","shapeStyle":42},"labelManager":{"labels":[{"type":"textLabel","@id":61,"inputText":"3","labelStyle":44,"shape":null,"layoutText":null}],"mainLabel":61},"properties":{},"orientationAtVertex":"FREE","reference":null},{"type":"port","@id":62,"shape":{"type":"rect","xposition":"NaN","yposition":"NaN","width":"NaN","height":"NaN","shapeStyle":42},"labelManager":{"labels":[{"type":"textLabel","@id":63,"inputText":"2","labelStyle":44,"shape":null,"layoutText":null}],"mainLabel":63},"properties":{},"orientationAtVertex":"FREE","reference":null}],"properties":{},"reference":null}],"properties":{},"reference":"plug"},{"@id":64,"shape":{"type":"rect","xposition":"NaN","yposition":"NaN","width":"NaN","height":"NaN","shapeStyle":2},"labelManager":{"labels":[{"type":"textLabel","@id":65,"inputText":"Johannes","labelStyle":4,"shape":null,"layoutText":null}],"mainLabel":65},"portCompositions":[{"type":"port","@id":66,"shape":{"type":"rect","xposition":"NaN","yposition":"NaN","width":"NaN","height":"NaN","shapeStyle":2},"labelManager":{"labels":[{"type":"textLabel","@id":67,"inputText":"1","labelStyle":4,"shape":null,"layoutText":null}],"mainLabel":67},"properties":{},"orientationAtVertex":"FREE","reference":null}],"properties":{},"reference":"splice"},{"@id":68,"shape":{"type":"rect","xposition":"NaN","yposition":"NaN","width":"NaN","height":"NaN","shapeStyle":2},"labelManager":{"labels":[{"type":"textLabel","@id":69,"inputText":"Henri","labelStyle":4,"shape":null,"layoutText":null}],"mainLabel":69},"portCompositions":[{"type":"portGroup","@id":70,"ordered":false,"portCompositions":[{"type":"port","@id":71,"shape":{"type":"rect","xposition":"NaN","yposition":"NaN","width":"NaN","height":"NaN","shapeStyle":2},"labelManager":{"labels":[{"type":"textLabel","@id":72,"inputText":"2","labelStyle":4,"shape":null,"layoutText":null}],"mainLabel":72},"properties":{},"orientationAtVertex":"FREE","reference":null},{"type":"port","@id":73,"shape":{"type":"rect","xposition":"NaN","yposition":"NaN","width":"NaN","height":"NaN","shapeStyle":42},"labelManager":{"labels":[{"type":"textLabel","@id":74,"inputText":"1","labelStyle":44,"shape":null,"layoutText":null}],"mainLabel":74},"properties":{},"orientationAtVertex":"FREE","reference":null}],"properties":{},"reference":null}],"properties":{},"reference":"plug"},{"@id":75,"shape":{"type":"rect","xposition":"NaN","yposition":"NaN","width":"NaN","height":"NaN","shapeStyle":2},"labelManager":{"labels":[{"type":"textLabel","@id":76,"inputText":"Luca","labelStyle":4,"shape":null,"layoutText":null}],"mainLabel":76},"portCompositions":[{"type":"portGroup","@id":77,"ordered":false,"portCompositions":[{"type":"port","@id":78,"shape":{"type":"rect","xposition":"NaN","yposition":"NaN","width":"NaN","height":"NaN","shapeStyle":2},"labelManager":{"labels":[{"type":"textLabel","@id":79,"inputText":"2","labelStyle":4,"shape":null,"layoutText":null}],"mainLabel":79},"properties":{},"orientationAtVertex":"FREE","reference":null},{"type":"port","@id":80,"shape":{"type":"rect","xposition":"NaN","yposition":"NaN","width":"NaN","height":"NaN","shapeStyle":42},"labelManager":{"labels":[{"type":"textLabel","@id":81,"inputText":"1","labelStyle":44,"shape":null,"layoutText":null}],"mainLabel":81},"properties":{},"orientationAtVertex":"FREE","reference":null}],"properties":{},"reference":null}],"properties":{},"reference":"plug"},{"@id":82,"shape":{"type":"rect","xposition":"NaN","yposition":"NaN","width":"NaN","height":"NaN","shapeStyle":2},"labelManager":{"labels":[{"type":"textLabel","@id":83,"inputText":"Leon","labelStyle":4,"shape":null,"layoutText":null}],"mainLabel":83},"portCompositions":[{"type":"portGroup","@id":84,"ordered":false,"portCompositions":[{"type":"port","@id":85,"shape":{"type":"rect","xposition":"NaN","yposition":"NaN","width":"NaN","height":"NaN","shapeStyle":2},"labelManager":{"labels":[{"type":"textLabel","@id":86,"inputText":"3","labelStyle":4,"shape":null,"layoutText":null}],"mainLabel":86},"properties":{},"orientationAtVertex":"FREE","reference":null},{"type":"port","@id":87,"shape":{"type":"rect","xposition":"NaN","yposition":"NaN","width":"NaN","height":"NaN","shapeStyle":2},"labelManager":{"labels":[{"type":"textLabel","@id":88,"inputText":"4","labelStyle":4,"shape":null,"layoutText":null}],"mainLabel":88},"properties":{},"orientationAtVertex":"FREE","reference":null},{"type":"port","@id":89,"shape":{"type":"rect","xposition":"NaN","yposition":"NaN","width":"NaN","height":"NaN","shapeStyle":2},"labelManager":{"labels":[{"type":"textLabel","@id":90,"inputText":"1","labelStyle":4,"shape":null,"layoutText":null}],"mainLabel":90},"properties":{},"orientationAtVertex":"FREE","reference":null},{"type":"port","@id":91,"shape":{"type":"rect","xposition":"NaN","yposition":"NaN","width":"NaN","height":"NaN","shapeStyle":2},"labelManager":{"labels":[{"type":"textLabel","@id":92,"inputText":"5","labelStyle":4,"shape":null,"layoutText":null}],"mainLabel":92},"properties":{},"orientationAtVertex":"FREE","reference":null},{"type":"port","@id":93,"shape":{"type":"rect","xposition":"NaN","yposition":"NaN","width":"NaN","height":"NaN","shapeStyle":42},"labelManager":{"labels":[{"type":"textLabel","@id":94,"inputText":"2","labelStyle":44,"shape":null,"layoutText":null}],"mainLabel":94},"properties":{},"orientationAtVertex":"FREE","reference":null}],"properties":{},"reference":null}],"properties":{},"reference":"device"},{"@id":95,"shape":{"type":"rect","xposition":"NaN","yposition":"NaN","width":"NaN","height":"NaN","shapeStyle":2},"labelManager":{"labels":[{"type":"textLabel","@id":96,"inputText":"Oskar","labelStyle":4,"shape":null,"layoutText":null}],"mainLabel":96},"portCompositions":[{"type":"portGroup","@id":97,"ordered":false,"portCompositions":[{"type":"port","@id":98,"shape":{"type":"rect","xposition":"NaN","yposition":"NaN","width":"NaN","height":"NaN","shapeStyle":2},"labelManager":{"labels":[{"type":"textLabel","@id":99,"inputText":"3","labelStyle":4,"shape":null,"layoutText":null}],"mainLabel":99},"properties":{},"orientationAtVertex":"FREE","reference":null},{"type":"port","@id":100,"shape":{"type":"rect","xposition":"NaN","yposition":"NaN","width":"NaN","height":"NaN","shapeStyle":2},"labelManager":{"labels":[{"type":"textLabel","@id":101,"inputText":"4","labelStyle":4,"shape":null,"layoutText":null}],"mainLabel":101},"properties":{},"orientationAtVertex":"FREE","reference":null},{"type":"port","@id":102,"shape":{"type":"rect","xposition":"NaN","yposition":"NaN","width":"NaN","height":"NaN","shapeStyle":2},"labelManager":{"labels":[{"type":"textLabel","@id":103,"inputText":"1","labelStyle":4,"shape":null,"layoutText":null}],"mainLabel":103},"properties":{},"orientationAtVertex":"FREE","reference":null},{"type":"port","@id":104,"shape":{"type":"rect","xposition":"NaN","yposition":"NaN","width":"NaN","height":"NaN","shapeStyle":2},"labelManager":{"labels":[{"type":"textLabel","@id":105,"inputText":"5","labelStyle":4,"shape":null,"layoutText":null}],"mainLabel":105},"properties":{},"orientationAtVertex":"FREE","reference":null},{"type":"port","@id":106,"shape":{"type":"rect","xposition":"NaN","yposition":"NaN","width":"NaN","height":"NaN","shapeStyle":42},"labelManager":{"labels":[{"type":"textLabel","@id":107,"inputText":"2","labelStyle":44,"shape":null,"layoutText":null}],"mainLabel":107},"properties":{},"orientationAtVertex":"FREE","reference":null}],"properties":{},"reference":null}],"properties":{},"reference":"plug"},{"@id":108,"shape":{"type":"rect","xposition":"NaN","yposition":"NaN","width":"NaN","height":"NaN","shapeStyle":2},"labelManager":{"labels":[{"type":"textLabel","@id":109,"inputText":"Finn","labelStyle":4,"shape":null,"layoutText":null}],"mainLabel":109},"portCompositions":[{"type":"port","@id":110,"shape":{"type":"rect","xposition":"NaN","yposition":"NaN","width":"NaN","height":"NaN","shapeStyle":2},"labelManager":{"labels":[{"type":"textLabel","@id":111,"inputText":"1","labelStyle":4,"shape":null,"layoutText":null}],"mainLabel":111},"properties":{},"orientationAtVertex":"FREE","reference":null}],"properties":{},"reference":"splice"},{"@id":112,"shape":{"type":"rect","xposition":"NaN","yposition":"NaN","width":"NaN","height":"NaN","shapeStyle":2},"labelManager":{"labels":[{"type":"textLabel","@id":113,"inputText":"Benjamin","labelStyle":4,"shape":null,"layoutText":null}],"mainLabel":113},"portCompositions":[{"type":"portGroup","@id":114,"ordered":false,"portCompositions":[{"type":"port","@id":115,"shape":{"type":"rect","xposition":"NaN","yposition":"NaN","width":"NaN","height":"NaN","shapeStyle":2},"labelManager":{"labels":[{"type":"textLabel","@id":116,"inputText":"1","labelStyle":4,"shape":null,"layoutText":null}],"mainLabel":116},"properties":{},"orientationAtVertex":"FREE","reference":null},{"type":"port","@id":117,"shape":{"type":"rect","xposition":"NaN","yposition":"NaN","width":"NaN","height":"NaN","shapeStyle":2},"labelManager":{"labels":[{"type":"textLabel","@id":118,"inputText":"2","labelStyle":4,"shape":null,"layoutText":null}],"mainLabel":118},"properties":{},"orientationAtVertex":"FREE","reference":null},{"type":"port","@id":119,"shape":{"type":"rect","xposition":"NaN","yposition":"NaN","width":"NaN","height":"NaN","shapeStyle":2},"labelManager":{"labels":[{"type":"textLabel","@id":120,"inputText":"4","labelStyle":4,"shape":null,"layoutText":null}],"mainLabel":120},"properties":{},"orientationAtVertex":"FREE","reference":null},{"type":"port","@id":121,"shape":{"type":"rect","xposition":"NaN","yposition":"NaN","width":"NaN","height":"NaN","shapeStyle":42},"labelManager":{"labels":[{"type":"textLabel","@id":122,"inputText":"3","labelStyle":44,"shape":null,"layoutText":null}],"mainLabel":122},"properties":{},"orientationAtVertex":"FREE","reference":null}],"properties":{},"reference":null}],"properties":{},"reference":"plug"},{"@id":123,"shape":{"type":"rect","xposition":"NaN","yposition":"NaN","width":"NaN","height":"NaN","shapeStyle":2},"labelManager":{"labels":[{"type":"textLabel","@id":124,"inputText":"Moritz","labelStyle":4,"shape":null,"layoutText":null}],"mainLabel":124},"portCompositions":[{"type":"portGroup","@id":125,"ordered":false,"portCompositions":[{"type":"port","@id":126,"shape":{"type":"rect","xposition":"NaN","yposition":"NaN","width":"NaN","height":"NaN","shapeStyle":2},"labelManager":{"labels":[{"type":"textLabel","@id":127,"inputText":"1","labelStyle":4,"shape":null,"layoutText":null}],"mainLabel":127},"properties":{},"orientationAtVertex":"FREE","reference":null},{"type":"port","@id":128,"shape":{"type":"rect","xposition":"NaN","yposition":"NaN","width":"NaN","height":"NaN","shapeStyle":2},"labelManager":{"labels":[{"type":"textLabel","@id":129,"inputText":"2","labelStyle":4,"shape":null,"layoutText":null}],"mainLabel":129},"properties":{},"orientationAtVertex":"FREE","reference":null},{"type":"port","@id":130,"shape":{"type":"rect","xposition":"NaN","yposition":"NaN","width":"NaN","height":"NaN","shapeStyle":2},"labelManager":{"labels":[{"type":"textLabel","@id":131,"inputText":"4","labelStyle":4,"shape":null,"layoutText":null}],"mainLabel":131},"properties":{},"orientationAtVertex":"FREE","reference":null},{"type":"port","@id":132,"shape":{"type":"rect","xposition":"NaN","yposition":"NaN","width":"NaN","height":"NaN","shapeStyle":42},"labelManager":{"labels":[{"type":"textLabel","@id":133,"inputText":"3","labelStyle":44,"shape":null,"layoutText":null}],"mainLabel":133},"properties":{},"orientationAtVertex":"FREE","reference":null}],"properties":{},"reference":null}],"properties":{},"reference":"plug"},{"@id":134,"shape":{"type":"rect","xposition":"NaN","yposition":"NaN","width":"NaN","height":"NaN","shapeStyle":2},"labelManager":{"labels":[{"type":"textLabel","@id":135,"inputText":"Karl","labelStyle":4,"shape":null,"layoutText":null}],"mainLabel":135},"portCompositions":[{"type":"portGroup","@id":136,"ordered":false,"portCompositions":[{"type":"port","@id":137,"shape":{"type":"rect","xposition":"NaN","yposition":"NaN","width":"NaN","height":"NaN","shapeStyle":2},"labelManager":{"labels":[{"type":"textLabel","@id":138,"inputText":"1","labelStyle":4,"shape":null,"layoutText":null}],"mainLabel":138},"properties":{},"orientationAtVertex":"FREE","reference":null},{"type":"port","@id":139,"shape":{"type":"rect","xposition":"NaN","yposition":"NaN","width":"NaN","height":"NaN","shapeStyle":42},"labelManager":{"labels":[{"type":"textLabel","@id":140,"inputText":"2","labelStyle":44,"shape":null,"layoutText":null}],"mainLabel":140},"properties":{},"orientationAtVertex":"FREE","reference":null}],"properties":{},"reference":null}],"properties":{},"reference":"device"},{"@id":141,"shape":{"type":"rect","xposition":"NaN","yposition":"NaN","width":"NaN","height":"NaN","shapeStyle":2},"labelManager":{"labels":[{"type":"textLabel","@id":142,"inputText":"Paul","labelStyle":4,"shape":null,"layoutText":null}],"mainLabel":142},"portCompositions":[{"type":"portGroup","@id":143,"ordered":false,"portCompositions":[{"type":"port","@id":144,"shape":{"type":"rect","xposition":"NaN","yposition":"NaN","width":"NaN","height":"NaN","shapeStyle":2},"labelManager":{"labels":[{"type":"textLabel","@id":145,"inputText":"1","labelStyle":4,"shape":null,"layoutText":null}],"mainLabel":145},"properties":{},"orientationAtVertex":"FREE","reference":null},{"type":"port","@id":146,"shape":{"type":"rect","xposition":"NaN","yposition":"NaN","width":"NaN","height":"NaN","shapeStyle":42},"labelManager":{"labels":[{"type":"textLabel","@id":147,"inputText":"2","labelStyle":44,"shape":null,"layoutText":null}],"mainLabel":147},"properties":{},"orientationAtVertex":"FREE","reference":null}],"properties":{},"reference":null}],"properties":{},"reference":"plug"},{"@id":148,"shape":{"type":"rect","xposition":"NaN","yposition":"NaN","width":"NaN","height":"NaN","shapeStyle":2},"labelManager":{"labels":[{"type":"textLabel","@id":149,"inputText":"Jonas","labelStyle":4,"shape":null,"layoutText":null}],"mainLabel":149},"portCompositions":[{"type":"port","@id":150,"shape":{"type":"rect","xposition":"NaN","yposition":"NaN","width":"NaN","height":"NaN","shapeStyle":2},"labelManager":{"labels":[{"type":"textLabel","@id":151,"inputText":"1","labelStyle":4,"shape":null,"layoutText":null}],"mainLabel":151},"properties":{},"orientationAtVertex":"FREE","reference":null}],"properties":{},"reference":"splice"},{"@id":152,"shape":{"type":"rect","xposition":"NaN","yposition":"NaN","width":"NaN","height":"NaN","shapeStyle":2},"labelManager":{"labels":[{"type":"textLabel","@id":153,"inputText":"Lukas","labelStyle":4,"shape":null,"layoutText":null}],"mainLabel":153},"portCompositions":[{"type":"port","@id":154,"shape":{"type":"rect","xposition":"NaN","yposition":"NaN","width":"NaN","height":"NaN","shapeStyle":2},"labelManager":{"labels":[{"type":"textLabel","@id":155,"inputText":"1","labelStyle":4,"shape":null,"layoutText":null}],"mainLabel":155},"properties":{},"orientationAtVertex":"FREE","reference":null}],"properties":{},"reference":"splice"},{"@id":156,"shape":{"type":"rect","xposition":"NaN","yposition":"NaN","width":"NaN","height":"NaN","shapeStyle":2},"labelManager":{"labels":[{"type":"textLabel","@id":157,"inputText":"Theo","labelStyle":4,"shape":null,"layoutText":null}],"mainLabel":157},"portCompositions":[{"type":"port","@id":158,"shape":{"type":"rect","xposition":"NaN","yposition":"NaN","width":"NaN","height":"NaN","shapeStyle":2},"labelManager":{"labels":[{"type":"textLabel","@id":159,"inputText":"1","labelStyle":4,"shape":null,"layoutText":null}],"mainLabel":159},"properties":{},"orientationAtVertex":"FREE","reference":null}],"properties":{},"reference":"splice"},{"@id":160,"shape":{"type":"rect","xposition":"NaN","yposition":"NaN","width":"NaN","height":"NaN","shapeStyle":2},"labelManager":{"labels":[{"type":"textLabel","@id":161,"inputText":"Simon","labelStyle":4,"shape":null,"layoutText":null}],"mainLabel":161},"portCompositions":[{"type":"portGroup","@id":162,"ordered":false,"portCompositions":[{"type":"port","@id":163,"shape":{"type":"rect","xposition":"NaN","yposition":"NaN","width":"NaN","height":"NaN","shapeStyle":2},"labelManager":{"labels":[{"type":"textLabel","@id":164,"inputText":"2","labelStyle":4,"shape":null,"layoutText":null}],"mainLabel":164},"properties":{},"orientationAtVertex":"FREE","reference":null},{"type":"port","@id":165,"shape":{"type":"rect","xposition":"NaN","yposition":"NaN","width":"NaN","height":"NaN","shapeStyle":2},"labelManager":{"labels":[{"type":"textLabel","@id":166,"inputText":"1","labelStyle":4,"shape":null,"layoutText":null}],"mainLabel":166},"properties":{},"orientationAtVertex":"FREE","reference":null}],"properties":{},"reference":null}],"properties":{},"reference":"plug"},{"@id":167,"shape":{"type":"rect","xposition":"NaN","yposition":"NaN","width":"NaN","height":"NaN","shapeStyle":2},"labelManager":{"labels":[{"type":"textLabel","@id":168,"inputText":"Felix","labelStyle":4,"shape":null,"layoutText":null}],"mainLabel":168},"portCompositions":[{"type":"portGroup","@id":169,"ordered":false,"portCompositions":[{"type":"port","@id":170,"shape":{"type":"rect","xposition":"NaN","yposition":"NaN","width":"NaN","height":"NaN","shapeStyle":2},"labelManager":{"labels":[{"type":"textLabel","@id":171,"inputText":"2","labelStyle":4,"shape":null,"layoutText":null}],"mainLabel":171},"properties":{},"orientationAtVertex":"FREE","reference":null},{"type":"port","@id":172,"shape":{"type":"rect","xposition":"NaN","yposition":"NaN","width":"NaN","height":"NaN","shapeStyle":2},"labelManager":{"labels":[{"type":"textLabel","@id":173,"inputText":"1","labelStyle":4,"shape":null,"layoutText":null}],"mainLabel":173},"properties":{},"orientationAtVertex":"FREE","reference":null}],"properties":{},"reference":null}],"properties":{},"reference":"plug"},{"@id":174,"shape":{"type":"rect","xposition":"NaN","yposition":"NaN","width":"NaN","height":"NaN","shapeStyle":2},"labelManager":{"labels":[{"type":"textLabel","@id":175,"inputText":"Jan","labelStyle":4,"shape":null,"layoutText":null}],"mainLabel":175},"portCompositions":[{"type":"port","@id":176,"shape":{"type":"rect","xposition":"NaN","yposition":"NaN","width":"NaN","height":"NaN","shapeStyle":2},"labelManager":{"labels":[{"type":"textLabel","@id":177,"inputText":"1","labelStyle":4,"shape":null,"layoutText":null}],"mainLabel":177},"properties":{},"orientationAtVertex":"FREE","reference":null}],"properties":{},"reference":"splice"},{"@id":178,"shape":{"type":"rect","xposition":"NaN","yposition":"NaN","width":"NaN","height":"NaN","shapeStyle":2},"labelManager":{"labels":[{"type":"textLabel","@id":179,"inputText":"Samuel","labelStyle":4,"shape":null,"layoutText":null}],"mainLabel":179},"portCompositions":[{"type":"portGroup","@id":180,"ordered":false,"portCompositions":[{"type":"port","@id":181,"shape":{"type":"rect","xposition":"NaN","yposition":"NaN","width":"NaN","height":"NaN","shapeStyle":2},"labelManager":{"labels":[{"type":"textLabel","@id":182,"inputText":"2","labelStyle":4,"shape":null,"layoutText":null}],"mainLabel":182},"properties":{},"orientationAtVertex":"FREE","reference":null},{"type":"port","@id":183,"shape":{"type":"rect","xposition":"NaN","yposition":"NaN","width":"NaN","height":"NaN","shapeStyle":2},"labelManager":{"labels":[{"type":"textLabel","@id":184,"inputText":"1","labelStyle":4,"shape":null,"layoutText":null}],"mainLabel":184},"properties":{},"orientationAtVertex":"FREE","reference":null}],"properties":{},"reference":null}],"properties":{},"reference":"plug"},{"@id":185,"shape":{"type":"rect","xposition":"NaN","yposition":"NaN","width":"NaN","height":"NaN","shapeStyle":2},"labelManager":{"labels":[{"type":"textLabel","@id":186,"inputText":"Daniel","labelStyle":4,"shape":null,"layoutText":null}],"mainLabel":186},"portCompositions":[{"type":"portGroup","@id":187,"ordered":false,"portCompositions":[{"type":"port","@id":188,"shape":{"type":"rect","xposition":"NaN","yposition":"NaN","width":"NaN","height":"NaN","shapeStyle":2},"labelManager":{"labels":[{"type":"textLabel","@id":189,"inputText":"2","labelStyle":4,"shape":null,"layoutText":null}],"mainLabel":189},"properties":{},"orientationAtVertex":"FREE","reference":null},{"type":"port","@id":190,"shape":{"type":"rect","xposition":"NaN","yposition":"NaN","width":"NaN","height":"NaN","shapeStyle":2},"labelManager":{"labels":[{"type":"textLabel","@id":191,"inputText":"1","labelStyle":4,"shape":null,"layoutText":null}],"mainLabel":191},"properties":{},"orientationAtVertex":"FREE","reference":null}],"properties":{},"reference":null}],"properties":{},"reference":"plug"},{"@id":192,"shape":{"type":"rect","xposition":"NaN","yposition":"NaN","width":"NaN","height":"NaN","shapeStyle":2},"labelManager":{"labels":[{"type":"textLabel","@id":193,"inputText":"Gabriel","labelStyle":4,"shape":null,"layoutText":null}],"mainLabel":193},"portCompositions":[{"type":"port","@id":194,"shape":{"type":"rect","xposition":"NaN","yposition":"NaN","width":"NaN","height":"NaN","shapeStyle":2},"labelManager":{"labels":[{"type":"textLabel","@id":195,"inputText":"1","labelStyle":4,"shape":null,"layoutText":null}],"mainLabel":195},"properties":{},"orientationAtVertex":"FREE","reference":null}],"properties":{},"reference":"splice"},{"@id":196,"shape":{"type":"rect","xposition":"NaN","yposition":"NaN","width":"NaN","height":"NaN","shapeStyle":2},"labelManager":{"labels":[{"type":"textLabel","@id":197,"inputText":"Ben","labelStyle":4,"shape":null,"layoutText":null}],"mainLabel":197},"portCompositions":[{"type":"port","@id":198,"shape":{"type":"rect","xposition":"NaN","yposition":"NaN","width":"NaN","height":"NaN","shapeStyle":2},"labelManager":{"labels":[{"type":"textLabel","@id":199,"inputText":"1","labelStyle":4,"shape":null,"layoutText":null}],"mainLabel":199},"properties":{},"orientationAtVertex":"FREE","reference":null}],"properties":{},"reference":"splice"},{"@id":200,"shape":{"type":"rect","xposition":"NaN","yposition":"NaN","width":"NaN","height":"NaN","shapeStyle":2},"labelManager":{"labels":[{"type":"textLabel","@id":201,"inputText":"Mats","labelStyle":4,"shape":null,"layoutText":null}],"mainLabel":201},"portCompositions":[{"type":"port","@id":202,"shape":{"type":"rect","xposition":"NaN","yposition":"NaN","width":"NaN","height":"NaN","shapeStyle":2},"labelManager":{"labels":[{"type":"textLabel","@id":203,"inputText":"1","labelStyle":4,"shape":null,"layoutText":null}],"mainLabel":203},"properties":{},"orientationAtVertex":"FREE","reference":null}],"properties":{},"reference":"splice"},{"@id":204,"shape":{"type":"rect","xposition":"NaN","yposition":"NaN","width":"NaN","height":"NaN","shapeStyle":2},"labelManager":{"labels":[{"type":"textLabel","@id":205,"inputText":"Alexander","labelStyle":4,"shape":null,"layoutText":null}],"mainLabel":205},"portCompositions":[{"type":"portGroup","@id":206,"ordered":false,"portCompositions":[{"type":"port","@id":207,"shape":{"type":"rect","xposition":"NaN","yposition":"NaN","width":"NaN","height":"NaN","shapeStyle":2},"labelManager":{"labels":[{"type":"textLabel","@id":208,"inputText":"1","labelStyle":4,"shape":null,"layoutText":null}],"mainLabel":208},"properties":{},"orientationAtVertex":"FREE","reference":null},{"type":"port","@id":209,"shape":{"type":"rect","xposition":"NaN","yposition":"NaN","width":"NaN","height":"NaN","shapeStyle":2},"labelManager":{"labels":[{"type":"textLabel","@id":210,"inputText":"3","labelStyle":4,"shape":null,"layoutText":null}],"mainLabel":210},"properties":{},"orientationAtVertex":"FREE","reference":null},{"type":"port","@id":211,"shape":{"type":"rect","xposition":"NaN","yposition":"NaN","width":"NaN","height":"NaN","shapeStyle":2},"labelManager":{"labels":[{"type":"textLabel","@id":212,"inputText":"2","labelStyle":4,"shape":null,"layoutText":null}],"mainLabel":212},"properties":{},"orientationAtVertex":"FREE","reference":null},{"type":"port","@id":213,"shape":{"type":"rect","xposition":"NaN","yposition":"NaN","width":"NaN","height":"NaN","shapeStyle":2},"labelManager":{"labels":[{"type":"textLabel","@id":214,"inputText":"5","labelStyle":4,"shape":null,"layoutText":null}],"mainLabel":214},"properties":{},"orientationAtVertex":"FREE","reference":null},{"type":"port","@id":215,"shape":{"type":"rect","xposition":"NaN","yposition":"NaN","width":"NaN","height":"NaN","shapeStyle":2},"labelManager":{"labels":[{"type":"textLabel","@id":216,"inputText":"4","labelStyle":4,"shape":null,"layoutText":null}],"mainLabel":216},"properties":{},"orientationAtVertex":"FREE","reference":null}],"properties":{},"reference":null}],"properties":{},"reference":"plug"},{"@id":217,"shape":{"type":"rect","xposition":"NaN","yposition":"NaN","width":"NaN","height":"NaN","shapeStyle":2},"labelManager":{"labels":[{"type":"textLabel","@id":218,"inputText":"Valentin","labelStyle":4,"shape":null,"layoutText":null}],"mainLabel":218},"portCompositions":[{"type":"portGroup","@id":219,"ordered":false,"portCompositions":[{"type":"port","@id":220,"shape":{"type":"rect","xposition":"NaN","yposition":"NaN","width":"NaN","height":"NaN","shapeStyle":2},"labelManager":{"labels":[{"type":"textLabel","@id":221,"inputText":"1","labelStyle":4,"shape":null,"layoutText":null}],"mainLabel":221},"properties":{},"orientationAtVertex":"FREE","reference":null},{"type":"port","@id":222,"shape":{"type":"rect","xposition":"NaN","yposition":"NaN","width":"NaN","height":"NaN","shapeStyle":2},"labelManager":{"labels":[{"type":"textLabel","@id":223,"inputText":"3","labelStyle":4,"shape":null,"layoutText":null}],"mainLabel":223},"properties":{},"orientationAtVertex":"FREE","reference":null},{"type":"port","@id":224,"shape":{"type":"rect","xposition":"NaN","yposition":"NaN","width":"NaN","height":"NaN","shapeStyle":2},"labelManager":{"labels":[{"type":"textLabel","@id":225,"inputText":"2","labelStyle":4,"shape":null,"layoutText":null}],"mainLabel":225},"properties":{},"orientationAtVertex":"FREE","reference":null},{"type":"port","@id":226,"shape":{"type":"rect","xposition":"NaN","yposition":"NaN","width":"NaN","height":"NaN","shapeStyle":2},"labelManager":{"labels":[{"type":"textLabel","@id":227,"inputText":"5","labelStyle":4,"shape":null,"layoutText":null}],"mainLabel":227},"properties":{},"orientationAtVertex":"FREE","reference":null},{"type":"port","@id":228,"shape":{"type":"rect","xposition":"NaN","yposition":"NaN","width":"NaN","height":"NaN","shapeStyle":2},"labelManager":{"labels":[{"type":"textLabel","@id":229,"inputText":"4","labelStyle":4,"shape":null,"layoutText":null}],"mainLabel":229},"properties":{},"orientationAtVertex":"FREE","reference":null}],"properties":{},"reference":null}],"properties":{},"reference":"plug"},{"@id":230,"shape":{"type":"rect","xposition":"NaN","yposition":"NaN","width":"NaN","height":"NaN","shapeStyle":2},"labelManager":{"labels":[{"type":"textLabel","@id":231,"inputText":"Leonard","labelStyle":4,"shape":null,"layoutText":null}],"mainLabel":231},"portCompositions":[{"type":"portGroup","@id":232,"ordered":false,"portCompositions":[{"type":"port","@id":233,"shape":{"type":"rect","xposition":"NaN","yposition":"NaN","width":"NaN","height":"NaN","shapeStyle":2},"labelManager":{"labels":[{"type":"textLabel","@id":234,"inputText":"4","labelStyle":4,"shape":null,"layoutText":null}],"mainLabel":234},"properties":{},"orientationAtVertex":"FREE","reference":null},{"type":"port","@id":235,"shape":{"type":"rect","xposition":"NaN","yposition":"NaN","width":"NaN","height":"NaN","shapeStyle":2},"labelManager":{"labels":[{"type":"textLabel","@id":236,"inputText":"2","labelStyle":4,"shape":null,"layoutText":null}],"mainLabel":236},"properties":{},"orientationAtVertex":"FREE","reference":null},{"type":"port","@id":237,"shape":{"type":"rect","xposition":"NaN","yposition":"NaN","width":"NaN","height":"NaN","shapeStyle":42},"labelManager":{"labels":[{"type":"textLabel","@id":238,"inputText":"6","labelStyle":44,"shape":null,"layoutText":null}],"mainLabel":238},"properties":{},"orientationAtVertex":"FREE","reference":null},{"type":"port","@id":239,"shape":{"type":"rect","xposition":"NaN","yposition":"NaN","width":"NaN","height":"NaN","shapeStyle":42},"labelManager":{"labels":[{"type":"textLabel","@id":240,"inputText":"3","labelStyle":44,"shape":null,"layoutText":null}],"mainLabel":240},"properties":{},"orientationAtVertex":"FREE","reference":null},{"type":"port","@id":241,"shape":{"type":"rect","xposition":"NaN","yposition":"NaN","width":"NaN","height":"NaN","shapeStyle":42},"labelManager":{"labels":[{"type":"textLabel","@id":242,"inputText":"5","labelStyle":44,"shape":null,"layoutText":null}],"mainLabel":242},"properties":{},"orientationAtVertex":"FREE","reference":null},{"type":"port","@id":243,"shape":{"type":"rect","xposition":"NaN","yposition":"NaN","width":"NaN","height":"NaN","shapeStyle":42},"labelManager":{"labels":[{"type":"textLabel","@id":244,"inputText":"1","labelStyle":44,"shape":null,"layoutText":null}],"mainLabel":244},"properties":{},"orientationAtVertex":"FREE","reference":null}],"properties":{},"reference":null}],"properties":{},"reference":"device"},{"@id":245,"shape":{"type":"rect","xposition":"NaN","yposition":"NaN","width":"NaN","height":"NaN","shapeStyle":2},"labelManager":{"labels":[{"type":"textLabel","@id":246,"inputText":"Noah","labelStyle":4,"shape":null,"layoutText":null}],"mainLabel":246},"portCompositions":[{"type":"portGroup","@id":247,"ordered":false,"portCompositions":[{"type":"port","@id":248,"shape":{"type":"rect","xposition":"NaN","yposition":"NaN","width":"NaN","height":"NaN","shapeStyle":2},"labelManager":{"labels":[{"type":"textLabel","@id":249,"inputText":"4","labelStyle":4,"shape":null,"layoutText":null}],"mainLabel":249},"properties":{},"orientationAtVertex":"FREE","reference":null},{"type":"port","@id":250,"shape":{"type":"rect","xposition":"NaN","yposition":"NaN","width":"NaN","height":"NaN","shapeStyle":2},"labelManager":{"labels":[{"type":"textLabel","@id":251,"inputText":"2","labelStyle":4,"shape":null,"layoutText":null}],"mainLabel":251},"properties":{},"orientationAtVertex":"FREE","reference":null},{"type":"port","@id":252,"shape":{"type":"rect","xposition":"NaN","yposition":"NaN","width":"NaN","height":"NaN","shapeStyle":42},"labelManager":{"labels":[{"type":"textLabel","@id":253,"inputText":"6","labelStyle":44,"shape":null,"layoutText":null}],"mainLabel":253},"properties":{},"orientationAtVertex":"FREE","reference":null},{"type":"port","@id":254,"shape":{"type":"rect","xposition":"NaN","yposition":"NaN","width":"NaN","height":"NaN","shapeStyle":42},"labelManager":{"labels":[{"type":"textLabel","@id":255,"inputText":"3","labelStyle":44,"shape":null,"layoutText":null}],"mainLabel":255},"properties":{},"orientationAtVertex":"FREE","reference":null},{"type":"port","@id":256,"shape":{"type":"rect","xposition":"NaN","yposition":"NaN","width":"NaN","height":"NaN","shapeStyle":42},"labelManager":{"labels":[{"type":"textLabel","@id":257,"inputText":"5","labelStyle":44,"shape":null,"layoutText":null}],"mainLabel":257},"properties":{},"orientationAtVertex":"FREE","reference":null},{"type":"port","@id":258,"shape":{"type":"rect","xposition":"NaN","yposition":"NaN","width":"NaN","height":"NaN","shapeStyle":42},"labelManager":{"labels":[{"type":"textLabel","@id":259,"inputText":"1","labelStyle":44,"shape":null,"layoutText":null}],"mainLabel":259},"properties":{},"orientationAtVertex":"FREE","reference":null}],"properties":{},"reference":null}],"properties":{},"reference":"plug"},{"@id":260,"shape":{"type":"rect","xposition":"NaN","yposition":"NaN","width":"NaN","height":"NaN","shapeStyle":2},"labelManager":{"labels":[{"type":"textLabel","@id":261,"inputText":"Tom","labelStyle":4,"shape":null,"layoutText":null}],"mainLabel":261},"portCompositions":[{"type":"portGroup","@id":262,"ordered":false,"portCompositions":[{"type":"port","@id":263,"shape":{"type":"rect","xposition":"NaN","yposition":"NaN","width":"NaN","height":"NaN","shapeStyle":2},"labelManager":{"labels":[{"type":"textLabel","@id":264,"inputText":"2","labelStyle":4,"shape":null,"layoutText":null}],"mainLabel":264},"properties":{},"orientationAtVertex":"FREE","reference":null},{"type":"port","@id":265,"shape":{"type":"rect","xposition":"NaN","yposition":"NaN","width":"NaN","height":"NaN","shapeStyle":2},"labelManager":{"labels":[{"type":"textLabel","@id":266,"inputText":"3","labelStyle":4,"shape":null,"layoutText":null}],"mainLabel":266},"properties":{},"orientationAtVertex":"FREE","reference":null},{"type":"port","@id":267,"shape":{"type":"rect","xposition":"NaN","yposition":"NaN","width":"NaN","height":"NaN","shapeStyle":2},"labelManager":{"labels":[{"type":"textLabel","@id":268,"inputText":"7","labelStyle":4,"shape":null,"layoutText":null}],"mainLabel":268},"properties":{},"orientationAtVertex":"FREE","reference":null},{"type":"port","@id":269,"shape":{"type":"rect","xposition":"NaN","yposition":"NaN","width":"NaN","height":"NaN","shapeStyle":2},"labelManager":{"labels":[{"type":"textLabel","@id":270,"inputText":"5","labelStyle":4,"shape":null,"layoutText":null}],"mainLabel":270},"properties":{},"orientationAtVertex":"FREE","reference":null},{"type":"port","@id":271,"shape":{"type":"rect","xposition":"NaN","yposition":"NaN","width":"NaN","height":"NaN","shapeStyle":2},"labelManager":{"labels":[{"type":"textLabel","@id":272,"inputText":"9","labelStyle":4,"shape":null,"layoutText":null}],"mainLabel":272},"properties":{},"orientationAtVertex":"FREE","reference":null},{"type":"port","@id":273,"shape":{"type":"rect","xposition":"NaN","yposition":"NaN","width":"NaN","height":"NaN","shapeStyle":2},"labelManager":{"labels":[{"type":"textLabel","@id":274,"inputText":"4","labelStyle":4,"shape":null,"layoutText":null}],"mainLabel":274},"properties":{},"orientationAtVertex":"FREE","reference":null},{"type":"port","@id":275,"shape":{"type":"rect","xposition":"NaN","yposition":"NaN","width":"NaN","height":"NaN","shapeStyle":2},"labelManager":{"labels":[{"type":"textLabel","@id":276,"inputText":"8","labelStyle":4,"shape":null,"layoutText":null}],"mainLabel":276},"properties":{},"orientationAtVertex":"FREE","reference":null},{"type":"port","@id":277,"shape":{"type":"rect","xposition":"NaN","yposition":"NaN","width":"NaN","height":"NaN","shapeStyle":2},"labelManager":{"labels":[{"type":"textLabel","@id":278,"inputText":"6","labelStyle":4,"shape":null,"layoutText":null}],"mainLabel":278},"properties":{},"orientationAtVertex":"FREE","reference":null},{"type":"port","@id":279,"shape":{"type":"rect","xposition":"NaN","yposition":"NaN","width":"NaN","height":"NaN","shapeStyle":42},"labelManager":{"labels":[{"type":"textLabel","@id":280,"inputText":"1","labelStyle":44,"shape":null,"layoutText":null}],"mainLabel":280},"properties":{},"orientationAtVertex":"FREE","reference":null}],"properties":{},"reference":null}],"properties":{},"reference":"device"},{"@id":281,"shape":{"type":"rect","xposition":"NaN","yposition":"NaN","width":"NaN","height":"NaN","shapeStyle":2},"labelManager":{"labels":[{"type":"textLabel","@id":282,"inputText":"Jakob","labelStyle":4,"shape":null,"layoutText":null}],"mainLabel":282},"portCompositions":[{"type":"portGroup","@id":283,"ordered":false,"portCompositions":[{"type":"port","@id":284,"shape":{"type":"rect","xposition":"NaN","yposition":"NaN","width":"NaN","height":"NaN","shapeStyle":2},"labelManager":{"labels":[{"type":"textLabel","@id":285,"inputText":"2","labelStyle":4,"shape":null,"layoutText":null}],"mainLabel":285},"properties":{},"orientationAtVertex":"FREE","reference":null},{"type":"port","@id":286,"shape":{"type":"rect","xposition":"NaN","yposition":"NaN","width":"NaN","height":"NaN","shapeStyle":2},"labelManager":{"labels":[{"type":"textLabel","@id":287,"inputText":"3","labelStyle":4,"shape":null,"layoutText":null}],"mainLabel":287},"properties":{},"orientationAtVertex":"FREE","reference":null},{"type":"port","@id":288,"shape":{"type":"rect","xposition":"NaN","yposition":"NaN","width":"NaN","height":"NaN","shapeStyle":2},"labelManager":{"labels":[{"type":"textLabel","@id":289,"inputText":"7","labelStyle":4,"shape":null,"layoutText":null}],"mainLabel":289},"properties":{},"orientationAtVertex":"FREE","reference":null},{"type":"port","@id":290,"shape":{"type":"rect","xposition":"NaN","yposition":"NaN","width":"NaN","height":"NaN","shapeStyle":2},"labelManager":{"labels":[{"type":"textLabel","@id":291,"inputText":"5","labelStyle":4,"shape":null,"layoutText":null}],"mainLabel":291},"properties":{},"orientationAtVertex":"FREE","reference":null},{"type":"port","@id":292,"shape":{"type":"rect","xposition":"NaN","yposition":"NaN","width":"NaN","height":"NaN","shapeStyle":2},"labelManager":{"labels":[{"type":"textLabel","@id":293,"inputText":"9","labelStyle":4,"shape":null,"layoutText":null}],"mainLabel":293},"properties":{},"orientationAtVertex":"FREE","reference":null},{"type":"port","@id":294,"shape":{"type":"rect","xposition":"NaN","yposition":"NaN","width":"NaN","height":"NaN","shapeStyle":2},"labelManager":{"labels":[{"type":"textLabel","@id":295,"inputText":"4","labelStyle":4,"shape":null,"layoutText":null}],"mainLabel":295},"properties":{},"orientationAtVertex":"FREE","reference":null},{"type":"port","@id":296,"shape":{"type":"rect","xposition":"NaN","yposition":"NaN","width":"NaN","height":"NaN","shapeStyle":2},"labelManager":{"labels":[{"type":"textLabel","@id":297,"inputText":"8","labelStyle":4,"shape":null,"layoutText":null}],"mainLabel":297},"properties":{},"orientationAtVertex":"FREE","reference":null},{"type":"port","@id":298,"shape":{"type":"rect","xposition":"NaN","yposition":"NaN","width":"NaN","height":"NaN","shapeStyle":2},"labelManager":{"labels":[{"type":"textLabel","@id":299,"inputText":"6","labelStyle":4,"shape":null,"layoutText":null}],"mainLabel":299},"properties":{},"orientationAtVertex":"FREE","reference":null},{"type":"port","@id":300,"shape":{"type":"rect","xposition":"NaN","yposition":"NaN","width":"NaN","height":"NaN","shapeStyle":42},"labelManager":{"labels":[{"type":"textLabel","@id":301,"inputText":"1","labelStyle":44,"shape":null,"layoutText":null}],"mainLabel":301},"properties":{},"orientationAtVertex":"FREE","reference":null}],"properties":{},"reference":null}],"properties":{},"reference":"plug"},{"@id":302,"shape":{"type":"rect","xposition":"NaN","yposition":"NaN","width":"NaN","height":"NaN","shapeStyle":2},"labelManager":{"labels":[{"type":"textLabel","@id":303,"inputText":"Henry","labelStyle":4,"shape":null,"layoutText":null}],"mainLabel":303},"portCompositions":[{"type":"port","@id":304,"shape":{"type":"rect","xposition":"NaN","yposition":"NaN","width":"NaN","height":"NaN","shapeStyle":2},"labelManager":{"labels":[{"type":"textLabel","@id":305,"inputText":"1","labelStyle":4,"shape":null,"layoutText":null}],"mainLabel":305},"properties":{},"orientationAtVertex":"FREE","reference":null}],"properties":{},"reference":"splice"},{"@id":306,"shape":{"type":"rect","xposition":"NaN","yposition":"NaN","width":"NaN","height":"NaN","shapeStyle":2},"labelManager":{"labels":[{"type":"textLabel","@id":307,"inputText":"Julian","labelStyle":4,"shape":null,"layoutText":null}],"mainLabel":307},"portCompositions":[{"type":"port","@id":308,"shape":{"type":"rect","xposition":"NaN","yposition":"NaN","width":"NaN","height":"NaN","shapeStyle":2},"labelManager":{"labels":[{"type":"textLabel","@id":309,"inputText":"1","labelStyle":4,"shape":null,"layoutText":null}],"mainLabel":309},"properties":{},"orientationAtVertex":"FREE","reference":null}],"properties":{},"reference":"splice"},{"@id":310,"shape":{"type":"rect","xposition":"NaN","yposition":"NaN","width":"NaN","height":"NaN","shapeStyle":2},"labelManager":{"labels":[{"type":"textLabel","@id":311,"inputText":"Max","labelStyle":4,"shape":null,"layoutText":null}],"mainLabel":311},"portCompositions":[{"type":"port","@id":312,"shape":{"type":"rect","xposition":"NaN","yposition":"NaN","width":"NaN","height":"NaN","shapeStyle":2},"labelManager":{"labels":[{"type":"textLabel","@id":313,"inputText":"1","labelStyle":4,"shape":null,"layoutText":null}],"mainLabel":313},"properties":{},"orientationAtVertex":"FREE","reference":null}],"properties":{},"reference":"splice"},{"@id":314,"shape":{"type":"rect","xposition":"NaN","yposition":"NaN","width":"NaN","height":"NaN","shapeStyle":2},"labelManager":{"labels":[{"type":"textLabel","@id":315,"inputText":"Joel","labelStyle":4,"shape":null,"layoutText":null}],"mainLabel":315},"portCompositions":[{"type":"portGroup","@id":316,"ordered":false,"portCompositions":[{"type":"port","@id":317,"shape":{"type":"rect","xposition":"NaN","yposition":"NaN","width":"NaN","height":"NaN","shapeStyle":2},"labelManager":{"labels":[{"type":"textLabel","@id":318,"inputText":"2","labelStyle":4,"shape":null,"layoutText":null}],"mainLabel":318},"properties":{},"orientationAtVertex":"FREE","reference":null},{"type":"port","@id":319,"shape":{"type":"rect","xposition":"NaN","yposition":"NaN","width":"NaN","height":"NaN","shapeStyle":2},"labelManager":{"labels":[{"type":"textLabel","@id":320,"inputText":"1","labelStyle":4,"shape":null,"layoutText":null}],"mainLabel":320},"properties":{},"orientationAtVertex":"FREE","reference":null}],"properties":{},"reference":null}],"properties":{},"reference":"plug"},{"@id":321,"shape":{"type":"rect","xposition":"NaN","yposition":"NaN","width":"NaN","height":"NaN","shapeStyle":2},"labelManager":{"labels":[{"type":"textLabel","@id":322,"inputText":"Christian","labelStyle":4,"shape":null,"layoutText":null}],"mainLabel":322},"portCompositions":[{"type":"portGroup","@id":323,"ordered":false,"portCompositions":[{"type":"port","@id":324,"shape":{"type":"rect","xposition":"NaN","yposition":"NaN","width":"NaN","height":"NaN","shapeStyle":2},"labelManager":{"labels":[{"type":"textLabel","@id":325,"inputText":"2","labelStyle":4,"shape":null,"layoutText":null}],"mainLabel":325},"properties":{},"orientationAtVertex":"FREE","reference":null},{"type":"port","@id":326,"shape":{"type":"rect","xposition":"NaN","yposition":"NaN","width":"NaN","height":"NaN","shapeStyle":2},"labelManager":{"labels":[{"type":"textLabel","@id":327,"inputText":"1","labelStyle":4,"shape":null,"layoutText":null}],"mainLabel":327},"properties":{},"orientationAtVertex":"FREE","reference":null}],"properties":{},"reference":null}],"properties":{},"reference":"plug"},{"@id":328,"shape":{"type":"rect","xposition":"NaN","yposition":"NaN","width":"NaN","height":"NaN","shapeStyle":2},"labelManager":{"labels":[{"type":"textLabel","@id":329,"inputText":"Ali","labelStyle":4,"shape":null,"layoutText":null}],"mainLabel":329},"portCompositions":[{"type":"port","@id":330,"shape":{"type":"rect","xposition":"NaN","yposition":"NaN","width":"NaN","height":"NaN","shapeStyle":2},"labelManager":{"labels":[{"type":"textLabel","@id":331,"inputText":"1","labelStyle":4,"shape":null,"layoutText":null}],"mainLabel":331},"properties":{},"orientationAtVertex":"FREE","reference":null}],"properties":{},"reference":"splice"},{"@id":332,"shape":{"type":"rect","xposition":"NaN","yposition":"NaN","width":"NaN","height":"NaN","shapeStyle":2},"labelManager":{"labels":[{"type":"textLabel","@id":333,"inputText":"Elias","labelStyle":4,"shape":null,"layoutText":null}],"mainLabel":333},"portCompositions":[{"type":"port","@id":334,"shape":{"type":"rect","xposition":"NaN","yposition":"NaN","width":"NaN","height":"NaN","shapeStyle":2},"labelManager":{"labels":[{"type":"textLabel","@id":335,"inputText":"1","labelStyle":4,"shape":null,"layoutText":null}],"mainLabel":335},"properties":{},"orientationAtVertex":"FREE","reference":null}],"properties":{},"reference":"splice"},{"@id":336,"shape":{"type":"rect","xposition":"NaN","yposition":"NaN","width":"NaN","height":"NaN","shapeStyle":2},"labelManager":{"labels":[{"type":"textLabel","@id":337,"inputText":"Peter","labelStyle":4,"shape":null,"layoutText":null}],"mainLabel":337},"portCompositions":[{"type":"port","@id":338,"shape":{"type":"rect","xposition":"NaN","yposition":"NaN","width":"NaN","height":"NaN","shapeStyle":2},"labelManager":{"labels":[{"type":"textLabel","@id":339,"inputText":"1","labelStyle":4,"shape":null,"layoutText":null}],"mainLabel":339},"properties":{},"orientationAtVertex":"FREE","reference":null}],"properties":{},"reference":"splice"},{"@id":340,"shape":{"type":"rect","xposition":"NaN","yposition":"NaN","width":"NaN","height":"NaN","shapeStyle":2},"labelManager":{"labels":[{"type":"textLabel","@id":341,"inputText":"Emil","labelStyle":4,"shape":null,"layoutText":null}],"mainLabel":341},"portCompositions":[{"type":"port","@id":342,"shape":{"type":"rect","xposition":"NaN","yposition":"NaN","width":"NaN","height":"NaN","shapeStyle":2},"labelManager":{"labels":[{"type":"textLabel","@id":343,"inputText":"1","labelStyle":4,"shape":null,"layoutText":null}],"mainLabel":343},"properties":{},"orientationAtVertex":"FREE","reference":null}],"properties":{},"reference":"splice"},{"@id":344,"shape":{"type":"rect","xposition":"NaN","yposition":"NaN","width":"NaN","height":"NaN","shapeStyle":2},"labelManager":{"labels":[{"type":"textLabel","@id":345,"inputText":"Johann","labelStyle":4,"shape":null,"layoutText":null}],"mainLabel":345},"portCompositions":[{"type":"port","@id":346,"shape":{"type":"rect","xposition":"NaN","yposition":"NaN","width":"NaN","height":"NaN","shapeStyle":2},"labelManager":{"labels":[{"type":"textLabel","@id":347,"inputText":"1","labelStyle":4,"shape":null,"layoutText":null}],"mainLabel":347},"properties":{},"orientationAtVertex":"FREE","reference":null}],"properties":{},"reference":"splice"},{"@id":348,"shape":null,"labelManager":{"labels":[{"type":"textLabel","@id":349,"inputText":"Anton","labelStyle":44,"shape":null,"layoutText":null}],"mainLabel":349},"portCompositions":[{"type":"portGroup","@id":350,"ordered":false,"portCompositions":[{"type":"port","@id":351,"shape":{"type":"rect","xposition":"NaN","yposition":"NaN","width":"NaN","height":"NaN","shapeStyle":42},"labelManager":{"labels":[{"type":"textLabel","@id":352,"inputText":"1","labelStyle":44,"shape":null,"layoutText":null}],"mainLabel":352},"properties":{},"orientationAtVertex":"FREE","reference":null}],"properties":{},"reference":null}],"properties":{},"reference":null},{"@id":353,"shape":null,"labelManager":{"labels":[{"type":"textLabel","@id":354,"inputText":"David","labelStyle":44,"shape":null,"layoutText":null}],"mainLabel":354},"portCompositions":[{"type":"portGroup","@id":355,"ordered":false,"portCompositions":[{"type":"port","@id":356,"shape":{"type":"rect","xposition":"NaN","yposition":"NaN","width":"NaN","height":"NaN","shapeStyle":42},"labelManager":{"labels":[{"type":"textLabel","@id":357,"inputText":"1","labelStyle":44,"shape":null,"layoutText":null}],"mainLabel":357},"properties":{},"orientationAtVertex":"FREE","reference":null}],"properties":{},"reference":null}],"properties":{},"reference":null},{"@id":358,"shape":null,"labelManager":{"labels":[{"type":"textLabel","@id":359,"inputText":"Vincent","labelStyle":44,"shape":null,"layoutText":null}],"mainLabel":359},"portCompositions":[{"type":"portGroup","@id":360,"ordered":false,"portCompositions":[{"type":"port","@id":361,"shape":{"type":"rect","xposition":"NaN","yposition":"NaN","width":"NaN","height":"NaN","shapeStyle":42},"labelManager":{"labels":[{"type":"textLabel","@id":362,"inputText":"3","labelStyle":44,"shape":null,"layoutText":null}],"mainLabel":362},"properties":{},"orientationAtVertex":"FREE","reference":null},{"type":"port","@id":363,"shape":{"type":"rect","xposition":"NaN","yposition":"NaN","width":"NaN","height":"NaN","shapeStyle":42},"labelManager":{"labels":[{"type":"textLabel","@id":364,"inputText":"1","labelStyle":44,"shape":null,"layoutText":null}],"mainLabel":364},"properties":{},"orientationAtVertex":"FREE","reference":null},{"type":"port","@id":365,"shape":{"type":"rect","xposition":"NaN","yposition":"NaN","width":"NaN","height":"NaN","shapeStyle":42},"labelManager":{"labels":[{"type":"textLabel","@id":366,"inputText":"2","labelStyle":44,"shape":null,"layoutText":null}],"mainLabel":366},"properties":{},"orientationAtVertex":"FREE","reference":null}],"properties":{},"reference":null}],"properties":{},"reference":null},{"@id":367,"shape":null,"labelManager":{"labels":[{"type":"textLabel","@id":368,"inputText":"Leo","labelStyle":44,"shape":null,"layoutText":null}],"mainLabel":368},"portCompositions":[{"type":"portGroup","@id":369,"ordered":false,"portCompositions":[{"type":"port","@id":370,"shape":{"type":"rect","xposition":"NaN","yposition":"NaN","width":"NaN","height":"NaN","shapeStyle":42},"labelManager":{"labels":[{"type":"textLabel","@id":371,"inputText":"3","labelStyle":44,"shape":null,"layoutText":null}],"mainLabel":371},"properties":{},"orientationAtVertex":"FREE","reference":null},{"type":"port","@id":372,"shape":{"type":"rect","xposition":"NaN","yposition":"NaN","width":"NaN","height":"NaN","shapeStyle":42},"labelManager":{"labels":[{"type":"textLabel","@id":373,"inputText":"1","labelStyle":44,"shape":null,"layoutText":null}],"mainLabel":373},"properties":{},"orientationAtVertex":"FREE","reference":null},{"type":"port","@id":374,"shape":{"type":"rect","xposition":"NaN","yposition":"NaN","width":"NaN","height":"NaN","shapeStyle":42},"labelManager":{"labels":[{"type":"textLabel","@id":375,"inputText":"2","labelStyle":44,"shape":null,"layoutText":null}],"mainLabel":375},"properties":{},"orientationAtVertex":"FREE","reference":null}],"properties":{},"reference":null}],"properties":{},"reference":null},{"@id":376,"shape":null,"labelManager":{"labels":[{"type":"textLabel","@id":377,"inputText":"Jonathan","labelStyle":44,"shape":null,"layoutText":null}],"mainLabel":377},"portCompositions":[{"type":"portGroup","@id":378,"ordered":false,"portCompositions":[{"type":"port","@id":379,"shape":{"type":"rect","xposition":"NaN","yposition":"NaN","width":"NaN","height":"NaN","shapeStyle":42},"labelManager":{"labels":[{"type":"textLabel","@id":380,"inputText":"2","labelStyle":44,"shape":null,"layoutText":null}],"mainLabel":380},"properties":{},"orientationAtVertex":"FREE","reference":null},{"type":"port","@id":381,"shape":{"type":"rect","xposition":"NaN","yposition":"NaN","width":"NaN","height":"NaN","shapeStyle":42},"labelManager":{"labels":[{"type":"textLabel","@id":382,"inputText":"3","labelStyle":44,"shape":null,"layoutText":null}],"mainLabel":382},"properties":{},"orientationAtVertex":"FREE","reference":null},{"type":"port","@id":383,"shape":{"type":"rect","xposition":"NaN","yposition":"NaN","width":"NaN","height":"NaN","shapeStyle":42},"labelManager":{"labels":[{"type":"textLabel","@id":384,"inputText":"1","labelStyle":44,"shape":null,"layoutText":null}],"mainLabel":384},"properties":{},"orientationAtVertex":"FREE","reference":null}],"properties":{},"reference":null}],"properties":{},"reference":null},{"@id":385,"shape":null,"labelManager":{"labels":[{"type":"textLabel","@id":386,"inputText":"Luis","labelStyle":44,"shape":null,"layoutText":null}],"mainLabel":386},"portCompositions":[{"type":"portGroup","@id":387,"ordered":false,"portCompositions":[{"type":"port","@id":388,"shape":{"type":"rect","xposition":"NaN","yposition":"NaN","width":"NaN","height":"NaN","shapeStyle":42},"labelManager":{"labels":[{"type":"textLabel","@id":389,"inputText":"2","labelStyle":44,"shape":null,"layoutText":null}],"mainLabel":389},"properties":{},"orientationAtVertex":"FREE","reference":null},{"type":"port","@id":390,"shape":{"type":"rect","xposition":"NaN","yposition":"NaN","width":"NaN","height":"NaN","shapeStyle":42},"labelManager":{"labels":[{"type":"textLabel","@id":391,"inputText":"3","labelStyle":44,"shape":null,"layoutText":null}],"mainLabel":391},"properties":{},"orientationAtVertex":"FREE","reference":null},{"type":"port","@id":392,"shape":{"type":"rect","xposition":"NaN","yposition":"NaN","width":"NaN","height":"NaN","shapeStyle":42},"labelManager":{"labels":[{"type":"textLabel","@id":393,"inputText":"1","labelStyle":44,"shape":null,"layoutText":null}],"mainLabel":393},"properties":{},"orientationAtVertex":"FREE","reference":null}],"properties":{},"reference":null}],"properties":{},"reference":null}],"vertexGroups":[{"@id":394,"drawnFrame":false,"labelManager":{"labels":[],"mainLabel":null},"shape":null,"containedVertices":[7,12],"containedVertexGroups":[],"touchingPairs":[{"vertex0":7,"horizontalPlacementVertex0":"FREE","verticalPlacementVertex0":"TOP","vertex1":12,"horizontalPlacementVertex1":"FREE","verticalPlacementVertex1":"FREE"}],"portPairings":[{"port0":10,"port1":15}],"properties":{},"reference":null},{"@id":395,"drawnFrame":false,"labelManager":{"labels":[],"mainLabel":null},"shape":null,"containedVertices":[17,24],"containedVertexGroups":[],"touchingPairs":[{"vertex0":17,"horizontalPlacementVertex0":"FREE","verticalPlacementVertex0":"TOP","vertex1":24,"horizontalPlacementVertex1":"FREE","verticalPlacementVertex1":"FREE"}],"portPairings":[{"port0":20,"port1":27},{"port0":22,"port1":29}],"properties":{},"reference":null},{"@id":396,"drawnFrame":false,"labelManager":{"labels":[],"mainLabel":null},"shape":null,"containedVertices":[35,51],"containedVertexGroups":[],"touchingPairs":[{"vertex0":35,"horizontalPlacementVertex0":"FREE","verticalPlacementVertex0":"TOP","vertex1":51,"horizontalPlacementVertex1":"FREE","verticalPlacementVertex1":"FREE"}],"portPairings":[{"port0":39,"port1":54},{"port0":41,"port1":56},{"port0":45,"port1":58},{"port0":47,"port1":60},{"port0":49,"port1":62}],"properties":{},"reference":null},{"@id":397,"drawnFrame":false,"labelManager":{"labels":[],"mainLabel":null},"shape":null,"containedVertices":[68,75],"containedVertexGroups":[],"touchingPairs":[{"vertex0":68,"horizontalPlacementVertex0":"FREE","verticalPlacementVertex0":"TOP","vertex1":75,"horizontalPlacementVertex1":"FREE","verticalPlacementVertex1":"FREE"}],"portPairings":[{"port0":71,"port1":78},{"port0":73,"port1":80}],"properties":{},"reference":null},{"@id":398,"drawnFrame":false,"labelManager":{"labels":[],"mainLabel":null},"shape":null,"containedVertices":[82,95],"containedVertexGroups":[],"touchingPairs":[{"vertex0":82,"horizontalPlacementVertex0":"FREE","verticalPlacementVertex0":"TOP","vertex1":95,"horizontalPlacementVertex1":"FREE","verticalPlacementVertex1":"FREE"}],"portPairings":[{"port0":91,"port1":104},{"port0":89,"port1":102},{"port0":87,"port1":100},{"port0":85,"port1":98},{"port0":93,"port1":106}],"properties":{},"reference":null},{"@id":399,"drawnFrame":false,"labelManager":{"labels":[],"mainLabel":null},"shape":null,"containedVertices":[112,123],"containedVertexGroups":[],"touchingPairs":[{"vertex0":112,"horizontalPlacementVertex0":"FREE","verticalPlacementVertex0":"TOP","vertex1":123,"horizontalPlacementVertex1":"FREE","verticalPlacementVertex1":"FREE"}],"portPairings":[{"port0":115,"port1":126},{"port0":117,"port1":128},{"port0":119,"port1":130},{"port0":121,"port1":132}],"properties":{},"reference":null},{"@id":400,"drawnFrame":false,"labelManager":{"labels":[],"mainLabel":null},"shape":null,"containedVertices":[134,141],"containedVertexGroups":[],"touchingPairs":[{"vertex0":134,"horizontalPlacementVertex0":"FREE","verticalPlacementVertex0":"TOP","vertex1":141,"horizontalPlacementVertex1":"FREE","verticalPlacementVertex1":"FREE"}],"portPairings":[{"port0":137,"port1":144},{"port0":139,"port1":146}],"properties":{},"reference":null},{"@id":401,"drawnFrame":false,"labelManager":{"labels":[],"mainLabel":null},"shape":null,"containedVertices":[160,167],"containedVertexGroups":[],"touchingPairs":[{"vertex0":160,"horizontalPlacementVertex0":"FREE","verticalPlacementVertex0":"TOP","vertex1":167,"horizontalPlacementVertex1":"FREE","verticalPlacementVertex1":"FREE"}],"portPairings":[{"port0":165,"port1":172},{"port0":163,"port1":170}],"properties":{},"reference":null},{"@id":402,"drawnFrame":false,"labelManager":{"labels":[],"mainLabel":null},"shape":null,"containedVertices":[178,185],"containedVertexGroups":[],"touchingPairs":[{"vertex0":178,"horizontalPlacementVertex0":"FREE","verticalPlacementVertex0":"TOP","vertex1":185,"horizontalPlacementVertex1":"FREE","verticalPlacementVertex1":"FREE"}],"portPairings":[{"port0":181,"port1":188},{"port0":183,"port1":190}],"properties":{},"reference":null},{"@id":403,"drawnFrame":false,"labelManager":{"labels":[],"mainLabel":null},"shape":null,"containedVertices":[204,217],"containedVertexGroups":[],"touchingPairs":[{"vertex0":204,"horizontalPlacementVertex0":"FREE","verticalPlacementVertex0":"TOP","vertex1":217,"horizontalPlacementVertex1":"FREE","verticalPlacementVertex1":"FREE"}],"portPairings":[{"port0":211,"port1":224},{"port0":213,"port1":226},{"port0":209,"port1":222},{"port0":215,"port1":228},{"port0":207,"port1":220}],"properties":{},"reference":null},{"@id":404,"drawnFrame":false,"labelManager":{"labels":[],"mainLabel":null},"shape":null,"containedVertices":[230,245],"containedVertexGroups":[],"touchingPairs":[{"vertex0":230,"horizontalPlacementVertex0":"FREE","verticalPlacementVertex0":"TOP","vertex1":245,"horizontalPlacementVertex1":"FREE","verticalPlacementVertex1":"FREE"}],"portPairings":[{"port0":235,"port1":250},{"port0":233,"port1":248},{"port0":237,"port1":252},{"port0":239,"port1":254},{"port0":241,"port1":256},{"port0":243,"port1":258}],"properties":{},"reference":null},{"@id":405,"drawnFrame":false,"labelManager":{"labels":[],"mainLabel":null},"shape":null,"containedVertices":[260,281],"containedVertexGroups":[],"touchingPairs":[{"vertex0":260,"horizontalPlacementVertex0":"FREE","verticalPlacementVertex0":"TOP","vertex1":281,"horizontalPlacementVertex1":"FREE","verticalPlacementVertex1":"FREE"}],"portPairings":[{"port0":267,"port1":288},{"port0":271,"port1":292},{"port0":273,"port1":294},{"port0":265,"port1":286},{"port0":269,"port1":290},{"port0":277,"port1":298},{"port0":275,"port1":296},{"port0":263,"port1":284},{"port0":279,"port1":300}],"properties":{},"reference":null},{"@id":406,"drawnFrame":false,"labelManager":{"labels":[],"mainLabel":null},"shape":null,"containedVertices":[314,321],"containedVertexGroups":[],"touchingPairs":[{"vertex0":314,"horizontalPlacementVertex0":"FREE","verticalPlacementVertex0":"TOP","vertex1":321,"horizontalPlacementVertex1":"FREE","verticalPlacementVertex1":"FREE"}],"portPairings":[{"port0":317,"port1":324},{"port0":319,"port1":326}],"properties":{},"reference":null},{"@id":407,"drawnFrame":false,"labelManager":{"labels":[],"mainLabel":null},"shape":null,"containedVertices":[348,353],"containedVertexGroups":[],"touchingPairs":[{"vertex0":348,"horizontalPlacementVertex0":"FREE","verticalPlacementVertex0":"FREE","vertex1":353,"horizontalPlacementVertex1":"FREE","verticalPlacementVertex1":"FREE"}],"portPairings":[{"port0":351,"port1":356}],"properties":{},"reference":null},{"@id":408,"drawnFrame":false,"labelManager":{"labels":[],"mainLabel":null},"shape":null,"containedVertices":[358,367],"containedVertexGroups":[],"touchingPairs":[{"vertex0":358,"horizontalPlacementVertex0":"FREE","verticalPlacementVertex0":"FREE","vertex1":367,"horizontalPlacementVertex1":"FREE","verticalPlacementVertex1":"FREE"}],"portPairings":[{"port0":361,"port1":370},{"port0":363,"port1":372},{"port0":365,"port1":374}],"properties":{},"reference":null},{"@id":409,"drawnFrame":false,"labelManager":{"labels":[],"mainLabel":null},"shape":null,"containedVertices":[376,385],"containedVertexGroups":[],"touchingPairs":[{"vertex0":376,"horizontalPlacementVertex0":"FREE","verticalPlacementVertex0":"FREE","vertex1":385,"horizontalPlacementVertex1":"FREE","verticalPlacementVertex1":"FREE"}],"portPairings":[{"port0":379,"port1":388},{"port0":381,"port1":390},{"port0":383,"port1":392}],"properties":{},"reference":null}],"edges":[{"@id":410,"ports":[172,330],"labelManager":{"innerLabels":[{"type":"textLabel","@id":411,"inputText":"Lennard","labelStyle":4,"shape":null,"layoutText":null}],"allPortLabels":[],"mainLabel":411},"pathStyle":{"@id":412,"description":"default path style","thickness":-1.0,"color":{"argb":"ff000000"}},"paths":[],"properties":{},"reference":null},{"@id":413,"ports":[248,22],"labelManager":{"innerLabels":[{"type":"textLabel","@id":414,"inputText":"Oemer","labelStyle":4,"shape":null,"layoutText":null}],"allPortLabels":[],"mainLabel":414},"pathStyle":412,"paths":[],"properties":{},"reference":null},{"@id":415,"ports":[296,66],"labelManager":{"innerLabels":[{"type":"textLabel","@id":416,"inputText":"Josef","labelStyle":4,"shape":null,"layoutText":null}],"allPortLabels":[],"mainLabel":416},"pathStyle":412,"paths":[],"properties":{},"reference":null},{"@id":417,"ports":[5,207],"labelManager":{"innerLabels":[{"type":"textLabel","@id":418,"inputText":"Frederik","labelStyle":4,"shape":null,"layoutText":null}],"allPortLabels":[],"mainLabel":418},"pathStyle":412,"paths":[],"properties":{},"reference":null},{"@id":419,"ports":[294,304],"labelManager":{"innerLabels":[{"type":"textLabel","@id":420,"inputText":"Benedikt","labelStyle":4,"shape":null,"layoutText":null}],"allPortLabels":[],"mainLabel":420},"pathStyle":412,"paths":[],"properties":{},"reference":null},{"@id":421,"ports":[198,158],"labelManager":{"innerLabels":[{"type":"textLabel","@id":422,"inputText":"Adrian","labelStyle":4,"shape":null,"layoutText":null}],"allPortLabels":[],"mainLabel":422},"pathStyle":412,"paths":[],"properties":{},"reference":null},{"@id":423,"ports":[338,100],"labelManager":{"innerLabels":[{"type":"textLabel","@id":424,"inputText":"Justus","labelStyle":4,"shape":null,"layoutText":null}],"allPortLabels":[],"mainLabel":424},"pathStyle":412,"paths":[],"properties":{},"reference":null},{"@id":425,"ports":[312,20],"labelManager":{"innerLabels":[{"type":"textLabel","@id":426,"inputText":"Timo","labelStyle":4,"shape":null,"layoutText":null}],"allPortLabels":[],"mainLabel":426},"pathStyle":412,"paths":[],"properties":{},"reference":null},{"@id":427,"ports":[342,126],"labelManager":{"innerLabels":[{"type":"textLabel","@id":428,"inputText":"Hannes","labelStyle":4,"shape":null,"layoutText":null}],"allPortLabels":[],"mainLabel":428},"pathStyle":412,"paths":[],"properties":{},"reference":null},{"@id":429,"ports":[15,110],"labelManager":{"innerLabels":[{"type":"textLabel","@id":430,"inputText":"Muhammed","labelStyle":4,"shape":null,"layoutText":null}],"allPortLabels":[],"mainLabel":430},"pathStyle":412,"paths":[],"properties":{},"reference":null},{"@id":431,"ports":[130,308],"labelManager":{"innerLabels":[{"type":"textLabel","@id":432,"inputText":"Milan","labelStyle":4,"shape":null,"layoutText":null}],"allPortLabels":[],"mainLabel":432},"pathStyle":412,"paths":[],"properties":{},"reference":null},{"@id":433,"ports":[188,27],"labelManager":{"innerLabels":[{"type":"textLabel","@id":434,"inputText":"Sebastian","labelStyle":4,"shape":null,"layoutText":null}],"allPortLabels":[],"mainLabel":434},"pathStyle":412,"paths":[],"properties":{},"reference":null},{"@id":435,"ports":[304,290],"labelManager":{"innerLabels":[{"type":"textLabel","@id":436,"inputText":"Ferdinand","labelStyle":4,"shape":null,"layoutText":null}],"allPortLabels":[],"mainLabel":436},"pathStyle":412,"paths":[],"properties":{},"reference":null},{"@id":437,"ports":[284,33],"labelManager":{"innerLabels":[{"type":"textLabel","@id":438,"inputText":"Fabian","labelStyle":4,"shape":null,"layoutText":null}],"allPortLabels":[],"mainLabel":438},"pathStyle":412,"paths":[],"properties":{},"reference":null},{"@id":439,"ports":[158,213],"labelManager":{"innerLabels":[{"type":"textLabel","@id":440,"inputText":"Till","labelStyle":4,"shape":null,"layoutText":null}],"allPortLabels":[],"mainLabel":440},"pathStyle":412,"paths":[],"properties":{},"reference":null},{"@id":441,"ports":[33,150],"labelManager":{"innerLabels":[{"type":"textLabel","@id":442,"inputText":"Yusuf","labelStyle":4,"shape":null,"layoutText":null}],"allPortLabels":[],"mainLabel":442},"pathStyle":412,"paths":[],"properties":{},"reference":null},{"@id":443,"ports":[215,304],"labelManager":{"innerLabels":[{"type":"textLabel","@id":444,"inputText":"Joshua","labelStyle":4,"shape":null,"layoutText":null}],"allPortLabels":[],"mainLabel":444},"pathStyle":412,"paths":[],"properties":{},"reference":null},{"@id":445,"ports":[334,163,228,324,222,165,144,71],"labelManager":{"innerLabels":[{"type":"textLabel","@id":446,"inputText":"Fynn","labelStyle":4,"shape":null,"layoutText":null}],"allPortLabels":[],"mainLabel":446},"pathStyle":412,"paths":[],"properties":{},"reference":null},{"@id":447,"ports":[326,183],"labelManager":{"innerLabels":[{"type":"textLabel","@id":448,"inputText":"Ole","labelStyle":4,"shape":null,"layoutText":null}],"allPortLabels":[],"mainLabel":448},"pathStyle":412,"paths":[],"properties":{},"reference":null},{"@id":449,"ports":[194,128],"labelManager":{"innerLabels":[{"type":"textLabel","@id":450,"inputText":"Thomas","labelStyle":4,"shape":null,"layoutText":null}],"allPortLabels":[],"mainLabel":450},"pathStyle":412,"paths":[],"properties":{},"reference":null},{"@id":451,"ports":[158,298],"labelManager":{"innerLabels":[{"type":"textLabel","@id":452,"inputText":"Maxim","labelStyle":4,"shape":null,"layoutText":null}],"allPortLabels":[],"mainLabel":452},"pathStyle":412,"paths":[],"properties":{},"reference":null},{"@id":453,"ports":[5,286],"labelManager":{"innerLabels":[{"type":"textLabel","@id":454,"inputText":"Alessio","labelStyle":4,"shape":null,"layoutText":null}],"allPortLabels":[],"mainLabel":454},"pathStyle":412,"paths":[],"properties":{},"reference":null},{"@id":455,"ports":[188,27],"labelManager":{"innerLabels":[{"type":"textLabel","@id":456,"inputText":"Deniz","labelStyle":4,"shape":null,"layoutText":null}],"allPortLabels":[],"mainLabel":456},"pathStyle":412,"paths":[],"properties":{},"reference":null},{"@id":457,"ports":[317,304],"labelManager":{"innerLabels":[{"type":"textLabel","@id":458,"inputText":"Matteo","labelStyle":4,"shape":null,"layoutText":null}],"allPortLabels":[],"mainLabel":458},"pathStyle":412,"paths":[],"properties":{},"reference":null},{"@id":459,"ports":[190,29],"labelManager":{"innerLabels":[{"type":"textLabel","@id":460,"inputText":"Mert","labelStyle":4,"shape":null,"layoutText":null}],"allPortLabels":[],"mainLabel":460},"pathStyle":412,"paths":[],"properties":{},"reference":null},{"@id":461,"ports":[78,330],"labelManager":{"innerLabels":[{"type":"textLabel","@id":462,"inputText":"Jasper","labelStyle":4,"shape":null,"layoutText":null}],"allPortLabels":[],"mainLabel":462},"pathStyle":412,"paths":[],"properties":{},"reference":null},{"@id":463,"ports":[5,288],"labelManager":{"innerLabels":[{"type":"textLabel","@id":464,"inputText":"Nils","labelStyle":4,"shape":null,"layoutText":null}],"allPortLabels":[],"mainLabel":464},"pathStyle":412,"paths":[],"properties":{},"reference":null},{"@id":465,"ports":[211,346],"labelManager":{"innerLabels":[{"type":"textLabel","@id":466,"inputText":"Kaan","labelStyle":4,"shape":null,"layoutText":null}],"allPortLabels":[],"mainLabel":466},"pathStyle":412,"paths":[],"properties":{},"reference":null},{"@id":467,"ports":[98,154],"labelManager":{"innerLabels":[{"type":"textLabel","@id":468,"inputText":"Can","labelStyle":4,"shape":null,"layoutText":null}],"allPortLabels":[],"mainLabel":468},"pathStyle":412,"paths":[],"properties":{},"reference":null},{"@id":469,"ports":[312,250],"labelManager":{"innerLabels":[{"type":"textLabel","@id":470,"inputText":"Mattis","labelStyle":4,"shape":null,"layoutText":null}],"allPortLabels":[],"mainLabel":470},"pathStyle":412,"paths":[],"properties":{},"reference":null},{"@id":471,"ports":[54,319],"labelManager":{"innerLabels":[{"type":"textLabel","@id":472,"inputText":"Aaron","labelStyle":4,"shape":null,"layoutText":null}],"allPortLabels":[],"mainLabel":472},"pathStyle":412,"paths":[],"properties":{},"reference":null},{"@id":473,"ports":[5,292],"labelManager":{"innerLabels":[{"type":"textLabel","@id":474,"inputText":"Michael","labelStyle":4,"shape":null,"layoutText":null}],"allPortLabels":[],"mainLabel":474},"pathStyle":412,"paths":[],"properties":{},"reference":null},{"@id":475,"ports":[146,10],"labelManager":{"innerLabels":[{"type":"textLabel","@id":476,"inputText":"Martin","labelStyle":44,"shape":null,"layoutText":null}],"allPortLabels":[],"mainLabel":476},"pathStyle":{"@id":477,"description":"default path style","thickness":-1.0,"color":{"argb":"ff000000"}},"paths":[],"properties":{},"reference":null},{"@id":478,"ports":[370,58],"labelManager":{"innerLabels":[{"type":"textLabel","@id":479,"inputText":"Carl","labelStyle":44,"shape":null,"layoutText":null}],"allPortLabels":[],"mainLabel":479},"pathStyle":477,"paths":[],"properties":{},"reference":null},{"@id":480,"ports":[132,374],"labelManager":{"innerLabels":[{"type":"textLabel","@id":481,"inputText":"Mika","labelStyle":44,"shape":null,"layoutText":null}],"allPortLabels":[],"mainLabel":481},"pathStyle":477,"paths":[],"properties":{},"reference":null},{"@id":482,"ports":[388,104],"labelManager":{"innerLabels":[{"type":"textLabel","@id":483,"inputText":"Jona","labelStyle":44,"shape":null,"layoutText":null}],"allPortLabels":[],"mainLabel":483},"pathStyle":477,"paths":[],"properties":{},"reference":null},{"@id":484,"ports":[202,121],"labelManager":{"innerLabels":[{"type":"textLabel","@id":485,"inputText":"Erik","labelStyle":44,"shape":null,"layoutText":null}],"allPortLabels":[],"mainLabel":485},"pathStyle":477,"paths":[],"properties":{},"reference":null},{"@id":486,"ports":[176,258],"labelManager":{"innerLabels":[{"type":"textLabel","@id":487,"inputText":"Malik","labelStyle":44,"shape":null,"layoutText":null}],"allPortLabels":[],"mainLabel":487},"pathStyle":477,"paths":[],"properties":{},"reference":null},{"@id":488,"ports":[254,356],"labelManager":{"innerLabels":[{"type":"textLabel","@id":489,"inputText":"Tobias","labelStyle":44,"shape":null,"layoutText":null}],"allPortLabels":[],"mainLabel":489},"pathStyle":477,"paths":[],"properties":{},"reference":null},{"@id":490,"ports":[390,80],"labelManager":{"innerLabels":[{"type":"textLabel","@id":491,"inputText":"Lucas","labelStyle":44,"shape":null,"layoutText":null}],"allPortLabels":[],"mainLabel":491},"pathStyle":477,"paths":[],"properties":{},"reference":null},{"@id":492,"ports":[220,392,73,224,226,351,117],"labelManager":{"innerLabels":[{"type":"textLabel","@id":493,"inputText":"Emir","labelStyle":44,"shape":null,"layoutText":null}],"allPortLabels":[],"mainLabel":493},"pathStyle":477,"paths":[],"properties":{},"reference":null},{"@id":494,"ports":[102,60,106],"labelManager":{"innerLabels":[{"type":"textLabel","@id":495,"inputText":"Muhammed","labelStyle":44,"shape":null,"layoutText":null}],"allPortLabels":[],"mainLabel":495},"pathStyle":477,"paths":[],"properties":{},"reference":null},{"@id":496,"ports":[365,372,56],"labelManager":{"innerLabels":[{"type":"textLabel","@id":497,"inputText":"Wilhelm","labelStyle":44,"shape":null,"layoutText":null}],"allPortLabels":[],"mainLabel":497},"pathStyle":477,"paths":[],"properties":{},"reference":null},{"@id":498,"ports":[392,252,115],"labelManager":{"innerLabels":[{"type":"textLabel","@id":499,"inputText":"Tobias","labelStyle":44,"shape":null,"layoutText":null}],"allPortLabels":[],"mainLabel":499},"pathStyle":477,"paths":[],"properties":{},"reference":null}],"edgeBundles":[]}