{"vertices":[{"@id":1,"shape":{"type":"rect","xposition":"NaN","yposition":"NaN","width":"NaN","height":"NaN","shapeStyle":{"@id":2,"description":"default shape style","color":{"argb":"ff000000"}}},"labelManager":{"labels":[{"type":"textLabel","@id":3,"inputText":"Jan","labelStyle":{"@id":4,"description":"default text label style","font":{"fontName":"SansSerif.plain","style":0,"size":10},"noBreak":false,"color":{"argb":"ff000000"},"showLabel":true,"placement":"FREE","horizontalPlacement":"FREE","verticalPlacement":"FREE"},"shape":null,"layoutText":null}],"mainLabel":3},"portCompositions":[{"type":"port","@id":5,"shape":{"type":"rect","xposition":"NaN","yposition":"NaN","width":"NaN","height":"NaN","shapeStyle":2},"labelManager":{"labels":[{"type":"textLabel","@id":6,"inputText":"1","labelStyle":4,"shape":null,"layoutText":null}],"mainLabel":6},"properties":{},"orientationAtVertex":"FREE","reference":null}],"properties":{},"reference":"splice"},{"@id":7,"shape":{"type":"rect","xposition":"NaN","yposition":"NaN","width":"NaN","height":"NaN","shapeStyle":2},"labelManager":{"labels":[{"type":"textLabel","@id":8,"inputText":"Noah","labelStyle":4,"shape":null,"layoutText":null}],"mainLabel":8},"portCompositions":[{"type":"port","@id":9,"shape":{"type":"rect","xposition":"NaN","yposition":"NaN","width":"NaN","height":"NaN","shapeStyle":2},"labelManager":{"labels":[{"type":"textLabel","@id":10,"inputText":"1","labelStyle":4,"shape":null,"layoutText":null}],"mainLabel":10},"properties":{},"orientationAtVertex":"FREE","reference":null}],"properties":{},"reference":"splice"},{"@id":11,"shape":{"type":"rect","xposition":"NaN","yposition":"NaN","width":"NaN","height":"NaN","shapeStyle":2},"labelManager":{"labels":[{"type":"textLabel","@id":12,"inputText":"Alexander","labelStyle":4,"shape":null,"layoutText":null}],"mainLabel":12},"portCompositions":[{"type":"port","@id":13,"shape":{"type":"rect","xposition":"NaN","yposition":"NaN","width":"NaN","height":"NaN","shapeStyle":2},"labelManager":{"labels":[{"type":"textLabel","@id":14,"inputText":"1","labelStyle":4,"shape":null,"layoutText":null}],"mainLabel":14},"properties":{},"orientationAtVertex":"FREE","reference":null}],"properties":{},"reference":"splice"},{"@id":15,"shape":{"type":"rect","xposition":"NaN","yposition":"NaN","width":"NaN","height":"NaN","shapeStyle":2},"labelManager":{"labels":[{"type":"textLabel","@id":16,"inputText":"Leon","labelStyle":4,"shape":null,"layoutText":null}],"mainLabel":16},"portCompositions":[{"type":"port","@id":17,"shape":{"type":"rect","xposition":"NaN","yposition":"NaN","width":"NaN","height":"NaN","shapeStyle":2},"labelManager":{"labels":[{"type":"textLabel","@id":18,"inputText":"1","labelStyle":4,"shape":null,"layoutText":null}],"mainLabel":18},"properties":{},"orientationAtVertex":"FREE","reference":null}],"properties":{},"reference":"splice"},{"@id":19,"shape":{"type":"rect","xposition":"NaN","yposition":"NaN","width":"NaN","height":"NaN","shapeStyle":2},"labelManager":{"labels":[{"type":"textLabel","@id":20,"inputText":"Maximilian","labelStyle":4,"shape":null,"layoutText":null}],"mainLabel":20},"portCompositions":[{"type":"portGroup","@id":21,"ordered":false,"portCompositions":[{"type":"port","@id":22,"shape":{"type":"rect","xposition":"NaN","yposition":"NaN","width":"NaN","height":"NaN","shapeStyle":2},"labelManager":{"labels":[{"type":"textLabel","@id":23,"inputText":"5","labelStyle":4,"shape":null,"layoutText":null}],"mainLabel":23},"properties":{},"orientationAtVertex":"FREE","reference":null}],"properties":{},"reference":null}],"properties":{},"reference":"device"},{"@id":24,"shape":{"type":"rect","xposition":"NaN","yposition":"NaN","width":"NaN","height":"NaN","shapeStyle":2},"labelManager":{"labels":[{"type":"textLabel","@id":25,"inputText":"Anton","labelStyle":4,"shape":null,"layoutText":null}],"mainLabel":25},"portCompositions":[{"type":"portGroup","@id":26,"ordered":false,"portCompositions":[{"type":"port","@id":27,"shape":{"type":"rect","xposition":"NaN","yposition":"NaN","width":"NaN","height":"NaN","shapeStyle":2},"labelManager":{"labels":[{"type":"textLabel","@id":28,"inputText":"5","labelStyle":4,"shape":null,"layoutText":null}],"mainLabel":28},"properties":{},"orientationAtVertex":"FREE","reference":null},{"type":"port","@id":29,"shape":{"type":"rect","xposition":"NaN","yposition":"NaN","width":"NaN","height":"NaN","shapeStyle":{"@id":30,"description":"default shape style","color":{"argb":"ff000000"}}},"labelManager":{"labels":[{"type":"textLabel","@id":31,"inputText":"2","labelStyle":{"@id":32,"description":"default text label style","font":{"fontName":"SansSerif.plain","style":0,"size":10},"noBreak":false,"color":{"argb":"ff000000"},"showLabel":true,"placement":"FREE","horizontalPlacement":"FREE","verticalPlacement":"FREE"},"shape":null,"layoutText":null}],"mainLabel":31},"properties":{},"orientationAtVertex":"FREE","reference":null},{"type":"port","@id":33,"shape":{"type":"rect","xposition":"NaN","yposition":"NaN","width":"NaN","height":"NaN","shapeStyle":30},"labelManager":{"labels":[{"type":"textLabel","@id":34,"inputText":"1","labelStyle":32,"shape":null,"layoutText":null}],"mainLabel":34},"properties":{},"orientationAtVertex":"FREE","reference":null},{"type":"port","@id":35,"shape":{"type":"rect","xposition":"NaN","yposition":"NaN","width":"NaN","height":"NaN","shapeStyle":30},"labelManager":{"labels":[{"type":"textLabel","@id":36,"inputText":"3","labelStyle":32,"shape":null,"layoutText":null}],"mainLabel":36},"properties":{},"orientationAtVertex":"FREE","reference":null},{"type":"port","@id":37,"shape":{"type":"rect","xposition":"NaN","yposition":"NaN","width":"NaN","height":"NaN","shapeStyle":30},"labelManager":{"labels":[{"type":"textLabel","@id":38,"inputText":"4","labelStyle":32,"shape":null,"layoutText":null}],"mainLabel":38},"properties":{},"orientationAtVertex":"FREE","reference":null}],"properties":{},"reference":null}],"properties":{},"reference":"plug"},{"@id":39,"shape":null,"labelManager":{"labels":[{"type":"textLabel","@id":40,"inputText":"Paul","labelStyle":32,"shape":null,"layoutText":null}],"mainLabel":40},"portCompositions":[{"type":"portGroup","@id":41,"ordered":false,"portCompositions":[{"type":"port","@id":42,"shape":{"type":"rect","xposition":"NaN","yposition":"NaN","width":"NaN","height":"NaN","shapeStyle":30},"labelManager":{"labels":[{"type":"textLabel","@id":43,"inputText":"1","labelStyle":32,"shape":null,"layoutText":null}],"mainLabel":43},"properties":{},"orientationAtVertex":"FREE","reference":null}],"properties":{},"reference":null}],"properties":{},"reference":null},{"@id":44,"shape":null,"labelManager":{"labels":[{"type":"textLabel","@id":45,"inputText":"Jonas","labelStyle":32,"shape":null,"layoutText":null}],"mainLabel":45},"portCompositions":[{"type":"portGroup","@id":46,"ordered":false,"portCompositions":[{"type":"port","@id":47,"shape":{"type":"rect","xposition":"NaN","yposition":"NaN","width":"NaN","height":"NaN","shapeStyle":30},"labelManager":{"labels":[{"type":"textLabel","@id":48,"inputText":"2","labelStyle":32,"shape":null,"layoutText":null}],"mainLabel":48},"properties":{},"orientationAtVertex":"FREE","reference":null}],"properties":{},"reference":null}],"properties":{},"reference":null},{"@id":49,"shape":null,"labelManager":{"labels":[{"type":"textLabel","@id":50,"inputText":"Elias","labelStyle":32,"shape":null,"layoutText":null}],"mainLabel":50},"portCompositions":[{"type":"portGroup","@id":51,"ordered":false,"portCompositions":[{"type":"port","@id":52,"shape":{"type":"rect","xposition":"NaN","yposition":"NaN","width":"NaN","height":"NaN","shapeStyle":30},"labelManager":{"labels":[{"type":"textLabel","@id":53,"inputText":"1","labelStyle":32,"shape":null,"layoutText":null}],"mainLabel":53},"properties":{},"orientationAtVertex":"FREE","reference":null}],"properties":{},"reference":null}],"properties":{},"reference":null},{"@id":54,"shape":null,"labelManager":{"labels":[{"type":"textLabel","@id":55,"inputText":"Luca","labelStyle":32,"shape":null,"layoutText":null}],"mainLabel":55},"portCompositions":[{"type":"portGroup","@id":56,"ordered":false,"portCompositions":[{"type":"port","@id":57,"shape":{"type":"rect","xposition":"NaN","yposition":"NaN","width":"NaN","height":"NaN","shapeStyle":30},"labelManager":{"labels":[{"type":"textLabel","@id":58,"inputText":"3","labelStyle":32,"shape":null,"layoutText":null}],"mainLabel":58},"properties":{},"orientationAtVertex":"FREE","reference":null}],"properties":{},"reference":null}],"properties":{},"reference":null},{"@id":59,"shape":null,"labelManager":{"labels":[{"type":"textLabel","@id":60,"inputText":"Ben","labelStyle":32,"shape":null,"layoutText":null}],"mainLabel":60},"portCompositions":[{"type":"portGroup","@id":61,"ordered":false,"portCompositions":[{"type":"port","@id":62,"shape":{"type":"rect","xposition":"NaN","yposition":"NaN","width":"NaN","height":"NaN","shapeStyle":30},"labelManager":{"labels":[{"type":"textLabel","@id":63,"inputText":"4","labelStyle":32,"shape":null,"layoutText":null}],"mainLabel":63},"properties":{},"orientationAtVertex":"FREE","reference":null}],"properties":{},"reference":null}],"properties":{},"reference":null}],"vertexGroups":[{"@id":64,"drawnFrame":false,"labelManager":{"labels":[],"mainLabel":null},"shape":null,"containedVertices":[19,24,44,49,54,59],"containedVertexGroups":[],"touchingPairs":[{"vertex0":19,"horizontalPlacementVertex0":"FREE","verticalPlacementVertex0":"TOP","vertex1":24,"horizontalPlacementVertex1":"FREE","verticalPlacementVertex1":"FREE"},{"vertex0":24,"horizontalPlacementVertex0":"FREE","verticalPlacementVertex0":"FREE","vertex1":44,"horizontalPlacementVertex1":"FREE","verticalPlacementVertex1":"FREE"},{"vertex0":24,"horizontalPlacementVertex0":"FREE","verticalPlacementVertex0":"FREE","vertex1":49,"horizontalPlacementVertex1":"FREE","verticalPlacementVertex1":"FREE"},{"vertex0":24,"horizontalPlacementVertex0":"FREE","verticalPlacementVertex0":"FREE","vertex1":54,"horizontalPlacementVertex1":"FREE","verticalPlacementVertex1":"FREE"},{"vertex0":24,"horizontalPlacementVertex0":"FREE","verticalPlacementVertex0":"FREE","vertex1":59,"horizontalPlacementVertex1":"FREE","verticalPlacementVertex1":"FREE"}],"portPairings":[{"port0":22,"port1":27},{"port0":29,"port1":47},{"port0":33,"port1":52},{"port0":35,"port1":57},{"port0":37,"port1":62}],"properties":{},"reference":null}],"edges":[{"@id":65,"ports":[9,17],"labelManager":{"innerLabels":[{"type":"textLabel","@id":66,"inputText":"Moritz","labelStyle":32,"shape":null,"layoutText":null}],"allPortLabels":[],"mainLabel":66},"pathStyle":{"@id":67,"description":"default path style","thickness":-1.0,"color":{"argb":"ff000000"}},"paths":[],"properties":{},"reference":null},{"@id":68,"ports":[42,9],"labelManager":{"innerLabels":[{"type":"textLabel","@id":69,"inputText":"Louis","labelStyle":32,"shape":null,"layoutText":null}],"allPortLabels":[],"mainLabel":69},"pathStyle":67,"paths":[],"properties":{},"reference":null},{"@id":70,"ports":[47,42],"labelManager":{"innerLabels":[{"type":"textLabel","@id":71,"inputText":"Tom","labelStyle":32,"shape":null,"layoutText":null}],"allPortLabels":[],"mainLabel":71},"pathStyle":67,"paths":[],"properties":{},"reference":null},{"@id":72,"ports":[13,5],"labelManager":{"innerLabels":[{"type":"textLabel","@id":73,"inputText":"Leonard","labelStyle":32,"shape":null,"layoutText":null}],"allPortLabels":[],"mainLabel":73},"pathStyle":67,"paths":[],"properties":{},"reference":null},{"@id":74,"ports":[22,13],"labelManager":{"innerLabels":[{"type":"textLabel","@id":75,"inputText":"Leo","labelStyle":32,"shape":null,"layoutText":null}],"allPortLabels":[],"mainLabel":75},"pathStyle":67,"paths":[],"properties":{},"reference":null}],"edgeBundles":[]}