{"vertices":[{"@id":1,"shape":{"type":"rect","xposition":"NaN","yposition":"NaN","width":"NaN","height":"NaN","shapeStyle":{"@id":2,"description":"default shape style","color":{"argb":"ff000000"}}},"labelManager":{"labels":[{"type":"textLabel","@id":3,"inputText":"Maximilian","labelStyle":{"@id":4,"description":"default text label style","font":{"fontName":"SansSerif.plain","style":0,"size":10},"noBreak":false,"color":{"argb":"ff000000"},"showLabel":true,"placement":"FREE","horizontalPlacement":"FREE","verticalPlacement":"FREE"},"shape":null,"layoutText":null}],"mainLabel":3},"portCompositions":[{"type":"portGroup","@id":5,"ordered":false,"portCompositions":[{"type":"port","@id":6,"shape":{"type":"rect","xposition":"NaN","yposition":"NaN","width":"NaN","height":"NaN","shapeStyle":2},"labelManager":{"labels":[{"type":"textLabel","@id":7,"inputText":"6","labelStyle":4,"shape":null,"layoutText":null}],"mainLabel":7},"properties":{},"orientationAtVertex":"FREE","reference":null},{"type":"port","@id":8,"shape":{"type":"rect","xposition":"NaN","yposition":"NaN","width":"NaN","height":"NaN","shapeStyle":2},"labelManager":{"labels":[{"type":"textLabel","@id":9,"inputText":"1","labelStyle":4,"shape":null,"layoutText":null}],"mainLabel":9},"properties":{},"orientationAtVertex":"FREE","reference":null},{"type":"port","@id":10,"shape":{"type":"rect","xposition":"NaN","yposition":"NaN","width":"NaN","height":"NaN","shapeStyle":2},"labelManager":{"labels":[{"type":"textLabel","@id":11,"inputText":"4","labelStyle":4,"shape":null,"layoutText":null}],"mainLabel":11},"properties":{},"orientationAtVertex":"FREE","reference":null},{"type":"port","@id":12,"shape":{"type":"rect","xposition":"NaN","yposition":"NaN","width":"NaN","height":"NaN","shapeStyle":{"@id":13,"description":"default shape style","color":{"argb":"ff000000"}}},"labelManager":{"labels":[{"type":"textLabel","@id":14,"inputText":"3","labelStyle":{"@id":15,"description":"default text label style","font":{"fontName":"SansSerif.plain","style":0,"size":10},"noBreak":false,"color":{"argb":"ff000000"},"showLabel":true,"placement":"FREE","horizontalPlacement":"FREE","verticalPlacement":"FREE"},"shape":null,"layoutText":null}],"mainLabel":14},"properties":{},"orientationAtVertex":"FREE","reference":null},{"type":"port","@id":16,"shape":{"type":"rect","xposition":"NaN","yposition":"NaN","width":"NaN","height":"NaN","shapeStyle":13},"labelManager":{"labels":[{"type":"textLabel","@id":17,"inputText":"2","labelStyle":15,"shape":null,"layoutText":null}],"mainLabel":17},"properties":{},"orientationAtVertex":"FREE","reference":null},{"type":"port","@id":18,"shape":{"type":"rect","xposition":"NaN","yposition":"NaN","width":"NaN","height":"NaN","shapeStyle":13},"labelManager":{"labels":[{"type":"textLabel","@id":19,"inputText":"5","labelStyle":15,"shape":null,"layoutText":null}],"mainLabel":19},"properties":{},"orientationAtVertex":"FREE","reference":null}],"properties":{},"reference":null}],"properties":{},"reference":"device"},{"@id":20,"shape":{"type":"rect","xposition":"NaN","yposition":"NaN","width":"NaN","height":"NaN","shapeStyle":2},"labelManager":{"labels":[{"type":"textLabel","@id":21,"inputText":"Vincent","labelStyle":4,"shape":null,"layoutText":null}],"mainLabel":21},"portCompositions":[{"type":"portGroup","@id":22,"ordered":false,"portCompositions":[{"type":"port","@id":23,"shape":{"type":"rect","xposition":"NaN","yposition":"NaN","width":"NaN","height":"NaN","shapeStyle":2},"labelManager":{"labels":[{"type":"textLabel","@id":24,"inputText":"6","labelStyle":4,"shape":null,"layoutText":null}],"mainLabel":24},"properties":{},"orientationAtVertex":"FREE","reference":null},{"type":"port","@id":25,"shape":{"type":"rect","xposition":"NaN","yposition":"NaN","width":"NaN","height":"NaN","shapeStyle":2},"labelManager":{"labels":[{"type":"textLabel","@id":26,"inputText":"1","labelStyle":4,"shape":null,"layoutText":null}],"mainLabel":26},"properties":{},"orientationAtVertex":"FREE","reference":null},{"type":"port","@id":27,"shape":{"type":"rect","xposition":"NaN","yposition":"NaN","width":"NaN","height":"NaN","shapeStyle":2},"labelManager":{"labels":[{"type":"textLabel","@id":28,"inputText":"4","labelStyle":4,"shape":null,"layoutText":null}],"mainLabel":28},"properties":{},"orientationAtVertex":"FREE","reference":null},{"type":"port","@id":29,"shape":{"type":"rect","xposition":"NaN","yposition":"NaN","width":"NaN","height":"NaN","shapeStyle":13},"labelManager":{"labels":[{"type":"textLabel","@id":30,"inputText":"3","labelStyle":15,"shape":null,"layoutText":null}],"mainLabel":30},"properties":{},"orientationAtVertex":"FREE","reference":null},{"type":"port","@id":31,"shape":{"type":"rect","xposition":"NaN","yposition":"NaN","width":"NaN","height":"NaN","shapeStyle":13},"labelManager":{"labels":[{"type":"textLabel","@id":32,"inputText":"2","labelStyle":15,"shape":null,"layoutText":null}],"mainLabel":32},"properties":{},"orientationAtVertex":"FREE","reference":null},{"type":"port","@id":33,"shape":{"type":"rect","xposition":"NaN","yposition":"NaN","width":"NaN","height":"NaN","shapeStyle":13},"labelManager":{"labels":[{"type":"textLabel","@id":34,"inputText":"5","labelStyle":15,"shape":null,"layoutText":null}],"mainLabel":34},"properties":{},"orientationAtVertex":"FREE","reference":null}],"properties":{},"reference":null}],"properties":{},"reference":"plug"},{"@id":35,"shape":{"type":"rect","xposition":"NaN","yposition":"NaN","width":"NaN","height":"NaN","shapeStyle":2},"labelManager":{"labels":[{"type":"textLabel","@id":36,"inputText":"Luis","labelStyle":4,"shape":null,"layoutText":null}],"mainLabel":36},"portCompositions":[{"type":"portGroup","@id":37,"ordered":false,"portCompositions":[{"type":"port","@id":38,"shape":{"type":"rect","xposition":"NaN","yposition":"NaN","width":"NaN","height":"NaN","shapeStyle":2},"labelManager":{"labels":[{"type":"textLabel","@id":39,"inputText":"7","labelStyle":4,"shape":null,"layoutText":null}],"mainLabel":39},"properties":{},"orientationAtVertex":"FREE","reference":null},{"type":"port","@id":40,"shape":{"type":"rect","xposition":"NaN","yposition":"NaN","width":"NaN","height":"NaN","shapeStyle":2},"labelManager":{"labels":[{"type":"textLabel","@id":41,"inputText":"5","labelStyle":4,"shape":null,"layoutText":null}],"mainLabel":41},"properties":{},"orientationAtVertex":"FREE","reference":null},{"type":"port","@id":42,"shape":{"type":"rect","xposition":"NaN","yposition":"NaN","width":"NaN","height":"NaN","shapeStyle":2},"labelManager":{"labels":[{"type":"textLabel","@id":43,"inputText":"4","labelStyle":4,"shape":null,"layoutText":null}],"mainLabel":43},"properties":{},"orientationAtVertex":"FREE","reference":null},{"type":"port","@id":44,"shape":{"type":"rect","xposition":"NaN","yposition":"NaN","width":"NaN","height":"NaN","shapeStyle":2},"labelManager":{"labels":[{"type":"textLabel","@id":45,"inputText":"1","labelStyle":4,"shape":null,"layoutText":null}],"mainLabel":45},"properties":{},"orientationAtVertex":"FREE","reference":null},{"type":"port","@id":46,"shape":{"type":"rect","xposition":"NaN","yposition":"NaN","width":"NaN","height":"NaN","shapeStyle":2},"labelManager":{"labels":[{"type":"textLabel","@id":47,"inputText":"3","labelStyle":4,"shape":null,"layoutText":null}],"mainLabel":47},"properties":{},"orientationAtVertex":"FREE","reference":null},{"type":"port","@id":48,"shape":{"type":"rect","xposition":"NaN","yposition":"NaN","width":"NaN","height":"NaN","shapeStyle":13},"labelManager":{"labels":[{"type":"textLabel","@id":49,"inputText":"2","labelStyle":15,"shape":null,"layoutText":null}],"mainLabel":49},"properties":{},"orientationAtVertex":"FREE","reference":null},{"type":"port","@id":50,"shape":{"type":"rect","xposition":"NaN","yposition":"NaN","width":"NaN","height":"NaN","shapeStyle":13},"labelManager":{"labels":[{"type":"textLabel","@id":51,"inputText":"6","labelStyle":15,"shape":null,"layoutText":null}],"mainLabel":51},"properties":{},"orientationAtVertex":"FREE","reference":null}],"properties":{},"reference":null}],"properties":{},"reference":"device"},{"@id":52,"shape":{"type":"rect","xposition":"NaN","yposition":"NaN","width":"NaN","height":"NaN","shapeStyle":2},"labelManager":{"labels":[{"type":"textLabel","@id":53,"inputText":"Tom","labelStyle":4,"shape":null,"layoutText":null}],"mainLabel":53},"portCompositions":[{"type":"portGroup","@id":54,"ordered":false,"portCompositions":[{"type":"port","@id":55,"shape":{"type":"rect","xposition":"NaN","yposition":"NaN","width":"NaN","height":"NaN","shapeStyle":2},"labelManager":{"labels":[{"type":"textLabel","@id":56,"inputText":"7","labelStyle":4,"shape":null,"layoutText":null}],"mainLabel":56},"properties":{},"orientationAtVertex":"FREE","reference":null},{"type":"port","@id":57,"shape":{"type":"rect","xposition":"NaN","yposition":"NaN","width":"NaN","height":"NaN","shapeStyle":2},"labelManager":{"labels":[{"type":"textLabel","@id":58,"inputText":"5","labelStyle":4,"shape":null,"layoutText":null}],"mainLabel":58},"properties":{},"orientationAtVertex":"FREE","reference":null},{"type":"port","@id":59,"shape":{"type":"rect","xposition":"NaN","yposition":"NaN","width":"NaN","height":"NaN","shapeStyle":2},"labelManager":{"labels":[{"type":"textLabel","@id":60,"inputText":"4","labelStyle":4,"shape":null,"layoutText":null}],"mainLabel":60},"properties":{},"orientationAtVertex":"FREE","reference":null},{"type":"port","@id":61,"shape":{"type":"rect","xposition":"NaN","yposition":"NaN","width":"NaN","height":"NaN","shapeStyle":2},"labelManager":{"labels":[{"type":"textLabel","@id":62,"inputText":"1","labelStyle":4,"shape":null,"layoutText":null}],"mainLabel":62},"properties":{},"orientationAtVertex":"FREE","reference":null},{"type":"port","@id":63,"shape":{"type":"rect","xposition":"NaN","yposition":"NaN","width":"NaN","height":"NaN","shapeStyle":2},"labelManager":{"labels":[{"type":"textLabel","@id":64,"inputText":"3","labelStyle":4,"shape":null,"layoutText":null}],"mainLabel":64},"properties":{},"orientationAtVertex":"FREE","reference":null},{"type":"port","@id":65,"shape":{"type":"rect","xposition":"NaN","yposition":"NaN","width":"NaN","height":"NaN","shapeStyle":13},"labelManager":{"labels":[{"type":"textLabel","@id":66,"inputText":"2","labelStyle":15,"shape":null,"layoutText":null}],"mainLabel":66},"properties":{},"orientationAtVertex":"FREE","reference":null},{"type":"port","@id":67,"shape":{"type":"rect","xposition":"NaN","yposition":"NaN","width":"NaN","height":"NaN","shapeStyle":13},"labelManager":{"labels":[{"type":"textLabel","@id":68,"inputText":"6","labelStyle":15,"shape":null,"layoutText":null}],"mainLabel":68},"properties":{},"orientationAtVertex":"FREE","reference":null}],"properties":{},"reference":null}],"properties":{},"reference":"plug"},{"@id":69,"shape":{"type":"rect","xposition":"NaN","yposition":"NaN","width":"NaN","height":"NaN","shapeStyle":2},"labelManager":{"labels":[{"type":"textLabel","@id":70,"inputText":"Leon","labelStyle":4,"shape":null,"layoutText":null}],"mainLabel":70},"portCompositions":[{"type":"port","@id":71,"shape":{"type":"rect","xposition":"NaN","yposition":"NaN","width":"NaN","height":"NaN","shapeStyle":2},"labelManager":{"labels":[{"type":"textLabel","@id":72,"inputText":"1","labelStyle":4,"shape":null,"layoutText":null}],"mainLabel":72},"properties":{},"orientationAtVertex":"FREE","reference":null}],"properties":{},"reference":"splice"},{"@id":73,"shape":{"type":"rect","xposition":"NaN","yposition":"NaN","width":"NaN","height":"NaN","shapeStyle":2},"labelManager":{"labels":[{"type":"textLabel","@id":74,"inputText":"Luca","labelStyle":4,"shape":null,"layoutText":null}],"mainLabel":74},"portCompositions":[{"type":"port","@id":75,"shape":{"type":"rect","xposition":"NaN","yposition":"NaN","width":"NaN","height":"NaN","shapeStyle":2},"labelManager":{"labels":[{"type":"textLabel","@id":76,"inputText":"1","labelStyle":4,"shape":null,"layoutText":null}],"mainLabel":76},"properties":{},"orientationAtVertex":"FREE","reference":null}],"properties":{},"reference":"splice"},{"@id":77,"shape":{"type":"rect","xposition":"NaN","yposition":"NaN","width":"NaN","height":"NaN","shapeStyle":2},"labelManager":{"labels":[{"type":"textLabel","@id":78,"inputText":"Valentin","labelStyle":4,"shape":null,"layoutText":null}],"mainLabel":78},"portCompositions":[{"type":"port","@id":79,"shape":{"type":"rect","xposition":"NaN","yposition":"NaN","width":"NaN","height":"NaN","shapeStyle":2},"labelManager":{"labels":[{"type":"textLabel","@id":80,"inputText":"1","labelStyle":4,"shape":null,"layoutText":null}],"mainLabel":80},"properties":{},"orientationAtVertex":"FREE","reference":null}],"properties":{},"reference":"splice"},{"@id":81,"shape":{"type":"rect","xposition":"NaN","yposition":"NaN","width":"NaN","height":"NaN","shapeStyle":2},"labelManager":{"labels":[{"type":"textLabel","@id":82,"inputText":"Max","labelStyle":4,"shape":null,"layoutText":null}],"mainLabel":82},"portCompositions":[{"type":"portGroup","@id":83,"ordered":false,"portCompositions":[{"type":"port","@id":84,"shape":{"type":"rect","xposition":"NaN","yposition":"NaN","width":"NaN","height":"NaN","shapeStyle":2},"labelManager":{"labels":[{"type":"textLabel","@id":85,"inputText":"2","labelStyle":4,"shape":null,"layoutText":null}],"mainLabel":85},"properties":{},"orientationAtVertex":"FREE","reference":null},{"type":"port","@id":86,"shape":{"type":"rect","xposition":"NaN","yposition":"NaN","width":"NaN","height":"NaN","shapeStyle":13},"labelManager":{"labels":[{"type":"textLabel","@id":87,"inputText":"1","labelStyle":15,"shape":null,"layoutText":null}],"mainLabel":87},"properties":{},"orientationAtVertex":"FREE","reference":null},{"type":"port","@id":88,"shape":{"type":"rect","xposition":"NaN","yposition":"NaN","width":"NaN","height":"NaN","shapeStyle":13},"labelManager":{"labels":[{"type":"textLabel","@id":89,"inputText":"3","labelStyle":15,"shape":null,"layoutText":null}],"mainLabel":89},"properties":{},"orientationAtVertex":"FREE","reference":null},{"type":"port","@id":90,"shape":{"type":"rect","xposition":"NaN","yposition":"NaN","width":"NaN","height":"NaN","shapeStyle":13},"labelManager":{"labels":[{"type":"textLabel","@id":91,"inputText":"4","labelStyle":15,"shape":null,"layoutText":null}],"mainLabel":91},"properties":{},"orientationAtVertex":"FREE","reference":null}],"properties":{},"reference":null}],"properties":{},"reference":"plug"},{"@id":92,"shape":{"type":"rect","xposition":"NaN","yposition":"NaN","width":"NaN","height":"NaN","shapeStyle":2},"labelManager":{"labels":[{"type":"textLabel","@id":93,"inputText":"Muhammed","labelStyle":4,"shape":null,"layoutText":null}],"mainLabel":93},"portCompositions":[{"type":"portGroup","@id":94,"ordered":false,"portCompositions":[{"type":"port","@id":95,"shape":{"type":"rect","xposition":"NaN","yposition":"NaN","width":"NaN","height":"NaN","shapeStyle":2},"labelManager":{"labels":[{"type":"textLabel","@id":96,"inputText":"2","labelStyle":4,"shape":null,"layoutText":null}],"mainLabel":96},"properties":{},"orientationAtVertex":"FREE","reference":null},{"type":"port","@id":97,"shape":{"type":"rect","xposition":"NaN","yposition":"NaN","width":"NaN","height":"NaN","shapeStyle":13},"labelManager":{"labels":[{"type":"textLabel","@id":98,"inputText":"1","labelStyle":15,"shape":null,"layoutText":null}],"mainLabel":98},"properties":{},"orientationAtVertex":"FREE","reference":null},{"type":"port","@id":99,"shape":{"type":"rect","xposition":"NaN","yposition":"NaN","width":"NaN","height":"NaN","shapeStyle":13},"labelManager":{"labels":[{"type":"textLabel","@id":100,"inputText":"3","labelStyle":15,"shape":null,"layoutText":null}],"mainLabel":100},"properties":{},"orientationAtVertex":"FREE","reference":null},{"type":"port","@id":101,"shape":{"type":"rect","xposition":"NaN","yposition":"NaN","width":"NaN","height":"NaN","shapeStyle":13},"labelManager":{"labels":[{"type":"textLabel","@id":102,"inputText":"4","labelStyle":15,"shape":null,"layoutText":null}],"mainLabel":102},"properties":{},"orientationAtVertex":"FREE","reference":null}],"properties":{},"reference":null}],"properties":{},"reference":"plug"},{"@id":103,"shape":{"type":"rect","xposition":"NaN","yposition":"NaN","width":"NaN","height":"NaN","shapeStyle":2},"labelManager":{"labels":[{"type":"textLabel","@id":104,"inputText":"Karl","labelStyle":4,"shape":null,"layoutText":null}],"mainLabel":104},"portCompositions":[{"type":"port","@id":105,"shape":{"type":"rect","xposition":"NaN","yposition":"NaN","width":"NaN","height":"NaN","shapeStyle":2},"labelManager":{"labels":[{"type":"textLabel","@id":106,"inputText":"1","labelStyle":4,"shape":null,"layoutText":null}],"mainLabel":106},"properties":{},"orientationAtVertex":"FREE","reference":null}],"properties":{},"reference":"splice"},{"@id":107,"shape":{"type":"rect","xposition":"NaN","yposition":"NaN","width":"NaN","height":"NaN","shapeStyle":2},"labelManager":{"labels":[{"type":"textLabel","@id":108,"inputText":"Niklas","labelStyle":4,"shape":null,"layoutText":null}],"mainLabel":108},"portCompositions":[{"type":"portGroup","@id":109,"ordered":false,"portCompositions":[{"type":"port","@id":110,"shape":{"type":"rect","xposition":"NaN","yposition":"NaN","width":"NaN","height":"NaN","shapeStyle":2},"labelManager":{"labels":[{"type":"textLabel","@id":111,"inputText":"4","labelStyle":4,"shape":null,"layoutText":null}],"mainLabel":111},"properties":{},"orientationAtVertex":"FREE","reference":null},{"type":"port","@id":112,"shape":{"type":"rect","xposition":"NaN","yposition":"NaN","width":"NaN","height":"NaN","shapeStyle":2},"labelManager":{"labels":[{"type":"textLabel","@id":113,"inputText":"2","labelStyle":4,"shape":null,"layoutText":null}],"mainLabel":113},"properties":{},"orientationAtVertex":"FREE","reference":null},{"type":"port","@id":114,"shape":{"type":"rect","xposition":"NaN","yposition":"NaN","width":"NaN","height":"NaN","shapeStyle":2},"labelManager":{"labels":[{"type":"textLabel","@id":115,"inputText":"3","labelStyle":4,"shape":null,"layoutText":null}],"mainLabel":115},"properties":{},"orientationAtVertex":"FREE","reference":null},{"type":"port","@id":116,"shape":{"type":"rect","xposition":"NaN","yposition":"NaN","width":"NaN","height":"NaN","shapeStyle":2},"labelManager":{"labels":[{"type":"textLabel","@id":117,"inputText":"1","labelStyle":4,"shape":null,"layoutText":null}],"mainLabel":117},"properties":{},"orientationAtVertex":"FREE","reference":null},{"type":"port","@id":118,"shape":{"type":"rect","xposition":"NaN","yposition":"NaN","width":"NaN","height":"NaN","shapeStyle":2},"labelManager":{"labels":[{"type":"textLabel","@id":119,"inputText":"6","labelStyle":4,"shape":null,"layoutText":null}],"mainLabel":119},"properties":{},"orientationAtVertex":"FREE","reference":null},{"type":"port","@id":120,"shape":{"type":"rect","xposition":"NaN","yposition":"NaN","width":"NaN","height":"NaN","shapeStyle":2},"labelManager":{"labels":[{"type":"textLabel","@id":121,"inputText":"5","labelStyle":4,"shape":null,"layoutText":null}],"mainLabel":121},"properties":{},"orientationAtVertex":"FREE","reference":null}],"properties":{},"reference":null}],"properties":{},"reference":"plug"},{"@id":122,"shape":{"type":"rect","xposition":"NaN","yposition":"NaN","width":"NaN","height":"NaN","shapeStyle":2},"labelManager":{"labels":[{"type":"textLabel","@id":123,"inputText":"David","labelStyle":4,"shape":null,"layoutText":null}],"mainLabel":123},"portCompositions":[{"type":"portGroup","@id":124,"ordered":false,"portCompositions":[{"type":"port","@id":125,"shape":{"type":"rect","xposition":"NaN","yposition":"NaN","width":"NaN","height":"NaN","shapeStyle":2},"labelManager":{"labels":[{"type":"textLabel","@id":126,"inputText":"4","labelStyle":4,"shape":null,"layoutText":null}],"mainLabel":126},"properties":{},"orientationAtVertex":"FREE","reference":null},{"type":"port","@id":127,"shape":{"type":"rect","xposition":"NaN","yposition":"NaN","width":"NaN","height":"NaN","shapeStyle":2},"labelManager":{"labels":[{"type":"textLabel","@id":128,"inputText":"2","labelStyle":4,"shape":null,"layoutText":null}],"mainLabel":128},"properties":{},"orientationAtVertex":"FREE","reference":null},{"type":"port","@id":129,"shape":{"type":"rect","xposition":"NaN","yposition":"NaN","width":"NaN","height":"NaN","shapeStyle":2},"labelManager":{"labels":[{"type":"textLabel","@id":130,"inputText":"3","labelStyle":4,"shape":null,"layoutText":null}],"mainLabel":130},"properties":{},"orientationAtVertex":"FREE","reference":null},{"type":"port","@id":131,"shape":{"type":"rect","xposition":"NaN","yposition":"NaN","width":"NaN","height":"NaN","shapeStyle":2},"labelManager":{"labels":[{"type":"textLabel","@id":132,"inputText":"1","labelStyle":4,"shape":null,"layoutText":null}],"mainLabel":132},"properties":{},"orientationAtVertex":"FREE","reference":null},{"type":"port","@id":133,"shape":{"type":"rect","xposition":"NaN","yposition":"NaN","width":"NaN","height":"NaN","shapeStyle":2},"labelManager":{"labels":[{"type":"textLabel","@id":134,"inputText":"6","labelStyle":4,"shape":null,"layoutText":null}],"mainLabel":134},"properties":{},"orientationAtVertex":"FREE","reference":null},{"type":"port","@id":135,"shape":{"type":"rect","xposition":"NaN","yposition":"NaN","width":"NaN","height":"NaN","shapeStyle":2},"labelManager":{"labels":[{"type":"textLabel","@id":136,"inputText":"5","labelStyle":4,"shape":null,"layoutText":null}],"mainLabel":136},"properties":{},"orientationAtVertex":"FREE","reference":null}],"properties":{},"reference":null}],"properties":{},"reference":"plug"},{"@id":137,"shape":{"type":"rect","xposition":"NaN","yposition":"NaN","width":"NaN","height":"NaN","shapeStyle":2},"labelManager":{"labels":[{"type":"textLabel","@id":138,"inputText":"Henry","labelStyle":4,"shape":null,"layoutText":null}],"mainLabel":138},"portCompositions":[{"type":"port","@id":139,"shape":{"type":"rect","xposition":"NaN","yposition":"NaN","width":"NaN","height":"NaN","shapeStyle":2},"labelManager":{"labels":[{"type":"textLabel","@id":140,"inputText":"1","labelStyle":4,"shape":null,"layoutText":null}],"mainLabel":140},"properties":{},"orientationAtVertex":"FREE","reference":null}],"properties":{},"reference":"splice"},{"@id":141,"shape":{"type":"rect","xposition":"NaN","yposition":"NaN","width":"NaN","height":"NaN","shapeStyle":2},"labelManager":{"labels":[{"type":"textLabel","@id":142,"inputText":"Felix","labelStyle":4,"shape":null,"layoutText":null}],"mainLabel":142},"portCompositions":[{"type":"portGroup","@id":143,"ordered":false,"portCompositions":[{"type":"port","@id":144,"shape":{"type":"rect","xposition":"NaN","yposition":"NaN","width":"NaN","height":"NaN","shapeStyle":2},"labelManager":{"labels":[{"type":"textLabel","@id":145,"inputText":"1","labelStyle":4,"shape":null,"layoutText":null}],"mainLabel":145},"properties":{},"orientationAtVertex":"FREE","reference":null}],"properties":{},"reference":null}],"properties":{},"reference":"plug"},{"@id":146,"shape":{"type":"rect","xposition":"NaN","yposition":"NaN","width":"NaN","height":"NaN","shapeStyle":2},"labelManager":{"labels":[{"type":"textLabel","@id":147,"inputText":"Noah","labelStyle":4,"shape":null,"layoutText":null}],"mainLabel":147},"portCompositions":[{"type":"portGroup","@id":148,"ordered":false,"portCompositions":[{"type":"port","@id":149,"shape":{"type":"rect","xposition":"NaN","yposition":"NaN","width":"NaN","height":"NaN","shapeStyle":2},"labelManager":{"labels":[{"type":"textLabel","@id":150,"inputText":"1","labelStyle":4,"shape":null,"layoutText":null}],"mainLabel":150},"properties":{},"orientationAtVertex":"FREE","reference":null}],"properties":{},"reference":null}],"properties":{},"reference":"plug"},{"@id":151,"shape":{"type":"rect","xposition":"NaN","yposition":"NaN","width":"NaN","height":"NaN","shapeStyle":2},"labelManager":{"labels":[{"type":"textLabel","@id":152,"inputText":"Philipp","labelStyle":4,"shape":null,"layoutText":null}],"mainLabel":152},"portCompositions":[{"type":"port","@id":153,"shape":{"type":"rect","xposition":"NaN","yposition":"NaN","width":"NaN","height":"NaN","shapeStyle":2},"labelManager":{"labels":[{"type":"textLabel","@id":154,"inputText":"1","labelStyle":4,"shape":null,"layoutText":null}],"mainLabel":154},"properties":{},"orientationAtVertex":"FREE","reference":null}],"properties":{},"reference":"splice"},{"@id":155,"shape":{"type":"rect","xposition":"NaN","yposition":"NaN","width":"NaN","height":"NaN","shapeStyle":2},"labelManager":{"labels":[{"type":"textLabel","@id":156,"inputText":"Gabriel","labelStyle":4,"shape":null,"layoutText":null}],"mainLabel":156},"portCompositions":[{"type":"port","@id":157,"shape":{"type":"rect","xposition":"NaN","yposition":"NaN","width":"NaN","height":"NaN","shapeStyle":2},"labelManager":{"labels":[{"type":"textLabel","@id":158,"inputText":"1","labelStyle":4,"shape":null,"layoutText":null}],"mainLabel":158},"properties":{},"orientationAtVertex":"FREE","reference":null}],"properties":{},"reference":"splice"},{"@id":159,"shape":{"type":"rect","xposition":"NaN","yposition":"NaN","width":"NaN","height":"NaN","shapeStyle":2},"labelManager":{"labels":[{"type":"textLabel","@id":160,"inputText":"Ben","labelStyle":4,"shape":null,"layoutText":null}],"mainLabel":160},"portCompositions":[{"type":"portGroup","@id":161,"ordered":false,"portCompositions":[{"type":"port","@id":162,"shape":{"type":"rect","xposition":"NaN","yposition":"NaN","width":"NaN","height":"NaN","shapeStyle":2},"labelManager":{"labels":[{"type":"textLabel","@id":163,"inputText":"1","labelStyle":4,"shape":null,"layoutText":null}],"mainLabel":163},"properties":{},"orientationAtVertex":"FREE","reference":null},{"type":"port","@id":164,"shape":{"type":"rect","xposition":"NaN","yposition":"NaN","width":"NaN","height":"NaN","shapeStyle":2},"labelManager":{"labels":[{"type":"textLabel","@id":165,"inputText":"3","labelStyle":4,"shape":null,"layoutText":null}],"mainLabel":165},"properties":{},"orientationAtVertex":"FREE","reference":null},{"type":"port","@id":166,"shape":{"type":"rect","xposition":"NaN","yposition":"NaN","width":"NaN","height":"NaN","shapeStyle":13},"labelManager":{"labels":[{"type":"textLabel","@id":167,"inputText":"4","labelStyle":15,"shape":null,"layoutText":null}],"mainLabel":167},"properties":{},"orientationAtVertex":"FREE","reference":null},{"type":"port","@id":168,"shape":{"type":"rect","xposition":"NaN","yposition":"NaN","width":"NaN","height":"NaN","shapeStyle":13},"labelManager":{"labels":[{"type":"textLabel","@id":169,"inputText":"2","labelStyle":15,"shape":null,"layoutText":null}],"mainLabel":169},"properties":{},"orientationAtVertex":"FREE","reference":null}],"properties":{},"reference":null}],"properties":{},"reference":"plug"},{"@id":170,"shape":{"type":"rect","xposition":"NaN","yposition":"NaN","width":"NaN","height":"NaN","shapeStyle":2},"labelManager":{"labels":[{"type":"textLabel","@id":171,"inputText":"Leo","labelStyle":4,"shape":null,"layoutText":null}],"mainLabel":171},"portCompositions":[{"type":"portGroup","@id":172,"ordered":false,"portCompositions":[{"type":"port","@id":173,"shape":{"type":"rect","xposition":"NaN","yposition":"NaN","width":"NaN","height":"NaN","shapeStyle":2},"labelManager":{"labels":[{"type":"textLabel","@id":174,"inputText":"1","labelStyle":4,"shape":null,"layoutText":null}],"mainLabel":174},"properties":{},"orientationAtVertex":"FREE","reference":null},{"type":"port","@id":175,"shape":{"type":"rect","xposition":"NaN","yposition":"NaN","width":"NaN","height":"NaN","shapeStyle":2},"labelManager":{"labels":[{"type":"textLabel","@id":176,"inputText":"3","labelStyle":4,"shape":null,"layoutText":null}],"mainLabel":176},"properties":{},"orientationAtVertex":"FREE","reference":null},{"type":"port","@id":177,"shape":{"type":"rect","xposition":"NaN","yposition":"NaN","width":"NaN","height":"NaN","shapeStyle":13},"labelManager":{"labels":[{"type":"textLabel","@id":178,"inputText":"4","labelStyle":15,"shape":null,"layoutText":null}],"mainLabel":178},"properties":{},"orientationAtVertex":"FREE","reference":null},{"type":"port","@id":179,"shape":{"type":"rect","xposition":"NaN","yposition":"NaN","width":"NaN","height":"NaN","shapeStyle":13},"labelManager":{"labels":[{"type":"textLabel","@id":180,"inputText":"2","labelStyle":15,"shape":null,"layoutText":null}],"mainLabel":180},"properties":{},"orientationAtVertex":"FREE","reference":null}],"properties":{},"reference":null}],"properties":{},"reference":"plug"},{"@id":181,"shape":{"type":"rect","xposition":"NaN","yposition":"NaN","width":"NaN","height":"NaN","shapeStyle":2},"labelManager":{"labels":[{"type":"textLabel","@id":182,"inputText":"Levi","labelStyle":4,"shape":null,"layoutText":null}],"mainLabel":182},"portCompositions":[{"type":"portGroup","@id":183,"ordered":false,"portCompositions":[{"type":"port","@id":184,"shape":{"type":"rect","xposition":"NaN","yposition":"NaN","width":"NaN","height":"NaN","shapeStyle":2},"labelManager":{"labels":[{"type":"textLabel","@id":185,"inputText":"1","labelStyle":4,"shape":null,"layoutText":null}],"mainLabel":185},"properties":{},"orientationAtVertex":"FREE","reference":null},{"type":"port","@id":186,"shape":{"type":"rect","xposition":"NaN","yposition":"NaN","width":"NaN","height":"NaN","shapeStyle":2},"labelManager":{"labels":[{"type":"textLabel","@id":187,"inputText":"2","labelStyle":4,"shape":null,"layoutText":null}],"mainLabel":187},"properties":{},"orientationAtVertex":"FREE","reference":null},{"type":"port","@id":188,"shape":{"type":"rect","xposition":"NaN","yposition":"NaN","width":"NaN","height":"NaN","shapeStyle":13},"labelManager":{"labels":[{"type":"textLabel","@id":189,"inputText":"3","labelStyle":15,"shape":null,"layoutText":null}],"mainLabel":189},"properties":{},"orientationAtVertex":"FREE","reference":null}],"properties":{},"reference":null}],"properties":{},"reference":"device"},{"@id":190,"shape":{"type":"rect","xposition":"NaN","yposition":"NaN","width":"NaN","height":"NaN","shapeStyle":2},"labelManager":{"labels":[{"type":"textLabel","@id":191,"inputText":"Joel","labelStyle":4,"shape":null,"layoutText":null}],"mainLabel":191},"portCompositions":[{"type":"portGroup","@id":192,"ordered":false,"portCompositions":[{"type":"port","@id":193,"shape":{"type":"rect","xposition":"NaN","yposition":"NaN","width":"NaN","height":"NaN","shapeStyle":2},"labelManager":{"labels":[{"type":"textLabel","@id":194,"inputText":"1","labelStyle":4,"shape":null,"layoutText":null}],"mainLabel":194},"properties":{},"orientationAtVertex":"FREE","reference":null},{"type":"port","@id":195,"shape":{"type":"rect","xposition":"NaN","yposition":"NaN","width":"NaN","height":"NaN","shapeStyle":2},"labelManager":{"labels":[{"type":"textLabel","@id":196,"inputText":"2","labelStyle":4,"shape":null,"layoutText":null}],"mainLabel":196},"properties":{},"orientationAtVertex":"FREE","reference":null},{"type":"port","@id":197,"shape":{"type":"rect","xposition":"NaN","yposition":"NaN","width":"NaN","height":"NaN","shapeStyle":13},"labelManager":{"labels":[{"type":"textLabel","@id":198,"inputText":"3","labelStyle":15,"shape":null,"layoutText":null}],"mainLabel":198},"properties":{},"orientationAtVertex":"FREE","reference":null}],"properties":{},"reference":null}],"properties":{},"reference":"plug"},{"@id":199,"shape":{"type":"rect","xposition":"NaN","yposition":"NaN","width":"NaN","height":"NaN","shapeStyle":2},"labelManager":{"labels":[{"type":"textLabel","@id":200,"inputText":"Elias","labelStyle":4,"shape":null,"layoutText":null}],"mainLabel":200},"portCompositions":[{"type":"portGroup","@id":201,"ordered":false,"portCompositions":[{"type":"port","@id":202,"shape":{"type":"rect","xposition":"NaN","yposition":"NaN","width":"NaN","height":"NaN","shapeStyle":2},"labelManager":{"labels":[{"type":"textLabel","@id":203,"inputText":"2","labelStyle":4,"shape":null,"layoutText":null}],"mainLabel":203},"properties":{},"orientationAtVertex":"FREE","reference":null},{"type":"port","@id":204,"shape":{"type":"rect","xposition":"NaN","yposition":"NaN","width":"NaN","height":"NaN","shapeStyle":2},"labelManager":{"labels":[{"type":"textLabel","@id":205,"inputText":"1","labelStyle":4,"shape":null,"layoutText":null}],"mainLabel":205},"properties":{},"orientationAtVertex":"FREE","reference":null}],"properties":{},"reference":null}],"properties":{},"reference":"device"},{"@id":206,"shape":{"type":"rect","xposition":"NaN","yposition":"NaN","width":"NaN","height":"NaN","shapeStyle":2},"labelManager":{"labels":[{"type":"textLabel","@id":207,"inputText":"Tim","labelStyle":4,"shape":null,"layoutText":null}],"mainLabel":207},"portCompositions":[{"type":"portGroup","@id":208,"ordered":false,"portCompositions":[{"type":"port","@id":209,"shape":{"type":"rect","xposition":"NaN","yposition":"NaN","width":"NaN","height":"NaN","shapeStyle":2},"labelManager":{"labels":[{"type":"textLabel","@id":210,"inputText":"2","labelStyle":4,"shape":null,"layoutText":null}],"mainLabel":210},"properties":{},"orientationAtVertex":"FREE","reference":null},{"type":"port","@id":211,"shape":{"type":"rect","xposition":"NaN","yposition":"NaN","width":"NaN","height":"NaN","shapeStyle":2},"labelManager":{"labels":[{"type":"textLabel","@id":212,"inputText":"1","labelStyle":4,"shape":null,"layoutText":null}],"mainLabel":212},"properties":{},"orientationAtVertex":"FREE","reference":null}],"properties":{},"reference":null}],"properties":{},"reference":"plug"},{"@id":213,"shape":{"type":"rect","xposition":"NaN","yposition":"NaN","width":"NaN","height":"NaN","shapeStyle":2},"labelManager":{"labels":[{"type":"textLabel","@id":214,"inputText":"Ali","labelStyle":4,"shape":null,"layoutText":null}],"mainLabel":214},"portCompositions":[{"type":"port","@id":215,"shape":{"type":"rect","xposition":"NaN","yposition":"NaN","width":"NaN","height":"NaN","shapeStyle":2},"labelManager":{"labels":[{"type":"textLabel","@id":216,"inputText":"1","labelStyle":4,"shape":null,"layoutText":null}],"mainLabel":216},"properties":{},"orientationAtVertex":"FREE","reference":null}],"properties":{},"reference":"splice"},{"@id":217,"shape":{"type":"rect","xposition":"NaN","yposition":"NaN","width":"NaN","height":"NaN","shapeStyle":2},"labelManager":{"labels":[{"type":"textLabel","@id":218,"inputText":"Leonard","labelStyle":4,"shape":null,"layoutText":null}],"mainLabel":218},"portCompositions":[{"type":"port","@id":219,"shape":{"type":"rect","xposition":"NaN","yposition":"NaN","width":"NaN","height":"NaN","shapeStyle":2},"labelManager":{"labels":[{"type":"textLabel","@id":220,"inputText":"1","labelStyle":4,"shape":null,"layoutText":null}],"mainLabel":220},"properties":{},"orientationAtVertex":"FREE","reference":null}],"properties":{},"reference":"splice"},{"@id":221,"shape":{"type":"rect","xposition":"NaN","yposition":"NaN","width":"NaN","height":"NaN","shapeStyle":2},"labelManager":{"labels":[{"type":"textLabel","@id":222,"inputText":"Christian","labelStyle":4,"shape":null,"layoutText":null}],"mainLabel":222},"portCompositions":[{"type":"port","@id":223,"shape":{"type":"rect","xposition":"NaN","yposition":"NaN","width":"NaN","height":"NaN","shapeStyle":2},"labelManager":{"labels":[{"type":"textLabel","@id":224,"inputText":"1","labelStyle":4,"shape":null,"layoutText":null}],"mainLabel":224},"properties":{},"orientationAtVertex":"FREE","reference":null}],"properties":{},"reference":"splice"},{"@id":225,"shape":{"type":"rect","xposition":"NaN","yposition":"NaN","width":"NaN","height":"NaN","shapeStyle":2},"labelManager":{"labels":[{"type":"textLabel","@id":226,"inputText":"Jonathan","labelStyle":4,"shape":null,"layoutText":null}],"mainLabel":226},"portCompositions":[{"type":"portGroup","@id":227,"ordered":false,"portCompositions":[{"type":"port","@id":228,"shape":{"type":"rect","xposition":"NaN","yposition":"NaN","width":"NaN","height":"NaN","shapeStyle":2},"labelManager":{"labels":[{"type":"textLabel","@id":229,"inputText":"4","labelStyle":4,"shape":null,"layoutText":null}],"mainLabel":229},"properties":{},"orientationAtVertex":"FREE","reference":null},{"type":"port","@id":230,"shape":{"type":"rect","xposition":"NaN","yposition":"NaN","width":"NaN","height":"NaN","shapeStyle":2},"labelManager":{"labels":[{"type":"textLabel","@id":231,"inputText":"3","labelStyle":4,"shape":null,"layoutText":null}],"mainLabel":231},"properties":{},"orientationAtVertex":"FREE","reference":null},{"type":"port","@id":232,"shape":{"type":"rect","xposition":"NaN","yposition":"NaN","width":"NaN","height":"NaN","shapeStyle":13},"labelManager":{"labels":[{"type":"textLabel","@id":233,"inputText":"2","labelStyle":15,"shape":null,"layoutText":null}],"mainLabel":233},"properties":{},"orientationAtVertex":"FREE","reference":null},{"type":"port","@id":234,"shape":{"type":"rect","xposition":"NaN","yposition":"NaN","width":"NaN","height":"NaN","shapeStyle":13},"labelManager":{"labels":[{"type":"textLabel","@id":235,"inputText":"1","labelStyle":15,"shape":null,"layoutText":null}],"mainLabel":235},"properties":{},"orientationAtVertex":"FREE","reference":null}],"properties":{},"reference":null}],"properties":{},"reference":"plug"},{"@id":236,"shape":{"type":"rect","xposition":"NaN","yposition":"NaN","width":"NaN","height":"NaN","shapeStyle":2},"labelManager":{"labels":[{"type":"textLabel","@id":237,"inputText":"Jakob","labelStyle":4,"shape":null,"layoutText":null}],"mainLabel":237},"portCompositions":[{"type":"portGroup","@id":238,"ordered":false,"portCompositions":[{"type":"port","@id":239,"shape":{"type":"rect","xposition":"NaN","yposition":"NaN","width":"NaN","height":"NaN","shapeStyle":2},"labelManager":{"labels":[{"type":"textLabel","@id":240,"inputText":"4","labelStyle":4,"shape":null,"layoutText":null}],"mainLabel":240},"properties":{},"orientationAtVertex":"FREE","reference":null},{"type":"port","@id":241,"shape":{"type":"rect","xposition":"NaN","yposition":"NaN","width":"NaN","height":"NaN","shapeStyle":2},"labelManager":{"labels":[{"type":"textLabel","@id":242,"inputText":"3","labelStyle":4,"shape":null,"layoutText":null}],"mainLabel":242},"properties":{},"orientationAtVertex":"FREE","reference":null},{"type":"port","@id":243,"shape":{"type":"rect","xposition":"NaN","yposition":"NaN","width":"NaN","height":"NaN","shapeStyle":13},"labelManager":{"labels":[{"type":"textLabel","@id":244,"inputText":"2","labelStyle":15,"shape":null,"layoutText":null}],"mainLabel":244},"properties":{},"orientationAtVertex":"FREE","reference":null},{"type":"port","@id":245,"shape":{"type":"rect","xposition":"NaN","yposition":"NaN","width":"NaN","height":"NaN","shapeStyle":13},"labelManager":{"labels":[{"type":"textLabel","@id":246,"inputText":"1","labelStyle":15,"shape":null,"layoutText":null}],"mainLabel":246},"properties":{},"orientationAtVertex":"FREE","reference":null}],"properties":{},"reference":null}],"properties":{},"reference":"plug"},{"@id":247,"shape":{"type":"rect","xposition":"NaN","yposition":"NaN","width":"NaN","height":"NaN","shapeStyle":2},"labelManager":{"labels":[{"type":"textLabel","@id":248,"inputText":"Paul","labelStyle":4,"shape":null,"layoutText":null}],"mainLabel":248},"portCompositions":[{"type":"portGroup","@id":249,"ordered":false,"portCompositions":[{"type":"port","@id":250,"shape":{"type":"rect","xposition":"NaN","yposition":"NaN","width":"NaN","height":"NaN","shapeStyle":2},"labelManager":{"labels":[{"type":"textLabel","@id":251,"inputText":"1","labelStyle":4,"shape":null,"layoutText":null}],"mainLabel":251},"properties":{},"orientationAtVertex":"FREE","reference":null}],"properties":{},"reference":null}],"properties":{},"reference":"plug"},{"@id":252,"shape":{"type":"rect","xposition":"NaN","yposition":"NaN","width":"NaN","height":"NaN","shapeStyle":2},"labelManager":{"labels":[{"type":"textLabel","@id":253,"inputText":"Henri","labelStyle":4,"shape":null,"layoutText":null}],"mainLabel":253},"portCompositions":[{"type":"portGroup","@id":254,"ordered":false,"portCompositions":[{"type":"port","@id":255,"shape":{"type":"rect","xposition":"NaN","yposition":"NaN","width":"NaN","height":"NaN","shapeStyle":2},"labelManager":{"labels":[{"type":"textLabel","@id":256,"inputText":"1","labelStyle":4,"shape":null,"layoutText":null}],"mainLabel":256},"properties":{},"orientationAtVertex":"FREE","reference":null}],"properties":{},"reference":null}],"properties":{},"reference":"plug"},{"@id":257,"shape":{"type":"rect","xposition":"NaN","yposition":"NaN","width":"NaN","height":"NaN","shapeStyle":2},"labelManager":{"labels":[{"type":"textLabel","@id":258,"inputText":"Anton","labelStyle":4,"shape":null,"layoutText":null}],"mainLabel":258},"portCompositions":[{"type":"portGroup","@id":259,"ordered":false,"portCompositions":[{"type":"port","@id":260,"shape":{"type":"rect","xposition":"NaN","yposition":"NaN","width":"NaN","height":"NaN","shapeStyle":2},"labelManager":{"labels":[{"type":"textLabel","@id":261,"inputText":"6","labelStyle":4,"shape":null,"layoutText":null}],"mainLabel":261},"properties":{},"orientationAtVertex":"FREE","reference":null},{"type":"port","@id":262,"shape":{"type":"rect","xposition":"NaN","yposition":"NaN","width":"NaN","height":"NaN","shapeStyle":2},"labelManager":{"labels":[{"type":"textLabel","@id":263,"inputText":"5","labelStyle":4,"shape":null,"layoutText":null}],"mainLabel":263},"properties":{},"orientationAtVertex":"FREE","reference":null},{"type":"port","@id":264,"shape":{"type":"rect","xposition":"NaN","yposition":"NaN","width":"NaN","height":"NaN","shapeStyle":2},"labelManager":{"labels":[{"type":"textLabel","@id":265,"inputText":"2","labelStyle":4,"shape":null,"layoutText":null}],"mainLabel":265},"properties":{},"orientationAtVertex":"FREE","reference":null},{"type":"port","@id":266,"shape":{"type":"rect","xposition":"NaN","yposition":"NaN","width":"NaN","height":"NaN","shapeStyle":2},"labelManager":{"labels":[{"type":"textLabel","@id":267,"inputText":"4","labelStyle":4,"shape":null,"layoutText":null}],"mainLabel":267},"properties":{},"orientationAtVertex":"FREE","reference":null},{"type":"port","@id":268,"shape":{"type":"rect","xposition":"NaN","yposition":"NaN","width":"NaN","height":"NaN","shapeStyle":2},"labelManager":{"labels":[{"type":"textLabel","@id":269,"inputText":"3","labelStyle":4,"shape":null,"layoutText":null}],"mainLabel":269},"properties":{},"orientationAtVertex":"FREE","reference":null},{"type":"port","@id":270,"shape":{"type":"rect","xposition":"NaN","yposition":"NaN","width":"NaN","height":"NaN","shapeStyle":2},"labelManager":{"labels":[{"type":"textLabel","@id":271,"inputText":"1","labelStyle":4,"shape":null,"layoutText":null}],"mainLabel":271},"properties":{},"orientationAtVertex":"FREE","reference":null},{"type":"port","@id":272,"shape":{"type":"rect","xposition":"NaN","yposition":"NaN","width":"NaN","height":"NaN","shapeStyle":2},"labelManager":{"labels":[{"type":"textLabel","@id":273,"inputText":"7","labelStyle":4,"shape":null,"layoutText":null}],"mainLabel":273},"properties":{},"orientationAtVertex":"FREE","reference":null}],"properties":{},"reference":null}],"properties":{},"reference":"device"},{"@id":274,"shape":{"type":"rect","xposition":"NaN","yposition":"NaN","width":"NaN","height":"NaN","shapeStyle":2},"labelManager":{"labels":[{"type":"textLabel","@id":275,"inputText":"Daniel","labelStyle":4,"shape":null,"layoutText":null}],"mainLabel":275},"portCompositions":[{"type":"portGroup","@id":276,"ordered":false,"portCompositions":[{"type":"port","@id":277,"shape":{"type":"rect","xposition":"NaN","yposition":"NaN","width":"NaN","height":"NaN","shapeStyle":2},"labelManager":{"labels":[{"type":"textLabel","@id":278,"inputText":"6","labelStyle":4,"shape":null,"layoutText":null}],"mainLabel":278},"properties":{},"orientationAtVertex":"FREE","reference":null},{"type":"port","@id":279,"shape":{"type":"rect","xposition":"NaN","yposition":"NaN","width":"NaN","height":"NaN","shapeStyle":2},"labelManager":{"labels":[{"type":"textLabel","@id":280,"inputText":"5","labelStyle":4,"shape":null,"layoutText":null}],"mainLabel":280},"properties":{},"orientationAtVertex":"FREE","reference":null},{"type":"port","@id":281,"shape":{"type":"rect","xposition":"NaN","yposition":"NaN","width":"NaN","height":"NaN","shapeStyle":2},"labelManager":{"labels":[{"type":"textLabel","@id":282,"inputText":"2","labelStyle":4,"shape":null,"layoutText":null}],"mainLabel":282},"properties":{},"orientationAtVertex":"FREE","reference":null},{"type":"port","@id":283,"shape":{"type":"rect","xposition":"NaN","yposition":"NaN","width":"NaN","height":"NaN","shapeStyle":2},"labelManager":{"labels":[{"type":"textLabel","@id":284,"inputText":"4","labelStyle":4,"shape":null,"layoutText":null}],"mainLabel":284},"properties":{},"orientationAtVertex":"FREE","reference":null},{"type":"port","@id":285,"shape":{"type":"rect","xposition":"NaN","yposition":"NaN","width":"NaN","height":"NaN","shapeStyle":2},"labelManager":{"labels":[{"type":"textLabel","@id":286,"inputText":"3","labelStyle":4,"shape":null,"layoutText":null}],"mainLabel":286},"properties":{},"orientationAtVertex":"FREE","reference":null},{"type":"port","@id":287,"shape":{"type":"rect","xposition":"NaN","yposition":"NaN","width":"NaN","height":"NaN","shapeStyle":2},"labelManager":{"labels":[{"type":"textLabel","@id":288,"inputText":"1","labelStyle":4,"shape":null,"layoutText":null}],"mainLabel":288},"properties":{},"orientationAtVertex":"FREE","reference":null},{"type":"port","@id":289,"shape":{"type":"rect","xposition":"NaN","yposition":"NaN","width":"NaN","height":"NaN","shapeStyle":2},"labelManager":{"labels":[{"type":"textLabel","@id":290,"inputText":"7","labelStyle":4,"shape":null,"layoutText":null}],"mainLabel":290},"properties":{},"orientationAtVertex":"FREE","reference":null}],"properties":{},"reference":null}],"properties":{},"reference":"plug"},{"@id":291,"shape":{"type":"rect","xposition":"NaN","yposition":"NaN","width":"NaN","height":"NaN","shapeStyle":2},"labelManager":{"labels":[{"type":"textLabel","@id":292,"inputText":"Oskar","labelStyle":4,"shape":null,"layoutText":null}],"mainLabel":292},"portCompositions":[{"type":"portGroup","@id":293,"ordered":false,"portCompositions":[{"type":"port","@id":294,"shape":{"type":"rect","xposition":"NaN","yposition":"NaN","width":"NaN","height":"NaN","shapeStyle":2},"labelManager":{"labels":[{"type":"textLabel","@id":295,"inputText":"2","labelStyle":4,"shape":null,"layoutText":null}],"mainLabel":295},"properties":{},"orientationAtVertex":"FREE","reference":null},{"type":"port","@id":296,"shape":{"type":"rect","xposition":"NaN","yposition":"NaN","width":"NaN","height":"NaN","shapeStyle":2},"labelManager":{"labels":[{"type":"textLabel","@id":297,"inputText":"3","labelStyle":4,"shape":null,"layoutText":null}],"mainLabel":297},"properties":{},"orientationAtVertex":"FREE","reference":null},{"type":"port","@id":298,"shape":{"type":"rect","xposition":"NaN","yposition":"NaN","width":"NaN","height":"NaN","shapeStyle":13},"labelManager":{"labels":[{"type":"textLabel","@id":299,"inputText":"1","labelStyle":15,"shape":null,"layoutText":null}],"mainLabel":299},"properties":{},"orientationAtVertex":"FREE","reference":null}],"properties":{},"reference":null}],"properties":{},"reference":"plug"},{"@id":300,"shape":{"type":"rect","xposition":"NaN","yposition":"NaN","width":"NaN","height":"NaN","shapeStyle":2},"labelManager":{"labels":[{"type":"textLabel","@id":301,"inputText":"Benjamin","labelStyle":4,"shape":null,"layoutText":null}],"mainLabel":301},"portCompositions":[{"type":"portGroup","@id":302,"ordered":false,"portCompositions":[{"type":"port","@id":303,"shape":{"type":"rect","xposition":"NaN","yposition":"NaN","width":"NaN","height":"NaN","shapeStyle":2},"labelManager":{"labels":[{"type":"textLabel","@id":304,"inputText":"2","labelStyle":4,"shape":null,"layoutText":null}],"mainLabel":304},"properties":{},"orientationAtVertex":"FREE","reference":null},{"type":"port","@id":305,"shape":{"type":"rect","xposition":"NaN","yposition":"NaN","width":"NaN","height":"NaN","shapeStyle":2},"labelManager":{"labels":[{"type":"textLabel","@id":306,"inputText":"3","labelStyle":4,"shape":null,"layoutText":null}],"mainLabel":306},"properties":{},"orientationAtVertex":"FREE","reference":null},{"type":"port","@id":307,"shape":{"type":"rect","xposition":"NaN","yposition":"NaN","width":"NaN","height":"NaN","shapeStyle":13},"labelManager":{"labels":[{"type":"textLabel","@id":308,"inputText":"1","labelStyle":15,"shape":null,"layoutText":null}],"mainLabel":308},"properties":{},"orientationAtVertex":"FREE","reference":null}],"properties":{},"reference":null}],"properties":{},"reference":"plug"},{"@id":309,"shape":{"type":"rect","xposition":"NaN","yposition":"NaN","width":"NaN","height":"NaN","shapeStyle":2},"labelManager":{"labels":[{"type":"textLabel","@id":310,"inputText":"Liam","labelStyle":4,"shape":null,"layoutText":null}],"mainLabel":310},"portCompositions":[{"type":"portGroup","@id":311,"ordered":false,"portCompositions":[{"type":"port","@id":312,"shape":{"type":"rect","xposition":"NaN","yposition":"NaN","width":"NaN","height":"NaN","shapeStyle":2},"labelManager":{"labels":[{"type":"textLabel","@id":313,"inputText":"3","labelStyle":4,"shape":null,"layoutText":null}],"mainLabel":313},"properties":{},"orientationAtVertex":"FREE","reference":null},{"type":"port","@id":314,"shape":{"type":"rect","xposition":"NaN","yposition":"NaN","width":"NaN","height":"NaN","shapeStyle":2},"labelManager":{"labels":[{"type":"textLabel","@id":315,"inputText":"1","labelStyle":4,"shape":null,"layoutText":null}],"mainLabel":315},"properties":{},"orientationAtVertex":"FREE","reference":null},{"type":"port","@id":316,"shape":{"type":"rect","xposition":"NaN","yposition":"NaN","width":"NaN","height":"NaN","shapeStyle":2},"labelManager":{"labels":[{"type":"textLabel","@id":317,"inputText":"4","labelStyle":4,"shape":null,"layoutText":null}],"mainLabel":317},"properties":{},"orientationAtVertex":"FREE","reference":null},{"type":"port","@id":318,"shape":{"type":"rect","xposition":"NaN","yposition":"NaN","width":"NaN","height":"NaN","shapeStyle":13},"labelManager":{"labels":[{"type":"textLabel","@id":319,"inputText":"2","labelStyle":15,"shape":null,"layoutText":null}],"mainLabel":319},"properties":{},"orientationAtVertex":"FREE","reference":null}],"properties":{},"reference":null}],"properties":{},"reference":"plug"},{"@id":320,"shape":{"type":"rect","xposition":"NaN","yposition":"NaN","width":"NaN","height":"NaN","shapeStyle":2},"labelManager":{"labels":[{"type":"textLabel","@id":321,"inputText":"Johannes","labelStyle":4,"shape":null,"layoutText":null}],"mainLabel":321},"portCompositions":[{"type":"portGroup","@id":322,"ordered":false,"portCompositions":[{"type":"port","@id":323,"shape":{"type":"rect","xposition":"NaN","yposition":"NaN","width":"NaN","height":"NaN","shapeStyle":2},"labelManager":{"labels":[{"type":"textLabel","@id":324,"inputText":"3","labelStyle":4,"shape":null,"layoutText":null}],"mainLabel":324},"properties":{},"orientationAtVertex":"FREE","reference":null},{"type":"port","@id":325,"shape":{"type":"rect","xposition":"NaN","yposition":"NaN","width":"NaN","height":"NaN","shapeStyle":2},"labelManager":{"labels":[{"type":"textLabel","@id":326,"inputText":"1","labelStyle":4,"shape":null,"layoutText":null}],"mainLabel":326},"properties":{},"orientationAtVertex":"FREE","reference":null},{"type":"port","@id":327,"shape":{"type":"rect","xposition":"NaN","yposition":"NaN","width":"NaN","height":"NaN","shapeStyle":2},"labelManager":{"labels":[{"type":"textLabel","@id":328,"inputText":"4","labelStyle":4,"shape":null,"layoutText":null}],"mainLabel":328},"properties":{},"orientationAtVertex":"FREE","reference":null},{"type":"port","@id":329,"shape":{"type":"rect","xposition":"NaN","yposition":"NaN","width":"NaN","height":"NaN","shapeStyle":13},"labelManager":{"labels":[{"type":"textLabel","@id":330,"inputText":"2","labelStyle":15,"shape":null,"layoutText":null}],"mainLabel":330},"properties":{},"orientationAtVertex":"FREE","reference":null}],"properties":{},"reference":null}],"properties":{},"reference":"plug"},{"@id":331,"shape":{"type":"rect","xposition":"NaN","yposition":"NaN","width":"NaN","height":"NaN","shapeStyle":2},"labelManager":{"labels":[{"type":"textLabel","@id":332,"inputText":"Theo","labelStyle":4,"shape":null,"layoutText":null}],"mainLabel":332},"portCompositions":[{"type":"portGroup","@id":333,"ordered":false,"portCompositions":[{"type":"port","@id":334,"shape":{"type":"rect","xposition":"NaN","yposition":"NaN","width":"NaN","height":"NaN","shapeStyle":2},"labelManager":{"labels":[{"type":"textLabel","@id":335,"inputText":"4","labelStyle":4,"shape":null,"layoutText":null}],"mainLabel":335},"properties":{},"orientationAtVertex":"FREE","reference":null},{"type":"port","@id":336,"shape":{"type":"rect","xposition":"NaN","yposition":"NaN","width":"NaN","height":"NaN","shapeStyle":2},"labelManager":{"labels":[{"type":"textLabel","@id":337,"inputText":"1","labelStyle":4,"shape":null,"layoutText":null}],"mainLabel":337},"properties":{},"orientationAtVertex":"FREE","reference":null},{"type":"port","@id":338,"shape":{"type":"rect","xposition":"NaN","yposition":"NaN","width":"NaN","height":"NaN","shapeStyle":2},"labelManager":{"labels":[{"type":"textLabel","@id":339,"inputText":"2","labelStyle":4,"shape":null,"layoutText":null}],"mainLabel":339},"properties":{},"orientationAtVertex":"FREE","reference":null},{"type":"port","@id":340,"shape":{"type":"rect","xposition":"NaN","yposition":"NaN","width":"NaN","height":"NaN","shapeStyle":2},"labelManager":{"labels":[{"type":"textLabel","@id":341,"inputText":"3","labelStyle":4,"shape":null,"layoutText":null}],"mainLabel":341},"properties":{},"orientationAtVertex":"FREE","reference":null}],"properties":{},"reference":null}],"properties":{},"reference":"device"},{"@id":342,"shape":{"type":"rect","xposition":"NaN","yposition":"NaN","width":"NaN","height":"NaN","shapeStyle":2},"labelManager":{"labels":[{"type":"textLabel","@id":343,"inputText":"Moritz","labelStyle":4,"shape":null,"layoutText":null}],"mainLabel":343},"portCompositions":[{"type":"portGroup","@id":344,"ordered":false,"portCompositions":[{"type":"port","@id":345,"shape":{"type":"rect","xposition":"NaN","yposition":"NaN","width":"NaN","height":"NaN","shapeStyle":2},"labelManager":{"labels":[{"type":"textLabel","@id":346,"inputText":"4","labelStyle":4,"shape":null,"layoutText":null}],"mainLabel":346},"properties":{},"orientationAtVertex":"FREE","reference":null},{"type":"port","@id":347,"shape":{"type":"rect","xposition":"NaN","yposition":"NaN","width":"NaN","height":"NaN","shapeStyle":2},"labelManager":{"labels":[{"type":"textLabel","@id":348,"inputText":"1","labelStyle":4,"shape":null,"layoutText":null}],"mainLabel":348},"properties":{},"orientationAtVertex":"FREE","reference":null},{"type":"port","@id":349,"shape":{"type":"rect","xposition":"NaN","yposition":"NaN","width":"NaN","height":"NaN","shapeStyle":2},"labelManager":{"labels":[{"type":"textLabel","@id":350,"inputText":"2","labelStyle":4,"shape":null,"layoutText":null}],"mainLabel":350},"properties":{},"orientationAtVertex":"FREE","reference":null},{"type":"port","@id":351,"shape":{"type":"rect","xposition":"NaN","yposition":"NaN","width":"NaN","height":"NaN","shapeStyle":2},"labelManager":{"labels":[{"type":"textLabel","@id":352,"inputText":"3","labelStyle":4,"shape":null,"layoutText":null}],"mainLabel":352},"properties":{},"orientationAtVertex":"FREE","reference":null}],"properties":{},"reference":null}],"properties":{},"reference":"plug"},{"@id":353,"shape":{"type":"rect","xposition":"NaN","yposition":"NaN","width":"NaN","height":"NaN","shapeStyle":2},"labelManager":{"labels":[{"type":"textLabel","@id":354,"inputText":"Louis","labelStyle":4,"shape":null,"layoutText":null}],"mainLabel":354},"portCompositions":[{"type":"port","@id":355,"shape":{"type":"rect","xposition":"NaN","yposition":"NaN","width":"NaN","height":"NaN","shapeStyle":2},"labelManager":{"labels":[{"type":"textLabel","@id":356,"inputText":"1","labelStyle":4,"shape":null,"layoutText":null}],"mainLabel":356},"properties":{},"orientationAtVertex":"FREE","reference":null}],"properties":{},"reference":"splice"},{"@id":357,"shape":{"type":"rect","xposition":"NaN","yposition":"NaN","width":"NaN","height":"NaN","shapeStyle":2},"labelManager":{"labels":[{"type":"textLabel","@id":358,"inputText":"Simon","labelStyle":4,"shape":null,"layoutText":null}],"mainLabel":358},"portCompositions":[{"type":"portGroup","@id":359,"ordered":false,"portCompositions":[{"type":"port","@id":360,"shape":{"type":"rect","xposition":"NaN","yposition":"NaN","width":"NaN","height":"NaN","shapeStyle":2},"labelManager":{"labels":[{"type":"textLabel","@id":361,"inputText":"6","labelStyle":4,"shape":null,"layoutText":null}],"mainLabel":361},"properties":{},"orientationAtVertex":"FREE","reference":null},{"type":"port","@id":362,"shape":{"type":"rect","xposition":"NaN","yposition":"NaN","width":"NaN","height":"NaN","shapeStyle":2},"labelManager":{"labels":[{"type":"textLabel","@id":363,"inputText":"1","labelStyle":4,"shape":null,"layoutText":null}],"mainLabel":363},"properties":{},"orientationAtVertex":"FREE","reference":null},{"type":"port","@id":364,"shape":{"type":"rect","xposition":"NaN","yposition":"NaN","width":"NaN","height":"NaN","shapeStyle":2},"labelManager":{"labels":[{"type":"textLabel","@id":365,"inputText":"3","labelStyle":4,"shape":null,"layoutText":null}],"mainLabel":365},"properties":{},"orientationAtVertex":"FREE","reference":null},{"type":"port","@id":366,"shape":{"type":"rect","xposition":"NaN","yposition":"NaN","width":"NaN","height":"NaN","shapeStyle":2},"labelManager":{"labels":[{"type":"textLabel","@id":367,"inputText":"5","labelStyle":4,"shape":null,"layoutText":null}],"mainLabel":367},"properties":{},"orientationAtVertex":"FREE","reference":null},{"type":"port","@id":368,"shape":{"type":"rect","xposition":"NaN","yposition":"NaN","width":"NaN","height":"NaN","shapeStyle":2},"labelManager":{"labels":[{"type":"textLabel","@id":369,"inputText":"4","labelStyle":4,"shape":null,"layoutText":null}],"mainLabel":369},"properties":{},"orientationAtVertex":"FREE","reference":null},{"type":"port","@id":370,"shape":{"type":"rect","xposition":"NaN","yposition":"NaN","width":"NaN","height":"NaN","shapeStyle":2},"labelManager":{"labels":[{"type":"textLabel","@id":371,"inputText":"2","labelStyle":4,"shape":null,"layoutText":null}],"mainLabel":371},"properties":{},"orientationAtVertex":"FREE","reference":null},{"type":"port","@id":372,"shape":{"type":"rect","xposition":"NaN","yposition":"NaN","width":"NaN","height":"NaN","shapeStyle":2},"labelManager":{"labels":[{"type":"textLabel","@id":373,"inputText":"7","labelStyle":4,"shape":null,"layoutText":null}],"mainLabel":373},"properties":{},"orientationAtVertex":"FREE","reference":null},{"type":"port","@id":374,"shape":{"type":"rect","xposition":"NaN","yposition":"NaN","width":"NaN","height":"NaN","shapeStyle":13},"labelManager":{"labels":[{"type":"textLabel","@id":375,"inputText":"8","labelStyle":15,"shape":null,"layoutText":null}],"mainLabel":375},"properties":{},"orientationAtVertex":"FREE","reference":null}],"properties":{},"reference":null},{"type":"portGroup","@id":376,"ordered":false,"portCompositions":[],"properties":{},"reference":null}],"properties":{},"reference":"device"},{"@id":377,"shape":{"type":"rect","xposition":"NaN","yposition":"NaN","width":"NaN","height":"NaN","shapeStyle":2},"labelManager":{"labels":[{"type":"textLabel","@id":378,"inputText":"Jan","labelStyle":4,"shape":null,"layoutText":null}],"mainLabel":378},"portCompositions":[{"type":"portGroup","@id":379,"ordered":false,"portCompositions":[{"type":"port","@id":380,"shape":{"type":"rect","xposition":"NaN","yposition":"NaN","width":"NaN","height":"NaN","shapeStyle":2},"labelManager":{"labels":[{"type":"textLabel","@id":381,"inputText":"6","labelStyle":4,"shape":null,"layoutText":null}],"mainLabel":381},"properties":{},"orientationAtVertex":"FREE","reference":null},{"type":"port","@id":382,"shape":{"type":"rect","xposition":"NaN","yposition":"NaN","width":"NaN","height":"NaN","shapeStyle":2},"labelManager":{"labels":[{"type":"textLabel","@id":383,"inputText":"1","labelStyle":4,"shape":null,"layoutText":null}],"mainLabel":383},"properties":{},"orientationAtVertex":"FREE","reference":null},{"type":"port","@id":384,"shape":{"type":"rect","xposition":"NaN","yposition":"NaN","width":"NaN","height":"NaN","shapeStyle":2},"labelManager":{"labels":[{"type":"textLabel","@id":385,"inputText":"3","labelStyle":4,"shape":null,"layoutText":null}],"mainLabel":385},"properties":{},"orientationAtVertex":"FREE","reference":null},{"type":"port","@id":386,"shape":{"type":"rect","xposition":"NaN","yposition":"NaN","width":"NaN","height":"NaN","shapeStyle":2},"labelManager":{"labels":[{"type":"textLabel","@id":387,"inputText":"5","labelStyle":4,"shape":null,"layoutText":null}],"mainLabel":387},"properties":{},"orientationAtVertex":"FREE","reference":null},{"type":"port","@id":388,"shape":{"type":"rect","xposition":"NaN","yposition":"NaN","width":"NaN","height":"NaN","shapeStyle":2},"labelManager":{"labels":[{"type":"textLabel","@id":389,"inputText":"4","labelStyle":4,"shape":null,"layoutText":null}],"mainLabel":389},"properties":{},"orientationAtVertex":"FREE","reference":null},{"type":"port","@id":390,"shape":{"type":"rect","xposition":"NaN","yposition":"NaN","width":"NaN","height":"NaN","shapeStyle":2},"labelManager":{"labels":[{"type":"textLabel","@id":391,"inputText":"2","labelStyle":4,"shape":null,"layoutText":null}],"mainLabel":391},"properties":{},"orientationAtVertex":"FREE","reference":null},{"type":"port","@id":392,"shape":{"type":"rect","xposition":"NaN","yposition":"NaN","width":"NaN","height":"NaN","shapeStyle":2},"labelManager":{"labels":[{"type":"textLabel","@id":393,"inputText":"7","labelStyle":4,"shape":null,"layoutText":null}],"mainLabel":393},"properties":{},"orientationAtVertex":"FREE","reference":null},{"type":"port","@id":394,"shape":{"type":"rect","xposition":"NaN","yposition":"NaN","width":"NaN","height":"NaN","shapeStyle":13},"labelManager":{"labels":[{"type":"textLabel","@id":395,"inputText":"8","labelStyle":15,"shape":null,"layoutText":null}],"mainLabel":395},"properties":{},"orientationAtVertex":"FREE","reference":null}],"properties":{},"reference":null}],"properties":{},"reference":"plug"},{"@id":396,"shape":{"type":"rect","xposition":"NaN","yposition":"NaN","width":"NaN","height":"NaN","shapeStyle":2},"labelManager":{"labels":[{"type":"textLabel","@id":397,"inputText":"Mats","labelStyle":4,"shape":null,"layoutText":null}],"mainLabel":397},"portCompositions":[{"type":"portGroup","@id":398,"ordered":false,"portCompositions":[{"type":"port","@id":399,"shape":{"type":"rect","xposition":"NaN","yposition":"NaN","width":"NaN","height":"NaN","shapeStyle":2},"labelManager":{"labels":[{"type":"textLabel","@id":400,"inputText":"1","labelStyle":4,"shape":null,"layoutText":null}],"mainLabel":400},"properties":{},"orientationAtVertex":"FREE","reference":null},{"type":"port","@id":401,"shape":{"type":"rect","xposition":"NaN","yposition":"NaN","width":"NaN","height":"NaN","shapeStyle":2},"labelManager":{"labels":[{"type":"textLabel","@id":402,"inputText":"2","labelStyle":4,"shape":null,"layoutText":null}],"mainLabel":402},"properties":{},"orientationAtVertex":"FREE","reference":null}],"properties":{},"reference":null}],"properties":{},"reference":"device"},{"@id":403,"shape":{"type":"rect","xposition":"NaN","yposition":"NaN","width":"NaN","height":"NaN","shapeStyle":2},"labelManager":{"labels":[{"type":"textLabel","@id":404,"inputText":"Michael","labelStyle":4,"shape":null,"layoutText":null}],"mainLabel":404},"portCompositions":[{"type":"portGroup","@id":405,"ordered":false,"portCompositions":[{"type":"port","@id":406,"shape":{"type":"rect","xposition":"NaN","yposition":"NaN","width":"NaN","height":"NaN","shapeStyle":2},"labelManager":{"labels":[{"type":"textLabel","@id":407,"inputText":"1","labelStyle":4,"shape":null,"layoutText":null}],"mainLabel":407},"properties":{},"orientationAtVertex":"FREE","reference":null},{"type":"port","@id":408,"shape":{"type":"rect","xposition":"NaN","yposition":"NaN","width":"NaN","height":"NaN","shapeStyle":2},"labelManager":{"labels":[{"type":"textLabel","@id":409,"inputText":"2","labelStyle":4,"shape":null,"layoutText":null}],"mainLabel":409},"properties":{},"orientationAtVertex":"FREE","reference":null}],"properties":{},"reference":null}],"properties":{},"reference":"plug"},{"@id":410,"shape":null,"labelManager":{"labels":[{"type":"textLabel","@id":411,"inputText":"Jonas","labelStyle":15,"shape":null,"layoutText":null}],"mainLabel":411},"portCompositions":[{"type":"portGroup","@id":412,"ordered":false,"portCompositions":[{"type":"port","@id":413,"shape":{"type":"rect","xposition":"NaN","yposition":"NaN","width":"NaN","height":"NaN","shapeStyle":13},"labelManager":{"labels":[{"type":"textLabel","@id":414,"inputText":"1","labelStyle":15,"shape":null,"layoutText":null}],"mainLabel":414},"properties":{},"orientationAtVertex":"FREE","reference":null}],"properties":{},"reference":null}],"properties":{},"reference":null},{"@id":415,"shape":null,"labelManager":{"labels":[{"type":"textLabel","@id":416,"inputText":"Johann","labelStyle":15,"shape":null,"layoutText":null}],"mainLabel":416},"portCompositions":[{"type":"portGroup","@id":417,"ordered":false,"portCompositions":[{"type":"port","@id":418,"shape":{"type":"rect","xposition":"NaN","yposition":"NaN","width":"NaN","height":"NaN","shapeStyle":13},"labelManager":{"labels":[{"type":"textLabel","@id":419,"inputText":"1","labelStyle":15,"shape":null,"layoutText":null}],"mainLabel":419},"properties":{},"orientationAtVertex":"FREE","reference":null}],"properties":{},"reference":null}],"properties":{},"reference":null},{"@id":420,"shape":null,"labelManager":{"labels":[{"type":"textLabel","@id":421,"inputText":"Finn","labelStyle":15,"shape":null,"layoutText":null}],"mainLabel":421},"portCompositions":[{"type":"portGroup","@id":422,"ordered":false,"portCompositions":[{"type":"port","@id":423,"shape":{"type":"rect","xposition":"NaN","yposition":"NaN","width":"NaN","height":"NaN","shapeStyle":13},"labelManager":{"labels":[{"type":"textLabel","@id":424,"inputText":"1","labelStyle":15,"shape":null,"layoutText":null}],"mainLabel":424},"properties":{},"orientationAtVertex":"FREE","reference":null},{"type":"port","@id":425,"shape":{"type":"rect","xposition":"NaN","yposition":"NaN","width":"NaN","height":"NaN","shapeStyle":13},"labelManager":{"labels":[{"type":"textLabel","@id":426,"inputText":"3","labelStyle":15,"shape":null,"layoutText":null}],"mainLabel":426},"properties":{},"orientationAtVertex":"FREE","reference":null},{"type":"port","@id":427,"shape":{"type":"rect","xposition":"NaN","yposition":"NaN","width":"NaN","height":"NaN","shapeStyle":13},"labelManager":{"labels":[{"type":"textLabel","@id":428,"inputText":"2","labelStyle":15,"shape":null,"layoutText":null}],"mainLabel":428},"properties":{},"orientationAtVertex":"FREE","reference":null}],"properties":{},"reference":null}],"properties":{},"reference":null},{"@id":429,"shape":null,"labelManager":{"labels":[{"type":"textLabel","@id":430,"inputText":"Samuel","labelStyle":15,"shape":null,"layoutText":null}],"mainLabel":430},"portCompositions":[{"type":"portGroup","@id":431,"ordered":false,"portCompositions":[{"type":"port","@id":432,"shape":{"type":"rect","xposition":"NaN","yposition":"NaN","width":"NaN","height":"NaN","shapeStyle":13},"labelManager":{"labels":[{"type":"textLabel","@id":433,"inputText":"1","labelStyle":15,"shape":null,"layoutText":null}],"mainLabel":433},"properties":{},"orientationAtVertex":"FREE","reference":null},{"type":"port","@id":434,"shape":{"type":"rect","xposition":"NaN","yposition":"NaN","width":"NaN","height":"NaN","shapeStyle":13},"labelManager":{"labels":[{"type":"textLabel","@id":435,"inputText":"3","labelStyle":15,"shape":null,"layoutText":null}],"mainLabel":435},"properties":{},"orientationAtVertex":"FREE","reference":null},{"type":"port","@id":436,"shape":{"type":"rect","xposition":"NaN","yposition":"NaN","width":"NaN","height":"NaN","shapeStyle":13},"labelManager":{"labels":[{"type":"textLabel","@id":437,"inputText":"2","labelStyle":15,"shape":null,"layoutText":null}],"mainLabel":437},"properties":{},"orientationAtVertex":"FREE","reference":null}],"properties":{},"reference":null}],"properties":{},"reference":null}],"vertexGroups":[{"@id":438,"drawnFrame":false,"labelManager":{"labels":[],"mainLabel":null},"shape":null,"containedVertices":[1,20],"containedVertexGroups":[],"touchingPairs":[{"vertex0":1,"horizontalPlacementVertex0":"FREE","verticalPlacementVertex0":"TOP","vertex1":20,"horizontalPlacementVertex1":"FREE","verticalPlacementVertex1":"FREE"}],"portPairings":[{"port0":6,"port1":23},{"port0":8,"port1":25},{"port0":10,"port1":27},{"port0":12,"port1":29},{"port0":16,"port1":31},{"port0":18,"port1":33}],"properties":{},"reference":null},{"@id":439,"drawnFrame":false,"labelManager":{"labels":[],"mainLabel":null},"shape":null,"containedVertices":[35,52],"containedVertexGroups":[],"touchingPairs":[{"vertex0":35,"horizontalPlacementVertex0":"FREE","verticalPlacementVertex0":"TOP","vertex1":52,"horizontalPlacementVertex1":"FREE","verticalPlacementVertex1":"FREE"}],"portPairings":[{"port0":40,"port1":57},{"port0":38,"port1":55},{"port0":46,"port1":63},{"port0":42,"port1":59},{"port0":44,"port1":61},{"port0":48,"port1":65},{"port0":50,"port1":67}],"properties":{},"reference":null},{"@id":440,"drawnFrame":false,"labelManager":{"labels":[],"mainLabel":null},"shape":null,"containedVertices":[81,92],"containedVertexGroups":[],"touchingPairs":[{"vertex0":81,"horizontalPlacementVertex0":"FREE","verticalPlacementVertex0":"TOP","vertex1":92,"horizontalPlacementVertex1":"FREE","verticalPlacementVertex1":"FREE"}],"portPairings":[{"port0":84,"port1":95},{"port0":86,"port1":97},{"port0":88,"port1":99},{"port0":90,"port1":101}],"properties":{},"reference":null},{"@id":441,"drawnFrame":false,"labelManager":{"labels":[],"mainLabel":null},"shape":null,"containedVertices":[107,122],"containedVertexGroups":[],"touchingPairs":[{"vertex0":107,"horizontalPlacementVertex0":"FREE","verticalPlacementVertex0":"TOP","vertex1":122,"horizontalPlacementVertex1":"FREE","verticalPlacementVertex1":"FREE"}],"portPairings":[{"port0":112,"port1":127},{"port0":110,"port1":125},{"port0":120,"port1":135},{"port0":114,"port1":129},{"port0":116,"port1":131},{"port0":118,"port1":133}],"properties":{},"reference":null},{"@id":442,"drawnFrame":false,"labelManager":{"labels":[],"mainLabel":null},"shape":null,"containedVertices":[141,146],"containedVertexGroups":[],"touchingPairs":[{"vertex0":141,"horizontalPlacementVertex0":"FREE","verticalPlacementVertex0":"TOP","vertex1":146,"horizontalPlacementVertex1":"FREE","verticalPlacementVertex1":"FREE"}],"portPairings":[{"port0":144,"port1":149}],"properties":{},"reference":null},{"@id":443,"drawnFrame":false,"labelManager":{"labels":[],"mainLabel":null},"shape":null,"containedVertices":[159,170],"containedVertexGroups":[],"touchingPairs":[{"vertex0":159,"horizontalPlacementVertex0":"FREE","verticalPlacementVertex0":"TOP","vertex1":170,"horizontalPlacementVertex1":"FREE","verticalPlacementVertex1":"FREE"}],"portPairings":[{"port0":164,"port1":175},{"port0":162,"port1":173},{"port0":166,"port1":177},{"port0":168,"port1":179}],"properties":{},"reference":null},{"@id":444,"drawnFrame":false,"labelManager":{"labels":[],"mainLabel":null},"shape":null,"containedVertices":[181,190],"containedVertexGroups":[],"touchingPairs":[{"vertex0":181,"horizontalPlacementVertex0":"FREE","verticalPlacementVertex0":"TOP","vertex1":190,"horizontalPlacementVertex1":"FREE","verticalPlacementVertex1":"FREE"}],"portPairings":[{"port0":184,"port1":193},{"port0":186,"port1":195},{"port0":188,"port1":197}],"properties":{},"reference":null},{"@id":445,"drawnFrame":false,"labelManager":{"labels":[],"mainLabel":null},"shape":null,"containedVertices":[199,206],"containedVertexGroups":[],"touchingPairs":[{"vertex0":199,"horizontalPlacementVertex0":"FREE","verticalPlacementVertex0":"TOP","vertex1":206,"horizontalPlacementVertex1":"FREE","verticalPlacementVertex1":"FREE"}],"portPairings":[{"port0":202,"port1":209},{"port0":204,"port1":211}],"properties":{},"reference":null},{"@id":446,"drawnFrame":false,"labelManager":{"labels":[],"mainLabel":null},"shape":null,"containedVertices":[225,236],"containedVertexGroups":[],"touchingPairs":[{"vertex0":225,"horizontalPlacementVertex0":"FREE","verticalPlacementVertex0":"TOP","vertex1":236,"horizontalPlacementVertex1":"FREE","verticalPlacementVertex1":"FREE"}],"portPairings":[{"port0":230,"port1":241},{"port0":228,"port1":239},{"port0":232,"port1":243},{"port0":234,"port1":245}],"properties":{},"reference":null},{"@id":447,"drawnFrame":false,"labelManager":{"labels":[],"mainLabel":null},"shape":null,"containedVertices":[247,252],"containedVertexGroups":[],"touchingPairs":[{"vertex0":247,"horizontalPlacementVertex0":"FREE","verticalPlacementVertex0":"TOP","vertex1":252,"horizontalPlacementVertex1":"FREE","verticalPlacementVertex1":"FREE"}],"portPairings":[{"port0":250,"port1":255}],"properties":{},"reference":null},{"@id":448,"drawnFrame":false,"labelManager":{"labels":[],"mainLabel":null},"shape":null,"containedVertices":[257,274],"containedVertexGroups":[],"touchingPairs":[{"vertex0":257,"horizontalPlacementVertex0":"FREE","verticalPlacementVertex0":"TOP","vertex1":274,"horizontalPlacementVertex1":"FREE","verticalPlacementVertex1":"FREE"}],"portPairings":[{"port0":270,"port1":287},{"port0":268,"port1":285},{"port0":272,"port1":289},{"port0":264,"port1":281},{"port0":266,"port1":283},{"port0":262,"port1":279},{"port0":260,"port1":277}],"properties":{},"reference":null},{"@id":449,"drawnFrame":false,"labelManager":{"labels":[],"mainLabel":null},"shape":null,"containedVertices":[291,300],"containedVertexGroups":[],"touchingPairs":[{"vertex0":291,"horizontalPlacementVertex0":"FREE","verticalPlacementVertex0":"TOP","vertex1":300,"horizontalPlacementVertex1":"FREE","verticalPlacementVertex1":"FREE"}],"portPairings":[{"port0":294,"port1":303},{"port0":296,"port1":305},{"port0":298,"port1":307}],"properties":{},"reference":null},{"@id":450,"drawnFrame":false,"labelManager":{"labels":[],"mainLabel":null},"shape":null,"containedVertices":[309,320],"containedVertexGroups":[],"touchingPairs":[{"vertex0":309,"horizontalPlacementVertex0":"FREE","verticalPlacementVertex0":"TOP","vertex1":320,"horizontalPlacementVertex1":"FREE","verticalPlacementVertex1":"FREE"}],"portPairings":[{"port0":312,"port1":323},{"port0":316,"port1":327},{"port0":314,"port1":325},{"port0":318,"port1":329}],"properties":{},"reference":null},{"@id":451,"drawnFrame":false,"labelManager":{"labels":[],"mainLabel":null},"shape":null,"containedVertices":[331,342],"containedVertexGroups":[],"touchingPairs":[{"vertex0":331,"horizontalPlacementVertex0":"FREE","verticalPlacementVertex0":"TOP","vertex1":342,"horizontalPlacementVertex1":"FREE","verticalPlacementVertex1":"FREE"}],"portPairings":[{"port0":334,"port1":345},{"port0":338,"port1":349},{"port0":340,"port1":351},{"port0":336,"port1":347}],"properties":{},"reference":null},{"@id":452,"drawnFrame":false,"labelManager":{"labels":[],"mainLabel":null},"shape":null,"containedVertices":[357,377],"containedVertexGroups":[],"touchingPairs":[{"vertex0":357,"horizontalPlacementVertex0":"FREE","verticalPlacementVertex0":"TOP","vertex1":377,"horizontalPlacementVertex1":"FREE","verticalPlacementVertex1":"FREE"}],"portPairings":[{"port0":368,"port1":388},{"port0":366,"port1":386},{"port0":362,"port1":382},{"port0":360,"port1":380},{"port0":372,"port1":392},{"port0":364,"port1":384},{"port0":370,"port1":390},{"port0":374,"port1":394}],"properties":{},"reference":null},{"@id":453,"drawnFrame":false,"labelManager":{"labels":[],"mainLabel":null},"shape":null,"containedVertices":[396,403],"containedVertexGroups":[],"touchingPairs":[{"vertex0":396,"horizontalPlacementVertex0":"FREE","verticalPlacementVertex0":"TOP","vertex1":403,"horizontalPlacementVertex1":"FREE","verticalPlacementVertex1":"FREE"}],"portPairings":[{"port0":401,"port1":408},{"port0":399,"port1":406}],"properties":{},"reference":null},{"@id":454,"drawnFrame":false,"labelManager":{"labels":[],"mainLabel":null},"shape":null,"containedVertices":[410,415],"containedVertexGroups":[],"touchingPairs":[{"vertex0":410,"horizontalPlacementVertex0":"FREE","verticalPlacementVertex0":"FREE","vertex1":415,"horizontalPlacementVertex1":"FREE","verticalPlacementVertex1":"FREE"}],"portPairings":[{"port0":413,"port1":418}],"properties":{},"reference":null},{"@id":455,"drawnFrame":false,"labelManager":{"labels":[],"mainLabel":null},"shape":null,"containedVertices":[420,429],"containedVertexGroups":[],"touchingPairs":[{"vertex0":420,"horizontalPlacementVertex0":"FREE","verticalPlacementVertex0":"FREE","vertex1":429,"horizontalPlacementVertex1":"FREE","verticalPlacementVertex1":"FREE"}],"portPairings":[{"port0":423,"port1":432},{"port0":425,"port1":434},{"port0":427,"port1":436}],"properties":{},"reference":null}],"edges":[{"@id":456,"ports":[175,209],"labelManager":{"innerLabels":[{"type":"textLabel","@id":457,"inputText":"Nils","labelStyle":4,"shape":null,"layoutText":null}],"allPortLabels":[],"mainLabel":457},"pathStyle":{"@id":458,"description":"default path style","thickness":-1.0,"color":{"argb":"ff000000"}},"paths":[],"properties":{},"reference":null},{"@id":459,"ports":[380,120],"labelManager":{"innerLabels":[{"type":"textLabel","@id":460,"inputText":"Friedrich","labelStyle":4,"shape":null,"layoutText":null}],"allPortLabels":[],"mainLabel":460},"pathStyle":458,"paths":[],"properties":{},"reference":null},{"@id":461,"ports":[27,195],"labelManager":{"innerLabels":[{"type":"textLabel","@id":462,"inputText":"Nico","labelStyle":4,"shape":null,"layoutText":null}],"allPortLabels":[],"mainLabel":462},"pathStyle":458,"paths":[],"properties":{},"reference":null},{"@id":463,"ports":[325,153],"labelManager":{"innerLabels":[{"type":"textLabel","@id":464,"inputText":"Jasper","labelStyle":4,"shape":null,"layoutText":null}],"allPortLabels":[],"mainLabel":464},"pathStyle":458,"paths":[],"properties":{},"reference":null},{"@id":465,"ports":[392,118],"labelManager":{"innerLabels":[{"type":"textLabel","@id":466,"inputText":"Kaan","labelStyle":4,"shape":null,"layoutText":null}],"allPortLabels":[],"mainLabel":466},"pathStyle":458,"paths":[],"properties":{},"reference":null},{"@id":467,"ports":[230,164],"labelManager":{"innerLabels":[{"type":"textLabel","@id":468,"inputText":"Justus","labelStyle":4,"shape":null,"layoutText":null}],"allPortLabels":[],"mainLabel":468},"pathStyle":458,"paths":[],"properties":{},"reference":null},{"@id":469,"ports":[84,287],"labelManager":{"innerLabels":[{"type":"textLabel","@id":470,"inputText":"Malik","labelStyle":4,"shape":null,"layoutText":null}],"allPortLabels":[],"mainLabel":470},"pathStyle":458,"paths":[],"properties":{},"reference":null},{"@id":471,"ports":[281,285],"labelManager":{"innerLabels":[{"type":"textLabel","@id":472,"inputText":"Till","labelStyle":4,"shape":null,"layoutText":null}],"allPortLabels":[],"mainLabel":472},"pathStyle":458,"paths":[],"properties":{},"reference":null},{"@id":473,"ports":[211,173],"labelManager":{"innerLabels":[{"type":"textLabel","@id":474,"inputText":"Ole","labelStyle":4,"shape":null,"layoutText":null}],"allPortLabels":[],"mainLabel":474},"pathStyle":458,"paths":[],"properties":{},"reference":null},{"@id":475,"ports":[279,277],"labelManager":{"innerLabels":[{"type":"textLabel","@id":476,"inputText":"Fynn","labelStyle":4,"shape":null,"layoutText":null}],"allPortLabels":[],"mainLabel":476},"pathStyle":458,"paths":[],"properties":{},"reference":null},{"@id":477,"ports":[153,347],"labelManager":{"innerLabels":[{"type":"textLabel","@id":478,"inputText":"Ferdinand","labelStyle":4,"shape":null,"layoutText":null}],"allPortLabels":[],"mainLabel":478},"pathStyle":458,"paths":[],"properties":{},"reference":null},{"@id":479,"ports":[345,105],"labelManager":{"innerLabels":[{"type":"textLabel","@id":480,"inputText":"Aaron","labelStyle":4,"shape":null,"layoutText":null}],"allPortLabels":[],"mainLabel":480},"pathStyle":458,"paths":[],"properties":{},"reference":null},{"@id":481,"ports":[349,59],"labelManager":{"innerLabels":[{"type":"textLabel","@id":482,"inputText":"Linus","labelStyle":4,"shape":null,"layoutText":null}],"allPortLabels":[],"mainLabel":482},"pathStyle":458,"paths":[],"properties":{},"reference":null},{"@id":483,"ports":[281,219],"labelManager":{"innerLabels":[{"type":"textLabel","@id":484,"inputText":"Emilio","labelStyle":4,"shape":null,"layoutText":null}],"allPortLabels":[],"mainLabel":484},"pathStyle":458,"paths":[],"properties":{},"reference":null},{"@id":485,"ports":[112,386],"labelManager":{"innerLabels":[{"type":"textLabel","@id":486,"inputText":"Adam","labelStyle":4,"shape":null,"layoutText":null}],"allPortLabels":[],"mainLabel":486},"pathStyle":458,"paths":[],"properties":{},"reference":null},{"@id":487,"ports":[193,23],"labelManager":{"innerLabels":[{"type":"textLabel","@id":488,"inputText":"Fritz","labelStyle":4,"shape":null,"layoutText":null}],"allPortLabels":[],"mainLabel":488},"pathStyle":458,"paths":[],"properties":{},"reference":null},{"@id":489,"ports":[349,25],"labelManager":{"innerLabels":[{"type":"textLabel","@id":490,"inputText":"Nick","labelStyle":4,"shape":null,"layoutText":null}],"allPortLabels":[],"mainLabel":490},"pathStyle":458,"paths":[],"properties":{},"reference":null},{"@id":491,"ports":[27,347],"labelManager":{"innerLabels":[{"type":"textLabel","@id":492,"inputText":"Can","labelStyle":4,"shape":null,"layoutText":null}],"allPortLabels":[],"mainLabel":492},"pathStyle":458,"paths":[],"properties":{},"reference":null},{"@id":493,"ports":[105,327],"labelManager":{"innerLabels":[{"type":"textLabel","@id":494,"inputText":"Sebastian","labelStyle":4,"shape":null,"layoutText":null}],"allPortLabels":[],"mainLabel":494},"pathStyle":458,"paths":[],"properties":{},"reference":null},{"@id":495,"ports":[323,219],"labelManager":{"innerLabels":[{"type":"textLabel","@id":496,"inputText":"Erik","labelStyle":4,"shape":null,"layoutText":null}],"allPortLabels":[],"mainLabel":496},"pathStyle":458,"paths":[],"properties":{},"reference":null},{"@id":497,"ports":[157,144,316],"labelManager":{"innerLabels":[{"type":"textLabel","@id":498,"inputText":"Florian","labelStyle":4,"shape":null,"layoutText":null}],"allPortLabels":[],"mainLabel":498},"pathStyle":458,"paths":[],"properties":{},"reference":null},{"@id":499,"ports":[345,23],"labelManager":{"innerLabels":[{"type":"textLabel","@id":500,"inputText":"Alessio","labelStyle":4,"shape":null,"layoutText":null}],"allPortLabels":[],"mainLabel":500},"pathStyle":458,"paths":[],"properties":{},"reference":null},{"@id":501,"ports":[215,95,305,129],"labelManager":{"innerLabels":[{"type":"textLabel","@id":502,"inputText":"Konstantin","labelStyle":4,"shape":null,"layoutText":null}],"allPortLabels":[],"mainLabel":502},"pathStyle":458,"paths":[],"properties":{},"reference":null},{"@id":503,"ports":[193,63],"labelManager":{"innerLabels":[{"type":"textLabel","@id":504,"inputText":"Joshua","labelStyle":4,"shape":null,"layoutText":null}],"allPortLabels":[],"mainLabel":504},"pathStyle":458,"paths":[],"properties":{},"reference":null},{"@id":505,"ports":[223,406],"labelManager":{"innerLabels":[{"type":"textLabel","@id":506,"inputText":"Yusuf","labelStyle":4,"shape":null,"layoutText":null}],"allPortLabels":[],"mainLabel":506},"pathStyle":458,"paths":[],"properties":{},"reference":null},{"@id":507,"ports":[382,116],"labelManager":{"innerLabels":[{"type":"textLabel","@id":508,"inputText":"Maxim","labelStyle":4,"shape":null,"layoutText":null}],"allPortLabels":[],"mainLabel":508},"pathStyle":458,"paths":[],"properties":{},"reference":null},{"@id":509,"ports":[384,110],"labelManager":{"innerLabels":[{"type":"textLabel","@id":510,"inputText":"Milan","labelStyle":4,"shape":null,"layoutText":null}],"allPortLabels":[],"mainLabel":510},"pathStyle":458,"paths":[],"properties":{},"reference":null},{"@id":511,"ports":[408,255],"labelManager":{"innerLabels":[{"type":"textLabel","@id":512,"inputText":"Martin","labelStyle":4,"shape":null,"layoutText":null}],"allPortLabels":[],"mainLabel":512},"pathStyle":458,"paths":[],"properties":{},"reference":null},{"@id":513,"ports":[75,329],"labelManager":{"innerLabels":[{"type":"textLabel","@id":514,"inputText":"Jonah","labelStyle":15,"shape":null,"layoutText":null}],"allPortLabels":[],"mainLabel":514},"pathStyle":{"@id":515,"description":"default path style","thickness":-1.0,"color":{"argb":"ff000000"}},"paths":[],"properties":{},"reference":null},{"@id":516,"ports":[127,139],"labelManager":{"innerLabels":[{"type":"textLabel","@id":517,"inputText":"Hannes","labelStyle":15,"shape":null,"layoutText":null}],"allPortLabels":[],"mainLabel":517},"pathStyle":515,"paths":[],"properties":{},"reference":null},{"@id":518,"ports":[232,71],"labelManager":{"innerLabels":[{"type":"textLabel","@id":519,"inputText":"Carl","labelStyle":15,"shape":null,"layoutText":null}],"allPortLabels":[],"mainLabel":519},"pathStyle":515,"paths":[],"properties":{},"reference":null},{"@id":520,"ports":[418,432],"labelManager":{"innerLabels":[{"type":"textLabel","@id":521,"inputText":"Mattis","labelStyle":15,"shape":null,"layoutText":null}],"allPortLabels":[],"mainLabel":521},"pathStyle":515,"paths":[],"properties":{},"reference":null},{"@id":522,"ports":[234,355],"labelManager":{"innerLabels":[{"type":"textLabel","@id":523,"inputText":"Matthias","labelStyle":15,"shape":null,"layoutText":null}],"allPortLabels":[],"mainLabel":523},"pathStyle":515,"paths":[],"properties":{},"reference":null},{"@id":524,"ports":[245,434],"labelManager":{"innerLabels":[{"type":"textLabel","@id":525,"inputText":"Mika","labelStyle":15,"shape":null,"layoutText":null}],"allPortLabels":[],"mainLabel":525},"pathStyle":515,"paths":[],"properties":{},"reference":null},{"@id":526,"ports":[250,79],"labelManager":{"innerLabels":[{"type":"textLabel","@id":527,"inputText":"Oemer","labelStyle":15,"shape":null,"layoutText":null}],"allPortLabels":[],"mainLabel":527},"pathStyle":515,"paths":[],"properties":{},"reference":null},{"@id":528,"ports":[250,303],"labelManager":{"innerLabels":[{"type":"textLabel","@id":529,"inputText":"Lucas","labelStyle":15,"shape":null,"layoutText":null}],"allPortLabels":[],"mainLabel":529},"pathStyle":515,"paths":[],"properties":{},"reference":null},{"@id":530,"ports":[239,197],"labelManager":{"innerLabels":[{"type":"textLabel","@id":531,"inputText":"Timo","labelStyle":15,"shape":null,"layoutText":null}],"allPortLabels":[],"mainLabel":531},"pathStyle":515,"paths":[],"properties":{},"reference":null},{"@id":532,"ports":[55,436,88,31,57,67,61],"labelManager":{"innerLabels":[{"type":"textLabel","@id":533,"inputText":"Oemer","labelStyle":15,"shape":null,"layoutText":null}],"allPortLabels":[],"mainLabel":533},"pathStyle":515,"paths":[],"properties":{},"reference":null},{"@id":534,"ports":[90,166,394,312,86],"labelManager":{"innerLabels":[{"type":"textLabel","@id":535,"inputText":"Thomas","labelStyle":15,"shape":null,"layoutText":null}],"allPortLabels":[],"mainLabel":535},"pathStyle":515,"paths":[],"properties":{},"reference":null},{"@id":536,"ports":[97,99,243],"labelManager":{"innerLabels":[{"type":"textLabel","@id":537,"inputText":"Jona","labelStyle":15,"shape":null,"layoutText":null}],"allPortLabels":[],"mainLabel":537},"pathStyle":515,"paths":[],"properties":{},"reference":null},{"@id":538,"ports":[61,135,33],"labelManager":{"innerLabels":[{"type":"textLabel","@id":539,"inputText":"Deniz","labelStyle":15,"shape":null,"layoutText":null}],"allPortLabels":[],"mainLabel":539},"pathStyle":515,"paths":[],"properties":{},"reference":null},{"@id":540,"ports":[168,162],"labelManager":{"innerLabels":[{"type":"textLabel","@id":541,"inputText":"Bruno","labelStyle":15,"shape":null,"layoutText":null}],"allPortLabels":[],"mainLabel":541},"pathStyle":515,"paths":[],"properties":{},"reference":null},{"@id":542,"ports":[31,33],"labelManager":{"innerLabels":[{"type":"textLabel","@id":543,"inputText":"Fabian","labelStyle":15,"shape":null,"layoutText":null}],"allPortLabels":[],"mainLabel":543},"pathStyle":515,"paths":[],"properties":{},"reference":null},{"@id":544,"ports":[168,307],"labelManager":{"innerLabels":[{"type":"textLabel","@id":545,"inputText":"Jonah","labelStyle":15,"shape":null,"layoutText":null}],"allPortLabels":[],"mainLabel":545},"pathStyle":515,"paths":[],"properties":{},"reference":null},{"@id":546,"ports":[388,114],"labelManager":{"innerLabels":[{"type":"textLabel","@id":547,"inputText":"Mattis","labelStyle":15,"shape":null,"layoutText":null}],"allPortLabels":[],"mainLabel":547},"pathStyle":515,"paths":[],"properties":{},"reference":null},{"@id":548,"ports":[314,228],"labelManager":{"innerLabels":[{"type":"textLabel","@id":549,"inputText":"Raphael","labelStyle":15,"shape":null,"layoutText":null}],"allPortLabels":[],"mainLabel":549},"pathStyle":515,"paths":[],"properties":{},"reference":null},{"@id":550,"ports":[298,177],"labelManager":{"innerLabels":[{"type":"textLabel","@id":551,"inputText":"Jasper","labelStyle":15,"shape":null,"layoutText":null}],"allPortLabels":[],"mainLabel":551},"pathStyle":515,"paths":[],"properties":{},"reference":null},{"@id":552,"ports":[296,179],"labelManager":{"innerLabels":[{"type":"textLabel","@id":553,"inputText":"Nico","labelStyle":15,"shape":null,"layoutText":null}],"allPortLabels":[],"mainLabel":553},"pathStyle":515,"paths":[],"properties":{},"reference":null},{"@id":554,"ports":[351,394],"labelManager":{"innerLabels":[{"type":"textLabel","@id":555,"inputText":"Emilio","labelStyle":15,"shape":null,"layoutText":null}],"allPortLabels":[],"mainLabel":555},"pathStyle":515,"paths":[],"properties":{},"reference":null},{"@id":556,"ports":[133,65],"labelManager":{"innerLabels":[{"type":"textLabel","@id":557,"inputText":"Fritz","labelStyle":15,"shape":null,"layoutText":null}],"allPortLabels":[],"mainLabel":557},"pathStyle":515,"paths":[],"properties":{},"reference":null}],"edgeBundles":[]}