{"vertices":[{"@id":1,"shape":{"type":"rect","xposition":"NaN","yposition":"NaN","width":"NaN","height":"NaN","shapeStyle":{"@id":2,"description":"default shape style","color":{"argb":"ff000000"}}},"labelManager":{"labels":[{"type":"textLabel","@id":3,"inputText":"Felix","labelStyle":{"@id":4,"description":"default text label style","font":{"fontName":"SansSerif.plain","style":0,"size":10},"noBreak":false,"color":{"argb":"ff000000"},"showLabel":true,"placement":"FREE","horizontalPlacement":"FREE","verticalPlacement":"FREE"},"shape":null,"layoutText":null}],"mainLabel":3},"portCompositions":[{"type":"portGroup","@id":5,"ordered":false,"portCompositions":[{"type":"port","@id":6,"shape":{"type":"rect","xposition":"NaN","yposition":"NaN","width":"NaN","height":"NaN","shapeStyle":2},"labelManager":{"labels":[{"type":"textLabel","@id":7,"inputText":"3","labelStyle":4,"shape":null,"layoutText":null}],"mainLabel":7},"properties":{},"orientationAtVertex":"FREE","reference":null},{"type":"port","@id":8,"shape":{"type":"rect","xposition":"NaN","yposition":"NaN","width":"NaN","height":"NaN","shapeStyle":{"@id":9,"description":"default shape style","color":{"argb":"ff000000"}}},"labelManager":{"labels":[{"type":"textLabel","@id":10,"inputText":"2","labelStyle":{"@id":11,"description":"default text label style","font":{"fontName":"SansSerif.plain","style":0,"size":10},"noBreak":false,"color":{"argb":"ff000000"},"showLabel":true,"placement":"FREE","horizontalPlacement":"FREE","verticalPlacement":"FREE"},"shape":null,"layoutText":null}],"mainLabel":10},"properties":{},"orientationAtVertex":"FREE","reference":null},{"type":"port","@id":12,"shape":{"type":"rect","xposition":"NaN","yposition":"NaN","width":"NaN","height":"NaN","shapeStyle":9},"labelManager":{"labels":[{"type":"textLabel","@id":13,"inputText":"1","labelStyle":11,"shape":null,"layoutText":null}],"mainLabel":13},"properties":{},"orientationAtVertex":"FREE","reference":null}],"properties":{},"reference":null}],"properties":{},"reference":"device"},{"@id":14,"shape":{"type":"rect","xposition":"NaN","yposition":"NaN","width":"NaN","height":"NaN","shapeStyle":2},"labelManager":{"labels":[{"type":"textLabel","@id":15,"inputText":"Ben","labelStyle":4,"shape":null,"layoutText":null}],"mainLabel":15},"portCompositions":[{"type":"portGroup","@id":16,"ordered":false,"portCompositions":[{"type":"port","@id":17,"shape":{"type":"rect","xposition":"NaN","yposition":"NaN","width":"NaN","height":"NaN","shapeStyle":2},"labelManager":{"labels":[{"type":"textLabel","@id":18,"inputText":"3","labelStyle":4,"shape":null,"layoutText":null}],"mainLabel":18},"properties":{},"orientationAtVertex":"FREE","reference":null}],"properties":{},"reference":null}],"properties":{},"reference":"plug"},{"@id":19,"shape":{"type":"rect","xposition":"NaN","yposition":"NaN","width":"NaN","height":"NaN","shapeStyle":2},"labelManager":{"labels":[{"type":"textLabel","@id":20,"inputText":"Maximilian","labelStyle":4,"shape":null,"layoutText":null}],"mainLabel":20},"portCompositions":[{"type":"portGroup","@id":21,"ordered":false,"portCompositions":[{"type":"port","@id":22,"shape":{"type":"rect","xposition":"NaN","yposition":"NaN","width":"NaN","height":"NaN","shapeStyle":2},"labelManager":{"labels":[{"type":"textLabel","@id":23,"inputText":"2","labelStyle":4,"shape":null,"layoutText":null}],"mainLabel":23},"properties":{},"orientationAtVertex":"FREE","reference":null},{"type":"port","@id":24,"shape":{"type":"rect","xposition":"NaN","yposition":"NaN","width":"NaN","height":"NaN","shapeStyle":9},"labelManager":{"labels":[{"type":"textLabel","@id":25,"inputText":"1","labelStyle":11,"shape":null,"layoutText":null}],"mainLabel":25},"properties":{},"orientationAtVertex":"FREE","reference":null}],"properties":{},"reference":null}],"properties":{},"reference":"device"},{"@id":26,"shape":{"type":"rect","xposition":"NaN","yposition":"NaN","width":"NaN","height":"NaN","shapeStyle":2},"labelManager":{"labels":[{"type":"textLabel","@id":27,"inputText":"Noah","labelStyle":4,"shape":null,"layoutText":null}],"mainLabel":27},"portCompositions":[{"type":"portGroup","@id":28,"ordered":false,"portCompositions":[{"type":"port","@id":29,"shape":{"type":"rect","xposition":"NaN","yposition":"NaN","width":"NaN","height":"NaN","shapeStyle":2},"labelManager":{"labels":[{"type":"textLabel","@id":30,"inputText":"2","labelStyle":4,"shape":null,"layoutText":null}],"mainLabel":30},"properties":{},"orientationAtVertex":"FREE","reference":null}],"properties":{},"reference":null}],"properties":{},"reference":"plug"},{"@id":31,"shape":null,"labelManager":{"labels":[{"type":"textLabel","@id":32,"inputText":"Alexander","labelStyle":11,"shape":null,"layoutText":null}],"mainLabel":32},"portCompositions":[{"type":"portGroup","@id":33,"ordered":false,"portCompositions":[{"type":"port","@id":34,"shape":{"type":"rect","xposition":"NaN","yposition":"NaN","width":"NaN","height":"NaN","shapeStyle":9},"labelManager":{"labels":[{"type":"textLabel","@id":35,"inputText":"1","labelStyle":11,"shape":null,"layoutText":null}],"mainLabel":35},"properties":{},"orientationAtVertex":"FREE","reference":null}],"properties":{},"reference":null}],"properties":{},"reference":null},{"@id":36,"shape":null,"labelManager":{"labels":[{"type":"textLabel","@id":37,"inputText":"Elias","labelStyle":11,"shape":null,"layoutText":null}],"mainLabel":37},"portCompositions":[{"type":"portGroup","@id":38,"ordered":false,"portCompositions":[{"type":"port","@id":39,"shape":{"type":"rect","xposition":"NaN","yposition":"NaN","width":"NaN","height":"NaN","shapeStyle":9},"labelManager":{"labels":[{"type":"textLabel","@id":40,"inputText":"1","labelStyle":11,"shape":null,"layoutText":null}],"mainLabel":40},"properties":{},"orientationAtVertex":"FREE","reference":null}],"properties":{},"reference":null}],"properties":{},"reference":null},{"@id":41,"shape":null,"labelManager":{"labels":[{"type":"textLabel","@id":42,"inputText":"Paul","labelStyle":11,"shape":null,"layoutText":null}],"mainLabel":42},"portCompositions":[{"type":"portGroup","@id":43,"ordered":false,"portCompositions":[{"type":"port","@id":44,"shape":{"type":"rect","xposition":"NaN","yposition":"NaN","width":"NaN","height":"NaN","shapeStyle":9},"labelManager":{"labels":[{"type":"textLabel","@id":45,"inputText":"1","labelStyle":11,"shape":null,"layoutText":null}],"mainLabel":45},"properties":{},"orientationAtVertex":"FREE","reference":null}],"properties":{},"reference":null}],"properties":{},"reference":null},{"@id":46,"shape":null,"labelManager":{"labels":[{"type":"textLabel","@id":47,"inputText":"Ben","labelStyle":11,"shape":null,"layoutText":null}],"mainLabel":47},"portCompositions":[{"type":"portGroup","@id":48,"ordered":false,"portCompositions":[{"type":"port","@id":49,"shape":{"type":"rect","xposition":"NaN","yposition":"NaN","width":"NaN","height":"NaN","shapeStyle":9},"labelManager":{"labels":[{"type":"textLabel","@id":50,"inputText":"1","labelStyle":11,"shape":null,"layoutText":null}],"mainLabel":50},"properties":{},"orientationAtVertex":"FREE","reference":null}],"properties":{},"reference":null}],"properties":{},"reference":null},{"@id":51,"shape":null,"labelManager":{"labels":[{"type":"textLabel","@id":52,"inputText":"Maximilian","labelStyle":11,"shape":null,"layoutText":null}],"mainLabel":52},"portCompositions":[{"type":"portGroup","@id":53,"ordered":false,"portCompositions":[{"type":"port","@id":54,"shape":{"type":"rect","xposition":"NaN","yposition":"NaN","width":"NaN","height":"NaN","shapeStyle":9},"labelManager":{"labels":[{"type":"textLabel","@id":55,"inputText":"1","labelStyle":11,"shape":null,"layoutText":null}],"mainLabel":55},"properties":{},"orientationAtVertex":"FREE","reference":null}],"properties":{},"reference":null}],"properties":{},"reference":null},{"@id":56,"shape":null,"labelManager":{"labels":[{"type":"textLabel","@id":57,"inputText":"Noah","labelStyle":11,"shape":null,"layoutText":null}],"mainLabel":57},"portCompositions":[{"type":"portGroup","@id":58,"ordered":false,"portCompositions":[{"type":"port","@id":59,"shape":{"type":"rect","xposition":"NaN","yposition":"NaN","width":"NaN","height":"NaN","shapeStyle":9},"labelManager":{"labels":[{"type":"textLabel","@id":60,"inputText":"2","labelStyle":11,"shape":null,"layoutText":null}],"mainLabel":60},"properties":{},"orientationAtVertex":"FREE","reference":null},{"type":"port","@id":61,"shape":{"type":"rect","xposition":"NaN","yposition":"NaN","width":"NaN","height":"NaN","shapeStyle":9},"labelManager":{"labels":[{"type":"textLabel","@id":62,"inputText":"1","labelStyle":11,"shape":null,"layoutText":null}],"mainLabel":62},"properties":{},"orientationAtVertex":"FREE","reference":null}],"properties":{},"reference":null}],"properties":{},"reference":null}],"vertexGroups":[{"@id":63,"drawnFrame":false,"labelManager":{"labels":[],"mainLabel":null},"shape":null,"containedVertices":[1,14,56],"containedVertexGroups":[],"touchingPairs":[{"vertex0":1,"horizontalPlacementVertex0":"FREE","verticalPlacementVertex0":"TOP","vertex1":14,"horizontalPlacementVertex1":"FREE","verticalPlacementVertex1":"FREE"},{"vertex0":1,"horizontalPlacementVertex0":"FREE","verticalPlacementVertex0":"FREE","vertex1":56,"horizontalPlacementVertex1":"FREE","verticalPlacementVertex1":"FREE"}],"portPairings":[{"port0":6,"port1":17},{"port0":8,"port1":59},{"port0":12,"port1":61}],"properties":{},"reference":null},{"@id":64,"drawnFrame":false,"labelManager":{"labels":[],"mainLabel":null},"shape":null,"containedVertices":[19,26,51],"containedVertexGroups":[],"touchingPairs":[{"vertex0":19,"horizontalPlacementVertex0":"FREE","verticalPlacementVertex0":"TOP","vertex1":26,"horizontalPlacementVertex1":"FREE","verticalPlacementVertex1":"FREE"},{"vertex0":19,"horizontalPlacementVertex0":"FREE","verticalPlacementVertex0":"FREE","vertex1":51,"horizontalPlacementVertex1":"FREE","verticalPlacementVertex1":"FREE"}],"portPairings":[{"port0":22,"port1":29},{"port0":24,"port1":54}],"properties":{},"reference":null},{"@id":65,"drawnFrame":false,"labelManager":{"labels":[],"mainLabel":null},"shape":null,"containedVertices":[41,46],"containedVertexGroups":[],"touchingPairs":[{"vertex0":41,"horizontalPlacementVertex0":"FREE","verticalPlacementVertex0":"FREE","vertex1":46,"horizontalPlacementVertex1":"FREE","verticalPlacementVertex1":"FREE"}],"portPairings":[{"port0":44,"port1":49}],"properties":{},"reference":null}],"edges":[{"@id":66,"ports":[39,54],"labelManager":{"innerLabels":[{"type":"textLabel","@id":67,"inputText":"Leon","labelStyle":11,"shape":null,"layoutText":null}],"allPortLabels":[],"mainLabel":67},"pathStyle":{"@id":68,"description":"default path style","thickness":-1.0,"color":{"argb":"ff000000"}},"paths":[],"properties":{},"reference":null},{"@id":69,"ports":[34,59],"labelManager":{"innerLabels":[{"type":"textLabel","@id":70,"inputText":"Jonas","labelStyle":11,"shape":null,"layoutText":null}],"allPortLabels":[],"mainLabel":70},"pathStyle":68,"paths":[],"properties":{},"reference":null},{"@id":71,"ports":[44,29],"labelManager":{"innerLabels":[{"type":"textLabel","@id":72,"inputText":"David","labelStyle":11,"shape":null,"layoutText":null}],"allPortLabels":[],"mainLabel":72},"pathStyle":68,"paths":[],"properties":{},"reference":null},{"@id":73,"ports":[61,49],"labelManager":{"innerLabels":[{"type":"textLabel","@id":74,"inputText":"Jonas","labelStyle":11,"shape":null,"layoutText":null}],"allPortLabels":[],"mainLabel":74},"pathStyle":68,"paths":[],"properties":{},"reference":null}],"edgeBundles":[]}