{"vertices":[{"@id":1,"shape":{"type":"rect","xposition":"NaN","yposition":"NaN","width":"NaN","height":"NaN","shapeStyle":{"@id":2,"description":"default shape style","color":{"argb":"ff000000"}}},"labelManager":{"labels":[{"type":"textLabel","@id":3,"inputText":"Tim","labelStyle":{"@id":4,"description":"default text label style","font":{"fontName":"SansSerif.plain","style":0,"size":10},"noBreak":false,"color":{"argb":"ff000000"},"showLabel":true,"placement":"FREE","horizontalPlacement":"FREE","verticalPlacement":"FREE"},"shape":null,"layoutText":null}],"mainLabel":3},"portCompositions":[{"type":"port","@id":5,"shape":{"type":"rect","xposition":"NaN","yposition":"NaN","width":"NaN","height":"NaN","shapeStyle":2},"labelManager":{"labels":[{"type":"textLabel","@id":6,"inputText":"1","labelStyle":4,"shape":null,"layoutText":null}],"mainLabel":6},"properties":{},"orientationAtVertex":"FREE","reference":null}],"properties":{},"reference":"splice"},{"@id":7,"shape":{"type":"rect","xposition":"NaN","yposition":"NaN","width":"NaN","height":"NaN","shapeStyle":2},"labelManager":{"labels":[{"type":"textLabel","@id":8,"inputText":"Mats","labelStyle":4,"shape":null,"layoutText":null}],"mainLabel":8},"portCompositions":[{"type":"portGroup","@id":9,"ordered":false,"portCompositions":[{"type":"port","@id":10,"shape":{"type":"rect","xposition":"NaN","yposition":"NaN","width":"NaN","height":"NaN","shapeStyle":2},"labelManager":{"labels":[{"type":"textLabel","@id":11,"inputText":"1","labelStyle":4,"shape":null,"layoutText":null}],"mainLabel":11},"properties":{},"orientationAtVertex":"FREE","reference":null},{"type":"port","@id":12,"shape":{"type":"rect","xposition":"NaN","yposition":"NaN","width":"NaN","height":"NaN","shapeStyle":2},"labelManager":{"labels":[{"type":"textLabel","@id":13,"inputText":"3","labelStyle":4,"shape":null,"layoutText":null}],"mainLabel":13},"properties":{},"orientationAtVertex":"FREE","reference":null},{"type":"port","@id":14,"shape":{"type":"rect","xposition":"NaN","yposition":"NaN","width":"NaN","height":"NaN","shapeStyle":2},"labelManager":{"labels":[{"type":"textLabel","@id":15,"inputText":"2","labelStyle":4,"shape":null,"layoutText":null}],"mainLabel":15},"properties":{},"orientationAtVertex":"FREE","reference":null}],"properties":{},"reference":null}],"properties":{},"reference":"plug"},{"@id":16,"shape":{"type":"rect","xposition":"NaN","yposition":"NaN","width":"NaN","height":"NaN","shapeStyle":2},"labelManager":{"labels":[{"type":"textLabel","@id":17,"inputText":"Johannes","labelStyle":4,"shape":null,"layoutText":null}],"mainLabel":17},"portCompositions":[{"type":"portGroup","@id":18,"ordered":false,"portCompositions":[{"type":"port","@id":19,"shape":{"type":"rect","xposition":"NaN","yposition":"NaN","width":"NaN","height":"NaN","shapeStyle":2},"labelManager":{"labels":[{"type":"textLabel","@id":20,"inputText":"1","labelStyle":4,"shape":null,"layoutText":null}],"mainLabel":20},"properties":{},"orientationAtVertex":"FREE","reference":null},{"type":"port","@id":21,"shape":{"type":"rect","xposition":"NaN","yposition":"NaN","width":"NaN","height":"NaN","shapeStyle":2},"labelManager":{"labels":[{"type":"textLabel","@id":22,"inputText":"3","labelStyle":4,"shape":null,"layoutText":null}],"mainLabel":22},"properties":{},"orientationAtVertex":"FREE","reference":null},{"type":"port","@id":23,"shape":{"type":"rect","xposition":"NaN","yposition":"NaN","width":"NaN","height":"NaN","shapeStyle":2},"labelManager":{"labels":[{"type":"textLabel","@id":24,"inputText":"2","labelStyle":4,"shape":null,"layoutText":null}],"mainLabel":24},"properties":{},"orientationAtVertex":"FREE","reference":null}],"properties":{},"reference":null}],"properties":{},"reference":"plug"},{"@id":25,"shape":{"type":"rect","xposition":"NaN","yposition":"NaN","width":"NaN","height":"NaN","shapeStyle":2},"labelManager":{"labels":[{"type":"textLabel","@id":26,"inputText":"Benjamin","labelStyle":4,"shape":null,"layoutText":null}],"mainLabel":26},"portCompositions":[{"type":"portGroup","@id":27,"ordered":false,"portCompositions":[{"type":"port","@id":28,"shape":{"type":"rect","xposition":"NaN","yposition":"NaN","width":"NaN","height":"NaN","shapeStyle":2},"labelManager":{"labels":[{"type":"textLabel","@id":29,"inputText":"3","labelStyle":4,"shape":null,"layoutText":null}],"mainLabel":29},"properties":{},"orientationAtVertex":"FREE","reference":null},{"type":"port","@id":30,"shape":{"type":"rect","xposition":"NaN","yposition":"NaN","width":"NaN","height":"NaN","shapeStyle":2},"labelManager":{"labels":[{"type":"textLabel","@id":31,"inputText":"6","labelStyle":4,"shape":null,"layoutText":null}],"mainLabel":31},"properties":{},"orientationAtVertex":"FREE","reference":null},{"type":"port","@id":32,"shape":{"type":"rect","xposition":"NaN","yposition":"NaN","width":"NaN","height":"NaN","shapeStyle":2},"labelManager":{"labels":[{"type":"textLabel","@id":33,"inputText":"5","labelStyle":4,"shape":null,"layoutText":null}],"mainLabel":33},"properties":{},"orientationAtVertex":"FREE","reference":null},{"type":"port","@id":34,"shape":{"type":"rect","xposition":"NaN","yposition":"NaN","width":"NaN","height":"NaN","shapeStyle":2},"labelManager":{"labels":[{"type":"textLabel","@id":35,"inputText":"2","labelStyle":4,"shape":null,"layoutText":null}],"mainLabel":35},"properties":{},"orientationAtVertex":"FREE","reference":null},{"type":"port","@id":36,"shape":{"type":"rect","xposition":"NaN","yposition":"NaN","width":"NaN","height":"NaN","shapeStyle":2},"labelManager":{"labels":[{"type":"textLabel","@id":37,"inputText":"4","labelStyle":4,"shape":null,"layoutText":null}],"mainLabel":37},"properties":{},"orientationAtVertex":"FREE","reference":null},{"type":"port","@id":38,"shape":{"type":"rect","xposition":"NaN","yposition":"NaN","width":"NaN","height":"NaN","shapeStyle":2},"labelManager":{"labels":[{"type":"textLabel","@id":39,"inputText":"1","labelStyle":4,"shape":null,"layoutText":null}],"mainLabel":39},"properties":{},"orientationAtVertex":"FREE","reference":null},{"type":"port","@id":40,"shape":{"type":"rect","xposition":"NaN","yposition":"NaN","width":"NaN","height":"NaN","shapeStyle":2},"labelManager":{"labels":[{"type":"textLabel","@id":41,"inputText":"7","labelStyle":4,"shape":null,"layoutText":null}],"mainLabel":41},"properties":{},"orientationAtVertex":"FREE","reference":null}],"properties":{},"reference":null},{"type":"portGroup","@id":42,"ordered":false,"portCompositions":[],"properties":{},"reference":null}],"properties":{},"reference":"device"},{"@id":43,"shape":{"type":"rect","xposition":"NaN","yposition":"NaN","width":"NaN","height":"NaN","shapeStyle":2},"labelManager":{"labels":[{"type":"textLabel","@id":44,"inputText":"Elias","labelStyle":4,"shape":null,"layoutText":null}],"mainLabel":44},"portCompositions":[{"type":"portGroup","@id":45,"ordered":false,"portCompositions":[{"type":"port","@id":46,"shape":{"type":"rect","xposition":"NaN","yposition":"NaN","width":"NaN","height":"NaN","shapeStyle":2},"labelManager":{"labels":[{"type":"textLabel","@id":47,"inputText":"3","labelStyle":4,"shape":null,"layoutText":null}],"mainLabel":47},"properties":{},"orientationAtVertex":"FREE","reference":null},{"type":"port","@id":48,"shape":{"type":"rect","xposition":"NaN","yposition":"NaN","width":"NaN","height":"NaN","shapeStyle":2},"labelManager":{"labels":[{"type":"textLabel","@id":49,"inputText":"6","labelStyle":4,"shape":null,"layoutText":null}],"mainLabel":49},"properties":{},"orientationAtVertex":"FREE","reference":null},{"type":"port","@id":50,"shape":{"type":"rect","xposition":"NaN","yposition":"NaN","width":"NaN","height":"NaN","shapeStyle":2},"labelManager":{"labels":[{"type":"textLabel","@id":51,"inputText":"5","labelStyle":4,"shape":null,"layoutText":null}],"mainLabel":51},"properties":{},"orientationAtVertex":"FREE","reference":null},{"type":"port","@id":52,"shape":{"type":"rect","xposition":"NaN","yposition":"NaN","width":"NaN","height":"NaN","shapeStyle":2},"labelManager":{"labels":[{"type":"textLabel","@id":53,"inputText":"2","labelStyle":4,"shape":null,"layoutText":null}],"mainLabel":53},"properties":{},"orientationAtVertex":"FREE","reference":null},{"type":"port","@id":54,"shape":{"type":"rect","xposition":"NaN","yposition":"NaN","width":"NaN","height":"NaN","shapeStyle":2},"labelManager":{"labels":[{"type":"textLabel","@id":55,"inputText":"4","labelStyle":4,"shape":null,"layoutText":null}],"mainLabel":55},"properties":{},"orientationAtVertex":"FREE","reference":null},{"type":"port","@id":56,"shape":{"type":"rect","xposition":"NaN","yposition":"NaN","width":"NaN","height":"NaN","shapeStyle":2},"labelManager":{"labels":[{"type":"textLabel","@id":57,"inputText":"1","labelStyle":4,"shape":null,"layoutText":null}],"mainLabel":57},"properties":{},"orientationAtVertex":"FREE","reference":null},{"type":"port","@id":58,"shape":{"type":"rect","xposition":"NaN","yposition":"NaN","width":"NaN","height":"NaN","shapeStyle":2},"labelManager":{"labels":[{"type":"textLabel","@id":59,"inputText":"7","labelStyle":4,"shape":null,"layoutText":null}],"mainLabel":59},"properties":{},"orientationAtVertex":"FREE","reference":null}],"properties":{},"reference":null}],"properties":{},"reference":"plug"},{"@id":60,"shape":{"type":"rect","xposition":"NaN","yposition":"NaN","width":"NaN","height":"NaN","shapeStyle":2},"labelManager":{"labels":[{"type":"textLabel","@id":61,"inputText":"Anton","labelStyle":4,"shape":null,"layoutText":null}],"mainLabel":61},"portCompositions":[{"type":"portGroup","@id":62,"ordered":false,"portCompositions":[{"type":"port","@id":63,"shape":{"type":"rect","xposition":"NaN","yposition":"NaN","width":"NaN","height":"NaN","shapeStyle":2},"labelManager":{"labels":[{"type":"textLabel","@id":64,"inputText":"1","labelStyle":4,"shape":null,"layoutText":null}],"mainLabel":64},"properties":{},"orientationAtVertex":"FREE","reference":null}],"properties":{},"reference":null}],"properties":{},"reference":"plug"},{"@id":65,"shape":{"type":"rect","xposition":"NaN","yposition":"NaN","width":"NaN","height":"NaN","shapeStyle":2},"labelManager":{"labels":[{"type":"textLabel","@id":66,"inputText":"Felix","labelStyle":4,"shape":null,"layoutText":null}],"mainLabel":66},"portCompositions":[{"type":"portGroup","@id":67,"ordered":false,"portCompositions":[{"type":"port","@id":68,"shape":{"type":"rect","xposition":"NaN","yposition":"NaN","width":"NaN","height":"NaN","shapeStyle":2},"labelManager":{"labels":[{"type":"textLabel","@id":69,"inputText":"1","labelStyle":4,"shape":null,"layoutText":null}],"mainLabel":69},"properties":{},"orientationAtVertex":"FREE","reference":null}],"properties":{},"reference":null}],"properties":{},"reference":"plug"},{"@id":70,"shape":{"type":"rect","xposition":"NaN","yposition":"NaN","width":"NaN","height":"NaN","shapeStyle":2},"labelManager":{"labels":[{"type":"textLabel","@id":71,"inputText":"Alexander","labelStyle":4,"shape":null,"layoutText":null}],"mainLabel":71},"portCompositions":[{"type":"portGroup","@id":72,"ordered":false,"portCompositions":[{"type":"port","@id":73,"shape":{"type":"rect","xposition":"NaN","yposition":"NaN","width":"NaN","height":"NaN","shapeStyle":2},"labelManager":{"labels":[{"type":"textLabel","@id":74,"inputText":"1","labelStyle":4,"shape":null,"layoutText":null}],"mainLabel":74},"properties":{},"orientationAtVertex":"FREE","reference":null}],"properties":{},"reference":null}],"properties":{},"reference":"plug"},{"@id":75,"shape":{"type":"rect","xposition":"NaN","yposition":"NaN","width":"NaN","height":"NaN","shapeStyle":2},"labelManager":{"labels":[{"type":"textLabel","@id":76,"inputText":"Leonard","labelStyle":4,"shape":null,"layoutText":null}],"mainLabel":76},"portCompositions":[{"type":"portGroup","@id":77,"ordered":false,"portCompositions":[{"type":"port","@id":78,"shape":{"type":"rect","xposition":"NaN","yposition":"NaN","width":"NaN","height":"NaN","shapeStyle":2},"labelManager":{"labels":[{"type":"textLabel","@id":79,"inputText":"1","labelStyle":4,"shape":null,"layoutText":null}],"mainLabel":79},"properties":{},"orientationAtVertex":"FREE","reference":null}],"properties":{},"reference":null}],"properties":{},"reference":"plug"},{"@id":80,"shape":{"type":"rect","xposition":"NaN","yposition":"NaN","width":"NaN","height":"NaN","shapeStyle":2},"labelManager":{"labels":[{"type":"textLabel","@id":81,"inputText":"Luca","labelStyle":4,"shape":null,"layoutText":null}],"mainLabel":81},"portCompositions":[{"type":"portGroup","@id":82,"ordered":false,"portCompositions":[{"type":"port","@id":83,"shape":{"type":"rect","xposition":"NaN","yposition":"NaN","width":"NaN","height":"NaN","shapeStyle":2},"labelManager":{"labels":[{"type":"textLabel","@id":84,"inputText":"1","labelStyle":4,"shape":null,"layoutText":null}],"mainLabel":84},"properties":{},"orientationAtVertex":"FREE","reference":null}],"properties":{},"reference":null}],"properties":{},"reference":"plug"},{"@id":85,"shape":{"type":"rect","xposition":"NaN","yposition":"NaN","width":"NaN","height":"NaN","shapeStyle":2},"labelManager":{"labels":[{"type":"textLabel","@id":86,"inputText":"Finn","labelStyle":4,"shape":null,"layoutText":null}],"mainLabel":86},"portCompositions":[{"type":"portGroup","@id":87,"ordered":false,"portCompositions":[{"type":"port","@id":88,"shape":{"type":"rect","xposition":"NaN","yposition":"NaN","width":"NaN","height":"NaN","shapeStyle":2},"labelManager":{"labels":[{"type":"textLabel","@id":89,"inputText":"1","labelStyle":4,"shape":null,"layoutText":null}],"mainLabel":89},"properties":{},"orientationAtVertex":"FREE","reference":null}],"properties":{},"reference":null}],"properties":{},"reference":"plug"},{"@id":90,"shape":{"type":"rect","xposition":"NaN","yposition":"NaN","width":"NaN","height":"NaN","shapeStyle":2},"labelManager":{"labels":[{"type":"textLabel","@id":91,"inputText":"Julian","labelStyle":4,"shape":null,"layoutText":null}],"mainLabel":91},"portCompositions":[{"type":"port","@id":92,"shape":{"type":"rect","xposition":"NaN","yposition":"NaN","width":"NaN","height":"NaN","shapeStyle":2},"labelManager":{"labels":[{"type":"textLabel","@id":93,"inputText":"1","labelStyle":4,"shape":null,"layoutText":null}],"mainLabel":93},"properties":{},"orientationAtVertex":"FREE","reference":null}],"properties":{},"reference":"splice"},{"@id":94,"shape":{"type":"rect","xposition":"NaN","yposition":"NaN","width":"NaN","height":"NaN","shapeStyle":2},"labelManager":{"labels":[{"type":"textLabel","@id":95,"inputText":"David","labelStyle":4,"shape":null,"layoutText":null}],"mainLabel":95},"portCompositions":[{"type":"portGroup","@id":96,"ordered":false,"portCompositions":[{"type":"port","@id":97,"shape":{"type":"rect","xposition":"NaN","yposition":"NaN","width":"NaN","height":"NaN","shapeStyle":2},"labelManager":{"labels":[{"type":"textLabel","@id":98,"inputText":"1","labelStyle":4,"shape":null,"layoutText":null}],"mainLabel":98},"properties":{},"orientationAtVertex":"FREE","reference":null}],"properties":{},"reference":null}],"properties":{},"reference":"plug"},{"@id":99,"shape":{"type":"rect","xposition":"NaN","yposition":"NaN","width":"NaN","height":"NaN","shapeStyle":2},"labelManager":{"labels":[{"type":"textLabel","@id":100,"inputText":"Lukas","labelStyle":4,"shape":null,"layoutText":null}],"mainLabel":100},"portCompositions":[{"type":"portGroup","@id":101,"ordered":false,"portCompositions":[{"type":"port","@id":102,"shape":{"type":"rect","xposition":"NaN","yposition":"NaN","width":"NaN","height":"NaN","shapeStyle":2},"labelManager":{"labels":[{"type":"textLabel","@id":103,"inputText":"1","labelStyle":4,"shape":null,"layoutText":null}],"mainLabel":103},"properties":{},"orientationAtVertex":"FREE","reference":null}],"properties":{},"reference":null}],"properties":{},"reference":"plug"},{"@id":104,"shape":{"type":"rect","xposition":"NaN","yposition":"NaN","width":"NaN","height":"NaN","shapeStyle":2},"labelManager":{"labels":[{"type":"textLabel","@id":105,"inputText":"Emil","labelStyle":4,"shape":null,"layoutText":null}],"mainLabel":105},"portCompositions":[{"type":"port","@id":106,"shape":{"type":"rect","xposition":"NaN","yposition":"NaN","width":"NaN","height":"NaN","shapeStyle":2},"labelManager":{"labels":[{"type":"textLabel","@id":107,"inputText":"1","labelStyle":4,"shape":null,"layoutText":null}],"mainLabel":107},"properties":{},"orientationAtVertex":"FREE","reference":null}],"properties":{},"reference":"splice"},{"@id":108,"shape":{"type":"rect","xposition":"NaN","yposition":"NaN","width":"NaN","height":"NaN","shapeStyle":2},"labelManager":{"labels":[{"type":"textLabel","@id":109,"inputText":"Oskar","labelStyle":4,"shape":null,"layoutText":null}],"mainLabel":109},"portCompositions":[{"type":"port","@id":110,"shape":{"type":"rect","xposition":"NaN","yposition":"NaN","width":"NaN","height":"NaN","shapeStyle":2},"labelManager":{"labels":[{"type":"textLabel","@id":111,"inputText":"1","labelStyle":4,"shape":null,"layoutText":null}],"mainLabel":111},"properties":{},"orientationAtVertex":"FREE","reference":null}],"properties":{},"reference":"splice"},{"@id":112,"shape":{"type":"rect","xposition":"NaN","yposition":"NaN","width":"NaN","height":"NaN","shapeStyle":2},"labelManager":{"labels":[{"type":"textLabel","@id":113,"inputText":"Jonas","labelStyle":4,"shape":null,"layoutText":null}],"mainLabel":113},"portCompositions":[{"type":"portGroup","@id":114,"ordered":false,"portCompositions":[{"type":"port","@id":115,"shape":{"type":"rect","xposition":"NaN","yposition":"NaN","width":"NaN","height":"NaN","shapeStyle":2},"labelManager":{"labels":[{"type":"textLabel","@id":116,"inputText":"1","labelStyle":4,"shape":null,"layoutText":null}],"mainLabel":116},"properties":{},"orientationAtVertex":"FREE","reference":null},{"type":"port","@id":117,"shape":{"type":"rect","xposition":"NaN","yposition":"NaN","width":"NaN","height":"NaN","shapeStyle":{"@id":118,"description":"default shape style","color":{"argb":"ff000000"}}},"labelManager":{"labels":[{"type":"textLabel","@id":119,"inputText":"2","labelStyle":{"@id":120,"description":"default text label style","font":{"fontName":"SansSerif.plain","style":0,"size":10},"noBreak":false,"color":{"argb":"ff000000"},"showLabel":true,"placement":"FREE","horizontalPlacement":"FREE","verticalPlacement":"FREE"},"shape":null,"layoutText":null}],"mainLabel":119},"properties":{},"orientationAtVertex":"FREE","reference":null}],"properties":{},"reference":null}],"properties":{},"reference":"plug"},{"@id":121,"shape":{"type":"rect","xposition":"NaN","yposition":"NaN","width":"NaN","height":"NaN","shapeStyle":2},"labelManager":{"labels":[{"type":"textLabel","@id":122,"inputText":"Moritz","labelStyle":4,"shape":null,"layoutText":null}],"mainLabel":122},"portCompositions":[{"type":"portGroup","@id":123,"ordered":false,"portCompositions":[{"type":"port","@id":124,"shape":{"type":"rect","xposition":"NaN","yposition":"NaN","width":"NaN","height":"NaN","shapeStyle":2},"labelManager":{"labels":[{"type":"textLabel","@id":125,"inputText":"1","labelStyle":4,"shape":null,"layoutText":null}],"mainLabel":125},"properties":{},"orientationAtVertex":"FREE","reference":null},{"type":"port","@id":126,"shape":{"type":"rect","xposition":"NaN","yposition":"NaN","width":"NaN","height":"NaN","shapeStyle":118},"labelManager":{"labels":[{"type":"textLabel","@id":127,"inputText":"2","labelStyle":120,"shape":null,"layoutText":null}],"mainLabel":127},"properties":{},"orientationAtVertex":"FREE","reference":null}],"properties":{},"reference":null}],"properties":{},"reference":"plug"},{"@id":128,"shape":{"type":"rect","xposition":"NaN","yposition":"NaN","width":"NaN","height":"NaN","shapeStyle":2},"labelManager":{"labels":[{"type":"textLabel","@id":129,"inputText":"Jakob","labelStyle":4,"shape":null,"layoutText":null}],"mainLabel":129},"portCompositions":[{"type":"portGroup","@id":130,"ordered":false,"portCompositions":[{"type":"port","@id":131,"shape":{"type":"rect","xposition":"NaN","yposition":"NaN","width":"NaN","height":"NaN","shapeStyle":2},"labelManager":{"labels":[{"type":"textLabel","@id":132,"inputText":"1","labelStyle":4,"shape":null,"layoutText":null}],"mainLabel":132},"properties":{},"orientationAtVertex":"FREE","reference":null}],"properties":{},"reference":null}],"properties":{},"reference":"plug"},{"@id":133,"shape":{"type":"rect","xposition":"NaN","yposition":"NaN","width":"NaN","height":"NaN","shapeStyle":2},"labelManager":{"labels":[{"type":"textLabel","@id":134,"inputText":"Tom","labelStyle":4,"shape":null,"layoutText":null}],"mainLabel":134},"portCompositions":[{"type":"portGroup","@id":135,"ordered":false,"portCompositions":[{"type":"port","@id":136,"shape":{"type":"rect","xposition":"NaN","yposition":"NaN","width":"NaN","height":"NaN","shapeStyle":2},"labelManager":{"labels":[{"type":"textLabel","@id":137,"inputText":"1","labelStyle":4,"shape":null,"layoutText":null}],"mainLabel":137},"properties":{},"orientationAtVertex":"FREE","reference":null}],"properties":{},"reference":null}],"properties":{},"reference":"plug"},{"@id":138,"shape":{"type":"rect","xposition":"NaN","yposition":"NaN","width":"NaN","height":"NaN","shapeStyle":2},"labelManager":{"labels":[{"type":"textLabel","@id":139,"inputText":"Max","labelStyle":4,"shape":null,"layoutText":null}],"mainLabel":139},"portCompositions":[{"type":"portGroup","@id":140,"ordered":false,"portCompositions":[{"type":"port","@id":141,"shape":{"type":"rect","xposition":"NaN","yposition":"NaN","width":"NaN","height":"NaN","shapeStyle":2},"labelManager":{"labels":[{"type":"textLabel","@id":142,"inputText":"1","labelStyle":4,"shape":null,"layoutText":null}],"mainLabel":142},"properties":{},"orientationAtVertex":"FREE","reference":null}],"properties":{},"reference":null}],"properties":{},"reference":"device"},{"@id":143,"shape":{"type":"rect","xposition":"NaN","yposition":"NaN","width":"NaN","height":"NaN","shapeStyle":2},"labelManager":{"labels":[{"type":"textLabel","@id":144,"inputText":"Leon","labelStyle":4,"shape":null,"layoutText":null}],"mainLabel":144},"portCompositions":[{"type":"portGroup","@id":145,"ordered":false,"portCompositions":[{"type":"port","@id":146,"shape":{"type":"rect","xposition":"NaN","yposition":"NaN","width":"NaN","height":"NaN","shapeStyle":2},"labelManager":{"labels":[{"type":"textLabel","@id":147,"inputText":"1","labelStyle":4,"shape":null,"layoutText":null}],"mainLabel":147},"properties":{},"orientationAtVertex":"FREE","reference":null}],"properties":{},"reference":null}],"properties":{},"reference":"plug"},{"@id":148,"shape":{"type":"rect","xposition":"NaN","yposition":"NaN","width":"NaN","height":"NaN","shapeStyle":2},"labelManager":{"labels":[{"type":"textLabel","@id":149,"inputText":"Henri","labelStyle":4,"shape":null,"layoutText":null}],"mainLabel":149},"portCompositions":[{"type":"port","@id":150,"shape":{"type":"rect","xposition":"NaN","yposition":"NaN","width":"NaN","height":"NaN","shapeStyle":2},"labelManager":{"labels":[{"type":"textLabel","@id":151,"inputText":"1","labelStyle":4,"shape":null,"layoutText":null}],"mainLabel":151},"properties":{},"orientationAtVertex":"FREE","reference":null}],"properties":{},"reference":"splice"},{"@id":152,"shape":{"type":"rect","xposition":"NaN","yposition":"NaN","width":"NaN","height":"NaN","shapeStyle":2},"labelManager":{"labels":[{"type":"textLabel","@id":153,"inputText":"Jan","labelStyle":4,"shape":null,"layoutText":null}],"mainLabel":153},"portCompositions":[{"type":"portGroup","@id":154,"ordered":false,"portCompositions":[{"type":"port","@id":155,"shape":{"type":"rect","xposition":"NaN","yposition":"NaN","width":"NaN","height":"NaN","shapeStyle":2},"labelManager":{"labels":[{"type":"textLabel","@id":156,"inputText":"1","labelStyle":4,"shape":null,"layoutText":null}],"mainLabel":156},"properties":{},"orientationAtVertex":"FREE","reference":null}],"properties":{},"reference":null}],"properties":{},"reference":"device"},{"@id":157,"shape":{"type":"rect","xposition":"NaN","yposition":"NaN","width":"NaN","height":"NaN","shapeStyle":2},"labelManager":{"labels":[{"type":"textLabel","@id":158,"inputText":"Leo","labelStyle":4,"shape":null,"layoutText":null}],"mainLabel":158},"portCompositions":[{"type":"portGroup","@id":159,"ordered":false,"portCompositions":[{"type":"port","@id":160,"shape":{"type":"rect","xposition":"NaN","yposition":"NaN","width":"NaN","height":"NaN","shapeStyle":2},"labelManager":{"labels":[{"type":"textLabel","@id":161,"inputText":"1","labelStyle":4,"shape":null,"layoutText":null}],"mainLabel":161},"properties":{},"orientationAtVertex":"FREE","reference":null}],"properties":{},"reference":null}],"properties":{},"reference":"plug"},{"@id":162,"shape":{"type":"rect","xposition":"NaN","yposition":"NaN","width":"NaN","height":"NaN","shapeStyle":2},"labelManager":{"labels":[{"type":"textLabel","@id":163,"inputText":"Jonathan","labelStyle":4,"shape":null,"layoutText":null}],"mainLabel":163},"portCompositions":[{"type":"portGroup","@id":164,"ordered":false,"portCompositions":[{"type":"port","@id":165,"shape":{"type":"rect","xposition":"NaN","yposition":"NaN","width":"NaN","height":"NaN","shapeStyle":2},"labelManager":{"labels":[{"type":"textLabel","@id":166,"inputText":"1","labelStyle":4,"shape":null,"layoutText":null}],"mainLabel":166},"properties":{},"orientationAtVertex":"FREE","reference":null}],"properties":{},"reference":null}],"properties":{},"reference":"plug"},{"@id":167,"shape":{"type":"rect","xposition":"NaN","yposition":"NaN","width":"NaN","height":"NaN","shapeStyle":2},"labelManager":{"labels":[{"type":"textLabel","@id":168,"inputText":"Maximilian","labelStyle":4,"shape":null,"layoutText":null}],"mainLabel":168},"portCompositions":[{"type":"portGroup","@id":169,"ordered":false,"portCompositions":[{"type":"port","@id":170,"shape":{"type":"rect","xposition":"NaN","yposition":"NaN","width":"NaN","height":"NaN","shapeStyle":2},"labelManager":{"labels":[{"type":"textLabel","@id":171,"inputText":"1","labelStyle":4,"shape":null,"layoutText":null}],"mainLabel":171},"properties":{},"orientationAtVertex":"FREE","reference":null}],"properties":{},"reference":null}],"properties":{},"reference":"plug"},{"@id":172,"shape":{"type":"rect","xposition":"NaN","yposition":"NaN","width":"NaN","height":"NaN","shapeStyle":2},"labelManager":{"labels":[{"type":"textLabel","@id":173,"inputText":"Luis","labelStyle":4,"shape":null,"layoutText":null}],"mainLabel":173},"portCompositions":[{"type":"port","@id":174,"shape":{"type":"rect","xposition":"NaN","yposition":"NaN","width":"NaN","height":"NaN","shapeStyle":2},"labelManager":{"labels":[{"type":"textLabel","@id":175,"inputText":"1","labelStyle":4,"shape":null,"layoutText":null}],"mainLabel":175},"properties":{},"orientationAtVertex":"FREE","reference":null}],"properties":{},"reference":"splice"},{"@id":176,"shape":{"type":"rect","xposition":"NaN","yposition":"NaN","width":"NaN","height":"NaN","shapeStyle":2},"labelManager":{"labels":[{"type":"textLabel","@id":177,"inputText":"Noah","labelStyle":4,"shape":null,"layoutText":null}],"mainLabel":177},"portCompositions":[{"type":"portGroup","@id":178,"ordered":false,"portCompositions":[{"type":"port","@id":179,"shape":{"type":"rect","xposition":"NaN","yposition":"NaN","width":"NaN","height":"NaN","shapeStyle":2},"labelManager":{"labels":[{"type":"textLabel","@id":180,"inputText":"2","labelStyle":4,"shape":null,"layoutText":null}],"mainLabel":180},"properties":{},"orientationAtVertex":"FREE","reference":null},{"type":"port","@id":181,"shape":{"type":"rect","xposition":"NaN","yposition":"NaN","width":"NaN","height":"NaN","shapeStyle":2},"labelManager":{"labels":[{"type":"textLabel","@id":182,"inputText":"1","labelStyle":4,"shape":null,"layoutText":null}],"mainLabel":182},"properties":{},"orientationAtVertex":"FREE","reference":null}],"properties":{},"reference":null}],"properties":{},"reference":"device"},{"@id":183,"shape":{"type":"rect","xposition":"NaN","yposition":"NaN","width":"NaN","height":"NaN","shapeStyle":2},"labelManager":{"labels":[{"type":"textLabel","@id":184,"inputText":"Paul","labelStyle":4,"shape":null,"layoutText":null}],"mainLabel":184},"portCompositions":[{"type":"portGroup","@id":185,"ordered":false,"portCompositions":[{"type":"port","@id":186,"shape":{"type":"rect","xposition":"NaN","yposition":"NaN","width":"NaN","height":"NaN","shapeStyle":2},"labelManager":{"labels":[{"type":"textLabel","@id":187,"inputText":"2","labelStyle":4,"shape":null,"layoutText":null}],"mainLabel":187},"properties":{},"orientationAtVertex":"FREE","reference":null},{"type":"port","@id":188,"shape":{"type":"rect","xposition":"NaN","yposition":"NaN","width":"NaN","height":"NaN","shapeStyle":2},"labelManager":{"labels":[{"type":"textLabel","@id":189,"inputText":"1","labelStyle":4,"shape":null,"layoutText":null}],"mainLabel":189},"properties":{},"orientationAtVertex":"FREE","reference":null}],"properties":{},"reference":null}],"properties":{},"reference":"plug"},{"@id":190,"shape":null,"labelManager":{"labels":[{"type":"textLabel","@id":191,"inputText":"Julius","labelStyle":120,"shape":null,"layoutText":null}],"mainLabel":191},"portCompositions":[{"type":"portGroup","@id":192,"ordered":false,"portCompositions":[{"type":"port","@id":193,"shape":{"type":"rect","xposition":"NaN","yposition":"NaN","width":"NaN","height":"NaN","shapeStyle":118},"labelManager":{"labels":[{"type":"textLabel","@id":194,"inputText":"1","labelStyle":120,"shape":null,"layoutText":null}],"mainLabel":194},"properties":{},"orientationAtVertex":"FREE","reference":null}],"properties":{},"reference":null}],"properties":{},"reference":null},{"@id":195,"shape":null,"labelManager":{"labels":[{"type":"textLabel","@id":196,"inputText":"Ben","labelStyle":120,"shape":null,"layoutText":null}],"mainLabel":196},"portCompositions":[{"type":"portGroup","@id":197,"ordered":false,"portCompositions":[{"type":"port","@id":198,"shape":{"type":"rect","xposition":"NaN","yposition":"NaN","width":"NaN","height":"NaN","shapeStyle":118},"labelManager":{"labels":[{"type":"textLabel","@id":199,"inputText":"1","labelStyle":120,"shape":null,"layoutText":null}],"mainLabel":199},"properties":{},"orientationAtVertex":"FREE","reference":null}],"properties":{},"reference":null}],"properties":{},"reference":null},{"@id":200,"shape":null,"labelManager":{"labels":[{"type":"textLabel","@id":201,"inputText":"Philipp","labelStyle":120,"shape":null,"layoutText":null}],"mainLabel":201},"portCompositions":[{"type":"portGroup","@id":202,"ordered":false,"portCompositions":[{"type":"port","@id":203,"shape":{"type":"rect","xposition":"NaN","yposition":"NaN","width":"NaN","height":"NaN","shapeStyle":118},"labelManager":{"labels":[{"type":"textLabel","@id":204,"inputText":"1","labelStyle":120,"shape":null,"layoutText":null}],"mainLabel":204},"properties":{},"orientationAtVertex":"FREE","reference":null}],"properties":{},"reference":null}],"properties":{},"reference":null},{"@id":205,"shape":null,"labelManager":{"labels":[{"type":"textLabel","@id":206,"inputText":"Louis","labelStyle":120,"shape":null,"layoutText":null}],"mainLabel":206},"portCompositions":[{"type":"portGroup","@id":207,"ordered":false,"portCompositions":[{"type":"port","@id":208,"shape":{"type":"rect","xposition":"NaN","yposition":"NaN","width":"NaN","height":"NaN","shapeStyle":118},"labelManager":{"labels":[{"type":"textLabel","@id":209,"inputText":"1","labelStyle":120,"shape":null,"layoutText":null}],"mainLabel":209},"properties":{},"orientationAtVertex":"FREE","reference":null}],"properties":{},"reference":null}],"properties":{},"reference":null},{"@id":210,"shape":null,"labelManager":{"labels":[{"type":"textLabel","@id":211,"inputText":"Samuel","labelStyle":120,"shape":null,"layoutText":null}],"mainLabel":211},"portCompositions":[{"type":"portGroup","@id":212,"ordered":false,"portCompositions":[{"type":"port","@id":213,"shape":{"type":"rect","xposition":"NaN","yposition":"NaN","width":"NaN","height":"NaN","shapeStyle":118},"labelManager":{"labels":[{"type":"textLabel","@id":214,"inputText":"1","labelStyle":120,"shape":null,"layoutText":null}],"mainLabel":214},"properties":{},"orientationAtVertex":"FREE","reference":null}],"properties":{},"reference":null}],"properties":{},"reference":null},{"@id":215,"shape":null,"labelManager":{"labels":[{"type":"textLabel","@id":216,"inputText":"Oskar","labelStyle":120,"shape":null,"layoutText":null}],"mainLabel":216},"portCompositions":[{"type":"portGroup","@id":217,"ordered":false,"portCompositions":[{"type":"port","@id":218,"shape":{"type":"rect","xposition":"NaN","yposition":"NaN","width":"NaN","height":"NaN","shapeStyle":118},"labelManager":{"labels":[{"type":"textLabel","@id":219,"inputText":"1","labelStyle":120,"shape":null,"layoutText":null}],"mainLabel":219},"properties":{},"orientationAtVertex":"FREE","reference":null}],"properties":{},"reference":null}],"properties":{},"reference":null},{"@id":220,"shape":null,"labelManager":{"labels":[{"type":"textLabel","@id":221,"inputText":"Luis","labelStyle":120,"shape":null,"layoutText":null}],"mainLabel":221},"portCompositions":[{"type":"portGroup","@id":222,"ordered":false,"portCompositions":[{"type":"port","@id":223,"shape":{"type":"rect","xposition":"NaN","yposition":"NaN","width":"NaN","height":"NaN","shapeStyle":118},"labelManager":{"labels":[{"type":"textLabel","@id":224,"inputText":"1","labelStyle":120,"shape":null,"layoutText":null}],"mainLabel":224},"properties":{},"orientationAtVertex":"FREE","reference":null}],"properties":{},"reference":null}],"properties":{},"reference":null},{"@id":225,"shape":null,"labelManager":{"labels":[{"type":"textLabel","@id":226,"inputText":"Johannes","labelStyle":120,"shape":null,"layoutText":null}],"mainLabel":226},"portCompositions":[{"type":"portGroup","@id":227,"ordered":false,"portCompositions":[{"type":"port","@id":228,"shape":{"type":"rect","xposition":"NaN","yposition":"NaN","width":"NaN","height":"NaN","shapeStyle":118},"labelManager":{"labels":[{"type":"textLabel","@id":229,"inputText":"1","labelStyle":120,"shape":null,"layoutText":null}],"mainLabel":229},"properties":{},"orientationAtVertex":"FREE","reference":null}],"properties":{},"reference":null}],"properties":{},"reference":null}],"vertexGroups":[{"@id":230,"drawnFrame":false,"labelManager":{"labels":[],"mainLabel":null},"shape":null,"containedVertices":[7,16],"containedVertexGroups":[],"touchingPairs":[{"vertex0":7,"horizontalPlacementVertex0":"FREE","verticalPlacementVertex0":"TOP","vertex1":16,"horizontalPlacementVertex1":"FREE","verticalPlacementVertex1":"FREE"}],"portPairings":[{"port0":14,"port1":23},{"port0":12,"port1":21},{"port0":10,"port1":19}],"properties":{},"reference":null},{"@id":231,"drawnFrame":false,"labelManager":{"labels":[],"mainLabel":null},"shape":null,"containedVertices":[25,43],"containedVertexGroups":[],"touchingPairs":[{"vertex0":25,"horizontalPlacementVertex0":"FREE","verticalPlacementVertex0":"TOP","vertex1":43,"horizontalPlacementVertex1":"FREE","verticalPlacementVertex1":"FREE"}],"portPairings":[{"port0":30,"port1":48},{"port0":32,"port1":50},{"port0":34,"port1":52},{"port0":36,"port1":54},{"port0":38,"port1":56},{"port0":40,"port1":58},{"port0":28,"port1":46}],"properties":{},"reference":null},{"@id":232,"drawnFrame":false,"labelManager":{"labels":[],"mainLabel":null},"shape":null,"containedVertices":[60,65],"containedVertexGroups":[],"touchingPairs":[{"vertex0":60,"horizontalPlacementVertex0":"FREE","verticalPlacementVertex0":"TOP","vertex1":65,"horizontalPlacementVertex1":"FREE","verticalPlacementVertex1":"FREE"}],"portPairings":[{"port0":63,"port1":68}],"properties":{},"reference":null},{"@id":233,"drawnFrame":false,"labelManager":{"labels":[],"mainLabel":null},"shape":null,"containedVertices":[70,75],"containedVertexGroups":[],"touchingPairs":[{"vertex0":70,"horizontalPlacementVertex0":"FREE","verticalPlacementVertex0":"TOP","vertex1":75,"horizontalPlacementVertex1":"FREE","verticalPlacementVertex1":"FREE"}],"portPairings":[{"port0":73,"port1":78}],"properties":{},"reference":null},{"@id":234,"drawnFrame":false,"labelManager":{"labels":[],"mainLabel":null},"shape":null,"containedVertices":[80,85],"containedVertexGroups":[],"touchingPairs":[{"vertex0":80,"horizontalPlacementVertex0":"FREE","verticalPlacementVertex0":"TOP","vertex1":85,"horizontalPlacementVertex1":"FREE","verticalPlacementVertex1":"FREE"}],"portPairings":[{"port0":83,"port1":88}],"properties":{},"reference":null},{"@id":235,"drawnFrame":false,"labelManager":{"labels":[],"mainLabel":null},"shape":null,"containedVertices":[94,99],"containedVertexGroups":[],"touchingPairs":[{"vertex0":94,"horizontalPlacementVertex0":"FREE","verticalPlacementVertex0":"TOP","vertex1":99,"horizontalPlacementVertex1":"FREE","verticalPlacementVertex1":"FREE"}],"portPairings":[{"port0":97,"port1":102}],"properties":{},"reference":null},{"@id":236,"drawnFrame":false,"labelManager":{"labels":[],"mainLabel":null},"shape":null,"containedVertices":[112,121],"containedVertexGroups":[],"touchingPairs":[{"vertex0":112,"horizontalPlacementVertex0":"FREE","verticalPlacementVertex0":"TOP","vertex1":121,"horizontalPlacementVertex1":"FREE","verticalPlacementVertex1":"FREE"}],"portPairings":[{"port0":115,"port1":124},{"port0":117,"port1":126}],"properties":{},"reference":null},{"@id":237,"drawnFrame":false,"labelManager":{"labels":[],"mainLabel":null},"shape":null,"containedVertices":[128,133],"containedVertexGroups":[],"touchingPairs":[{"vertex0":128,"horizontalPlacementVertex0":"FREE","verticalPlacementVertex0":"TOP","vertex1":133,"horizontalPlacementVertex1":"FREE","verticalPlacementVertex1":"FREE"}],"portPairings":[{"port0":131,"port1":136}],"properties":{},"reference":null},{"@id":238,"drawnFrame":false,"labelManager":{"labels":[],"mainLabel":null},"shape":null,"containedVertices":[138,143],"containedVertexGroups":[],"touchingPairs":[{"vertex0":138,"horizontalPlacementVertex0":"FREE","verticalPlacementVertex0":"TOP","vertex1":143,"horizontalPlacementVertex1":"FREE","verticalPlacementVertex1":"FREE"}],"portPairings":[{"port0":141,"port1":146}],"properties":{},"reference":null},{"@id":239,"drawnFrame":false,"labelManager":{"labels":[],"mainLabel":null},"shape":null,"containedVertices":[152,157],"containedVertexGroups":[],"touchingPairs":[{"vertex0":152,"horizontalPlacementVertex0":"FREE","verticalPlacementVertex0":"TOP","vertex1":157,"horizontalPlacementVertex1":"FREE","verticalPlacementVertex1":"FREE"}],"portPairings":[{"port0":155,"port1":160}],"properties":{},"reference":null},{"@id":240,"drawnFrame":false,"labelManager":{"labels":[],"mainLabel":null},"shape":null,"containedVertices":[162,167],"containedVertexGroups":[],"touchingPairs":[{"vertex0":162,"horizontalPlacementVertex0":"FREE","verticalPlacementVertex0":"TOP","vertex1":167,"horizontalPlacementVertex1":"FREE","verticalPlacementVertex1":"FREE"}],"portPairings":[{"port0":165,"port1":170}],"properties":{},"reference":null},{"@id":241,"drawnFrame":false,"labelManager":{"labels":[],"mainLabel":null},"shape":null,"containedVertices":[176,183],"containedVertexGroups":[],"touchingPairs":[{"vertex0":176,"horizontalPlacementVertex0":"FREE","verticalPlacementVertex0":"TOP","vertex1":183,"horizontalPlacementVertex1":"FREE","verticalPlacementVertex1":"FREE"}],"portPairings":[{"port0":179,"port1":186},{"port0":181,"port1":188}],"properties":{},"reference":null},{"@id":242,"drawnFrame":false,"labelManager":{"labels":[],"mainLabel":null},"shape":null,"containedVertices":[190,195],"containedVertexGroups":[],"touchingPairs":[{"vertex0":190,"horizontalPlacementVertex0":"FREE","verticalPlacementVertex0":"FREE","vertex1":195,"horizontalPlacementVertex1":"FREE","verticalPlacementVertex1":"FREE"}],"portPairings":[{"port0":193,"port1":198}],"properties":{},"reference":null},{"@id":243,"drawnFrame":false,"labelManager":{"labels":[],"mainLabel":null},"shape":null,"containedVertices":[200,205],"containedVertexGroups":[],"touchingPairs":[{"vertex0":200,"horizontalPlacementVertex0":"FREE","verticalPlacementVertex0":"FREE","vertex1":205,"horizontalPlacementVertex1":"FREE","verticalPlacementVertex1":"FREE"}],"portPairings":[{"port0":203,"port1":208}],"properties":{},"reference":null},{"@id":244,"drawnFrame":false,"labelManager":{"labels":[],"mainLabel":null},"shape":null,"containedVertices":[210,215],"containedVertexGroups":[],"touchingPairs":[{"vertex0":210,"horizontalPlacementVertex0":"FREE","verticalPlacementVertex0":"FREE","vertex1":215,"horizontalPlacementVertex1":"FREE","verticalPlacementVertex1":"FREE"}],"portPairings":[{"port0":213,"port1":218}],"properties":{},"reference":null},{"@id":245,"drawnFrame":false,"labelManager":{"labels":[],"mainLabel":null},"shape":null,"containedVertices":[220,225],"containedVertexGroups":[],"touchingPairs":[{"vertex0":220,"horizontalPlacementVertex0":"FREE","verticalPlacementVertex0":"FREE","vertex1":225,"horizontalPlacementVertex1":"FREE","verticalPlacementVertex1":"FREE"}],"portPairings":[{"port0":223,"port1":228}],"properties":{},"reference":null}],"edges":[{"@id":246,"ports":[131,110],"labelManager":{"innerLabels":[{"type":"textLabel","@id":247,"inputText":"Florian","labelStyle":4,"shape":null,"layoutText":null}],"allPortLabels":[],"mainLabel":247},"pathStyle":{"@id":248,"description":"default path style","thickness":-1.0,"color":{"argb":"ff000000"}},"paths":[],"properties":{},"reference":null},{"@id":249,"ports":[186,83],"labelManager":{"innerLabels":[{"type":"textLabel","@id":250,"inputText":"Ali","labelStyle":4,"shape":null,"layoutText":null}],"allPortLabels":[],"mainLabel":250},"pathStyle":248,"paths":[],"properties":{},"reference":null},{"@id":251,"ports":[73,102,92],"labelManager":{"innerLabels":[{"type":"textLabel","@id":252,"inputText":"Theo","labelStyle":4,"shape":null,"layoutText":null}],"allPortLabels":[],"mainLabel":252},"pathStyle":248,"paths":[],"properties":{},"reference":null},{"@id":253,"ports":[5,52],"labelManager":{"innerLabels":[{"type":"textLabel","@id":254,"inputText":"Muhammed","labelStyle":4,"shape":null,"layoutText":null}],"allPortLabels":[],"mainLabel":254},"pathStyle":248,"paths":[],"properties":{},"reference":null},{"@id":255,"ports":[170,188],"labelManager":{"innerLabels":[{"type":"textLabel","@id":256,"inputText":"Milan","labelStyle":4,"shape":null,"layoutText":null}],"allPortLabels":[],"mainLabel":256},"pathStyle":248,"paths":[],"properties":{},"reference":null},{"@id":257,"ports":[110,46],"labelManager":{"innerLabels":[{"type":"textLabel","@id":258,"inputText":"Liam","labelStyle":4,"shape":null,"layoutText":null}],"allPortLabels":[],"mainLabel":258},"pathStyle":248,"paths":[],"properties":{},"reference":null},{"@id":259,"ports":[110,12],"labelManager":{"innerLabels":[{"type":"textLabel","@id":260,"inputText":"Christian","labelStyle":4,"shape":null,"layoutText":null}],"allPortLabels":[],"mainLabel":260},"pathStyle":248,"paths":[],"properties":{},"reference":null},{"@id":261,"ports":[5,10],"labelManager":{"innerLabels":[{"type":"textLabel","@id":262,"inputText":"Michael","labelStyle":4,"shape":null,"layoutText":null}],"allPortLabels":[],"mainLabel":262},"pathStyle":248,"paths":[],"properties":{},"reference":null},{"@id":263,"ports":[48,5],"labelManager":{"innerLabels":[{"type":"textLabel","@id":264,"inputText":"Gabriel","labelStyle":4,"shape":null,"layoutText":null}],"allPortLabels":[],"mainLabel":264},"pathStyle":248,"paths":[],"properties":{},"reference":null},{"@id":265,"ports":[110,58],"labelManager":{"innerLabels":[{"type":"textLabel","@id":266,"inputText":"Henry","labelStyle":4,"shape":null,"layoutText":null}],"allPortLabels":[],"mainLabel":266},"pathStyle":248,"paths":[],"properties":{},"reference":null},{"@id":267,"ports":[124,106],"labelManager":{"innerLabels":[{"type":"textLabel","@id":268,"inputText":"Can","labelStyle":4,"shape":null,"layoutText":null}],"allPortLabels":[],"mainLabel":268},"pathStyle":248,"paths":[],"properties":{},"reference":null},{"@id":269,"ports":[54,110],"labelManager":{"innerLabels":[{"type":"textLabel","@id":270,"inputText":"Niklas","labelStyle":4,"shape":null,"layoutText":null}],"allPortLabels":[],"mainLabel":270},"pathStyle":248,"paths":[],"properties":{},"reference":null},{"@id":271,"ports":[160,146],"labelManager":{"innerLabels":[{"type":"textLabel","@id":272,"inputText":"Levi","labelStyle":4,"shape":null,"layoutText":null}],"allPortLabels":[],"mainLabel":272},"pathStyle":248,"paths":[],"properties":{},"reference":null},{"@id":273,"ports":[5,56],"labelManager":{"innerLabels":[{"type":"textLabel","@id":274,"inputText":"Johann","labelStyle":4,"shape":null,"layoutText":null}],"allPortLabels":[],"mainLabel":274},"pathStyle":248,"paths":[],"properties":{},"reference":null},{"@id":275,"ports":[19,228],"labelManager":{"innerLabels":[{"type":"textLabel","@id":276,"inputText":"Simon","labelStyle":120,"shape":null,"layoutText":null}],"allPortLabels":[],"mainLabel":276},"pathStyle":{"@id":277,"description":"default path style","thickness":-1.0,"color":{"argb":"ff000000"}},"paths":[],"properties":{},"reference":null},{"@id":278,"ports":[208,63],"labelManager":{"innerLabels":[{"type":"textLabel","@id":279,"inputText":"Justus","labelStyle":120,"shape":null,"layoutText":null}],"allPortLabels":[],"mainLabel":279},"pathStyle":277,"paths":[],"properties":{},"reference":null},{"@id":280,"ports":[136,150],"labelManager":{"innerLabels":[{"type":"textLabel","@id":281,"inputText":"Karl","labelStyle":120,"shape":null,"layoutText":null}],"allPortLabels":[],"mainLabel":281},"pathStyle":277,"paths":[],"properties":{},"reference":null},{"@id":282,"ports":[126,50],"labelManager":{"innerLabels":[{"type":"textLabel","@id":283,"inputText":"Vincent","labelStyle":120,"shape":null,"layoutText":null}],"allPortLabels":[],"mainLabel":283},"pathStyle":277,"paths":[],"properties":{},"reference":null},{"@id":284,"ports":[68,218],"labelManager":{"innerLabels":[{"type":"textLabel","@id":285,"inputText":"Daniel","labelStyle":120,"shape":null,"layoutText":null}],"allPortLabels":[],"mainLabel":285},"pathStyle":277,"paths":[],"properties":{},"reference":null},{"@id":286,"ports":[208,146],"labelManager":{"innerLabels":[{"type":"textLabel","@id":287,"inputText":"Valentin","labelStyle":120,"shape":null,"layoutText":null}],"allPortLabels":[],"mainLabel":287},"pathStyle":277,"paths":[],"properties":{},"reference":null},{"@id":288,"ports":[88,78],"labelManager":{"innerLabels":[{"type":"textLabel","@id":289,"inputText":"Peter","labelStyle":120,"shape":null,"layoutText":null}],"allPortLabels":[],"mainLabel":289},"pathStyle":277,"paths":[],"properties":{},"reference":null},{"@id":290,"ports":[208,174],"labelManager":{"innerLabels":[{"type":"textLabel","@id":291,"inputText":"Frederik","labelStyle":120,"shape":null,"layoutText":null}],"allPortLabels":[],"mainLabel":291},"pathStyle":277,"paths":[],"properties":{},"reference":null},{"@id":292,"ports":[208,193],"labelManager":{"innerLabels":[{"type":"textLabel","@id":293,"inputText":"Joel","labelStyle":120,"shape":null,"layoutText":null}],"allPortLabels":[],"mainLabel":293},"pathStyle":277,"paths":[],"properties":{},"reference":null},{"@id":294,"ports":[117,165],"labelManager":{"innerLabels":[{"type":"textLabel","@id":295,"inputText":"Mika","labelStyle":120,"shape":null,"layoutText":null}],"allPortLabels":[],"mainLabel":295},"pathStyle":277,"paths":[],"properties":{},"reference":null},{"@id":296,"ports":[23,198],"labelManager":{"innerLabels":[{"type":"textLabel","@id":297,"inputText":"Karl","labelStyle":120,"shape":null,"layoutText":null}],"allPortLabels":[],"mainLabel":297},"pathStyle":277,"paths":[],"properties":{},"reference":null}],"edgeBundles":[]}