{"vertices":[{"@id":1,"shape":{"type":"rect","xposition":"NaN","yposition":"NaN","width":"NaN","height":"NaN","shapeStyle":{"@id":2,"description":"default shape style","color":{"argb":"ff000000"}}},"labelManager":{"labels":[{"type":"textLabel","@id":3,"inputText":"Samuel","labelStyle":{"@id":4,"description":"default text label style","font":{"fontName":"SansSerif.plain","style":0,"size":10},"noBreak":false,"color":{"argb":"ff000000"},"showLabel":true,"placement":"FREE","horizontalPlacement":"FREE","verticalPlacement":"FREE"},"shape":null,"layoutText":null}],"mainLabel":3},"portCompositions":[{"type":"port","@id":5,"shape":{"type":"rect","xposition":"NaN","yposition":"NaN","width":"NaN","height":"NaN","shapeStyle":2},"labelManager":{"labels":[{"type":"textLabel","@id":6,"inputText":"1","labelStyle":4,"shape":null,"layoutText":null}],"mainLabel":6},"properties":{},"orientationAtVertex":"FREE","reference":null}],"properties":{},"reference":"splice"},{"@id":7,"shape":{"type":"rect","xposition":"NaN","yposition":"NaN","width":"NaN","height":"NaN","shapeStyle":2},"labelManager":{"labels":[{"type":"textLabel","@id":8,"inputText":"Philipp","labelStyle":4,"shape":null,"layoutText":null}],"mainLabel":8},"portCompositions":[{"type":"port","@id":9,"shape":{"type":"rect","xposition":"NaN","yposition":"NaN","width":"NaN","height":"NaN","shapeStyle":2},"labelManager":{"labels":[{"type":"textLabel","@id":10,"inputText":"1","labelStyle":4,"shape":null,"layoutText":null}],"mainLabel":10},"properties":{},"orientationAtVertex":"FREE","reference":null}],"properties":{},"reference":"splice"},{"@id":11,"shape":{"type":"rect","xposition":"NaN","yposition":"NaN","width":"NaN","height":"NaN","shapeStyle":2},"labelManager":{"labels":[{"type":"textLabel","@id":12,"inputText":"Niklas","labelStyle":4,"shape":null,"layoutText":null}],"mainLabel":12},"portCompositions":[{"type":"portGroup","@id":13,"ordered":false,"portCompositions":[{"type":"port","@id":14,"shape":{"type":"rect","xposition":"NaN","yposition":"NaN","width":"NaN","height":"NaN","shapeStyle":2},"labelManager":{"labels":[{"type":"textLabel","@id":15,"inputText":"7","labelStyle":4,"shape":null,"layoutText":null}],"mainLabel":15},"properties":{},"orientationAtVertex":"FREE","reference":null},{"type":"port","@id":16,"shape":{"type":"rect","xposition":"NaN","yposition":"NaN","width":"NaN","height":"NaN","shapeStyle":2},"labelManager":{"labels":[{"type":"textLabel","@id":17,"inputText":"3","labelStyle":4,"shape":null,"layoutText":null}],"mainLabel":17},"properties":{},"orientationAtVertex":"FREE","reference":null},{"type":"port","@id":18,"shape":{"type":"rect","xposition":"NaN","yposition":"NaN","width":"NaN","height":"NaN","shapeStyle":2},"labelManager":{"labels":[{"type":"textLabel","@id":19,"inputText":"6","labelStyle":4,"shape":null,"layoutText":null}],"mainLabel":19},"properties":{},"orientationAtVertex":"FREE","reference":null},{"type":"port","@id":20,"shape":{"type":"rect","xposition":"NaN","yposition":"NaN","width":"NaN","height":"NaN","shapeStyle":2},"labelManager":{"labels":[{"type":"textLabel","@id":21,"inputText":"5","labelStyle":4,"shape":null,"layoutText":null}],"mainLabel":21},"properties":{},"orientationAtVertex":"FREE","reference":null},{"type":"port","@id":22,"shape":{"type":"rect","xposition":"NaN","yposition":"NaN","width":"NaN","height":"NaN","shapeStyle":2},"labelManager":{"labels":[{"type":"textLabel","@id":23,"inputText":"4","labelStyle":4,"shape":null,"layoutText":null}],"mainLabel":23},"properties":{},"orientationAtVertex":"FREE","reference":null},{"type":"port","@id":24,"shape":{"type":"rect","xposition":"NaN","yposition":"NaN","width":"NaN","height":"NaN","shapeStyle":2},"labelManager":{"labels":[{"type":"textLabel","@id":25,"inputText":"1","labelStyle":4,"shape":null,"layoutText":null}],"mainLabel":25},"properties":{},"orientationAtVertex":"FREE","reference":null},{"type":"port","@id":26,"shape":{"type":"rect","xposition":"NaN","yposition":"NaN","width":"NaN","height":"NaN","shapeStyle":{"@id":27,"description":"default shape style","color":{"argb":"ff000000"}}},"labelManager":{"labels":[{"type":"textLabel","@id":28,"inputText":"2","labelStyle":{"@id":29,"description":"default text label style","font":{"fontName":"SansSerif.plain","style":0,"size":10},"noBreak":false,"color":{"argb":"ff000000"},"showLabel":true,"placement":"FREE","horizontalPlacement":"FREE","verticalPlacement":"FREE"},"shape":null,"layoutText":null}],"mainLabel":28},"properties":{},"orientationAtVertex":"FREE","reference":null}],"properties":{},"reference":null}],"properties":{},"reference":"plug"},{"@id":30,"shape":{"type":"rect","xposition":"NaN","yposition":"NaN","width":"NaN","height":"NaN","shapeStyle":2},"labelManager":{"labels":[{"type":"textLabel","@id":31,"inputText":"Leon","labelStyle":4,"shape":null,"layoutText":null}],"mainLabel":31},"portCompositions":[{"type":"portGroup","@id":32,"ordered":false,"portCompositions":[{"type":"port","@id":33,"shape":{"type":"rect","xposition":"NaN","yposition":"NaN","width":"NaN","height":"NaN","shapeStyle":2},"labelManager":{"labels":[{"type":"textLabel","@id":34,"inputText":"7","labelStyle":4,"shape":null,"layoutText":null}],"mainLabel":34},"properties":{},"orientationAtVertex":"FREE","reference":null},{"type":"port","@id":35,"shape":{"type":"rect","xposition":"NaN","yposition":"NaN","width":"NaN","height":"NaN","shapeStyle":2},"labelManager":{"labels":[{"type":"textLabel","@id":36,"inputText":"3","labelStyle":4,"shape":null,"layoutText":null}],"mainLabel":36},"properties":{},"orientationAtVertex":"FREE","reference":null},{"type":"port","@id":37,"shape":{"type":"rect","xposition":"NaN","yposition":"NaN","width":"NaN","height":"NaN","shapeStyle":2},"labelManager":{"labels":[{"type":"textLabel","@id":38,"inputText":"6","labelStyle":4,"shape":null,"layoutText":null}],"mainLabel":38},"properties":{},"orientationAtVertex":"FREE","reference":null},{"type":"port","@id":39,"shape":{"type":"rect","xposition":"NaN","yposition":"NaN","width":"NaN","height":"NaN","shapeStyle":2},"labelManager":{"labels":[{"type":"textLabel","@id":40,"inputText":"5","labelStyle":4,"shape":null,"layoutText":null}],"mainLabel":40},"properties":{},"orientationAtVertex":"FREE","reference":null},{"type":"port","@id":41,"shape":{"type":"rect","xposition":"NaN","yposition":"NaN","width":"NaN","height":"NaN","shapeStyle":2},"labelManager":{"labels":[{"type":"textLabel","@id":42,"inputText":"4","labelStyle":4,"shape":null,"layoutText":null}],"mainLabel":42},"properties":{},"orientationAtVertex":"FREE","reference":null},{"type":"port","@id":43,"shape":{"type":"rect","xposition":"NaN","yposition":"NaN","width":"NaN","height":"NaN","shapeStyle":2},"labelManager":{"labels":[{"type":"textLabel","@id":44,"inputText":"1","labelStyle":4,"shape":null,"layoutText":null}],"mainLabel":44},"properties":{},"orientationAtVertex":"FREE","reference":null},{"type":"port","@id":45,"shape":{"type":"rect","xposition":"NaN","yposition":"NaN","width":"NaN","height":"NaN","shapeStyle":27},"labelManager":{"labels":[{"type":"textLabel","@id":46,"inputText":"2","labelStyle":29,"shape":null,"layoutText":null}],"mainLabel":46},"properties":{},"orientationAtVertex":"FREE","reference":null}],"properties":{},"reference":null}],"properties":{},"reference":"plug"},{"@id":47,"shape":{"type":"rect","xposition":"NaN","yposition":"NaN","width":"NaN","height":"NaN","shapeStyle":2},"labelManager":{"labels":[{"type":"textLabel","@id":48,"inputText":"Anton","labelStyle":4,"shape":null,"layoutText":null}],"mainLabel":48},"portCompositions":[{"type":"port","@id":49,"shape":{"type":"rect","xposition":"NaN","yposition":"NaN","width":"NaN","height":"NaN","shapeStyle":2},"labelManager":{"labels":[{"type":"textLabel","@id":50,"inputText":"1","labelStyle":4,"shape":null,"layoutText":null}],"mainLabel":50},"properties":{},"orientationAtVertex":"FREE","reference":null}],"properties":{},"reference":"splice"},{"@id":51,"shape":{"type":"rect","xposition":"NaN","yposition":"NaN","width":"NaN","height":"NaN","shapeStyle":2},"labelManager":{"labels":[{"type":"textLabel","@id":52,"inputText":"Lukas","labelStyle":4,"shape":null,"layoutText":null}],"mainLabel":52},"portCompositions":[{"type":"portGroup","@id":53,"ordered":false,"portCompositions":[{"type":"port","@id":54,"shape":{"type":"rect","xposition":"NaN","yposition":"NaN","width":"NaN","height":"NaN","shapeStyle":2},"labelManager":{"labels":[{"type":"textLabel","@id":55,"inputText":"2","labelStyle":4,"shape":null,"layoutText":null}],"mainLabel":55},"properties":{},"orientationAtVertex":"FREE","reference":null},{"type":"port","@id":56,"shape":{"type":"rect","xposition":"NaN","yposition":"NaN","width":"NaN","height":"NaN","shapeStyle":2},"labelManager":{"labels":[{"type":"textLabel","@id":57,"inputText":"1","labelStyle":4,"shape":null,"layoutText":null}],"mainLabel":57},"properties":{},"orientationAtVertex":"FREE","reference":null},{"type":"port","@id":58,"shape":{"type":"rect","xposition":"NaN","yposition":"NaN","width":"NaN","height":"NaN","shapeStyle":27},"labelManager":{"labels":[{"type":"textLabel","@id":59,"inputText":"3","labelStyle":29,"shape":null,"layoutText":null}],"mainLabel":59},"properties":{},"orientationAtVertex":"FREE","reference":null}],"properties":{},"reference":null}],"properties":{},"reference":"plug"},{"@id":60,"shape":{"type":"rect","xposition":"NaN","yposition":"NaN","width":"NaN","height":"NaN","shapeStyle":2},"labelManager":{"labels":[{"type":"textLabel","@id":61,"inputText":"Tom","labelStyle":4,"shape":null,"layoutText":null}],"mainLabel":61},"portCompositions":[{"type":"portGroup","@id":62,"ordered":false,"portCompositions":[{"type":"port","@id":63,"shape":{"type":"rect","xposition":"NaN","yposition":"NaN","width":"NaN","height":"NaN","shapeStyle":2},"labelManager":{"labels":[{"type":"textLabel","@id":64,"inputText":"2","labelStyle":4,"shape":null,"layoutText":null}],"mainLabel":64},"properties":{},"orientationAtVertex":"FREE","reference":null},{"type":"port","@id":65,"shape":{"type":"rect","xposition":"NaN","yposition":"NaN","width":"NaN","height":"NaN","shapeStyle":2},"labelManager":{"labels":[{"type":"textLabel","@id":66,"inputText":"1","labelStyle":4,"shape":null,"layoutText":null}],"mainLabel":66},"properties":{},"orientationAtVertex":"FREE","reference":null},{"type":"port","@id":67,"shape":{"type":"rect","xposition":"NaN","yposition":"NaN","width":"NaN","height":"NaN","shapeStyle":27},"labelManager":{"labels":[{"type":"textLabel","@id":68,"inputText":"3","labelStyle":29,"shape":null,"layoutText":null}],"mainLabel":68},"properties":{},"orientationAtVertex":"FREE","reference":null}],"properties":{},"reference":null}],"properties":{},"reference":"plug"},{"@id":69,"shape":{"type":"rect","xposition":"NaN","yposition":"NaN","width":"NaN","height":"NaN","shapeStyle":2},"labelManager":{"labels":[{"type":"textLabel","@id":70,"inputText":"Emil","labelStyle":4,"shape":null,"layoutText":null}],"mainLabel":70},"portCompositions":[{"type":"portGroup","@id":71,"ordered":false,"portCompositions":[{"type":"port","@id":72,"shape":{"type":"rect","xposition":"NaN","yposition":"NaN","width":"NaN","height":"NaN","shapeStyle":2},"labelManager":{"labels":[{"type":"textLabel","@id":73,"inputText":"2","labelStyle":4,"shape":null,"layoutText":null}],"mainLabel":73},"properties":{},"orientationAtVertex":"FREE","reference":null},{"type":"port","@id":74,"shape":{"type":"rect","xposition":"NaN","yposition":"NaN","width":"NaN","height":"NaN","shapeStyle":2},"labelManager":{"labels":[{"type":"textLabel","@id":75,"inputText":"3","labelStyle":4,"shape":null,"layoutText":null}],"mainLabel":75},"properties":{},"orientationAtVertex":"FREE","reference":null},{"type":"port","@id":76,"shape":{"type":"rect","xposition":"NaN","yposition":"NaN","width":"NaN","height":"NaN","shapeStyle":2},"labelManager":{"labels":[{"type":"textLabel","@id":77,"inputText":"5","labelStyle":4,"shape":null,"layoutText":null}],"mainLabel":77},"properties":{},"orientationAtVertex":"FREE","reference":null},{"type":"port","@id":78,"shape":{"type":"rect","xposition":"NaN","yposition":"NaN","width":"NaN","height":"NaN","shapeStyle":2},"labelManager":{"labels":[{"type":"textLabel","@id":79,"inputText":"6","labelStyle":4,"shape":null,"layoutText":null}],"mainLabel":79},"properties":{},"orientationAtVertex":"FREE","reference":null},{"type":"port","@id":80,"shape":{"type":"rect","xposition":"NaN","yposition":"NaN","width":"NaN","height":"NaN","shapeStyle":2},"labelManager":{"labels":[{"type":"textLabel","@id":81,"inputText":"1","labelStyle":4,"shape":null,"layoutText":null}],"mainLabel":81},"properties":{},"orientationAtVertex":"FREE","reference":null},{"type":"port","@id":82,"shape":{"type":"rect","xposition":"NaN","yposition":"NaN","width":"NaN","height":"NaN","shapeStyle":2},"labelManager":{"labels":[{"type":"textLabel","@id":83,"inputText":"8","labelStyle":4,"shape":null,"layoutText":null}],"mainLabel":83},"properties":{},"orientationAtVertex":"FREE","reference":null},{"type":"port","@id":84,"shape":{"type":"rect","xposition":"NaN","yposition":"NaN","width":"NaN","height":"NaN","shapeStyle":2},"labelManager":{"labels":[{"type":"textLabel","@id":85,"inputText":"7","labelStyle":4,"shape":null,"layoutText":null}],"mainLabel":85},"properties":{},"orientationAtVertex":"FREE","reference":null},{"type":"port","@id":86,"shape":{"type":"rect","xposition":"NaN","yposition":"NaN","width":"NaN","height":"NaN","shapeStyle":2},"labelManager":{"labels":[{"type":"textLabel","@id":87,"inputText":"9","labelStyle":4,"shape":null,"layoutText":null}],"mainLabel":87},"properties":{},"orientationAtVertex":"FREE","reference":null},{"type":"port","@id":88,"shape":{"type":"rect","xposition":"NaN","yposition":"NaN","width":"NaN","height":"NaN","shapeStyle":2},"labelManager":{"labels":[{"type":"textLabel","@id":89,"inputText":"4","labelStyle":4,"shape":null,"layoutText":null}],"mainLabel":89},"properties":{},"orientationAtVertex":"FREE","reference":null}],"properties":{},"reference":null},{"type":"portGroup","@id":90,"ordered":false,"portCompositions":[],"properties":{},"reference":null}],"properties":{},"reference":"device"},{"@id":91,"shape":{"type":"rect","xposition":"NaN","yposition":"NaN","width":"NaN","height":"NaN","shapeStyle":2},"labelManager":{"labels":[{"type":"textLabel","@id":92,"inputText":"Max","labelStyle":4,"shape":null,"layoutText":null}],"mainLabel":92},"portCompositions":[{"type":"portGroup","@id":93,"ordered":false,"portCompositions":[{"type":"port","@id":94,"shape":{"type":"rect","xposition":"NaN","yposition":"NaN","width":"NaN","height":"NaN","shapeStyle":2},"labelManager":{"labels":[{"type":"textLabel","@id":95,"inputText":"2","labelStyle":4,"shape":null,"layoutText":null}],"mainLabel":95},"properties":{},"orientationAtVertex":"FREE","reference":null},{"type":"port","@id":96,"shape":{"type":"rect","xposition":"NaN","yposition":"NaN","width":"NaN","height":"NaN","shapeStyle":2},"labelManager":{"labels":[{"type":"textLabel","@id":97,"inputText":"3","labelStyle":4,"shape":null,"layoutText":null}],"mainLabel":97},"properties":{},"orientationAtVertex":"FREE","reference":null},{"type":"port","@id":98,"shape":{"type":"rect","xposition":"NaN","yposition":"NaN","width":"NaN","height":"NaN","shapeStyle":2},"labelManager":{"labels":[{"type":"textLabel","@id":99,"inputText":"5","labelStyle":4,"shape":null,"layoutText":null}],"mainLabel":99},"properties":{},"orientationAtVertex":"FREE","reference":null},{"type":"port","@id":100,"shape":{"type":"rect","xposition":"NaN","yposition":"NaN","width":"NaN","height":"NaN","shapeStyle":2},"labelManager":{"labels":[{"type":"textLabel","@id":101,"inputText":"6","labelStyle":4,"shape":null,"layoutText":null}],"mainLabel":101},"properties":{},"orientationAtVertex":"FREE","reference":null},{"type":"port","@id":102,"shape":{"type":"rect","xposition":"NaN","yposition":"NaN","width":"NaN","height":"NaN","shapeStyle":2},"labelManager":{"labels":[{"type":"textLabel","@id":103,"inputText":"1","labelStyle":4,"shape":null,"layoutText":null}],"mainLabel":103},"properties":{},"orientationAtVertex":"FREE","reference":null},{"type":"port","@id":104,"shape":{"type":"rect","xposition":"NaN","yposition":"NaN","width":"NaN","height":"NaN","shapeStyle":2},"labelManager":{"labels":[{"type":"textLabel","@id":105,"inputText":"8","labelStyle":4,"shape":null,"layoutText":null}],"mainLabel":105},"properties":{},"orientationAtVertex":"FREE","reference":null},{"type":"port","@id":106,"shape":{"type":"rect","xposition":"NaN","yposition":"NaN","width":"NaN","height":"NaN","shapeStyle":2},"labelManager":{"labels":[{"type":"textLabel","@id":107,"inputText":"7","labelStyle":4,"shape":null,"layoutText":null}],"mainLabel":107},"properties":{},"orientationAtVertex":"FREE","reference":null},{"type":"port","@id":108,"shape":{"type":"rect","xposition":"NaN","yposition":"NaN","width":"NaN","height":"NaN","shapeStyle":2},"labelManager":{"labels":[{"type":"textLabel","@id":109,"inputText":"9","labelStyle":4,"shape":null,"layoutText":null}],"mainLabel":109},"properties":{},"orientationAtVertex":"FREE","reference":null},{"type":"port","@id":110,"shape":{"type":"rect","xposition":"NaN","yposition":"NaN","width":"NaN","height":"NaN","shapeStyle":2},"labelManager":{"labels":[{"type":"textLabel","@id":111,"inputText":"4","labelStyle":4,"shape":null,"layoutText":null}],"mainLabel":111},"properties":{},"orientationAtVertex":"FREE","reference":null}],"properties":{},"reference":null}],"properties":{},"reference":"plug"},{"@id":112,"shape":{"type":"rect","xposition":"NaN","yposition":"NaN","width":"NaN","height":"NaN","shapeStyle":2},"labelManager":{"labels":[{"type":"textLabel","@id":113,"inputText":"Vincent","labelStyle":4,"shape":null,"layoutText":null}],"mainLabel":113},"portCompositions":[{"type":"portGroup","@id":114,"ordered":false,"portCompositions":[{"type":"port","@id":115,"shape":{"type":"rect","xposition":"NaN","yposition":"NaN","width":"NaN","height":"NaN","shapeStyle":2},"labelManager":{"labels":[{"type":"textLabel","@id":116,"inputText":"1","labelStyle":4,"shape":null,"layoutText":null}],"mainLabel":116},"properties":{},"orientationAtVertex":"FREE","reference":null},{"type":"port","@id":117,"shape":{"type":"rect","xposition":"NaN","yposition":"NaN","width":"NaN","height":"NaN","shapeStyle":2},"labelManager":{"labels":[{"type":"textLabel","@id":118,"inputText":"3","labelStyle":4,"shape":null,"layoutText":null}],"mainLabel":118},"properties":{},"orientationAtVertex":"FREE","reference":null},{"type":"port","@id":119,"shape":{"type":"rect","xposition":"NaN","yposition":"NaN","width":"NaN","height":"NaN","shapeStyle":27},"labelManager":{"labels":[{"type":"textLabel","@id":120,"inputText":"5","labelStyle":29,"shape":null,"layoutText":null}],"mainLabel":120},"properties":{},"orientationAtVertex":"FREE","reference":null},{"type":"port","@id":121,"shape":{"type":"rect","xposition":"NaN","yposition":"NaN","width":"NaN","height":"NaN","shapeStyle":27},"labelManager":{"labels":[{"type":"textLabel","@id":122,"inputText":"2","labelStyle":29,"shape":null,"layoutText":null}],"mainLabel":122},"properties":{},"orientationAtVertex":"FREE","reference":null},{"type":"port","@id":123,"shape":{"type":"rect","xposition":"NaN","yposition":"NaN","width":"NaN","height":"NaN","shapeStyle":27},"labelManager":{"labels":[{"type":"textLabel","@id":124,"inputText":"4","labelStyle":29,"shape":null,"layoutText":null}],"mainLabel":124},"properties":{},"orientationAtVertex":"FREE","reference":null}],"properties":{},"reference":null}],"properties":{},"reference":"plug"},{"@id":125,"shape":{"type":"rect","xposition":"NaN","yposition":"NaN","width":"NaN","height":"NaN","shapeStyle":2},"labelManager":{"labels":[{"type":"textLabel","@id":126,"inputText":"Oskar","labelStyle":4,"shape":null,"layoutText":null}],"mainLabel":126},"portCompositions":[{"type":"portGroup","@id":127,"ordered":false,"portCompositions":[{"type":"port","@id":128,"shape":{"type":"rect","xposition":"NaN","yposition":"NaN","width":"NaN","height":"NaN","shapeStyle":2},"labelManager":{"labels":[{"type":"textLabel","@id":129,"inputText":"1","labelStyle":4,"shape":null,"layoutText":null}],"mainLabel":129},"properties":{},"orientationAtVertex":"FREE","reference":null},{"type":"port","@id":130,"shape":{"type":"rect","xposition":"NaN","yposition":"NaN","width":"NaN","height":"NaN","shapeStyle":2},"labelManager":{"labels":[{"type":"textLabel","@id":131,"inputText":"3","labelStyle":4,"shape":null,"layoutText":null}],"mainLabel":131},"properties":{},"orientationAtVertex":"FREE","reference":null},{"type":"port","@id":132,"shape":{"type":"rect","xposition":"NaN","yposition":"NaN","width":"NaN","height":"NaN","shapeStyle":27},"labelManager":{"labels":[{"type":"textLabel","@id":133,"inputText":"5","labelStyle":29,"shape":null,"layoutText":null}],"mainLabel":133},"properties":{},"orientationAtVertex":"FREE","reference":null},{"type":"port","@id":134,"shape":{"type":"rect","xposition":"NaN","yposition":"NaN","width":"NaN","height":"NaN","shapeStyle":27},"labelManager":{"labels":[{"type":"textLabel","@id":135,"inputText":"2","labelStyle":29,"shape":null,"layoutText":null}],"mainLabel":135},"properties":{},"orientationAtVertex":"FREE","reference":null},{"type":"port","@id":136,"shape":{"type":"rect","xposition":"NaN","yposition":"NaN","width":"NaN","height":"NaN","shapeStyle":27},"labelManager":{"labels":[{"type":"textLabel","@id":137,"inputText":"4","labelStyle":29,"shape":null,"layoutText":null}],"mainLabel":137},"properties":{},"orientationAtVertex":"FREE","reference":null}],"properties":{},"reference":null}],"properties":{},"reference":"plug"},{"@id":138,"shape":{"type":"rect","xposition":"NaN","yposition":"NaN","width":"NaN","height":"NaN","shapeStyle":2},"labelManager":{"labels":[{"type":"textLabel","@id":139,"inputText":"Julian","labelStyle":4,"shape":null,"layoutText":null}],"mainLabel":139},"portCompositions":[{"type":"portGroup","@id":140,"ordered":false,"portCompositions":[{"type":"port","@id":141,"shape":{"type":"rect","xposition":"NaN","yposition":"NaN","width":"NaN","height":"NaN","shapeStyle":2},"labelManager":{"labels":[{"type":"textLabel","@id":142,"inputText":"4","labelStyle":4,"shape":null,"layoutText":null}],"mainLabel":142},"properties":{},"orientationAtVertex":"FREE","reference":null},{"type":"port","@id":143,"shape":{"type":"rect","xposition":"NaN","yposition":"NaN","width":"NaN","height":"NaN","shapeStyle":2},"labelManager":{"labels":[{"type":"textLabel","@id":144,"inputText":"7","labelStyle":4,"shape":null,"layoutText":null}],"mainLabel":144},"properties":{},"orientationAtVertex":"FREE","reference":null},{"type":"port","@id":145,"shape":{"type":"rect","xposition":"NaN","yposition":"NaN","width":"NaN","height":"NaN","shapeStyle":2},"labelManager":{"labels":[{"type":"textLabel","@id":146,"inputText":"8","labelStyle":4,"shape":null,"layoutText":null}],"mainLabel":146},"properties":{},"orientationAtVertex":"FREE","reference":null},{"type":"port","@id":147,"shape":{"type":"rect","xposition":"NaN","yposition":"NaN","width":"NaN","height":"NaN","shapeStyle":2},"labelManager":{"labels":[{"type":"textLabel","@id":148,"inputText":"1","labelStyle":4,"shape":null,"layoutText":null}],"mainLabel":148},"properties":{},"orientationAtVertex":"FREE","reference":null},{"type":"port","@id":149,"shape":{"type":"rect","xposition":"NaN","yposition":"NaN","width":"NaN","height":"NaN","shapeStyle":2},"labelManager":{"labels":[{"type":"textLabel","@id":150,"inputText":"3","labelStyle":4,"shape":null,"layoutText":null}],"mainLabel":150},"properties":{},"orientationAtVertex":"FREE","reference":null},{"type":"port","@id":151,"shape":{"type":"rect","xposition":"NaN","yposition":"NaN","width":"NaN","height":"NaN","shapeStyle":27},"labelManager":{"labels":[{"type":"textLabel","@id":152,"inputText":"6","labelStyle":29,"shape":null,"layoutText":null}],"mainLabel":152},"properties":{},"orientationAtVertex":"FREE","reference":null},{"type":"port","@id":153,"shape":{"type":"rect","xposition":"NaN","yposition":"NaN","width":"NaN","height":"NaN","shapeStyle":27},"labelManager":{"labels":[{"type":"textLabel","@id":154,"inputText":"2","labelStyle":29,"shape":null,"layoutText":null}],"mainLabel":154},"properties":{},"orientationAtVertex":"FREE","reference":null},{"type":"port","@id":155,"shape":{"type":"rect","xposition":"NaN","yposition":"NaN","width":"NaN","height":"NaN","shapeStyle":27},"labelManager":{"labels":[{"type":"textLabel","@id":156,"inputText":"5","labelStyle":29,"shape":null,"layoutText":null}],"mainLabel":156},"properties":{},"orientationAtVertex":"FREE","reference":null}],"properties":{},"reference":null}],"properties":{},"reference":"plug"},{"@id":157,"shape":{"type":"rect","xposition":"NaN","yposition":"NaN","width":"NaN","height":"NaN","shapeStyle":2},"labelManager":{"labels":[{"type":"textLabel","@id":158,"inputText":"Moritz","labelStyle":4,"shape":null,"layoutText":null}],"mainLabel":158},"portCompositions":[{"type":"portGroup","@id":159,"ordered":false,"portCompositions":[{"type":"port","@id":160,"shape":{"type":"rect","xposition":"NaN","yposition":"NaN","width":"NaN","height":"NaN","shapeStyle":2},"labelManager":{"labels":[{"type":"textLabel","@id":161,"inputText":"4","labelStyle":4,"shape":null,"layoutText":null}],"mainLabel":161},"properties":{},"orientationAtVertex":"FREE","reference":null},{"type":"port","@id":162,"shape":{"type":"rect","xposition":"NaN","yposition":"NaN","width":"NaN","height":"NaN","shapeStyle":2},"labelManager":{"labels":[{"type":"textLabel","@id":163,"inputText":"7","labelStyle":4,"shape":null,"layoutText":null}],"mainLabel":163},"properties":{},"orientationAtVertex":"FREE","reference":null},{"type":"port","@id":164,"shape":{"type":"rect","xposition":"NaN","yposition":"NaN","width":"NaN","height":"NaN","shapeStyle":2},"labelManager":{"labels":[{"type":"textLabel","@id":165,"inputText":"8","labelStyle":4,"shape":null,"layoutText":null}],"mainLabel":165},"properties":{},"orientationAtVertex":"FREE","reference":null},{"type":"port","@id":166,"shape":{"type":"rect","xposition":"NaN","yposition":"NaN","width":"NaN","height":"NaN","shapeStyle":2},"labelManager":{"labels":[{"type":"textLabel","@id":167,"inputText":"1","labelStyle":4,"shape":null,"layoutText":null}],"mainLabel":167},"properties":{},"orientationAtVertex":"FREE","reference":null},{"type":"port","@id":168,"shape":{"type":"rect","xposition":"NaN","yposition":"NaN","width":"NaN","height":"NaN","shapeStyle":2},"labelManager":{"labels":[{"type":"textLabel","@id":169,"inputText":"3","labelStyle":4,"shape":null,"layoutText":null}],"mainLabel":169},"properties":{},"orientationAtVertex":"FREE","reference":null},{"type":"port","@id":170,"shape":{"type":"rect","xposition":"NaN","yposition":"NaN","width":"NaN","height":"NaN","shapeStyle":27},"labelManager":{"labels":[{"type":"textLabel","@id":171,"inputText":"6","labelStyle":29,"shape":null,"layoutText":null}],"mainLabel":171},"properties":{},"orientationAtVertex":"FREE","reference":null},{"type":"port","@id":172,"shape":{"type":"rect","xposition":"NaN","yposition":"NaN","width":"NaN","height":"NaN","shapeStyle":27},"labelManager":{"labels":[{"type":"textLabel","@id":173,"inputText":"2","labelStyle":29,"shape":null,"layoutText":null}],"mainLabel":173},"properties":{},"orientationAtVertex":"FREE","reference":null},{"type":"port","@id":174,"shape":{"type":"rect","xposition":"NaN","yposition":"NaN","width":"NaN","height":"NaN","shapeStyle":27},"labelManager":{"labels":[{"type":"textLabel","@id":175,"inputText":"5","labelStyle":29,"shape":null,"layoutText":null}],"mainLabel":175},"properties":{},"orientationAtVertex":"FREE","reference":null}],"properties":{},"reference":null}],"properties":{},"reference":"plug"},{"@id":176,"shape":{"type":"rect","xposition":"NaN","yposition":"NaN","width":"NaN","height":"NaN","shapeStyle":2},"labelManager":{"labels":[{"type":"textLabel","@id":177,"inputText":"Mats","labelStyle":4,"shape":null,"layoutText":null}],"mainLabel":177},"portCompositions":[{"type":"portGroup","@id":178,"ordered":false,"portCompositions":[{"type":"port","@id":179,"shape":{"type":"rect","xposition":"NaN","yposition":"NaN","width":"NaN","height":"NaN","shapeStyle":2},"labelManager":{"labels":[{"type":"textLabel","@id":180,"inputText":"3","labelStyle":4,"shape":null,"layoutText":null}],"mainLabel":180},"properties":{},"orientationAtVertex":"FREE","reference":null},{"type":"port","@id":181,"shape":{"type":"rect","xposition":"NaN","yposition":"NaN","width":"NaN","height":"NaN","shapeStyle":2},"labelManager":{"labels":[{"type":"textLabel","@id":182,"inputText":"2","labelStyle":4,"shape":null,"layoutText":null}],"mainLabel":182},"properties":{},"orientationAtVertex":"FREE","reference":null},{"type":"port","@id":183,"shape":{"type":"rect","xposition":"NaN","yposition":"NaN","width":"NaN","height":"NaN","shapeStyle":2},"labelManager":{"labels":[{"type":"textLabel","@id":184,"inputText":"1","labelStyle":4,"shape":null,"layoutText":null}],"mainLabel":184},"properties":{},"orientationAtVertex":"FREE","reference":null}],"properties":{},"reference":null}],"properties":{},"reference":"plug"},{"@id":185,"shape":{"type":"rect","xposition":"NaN","yposition":"NaN","width":"NaN","height":"NaN","shapeStyle":2},"labelManager":{"labels":[{"type":"textLabel","@id":186,"inputText":"Leo","labelStyle":4,"shape":null,"layoutText":null}],"mainLabel":186},"portCompositions":[{"type":"portGroup","@id":187,"ordered":false,"portCompositions":[{"type":"port","@id":188,"shape":{"type":"rect","xposition":"NaN","yposition":"NaN","width":"NaN","height":"NaN","shapeStyle":2},"labelManager":{"labels":[{"type":"textLabel","@id":189,"inputText":"3","labelStyle":4,"shape":null,"layoutText":null}],"mainLabel":189},"properties":{},"orientationAtVertex":"FREE","reference":null},{"type":"port","@id":190,"shape":{"type":"rect","xposition":"NaN","yposition":"NaN","width":"NaN","height":"NaN","shapeStyle":2},"labelManager":{"labels":[{"type":"textLabel","@id":191,"inputText":"2","labelStyle":4,"shape":null,"layoutText":null}],"mainLabel":191},"properties":{},"orientationAtVertex":"FREE","reference":null},{"type":"port","@id":192,"shape":{"type":"rect","xposition":"NaN","yposition":"NaN","width":"NaN","height":"NaN","shapeStyle":2},"labelManager":{"labels":[{"type":"textLabel","@id":193,"inputText":"1","labelStyle":4,"shape":null,"layoutText":null}],"mainLabel":193},"properties":{},"orientationAtVertex":"FREE","reference":null}],"properties":{},"reference":null}],"properties":{},"reference":"plug"},{"@id":194,"shape":{"type":"rect","xposition":"NaN","yposition":"NaN","width":"NaN","height":"NaN","shapeStyle":2},"labelManager":{"labels":[{"type":"textLabel","@id":195,"inputText":"Jan","labelStyle":4,"shape":null,"layoutText":null}],"mainLabel":195},"portCompositions":[{"type":"port","@id":196,"shape":{"type":"rect","xposition":"NaN","yposition":"NaN","width":"NaN","height":"NaN","shapeStyle":2},"labelManager":{"labels":[{"type":"textLabel","@id":197,"inputText":"1","labelStyle":4,"shape":null,"layoutText":null}],"mainLabel":197},"properties":{},"orientationAtVertex":"FREE","reference":null}],"properties":{},"reference":"splice"},{"@id":198,"shape":{"type":"rect","xposition":"NaN","yposition":"NaN","width":"NaN","height":"NaN","shapeStyle":2},"labelManager":{"labels":[{"type":"textLabel","@id":199,"inputText":"Tim","labelStyle":4,"shape":null,"layoutText":null}],"mainLabel":199},"portCompositions":[{"type":"portGroup","@id":200,"ordered":false,"portCompositions":[{"type":"port","@id":201,"shape":{"type":"rect","xposition":"NaN","yposition":"NaN","width":"NaN","height":"NaN","shapeStyle":2},"labelManager":{"labels":[{"type":"textLabel","@id":202,"inputText":"1","labelStyle":4,"shape":null,"layoutText":null}],"mainLabel":202},"properties":{},"orientationAtVertex":"FREE","reference":null}],"properties":{},"reference":null}],"properties":{},"reference":"device"},{"@id":203,"shape":{"type":"rect","xposition":"NaN","yposition":"NaN","width":"NaN","height":"NaN","shapeStyle":2},"labelManager":{"labels":[{"type":"textLabel","@id":204,"inputText":"Louis","labelStyle":4,"shape":null,"layoutText":null}],"mainLabel":204},"portCompositions":[{"type":"portGroup","@id":205,"ordered":false,"portCompositions":[{"type":"port","@id":206,"shape":{"type":"rect","xposition":"NaN","yposition":"NaN","width":"NaN","height":"NaN","shapeStyle":2},"labelManager":{"labels":[{"type":"textLabel","@id":207,"inputText":"1","labelStyle":4,"shape":null,"layoutText":null}],"mainLabel":207},"properties":{},"orientationAtVertex":"FREE","reference":null}],"properties":{},"reference":null}],"properties":{},"reference":"plug"},{"@id":208,"shape":{"type":"rect","xposition":"NaN","yposition":"NaN","width":"NaN","height":"NaN","shapeStyle":2},"labelManager":{"labels":[{"type":"textLabel","@id":209,"inputText":"Elias","labelStyle":4,"shape":null,"layoutText":null}],"mainLabel":209},"portCompositions":[{"type":"port","@id":210,"shape":{"type":"rect","xposition":"NaN","yposition":"NaN","width":"NaN","height":"NaN","shapeStyle":2},"labelManager":{"labels":[{"type":"textLabel","@id":211,"inputText":"1","labelStyle":4,"shape":null,"layoutText":null}],"mainLabel":211},"properties":{},"orientationAtVertex":"FREE","reference":null}],"properties":{},"reference":"splice"},{"@id":212,"shape":{"type":"rect","xposition":"NaN","yposition":"NaN","width":"NaN","height":"NaN","shapeStyle":2},"labelManager":{"labels":[{"type":"textLabel","@id":213,"inputText":"Jakob","labelStyle":4,"shape":null,"layoutText":null}],"mainLabel":213},"portCompositions":[{"type":"portGroup","@id":214,"ordered":false,"portCompositions":[{"type":"port","@id":215,"shape":{"type":"rect","xposition":"NaN","yposition":"NaN","width":"NaN","height":"NaN","shapeStyle":2},"labelManager":{"labels":[{"type":"textLabel","@id":216,"inputText":"3","labelStyle":4,"shape":null,"layoutText":null}],"mainLabel":216},"properties":{},"orientationAtVertex":"FREE","reference":null},{"type":"port","@id":217,"shape":{"type":"rect","xposition":"NaN","yposition":"NaN","width":"NaN","height":"NaN","shapeStyle":2},"labelManager":{"labels":[{"type":"textLabel","@id":218,"inputText":"1","labelStyle":4,"shape":null,"layoutText":null}],"mainLabel":218},"properties":{},"orientationAtVertex":"FREE","reference":null},{"type":"port","@id":219,"shape":{"type":"rect","xposition":"NaN","yposition":"NaN","width":"NaN","height":"NaN","shapeStyle":2},"labelManager":{"labels":[{"type":"textLabel","@id":220,"inputText":"2","labelStyle":4,"shape":null,"layoutText":null}],"mainLabel":220},"properties":{},"orientationAtVertex":"FREE","reference":null}],"properties":{},"reference":null}],"properties":{},"reference":"device"},{"@id":221,"shape":{"type":"rect","xposition":"NaN","yposition":"NaN","width":"NaN","height":"NaN","shapeStyle":2},"labelManager":{"labels":[{"type":"textLabel","@id":222,"inputText":"Jonathan","labelStyle":4,"shape":null,"layoutText":null}],"mainLabel":222},"portCompositions":[{"type":"portGroup","@id":223,"ordered":false,"portCompositions":[{"type":"port","@id":224,"shape":{"type":"rect","xposition":"NaN","yposition":"NaN","width":"NaN","height":"NaN","shapeStyle":2},"labelManager":{"labels":[{"type":"textLabel","@id":225,"inputText":"3","labelStyle":4,"shape":null,"layoutText":null}],"mainLabel":225},"properties":{},"orientationAtVertex":"FREE","reference":null},{"type":"port","@id":226,"shape":{"type":"rect","xposition":"NaN","yposition":"NaN","width":"NaN","height":"NaN","shapeStyle":2},"labelManager":{"labels":[{"type":"textLabel","@id":227,"inputText":"1","labelStyle":4,"shape":null,"layoutText":null}],"mainLabel":227},"properties":{},"orientationAtVertex":"FREE","reference":null},{"type":"port","@id":228,"shape":{"type":"rect","xposition":"NaN","yposition":"NaN","width":"NaN","height":"NaN","shapeStyle":2},"labelManager":{"labels":[{"type":"textLabel","@id":229,"inputText":"2","labelStyle":4,"shape":null,"layoutText":null}],"mainLabel":229},"properties":{},"orientationAtVertex":"FREE","reference":null}],"properties":{},"reference":null}],"properties":{},"reference":"plug"},{"@id":230,"shape":{"type":"rect","xposition":"NaN","yposition":"NaN","width":"NaN","height":"NaN","shapeStyle":2},"labelManager":{"labels":[{"type":"textLabel","@id":231,"inputText":"Leonard","labelStyle":4,"shape":null,"layoutText":null}],"mainLabel":231},"portCompositions":[{"type":"port","@id":232,"shape":{"type":"rect","xposition":"NaN","yposition":"NaN","width":"NaN","height":"NaN","shapeStyle":2},"labelManager":{"labels":[{"type":"textLabel","@id":233,"inputText":"1","labelStyle":4,"shape":null,"layoutText":null}],"mainLabel":233},"properties":{},"orientationAtVertex":"FREE","reference":null}],"properties":{},"reference":"splice"},{"@id":234,"shape":{"type":"rect","xposition":"NaN","yposition":"NaN","width":"NaN","height":"NaN","shapeStyle":2},"labelManager":{"labels":[{"type":"textLabel","@id":235,"inputText":"Julius","labelStyle":4,"shape":null,"layoutText":null}],"mainLabel":235},"portCompositions":[{"type":"port","@id":236,"shape":{"type":"rect","xposition":"NaN","yposition":"NaN","width":"NaN","height":"NaN","shapeStyle":2},"labelManager":{"labels":[{"type":"textLabel","@id":237,"inputText":"1","labelStyle":4,"shape":null,"layoutText":null}],"mainLabel":237},"properties":{},"orientationAtVertex":"FREE","reference":null}],"properties":{},"reference":"splice"},{"@id":238,"shape":{"type":"rect","xposition":"NaN","yposition":"NaN","width":"NaN","height":"NaN","shapeStyle":2},"labelManager":{"labels":[{"type":"textLabel","@id":239,"inputText":"Felix","labelStyle":4,"shape":null,"layoutText":null}],"mainLabel":239},"portCompositions":[{"type":"port","@id":240,"shape":{"type":"rect","xposition":"NaN","yposition":"NaN","width":"NaN","height":"NaN","shapeStyle":2},"labelManager":{"labels":[{"type":"textLabel","@id":241,"inputText":"1","labelStyle":4,"shape":null,"layoutText":null}],"mainLabel":241},"properties":{},"orientationAtVertex":"FREE","reference":null}],"properties":{},"reference":"splice"},{"@id":242,"shape":{"type":"rect","xposition":"NaN","yposition":"NaN","width":"NaN","height":"NaN","shapeStyle":2},"labelManager":{"labels":[{"type":"textLabel","@id":243,"inputText":"Daniel","labelStyle":4,"shape":null,"layoutText":null}],"mainLabel":243},"portCompositions":[{"type":"port","@id":244,"shape":{"type":"rect","xposition":"NaN","yposition":"NaN","width":"NaN","height":"NaN","shapeStyle":2},"labelManager":{"labels":[{"type":"textLabel","@id":245,"inputText":"1","labelStyle":4,"shape":null,"layoutText":null}],"mainLabel":245},"properties":{},"orientationAtVertex":"FREE","reference":null}],"properties":{},"reference":"splice"},{"@id":246,"shape":{"type":"rect","xposition":"NaN","yposition":"NaN","width":"NaN","height":"NaN","shapeStyle":2},"labelManager":{"labels":[{"type":"textLabel","@id":247,"inputText":"Noah","labelStyle":4,"shape":null,"layoutText":null}],"mainLabel":247},"portCompositions":[{"type":"port","@id":248,"shape":{"type":"rect","xposition":"NaN","yposition":"NaN","width":"NaN","height":"NaN","shapeStyle":2},"labelManager":{"labels":[{"type":"textLabel","@id":249,"inputText":"1","labelStyle":4,"shape":null,"layoutText":null}],"mainLabel":249},"properties":{},"orientationAtVertex":"FREE","reference":null}],"properties":{},"reference":"splice"},{"@id":250,"shape":{"type":"rect","xposition":"NaN","yposition":"NaN","width":"NaN","height":"NaN","shapeStyle":2},"labelManager":{"labels":[{"type":"textLabel","@id":251,"inputText":"Johannes","labelStyle":4,"shape":null,"layoutText":null}],"mainLabel":251},"portCompositions":[{"type":"port","@id":252,"shape":{"type":"rect","xposition":"NaN","yposition":"NaN","width":"NaN","height":"NaN","shapeStyle":2},"labelManager":{"labels":[{"type":"textLabel","@id":253,"inputText":"1","labelStyle":4,"shape":null,"layoutText":null}],"mainLabel":253},"properties":{},"orientationAtVertex":"FREE","reference":null}],"properties":{},"reference":"splice"},{"@id":254,"shape":{"type":"rect","xposition":"NaN","yposition":"NaN","width":"NaN","height":"NaN","shapeStyle":2},"labelManager":{"labels":[{"type":"textLabel","@id":255,"inputText":"Paul","labelStyle":4,"shape":null,"layoutText":null}],"mainLabel":255},"portCompositions":[{"type":"portGroup","@id":256,"ordered":false,"portCompositions":[{"type":"port","@id":257,"shape":{"type":"rect","xposition":"NaN","yposition":"NaN","width":"NaN","height":"NaN","shapeStyle":2},"labelManager":{"labels":[{"type":"textLabel","@id":258,"inputText":"2","labelStyle":4,"shape":null,"layoutText":null}],"mainLabel":258},"properties":{},"orientationAtVertex":"FREE","reference":null},{"type":"port","@id":259,"shape":{"type":"rect","xposition":"NaN","yposition":"NaN","width":"NaN","height":"NaN","shapeStyle":2},"labelManager":{"labels":[{"type":"textLabel","@id":260,"inputText":"1","labelStyle":4,"shape":null,"layoutText":null}],"mainLabel":260},"properties":{},"orientationAtVertex":"FREE","reference":null}],"properties":{},"reference":null}],"properties":{},"reference":"device"},{"@id":261,"shape":{"type":"rect","xposition":"NaN","yposition":"NaN","width":"NaN","height":"NaN","shapeStyle":2},"labelManager":{"labels":[{"type":"textLabel","@id":262,"inputText":"Johann","labelStyle":4,"shape":null,"layoutText":null}],"mainLabel":262},"portCompositions":[{"type":"portGroup","@id":263,"ordered":false,"portCompositions":[{"type":"port","@id":264,"shape":{"type":"rect","xposition":"NaN","yposition":"NaN","width":"NaN","height":"NaN","shapeStyle":2},"labelManager":{"labels":[{"type":"textLabel","@id":265,"inputText":"2","labelStyle":4,"shape":null,"layoutText":null}],"mainLabel":265},"properties":{},"orientationAtVertex":"FREE","reference":null},{"type":"port","@id":266,"shape":{"type":"rect","xposition":"NaN","yposition":"NaN","width":"NaN","height":"NaN","shapeStyle":2},"labelManager":{"labels":[{"type":"textLabel","@id":267,"inputText":"1","labelStyle":4,"shape":null,"layoutText":null}],"mainLabel":267},"properties":{},"orientationAtVertex":"FREE","reference":null}],"properties":{},"reference":null}],"properties":{},"reference":"plug"},{"@id":268,"shape":{"type":"rect","xposition":"NaN","yposition":"NaN","width":"NaN","height":"NaN","shapeStyle":2},"labelManager":{"labels":[{"type":"textLabel","@id":269,"inputText":"Finn","labelStyle":4,"shape":null,"layoutText":null}],"mainLabel":269},"portCompositions":[{"type":"port","@id":270,"shape":{"type":"rect","xposition":"NaN","yposition":"NaN","width":"NaN","height":"NaN","shapeStyle":2},"labelManager":{"labels":[{"type":"textLabel","@id":271,"inputText":"1","labelStyle":4,"shape":null,"layoutText":null}],"mainLabel":271},"properties":{},"orientationAtVertex":"FREE","reference":null}],"properties":{},"reference":"splice"},{"@id":272,"shape":{"type":"rect","xposition":"NaN","yposition":"NaN","width":"NaN","height":"NaN","shapeStyle":2},"labelManager":{"labels":[{"type":"textLabel","@id":273,"inputText":"Ben","labelStyle":4,"shape":null,"layoutText":null}],"mainLabel":273},"portCompositions":[{"type":"port","@id":274,"shape":{"type":"rect","xposition":"NaN","yposition":"NaN","width":"NaN","height":"NaN","shapeStyle":2},"labelManager":{"labels":[{"type":"textLabel","@id":275,"inputText":"1","labelStyle":4,"shape":null,"layoutText":null}],"mainLabel":275},"properties":{},"orientationAtVertex":"FREE","reference":null}],"properties":{},"reference":"splice"},{"@id":276,"shape":{"type":"rect","xposition":"NaN","yposition":"NaN","width":"NaN","height":"NaN","shapeStyle":2},"labelManager":{"labels":[{"type":"textLabel","@id":277,"inputText":"Benjamin","labelStyle":4,"shape":null,"layoutText":null}],"mainLabel":277},"portCompositions":[{"type":"portGroup","@id":278,"ordered":false,"portCompositions":[{"type":"port","@id":279,"shape":{"type":"rect","xposition":"NaN","yposition":"NaN","width":"NaN","height":"NaN","shapeStyle":2},"labelManager":{"labels":[{"type":"textLabel","@id":280,"inputText":"1","labelStyle":4,"shape":null,"layoutText":null}],"mainLabel":280},"properties":{},"orientationAtVertex":"FREE","reference":null},{"type":"port","@id":281,"shape":{"type":"rect","xposition":"NaN","yposition":"NaN","width":"NaN","height":"NaN","shapeStyle":2},"labelManager":{"labels":[{"type":"textLabel","@id":282,"inputText":"2","labelStyle":4,"shape":null,"layoutText":null}],"mainLabel":282},"properties":{},"orientationAtVertex":"FREE","reference":null}],"properties":{},"reference":null}],"properties":{},"reference":"device"},{"@id":283,"shape":{"type":"rect","xposition":"NaN","yposition":"NaN","width":"NaN","height":"NaN","shapeStyle":2},"labelManager":{"labels":[{"type":"textLabel","@id":284,"inputText":"David","labelStyle":4,"shape":null,"layoutText":null}],"mainLabel":284},"portCompositions":[{"type":"portGroup","@id":285,"ordered":false,"portCompositions":[{"type":"port","@id":286,"shape":{"type":"rect","xposition":"NaN","yposition":"NaN","width":"NaN","height":"NaN","shapeStyle":2},"labelManager":{"labels":[{"type":"textLabel","@id":287,"inputText":"1","labelStyle":4,"shape":null,"layoutText":null}],"mainLabel":287},"properties":{},"orientationAtVertex":"FREE","reference":null},{"type":"port","@id":288,"shape":{"type":"rect","xposition":"NaN","yposition":"NaN","width":"NaN","height":"NaN","shapeStyle":2},"labelManager":{"labels":[{"type":"textLabel","@id":289,"inputText":"2","labelStyle":4,"shape":null,"layoutText":null}],"mainLabel":289},"properties":{},"orientationAtVertex":"FREE","reference":null}],"properties":{},"reference":null}],"properties":{},"reference":"plug"},{"@id":290,"shape":{"type":"rect","xposition":"NaN","yposition":"NaN","width":"NaN","height":"NaN","shapeStyle":2},"labelManager":{"labels":[{"type":"textLabel","@id":291,"inputText":"Alexander","labelStyle":4,"shape":null,"layoutText":null}],"mainLabel":291},"portCompositions":[{"type":"port","@id":292,"shape":{"type":"rect","xposition":"NaN","yposition":"NaN","width":"NaN","height":"NaN","shapeStyle":2},"labelManager":{"labels":[{"type":"textLabel","@id":293,"inputText":"1","labelStyle":4,"shape":null,"layoutText":null}],"mainLabel":293},"properties":{},"orientationAtVertex":"FREE","reference":null}],"properties":{},"reference":"splice"},{"@id":294,"shape":{"type":"rect","xposition":"NaN","yposition":"NaN","width":"NaN","height":"NaN","shapeStyle":2},"labelManager":{"labels":[{"type":"textLabel","@id":295,"inputText":"Luca","labelStyle":4,"shape":null,"layoutText":null}],"mainLabel":295},"portCompositions":[{"type":"port","@id":296,"shape":{"type":"rect","xposition":"NaN","yposition":"NaN","width":"NaN","height":"NaN","shapeStyle":2},"labelManager":{"labels":[{"type":"textLabel","@id":297,"inputText":"1","labelStyle":4,"shape":null,"layoutText":null}],"mainLabel":297},"properties":{},"orientationAtVertex":"FREE","reference":null}],"properties":{},"reference":"splice"},{"@id":298,"shape":null,"labelManager":{"labels":[{"type":"textLabel","@id":299,"inputText":"Gabriel","labelStyle":29,"shape":null,"layoutText":null}],"mainLabel":299},"portCompositions":[{"type":"portGroup","@id":300,"ordered":false,"portCompositions":[{"type":"port","@id":301,"shape":{"type":"rect","xposition":"NaN","yposition":"NaN","width":"NaN","height":"NaN","shapeStyle":27},"labelManager":{"labels":[{"type":"textLabel","@id":302,"inputText":"1","labelStyle":29,"shape":null,"layoutText":null}],"mainLabel":302},"properties":{},"orientationAtVertex":"FREE","reference":null}],"properties":{},"reference":null}],"properties":{},"reference":null},{"@id":303,"shape":null,"labelManager":{"labels":[{"type":"textLabel","@id":304,"inputText":"Liam","labelStyle":29,"shape":null,"layoutText":null}],"mainLabel":304},"portCompositions":[{"type":"portGroup","@id":305,"ordered":false,"portCompositions":[{"type":"port","@id":306,"shape":{"type":"rect","xposition":"NaN","yposition":"NaN","width":"NaN","height":"NaN","shapeStyle":27},"labelManager":{"labels":[{"type":"textLabel","@id":307,"inputText":"1","labelStyle":29,"shape":null,"layoutText":null}],"mainLabel":307},"properties":{},"orientationAtVertex":"FREE","reference":null}],"properties":{},"reference":null}],"properties":{},"reference":null},{"@id":308,"shape":null,"labelManager":{"labels":[{"type":"textLabel","@id":309,"inputText":"Karl","labelStyle":29,"shape":null,"layoutText":null}],"mainLabel":309},"portCompositions":[{"type":"portGroup","@id":310,"ordered":false,"portCompositions":[{"type":"port","@id":311,"shape":{"type":"rect","xposition":"NaN","yposition":"NaN","width":"NaN","height":"NaN","shapeStyle":27},"labelManager":{"labels":[{"type":"textLabel","@id":312,"inputText":"1","labelStyle":29,"shape":null,"layoutText":null}],"mainLabel":312},"properties":{},"orientationAtVertex":"FREE","reference":null}],"properties":{},"reference":null}],"properties":{},"reference":null},{"@id":313,"shape":null,"labelManager":{"labels":[{"type":"textLabel","@id":314,"inputText":"Luis","labelStyle":29,"shape":null,"layoutText":null}],"mainLabel":314},"portCompositions":[{"type":"portGroup","@id":315,"ordered":false,"portCompositions":[{"type":"port","@id":316,"shape":{"type":"rect","xposition":"NaN","yposition":"NaN","width":"NaN","height":"NaN","shapeStyle":27},"labelManager":{"labels":[{"type":"textLabel","@id":317,"inputText":"1","labelStyle":29,"shape":null,"layoutText":null}],"mainLabel":317},"properties":{},"orientationAtVertex":"FREE","reference":null}],"properties":{},"reference":null}],"properties":{},"reference":null},{"@id":318,"shape":null,"labelManager":{"labels":[{"type":"textLabel","@id":319,"inputText":"Ali","labelStyle":29,"shape":null,"layoutText":null}],"mainLabel":319},"portCompositions":[{"type":"portGroup","@id":320,"ordered":false,"portCompositions":[{"type":"port","@id":321,"shape":{"type":"rect","xposition":"NaN","yposition":"NaN","width":"NaN","height":"NaN","shapeStyle":27},"labelManager":{"labels":[{"type":"textLabel","@id":322,"inputText":"1","labelStyle":29,"shape":null,"layoutText":null}],"mainLabel":322},"properties":{},"orientationAtVertex":"FREE","reference":null}],"properties":{},"reference":null}],"properties":{},"reference":null},{"@id":323,"shape":null,"labelManager":{"labels":[{"type":"textLabel","@id":324,"inputText":"Henri","labelStyle":29,"shape":null,"layoutText":null}],"mainLabel":324},"portCompositions":[{"type":"portGroup","@id":325,"ordered":false,"portCompositions":[{"type":"port","@id":326,"shape":{"type":"rect","xposition":"NaN","yposition":"NaN","width":"NaN","height":"NaN","shapeStyle":27},"labelManager":{"labels":[{"type":"textLabel","@id":327,"inputText":"1","labelStyle":29,"shape":null,"layoutText":null}],"mainLabel":327},"properties":{},"orientationAtVertex":"FREE","reference":null}],"properties":{},"reference":null}],"properties":{},"reference":null},{"@id":328,"shape":null,"labelManager":{"labels":[{"type":"textLabel","@id":329,"inputText":"Henry","labelStyle":29,"shape":null,"layoutText":null}],"mainLabel":329},"portCompositions":[{"type":"portGroup","@id":330,"ordered":false,"portCompositions":[{"type":"port","@id":331,"shape":{"type":"rect","xposition":"NaN","yposition":"NaN","width":"NaN","height":"NaN","shapeStyle":27},"labelManager":{"labels":[{"type":"textLabel","@id":332,"inputText":"1","labelStyle":29,"shape":null,"layoutText":null}],"mainLabel":332},"properties":{},"orientationAtVertex":"FREE","reference":null}],"properties":{},"reference":null}],"properties":{},"reference":null},{"@id":333,"shape":null,"labelManager":{"labels":[{"type":"textLabel","@id":334,"inputText":"Maximilian","labelStyle":29,"shape":null,"layoutText":null}],"mainLabel":334},"portCompositions":[{"type":"portGroup","@id":335,"ordered":false,"portCompositions":[{"type":"port","@id":336,"shape":{"type":"rect","xposition":"NaN","yposition":"NaN","width":"NaN","height":"NaN","shapeStyle":27},"labelManager":{"labels":[{"type":"textLabel","@id":337,"inputText":"1","labelStyle":29,"shape":null,"layoutText":null}],"mainLabel":337},"properties":{},"orientationAtVertex":"FREE","reference":null}],"properties":{},"reference":null}],"properties":{},"reference":null}],"vertexGroups":[{"@id":338,"drawnFrame":false,"labelManager":{"labels":[],"mainLabel":null},"shape":null,"containedVertices":[11,30],"containedVertexGroups":[],"touchingPairs":[{"vertex0":11,"horizontalPlacementVertex0":"FREE","verticalPlacementVertex0":"TOP","vertex1":30,"horizontalPlacementVertex1":"FREE","verticalPlacementVertex1":"FREE"}],"portPairings":[{"port0":18,"port1":37},{"port0":22,"port1":41},{"port0":24,"port1":43},{"port0":20,"port1":39},{"port0":14,"port1":33},{"port0":16,"port1":35},{"port0":26,"port1":45}],"properties":{},"reference":null},{"@id":339,"drawnFrame":false,"labelManager":{"labels":[],"mainLabel":null},"shape":null,"containedVertices":[51,60],"containedVertexGroups":[],"touchingPairs":[{"vertex0":51,"horizontalPlacementVertex0":"FREE","verticalPlacementVertex0":"TOP","vertex1":60,"horizontalPlacementVertex1":"FREE","verticalPlacementVertex1":"FREE"}],"portPairings":[{"port0":54,"port1":63},{"port0":56,"port1":65},{"port0":58,"port1":67}],"properties":{},"reference":null},{"@id":340,"drawnFrame":false,"labelManager":{"labels":[],"mainLabel":null},"shape":null,"containedVertices":[69,91],"containedVertexGroups":[],"touchingPairs":[{"vertex0":69,"horizontalPlacementVertex0":"FREE","verticalPlacementVertex0":"TOP","vertex1":91,"horizontalPlacementVertex1":"FREE","verticalPlacementVertex1":"FREE"}],"portPairings":[{"port0":86,"port1":108},{"port0":76,"port1":98},{"port0":78,"port1":100},{"port0":80,"port1":102},{"port0":72,"port1":94},{"port0":88,"port1":110},{"port0":84,"port1":106},{"port0":82,"port1":104},{"port0":74,"port1":96}],"properties":{},"reference":null},{"@id":341,"drawnFrame":false,"labelManager":{"labels":[],"mainLabel":null},"shape":null,"containedVertices":[112,125],"containedVertexGroups":[],"touchingPairs":[{"vertex0":112,"horizontalPlacementVertex0":"FREE","verticalPlacementVertex0":"TOP","vertex1":125,"horizontalPlacementVertex1":"FREE","verticalPlacementVertex1":"FREE"}],"portPairings":[{"port0":115,"port1":128},{"port0":117,"port1":130},{"port0":119,"port1":132},{"port0":121,"port1":134},{"port0":123,"port1":136}],"properties":{},"reference":null},{"@id":342,"drawnFrame":false,"labelManager":{"labels":[],"mainLabel":null},"shape":null,"containedVertices":[138,157],"containedVertexGroups":[],"touchingPairs":[{"vertex0":138,"horizontalPlacementVertex0":"FREE","verticalPlacementVertex0":"TOP","vertex1":157,"horizontalPlacementVertex1":"FREE","verticalPlacementVertex1":"FREE"}],"portPairings":[{"port0":143,"port1":162},{"port0":147,"port1":166},{"port0":141,"port1":160},{"port0":145,"port1":164},{"port0":149,"port1":168},{"port0":151,"port1":170},{"port0":153,"port1":172},{"port0":155,"port1":174}],"properties":{},"reference":null},{"@id":343,"drawnFrame":false,"labelManager":{"labels":[],"mainLabel":null},"shape":null,"containedVertices":[176,185],"containedVertexGroups":[],"touchingPairs":[{"vertex0":176,"horizontalPlacementVertex0":"FREE","verticalPlacementVertex0":"TOP","vertex1":185,"horizontalPlacementVertex1":"FREE","verticalPlacementVertex1":"FREE"}],"portPairings":[{"port0":179,"port1":188},{"port0":181,"port1":190},{"port0":183,"port1":192}],"properties":{},"reference":null},{"@id":344,"drawnFrame":false,"labelManager":{"labels":[],"mainLabel":null},"shape":null,"containedVertices":[198,203],"containedVertexGroups":[],"touchingPairs":[{"vertex0":198,"horizontalPlacementVertex0":"FREE","verticalPlacementVertex0":"TOP","vertex1":203,"horizontalPlacementVertex1":"FREE","verticalPlacementVertex1":"FREE"}],"portPairings":[{"port0":201,"port1":206}],"properties":{},"reference":null},{"@id":345,"drawnFrame":false,"labelManager":{"labels":[],"mainLabel":null},"shape":null,"containedVertices":[212,221],"containedVertexGroups":[],"touchingPairs":[{"vertex0":212,"horizontalPlacementVertex0":"FREE","verticalPlacementVertex0":"TOP","vertex1":221,"horizontalPlacementVertex1":"FREE","verticalPlacementVertex1":"FREE"}],"portPairings":[{"port0":219,"port1":228},{"port0":217,"port1":226},{"port0":215,"port1":224}],"properties":{},"reference":null},{"@id":346,"drawnFrame":false,"labelManager":{"labels":[],"mainLabel":null},"shape":null,"containedVertices":[254,261],"containedVertexGroups":[],"touchingPairs":[{"vertex0":254,"horizontalPlacementVertex0":"FREE","verticalPlacementVertex0":"TOP","vertex1":261,"horizontalPlacementVertex1":"FREE","verticalPlacementVertex1":"FREE"}],"portPairings":[{"port0":257,"port1":264},{"port0":259,"port1":266}],"properties":{},"reference":null},{"@id":347,"drawnFrame":false,"labelManager":{"labels":[],"mainLabel":null},"shape":null,"containedVertices":[276,283],"containedVertexGroups":[],"touchingPairs":[{"vertex0":276,"horizontalPlacementVertex0":"FREE","verticalPlacementVertex0":"TOP","vertex1":283,"horizontalPlacementVertex1":"FREE","verticalPlacementVertex1":"FREE"}],"portPairings":[{"port0":279,"port1":286},{"port0":281,"port1":288}],"properties":{},"reference":null},{"@id":348,"drawnFrame":false,"labelManager":{"labels":[],"mainLabel":null},"shape":null,"containedVertices":[298,303],"containedVertexGroups":[],"touchingPairs":[{"vertex0":298,"horizontalPlacementVertex0":"FREE","verticalPlacementVertex0":"FREE","vertex1":303,"horizontalPlacementVertex1":"FREE","verticalPlacementVertex1":"FREE"}],"portPairings":[{"port0":301,"port1":306}],"properties":{},"reference":null},{"@id":349,"drawnFrame":false,"labelManager":{"labels":[],"mainLabel":null},"shape":null,"containedVertices":[308,313],"containedVertexGroups":[],"touchingPairs":[{"vertex0":308,"horizontalPlacementVertex0":"FREE","verticalPlacementVertex0":"FREE","vertex1":313,"horizontalPlacementVertex1":"FREE","verticalPlacementVertex1":"FREE"}],"portPairings":[{"port0":311,"port1":316}],"properties":{},"reference":null},{"@id":350,"drawnFrame":false,"labelManager":{"labels":[],"mainLabel":null},"shape":null,"containedVertices":[318,323],"containedVertexGroups":[],"touchingPairs":[{"vertex0":318,"horizontalPlacementVertex0":"FREE","verticalPlacementVertex0":"FREE","vertex1":323,"horizontalPlacementVertex1":"FREE","verticalPlacementVertex1":"FREE"}],"portPairings":[{"port0":321,"port1":326}],"properties":{},"reference":null},{"@id":351,"drawnFrame":false,"labelManager":{"labels":[],"mainLabel":null},"shape":null,"containedVertices":[328,333],"containedVertexGroups":[],"touchingPairs":[{"vertex0":328,"horizontalPlacementVertex0":"FREE","verticalPlacementVertex0":"FREE","vertex1":333,"horizontalPlacementVertex1":"FREE","verticalPlacementVertex1":"FREE"}],"portPairings":[{"port0":331,"port1":336}],"properties":{},"reference":null}],"edges":[{"@id":352,"ports":[240,226],"labelManager":{"innerLabels":[{"type":"textLabel","@id":353,"inputText":"Benedikt","labelStyle":4,"shape":null,"layoutText":null}],"allPortLabels":[],"mainLabel":353},"pathStyle":{"@id":354,"description":"default path style","thickness":-1.0,"color":{"argb":"ff000000"}},"paths":[],"properties":{},"reference":null},{"@id":355,"ports":[9,54],"labelManager":{"innerLabels":[{"type":"textLabel","@id":356,"inputText":"Valentin","labelStyle":4,"shape":null,"layoutText":null}],"allPortLabels":[],"mainLabel":356},"pathStyle":354,"paths":[],"properties":{},"reference":null},{"@id":357,"ports":[14,5],"labelManager":{"innerLabels":[{"type":"textLabel","@id":358,"inputText":"Kaan","labelStyle":4,"shape":null,"layoutText":null}],"allPortLabels":[],"mainLabel":358},"pathStyle":354,"paths":[],"properties":{},"reference":null},{"@id":359,"ports":[210,108],"labelManager":{"innerLabels":[{"type":"textLabel","@id":360,"inputText":"Friedrich","labelStyle":4,"shape":null,"layoutText":null}],"allPortLabels":[],"mainLabel":360},"pathStyle":354,"paths":[],"properties":{},"reference":null},{"@id":361,"ports":[288,147],"labelManager":{"innerLabels":[{"type":"textLabel","@id":362,"inputText":"Yusuf","labelStyle":4,"shape":null,"layoutText":null}],"allPortLabels":[],"mainLabel":362},"pathStyle":354,"paths":[],"properties":{},"reference":null},{"@id":363,"ports":[188,274],"labelManager":{"innerLabels":[{"type":"textLabel","@id":364,"inputText":"Mika","labelStyle":4,"shape":null,"layoutText":null}],"allPortLabels":[],"mainLabel":364},"pathStyle":354,"paths":[],"properties":{},"reference":null},{"@id":365,"ports":[164,232],"labelManager":{"innerLabels":[{"type":"textLabel","@id":366,"inputText":"Carl","labelStyle":4,"shape":null,"layoutText":null}],"allPortLabels":[],"mainLabel":366},"pathStyle":354,"paths":[],"properties":{},"reference":null},{"@id":367,"ports":[179,292,41,33,206],"labelManager":{"innerLabels":[{"type":"textLabel","@id":368,"inputText":"Fritz","labelStyle":4,"shape":null,"layoutText":null}],"allPortLabels":[],"mainLabel":368},"pathStyle":354,"paths":[],"properties":{},"reference":null},{"@id":369,"ports":[228,274],"labelManager":{"innerLabels":[{"type":"textLabel","@id":370,"inputText":"Frederik","labelStyle":4,"shape":null,"layoutText":null}],"allPortLabels":[],"mainLabel":370},"pathStyle":354,"paths":[],"properties":{},"reference":null},{"@id":371,"ports":[240,192],"labelManager":{"innerLabels":[{"type":"textLabel","@id":372,"inputText":"Jona","labelStyle":4,"shape":null,"layoutText":null}],"allPortLabels":[],"mainLabel":372},"pathStyle":354,"paths":[],"properties":{},"reference":null},{"@id":373,"ports":[16,210],"labelManager":{"innerLabels":[{"type":"textLabel","@id":374,"inputText":"Robin","labelStyle":4,"shape":null,"layoutText":null}],"allPortLabels":[],"mainLabel":374},"pathStyle":354,"paths":[],"properties":{},"reference":null},{"@id":375,"ports":[236,264],"labelManager":{"innerLabels":[{"type":"textLabel","@id":376,"inputText":"Christian","labelStyle":4,"shape":null,"layoutText":null}],"allPortLabels":[],"mainLabel":376},"pathStyle":354,"paths":[],"properties":{},"reference":null},{"@id":377,"ports":[104,210],"labelManager":{"innerLabels":[{"type":"textLabel","@id":378,"inputText":"Tobias","labelStyle":4,"shape":null,"layoutText":null}],"allPortLabels":[],"mainLabel":378},"pathStyle":354,"paths":[],"properties":{},"reference":null},{"@id":379,"ports":[232,56],"labelManager":{"innerLabels":[{"type":"textLabel","@id":380,"inputText":"Emir","labelStyle":4,"shape":null,"layoutText":null}],"allPortLabels":[],"mainLabel":380},"pathStyle":354,"paths":[],"properties":{},"reference":null},{"@id":381,"ports":[49,96],"labelManager":{"innerLabels":[{"type":"textLabel","@id":382,"inputText":"Erik","labelStyle":4,"shape":null,"layoutText":null}],"allPortLabels":[],"mainLabel":382},"pathStyle":354,"paths":[],"properties":{},"reference":null},{"@id":383,"ports":[20,270],"labelManager":{"innerLabels":[{"type":"textLabel","@id":384,"inputText":"Joshua","labelStyle":4,"shape":null,"layoutText":null}],"allPortLabels":[],"mainLabel":384},"pathStyle":354,"paths":[],"properties":{},"reference":null},{"@id":385,"ports":[224,274],"labelManager":{"innerLabels":[{"type":"textLabel","@id":386,"inputText":"Josef","labelStyle":4,"shape":null,"layoutText":null}],"allPortLabels":[],"mainLabel":386},"pathStyle":354,"paths":[],"properties":{},"reference":null},{"@id":387,"ports":[24,210],"labelManager":{"innerLabels":[{"type":"textLabel","@id":388,"inputText":"Nick","labelStyle":4,"shape":null,"layoutText":null}],"allPortLabels":[],"mainLabel":388},"pathStyle":354,"paths":[],"properties":{},"reference":null},{"@id":389,"ports":[49,18],"labelManager":{"innerLabels":[{"type":"textLabel","@id":390,"inputText":"Martin","labelStyle":4,"shape":null,"layoutText":null}],"allPortLabels":[],"mainLabel":390},"pathStyle":354,"paths":[],"properties":{},"reference":null},{"@id":391,"ports":[145,236],"labelManager":{"innerLabels":[{"type":"textLabel","@id":392,"inputText":"Muhammed","labelStyle":4,"shape":null,"layoutText":null}],"allPortLabels":[],"mainLabel":392},"pathStyle":354,"paths":[],"properties":{},"reference":null},{"@id":393,"ports":[210,94],"labelManager":{"innerLabels":[{"type":"textLabel","@id":394,"inputText":"Florian","labelStyle":4,"shape":null,"layoutText":null}],"allPortLabels":[],"mainLabel":394},"pathStyle":354,"paths":[],"properties":{},"reference":null},{"@id":395,"ports":[296,190],"labelManager":{"innerLabels":[{"type":"textLabel","@id":396,"inputText":"Bruno","labelStyle":4,"shape":null,"layoutText":null}],"allPortLabels":[],"mainLabel":396},"pathStyle":354,"paths":[],"properties":{},"reference":null},{"@id":397,"ports":[110,270],"labelManager":{"innerLabels":[{"type":"textLabel","@id":398,"inputText":"Raphael","labelStyle":4,"shape":null,"layoutText":null}],"allPortLabels":[],"mainLabel":398},"pathStyle":354,"paths":[],"properties":{},"reference":null},{"@id":399,"ports":[98,5],"labelManager":{"innerLabels":[{"type":"textLabel","@id":400,"inputText":"Sebastian","labelStyle":4,"shape":null,"layoutText":null}],"allPortLabels":[],"mainLabel":400},"pathStyle":354,"paths":[],"properties":{},"reference":null},{"@id":401,"ports":[22,196],"labelManager":{"innerLabels":[{"type":"textLabel","@id":402,"inputText":"Milan","labelStyle":4,"shape":null,"layoutText":null}],"allPortLabels":[],"mainLabel":402},"pathStyle":354,"paths":[],"properties":{},"reference":null},{"@id":403,"ports":[102,5],"labelManager":{"innerLabels":[{"type":"textLabel","@id":404,"inputText":"Konstantin","labelStyle":4,"shape":null,"layoutText":null}],"allPortLabels":[],"mainLabel":404},"pathStyle":354,"paths":[],"properties":{},"reference":null},{"@id":405,"ports":[130,65],"labelManager":{"innerLabels":[{"type":"textLabel","@id":406,"inputText":"Ole","labelStyle":4,"shape":null,"layoutText":null}],"allPortLabels":[],"mainLabel":406},"pathStyle":354,"paths":[],"properties":{},"reference":null},{"@id":407,"ports":[63,196],"labelManager":{"innerLabels":[{"type":"textLabel","@id":408,"inputText":"Theodor","labelStyle":4,"shape":null,"layoutText":null}],"allPortLabels":[],"mainLabel":408},"pathStyle":354,"paths":[],"properties":{},"reference":null},{"@id":409,"ports":[266,149],"labelManager":{"innerLabels":[{"type":"textLabel","@id":410,"inputText":"Joel","labelStyle":4,"shape":null,"layoutText":null}],"allPortLabels":[],"mainLabel":410},"pathStyle":354,"paths":[],"properties":{},"reference":null},{"@id":411,"ports":[5,106],"labelManager":{"innerLabels":[{"type":"textLabel","@id":412,"inputText":"Peter","labelStyle":4,"shape":null,"layoutText":null}],"allPortLabels":[],"mainLabel":412},"pathStyle":354,"paths":[],"properties":{},"reference":null},{"@id":413,"ports":[336,252],"labelManager":{"innerLabels":[{"type":"textLabel","@id":414,"inputText":"Simon","labelStyle":29,"shape":null,"layoutText":null}],"allPortLabels":[],"mainLabel":414},"pathStyle":{"@id":415,"description":"default path style","thickness":-1.0,"color":{"argb":"ff000000"}},"paths":[],"properties":{},"reference":null},{"@id":416,"ports":[306,248],"labelManager":{"innerLabels":[{"type":"textLabel","@id":417,"inputText":"Adrian","labelStyle":29,"shape":null,"layoutText":null}],"allPortLabels":[],"mainLabel":417},"pathStyle":415,"paths":[],"properties":{},"reference":null},{"@id":418,"ports":[286,336],"labelManager":{"innerLabels":[{"type":"textLabel","@id":419,"inputText":"Hannes","labelStyle":29,"shape":null,"layoutText":null}],"allPortLabels":[],"mainLabel":419},"pathStyle":415,"paths":[],"properties":{},"reference":null},{"@id":420,"ports":[121,316],"labelManager":{"innerLabels":[{"type":"textLabel","@id":421,"inputText":"Wilhelm","labelStyle":29,"shape":null,"layoutText":null}],"allPortLabels":[],"mainLabel":421},"pathStyle":415,"paths":[],"properties":{},"reference":null},{"@id":422,"ports":[244,136],"labelManager":{"innerLabels":[{"type":"textLabel","@id":423,"inputText":"Fabian","labelStyle":29,"shape":null,"layoutText":null}],"allPortLabels":[],"mainLabel":423},"pathStyle":415,"paths":[],"properties":{},"reference":null},{"@id":424,"ports":[67,306],"labelManager":{"innerLabels":[{"type":"textLabel","@id":425,"inputText":"Aaron","labelStyle":29,"shape":null,"layoutText":null}],"allPortLabels":[],"mainLabel":425},"pathStyle":415,"paths":[],"properties":{},"reference":null},{"@id":426,"ports":[326,43],"labelManager":{"innerLabels":[{"type":"textLabel","@id":427,"inputText":"Can","labelStyle":29,"shape":null,"layoutText":null}],"allPortLabels":[],"mainLabel":427},"pathStyle":415,"paths":[],"properties":{},"reference":null},{"@id":428,"ports":[37,174,170,26,117,45,160],"labelManager":{"innerLabels":[{"type":"textLabel","@id":429,"inputText":"Hannes","labelStyle":29,"shape":null,"layoutText":null}],"allPortLabels":[],"mainLabel":429},"pathStyle":415,"paths":[],"properties":{},"reference":null},{"@id":430,"ports":[155,166,123],"labelManager":{"innerLabels":[{"type":"textLabel","@id":431,"inputText":"Can","labelStyle":29,"shape":null,"layoutText":null}],"allPortLabels":[],"mainLabel":431},"pathStyle":415,"paths":[],"properties":{},"reference":null},{"@id":432,"ports":[100,160],"labelManager":{"innerLabels":[{"type":"textLabel","@id":433,"inputText":"Wilhelm","labelStyle":29,"shape":null,"layoutText":null}],"allPortLabels":[],"mainLabel":433},"pathStyle":415,"paths":[],"properties":{},"reference":null}],"edgeBundles":[]}