{"vertices":[{"@id":1,"shape":{"type":"rect","xposition":"NaN","yposition":"NaN","width":"NaN","height":"NaN","shapeStyle":{"@id":2,"description":"default shape style","color":{"argb":"ff000000"}}},"labelManager":{"labels":[{"type":"textLabel","@id":3,"inputText":"David","labelStyle":{"@id":4,"description":"default text label style","font":{"fontName":"SansSerif.plain","style":0,"size":10},"noBreak":false,"color":{"argb":"ff000000"},"showLabel":true,"placement":"FREE","horizontalPlacement":"FREE","verticalPlacement":"FREE"},"shape":null,"layoutText":null}],"mainLabel":3},"portCompositions":[{"type":"port","@id":5,"shape":{"type":"rect","xposition":"NaN","yposition":"NaN","width":"NaN","height":"NaN","shapeStyle":2},"labelManager":{"labels":[{"type":"textLabel","@id":6,"inputText":"1","labelStyle":4,"shape":null,"layoutText":null}],"mainLabel":6},"properties":{},"orientationAtVertex":"FREE","reference":null}],"properties":{},"reference":"splice"},{"@id":7,"shape":{"type":"rect","xposition":"NaN","yposition":"NaN","width":"NaN","height":"NaN","shapeStyle":2},"labelManager":{"labels":[{"type":"textLabel","@id":8,"inputText":"Julian","labelStyle":4,"shape":null,"layoutText":null}],"mainLabel":8},"portCompositions":[{"type":"port","@id":9,"shape":{"type":"rect","xposition":"NaN","yposition":"NaN","width":"NaN","height":"NaN","shapeStyle":2},"labelManager":{"labels":[{"type":"textLabel","@id":10,"inputText":"1","labelStyle":4,"shape":null,"layoutText":null}],"mainLabel":10},"properties":{},"orientationAtVertex":"FREE","reference":null}],"properties":{},"reference":"splice"},{"@id":11,"shape":{"type":"rect","xposition":"NaN","yposition":"NaN","width":"NaN","height":"NaN","shapeStyle":2},"labelManager":{"labels":[{"type":"textLabel","@id":12,"inputText":"Luca","labelStyle":4,"shape":null,"layoutText":null}],"mainLabel":12},"portCompositions":[{"type":"port","@id":13,"shape":{"type":"rect","xposition":"NaN","yposition":"NaN","width":"NaN","height":"NaN","shapeStyle":2},"labelManager":{"labels":[{"type":"textLabel","@id":14,"inputText":"1","labelStyle":4,"shape":null,"layoutText":null}],"mainLabel":14},"properties":{},"orientationAtVertex":"FREE","reference":null}],"properties":{},"reference":"splice"},{"@id":15,"shape":{"type":"rect","xposition":"NaN","yposition":"NaN","width":"NaN","height":"NaN","shapeStyle":2},"labelManager":{"labels":[{"type":"textLabel","@id":16,"inputText":"Alexander","labelStyle":4,"shape":null,"layoutText":null}],"mainLabel":16},"portCompositions":[{"type":"portGroup","@id":17,"ordered":false,"portCompositions":[{"type":"port","@id":18,"shape":{"type":"rect","xposition":"NaN","yposition":"NaN","width":"NaN","height":"NaN","shapeStyle":2},"labelManager":{"labels":[{"type":"textLabel","@id":19,"inputText":"3","labelStyle":4,"shape":null,"layoutText":null}],"mainLabel":19},"properties":{},"orientationAtVertex":"FREE","reference":null},{"type":"port","@id":20,"shape":{"type":"rect","xposition":"NaN","yposition":"NaN","width":"NaN","height":"NaN","shapeStyle":2},"labelManager":{"labels":[{"type":"textLabel","@id":21,"inputText":"2","labelStyle":4,"shape":null,"layoutText":null}],"mainLabel":21},"properties":{},"orientationAtVertex":"FREE","reference":null},{"type":"port","@id":22,"shape":{"type":"rect","xposition":"NaN","yposition":"NaN","width":"NaN","height":"NaN","shapeStyle":2},"labelManager":{"labels":[{"type":"textLabel","@id":23,"inputText":"1","labelStyle":4,"shape":null,"layoutText":null}],"mainLabel":23},"properties":{},"orientationAtVertex":"FREE","reference":null}],"properties":{},"reference":null}],"properties":{},"reference":"plug"},{"@id":24,"shape":{"type":"rect","xposition":"NaN","yposition":"NaN","width":"NaN","height":"NaN","shapeStyle":2},"labelManager":{"labels":[{"type":"textLabel","@id":25,"inputText":"Leon","labelStyle":4,"shape":null,"layoutText":null}],"mainLabel":25},"portCompositions":[{"type":"portGroup","@id":26,"ordered":false,"portCompositions":[{"type":"port","@id":27,"shape":{"type":"rect","xposition":"NaN","yposition":"NaN","width":"NaN","height":"NaN","shapeStyle":2},"labelManager":{"labels":[{"type":"textLabel","@id":28,"inputText":"3","labelStyle":4,"shape":null,"layoutText":null}],"mainLabel":28},"properties":{},"orientationAtVertex":"FREE","reference":null},{"type":"port","@id":29,"shape":{"type":"rect","xposition":"NaN","yposition":"NaN","width":"NaN","height":"NaN","shapeStyle":2},"labelManager":{"labels":[{"type":"textLabel","@id":30,"inputText":"2","labelStyle":4,"shape":null,"layoutText":null}],"mainLabel":30},"properties":{},"orientationAtVertex":"FREE","reference":null},{"type":"port","@id":31,"shape":{"type":"rect","xposition":"NaN","yposition":"NaN","width":"NaN","height":"NaN","shapeStyle":2},"labelManager":{"labels":[{"type":"textLabel","@id":32,"inputText":"1","labelStyle":4,"shape":null,"layoutText":null}],"mainLabel":32},"properties":{},"orientationAtVertex":"FREE","reference":null}],"properties":{},"reference":null}],"properties":{},"reference":"plug"},{"@id":33,"shape":{"type":"rect","xposition":"NaN","yposition":"NaN","width":"NaN","height":"NaN","shapeStyle":2},"labelManager":{"labels":[{"type":"textLabel","@id":34,"inputText":"Ben","labelStyle":4,"shape":null,"layoutText":null}],"mainLabel":34},"portCompositions":[{"type":"portGroup","@id":35,"ordered":false,"portCompositions":[{"type":"port","@id":36,"shape":{"type":"rect","xposition":"NaN","yposition":"NaN","width":"NaN","height":"NaN","shapeStyle":2},"labelManager":{"labels":[{"type":"textLabel","@id":37,"inputText":"1","labelStyle":4,"shape":null,"layoutText":null}],"mainLabel":37},"properties":{},"orientationAtVertex":"FREE","reference":null},{"type":"port","@id":38,"shape":{"type":"rect","xposition":"NaN","yposition":"NaN","width":"NaN","height":"NaN","shapeStyle":2},"labelManager":{"labels":[{"type":"textLabel","@id":39,"inputText":"2","labelStyle":4,"shape":null,"layoutText":null}],"mainLabel":39},"properties":{},"orientationAtVertex":"FREE","reference":null}],"properties":{},"reference":null}],"properties":{},"reference":"plug"},{"@id":40,"shape":{"type":"rect","xposition":"NaN","yposition":"NaN","width":"NaN","height":"NaN","shapeStyle":2},"labelManager":{"labels":[{"type":"textLabel","@id":41,"inputText":"Paul","labelStyle":4,"shape":null,"layoutText":null}],"mainLabel":41},"portCompositions":[{"type":"portGroup","@id":42,"ordered":false,"portCompositions":[{"type":"port","@id":43,"shape":{"type":"rect","xposition":"NaN","yposition":"NaN","width":"NaN","height":"NaN","shapeStyle":2},"labelManager":{"labels":[{"type":"textLabel","@id":44,"inputText":"1","labelStyle":4,"shape":null,"layoutText":null}],"mainLabel":44},"properties":{},"orientationAtVertex":"FREE","reference":null},{"type":"port","@id":45,"shape":{"type":"rect","xposition":"NaN","yposition":"NaN","width":"NaN","height":"NaN","shapeStyle":2},"labelManager":{"labels":[{"type":"textLabel","@id":46,"inputText":"2","labelStyle":4,"shape":null,"layoutText":null}],"mainLabel":46},"properties":{},"orientationAtVertex":"FREE","reference":null}],"properties":{},"reference":null}],"properties":{},"reference":"plug"},{"@id":47,"shape":{"type":"rect","xposition":"NaN","yposition":"NaN","width":"NaN","height":"NaN","shapeStyle":2},"labelManager":{"labels":[{"type":"textLabel","@id":48,"inputText":"Felix","labelStyle":4,"shape":null,"layoutText":null}],"mainLabel":48},"portCompositions":[{"type":"portGroup","@id":49,"ordered":false,"portCompositions":[{"type":"port","@id":50,"shape":{"type":"rect","xposition":"NaN","yposition":"NaN","width":"NaN","height":"NaN","shapeStyle":2},"labelManager":{"labels":[{"type":"textLabel","@id":51,"inputText":"2","labelStyle":4,"shape":null,"layoutText":null}],"mainLabel":51},"properties":{},"orientationAtVertex":"FREE","reference":null},{"type":"port","@id":52,"shape":{"type":"rect","xposition":"NaN","yposition":"NaN","width":"NaN","height":"NaN","shapeStyle":{"@id":53,"description":"default shape style","color":{"argb":"ff000000"}}},"labelManager":{"labels":[{"type":"textLabel","@id":54,"inputText":"1","labelStyle":{"@id":55,"description":"default text label style","font":{"fontName":"SansSerif.plain","style":0,"size":10},"noBreak":false,"color":{"argb":"ff000000"},"showLabel":true,"placement":"FREE","horizontalPlacement":"FREE","verticalPlacement":"FREE"},"shape":null,"layoutText":null}],"mainLabel":54},"properties":{},"orientationAtVertex":"FREE","reference":null}],"properties":{},"reference":null}],"properties":{},"reference":"device"},{"@id":56,"shape":{"type":"rect","xposition":"NaN","yposition":"NaN","width":"NaN","height":"NaN","shapeStyle":2},"labelManager":{"labels":[{"type":"textLabel","@id":57,"inputText":"Noah","labelStyle":4,"shape":null,"layoutText":null}],"mainLabel":57},"portCompositions":[{"type":"portGroup","@id":58,"ordered":false,"portCompositions":[{"type":"port","@id":59,"shape":{"type":"rect","xposition":"NaN","yposition":"NaN","width":"NaN","height":"NaN","shapeStyle":2},"labelManager":{"labels":[{"type":"textLabel","@id":60,"inputText":"2","labelStyle":4,"shape":null,"layoutText":null}],"mainLabel":60},"properties":{},"orientationAtVertex":"FREE","reference":null},{"type":"port","@id":61,"shape":{"type":"rect","xposition":"NaN","yposition":"NaN","width":"NaN","height":"NaN","shapeStyle":53},"labelManager":{"labels":[{"type":"textLabel","@id":62,"inputText":"1","labelStyle":55,"shape":null,"layoutText":null}],"mainLabel":62},"properties":{},"orientationAtVertex":"FREE","reference":null}],"properties":{},"reference":null}],"properties":{},"reference":"plug"},{"@id":63,"shape":{"type":"rect","xposition":"NaN","yposition":"NaN","width":"NaN","height":"NaN","shapeStyle":2},"labelManager":{"labels":[{"type":"textLabel","@id":64,"inputText":"Maximilian","labelStyle":4,"shape":null,"layoutText":null}],"mainLabel":64},"portCompositions":[{"type":"port","@id":65,"shape":{"type":"rect","xposition":"NaN","yposition":"NaN","width":"NaN","height":"NaN","shapeStyle":2},"labelManager":{"labels":[{"type":"textLabel","@id":66,"inputText":"1","labelStyle":4,"shape":null,"layoutText":null}],"mainLabel":66},"properties":{},"orientationAtVertex":"FREE","reference":null}],"properties":{},"reference":"splice"},{"@id":67,"shape":null,"labelManager":{"labels":[{"type":"textLabel","@id":68,"inputText":"Anton","labelStyle":55,"shape":null,"layoutText":null}],"mainLabel":68},"portCompositions":[{"type":"portGroup","@id":69,"ordered":false,"portCompositions":[{"type":"port","@id":70,"shape":{"type":"rect","xposition":"NaN","yposition":"NaN","width":"NaN","height":"NaN","shapeStyle":53},"labelManager":{"labels":[{"type":"textLabel","@id":71,"inputText":"1","labelStyle":55,"shape":null,"layoutText":null}],"mainLabel":71},"properties":{},"orientationAtVertex":"FREE","reference":null}],"properties":{},"reference":null}],"properties":{},"reference":null},{"@id":72,"shape":null,"labelManager":{"labels":[{"type":"textLabel","@id":73,"inputText":"Jakob","labelStyle":55,"shape":null,"layoutText":null}],"mainLabel":73},"portCompositions":[{"type":"portGroup","@id":74,"ordered":false,"portCompositions":[{"type":"port","@id":75,"shape":{"type":"rect","xposition":"NaN","yposition":"NaN","width":"NaN","height":"NaN","shapeStyle":53},"labelManager":{"labels":[{"type":"textLabel","@id":76,"inputText":"1","labelStyle":55,"shape":null,"layoutText":null}],"mainLabel":76},"properties":{},"orientationAtVertex":"FREE","reference":null}],"properties":{},"reference":null}],"properties":{},"reference":null},{"@id":77,"shape":null,"labelManager":{"labels":[{"type":"textLabel","@id":78,"inputText":"Jonas","labelStyle":55,"shape":null,"layoutText":null}],"mainLabel":78},"portCompositions":[{"type":"portGroup","@id":79,"ordered":false,"portCompositions":[{"type":"port","@id":80,"shape":{"type":"rect","xposition":"NaN","yposition":"NaN","width":"NaN","height":"NaN","shapeStyle":53},"labelManager":{"labels":[{"type":"textLabel","@id":81,"inputText":"1","labelStyle":55,"shape":null,"layoutText":null}],"mainLabel":81},"properties":{},"orientationAtVertex":"FREE","reference":null}],"properties":{},"reference":null}],"properties":{},"reference":null},{"@id":82,"shape":null,"labelManager":{"labels":[{"type":"textLabel","@id":83,"inputText":"Elias","labelStyle":55,"shape":null,"layoutText":null}],"mainLabel":83},"portCompositions":[{"type":"portGroup","@id":84,"ordered":false,"portCompositions":[{"type":"port","@id":85,"shape":{"type":"rect","xposition":"NaN","yposition":"NaN","width":"NaN","height":"NaN","shapeStyle":53},"labelManager":{"labels":[{"type":"textLabel","@id":86,"inputText":"1","labelStyle":55,"shape":null,"layoutText":null}],"mainLabel":86},"properties":{},"orientationAtVertex":"FREE","reference":null}],"properties":{},"reference":null}],"properties":{},"reference":null},{"@id":87,"shape":null,"labelManager":{"labels":[{"type":"textLabel","@id":88,"inputText":"Leon","labelStyle":55,"shape":null,"layoutText":null}],"mainLabel":88},"portCompositions":[{"type":"portGroup","@id":89,"ordered":false,"portCompositions":[{"type":"port","@id":90,"shape":{"type":"rect","xposition":"NaN","yposition":"NaN","width":"NaN","height":"NaN","shapeStyle":53},"labelManager":{"labels":[{"type":"textLabel","@id":91,"inputText":"1","labelStyle":55,"shape":null,"layoutText":null}],"mainLabel":91},"properties":{},"orientationAtVertex":"FREE","reference":null}],"properties":{},"reference":null}],"properties":{},"reference":null},{"@id":92,"shape":null,"labelManager":{"labels":[{"type":"textLabel","@id":93,"inputText":"Julian","labelStyle":55,"shape":null,"layoutText":null}],"mainLabel":93},"portCompositions":[{"type":"portGroup","@id":94,"ordered":false,"portCompositions":[{"type":"port","@id":95,"shape":{"type":"rect","xposition":"NaN","yposition":"NaN","width":"NaN","height":"NaN","shapeStyle":53},"labelManager":{"labels":[{"type":"textLabel","@id":96,"inputText":"1","labelStyle":55,"shape":null,"layoutText":null}],"mainLabel":96},"properties":{},"orientationAtVertex":"FREE","reference":null}],"properties":{},"reference":null}],"properties":{},"reference":null},{"@id":97,"shape":null,"labelManager":{"labels":[{"type":"textLabel","@id":98,"inputText":"David","labelStyle":55,"shape":null,"layoutText":null}],"mainLabel":98},"portCompositions":[{"type":"portGroup","@id":99,"ordered":false,"portCompositions":[{"type":"port","@id":100,"shape":{"type":"rect","xposition":"NaN","yposition":"NaN","width":"NaN","height":"NaN","shapeStyle":53},"labelManager":{"labels":[{"type":"textLabel","@id":101,"inputText":"1","labelStyle":55,"shape":null,"layoutText":null}],"mainLabel":101},"properties":{},"orientationAtVertex":"FREE","reference":null},{"type":"port","@id":102,"shape":{"type":"rect","xposition":"NaN","yposition":"NaN","width":"NaN","height":"NaN","shapeStyle":53},"labelManager":{"labels":[{"type":"textLabel","@id":103,"inputText":"2","labelStyle":55,"shape":null,"layoutText":null}],"mainLabel":103},"properties":{},"orientationAtVertex":"FREE","reference":null}],"properties":{},"reference":null}],"properties":{},"reference":null},{"@id":104,"shape":null,"labelManager":{"labels":[{"type":"textLabel","@id":105,"inputText":"Elias","labelStyle":55,"shape":null,"layoutText":null}],"mainLabel":105},"portCompositions":[{"type":"portGroup","@id":106,"ordered":false,"portCompositions":[{"type":"port","@id":107,"shape":{"type":"rect","xposition":"NaN","yposition":"NaN","width":"NaN","height":"NaN","shapeStyle":53},"labelManager":{"labels":[{"type":"textLabel","@id":108,"inputText":"1","labelStyle":55,"shape":null,"layoutText":null}],"mainLabel":108},"properties":{},"orientationAtVertex":"FREE","reference":null},{"type":"port","@id":109,"shape":{"type":"rect","xposition":"NaN","yposition":"NaN","width":"NaN","height":"NaN","shapeStyle":53},"labelManager":{"labels":[{"type":"textLabel","@id":110,"inputText":"2","labelStyle":55,"shape":null,"layoutText":null}],"mainLabel":110},"properties":{},"orientationAtVertex":"FREE","reference":null}],"properties":{},"reference":null}],"properties":{},"reference":null}],"vertexGroups":[{"@id":111,"drawnFrame":false,"labelManager":{"labels":[],"mainLabel":null},"shape":null,"containedVertices":[15,24],"containedVertexGroups":[],"touchingPairs":[{"vertex0":15,"horizontalPlacementVertex0":"FREE","verticalPlacementVertex0":"TOP","vertex1":24,"horizontalPlacementVertex1":"FREE","verticalPlacementVertex1":"FREE"}],"portPairings":[{"port0":20,"port1":29},{"port0":22,"port1":31},{"port0":18,"port1":27}],"properties":{},"reference":null},{"@id":112,"drawnFrame":false,"labelManager":{"labels":[],"mainLabel":null},"shape":null,"containedVertices":[33,40],"containedVertexGroups":[],"touchingPairs":[{"vertex0":33,"horizontalPlacementVertex0":"FREE","verticalPlacementVertex0":"TOP","vertex1":40,"horizontalPlacementVertex1":"FREE","verticalPlacementVertex1":"FREE"}],"portPairings":[{"port0":36,"port1":43},{"port0":38,"port1":45}],"properties":{},"reference":null},{"@id":113,"drawnFrame":false,"labelManager":{"labels":[],"mainLabel":null},"shape":null,"containedVertices":[47,56],"containedVertexGroups":[],"touchingPairs":[{"vertex0":47,"horizontalPlacementVertex0":"FREE","verticalPlacementVertex0":"TOP","vertex1":56,"horizontalPlacementVertex1":"FREE","verticalPlacementVertex1":"FREE"}],"portPairings":[{"port0":50,"port1":59},{"port0":52,"port1":61}],"properties":{},"reference":null},{"@id":114,"drawnFrame":false,"labelManager":{"labels":[],"mainLabel":null},"shape":null,"containedVertices":[67,72],"containedVertexGroups":[],"touchingPairs":[{"vertex0":67,"horizontalPlacementVertex0":"FREE","verticalPlacementVertex0":"FREE","vertex1":72,"horizontalPlacementVertex1":"FREE","verticalPlacementVertex1":"FREE"}],"portPairings":[{"port0":70,"port1":75}],"properties":{},"reference":null},{"@id":115,"drawnFrame":false,"labelManager":{"labels":[],"mainLabel":null},"shape":null,"containedVertices":[77,82],"containedVertexGroups":[],"touchingPairs":[{"vertex0":77,"horizontalPlacementVertex0":"FREE","verticalPlacementVertex0":"FREE","vertex1":82,"horizontalPlacementVertex1":"FREE","verticalPlacementVertex1":"FREE"}],"portPairings":[{"port0":80,"port1":85}],"properties":{},"reference":null},{"@id":116,"drawnFrame":false,"labelManager":{"labels":[],"mainLabel":null},"shape":null,"containedVertices":[87,92],"containedVertexGroups":[],"touchingPairs":[{"vertex0":87,"horizontalPlacementVertex0":"FREE","verticalPlacementVertex0":"FREE","vertex1":92,"horizontalPlacementVertex1":"FREE","verticalPlacementVertex1":"FREE"}],"portPairings":[{"port0":90,"port1":95}],"properties":{},"reference":null},{"@id":117,"drawnFrame":false,"labelManager":{"labels":[],"mainLabel":null},"shape":null,"containedVertices":[97,104],"containedVertexGroups":[],"touchingPairs":[{"vertex0":97,"horizontalPlacementVertex0":"FREE","verticalPlacementVertex0":"FREE","vertex1":104,"horizontalPlacementVertex1":"FREE","verticalPlacementVertex1":"FREE"}],"portPairings":[{"port0":100,"port1":107},{"port0":102,"port1":109}],"properties":{},"reference":null}],"edges":[{"@id":118,"ports":[43,22],"labelManager":{"innerLabels":[{"type":"textLabel","@id":119,"inputText":"Lukas","labelStyle":4,"shape":null,"layoutText":null}],"allPortLabels":[],"mainLabel":119},"pathStyle":{"@id":120,"description":"default path style","thickness":-1.0,"color":{"argb":"ff000000"}},"paths":[],"properties":{},"reference":null},{"@id":121,"ports":[20,45],"labelManager":{"innerLabels":[{"type":"textLabel","@id":122,"inputText":"Leonard","labelStyle":4,"shape":null,"layoutText":null}],"allPortLabels":[],"mainLabel":122},"pathStyle":120,"paths":[],"properties":{},"reference":null},{"@id":123,"ports":[9,65],"labelManager":{"innerLabels":[{"type":"textLabel","@id":124,"inputText":"Jan","labelStyle":55,"shape":null,"layoutText":null}],"allPortLabels":[],"mainLabel":124},"pathStyle":{"@id":125,"description":"default path style","thickness":-1.0,"color":{"argb":"ff000000"}},"paths":[],"properties":{},"reference":null},{"@id":126,"ports":[109,70],"labelManager":{"innerLabels":[{"type":"textLabel","@id":127,"inputText":"Benjamin","labelStyle":55,"shape":null,"layoutText":null}],"allPortLabels":[],"mainLabel":127},"pathStyle":125,"paths":[],"properties":{},"reference":null},{"@id":128,"ports":[29,61],"labelManager":{"innerLabels":[{"type":"textLabel","@id":129,"inputText":"Tom","labelStyle":55,"shape":null,"layoutText":null}],"allPortLabels":[],"mainLabel":129},"pathStyle":125,"paths":[],"properties":{},"reference":null},{"@id":130,"ports":[107,95],"labelManager":{"innerLabels":[{"type":"textLabel","@id":131,"inputText":"Finn","labelStyle":55,"shape":null,"layoutText":null}],"allPortLabels":[],"mainLabel":131},"pathStyle":125,"paths":[],"properties":{},"reference":null},{"@id":132,"ports":[13,9],"labelManager":{"innerLabels":[{"type":"textLabel","@id":133,"inputText":"Max","labelStyle":55,"shape":null,"layoutText":null}],"allPortLabels":[],"mainLabel":133},"pathStyle":125,"paths":[],"properties":{},"reference":null},{"@id":134,"ports":[5,90],"labelManager":{"innerLabels":[{"type":"textLabel","@id":135,"inputText":"Leo","labelStyle":55,"shape":null,"layoutText":null}],"allPortLabels":[],"mainLabel":135},"pathStyle":125,"paths":[],"properties":{},"reference":null},{"@id":136,"ports":[31,13],"labelManager":{"innerLabels":[{"type":"textLabel","@id":137,"inputText":"Louis","labelStyle":55,"shape":null,"layoutText":null}],"allPortLabels":[],"mainLabel":137},"pathStyle":125,"paths":[],"properties":{},"reference":null},{"@id":138,"ports":[85,75],"labelManager":{"innerLabels":[{"type":"textLabel","@id":139,"inputText":"Moritz","labelStyle":55,"shape":null,"layoutText":null}],"allPortLabels":[],"mainLabel":139},"pathStyle":125,"paths":[],"properties":{},"reference":null},{"@id":140,"ports":[18,80],"labelManager":{"innerLabels":[{"type":"textLabel","@id":141,"inputText":"Emil","labelStyle":55,"shape":null,"layoutText":null}],"allPortLabels":[],"mainLabel":141},"pathStyle":125,"paths":[],"properties":{},"reference":null}],"edgeBundles":[]}