{"vertices":[{"@id":1,"shape":{"type":"rect","xposition":"NaN","yposition":"NaN","width":"NaN","height":"NaN","shapeStyle":{"@id":2,"description":"default shape style","color":{"argb":"ff000000"}}},"labelManager":{"labels":[{"type":"textLabel","@id":3,"inputText":"Ali","labelStyle":{"@id":4,"description":"default text label style","font":{"fontName":"SansSerif.plain","style":0,"size":10},"noBreak":false,"color":{"argb":"ff000000"},"showLabel":true,"placement":"FREE","horizontalPlacement":"FREE","verticalPlacement":"FREE"},"shape":null,"layoutText":null}],"mainLabel":3},"portCompositions":[{"type":"port","@id":5,"shape":{"type":"rect","xposition":"NaN","yposition":"NaN","width":"NaN","height":"NaN","shapeStyle":2},"labelManager":{"labels":[{"type":"textLabel","@id":6,"inputText":"1","labelStyle":4,"shape":null,"layoutText":null}],"mainLabel":6},"properties":{},"orientationAtVertex":"FREE","reference":null}],"properties":{},"reference":"splice"},{"@id":7,"shape":{"type":"rect","xposition":"NaN","yposition":"NaN","width":"NaN","height":"NaN","shapeStyle":2},"labelManager":{"labels":[{"type":"textLabel","@id":8,"inputText":"Vincent","labelStyle":4,"shape":null,"layoutText":null}],"mainLabel":8},"portCompositions":[{"type":"portGroup","@id":9,"ordered":false,"portCompositions":[{"type":"port","@id":10,"shape":{"type":"rect","xposition":"NaN","yposition":"NaN","width":"NaN","height":"NaN","shapeStyle":2},"labelManager":{"labels":[{"type":"textLabel","@id":11,"inputText":"1","labelStyle":4,"shape":null,"layoutText":null}],"mainLabel":11},"properties":{},"orientationAtVertex":"FREE","reference":null},{"type":"port","@id":12,"shape":{"type":"rect","xposition":"NaN","yposition":"NaN","width":"NaN","height":"NaN","shapeStyle":2},"labelManager":{"labels":[{"type":"textLabel","@id":13,"inputText":"2","labelStyle":4,"shape":null,"layoutText":null}],"mainLabel":13},"properties":{},"orientationAtVertex":"FREE","reference":null}],"properties":{},"reference":null}],"properties":{},"reference":"plug"},{"@id":14,"shape":{"type":"rect","xposition":"NaN","yposition":"NaN","width":"NaN","height":"NaN","shapeStyle":2},"labelManager":{"labels":[{"type":"textLabel","@id":15,"inputText":"Julian","labelStyle":4,"shape":null,"layoutText":null}],"mainLabel":15},"portCompositions":[{"type":"portGroup","@id":16,"ordered":false,"portCompositions":[{"type":"port","@id":17,"shape":{"type":"rect","xposition":"NaN","yposition":"NaN","width":"NaN","height":"NaN","shapeStyle":2},"labelManager":{"labels":[{"type":"textLabel","@id":18,"inputText":"1","labelStyle":4,"shape":null,"layoutText":null}],"mainLabel":18},"properties":{},"orientationAtVertex":"FREE","reference":null},{"type":"port","@id":19,"shape":{"type":"rect","xposition":"NaN","yposition":"NaN","width":"NaN","height":"NaN","shapeStyle":2},"labelManager":{"labels":[{"type":"textLabel","@id":20,"inputText":"2","labelStyle":4,"shape":null,"layoutText":null}],"mainLabel":20},"properties":{},"orientationAtVertex":"FREE","reference":null}],"properties":{},"reference":null}],"properties":{},"reference":"plug"},{"@id":21,"shape":{"type":"rect","xposition":"NaN","yposition":"NaN","width":"NaN","height":"NaN","shapeStyle":2},"labelManager":{"labels":[{"type":"textLabel","@id":22,"inputText":"Alexander","labelStyle":4,"shape":null,"layoutText":null}],"mainLabel":22},"portCompositions":[{"type":"port","@id":23,"shape":{"type":"rect","xposition":"NaN","yposition":"NaN","width":"NaN","height":"NaN","shapeStyle":2},"labelManager":{"labels":[{"type":"textLabel","@id":24,"inputText":"1","labelStyle":4,"shape":null,"layoutText":null}],"mainLabel":24},"properties":{},"orientationAtVertex":"FREE","reference":null}],"properties":{},"reference":"splice"},{"@id":25,"shape":{"type":"rect","xposition":"NaN","yposition":"NaN","width":"NaN","height":"NaN","shapeStyle":2},"labelManager":{"labels":[{"type":"textLabel","@id":26,"inputText":"Anton","labelStyle":4,"shape":null,"layoutText":null}],"mainLabel":26},"portCompositions":[{"type":"portGroup","@id":27,"ordered":false,"portCompositions":[],"properties":{},"reference":null},{"type":"portGroup","@id":28,"ordered":false,"portCompositions":[{"type":"port","@id":29,"shape":{"type":"rect","xposition":"NaN","yposition":"NaN","width":"NaN","height":"NaN","shapeStyle":2},"labelManager":{"labels":[{"type":"textLabel","@id":30,"inputText":"1","labelStyle":4,"shape":null,"layoutText":null}],"mainLabel":30},"properties":{},"orientationAtVertex":"FREE","reference":null},{"type":"port","@id":31,"shape":{"type":"rect","xposition":"NaN","yposition":"NaN","width":"NaN","height":"NaN","shapeStyle":{"@id":32,"description":"default shape style","color":{"argb":"ff000000"}}},"labelManager":{"labels":[{"type":"textLabel","@id":33,"inputText":"3","labelStyle":{"@id":34,"description":"default text label style","font":{"fontName":"SansSerif.plain","style":0,"size":10},"noBreak":false,"color":{"argb":"ff000000"},"showLabel":true,"placement":"FREE","horizontalPlacement":"FREE","verticalPlacement":"FREE"},"shape":null,"layoutText":null}],"mainLabel":33},"properties":{},"orientationAtVertex":"FREE","reference":null},{"type":"port","@id":35,"shape":{"type":"rect","xposition":"NaN","yposition":"NaN","width":"NaN","height":"NaN","shapeStyle":32},"labelManager":{"labels":[{"type":"textLabel","@id":36,"inputText":"2","labelStyle":34,"shape":null,"layoutText":null}],"mainLabel":36},"properties":{},"orientationAtVertex":"FREE","reference":null}],"properties":{},"reference":null}],"properties":{},"reference":"device"},{"@id":37,"shape":{"type":"rect","xposition":"NaN","yposition":"NaN","width":"NaN","height":"NaN","shapeStyle":2},"labelManager":{"labels":[{"type":"textLabel","@id":38,"inputText":"Simon","labelStyle":4,"shape":null,"layoutText":null}],"mainLabel":38},"portCompositions":[{"type":"portGroup","@id":39,"ordered":false,"portCompositions":[{"type":"port","@id":40,"shape":{"type":"rect","xposition":"NaN","yposition":"NaN","width":"NaN","height":"NaN","shapeStyle":2},"labelManager":{"labels":[{"type":"textLabel","@id":41,"inputText":"1","labelStyle":4,"shape":null,"layoutText":null}],"mainLabel":41},"properties":{},"orientationAtVertex":"FREE","reference":null},{"type":"port","@id":42,"shape":{"type":"rect","xposition":"NaN","yposition":"NaN","width":"NaN","height":"NaN","shapeStyle":32},"labelManager":{"labels":[{"type":"textLabel","@id":43,"inputText":"3","labelStyle":34,"shape":null,"layoutText":null}],"mainLabel":43},"properties":{},"orientationAtVertex":"FREE","reference":null},{"type":"port","@id":44,"shape":{"type":"rect","xposition":"NaN","yposition":"NaN","width":"NaN","height":"NaN","shapeStyle":32},"labelManager":{"labels":[{"type":"textLabel","@id":45,"inputText":"2","labelStyle":34,"shape":null,"layoutText":null}],"mainLabel":45},"properties":{},"orientationAtVertex":"FREE","reference":null}],"properties":{},"reference":null}],"properties":{},"reference":"plug"},{"@id":46,"shape":{"type":"rect","xposition":"NaN","yposition":"NaN","width":"NaN","height":"NaN","shapeStyle":2},"labelManager":{"labels":[{"type":"textLabel","@id":47,"inputText":"Felix","labelStyle":4,"shape":null,"layoutText":null}],"mainLabel":47},"portCompositions":[{"type":"port","@id":48,"shape":{"type":"rect","xposition":"NaN","yposition":"NaN","width":"NaN","height":"NaN","shapeStyle":2},"labelManager":{"labels":[{"type":"textLabel","@id":49,"inputText":"1","labelStyle":4,"shape":null,"layoutText":null}],"mainLabel":49},"properties":{},"orientationAtVertex":"FREE","reference":null}],"properties":{},"reference":"splice"},{"@id":50,"shape":{"type":"rect","xposition":"NaN","yposition":"NaN","width":"NaN","height":"NaN","shapeStyle":2},"labelManager":{"labels":[{"type":"textLabel","@id":51,"inputText":"Gabriel","labelStyle":4,"shape":null,"layoutText":null}],"mainLabel":51},"portCompositions":[{"type":"portGroup","@id":52,"ordered":false,"portCompositions":[{"type":"port","@id":53,"shape":{"type":"rect","xposition":"NaN","yposition":"NaN","width":"NaN","height":"NaN","shapeStyle":2},"labelManager":{"labels":[{"type":"textLabel","@id":54,"inputText":"1","labelStyle":4,"shape":null,"layoutText":null}],"mainLabel":54},"properties":{},"orientationAtVertex":"FREE","reference":null}],"properties":{},"reference":null}],"properties":{},"reference":"plug"},{"@id":55,"shape":{"type":"rect","xposition":"NaN","yposition":"NaN","width":"NaN","height":"NaN","shapeStyle":2},"labelManager":{"labels":[{"type":"textLabel","@id":56,"inputText":"Leon","labelStyle":4,"shape":null,"layoutText":null}],"mainLabel":56},"portCompositions":[{"type":"portGroup","@id":57,"ordered":false,"portCompositions":[{"type":"port","@id":58,"shape":{"type":"rect","xposition":"NaN","yposition":"NaN","width":"NaN","height":"NaN","shapeStyle":2},"labelManager":{"labels":[{"type":"textLabel","@id":59,"inputText":"1","labelStyle":4,"shape":null,"layoutText":null}],"mainLabel":59},"properties":{},"orientationAtVertex":"FREE","reference":null}],"properties":{},"reference":null}],"properties":{},"reference":"plug"},{"@id":60,"shape":{"type":"rect","xposition":"NaN","yposition":"NaN","width":"NaN","height":"NaN","shapeStyle":2},"labelManager":{"labels":[{"type":"textLabel","@id":61,"inputText":"Emil","labelStyle":4,"shape":null,"layoutText":null}],"mainLabel":61},"portCompositions":[{"type":"portGroup","@id":62,"ordered":false,"portCompositions":[{"type":"port","@id":63,"shape":{"type":"rect","xposition":"NaN","yposition":"NaN","width":"NaN","height":"NaN","shapeStyle":2},"labelManager":{"labels":[{"type":"textLabel","@id":64,"inputText":"4","labelStyle":4,"shape":null,"layoutText":null}],"mainLabel":64},"properties":{},"orientationAtVertex":"FREE","reference":null},{"type":"port","@id":65,"shape":{"type":"rect","xposition":"NaN","yposition":"NaN","width":"NaN","height":"NaN","shapeStyle":2},"labelManager":{"labels":[{"type":"textLabel","@id":66,"inputText":"2","labelStyle":4,"shape":null,"layoutText":null}],"mainLabel":66},"properties":{},"orientationAtVertex":"FREE","reference":null},{"type":"port","@id":67,"shape":{"type":"rect","xposition":"NaN","yposition":"NaN","width":"NaN","height":"NaN","shapeStyle":2},"labelManager":{"labels":[{"type":"textLabel","@id":68,"inputText":"3","labelStyle":4,"shape":null,"layoutText":null}],"mainLabel":68},"properties":{},"orientationAtVertex":"FREE","reference":null},{"type":"port","@id":69,"shape":{"type":"rect","xposition":"NaN","yposition":"NaN","width":"NaN","height":"NaN","shapeStyle":32},"labelManager":{"labels":[{"type":"textLabel","@id":70,"inputText":"1","labelStyle":34,"shape":null,"layoutText":null}],"mainLabel":70},"properties":{},"orientationAtVertex":"FREE","reference":null}],"properties":{},"reference":null}],"properties":{},"reference":"device"},{"@id":71,"shape":{"type":"rect","xposition":"NaN","yposition":"NaN","width":"NaN","height":"NaN","shapeStyle":2},"labelManager":{"labels":[{"type":"textLabel","@id":72,"inputText":"Joel","labelStyle":4,"shape":null,"layoutText":null}],"mainLabel":72},"portCompositions":[{"type":"portGroup","@id":73,"ordered":false,"portCompositions":[{"type":"port","@id":74,"shape":{"type":"rect","xposition":"NaN","yposition":"NaN","width":"NaN","height":"NaN","shapeStyle":2},"labelManager":{"labels":[{"type":"textLabel","@id":75,"inputText":"4","labelStyle":4,"shape":null,"layoutText":null}],"mainLabel":75},"properties":{},"orientationAtVertex":"FREE","reference":null},{"type":"port","@id":76,"shape":{"type":"rect","xposition":"NaN","yposition":"NaN","width":"NaN","height":"NaN","shapeStyle":2},"labelManager":{"labels":[{"type":"textLabel","@id":77,"inputText":"2","labelStyle":4,"shape":null,"layoutText":null}],"mainLabel":77},"properties":{},"orientationAtVertex":"FREE","reference":null},{"type":"port","@id":78,"shape":{"type":"rect","xposition":"NaN","yposition":"NaN","width":"NaN","height":"NaN","shapeStyle":2},"labelManager":{"labels":[{"type":"textLabel","@id":79,"inputText":"3","labelStyle":4,"shape":null,"layoutText":null}],"mainLabel":79},"properties":{},"orientationAtVertex":"FREE","reference":null},{"type":"port","@id":80,"shape":{"type":"rect","xposition":"NaN","yposition":"NaN","width":"NaN","height":"NaN","shapeStyle":32},"labelManager":{"labels":[{"type":"textLabel","@id":81,"inputText":"1","labelStyle":34,"shape":null,"layoutText":null}],"mainLabel":81},"properties":{},"orientationAtVertex":"FREE","reference":null}],"properties":{},"reference":null}],"properties":{},"reference":"plug"},{"@id":82,"shape":{"type":"rect","xposition":"NaN","yposition":"NaN","width":"NaN","height":"NaN","shapeStyle":2},"labelManager":{"labels":[{"type":"textLabel","@id":83,"inputText":"Philipp","labelStyle":4,"shape":null,"layoutText":null}],"mainLabel":83},"portCompositions":[{"type":"port","@id":84,"shape":{"type":"rect","xposition":"NaN","yposition":"NaN","width":"NaN","height":"NaN","shapeStyle":2},"labelManager":{"labels":[{"type":"textLabel","@id":85,"inputText":"1","labelStyle":4,"shape":null,"layoutText":null}],"mainLabel":85},"properties":{},"orientationAtVertex":"FREE","reference":null}],"properties":{},"reference":"splice"},{"@id":86,"shape":{"type":"rect","xposition":"NaN","yposition":"NaN","width":"NaN","height":"NaN","shapeStyle":2},"labelManager":{"labels":[{"type":"textLabel","@id":87,"inputText":"Leo","labelStyle":4,"shape":null,"layoutText":null}],"mainLabel":87},"portCompositions":[{"type":"portGroup","@id":88,"ordered":false,"portCompositions":[{"type":"port","@id":89,"shape":{"type":"rect","xposition":"NaN","yposition":"NaN","width":"NaN","height":"NaN","shapeStyle":2},"labelManager":{"labels":[{"type":"textLabel","@id":90,"inputText":"3","labelStyle":4,"shape":null,"layoutText":null}],"mainLabel":90},"properties":{},"orientationAtVertex":"FREE","reference":null},{"type":"port","@id":91,"shape":{"type":"rect","xposition":"NaN","yposition":"NaN","width":"NaN","height":"NaN","shapeStyle":2},"labelManager":{"labels":[{"type":"textLabel","@id":92,"inputText":"1","labelStyle":4,"shape":null,"layoutText":null}],"mainLabel":92},"properties":{},"orientationAtVertex":"FREE","reference":null},{"type":"port","@id":93,"shape":{"type":"rect","xposition":"NaN","yposition":"NaN","width":"NaN","height":"NaN","shapeStyle":2},"labelManager":{"labels":[{"type":"textLabel","@id":94,"inputText":"2","labelStyle":4,"shape":null,"layoutText":null}],"mainLabel":94},"properties":{},"orientationAtVertex":"FREE","reference":null}],"properties":{},"reference":null}],"properties":{},"reference":"plug"},{"@id":95,"shape":{"type":"rect","xposition":"NaN","yposition":"NaN","width":"NaN","height":"NaN","shapeStyle":2},"labelManager":{"labels":[{"type":"textLabel","@id":96,"inputText":"Max","labelStyle":4,"shape":null,"layoutText":null}],"mainLabel":96},"portCompositions":[{"type":"portGroup","@id":97,"ordered":false,"portCompositions":[{"type":"port","@id":98,"shape":{"type":"rect","xposition":"NaN","yposition":"NaN","width":"NaN","height":"NaN","shapeStyle":2},"labelManager":{"labels":[{"type":"textLabel","@id":99,"inputText":"3","labelStyle":4,"shape":null,"layoutText":null}],"mainLabel":99},"properties":{},"orientationAtVertex":"FREE","reference":null},{"type":"port","@id":100,"shape":{"type":"rect","xposition":"NaN","yposition":"NaN","width":"NaN","height":"NaN","shapeStyle":2},"labelManager":{"labels":[{"type":"textLabel","@id":101,"inputText":"1","labelStyle":4,"shape":null,"layoutText":null}],"mainLabel":101},"properties":{},"orientationAtVertex":"FREE","reference":null},{"type":"port","@id":102,"shape":{"type":"rect","xposition":"NaN","yposition":"NaN","width":"NaN","height":"NaN","shapeStyle":2},"labelManager":{"labels":[{"type":"textLabel","@id":103,"inputText":"2","labelStyle":4,"shape":null,"layoutText":null}],"mainLabel":103},"properties":{},"orientationAtVertex":"FREE","reference":null}],"properties":{},"reference":null}],"properties":{},"reference":"plug"},{"@id":104,"shape":{"type":"rect","xposition":"NaN","yposition":"NaN","width":"NaN","height":"NaN","shapeStyle":2},"labelManager":{"labels":[{"type":"textLabel","@id":105,"inputText":"Karl","labelStyle":4,"shape":null,"layoutText":null}],"mainLabel":105},"portCompositions":[{"type":"portGroup","@id":106,"ordered":false,"portCompositions":[{"type":"port","@id":107,"shape":{"type":"rect","xposition":"NaN","yposition":"NaN","width":"NaN","height":"NaN","shapeStyle":2},"labelManager":{"labels":[{"type":"textLabel","@id":108,"inputText":"3","labelStyle":4,"shape":null,"layoutText":null}],"mainLabel":108},"properties":{},"orientationAtVertex":"FREE","reference":null},{"type":"port","@id":109,"shape":{"type":"rect","xposition":"NaN","yposition":"NaN","width":"NaN","height":"NaN","shapeStyle":32},"labelManager":{"labels":[{"type":"textLabel","@id":110,"inputText":"2","labelStyle":34,"shape":null,"layoutText":null}],"mainLabel":110},"properties":{},"orientationAtVertex":"FREE","reference":null},{"type":"port","@id":111,"shape":{"type":"rect","xposition":"NaN","yposition":"NaN","width":"NaN","height":"NaN","shapeStyle":32},"labelManager":{"labels":[{"type":"textLabel","@id":112,"inputText":"1","labelStyle":34,"shape":null,"layoutText":null}],"mainLabel":112},"properties":{},"orientationAtVertex":"FREE","reference":null}],"properties":{},"reference":null}],"properties":{},"reference":"device"},{"@id":113,"shape":{"type":"rect","xposition":"NaN","yposition":"NaN","width":"NaN","height":"NaN","shapeStyle":2},"labelManager":{"labels":[{"type":"textLabel","@id":114,"inputText":"Jakob","labelStyle":4,"shape":null,"layoutText":null}],"mainLabel":114},"portCompositions":[{"type":"portGroup","@id":115,"ordered":false,"portCompositions":[{"type":"port","@id":116,"shape":{"type":"rect","xposition":"NaN","yposition":"NaN","width":"NaN","height":"NaN","shapeStyle":2},"labelManager":{"labels":[{"type":"textLabel","@id":117,"inputText":"3","labelStyle":4,"shape":null,"layoutText":null}],"mainLabel":117},"properties":{},"orientationAtVertex":"FREE","reference":null},{"type":"port","@id":118,"shape":{"type":"rect","xposition":"NaN","yposition":"NaN","width":"NaN","height":"NaN","shapeStyle":32},"labelManager":{"labels":[{"type":"textLabel","@id":119,"inputText":"2","labelStyle":34,"shape":null,"layoutText":null}],"mainLabel":119},"properties":{},"orientationAtVertex":"FREE","reference":null},{"type":"port","@id":120,"shape":{"type":"rect","xposition":"NaN","yposition":"NaN","width":"NaN","height":"NaN","shapeStyle":32},"labelManager":{"labels":[{"type":"textLabel","@id":121,"inputText":"1","labelStyle":34,"shape":null,"layoutText":null}],"mainLabel":121},"properties":{},"orientationAtVertex":"FREE","reference":null}],"properties":{},"reference":null}],"properties":{},"reference":"plug"},{"@id":122,"shape":{"type":"rect","xposition":"NaN","yposition":"NaN","width":"NaN","height":"NaN","shapeStyle":2},"labelManager":{"labels":[{"type":"textLabel","@id":123,"inputText":"Jonas","labelStyle":4,"shape":null,"layoutText":null}],"mainLabel":123},"portCompositions":[{"type":"portGroup","@id":124,"ordered":false,"portCompositions":[{"type":"port","@id":125,"shape":{"type":"rect","xposition":"NaN","yposition":"NaN","width":"NaN","height":"NaN","shapeStyle":2},"labelManager":{"labels":[{"type":"textLabel","@id":126,"inputText":"2","labelStyle":4,"shape":null,"layoutText":null}],"mainLabel":126},"properties":{},"orientationAtVertex":"FREE","reference":null},{"type":"port","@id":127,"shape":{"type":"rect","xposition":"NaN","yposition":"NaN","width":"NaN","height":"NaN","shapeStyle":2},"labelManager":{"labels":[{"type":"textLabel","@id":128,"inputText":"4","labelStyle":4,"shape":null,"layoutText":null}],"mainLabel":128},"properties":{},"orientationAtVertex":"FREE","reference":null},{"type":"port","@id":129,"shape":{"type":"rect","xposition":"NaN","yposition":"NaN","width":"NaN","height":"NaN","shapeStyle":2},"labelManager":{"labels":[{"type":"textLabel","@id":130,"inputText":"5","labelStyle":4,"shape":null,"layoutText":null}],"mainLabel":130},"properties":{},"orientationAtVertex":"FREE","reference":null},{"type":"port","@id":131,"shape":{"type":"rect","xposition":"NaN","yposition":"NaN","width":"NaN","height":"NaN","shapeStyle":2},"labelManager":{"labels":[{"type":"textLabel","@id":132,"inputText":"3","labelStyle":4,"shape":null,"layoutText":null}],"mainLabel":132},"properties":{},"orientationAtVertex":"FREE","reference":null},{"type":"port","@id":133,"shape":{"type":"rect","xposition":"NaN","yposition":"NaN","width":"NaN","height":"NaN","shapeStyle":2},"labelManager":{"labels":[{"type":"textLabel","@id":134,"inputText":"6","labelStyle":4,"shape":null,"layoutText":null}],"mainLabel":134},"properties":{},"orientationAtVertex":"FREE","reference":null},{"type":"port","@id":135,"shape":{"type":"rect","xposition":"NaN","yposition":"NaN","width":"NaN","height":"NaN","shapeStyle":32},"labelManager":{"labels":[{"type":"textLabel","@id":136,"inputText":"1","labelStyle":34,"shape":null,"layoutText":null}],"mainLabel":136},"properties":{},"orientationAtVertex":"FREE","reference":null}],"properties":{},"reference":null}],"properties":{},"reference":"device"},{"@id":137,"shape":{"type":"rect","xposition":"NaN","yposition":"NaN","width":"NaN","height":"NaN","shapeStyle":2},"labelManager":{"labels":[{"type":"textLabel","@id":138,"inputText":"Louis","labelStyle":4,"shape":null,"layoutText":null}],"mainLabel":138},"portCompositions":[{"type":"portGroup","@id":139,"ordered":false,"portCompositions":[{"type":"port","@id":140,"shape":{"type":"rect","xposition":"NaN","yposition":"NaN","width":"NaN","height":"NaN","shapeStyle":2},"labelManager":{"labels":[{"type":"textLabel","@id":141,"inputText":"2","labelStyle":4,"shape":null,"layoutText":null}],"mainLabel":141},"properties":{},"orientationAtVertex":"FREE","reference":null},{"type":"port","@id":142,"shape":{"type":"rect","xposition":"NaN","yposition":"NaN","width":"NaN","height":"NaN","shapeStyle":2},"labelManager":{"labels":[{"type":"textLabel","@id":143,"inputText":"4","labelStyle":4,"shape":null,"layoutText":null}],"mainLabel":143},"properties":{},"orientationAtVertex":"FREE","reference":null},{"type":"port","@id":144,"shape":{"type":"rect","xposition":"NaN","yposition":"NaN","width":"NaN","height":"NaN","shapeStyle":2},"labelManager":{"labels":[{"type":"textLabel","@id":145,"inputText":"5","labelStyle":4,"shape":null,"layoutText":null}],"mainLabel":145},"properties":{},"orientationAtVertex":"FREE","reference":null},{"type":"port","@id":146,"shape":{"type":"rect","xposition":"NaN","yposition":"NaN","width":"NaN","height":"NaN","shapeStyle":2},"labelManager":{"labels":[{"type":"textLabel","@id":147,"inputText":"3","labelStyle":4,"shape":null,"layoutText":null}],"mainLabel":147},"properties":{},"orientationAtVertex":"FREE","reference":null},{"type":"port","@id":148,"shape":{"type":"rect","xposition":"NaN","yposition":"NaN","width":"NaN","height":"NaN","shapeStyle":2},"labelManager":{"labels":[{"type":"textLabel","@id":149,"inputText":"6","labelStyle":4,"shape":null,"layoutText":null}],"mainLabel":149},"properties":{},"orientationAtVertex":"FREE","reference":null},{"type":"port","@id":150,"shape":{"type":"rect","xposition":"NaN","yposition":"NaN","width":"NaN","height":"NaN","shapeStyle":32},"labelManager":{"labels":[{"type":"textLabel","@id":151,"inputText":"1","labelStyle":34,"shape":null,"layoutText":null}],"mainLabel":151},"properties":{},"orientationAtVertex":"FREE","reference":null}],"properties":{},"reference":null}],"properties":{},"reference":"plug"},{"@id":152,"shape":{"type":"rect","xposition":"NaN","yposition":"NaN","width":"NaN","height":"NaN","shapeStyle":2},"labelManager":{"labels":[{"type":"textLabel","@id":153,"inputText":"Julius","labelStyle":4,"shape":null,"layoutText":null}],"mainLabel":153},"portCompositions":[{"type":"port","@id":154,"shape":{"type":"rect","xposition":"NaN","yposition":"NaN","width":"NaN","height":"NaN","shapeStyle":2},"labelManager":{"labels":[{"type":"textLabel","@id":155,"inputText":"1","labelStyle":4,"shape":null,"layoutText":null}],"mainLabel":155},"properties":{},"orientationAtVertex":"FREE","reference":null}],"properties":{},"reference":"splice"},{"@id":156,"shape":{"type":"rect","xposition":"NaN","yposition":"NaN","width":"NaN","height":"NaN","shapeStyle":2},"labelManager":{"labels":[{"type":"textLabel","@id":157,"inputText":"David","labelStyle":4,"shape":null,"layoutText":null}],"mainLabel":157},"portCompositions":[{"type":"port","@id":158,"shape":{"type":"rect","xposition":"NaN","yposition":"NaN","width":"NaN","height":"NaN","shapeStyle":2},"labelManager":{"labels":[{"type":"textLabel","@id":159,"inputText":"1","labelStyle":4,"shape":null,"layoutText":null}],"mainLabel":159},"properties":{},"orientationAtVertex":"FREE","reference":null}],"properties":{},"reference":"splice"},{"@id":160,"shape":{"type":"rect","xposition":"NaN","yposition":"NaN","width":"NaN","height":"NaN","shapeStyle":2},"labelManager":{"labels":[{"type":"textLabel","@id":161,"inputText":"Luca","labelStyle":4,"shape":null,"layoutText":null}],"mainLabel":161},"portCompositions":[{"type":"port","@id":162,"shape":{"type":"rect","xposition":"NaN","yposition":"NaN","width":"NaN","height":"NaN","shapeStyle":2},"labelManager":{"labels":[{"type":"textLabel","@id":163,"inputText":"1","labelStyle":4,"shape":null,"layoutText":null}],"mainLabel":163},"properties":{},"orientationAtVertex":"FREE","reference":null}],"properties":{},"reference":"splice"},{"@id":164,"shape":{"type":"rect","xposition":"NaN","yposition":"NaN","width":"NaN","height":"NaN","shapeStyle":2},"labelManager":{"labels":[{"type":"textLabel","@id":165,"inputText":"Henri","labelStyle":4,"shape":null,"layoutText":null}],"mainLabel":165},"portCompositions":[{"type":"portGroup","@id":166,"ordered":false,"portCompositions":[{"type":"port","@id":167,"shape":{"type":"rect","xposition":"NaN","yposition":"NaN","width":"NaN","height":"NaN","shapeStyle":2},"labelManager":{"labels":[{"type":"textLabel","@id":168,"inputText":"1","labelStyle":4,"shape":null,"layoutText":null}],"mainLabel":168},"properties":{},"orientationAtVertex":"FREE","reference":null},{"type":"port","@id":169,"shape":{"type":"rect","xposition":"NaN","yposition":"NaN","width":"NaN","height":"NaN","shapeStyle":2},"labelManager":{"labels":[{"type":"textLabel","@id":170,"inputText":"2","labelStyle":4,"shape":null,"layoutText":null}],"mainLabel":170},"properties":{},"orientationAtVertex":"FREE","reference":null}],"properties":{},"reference":null}],"properties":{},"reference":"plug"},{"@id":171,"shape":{"type":"rect","xposition":"NaN","yposition":"NaN","width":"NaN","height":"NaN","shapeStyle":2},"labelManager":{"labels":[{"type":"textLabel","@id":172,"inputText":"Paul","labelStyle":4,"shape":null,"layoutText":null}],"mainLabel":172},"portCompositions":[{"type":"portGroup","@id":173,"ordered":false,"portCompositions":[{"type":"port","@id":174,"shape":{"type":"rect","xposition":"NaN","yposition":"NaN","width":"NaN","height":"NaN","shapeStyle":2},"labelManager":{"labels":[{"type":"textLabel","@id":175,"inputText":"1","labelStyle":4,"shape":null,"layoutText":null}],"mainLabel":175},"properties":{},"orientationAtVertex":"FREE","reference":null},{"type":"port","@id":176,"shape":{"type":"rect","xposition":"NaN","yposition":"NaN","width":"NaN","height":"NaN","shapeStyle":2},"labelManager":{"labels":[{"type":"textLabel","@id":177,"inputText":"2","labelStyle":4,"shape":null,"layoutText":null}],"mainLabel":177},"properties":{},"orientationAtVertex":"FREE","reference":null}],"properties":{},"reference":null}],"properties":{},"reference":"plug"},{"@id":178,"shape":{"type":"rect","xposition":"NaN","yposition":"NaN","width":"NaN","height":"NaN","shapeStyle":2},"labelManager":{"labels":[{"type":"textLabel","@id":179,"inputText":"Ben","labelStyle":4,"shape":null,"layoutText":null}],"mainLabel":179},"portCompositions":[{"type":"portGroup","@id":180,"ordered":false,"portCompositions":[{"type":"port","@id":181,"shape":{"type":"rect","xposition":"NaN","yposition":"NaN","width":"NaN","height":"NaN","shapeStyle":2},"labelManager":{"labels":[{"type":"textLabel","@id":182,"inputText":"6","labelStyle":4,"shape":null,"layoutText":null}],"mainLabel":182},"properties":{},"orientationAtVertex":"FREE","reference":null},{"type":"port","@id":183,"shape":{"type":"rect","xposition":"NaN","yposition":"NaN","width":"NaN","height":"NaN","shapeStyle":2},"labelManager":{"labels":[{"type":"textLabel","@id":184,"inputText":"3","labelStyle":4,"shape":null,"layoutText":null}],"mainLabel":184},"properties":{},"orientationAtVertex":"FREE","reference":null},{"type":"port","@id":185,"shape":{"type":"rect","xposition":"NaN","yposition":"NaN","width":"NaN","height":"NaN","shapeStyle":2},"labelManager":{"labels":[{"type":"textLabel","@id":186,"inputText":"4","labelStyle":4,"shape":null,"layoutText":null}],"mainLabel":186},"properties":{},"orientationAtVertex":"FREE","reference":null},{"type":"port","@id":187,"shape":{"type":"rect","xposition":"NaN","yposition":"NaN","width":"NaN","height":"NaN","shapeStyle":2},"labelManager":{"labels":[{"type":"textLabel","@id":188,"inputText":"1","labelStyle":4,"shape":null,"layoutText":null}],"mainLabel":188},"properties":{},"orientationAtVertex":"FREE","reference":null},{"type":"port","@id":189,"shape":{"type":"rect","xposition":"NaN","yposition":"NaN","width":"NaN","height":"NaN","shapeStyle":2},"labelManager":{"labels":[{"type":"textLabel","@id":190,"inputText":"5","labelStyle":4,"shape":null,"layoutText":null}],"mainLabel":190},"properties":{},"orientationAtVertex":"FREE","reference":null},{"type":"port","@id":191,"shape":{"type":"rect","xposition":"NaN","yposition":"NaN","width":"NaN","height":"NaN","shapeStyle":2},"labelManager":{"labels":[{"type":"textLabel","@id":192,"inputText":"2","labelStyle":4,"shape":null,"layoutText":null}],"mainLabel":192},"properties":{},"orientationAtVertex":"FREE","reference":null}],"properties":{},"reference":null}],"properties":{},"reference":"plug"},{"@id":193,"shape":{"type":"rect","xposition":"NaN","yposition":"NaN","width":"NaN","height":"NaN","shapeStyle":2},"labelManager":{"labels":[{"type":"textLabel","@id":194,"inputText":"Moritz","labelStyle":4,"shape":null,"layoutText":null}],"mainLabel":194},"portCompositions":[{"type":"portGroup","@id":195,"ordered":false,"portCompositions":[{"type":"port","@id":196,"shape":{"type":"rect","xposition":"NaN","yposition":"NaN","width":"NaN","height":"NaN","shapeStyle":2},"labelManager":{"labels":[{"type":"textLabel","@id":197,"inputText":"6","labelStyle":4,"shape":null,"layoutText":null}],"mainLabel":197},"properties":{},"orientationAtVertex":"FREE","reference":null},{"type":"port","@id":198,"shape":{"type":"rect","xposition":"NaN","yposition":"NaN","width":"NaN","height":"NaN","shapeStyle":2},"labelManager":{"labels":[{"type":"textLabel","@id":199,"inputText":"3","labelStyle":4,"shape":null,"layoutText":null}],"mainLabel":199},"properties":{},"orientationAtVertex":"FREE","reference":null},{"type":"port","@id":200,"shape":{"type":"rect","xposition":"NaN","yposition":"NaN","width":"NaN","height":"NaN","shapeStyle":2},"labelManager":{"labels":[{"type":"textLabel","@id":201,"inputText":"4","labelStyle":4,"shape":null,"layoutText":null}],"mainLabel":201},"properties":{},"orientationAtVertex":"FREE","reference":null},{"type":"port","@id":202,"shape":{"type":"rect","xposition":"NaN","yposition":"NaN","width":"NaN","height":"NaN","shapeStyle":2},"labelManager":{"labels":[{"type":"textLabel","@id":203,"inputText":"1","labelStyle":4,"shape":null,"layoutText":null}],"mainLabel":203},"properties":{},"orientationAtVertex":"FREE","reference":null},{"type":"port","@id":204,"shape":{"type":"rect","xposition":"NaN","yposition":"NaN","width":"NaN","height":"NaN","shapeStyle":2},"labelManager":{"labels":[{"type":"textLabel","@id":205,"inputText":"5","labelStyle":4,"shape":null,"layoutText":null}],"mainLabel":205},"properties":{},"orientationAtVertex":"FREE","reference":null},{"type":"port","@id":206,"shape":{"type":"rect","xposition":"NaN","yposition":"NaN","width":"NaN","height":"NaN","shapeStyle":2},"labelManager":{"labels":[{"type":"textLabel","@id":207,"inputText":"2","labelStyle":4,"shape":null,"layoutText":null}],"mainLabel":207},"properties":{},"orientationAtVertex":"FREE","reference":null}],"properties":{},"reference":null}],"properties":{},"reference":"plug"},{"@id":208,"shape":{"type":"rect","xposition":"NaN","yposition":"NaN","width":"NaN","height":"NaN","shapeStyle":2},"labelManager":{"labels":[{"type":"textLabel","@id":209,"inputText":"Tom","labelStyle":4,"shape":null,"layoutText":null}],"mainLabel":209},"portCompositions":[{"type":"port","@id":210,"shape":{"type":"rect","xposition":"NaN","yposition":"NaN","width":"NaN","height":"NaN","shapeStyle":2},"labelManager":{"labels":[{"type":"textLabel","@id":211,"inputText":"1","labelStyle":4,"shape":null,"layoutText":null}],"mainLabel":211},"properties":{},"orientationAtVertex":"FREE","reference":null}],"properties":{},"reference":"splice"},{"@id":212,"shape":{"type":"rect","xposition":"NaN","yposition":"NaN","width":"NaN","height":"NaN","shapeStyle":2},"labelManager":{"labels":[{"type":"textLabel","@id":213,"inputText":"Luis","labelStyle":4,"shape":null,"layoutText":null}],"mainLabel":213},"portCompositions":[{"type":"portGroup","@id":214,"ordered":false,"portCompositions":[{"type":"port","@id":215,"shape":{"type":"rect","xposition":"NaN","yposition":"NaN","width":"NaN","height":"NaN","shapeStyle":2},"labelManager":{"labels":[{"type":"textLabel","@id":216,"inputText":"1","labelStyle":4,"shape":null,"layoutText":null}],"mainLabel":216},"properties":{},"orientationAtVertex":"FREE","reference":null},{"type":"port","@id":217,"shape":{"type":"rect","xposition":"NaN","yposition":"NaN","width":"NaN","height":"NaN","shapeStyle":2},"labelManager":{"labels":[{"type":"textLabel","@id":218,"inputText":"2","labelStyle":4,"shape":null,"layoutText":null}],"mainLabel":218},"properties":{},"orientationAtVertex":"FREE","reference":null}],"properties":{},"reference":null}],"properties":{},"reference":"plug"},{"@id":219,"shape":{"type":"rect","xposition":"NaN","yposition":"NaN","width":"NaN","height":"NaN","shapeStyle":2},"labelManager":{"labels":[{"type":"textLabel","@id":220,"inputText":"Maximilian","labelStyle":4,"shape":null,"layoutText":null}],"mainLabel":220},"portCompositions":[{"type":"portGroup","@id":221,"ordered":false,"portCompositions":[{"type":"port","@id":222,"shape":{"type":"rect","xposition":"NaN","yposition":"NaN","width":"NaN","height":"NaN","shapeStyle":2},"labelManager":{"labels":[{"type":"textLabel","@id":223,"inputText":"1","labelStyle":4,"shape":null,"layoutText":null}],"mainLabel":223},"properties":{},"orientationAtVertex":"FREE","reference":null},{"type":"port","@id":224,"shape":{"type":"rect","xposition":"NaN","yposition":"NaN","width":"NaN","height":"NaN","shapeStyle":2},"labelManager":{"labels":[{"type":"textLabel","@id":225,"inputText":"2","labelStyle":4,"shape":null,"layoutText":null}],"mainLabel":225},"properties":{},"orientationAtVertex":"FREE","reference":null}],"properties":{},"reference":null}],"properties":{},"reference":"plug"},{"@id":226,"shape":{"type":"rect","xposition":"NaN","yposition":"NaN","width":"NaN","height":"NaN","shapeStyle":2},"labelManager":{"labels":[{"type":"textLabel","@id":227,"inputText":"Peter","labelStyle":4,"shape":null,"layoutText":null}],"mainLabel":227},"portCompositions":[{"type":"port","@id":228,"shape":{"type":"rect","xposition":"NaN","yposition":"NaN","width":"NaN","height":"NaN","shapeStyle":2},"labelManager":{"labels":[{"type":"textLabel","@id":229,"inputText":"1","labelStyle":4,"shape":null,"layoutText":null}],"mainLabel":229},"properties":{},"orientationAtVertex":"FREE","reference":null}],"properties":{},"reference":"splice"},{"@id":230,"shape":{"type":"rect","xposition":"NaN","yposition":"NaN","width":"NaN","height":"NaN","shapeStyle":2},"labelManager":{"labels":[{"type":"textLabel","@id":231,"inputText":"Mats","labelStyle":4,"shape":null,"layoutText":null}],"mainLabel":231},"portCompositions":[{"type":"port","@id":232,"shape":{"type":"rect","xposition":"NaN","yposition":"NaN","width":"NaN","height":"NaN","shapeStyle":2},"labelManager":{"labels":[{"type":"textLabel","@id":233,"inputText":"1","labelStyle":4,"shape":null,"layoutText":null}],"mainLabel":233},"properties":{},"orientationAtVertex":"FREE","reference":null}],"properties":{},"reference":"splice"},{"@id":234,"shape":{"type":"rect","xposition":"NaN","yposition":"NaN","width":"NaN","height":"NaN","shapeStyle":2},"labelManager":{"labels":[{"type":"textLabel","@id":235,"inputText":"Christian","labelStyle":4,"shape":null,"layoutText":null}],"mainLabel":235},"portCompositions":[{"type":"port","@id":236,"shape":{"type":"rect","xposition":"NaN","yposition":"NaN","width":"NaN","height":"NaN","shapeStyle":2},"labelManager":{"labels":[{"type":"textLabel","@id":237,"inputText":"1","labelStyle":4,"shape":null,"layoutText":null}],"mainLabel":237},"properties":{},"orientationAtVertex":"FREE","reference":null}],"properties":{},"reference":"splice"},{"@id":238,"shape":{"type":"rect","xposition":"NaN","yposition":"NaN","width":"NaN","height":"NaN","shapeStyle":2},"labelManager":{"labels":[{"type":"textLabel","@id":239,"inputText":"Jan","labelStyle":4,"shape":null,"layoutText":null}],"mainLabel":239},"portCompositions":[{"type":"portGroup","@id":240,"ordered":false,"portCompositions":[{"type":"port","@id":241,"shape":{"type":"rect","xposition":"NaN","yposition":"NaN","width":"NaN","height":"NaN","shapeStyle":2},"labelManager":{"labels":[{"type":"textLabel","@id":242,"inputText":"3","labelStyle":4,"shape":null,"layoutText":null}],"mainLabel":242},"properties":{},"orientationAtVertex":"FREE","reference":null},{"type":"port","@id":243,"shape":{"type":"rect","xposition":"NaN","yposition":"NaN","width":"NaN","height":"NaN","shapeStyle":2},"labelManager":{"labels":[{"type":"textLabel","@id":244,"inputText":"5","labelStyle":4,"shape":null,"layoutText":null}],"mainLabel":244},"properties":{},"orientationAtVertex":"FREE","reference":null},{"type":"port","@id":245,"shape":{"type":"rect","xposition":"NaN","yposition":"NaN","width":"NaN","height":"NaN","shapeStyle":2},"labelManager":{"labels":[{"type":"textLabel","@id":246,"inputText":"4","labelStyle":4,"shape":null,"layoutText":null}],"mainLabel":246},"properties":{},"orientationAtVertex":"FREE","reference":null},{"type":"port","@id":247,"shape":{"type":"rect","xposition":"NaN","yposition":"NaN","width":"NaN","height":"NaN","shapeStyle":2},"labelManager":{"labels":[{"type":"textLabel","@id":248,"inputText":"1","labelStyle":4,"shape":null,"layoutText":null}],"mainLabel":248},"properties":{},"orientationAtVertex":"FREE","reference":null},{"type":"port","@id":249,"shape":{"type":"rect","xposition":"NaN","yposition":"NaN","width":"NaN","height":"NaN","shapeStyle":2},"labelManager":{"labels":[{"type":"textLabel","@id":250,"inputText":"2","labelStyle":4,"shape":null,"layoutText":null}],"mainLabel":250},"properties":{},"orientationAtVertex":"FREE","reference":null}],"properties":{},"reference":null}],"properties":{},"reference":"plug"},{"@id":251,"shape":{"type":"rect","xposition":"NaN","yposition":"NaN","width":"NaN","height":"NaN","shapeStyle":2},"labelManager":{"labels":[{"type":"textLabel","@id":252,"inputText":"Theo","labelStyle":4,"shape":null,"layoutText":null}],"mainLabel":252},"portCompositions":[{"type":"portGroup","@id":253,"ordered":false,"portCompositions":[{"type":"port","@id":254,"shape":{"type":"rect","xposition":"NaN","yposition":"NaN","width":"NaN","height":"NaN","shapeStyle":2},"labelManager":{"labels":[{"type":"textLabel","@id":255,"inputText":"3","labelStyle":4,"shape":null,"layoutText":null}],"mainLabel":255},"properties":{},"orientationAtVertex":"FREE","reference":null},{"type":"port","@id":256,"shape":{"type":"rect","xposition":"NaN","yposition":"NaN","width":"NaN","height":"NaN","shapeStyle":2},"labelManager":{"labels":[{"type":"textLabel","@id":257,"inputText":"5","labelStyle":4,"shape":null,"layoutText":null}],"mainLabel":257},"properties":{},"orientationAtVertex":"FREE","reference":null},{"type":"port","@id":258,"shape":{"type":"rect","xposition":"NaN","yposition":"NaN","width":"NaN","height":"NaN","shapeStyle":2},"labelManager":{"labels":[{"type":"textLabel","@id":259,"inputText":"4","labelStyle":4,"shape":null,"layoutText":null}],"mainLabel":259},"properties":{},"orientationAtVertex":"FREE","reference":null},{"type":"port","@id":260,"shape":{"type":"rect","xposition":"NaN","yposition":"NaN","width":"NaN","height":"NaN","shapeStyle":2},"labelManager":{"labels":[{"type":"textLabel","@id":261,"inputText":"1","labelStyle":4,"shape":null,"layoutText":null}],"mainLabel":261},"properties":{},"orientationAtVertex":"FREE","reference":null},{"type":"port","@id":262,"shape":{"type":"rect","xposition":"NaN","yposition":"NaN","width":"NaN","height":"NaN","shapeStyle":2},"labelManager":{"labels":[{"type":"textLabel","@id":263,"inputText":"2","labelStyle":4,"shape":null,"layoutText":null}],"mainLabel":263},"properties":{},"orientationAtVertex":"FREE","reference":null}],"properties":{},"reference":null}],"properties":{},"reference":"plug"},{"@id":264,"shape":{"type":"rect","xposition":"NaN","yposition":"NaN","width":"NaN","height":"NaN","shapeStyle":2},"labelManager":{"labels":[{"type":"textLabel","@id":265,"inputText":"Tim","labelStyle":4,"shape":null,"layoutText":null}],"mainLabel":265},"portCompositions":[{"type":"portGroup","@id":266,"ordered":false,"portCompositions":[{"type":"port","@id":267,"shape":{"type":"rect","xposition":"NaN","yposition":"NaN","width":"NaN","height":"NaN","shapeStyle":2},"labelManager":{"labels":[{"type":"textLabel","@id":268,"inputText":"3","labelStyle":4,"shape":null,"layoutText":null}],"mainLabel":268},"properties":{},"orientationAtVertex":"FREE","reference":null},{"type":"port","@id":269,"shape":{"type":"rect","xposition":"NaN","yposition":"NaN","width":"NaN","height":"NaN","shapeStyle":2},"labelManager":{"labels":[{"type":"textLabel","@id":270,"inputText":"7","labelStyle":4,"shape":null,"layoutText":null}],"mainLabel":270},"properties":{},"orientationAtVertex":"FREE","reference":null},{"type":"port","@id":271,"shape":{"type":"rect","xposition":"NaN","yposition":"NaN","width":"NaN","height":"NaN","shapeStyle":32},"labelManager":{"labels":[{"type":"textLabel","@id":272,"inputText":"6","labelStyle":34,"shape":null,"layoutText":null}],"mainLabel":272},"properties":{},"orientationAtVertex":"FREE","reference":null},{"type":"port","@id":273,"shape":{"type":"rect","xposition":"NaN","yposition":"NaN","width":"NaN","height":"NaN","shapeStyle":32},"labelManager":{"labels":[{"type":"textLabel","@id":274,"inputText":"1","labelStyle":34,"shape":null,"layoutText":null}],"mainLabel":274},"properties":{},"orientationAtVertex":"FREE","reference":null},{"type":"port","@id":275,"shape":{"type":"rect","xposition":"NaN","yposition":"NaN","width":"NaN","height":"NaN","shapeStyle":32},"labelManager":{"labels":[{"type":"textLabel","@id":276,"inputText":"4","labelStyle":34,"shape":null,"layoutText":null}],"mainLabel":276},"properties":{},"orientationAtVertex":"FREE","reference":null},{"type":"port","@id":277,"shape":{"type":"rect","xposition":"NaN","yposition":"NaN","width":"NaN","height":"NaN","shapeStyle":32},"labelManager":{"labels":[{"type":"textLabel","@id":278,"inputText":"5","labelStyle":34,"shape":null,"layoutText":null}],"mainLabel":278},"properties":{},"orientationAtVertex":"FREE","reference":null},{"type":"port","@id":279,"shape":{"type":"rect","xposition":"NaN","yposition":"NaN","width":"NaN","height":"NaN","shapeStyle":32},"labelManager":{"labels":[{"type":"textLabel","@id":280,"inputText":"2","labelStyle":34,"shape":null,"layoutText":null}],"mainLabel":280},"properties":{},"orientationAtVertex":"FREE","reference":null}],"properties":{},"reference":null}],"properties":{},"reference":"device"},{"@id":281,"shape":{"type":"rect","xposition":"NaN","yposition":"NaN","width":"NaN","height":"NaN","shapeStyle":2},"labelManager":{"labels":[{"type":"textLabel","@id":282,"inputText":"Samuel","labelStyle":4,"shape":null,"layoutText":null}],"mainLabel":282},"portCompositions":[{"type":"portGroup","@id":283,"ordered":false,"portCompositions":[{"type":"port","@id":284,"shape":{"type":"rect","xposition":"NaN","yposition":"NaN","width":"NaN","height":"NaN","shapeStyle":2},"labelManager":{"labels":[{"type":"textLabel","@id":285,"inputText":"3","labelStyle":4,"shape":null,"layoutText":null}],"mainLabel":285},"properties":{},"orientationAtVertex":"FREE","reference":null},{"type":"port","@id":286,"shape":{"type":"rect","xposition":"NaN","yposition":"NaN","width":"NaN","height":"NaN","shapeStyle":2},"labelManager":{"labels":[{"type":"textLabel","@id":287,"inputText":"7","labelStyle":4,"shape":null,"layoutText":null}],"mainLabel":287},"properties":{},"orientationAtVertex":"FREE","reference":null},{"type":"port","@id":288,"shape":{"type":"rect","xposition":"NaN","yposition":"NaN","width":"NaN","height":"NaN","shapeStyle":32},"labelManager":{"labels":[{"type":"textLabel","@id":289,"inputText":"6","labelStyle":34,"shape":null,"layoutText":null}],"mainLabel":289},"properties":{},"orientationAtVertex":"FREE","reference":null},{"type":"port","@id":290,"shape":{"type":"rect","xposition":"NaN","yposition":"NaN","width":"NaN","height":"NaN","shapeStyle":32},"labelManager":{"labels":[{"type":"textLabel","@id":291,"inputText":"1","labelStyle":34,"shape":null,"layoutText":null}],"mainLabel":291},"properties":{},"orientationAtVertex":"FREE","reference":null},{"type":"port","@id":292,"shape":{"type":"rect","xposition":"NaN","yposition":"NaN","width":"NaN","height":"NaN","shapeStyle":32},"labelManager":{"labels":[{"type":"textLabel","@id":293,"inputText":"4","labelStyle":34,"shape":null,"layoutText":null}],"mainLabel":293},"properties":{},"orientationAtVertex":"FREE","reference":null},{"type":"port","@id":294,"shape":{"type":"rect","xposition":"NaN","yposition":"NaN","width":"NaN","height":"NaN","shapeStyle":32},"labelManager":{"labels":[{"type":"textLabel","@id":295,"inputText":"5","labelStyle":34,"shape":null,"layoutText":null}],"mainLabel":295},"properties":{},"orientationAtVertex":"FREE","reference":null},{"type":"port","@id":296,"shape":{"type":"rect","xposition":"NaN","yposition":"NaN","width":"NaN","height":"NaN","shapeStyle":32},"labelManager":{"labels":[{"type":"textLabel","@id":297,"inputText":"2","labelStyle":34,"shape":null,"layoutText":null}],"mainLabel":297},"properties":{},"orientationAtVertex":"FREE","reference":null}],"properties":{},"reference":null}],"properties":{},"reference":"plug"},{"@id":298,"shape":{"type":"rect","xposition":"NaN","yposition":"NaN","width":"NaN","height":"NaN","shapeStyle":2},"labelManager":{"labels":[{"type":"textLabel","@id":299,"inputText":"Johann","labelStyle":4,"shape":null,"layoutText":null}],"mainLabel":299},"portCompositions":[{"type":"port","@id":300,"shape":{"type":"rect","xposition":"NaN","yposition":"NaN","width":"NaN","height":"NaN","shapeStyle":2},"labelManager":{"labels":[{"type":"textLabel","@id":301,"inputText":"1","labelStyle":4,"shape":null,"layoutText":null}],"mainLabel":301},"properties":{},"orientationAtVertex":"FREE","reference":null}],"properties":{},"reference":"splice"},{"@id":302,"shape":{"type":"rect","xposition":"NaN","yposition":"NaN","width":"NaN","height":"NaN","shapeStyle":2},"labelManager":{"labels":[{"type":"textLabel","@id":303,"inputText":"Jonathan","labelStyle":4,"shape":null,"layoutText":null}],"mainLabel":303},"portCompositions":[{"type":"port","@id":304,"shape":{"type":"rect","xposition":"NaN","yposition":"NaN","width":"NaN","height":"NaN","shapeStyle":2},"labelManager":{"labels":[{"type":"textLabel","@id":305,"inputText":"1","labelStyle":4,"shape":null,"layoutText":null}],"mainLabel":305},"properties":{},"orientationAtVertex":"FREE","reference":null}],"properties":{},"reference":"splice"},{"@id":306,"shape":{"type":"rect","xposition":"NaN","yposition":"NaN","width":"NaN","height":"NaN","shapeStyle":2},"labelManager":{"labels":[{"type":"textLabel","@id":307,"inputText":"Johannes","labelStyle":4,"shape":null,"layoutText":null}],"mainLabel":307},"portCompositions":[{"type":"port","@id":308,"shape":{"type":"rect","xposition":"NaN","yposition":"NaN","width":"NaN","height":"NaN","shapeStyle":2},"labelManager":{"labels":[{"type":"textLabel","@id":309,"inputText":"1","labelStyle":4,"shape":null,"layoutText":null}],"mainLabel":309},"properties":{},"orientationAtVertex":"FREE","reference":null}],"properties":{},"reference":"splice"},{"@id":310,"shape":{"type":"rect","xposition":"NaN","yposition":"NaN","width":"NaN","height":"NaN","shapeStyle":2},"labelManager":{"labels":[{"type":"textLabel","@id":311,"inputText":"Liam","labelStyle":4,"shape":null,"layoutText":null}],"mainLabel":311},"portCompositions":[{"type":"portGroup","@id":312,"ordered":false,"portCompositions":[{"type":"port","@id":313,"shape":{"type":"rect","xposition":"NaN","yposition":"NaN","width":"NaN","height":"NaN","shapeStyle":2},"labelManager":{"labels":[{"type":"textLabel","@id":314,"inputText":"1","labelStyle":4,"shape":null,"layoutText":null}],"mainLabel":314},"properties":{},"orientationAtVertex":"FREE","reference":null}],"properties":{},"reference":null}],"properties":{},"reference":"plug"},{"@id":315,"shape":{"type":"rect","xposition":"NaN","yposition":"NaN","width":"NaN","height":"NaN","shapeStyle":2},"labelManager":{"labels":[{"type":"textLabel","@id":316,"inputText":"Oskar","labelStyle":4,"shape":null,"layoutText":null}],"mainLabel":316},"portCompositions":[{"type":"portGroup","@id":317,"ordered":false,"portCompositions":[{"type":"port","@id":318,"shape":{"type":"rect","xposition":"NaN","yposition":"NaN","width":"NaN","height":"NaN","shapeStyle":2},"labelManager":{"labels":[{"type":"textLabel","@id":319,"inputText":"1","labelStyle":4,"shape":null,"layoutText":null}],"mainLabel":319},"properties":{},"orientationAtVertex":"FREE","reference":null}],"properties":{},"reference":null}],"properties":{},"reference":"plug"},{"@id":320,"shape":{"type":"rect","xposition":"NaN","yposition":"NaN","width":"NaN","height":"NaN","shapeStyle":2},"labelManager":{"labels":[{"type":"textLabel","@id":321,"inputText":"Lukas","labelStyle":4,"shape":null,"layoutText":null}],"mainLabel":321},"portCompositions":[{"type":"port","@id":322,"shape":{"type":"rect","xposition":"NaN","yposition":"NaN","width":"NaN","height":"NaN","shapeStyle":2},"labelManager":{"labels":[{"type":"textLabel","@id":323,"inputText":"1","labelStyle":4,"shape":null,"layoutText":null}],"mainLabel":323},"properties":{},"orientationAtVertex":"FREE","reference":null}],"properties":{},"reference":"splice"},{"@id":324,"shape":{"type":"rect","xposition":"NaN","yposition":"NaN","width":"NaN","height":"NaN","shapeStyle":2},"labelManager":{"labels":[{"type":"textLabel","@id":325,"inputText":"Elias","labelStyle":4,"shape":null,"layoutText":null}],"mainLabel":325},"portCompositions":[{"type":"port","@id":326,"shape":{"type":"rect","xposition":"NaN","yposition":"NaN","width":"NaN","height":"NaN","shapeStyle":2},"labelManager":{"labels":[{"type":"textLabel","@id":327,"inputText":"1","labelStyle":4,"shape":null,"layoutText":null}],"mainLabel":327},"properties":{},"orientationAtVertex":"FREE","reference":null}],"properties":{},"reference":"splice"},{"@id":328,"shape":{"type":"rect","xposition":"NaN","yposition":"NaN","width":"NaN","height":"NaN","shapeStyle":2},"labelManager":{"labels":[{"type":"textLabel","@id":329,"inputText":"Finn","labelStyle":4,"shape":null,"layoutText":null}],"mainLabel":329},"portCompositions":[{"type":"port","@id":330,"shape":{"type":"rect","xposition":"NaN","yposition":"NaN","width":"NaN","height":"NaN","shapeStyle":2},"labelManager":{"labels":[{"type":"textLabel","@id":331,"inputText":"1","labelStyle":4,"shape":null,"layoutText":null}],"mainLabel":331},"properties":{},"orientationAtVertex":"FREE","reference":null}],"properties":{},"reference":"splice"},{"@id":332,"shape":{"type":"rect","xposition":"NaN","yposition":"NaN","width":"NaN","height":"NaN","shapeStyle":2},"labelManager":{"labels":[{"type":"textLabel","@id":333,"inputText":"Benjamin","labelStyle":4,"shape":null,"layoutText":null}],"mainLabel":333},"portCompositions":[{"type":"port","@id":334,"shape":{"type":"rect","xposition":"NaN","yposition":"NaN","width":"NaN","height":"NaN","shapeStyle":2},"labelManager":{"labels":[{"type":"textLabel","@id":335,"inputText":"1","labelStyle":4,"shape":null,"layoutText":null}],"mainLabel":335},"properties":{},"orientationAtVertex":"FREE","reference":null}],"properties":{},"reference":"splice"},{"@id":336,"shape":{"type":"rect","xposition":"NaN","yposition":"NaN","width":"NaN","height":"NaN","shapeStyle":2},"labelManager":{"labels":[{"type":"textLabel","@id":337,"inputText":"Henry","labelStyle":4,"shape":null,"layoutText":null}],"mainLabel":337},"portCompositions":[{"type":"port","@id":338,"shape":{"type":"rect","xposition":"NaN","yposition":"NaN","width":"NaN","height":"NaN","shapeStyle":2},"labelManager":{"labels":[{"type":"textLabel","@id":339,"inputText":"1","labelStyle":4,"shape":null,"layoutText":null}],"mainLabel":339},"properties":{},"orientationAtVertex":"FREE","reference":null}],"properties":{},"reference":"splice"},{"@id":340,"shape":null,"labelManager":{"labels":[{"type":"textLabel","@id":341,"inputText":"Leonard","labelStyle":34,"shape":null,"layoutText":null}],"mainLabel":341},"portCompositions":[{"type":"portGroup","@id":342,"ordered":false,"portCompositions":[{"type":"port","@id":343,"shape":{"type":"rect","xposition":"NaN","yposition":"NaN","width":"NaN","height":"NaN","shapeStyle":32},"labelManager":{"labels":[{"type":"textLabel","@id":344,"inputText":"1","labelStyle":34,"shape":null,"layoutText":null}],"mainLabel":344},"properties":{},"orientationAtVertex":"FREE","reference":null}],"properties":{},"reference":null}],"properties":{},"reference":null},{"@id":345,"shape":null,"labelManager":{"labels":[{"type":"textLabel","@id":346,"inputText":"Valentin","labelStyle":34,"shape":null,"layoutText":null}],"mainLabel":346},"portCompositions":[{"type":"portGroup","@id":347,"ordered":false,"portCompositions":[{"type":"port","@id":348,"shape":{"type":"rect","xposition":"NaN","yposition":"NaN","width":"NaN","height":"NaN","shapeStyle":32},"labelManager":{"labels":[{"type":"textLabel","@id":349,"inputText":"1","labelStyle":34,"shape":null,"layoutText":null}],"mainLabel":349},"properties":{},"orientationAtVertex":"FREE","reference":null}],"properties":{},"reference":null}],"properties":{},"reference":null},{"@id":350,"shape":null,"labelManager":{"labels":[{"type":"textLabel","@id":351,"inputText":"Noah","labelStyle":34,"shape":null,"layoutText":null}],"mainLabel":351},"portCompositions":[{"type":"portGroup","@id":352,"ordered":false,"portCompositions":[{"type":"port","@id":353,"shape":{"type":"rect","xposition":"NaN","yposition":"NaN","width":"NaN","height":"NaN","shapeStyle":32},"labelManager":{"labels":[{"type":"textLabel","@id":354,"inputText":"1","labelStyle":34,"shape":null,"layoutText":null}],"mainLabel":354},"properties":{},"orientationAtVertex":"FREE","reference":null}],"properties":{},"reference":null}],"properties":{},"reference":null},{"@id":355,"shape":null,"labelManager":{"labels":[{"type":"textLabel","@id":356,"inputText":"Daniel","labelStyle":34,"shape":null,"layoutText":null}],"mainLabel":356},"portCompositions":[{"type":"portGroup","@id":357,"ordered":false,"portCompositions":[{"type":"port","@id":358,"shape":{"type":"rect","xposition":"NaN","yposition":"NaN","width":"NaN","height":"NaN","shapeStyle":32},"labelManager":{"labels":[{"type":"textLabel","@id":359,"inputText":"1","labelStyle":34,"shape":null,"layoutText":null}],"mainLabel":359},"properties":{},"orientationAtVertex":"FREE","reference":null}],"properties":{},"reference":null}],"properties":{},"reference":null},{"@id":360,"shape":null,"labelManager":{"labels":[{"type":"textLabel","@id":361,"inputText":"Niklas","labelStyle":34,"shape":null,"layoutText":null}],"mainLabel":361},"portCompositions":[{"type":"portGroup","@id":362,"ordered":false,"portCompositions":[{"type":"port","@id":363,"shape":{"type":"rect","xposition":"NaN","yposition":"NaN","width":"NaN","height":"NaN","shapeStyle":32},"labelManager":{"labels":[{"type":"textLabel","@id":364,"inputText":"1","labelStyle":34,"shape":null,"layoutText":null}],"mainLabel":364},"properties":{},"orientationAtVertex":"FREE","reference":null},{"type":"port","@id":365,"shape":{"type":"rect","xposition":"NaN","yposition":"NaN","width":"NaN","height":"NaN","shapeStyle":32},"labelManager":{"labels":[{"type":"textLabel","@id":366,"inputText":"2","labelStyle":34,"shape":null,"layoutText":null}],"mainLabel":366},"properties":{},"orientationAtVertex":"FREE","reference":null},{"type":"port","@id":367,"shape":{"type":"rect","xposition":"NaN","yposition":"NaN","width":"NaN","height":"NaN","shapeStyle":32},"labelManager":{"labels":[{"type":"textLabel","@id":368,"inputText":"3","labelStyle":34,"shape":null,"layoutText":null}],"mainLabel":368},"properties":{},"orientationAtVertex":"FREE","reference":null}],"properties":{},"reference":null}],"properties":{},"reference":null},{"@id":369,"shape":null,"labelManager":{"labels":[{"type":"textLabel","@id":370,"inputText":"Julius","labelStyle":34,"shape":null,"layoutText":null}],"mainLabel":370},"portCompositions":[{"type":"portGroup","@id":371,"ordered":false,"portCompositions":[{"type":"port","@id":372,"shape":{"type":"rect","xposition":"NaN","yposition":"NaN","width":"NaN","height":"NaN","shapeStyle":32},"labelManager":{"labels":[{"type":"textLabel","@id":373,"inputText":"1","labelStyle":34,"shape":null,"layoutText":null}],"mainLabel":373},"properties":{},"orientationAtVertex":"FREE","reference":null},{"type":"port","@id":374,"shape":{"type":"rect","xposition":"NaN","yposition":"NaN","width":"NaN","height":"NaN","shapeStyle":32},"labelManager":{"labels":[{"type":"textLabel","@id":375,"inputText":"2","labelStyle":34,"shape":null,"layoutText":null}],"mainLabel":375},"properties":{},"orientationAtVertex":"FREE","reference":null},{"type":"port","@id":376,"shape":{"type":"rect","xposition":"NaN","yposition":"NaN","width":"NaN","height":"NaN","shapeStyle":32},"labelManager":{"labels":[{"type":"textLabel","@id":377,"inputText":"3","labelStyle":34,"shape":null,"layoutText":null}],"mainLabel":377},"properties":{},"orientationAtVertex":"FREE","reference":null}],"properties":{},"reference":null}],"properties":{},"reference":null},{"@id":378,"shape":null,"labelManager":{"labels":[{"type":"textLabel","@id":379,"inputText":"Max","labelStyle":34,"shape":null,"layoutText":null}],"mainLabel":379},"portCompositions":[{"type":"portGroup","@id":380,"ordered":false,"portCompositions":[{"type":"port","@id":381,"shape":{"type":"rect","xposition":"NaN","yposition":"NaN","width":"NaN","height":"NaN","shapeStyle":32},"labelManager":{"labels":[{"type":"textLabel","@id":382,"inputText":"3","labelStyle":34,"shape":null,"layoutText":null}],"mainLabel":382},"properties":{},"orientationAtVertex":"FREE","reference":null},{"type":"port","@id":383,"shape":{"type":"rect","xposition":"NaN","yposition":"NaN","width":"NaN","height":"NaN","shapeStyle":32},"labelManager":{"labels":[{"type":"textLabel","@id":384,"inputText":"1","labelStyle":34,"shape":null,"layoutText":null}],"mainLabel":384},"properties":{},"orientationAtVertex":"FREE","reference":null},{"type":"port","@id":385,"shape":{"type":"rect","xposition":"NaN","yposition":"NaN","width":"NaN","height":"NaN","shapeStyle":32},"labelManager":{"labels":[{"type":"textLabel","@id":386,"inputText":"4","labelStyle":34,"shape":null,"layoutText":null}],"mainLabel":386},"properties":{},"orientationAtVertex":"FREE","reference":null},{"type":"port","@id":387,"shape":{"type":"rect","xposition":"NaN","yposition":"NaN","width":"NaN","height":"NaN","shapeStyle":32},"labelManager":{"labels":[{"type":"textLabel","@id":388,"inputText":"2","labelStyle":34,"shape":null,"layoutText":null}],"mainLabel":388},"properties":{},"orientationAtVertex":"FREE","reference":null}],"properties":{},"reference":null}],"properties":{},"reference":null},{"@id":389,"shape":null,"labelManager":{"labels":[{"type":"textLabel","@id":390,"inputText":"Ali","labelStyle":34,"shape":null,"layoutText":null}],"mainLabel":390},"portCompositions":[{"type":"portGroup","@id":391,"ordered":false,"portCompositions":[{"type":"port","@id":392,"shape":{"type":"rect","xposition":"NaN","yposition":"NaN","width":"NaN","height":"NaN","shapeStyle":32},"labelManager":{"labels":[{"type":"textLabel","@id":393,"inputText":"3","labelStyle":34,"shape":null,"layoutText":null}],"mainLabel":393},"properties":{},"orientationAtVertex":"FREE","reference":null},{"type":"port","@id":394,"shape":{"type":"rect","xposition":"NaN","yposition":"NaN","width":"NaN","height":"NaN","shapeStyle":32},"labelManager":{"labels":[{"type":"textLabel","@id":395,"inputText":"1","labelStyle":34,"shape":null,"layoutText":null}],"mainLabel":395},"properties":{},"orientationAtVertex":"FREE","reference":null},{"type":"port","@id":396,"shape":{"type":"rect","xposition":"NaN","yposition":"NaN","width":"NaN","height":"NaN","shapeStyle":32},"labelManager":{"labels":[{"type":"textLabel","@id":397,"inputText":"4","labelStyle":34,"shape":null,"layoutText":null}],"mainLabel":397},"properties":{},"orientationAtVertex":"FREE","reference":null},{"type":"port","@id":398,"shape":{"type":"rect","xposition":"NaN","yposition":"NaN","width":"NaN","height":"NaN","shapeStyle":32},"labelManager":{"labels":[{"type":"textLabel","@id":399,"inputText":"2","labelStyle":34,"shape":null,"layoutText":null}],"mainLabel":399},"properties":{},"orientationAtVertex":"FREE","reference":null}],"properties":{},"reference":null}],"properties":{},"reference":null}],"vertexGroups":[{"@id":400,"drawnFrame":false,"labelManager":{"labels":[],"mainLabel":null},"shape":null,"containedVertices":[7,14],"containedVertexGroups":[],"touchingPairs":[{"vertex0":7,"horizontalPlacementVertex0":"FREE","verticalPlacementVertex0":"TOP","vertex1":14,"horizontalPlacementVertex1":"FREE","verticalPlacementVertex1":"FREE"}],"portPairings":[{"port0":10,"port1":17},{"port0":12,"port1":19}],"properties":{},"reference":null},{"@id":401,"drawnFrame":false,"labelManager":{"labels":[],"mainLabel":null},"shape":null,"containedVertices":[25,37],"containedVertexGroups":[],"touchingPairs":[{"vertex0":25,"horizontalPlacementVertex0":"FREE","verticalPlacementVertex0":"TOP","vertex1":37,"horizontalPlacementVertex1":"FREE","verticalPlacementVertex1":"FREE"}],"portPairings":[{"port0":29,"port1":40},{"port0":31,"port1":42},{"port0":35,"port1":44}],"properties":{},"reference":null},{"@id":402,"drawnFrame":false,"labelManager":{"labels":[],"mainLabel":null},"shape":null,"containedVertices":[50,55],"containedVertexGroups":[],"touchingPairs":[{"vertex0":50,"horizontalPlacementVertex0":"FREE","verticalPlacementVertex0":"TOP","vertex1":55,"horizontalPlacementVertex1":"FREE","verticalPlacementVertex1":"FREE"}],"portPairings":[{"port0":53,"port1":58}],"properties":{},"reference":null},{"@id":403,"drawnFrame":false,"labelManager":{"labels":[],"mainLabel":null},"shape":null,"containedVertices":[60,71],"containedVertexGroups":[],"touchingPairs":[{"vertex0":60,"horizontalPlacementVertex0":"FREE","verticalPlacementVertex0":"TOP","vertex1":71,"horizontalPlacementVertex1":"FREE","verticalPlacementVertex1":"FREE"}],"portPairings":[{"port0":67,"port1":78},{"port0":65,"port1":76},{"port0":63,"port1":74},{"port0":69,"port1":80}],"properties":{},"reference":null},{"@id":404,"drawnFrame":false,"labelManager":{"labels":[],"mainLabel":null},"shape":null,"containedVertices":[86,95],"containedVertexGroups":[],"touchingPairs":[{"vertex0":86,"horizontalPlacementVertex0":"FREE","verticalPlacementVertex0":"TOP","vertex1":95,"horizontalPlacementVertex1":"FREE","verticalPlacementVertex1":"FREE"}],"portPairings":[{"port0":89,"port1":98},{"port0":91,"port1":100},{"port0":93,"port1":102}],"properties":{},"reference":null},{"@id":405,"drawnFrame":false,"labelManager":{"labels":[],"mainLabel":null},"shape":null,"containedVertices":[104,113],"containedVertexGroups":[],"touchingPairs":[{"vertex0":104,"horizontalPlacementVertex0":"FREE","verticalPlacementVertex0":"TOP","vertex1":113,"horizontalPlacementVertex1":"FREE","verticalPlacementVertex1":"FREE"}],"portPairings":[{"port0":107,"port1":116},{"port0":118,"port1":109},{"port0":120,"port1":111}],"properties":{},"reference":null},{"@id":406,"drawnFrame":false,"labelManager":{"labels":[],"mainLabel":null},"shape":null,"containedVertices":[122,137],"containedVertexGroups":[],"touchingPairs":[{"vertex0":122,"horizontalPlacementVertex0":"FREE","verticalPlacementVertex0":"TOP","vertex1":137,"horizontalPlacementVertex1":"FREE","verticalPlacementVertex1":"FREE"}],"portPairings":[{"port0":129,"port1":144},{"port0":127,"port1":142},{"port0":125,"port1":140},{"port0":131,"port1":146},{"port0":133,"port1":148},{"port0":135,"port1":150}],"properties":{},"reference":null},{"@id":407,"drawnFrame":false,"labelManager":{"labels":[],"mainLabel":null},"shape":null,"containedVertices":[164,171],"containedVertexGroups":[],"touchingPairs":[{"vertex0":164,"horizontalPlacementVertex0":"FREE","verticalPlacementVertex0":"TOP","vertex1":171,"horizontalPlacementVertex1":"FREE","verticalPlacementVertex1":"FREE"}],"portPairings":[{"port0":169,"port1":176},{"port0":167,"port1":174}],"properties":{},"reference":null},{"@id":408,"drawnFrame":false,"labelManager":{"labels":[],"mainLabel":null},"shape":null,"containedVertices":[178,193],"containedVertexGroups":[],"touchingPairs":[{"vertex0":178,"horizontalPlacementVertex0":"FREE","verticalPlacementVertex0":"TOP","vertex1":193,"horizontalPlacementVertex1":"FREE","verticalPlacementVertex1":"FREE"}],"portPairings":[{"port0":187,"port1":202},{"port0":181,"port1":196},{"port0":191,"port1":206},{"port0":183,"port1":198},{"port0":185,"port1":200},{"port0":189,"port1":204}],"properties":{},"reference":null},{"@id":409,"drawnFrame":false,"labelManager":{"labels":[],"mainLabel":null},"shape":null,"containedVertices":[212,219],"containedVertexGroups":[],"touchingPairs":[{"vertex0":212,"horizontalPlacementVertex0":"FREE","verticalPlacementVertex0":"TOP","vertex1":219,"horizontalPlacementVertex1":"FREE","verticalPlacementVertex1":"FREE"}],"portPairings":[{"port0":215,"port1":222},{"port0":217,"port1":224}],"properties":{},"reference":null},{"@id":410,"drawnFrame":false,"labelManager":{"labels":[],"mainLabel":null},"shape":null,"containedVertices":[238,251],"containedVertexGroups":[],"touchingPairs":[{"vertex0":238,"horizontalPlacementVertex0":"FREE","verticalPlacementVertex0":"TOP","vertex1":251,"horizontalPlacementVertex1":"FREE","verticalPlacementVertex1":"FREE"}],"portPairings":[{"port0":247,"port1":260},{"port0":243,"port1":256},{"port0":249,"port1":262},{"port0":245,"port1":258},{"port0":241,"port1":254}],"properties":{},"reference":null},{"@id":411,"drawnFrame":false,"labelManager":{"labels":[],"mainLabel":null},"shape":null,"containedVertices":[264,281],"containedVertexGroups":[],"touchingPairs":[{"vertex0":264,"horizontalPlacementVertex0":"FREE","verticalPlacementVertex0":"TOP","vertex1":281,"horizontalPlacementVertex1":"FREE","verticalPlacementVertex1":"FREE"}],"portPairings":[{"port0":269,"port1":286},{"port0":267,"port1":284},{"port0":271,"port1":288},{"port0":273,"port1":290},{"port0":275,"port1":292},{"port0":277,"port1":294},{"port0":279,"port1":296}],"properties":{},"reference":null},{"@id":412,"drawnFrame":false,"labelManager":{"labels":[],"mainLabel":null},"shape":null,"containedVertices":[310,315],"containedVertexGroups":[],"touchingPairs":[{"vertex0":310,"horizontalPlacementVertex0":"FREE","verticalPlacementVertex0":"TOP","vertex1":315,"horizontalPlacementVertex1":"FREE","verticalPlacementVertex1":"FREE"}],"portPairings":[{"port0":313,"port1":318}],"properties":{},"reference":null},{"@id":413,"drawnFrame":false,"labelManager":{"labels":[],"mainLabel":null},"shape":null,"containedVertices":[340,345],"containedVertexGroups":[],"touchingPairs":[{"vertex0":340,"horizontalPlacementVertex0":"FREE","verticalPlacementVertex0":"FREE","vertex1":345,"horizontalPlacementVertex1":"FREE","verticalPlacementVertex1":"FREE"}],"portPairings":[{"port0":343,"port1":348}],"properties":{},"reference":null},{"@id":414,"drawnFrame":false,"labelManager":{"labels":[],"mainLabel":null},"shape":null,"containedVertices":[350,355],"containedVertexGroups":[],"touchingPairs":[{"vertex0":350,"horizontalPlacementVertex0":"FREE","verticalPlacementVertex0":"FREE","vertex1":355,"horizontalPlacementVertex1":"FREE","verticalPlacementVertex1":"FREE"}],"portPairings":[{"port0":353,"port1":358}],"properties":{},"reference":null},{"@id":415,"drawnFrame":false,"labelManager":{"labels":[],"mainLabel":null},"shape":null,"containedVertices":[360,369],"containedVertexGroups":[],"touchingPairs":[{"vertex0":360,"horizontalPlacementVertex0":"FREE","verticalPlacementVertex0":"FREE","vertex1":369,"horizontalPlacementVertex1":"FREE","verticalPlacementVertex1":"FREE"}],"portPairings":[{"port0":363,"port1":372},{"port0":365,"port1":374},{"port0":367,"port1":376}],"properties":{},"reference":null},{"@id":416,"drawnFrame":false,"labelManager":{"labels":[],"mainLabel":null},"shape":null,"containedVertices":[378,389],"containedVertexGroups":[],"touchingPairs":[{"vertex0":378,"horizontalPlacementVertex0":"FREE","verticalPlacementVertex0":"FREE","vertex1":389,"horizontalPlacementVertex1":"FREE","verticalPlacementVertex1":"FREE"}],"portPairings":[{"port0":381,"port1":392},{"port0":383,"port1":394},{"port0":385,"port1":396},{"port0":387,"port1":398}],"properties":{},"reference":null}],"edges":[{"@id":417,"ports":[304,142],"labelManager":{"innerLabels":[{"type":"textLabel","@id":418,"inputText":"Emir","labelStyle":4,"shape":null,"layoutText":null}],"allPortLabels":[],"mainLabel":418},"pathStyle":{"@id":419,"description":"default path style","thickness":-1.0,"color":{"argb":"ff000000"}},"paths":[],"properties":{},"reference":null},{"@id":420,"ports":[176,322],"labelManager":{"innerLabels":[{"type":"textLabel","@id":421,"inputText":"Frederik","labelStyle":4,"shape":null,"layoutText":null}],"allPortLabels":[],"mainLabel":421},"pathStyle":419,"paths":[],"properties":{},"reference":null},{"@id":422,"ports":[284,12],"labelManager":{"innerLabels":[{"type":"textLabel","@id":423,"inputText":"Sebastian","labelStyle":4,"shape":null,"layoutText":null}],"allPortLabels":[],"mainLabel":423},"pathStyle":419,"paths":[],"properties":{},"reference":null},{"@id":424,"ports":[196,158],"labelManager":{"innerLabels":[{"type":"textLabel","@id":425,"inputText":"Jonah","labelStyle":4,"shape":null,"layoutText":null}],"allPortLabels":[],"mainLabel":425},"pathStyle":419,"paths":[],"properties":{},"reference":null},{"@id":426,"ports":[5,241],"labelManager":{"innerLabels":[{"type":"textLabel","@id":427,"inputText":"Hannes","labelStyle":4,"shape":null,"layoutText":null}],"allPortLabels":[],"mainLabel":427},"pathStyle":419,"paths":[],"properties":{},"reference":null},{"@id":428,"ports":[183,91],"labelManager":{"innerLabels":[{"type":"textLabel","@id":429,"inputText":"Maxim","labelStyle":4,"shape":null,"layoutText":null}],"allPortLabels":[],"mainLabel":429},"pathStyle":419,"paths":[],"properties":{},"reference":null},{"@id":430,"ports":[260,191],"labelManager":{"innerLabels":[{"type":"textLabel","@id":431,"inputText":"Linus","labelStyle":4,"shape":null,"layoutText":null}],"allPortLabels":[],"mainLabel":431},"pathStyle":419,"paths":[],"properties":{},"reference":null},{"@id":432,"ports":[78,204],"labelManager":{"innerLabels":[{"type":"textLabel","@id":433,"inputText":"Kian","labelStyle":4,"shape":null,"layoutText":null}],"allPortLabels":[],"mainLabel":433},"pathStyle":419,"paths":[],"properties":{},"reference":null},{"@id":434,"ports":[232,162],"labelManager":{"innerLabels":[{"type":"textLabel","@id":435,"inputText":"Carl","labelStyle":4,"shape":null,"layoutText":null}],"allPortLabels":[],"mainLabel":435},"pathStyle":419,"paths":[],"properties":{},"reference":null},{"@id":436,"ports":[206,330],"labelManager":{"innerLabels":[{"type":"textLabel","@id":437,"inputText":"Raphael","labelStyle":4,"shape":null,"layoutText":null}],"allPortLabels":[],"mainLabel":437},"pathStyle":419,"paths":[],"properties":{},"reference":null},{"@id":438,"ports":[308,10],"labelManager":{"innerLabels":[{"type":"textLabel","@id":439,"inputText":"Can","labelStyle":4,"shape":null,"layoutText":null}],"allPortLabels":[],"mainLabel":439},"pathStyle":419,"paths":[],"properties":{},"reference":null},{"@id":440,"ports":[334,98],"labelManager":{"innerLabels":[{"type":"textLabel","@id":441,"inputText":"Nico","labelStyle":4,"shape":null,"layoutText":null}],"allPortLabels":[],"mainLabel":441},"pathStyle":419,"paths":[],"properties":{},"reference":null},{"@id":442,"ports":[148,84],"labelManager":{"innerLabels":[{"type":"textLabel","@id":443,"inputText":"Konstantin","labelStyle":4,"shape":null,"layoutText":null}],"allPortLabels":[],"mainLabel":443},"pathStyle":419,"paths":[],"properties":{},"reference":null},{"@id":444,"ports":[334,146],"labelManager":{"innerLabels":[{"type":"textLabel","@id":445,"inputText":"Muhammed","labelStyle":4,"shape":null,"layoutText":null}],"allPortLabels":[],"mainLabel":445},"pathStyle":419,"paths":[],"properties":{},"reference":null},{"@id":446,"ports":[102,304],"labelManager":{"innerLabels":[{"type":"textLabel","@id":447,"inputText":"Robin","labelStyle":4,"shape":null,"layoutText":null}],"allPortLabels":[],"mainLabel":447},"pathStyle":419,"paths":[],"properties":{},"reference":null},{"@id":448,"ports":[300,243],"labelManager":{"innerLabels":[{"type":"textLabel","@id":449,"inputText":"Wilhelm","labelStyle":4,"shape":null,"layoutText":null}],"allPortLabels":[],"mainLabel":449},"pathStyle":419,"paths":[],"properties":{},"reference":null},{"@id":450,"ports":[222,17],"labelManager":{"innerLabels":[{"type":"textLabel","@id":451,"inputText":"Jona","labelStyle":4,"shape":null,"layoutText":null}],"allPortLabels":[],"mainLabel":451},"pathStyle":419,"paths":[],"properties":{},"reference":null},{"@id":452,"ports":[162,247],"labelManager":{"innerLabels":[{"type":"textLabel","@id":453,"inputText":"Adrian","labelStyle":4,"shape":null,"layoutText":null}],"allPortLabels":[],"mainLabel":453},"pathStyle":419,"paths":[],"properties":{},"reference":null},{"@id":454,"ports":[140,334],"labelManager":{"innerLabels":[{"type":"textLabel","@id":455,"inputText":"Nick","labelStyle":4,"shape":null,"layoutText":null}],"allPortLabels":[],"mainLabel":455},"pathStyle":419,"paths":[],"properties":{},"reference":null},{"@id":456,"ports":[174,322],"labelManager":{"innerLabels":[{"type":"textLabel","@id":457,"inputText":"Ole","labelStyle":4,"shape":null,"layoutText":null}],"allPortLabels":[],"mainLabel":457},"pathStyle":419,"paths":[],"properties":{},"reference":null},{"@id":458,"ports":[249,300],"labelManager":{"innerLabels":[{"type":"textLabel","@id":459,"inputText":"Deniz","labelStyle":4,"shape":null,"layoutText":null}],"allPortLabels":[],"mainLabel":459},"pathStyle":419,"paths":[],"properties":{},"reference":null},{"@id":460,"ports":[245,23],"labelManager":{"innerLabels":[{"type":"textLabel","@id":461,"inputText":"Benedikt","labelStyle":4,"shape":null,"layoutText":null}],"allPortLabels":[],"mainLabel":461},"pathStyle":419,"paths":[],"properties":{},"reference":null},{"@id":462,"ports":[318,217],"labelManager":{"innerLabels":[{"type":"textLabel","@id":463,"inputText":"Kaan","labelStyle":4,"shape":null,"layoutText":null}],"allPortLabels":[],"mainLabel":463},"pathStyle":419,"paths":[],"properties":{},"reference":null},{"@id":464,"ports":[228,144],"labelManager":{"innerLabels":[{"type":"textLabel","@id":465,"inputText":"Mert","labelStyle":4,"shape":null,"layoutText":null}],"allPortLabels":[],"mainLabel":465},"pathStyle":419,"paths":[],"properties":{},"reference":null},{"@id":466,"ports":[198,330],"labelManager":{"innerLabels":[{"type":"textLabel","@id":467,"inputText":"Lucas","labelStyle":4,"shape":null,"layoutText":null}],"allPortLabels":[],"mainLabel":467},"pathStyle":419,"paths":[],"properties":{},"reference":null},{"@id":468,"ports":[228,100],"labelManager":{"innerLabels":[{"type":"textLabel","@id":469,"inputText":"Joshua","labelStyle":4,"shape":null,"layoutText":null}],"allPortLabels":[],"mainLabel":469},"pathStyle":419,"paths":[],"properties":{},"reference":null},{"@id":470,"ports":[222,17],"labelManager":{"innerLabels":[{"type":"textLabel","@id":471,"inputText":"Aaron","labelStyle":4,"shape":null,"layoutText":null}],"allPortLabels":[],"mainLabel":471},"pathStyle":419,"paths":[],"properties":{},"reference":null},{"@id":472,"ports":[202,158],"labelManager":{"innerLabels":[{"type":"textLabel","@id":473,"inputText":"Justus","labelStyle":4,"shape":null,"layoutText":null}],"allPortLabels":[],"mainLabel":473},"pathStyle":419,"paths":[],"properties":{},"reference":null},{"@id":474,"ports":[258,187],"labelManager":{"innerLabels":[{"type":"textLabel","@id":475,"inputText":"Michael","labelStyle":4,"shape":null,"layoutText":null}],"allPortLabels":[],"mainLabel":475},"pathStyle":419,"paths":[],"properties":{},"reference":null},{"@id":476,"ports":[58,322],"labelManager":{"innerLabels":[{"type":"textLabel","@id":477,"inputText":"Florian","labelStyle":4,"shape":null,"layoutText":null}],"allPortLabels":[],"mainLabel":477},"pathStyle":419,"paths":[],"properties":{},"reference":null},{"@id":478,"ports":[74,158],"labelManager":{"innerLabels":[{"type":"textLabel","@id":479,"inputText":"Erik","labelStyle":4,"shape":null,"layoutText":null}],"allPortLabels":[],"mainLabel":479},"pathStyle":419,"paths":[],"properties":{},"reference":null},{"@id":480,"ports":[308,286],"labelManager":{"innerLabels":[{"type":"textLabel","@id":481,"inputText":"Mattis","labelStyle":4,"shape":null,"layoutText":null}],"allPortLabels":[],"mainLabel":481},"pathStyle":419,"paths":[],"properties":{},"reference":null},{"@id":482,"ports":[40,313],"labelManager":{"innerLabels":[{"type":"textLabel","@id":483,"inputText":"Nils","labelStyle":4,"shape":null,"layoutText":null}],"allPortLabels":[],"mainLabel":483},"pathStyle":419,"paths":[],"properties":{},"reference":null},{"@id":484,"ports":[181,93],"labelManager":{"innerLabels":[{"type":"textLabel","@id":485,"inputText":"Noel","labelStyle":4,"shape":null,"layoutText":null}],"allPortLabels":[],"mainLabel":485},"pathStyle":419,"paths":[],"properties":{},"reference":null},{"@id":486,"ports":[236,353],"labelManager":{"innerLabels":[{"type":"textLabel","@id":487,"inputText":"Malik","labelStyle":34,"shape":null,"layoutText":null}],"allPortLabels":[],"mainLabel":487},"pathStyle":{"@id":488,"description":"default path style","thickness":-1.0,"color":{"argb":"ff000000"}},"paths":[],"properties":{},"reference":null},{"@id":489,"ports":[154,80],"labelManager":{"innerLabels":[{"type":"textLabel","@id":490,"inputText":"Matthias","labelStyle":34,"shape":null,"layoutText":null}],"allPortLabels":[],"mainLabel":490},"pathStyle":488,"paths":[],"properties":{},"reference":null},{"@id":491,"ports":[76,394],"labelManager":{"innerLabels":[{"type":"textLabel","@id":492,"inputText":"Fritz","labelStyle":34,"shape":null,"layoutText":null}],"allPortLabels":[],"mainLabel":492},"pathStyle":488,"paths":[],"properties":{},"reference":null},{"@id":493,"ports":[398,42],"labelManager":{"innerLabels":[{"type":"textLabel","@id":494,"inputText":"Ferdinand","labelStyle":34,"shape":null,"layoutText":null}],"allPortLabels":[],"mainLabel":494},"pathStyle":488,"paths":[],"properties":{},"reference":null},{"@id":495,"ports":[48,326],"labelManager":{"innerLabels":[{"type":"textLabel","@id":496,"inputText":"Mika","labelStyle":34,"shape":null,"layoutText":null}],"allPortLabels":[],"mainLabel":496},"pathStyle":488,"paths":[],"properties":{},"reference":null},{"@id":497,"ports":[167,48],"labelManager":{"innerLabels":[{"type":"textLabel","@id":498,"inputText":"Till","labelStyle":34,"shape":null,"layoutText":null}],"allPortLabels":[],"mainLabel":498},"pathStyle":488,"paths":[],"properties":{},"reference":null},{"@id":499,"ports":[343,210],"labelManager":{"innerLabels":[{"type":"textLabel","@id":500,"inputText":"Lennard","labelStyle":34,"shape":null,"layoutText":null}],"allPortLabels":[],"mainLabel":500},"pathStyle":488,"paths":[],"properties":{},"reference":null},{"@id":501,"ports":[348,376],"labelManager":{"innerLabels":[{"type":"textLabel","@id":502,"inputText":"Jasper","labelStyle":34,"shape":null,"layoutText":null}],"allPortLabels":[],"mainLabel":502},"pathStyle":488,"paths":[],"properties":{},"reference":null},{"@id":503,"ports":[19,169],"labelManager":{"innerLabels":[{"type":"textLabel","@id":504,"inputText":"Martin","labelStyle":34,"shape":null,"layoutText":null}],"allPortLabels":[],"mainLabel":504},"pathStyle":488,"paths":[],"properties":{},"reference":null},{"@id":505,"ports":[338,372],"labelManager":{"innerLabels":[{"type":"textLabel","@id":506,"inputText":"Constantin","labelStyle":34,"shape":null,"layoutText":null}],"allPortLabels":[],"mainLabel":506},"pathStyle":488,"paths":[],"properties":{},"reference":null},{"@id":507,"ports":[374,358],"labelManager":{"innerLabels":[{"type":"textLabel","@id":508,"inputText":"Oemer","labelStyle":34,"shape":null,"layoutText":null}],"allPortLabels":[],"mainLabel":508},"pathStyle":488,"paths":[],"properties":{},"reference":null},{"@id":509,"ports":[338,107],"labelManager":{"innerLabels":[{"type":"textLabel","@id":510,"inputText":"Josef","labelStyle":34,"shape":null,"layoutText":null}],"allPortLabels":[],"mainLabel":510},"pathStyle":488,"paths":[],"properties":{},"reference":null},{"@id":511,"ports":[111,53],"labelManager":{"innerLabels":[{"type":"textLabel","@id":512,"inputText":"Thomas","labelStyle":34,"shape":null,"layoutText":null}],"allPortLabels":[],"mainLabel":512},"pathStyle":488,"paths":[],"properties":{},"reference":null},{"@id":513,"ports":[392,109,200,89,296,290,288,396],"labelManager":{"innerLabels":[{"type":"textLabel","@id":514,"inputText":"Jonah","labelStyle":34,"shape":null,"layoutText":null}],"allPortLabels":[],"mainLabel":514},"pathStyle":488,"paths":[],"properties":{},"reference":null},{"@id":515,"ports":[262,89,185,224,392,109,294],"labelManager":{"innerLabels":[{"type":"textLabel","@id":516,"inputText":"Fritz","labelStyle":34,"shape":null,"layoutText":null}],"allPortLabels":[],"mainLabel":516},"pathStyle":488,"paths":[],"properties":{},"reference":null},{"@id":517,"ports":[150,392,262],"labelManager":{"innerLabels":[{"type":"textLabel","@id":518,"inputText":"Mert","labelStyle":34,"shape":null,"layoutText":null}],"allPortLabels":[],"mainLabel":518},"pathStyle":488,"paths":[],"properties":{},"reference":null},{"@id":519,"ports":[109,262,89],"labelManager":{"innerLabels":[{"type":"textLabel","@id":520,"inputText":"Josef","labelStyle":34,"shape":null,"layoutText":null}],"allPortLabels":[],"mainLabel":520},"pathStyle":488,"paths":[],"properties":{},"reference":null},{"@id":521,"ports":[224,290,392],"labelManager":{"innerLabels":[{"type":"textLabel","@id":522,"inputText":"Timo","labelStyle":34,"shape":null,"layoutText":null}],"allPortLabels":[],"mainLabel":522},"pathStyle":488,"paths":[],"properties":{},"reference":null}],"edgeBundles":[]}