{"vertices":[{"@id":1,"shape":{"type":"rect","xposition":"NaN","yposition":"NaN","width":"NaN","height":"NaN","shapeStyle":{"@id":2,"description":"default shape style","color":{"argb":"ff000000"}}},"labelManager":{"labels":[{"type":"textLabel","@id":3,"inputText":"Peter","labelStyle":{"@id":4,"description":"default text label style","font":{"fontName":"SansSerif.plain","style":0,"size":10},"noBreak":false,"color":{"argb":"ff000000"},"showLabel":true,"placement":"FREE","horizontalPlacement":"FREE","verticalPlacement":"FREE"},"shape":null,"layoutText":null}],"mainLabel":3},"portCompositions":[{"type":"port","@id":5,"shape":{"type":"rect","xposition":"NaN","yposition":"NaN","width":"NaN","height":"NaN","shapeStyle":2},"labelManager":{"labels":[{"type":"textLabel","@id":6,"inputText":"1","labelStyle":4,"shape":null,"layoutText":null}],"mainLabel":6},"properties":{},"orientationAtVertex":"FREE","reference":null}],"properties":{},"reference":"splice"},{"@id":7,"shape":{"type":"rect","xposition":"NaN","yposition":"NaN","width":"NaN","height":"NaN","shapeStyle":2},"labelManager":{"labels":[{"type":"textLabel","@id":8,"inputText":"Niklas","labelStyle":4,"shape":null,"layoutText":null}],"mainLabel":8},"portCompositions":[{"type":"port","@id":9,"shape":{"type":"rect","xposition":"NaN","yposition":"NaN","width":"NaN","height":"NaN","shapeStyle":2},"labelManager":{"labels":[{"type":"textLabel","@id":10,"inputText":"1","labelStyle":4,"shape":null,"layoutText":null}],"mainLabel":10},"properties":{},"orientationAtVertex":"FREE","reference":null}],"properties":{},"reference":"splice"},{"@id":11,"shape":{"type":"rect","xposition":"NaN","yposition":"NaN","width":"NaN","height":"NaN","shapeStyle":2},"labelManager":{"labels":[{"type":"textLabel","@id":12,"inputText":"Emil","labelStyle":4,"shape":null,"layoutText":null}],"mainLabel":12},"portCompositions":[{"type":"port","@id":13,"shape":{"type":"rect","xposition":"NaN","yposition":"NaN","width":"NaN","height":"NaN","shapeStyle":2},"labelManager":{"labels":[{"type":"textLabel","@id":14,"inputText":"1","labelStyle":4,"shape":null,"layoutText":null}],"mainLabel":14},"properties":{},"orientationAtVertex":"FREE","reference":null}],"properties":{},"reference":"splice"},{"@id":15,"shape":{"type":"rect","xposition":"NaN","yposition":"NaN","width":"NaN","height":"NaN","shapeStyle":2},"labelManager":{"labels":[{"type":"textLabel","@id":16,"inputText":"Louis","labelStyle":4,"shape":null,"layoutText":null}],"mainLabel":16},"portCompositions":[{"type":"portGroup","@id":17,"ordered":false,"portCompositions":[{"type":"port","@id":18,"shape":{"type":"rect","xposition":"NaN","yposition":"NaN","width":"NaN","height":"NaN","shapeStyle":2},"labelManager":{"labels":[{"type":"textLabel","@id":19,"inputText":"8","labelStyle":4,"shape":null,"layoutText":null}],"mainLabel":19},"properties":{},"orientationAtVertex":"FREE","reference":null},{"type":"port","@id":20,"shape":{"type":"rect","xposition":"NaN","yposition":"NaN","width":"NaN","height":"NaN","shapeStyle":2},"labelManager":{"labels":[{"type":"textLabel","@id":21,"inputText":"3","labelStyle":4,"shape":null,"layoutText":null}],"mainLabel":21},"properties":{},"orientationAtVertex":"FREE","reference":null},{"type":"port","@id":22,"shape":{"type":"rect","xposition":"NaN","yposition":"NaN","width":"NaN","height":"NaN","shapeStyle":{"@id":23,"description":"default shape style","color":{"argb":"ff000000"}}},"labelManager":{"labels":[{"type":"textLabel","@id":24,"inputText":"4","labelStyle":{"@id":25,"description":"default text label style","font":{"fontName":"SansSerif.plain","style":0,"size":10},"noBreak":false,"color":{"argb":"ff000000"},"showLabel":true,"placement":"FREE","horizontalPlacement":"FREE","verticalPlacement":"FREE"},"shape":null,"layoutText":null}],"mainLabel":24},"properties":{},"orientationAtVertex":"FREE","reference":null}],"properties":{},"reference":null}],"properties":{},"reference":"device"},{"@id":26,"shape":{"type":"rect","xposition":"NaN","yposition":"NaN","width":"NaN","height":"NaN","shapeStyle":2},"labelManager":{"labels":[{"type":"textLabel","@id":27,"inputText":"Philipp","labelStyle":4,"shape":null,"layoutText":null}],"mainLabel":27},"portCompositions":[{"type":"portGroup","@id":28,"ordered":false,"portCompositions":[{"type":"port","@id":29,"shape":{"type":"rect","xposition":"NaN","yposition":"NaN","width":"NaN","height":"NaN","shapeStyle":2},"labelManager":{"labels":[{"type":"textLabel","@id":30,"inputText":"8","labelStyle":4,"shape":null,"layoutText":null}],"mainLabel":30},"properties":{},"orientationAtVertex":"FREE","reference":null},{"type":"port","@id":31,"shape":{"type":"rect","xposition":"NaN","yposition":"NaN","width":"NaN","height":"NaN","shapeStyle":2},"labelManager":{"labels":[{"type":"textLabel","@id":32,"inputText":"3","labelStyle":4,"shape":null,"layoutText":null}],"mainLabel":32},"properties":{},"orientationAtVertex":"FREE","reference":null},{"type":"port","@id":33,"shape":{"type":"rect","xposition":"NaN","yposition":"NaN","width":"NaN","height":"NaN","shapeStyle":23},"labelManager":{"labels":[{"type":"textLabel","@id":34,"inputText":"1","labelStyle":25,"shape":null,"layoutText":null}],"mainLabel":34},"properties":{},"orientationAtVertex":"FREE","reference":null},{"type":"port","@id":35,"shape":{"type":"rect","xposition":"NaN","yposition":"NaN","width":"NaN","height":"NaN","shapeStyle":23},"labelManager":{"labels":[{"type":"textLabel","@id":36,"inputText":"6","labelStyle":25,"shape":null,"layoutText":null}],"mainLabel":36},"properties":{},"orientationAtVertex":"FREE","reference":null},{"type":"port","@id":37,"shape":{"type":"rect","xposition":"NaN","yposition":"NaN","width":"NaN","height":"NaN","shapeStyle":23},"labelManager":{"labels":[{"type":"textLabel","@id":38,"inputText":"7","labelStyle":25,"shape":null,"layoutText":null}],"mainLabel":38},"properties":{},"orientationAtVertex":"FREE","reference":null},{"type":"port","@id":39,"shape":{"type":"rect","xposition":"NaN","yposition":"NaN","width":"NaN","height":"NaN","shapeStyle":23},"labelManager":{"labels":[{"type":"textLabel","@id":40,"inputText":"4","labelStyle":25,"shape":null,"layoutText":null}],"mainLabel":40},"properties":{},"orientationAtVertex":"FREE","reference":null},{"type":"port","@id":41,"shape":{"type":"rect","xposition":"NaN","yposition":"NaN","width":"NaN","height":"NaN","shapeStyle":23},"labelManager":{"labels":[{"type":"textLabel","@id":42,"inputText":"2","labelStyle":25,"shape":null,"layoutText":null}],"mainLabel":42},"properties":{},"orientationAtVertex":"FREE","reference":null},{"type":"port","@id":43,"shape":{"type":"rect","xposition":"NaN","yposition":"NaN","width":"NaN","height":"NaN","shapeStyle":23},"labelManager":{"labels":[{"type":"textLabel","@id":44,"inputText":"5","labelStyle":25,"shape":null,"layoutText":null}],"mainLabel":44},"properties":{},"orientationAtVertex":"FREE","reference":null}],"properties":{},"reference":null}],"properties":{},"reference":"plug"},{"@id":45,"shape":{"type":"rect","xposition":"NaN","yposition":"NaN","width":"NaN","height":"NaN","shapeStyle":2},"labelManager":{"labels":[{"type":"textLabel","@id":46,"inputText":"Finn","labelStyle":4,"shape":null,"layoutText":null}],"mainLabel":46},"portCompositions":[{"type":"port","@id":47,"shape":{"type":"rect","xposition":"NaN","yposition":"NaN","width":"NaN","height":"NaN","shapeStyle":2},"labelManager":{"labels":[{"type":"textLabel","@id":48,"inputText":"1","labelStyle":4,"shape":null,"layoutText":null}],"mainLabel":48},"properties":{},"orientationAtVertex":"FREE","reference":null}],"properties":{},"reference":"splice"},{"@id":49,"shape":{"type":"rect","xposition":"NaN","yposition":"NaN","width":"NaN","height":"NaN","shapeStyle":2},"labelManager":{"labels":[{"type":"textLabel","@id":50,"inputText":"Lukas","labelStyle":4,"shape":null,"layoutText":null}],"mainLabel":50},"portCompositions":[{"type":"port","@id":51,"shape":{"type":"rect","xposition":"NaN","yposition":"NaN","width":"NaN","height":"NaN","shapeStyle":2},"labelManager":{"labels":[{"type":"textLabel","@id":52,"inputText":"1","labelStyle":4,"shape":null,"layoutText":null}],"mainLabel":52},"properties":{},"orientationAtVertex":"FREE","reference":null}],"properties":{},"reference":"splice"},{"@id":53,"shape":{"type":"rect","xposition":"NaN","yposition":"NaN","width":"NaN","height":"NaN","shapeStyle":2},"labelManager":{"labels":[{"type":"textLabel","@id":54,"inputText":"Julius","labelStyle":4,"shape":null,"layoutText":null}],"mainLabel":54},"portCompositions":[{"type":"port","@id":55,"shape":{"type":"rect","xposition":"NaN","yposition":"NaN","width":"NaN","height":"NaN","shapeStyle":2},"labelManager":{"labels":[{"type":"textLabel","@id":56,"inputText":"1","labelStyle":4,"shape":null,"layoutText":null}],"mainLabel":56},"properties":{},"orientationAtVertex":"FREE","reference":null}],"properties":{},"reference":"splice"},{"@id":57,"shape":{"type":"rect","xposition":"NaN","yposition":"NaN","width":"NaN","height":"NaN","shapeStyle":2},"labelManager":{"labels":[{"type":"textLabel","@id":58,"inputText":"Jonas","labelStyle":4,"shape":null,"layoutText":null}],"mainLabel":58},"portCompositions":[{"type":"port","@id":59,"shape":{"type":"rect","xposition":"NaN","yposition":"NaN","width":"NaN","height":"NaN","shapeStyle":2},"labelManager":{"labels":[{"type":"textLabel","@id":60,"inputText":"1","labelStyle":4,"shape":null,"layoutText":null}],"mainLabel":60},"properties":{},"orientationAtVertex":"FREE","reference":null}],"properties":{},"reference":"splice"},{"@id":61,"shape":{"type":"rect","xposition":"NaN","yposition":"NaN","width":"NaN","height":"NaN","shapeStyle":2},"labelManager":{"labels":[{"type":"textLabel","@id":62,"inputText":"Gabriel","labelStyle":4,"shape":null,"layoutText":null}],"mainLabel":62},"portCompositions":[{"type":"port","@id":63,"shape":{"type":"rect","xposition":"NaN","yposition":"NaN","width":"NaN","height":"NaN","shapeStyle":2},"labelManager":{"labels":[{"type":"textLabel","@id":64,"inputText":"1","labelStyle":4,"shape":null,"layoutText":null}],"mainLabel":64},"properties":{},"orientationAtVertex":"FREE","reference":null}],"properties":{},"reference":"splice"},{"@id":65,"shape":{"type":"rect","xposition":"NaN","yposition":"NaN","width":"NaN","height":"NaN","shapeStyle":2},"labelManager":{"labels":[{"type":"textLabel","@id":66,"inputText":"Joel","labelStyle":4,"shape":null,"layoutText":null}],"mainLabel":66},"portCompositions":[{"type":"port","@id":67,"shape":{"type":"rect","xposition":"NaN","yposition":"NaN","width":"NaN","height":"NaN","shapeStyle":2},"labelManager":{"labels":[{"type":"textLabel","@id":68,"inputText":"1","labelStyle":4,"shape":null,"layoutText":null}],"mainLabel":68},"properties":{},"orientationAtVertex":"FREE","reference":null}],"properties":{},"reference":"splice"},{"@id":69,"shape":{"type":"rect","xposition":"NaN","yposition":"NaN","width":"NaN","height":"NaN","shapeStyle":2},"labelManager":{"labels":[{"type":"textLabel","@id":70,"inputText":"Christian","labelStyle":4,"shape":null,"layoutText":null}],"mainLabel":70},"portCompositions":[{"type":"portGroup","@id":71,"ordered":false,"portCompositions":[{"type":"port","@id":72,"shape":{"type":"rect","xposition":"NaN","yposition":"NaN","width":"NaN","height":"NaN","shapeStyle":2},"labelManager":{"labels":[{"type":"textLabel","@id":73,"inputText":"5","labelStyle":4,"shape":null,"layoutText":null}],"mainLabel":73},"properties":{},"orientationAtVertex":"FREE","reference":null},{"type":"port","@id":74,"shape":{"type":"rect","xposition":"NaN","yposition":"NaN","width":"NaN","height":"NaN","shapeStyle":2},"labelManager":{"labels":[{"type":"textLabel","@id":75,"inputText":"1","labelStyle":4,"shape":null,"layoutText":null}],"mainLabel":75},"properties":{},"orientationAtVertex":"FREE","reference":null},{"type":"port","@id":76,"shape":{"type":"rect","xposition":"NaN","yposition":"NaN","width":"NaN","height":"NaN","shapeStyle":23},"labelManager":{"labels":[{"type":"textLabel","@id":77,"inputText":"7","labelStyle":25,"shape":null,"layoutText":null}],"mainLabel":77},"properties":{},"orientationAtVertex":"FREE","reference":null},{"type":"port","@id":78,"shape":{"type":"rect","xposition":"NaN","yposition":"NaN","width":"NaN","height":"NaN","shapeStyle":23},"labelManager":{"labels":[{"type":"textLabel","@id":79,"inputText":"8","labelStyle":25,"shape":null,"layoutText":null}],"mainLabel":79},"properties":{},"orientationAtVertex":"FREE","reference":null},{"type":"port","@id":80,"shape":{"type":"rect","xposition":"NaN","yposition":"NaN","width":"NaN","height":"NaN","shapeStyle":23},"labelManager":{"labels":[{"type":"textLabel","@id":81,"inputText":"6","labelStyle":25,"shape":null,"layoutText":null}],"mainLabel":81},"properties":{},"orientationAtVertex":"FREE","reference":null}],"properties":{},"reference":null}],"properties":{},"reference":"device"},{"@id":82,"shape":{"type":"rect","xposition":"NaN","yposition":"NaN","width":"NaN","height":"NaN","shapeStyle":2},"labelManager":{"labels":[{"type":"textLabel","@id":83,"inputText":"Daniel","labelStyle":4,"shape":null,"layoutText":null}],"mainLabel":83},"portCompositions":[{"type":"portGroup","@id":84,"ordered":false,"portCompositions":[{"type":"port","@id":85,"shape":{"type":"rect","xposition":"NaN","yposition":"NaN","width":"NaN","height":"NaN","shapeStyle":2},"labelManager":{"labels":[{"type":"textLabel","@id":86,"inputText":"5","labelStyle":4,"shape":null,"layoutText":null}],"mainLabel":86},"properties":{},"orientationAtVertex":"FREE","reference":null},{"type":"port","@id":87,"shape":{"type":"rect","xposition":"NaN","yposition":"NaN","width":"NaN","height":"NaN","shapeStyle":2},"labelManager":{"labels":[{"type":"textLabel","@id":88,"inputText":"1","labelStyle":4,"shape":null,"layoutText":null}],"mainLabel":88},"properties":{},"orientationAtVertex":"FREE","reference":null},{"type":"port","@id":89,"shape":{"type":"rect","xposition":"NaN","yposition":"NaN","width":"NaN","height":"NaN","shapeStyle":23},"labelManager":{"labels":[{"type":"textLabel","@id":90,"inputText":"2","labelStyle":25,"shape":null,"layoutText":null}],"mainLabel":90},"properties":{},"orientationAtVertex":"FREE","reference":null},{"type":"port","@id":91,"shape":{"type":"rect","xposition":"NaN","yposition":"NaN","width":"NaN","height":"NaN","shapeStyle":23},"labelManager":{"labels":[{"type":"textLabel","@id":92,"inputText":"7","labelStyle":25,"shape":null,"layoutText":null}],"mainLabel":92},"properties":{},"orientationAtVertex":"FREE","reference":null},{"type":"port","@id":93,"shape":{"type":"rect","xposition":"NaN","yposition":"NaN","width":"NaN","height":"NaN","shapeStyle":23},"labelManager":{"labels":[{"type":"textLabel","@id":94,"inputText":"4","labelStyle":25,"shape":null,"layoutText":null}],"mainLabel":94},"properties":{},"orientationAtVertex":"FREE","reference":null},{"type":"port","@id":95,"shape":{"type":"rect","xposition":"NaN","yposition":"NaN","width":"NaN","height":"NaN","shapeStyle":23},"labelManager":{"labels":[{"type":"textLabel","@id":96,"inputText":"8","labelStyle":25,"shape":null,"layoutText":null}],"mainLabel":96},"properties":{},"orientationAtVertex":"FREE","reference":null},{"type":"port","@id":97,"shape":{"type":"rect","xposition":"NaN","yposition":"NaN","width":"NaN","height":"NaN","shapeStyle":23},"labelManager":{"labels":[{"type":"textLabel","@id":98,"inputText":"3","labelStyle":25,"shape":null,"layoutText":null}],"mainLabel":98},"properties":{},"orientationAtVertex":"FREE","reference":null},{"type":"port","@id":99,"shape":{"type":"rect","xposition":"NaN","yposition":"NaN","width":"NaN","height":"NaN","shapeStyle":23},"labelManager":{"labels":[{"type":"textLabel","@id":100,"inputText":"6","labelStyle":25,"shape":null,"layoutText":null}],"mainLabel":100},"properties":{},"orientationAtVertex":"FREE","reference":null}],"properties":{},"reference":null}],"properties":{},"reference":"plug"},{"@id":101,"shape":{"type":"rect","xposition":"NaN","yposition":"NaN","width":"NaN","height":"NaN","shapeStyle":2},"labelManager":{"labels":[{"type":"textLabel","@id":102,"inputText":"David","labelStyle":4,"shape":null,"layoutText":null}],"mainLabel":102},"portCompositions":[{"type":"port","@id":103,"shape":{"type":"rect","xposition":"NaN","yposition":"NaN","width":"NaN","height":"NaN","shapeStyle":2},"labelManager":{"labels":[{"type":"textLabel","@id":104,"inputText":"1","labelStyle":4,"shape":null,"layoutText":null}],"mainLabel":104},"properties":{},"orientationAtVertex":"FREE","reference":null}],"properties":{},"reference":"splice"},{"@id":105,"shape":{"type":"rect","xposition":"NaN","yposition":"NaN","width":"NaN","height":"NaN","shapeStyle":2},"labelManager":{"labels":[{"type":"textLabel","@id":106,"inputText":"Florian","labelStyle":4,"shape":null,"layoutText":null}],"mainLabel":106},"portCompositions":[{"type":"port","@id":107,"shape":{"type":"rect","xposition":"NaN","yposition":"NaN","width":"NaN","height":"NaN","shapeStyle":2},"labelManager":{"labels":[{"type":"textLabel","@id":108,"inputText":"1","labelStyle":4,"shape":null,"layoutText":null}],"mainLabel":108},"properties":{},"orientationAtVertex":"FREE","reference":null}],"properties":{},"reference":"splice"},{"@id":109,"shape":{"type":"rect","xposition":"NaN","yposition":"NaN","width":"NaN","height":"NaN","shapeStyle":2},"labelManager":{"labels":[{"type":"textLabel","@id":110,"inputText":"Henri","labelStyle":4,"shape":null,"layoutText":null}],"mainLabel":110},"portCompositions":[{"type":"portGroup","@id":111,"ordered":false,"portCompositions":[{"type":"port","@id":112,"shape":{"type":"rect","xposition":"NaN","yposition":"NaN","width":"NaN","height":"NaN","shapeStyle":2},"labelManager":{"labels":[{"type":"textLabel","@id":113,"inputText":"6","labelStyle":4,"shape":null,"layoutText":null}],"mainLabel":113},"properties":{},"orientationAtVertex":"FREE","reference":null},{"type":"port","@id":114,"shape":{"type":"rect","xposition":"NaN","yposition":"NaN","width":"NaN","height":"NaN","shapeStyle":2},"labelManager":{"labels":[{"type":"textLabel","@id":115,"inputText":"3","labelStyle":4,"shape":null,"layoutText":null}],"mainLabel":115},"properties":{},"orientationAtVertex":"FREE","reference":null},{"type":"port","@id":116,"shape":{"type":"rect","xposition":"NaN","yposition":"NaN","width":"NaN","height":"NaN","shapeStyle":2},"labelManager":{"labels":[{"type":"textLabel","@id":117,"inputText":"5","labelStyle":4,"shape":null,"layoutText":null}],"mainLabel":117},"properties":{},"orientationAtVertex":"FREE","reference":null},{"type":"port","@id":118,"shape":{"type":"rect","xposition":"NaN","yposition":"NaN","width":"NaN","height":"NaN","shapeStyle":2},"labelManager":{"labels":[{"type":"textLabel","@id":119,"inputText":"8","labelStyle":4,"shape":null,"layoutText":null}],"mainLabel":119},"properties":{},"orientationAtVertex":"FREE","reference":null},{"type":"port","@id":120,"shape":{"type":"rect","xposition":"NaN","yposition":"NaN","width":"NaN","height":"NaN","shapeStyle":23},"labelManager":{"labels":[{"type":"textLabel","@id":121,"inputText":"1","labelStyle":25,"shape":null,"layoutText":null}],"mainLabel":121},"properties":{},"orientationAtVertex":"FREE","reference":null},{"type":"port","@id":122,"shape":{"type":"rect","xposition":"NaN","yposition":"NaN","width":"NaN","height":"NaN","shapeStyle":23},"labelManager":{"labels":[{"type":"textLabel","@id":123,"inputText":"9","labelStyle":25,"shape":null,"layoutText":null}],"mainLabel":123},"properties":{},"orientationAtVertex":"FREE","reference":null},{"type":"port","@id":124,"shape":{"type":"rect","xposition":"NaN","yposition":"NaN","width":"NaN","height":"NaN","shapeStyle":23},"labelManager":{"labels":[{"type":"textLabel","@id":125,"inputText":"4","labelStyle":25,"shape":null,"layoutText":null}],"mainLabel":125},"properties":{},"orientationAtVertex":"FREE","reference":null},{"type":"port","@id":126,"shape":{"type":"rect","xposition":"NaN","yposition":"NaN","width":"NaN","height":"NaN","shapeStyle":23},"labelManager":{"labels":[{"type":"textLabel","@id":127,"inputText":"7","labelStyle":25,"shape":null,"layoutText":null}],"mainLabel":127},"properties":{},"orientationAtVertex":"FREE","reference":null},{"type":"port","@id":128,"shape":{"type":"rect","xposition":"NaN","yposition":"NaN","width":"NaN","height":"NaN","shapeStyle":23},"labelManager":{"labels":[{"type":"textLabel","@id":129,"inputText":"2","labelStyle":25,"shape":null,"layoutText":null}],"mainLabel":129},"properties":{},"orientationAtVertex":"FREE","reference":null}],"properties":{},"reference":null}],"properties":{},"reference":"device"},{"@id":130,"shape":{"type":"rect","xposition":"NaN","yposition":"NaN","width":"NaN","height":"NaN","shapeStyle":2},"labelManager":{"labels":[{"type":"textLabel","@id":131,"inputText":"Johannes","labelStyle":4,"shape":null,"layoutText":null}],"mainLabel":131},"portCompositions":[{"type":"portGroup","@id":132,"ordered":false,"portCompositions":[{"type":"port","@id":133,"shape":{"type":"rect","xposition":"NaN","yposition":"NaN","width":"NaN","height":"NaN","shapeStyle":2},"labelManager":{"labels":[{"type":"textLabel","@id":134,"inputText":"6","labelStyle":4,"shape":null,"layoutText":null}],"mainLabel":134},"properties":{},"orientationAtVertex":"FREE","reference":null},{"type":"port","@id":135,"shape":{"type":"rect","xposition":"NaN","yposition":"NaN","width":"NaN","height":"NaN","shapeStyle":2},"labelManager":{"labels":[{"type":"textLabel","@id":136,"inputText":"3","labelStyle":4,"shape":null,"layoutText":null}],"mainLabel":136},"properties":{},"orientationAtVertex":"FREE","reference":null},{"type":"port","@id":137,"shape":{"type":"rect","xposition":"NaN","yposition":"NaN","width":"NaN","height":"NaN","shapeStyle":2},"labelManager":{"labels":[{"type":"textLabel","@id":138,"inputText":"5","labelStyle":4,"shape":null,"layoutText":null}],"mainLabel":138},"properties":{},"orientationAtVertex":"FREE","reference":null},{"type":"port","@id":139,"shape":{"type":"rect","xposition":"NaN","yposition":"NaN","width":"NaN","height":"NaN","shapeStyle":2},"labelManager":{"labels":[{"type":"textLabel","@id":140,"inputText":"8","labelStyle":4,"shape":null,"layoutText":null}],"mainLabel":140},"properties":{},"orientationAtVertex":"FREE","reference":null},{"type":"port","@id":141,"shape":{"type":"rect","xposition":"NaN","yposition":"NaN","width":"NaN","height":"NaN","shapeStyle":23},"labelManager":{"labels":[{"type":"textLabel","@id":142,"inputText":"1","labelStyle":25,"shape":null,"layoutText":null}],"mainLabel":142},"properties":{},"orientationAtVertex":"FREE","reference":null},{"type":"port","@id":143,"shape":{"type":"rect","xposition":"NaN","yposition":"NaN","width":"NaN","height":"NaN","shapeStyle":23},"labelManager":{"labels":[{"type":"textLabel","@id":144,"inputText":"9","labelStyle":25,"shape":null,"layoutText":null}],"mainLabel":144},"properties":{},"orientationAtVertex":"FREE","reference":null},{"type":"port","@id":145,"shape":{"type":"rect","xposition":"NaN","yposition":"NaN","width":"NaN","height":"NaN","shapeStyle":23},"labelManager":{"labels":[{"type":"textLabel","@id":146,"inputText":"4","labelStyle":25,"shape":null,"layoutText":null}],"mainLabel":146},"properties":{},"orientationAtVertex":"FREE","reference":null},{"type":"port","@id":147,"shape":{"type":"rect","xposition":"NaN","yposition":"NaN","width":"NaN","height":"NaN","shapeStyle":23},"labelManager":{"labels":[{"type":"textLabel","@id":148,"inputText":"7","labelStyle":25,"shape":null,"layoutText":null}],"mainLabel":148},"properties":{},"orientationAtVertex":"FREE","reference":null},{"type":"port","@id":149,"shape":{"type":"rect","xposition":"NaN","yposition":"NaN","width":"NaN","height":"NaN","shapeStyle":23},"labelManager":{"labels":[{"type":"textLabel","@id":150,"inputText":"2","labelStyle":25,"shape":null,"layoutText":null}],"mainLabel":150},"properties":{},"orientationAtVertex":"FREE","reference":null}],"properties":{},"reference":null}],"properties":{},"reference":"plug"},{"@id":151,"shape":{"type":"rect","xposition":"NaN","yposition":"NaN","width":"NaN","height":"NaN","shapeStyle":2},"labelManager":{"labels":[{"type":"textLabel","@id":152,"inputText":"Muhammed","labelStyle":4,"shape":null,"layoutText":null}],"mainLabel":152},"portCompositions":[{"type":"port","@id":153,"shape":{"type":"rect","xposition":"NaN","yposition":"NaN","width":"NaN","height":"NaN","shapeStyle":2},"labelManager":{"labels":[{"type":"textLabel","@id":154,"inputText":"1","labelStyle":4,"shape":null,"layoutText":null}],"mainLabel":154},"properties":{},"orientationAtVertex":"FREE","reference":null}],"properties":{},"reference":"splice"},{"@id":155,"shape":{"type":"rect","xposition":"NaN","yposition":"NaN","width":"NaN","height":"NaN","shapeStyle":2},"labelManager":{"labels":[{"type":"textLabel","@id":156,"inputText":"Jonathan","labelStyle":4,"shape":null,"layoutText":null}],"mainLabel":156},"portCompositions":[{"type":"port","@id":157,"shape":{"type":"rect","xposition":"NaN","yposition":"NaN","width":"NaN","height":"NaN","shapeStyle":2},"labelManager":{"labels":[{"type":"textLabel","@id":158,"inputText":"1","labelStyle":4,"shape":null,"layoutText":null}],"mainLabel":158},"properties":{},"orientationAtVertex":"FREE","reference":null}],"properties":{},"reference":"splice"},{"@id":159,"shape":{"type":"rect","xposition":"NaN","yposition":"NaN","width":"NaN","height":"NaN","shapeStyle":2},"labelManager":{"labels":[{"type":"textLabel","@id":160,"inputText":"Michael","labelStyle":4,"shape":null,"layoutText":null}],"mainLabel":160},"portCompositions":[{"type":"port","@id":161,"shape":{"type":"rect","xposition":"NaN","yposition":"NaN","width":"NaN","height":"NaN","shapeStyle":2},"labelManager":{"labels":[{"type":"textLabel","@id":162,"inputText":"1","labelStyle":4,"shape":null,"layoutText":null}],"mainLabel":162},"properties":{},"orientationAtVertex":"FREE","reference":null}],"properties":{},"reference":"splice"},{"@id":163,"shape":{"type":"rect","xposition":"NaN","yposition":"NaN","width":"NaN","height":"NaN","shapeStyle":2},"labelManager":{"labels":[{"type":"textLabel","@id":164,"inputText":"Mats","labelStyle":4,"shape":null,"layoutText":null}],"mainLabel":164},"portCompositions":[{"type":"port","@id":165,"shape":{"type":"rect","xposition":"NaN","yposition":"NaN","width":"NaN","height":"NaN","shapeStyle":2},"labelManager":{"labels":[{"type":"textLabel","@id":166,"inputText":"1","labelStyle":4,"shape":null,"layoutText":null}],"mainLabel":166},"properties":{},"orientationAtVertex":"FREE","reference":null}],"properties":{},"reference":"splice"},{"@id":167,"shape":{"type":"rect","xposition":"NaN","yposition":"NaN","width":"NaN","height":"NaN","shapeStyle":2},"labelManager":{"labels":[{"type":"textLabel","@id":168,"inputText":"Elias","labelStyle":4,"shape":null,"layoutText":null}],"mainLabel":168},"portCompositions":[{"type":"port","@id":169,"shape":{"type":"rect","xposition":"NaN","yposition":"NaN","width":"NaN","height":"NaN","shapeStyle":2},"labelManager":{"labels":[{"type":"textLabel","@id":170,"inputText":"1","labelStyle":4,"shape":null,"layoutText":null}],"mainLabel":170},"properties":{},"orientationAtVertex":"FREE","reference":null}],"properties":{},"reference":"splice"},{"@id":171,"shape":{"type":"rect","xposition":"NaN","yposition":"NaN","width":"NaN","height":"NaN","shapeStyle":2},"labelManager":{"labels":[{"type":"textLabel","@id":172,"inputText":"Tom","labelStyle":4,"shape":null,"layoutText":null}],"mainLabel":172},"portCompositions":[{"type":"port","@id":173,"shape":{"type":"rect","xposition":"NaN","yposition":"NaN","width":"NaN","height":"NaN","shapeStyle":2},"labelManager":{"labels":[{"type":"textLabel","@id":174,"inputText":"1","labelStyle":4,"shape":null,"layoutText":null}],"mainLabel":174},"properties":{},"orientationAtVertex":"FREE","reference":null}],"properties":{},"reference":"splice"},{"@id":175,"shape":{"type":"rect","xposition":"NaN","yposition":"NaN","width":"NaN","height":"NaN","shapeStyle":2},"labelManager":{"labels":[{"type":"textLabel","@id":176,"inputText":"Liam","labelStyle":4,"shape":null,"layoutText":null}],"mainLabel":176},"portCompositions":[{"type":"port","@id":177,"shape":{"type":"rect","xposition":"NaN","yposition":"NaN","width":"NaN","height":"NaN","shapeStyle":2},"labelManager":{"labels":[{"type":"textLabel","@id":178,"inputText":"1","labelStyle":4,"shape":null,"layoutText":null}],"mainLabel":178},"properties":{},"orientationAtVertex":"FREE","reference":null}],"properties":{},"reference":"splice"},{"@id":179,"shape":{"type":"rect","xposition":"NaN","yposition":"NaN","width":"NaN","height":"NaN","shapeStyle":2},"labelManager":{"labels":[{"type":"textLabel","@id":180,"inputText":"Felix","labelStyle":4,"shape":null,"layoutText":null}],"mainLabel":180},"portCompositions":[{"type":"port","@id":181,"shape":{"type":"rect","xposition":"NaN","yposition":"NaN","width":"NaN","height":"NaN","shapeStyle":2},"labelManager":{"labels":[{"type":"textLabel","@id":182,"inputText":"1","labelStyle":4,"shape":null,"layoutText":null}],"mainLabel":182},"properties":{},"orientationAtVertex":"FREE","reference":null}],"properties":{},"reference":"splice"},{"@id":183,"shape":{"type":"rect","xposition":"NaN","yposition":"NaN","width":"NaN","height":"NaN","shapeStyle":2},"labelManager":{"labels":[{"type":"textLabel","@id":184,"inputText":"Benjamin","labelStyle":4,"shape":null,"layoutText":null}],"mainLabel":184},"portCompositions":[{"type":"port","@id":185,"shape":{"type":"rect","xposition":"NaN","yposition":"NaN","width":"NaN","height":"NaN","shapeStyle":2},"labelManager":{"labels":[{"type":"textLabel","@id":186,"inputText":"1","labelStyle":4,"shape":null,"layoutText":null}],"mainLabel":186},"properties":{},"orientationAtVertex":"FREE","reference":null}],"properties":{},"reference":"splice"},{"@id":187,"shape":{"type":"rect","xposition":"NaN","yposition":"NaN","width":"NaN","height":"NaN","shapeStyle":2},"labelManager":{"labels":[{"type":"textLabel","@id":188,"inputText":"Oskar","labelStyle":4,"shape":null,"layoutText":null}],"mainLabel":188},"portCompositions":[{"type":"port","@id":189,"shape":{"type":"rect","xposition":"NaN","yposition":"NaN","width":"NaN","height":"NaN","shapeStyle":2},"labelManager":{"labels":[{"type":"textLabel","@id":190,"inputText":"1","labelStyle":4,"shape":null,"layoutText":null}],"mainLabel":190},"properties":{},"orientationAtVertex":"FREE","reference":null}],"properties":{},"reference":"splice"},{"@id":191,"shape":{"type":"rect","xposition":"NaN","yposition":"NaN","width":"NaN","height":"NaN","shapeStyle":2},"labelManager":{"labels":[{"type":"textLabel","@id":192,"inputText":"Leo","labelStyle":4,"shape":null,"layoutText":null}],"mainLabel":192},"portCompositions":[{"type":"port","@id":193,"shape":{"type":"rect","xposition":"NaN","yposition":"NaN","width":"NaN","height":"NaN","shapeStyle":2},"labelManager":{"labels":[{"type":"textLabel","@id":194,"inputText":"1","labelStyle":4,"shape":null,"layoutText":null}],"mainLabel":194},"properties":{},"orientationAtVertex":"FREE","reference":null}],"properties":{},"reference":"splice"},{"@id":195,"shape":{"type":"rect","xposition":"NaN","yposition":"NaN","width":"NaN","height":"NaN","shapeStyle":2},"labelManager":{"labels":[{"type":"textLabel","@id":196,"inputText":"Valentin","labelStyle":4,"shape":null,"layoutText":null}],"mainLabel":196},"portCompositions":[{"type":"portGroup","@id":197,"ordered":false,"portCompositions":[{"type":"port","@id":198,"shape":{"type":"rect","xposition":"NaN","yposition":"NaN","width":"NaN","height":"NaN","shapeStyle":2},"labelManager":{"labels":[{"type":"textLabel","@id":199,"inputText":"1","labelStyle":4,"shape":null,"layoutText":null}],"mainLabel":199},"properties":{},"orientationAtVertex":"FREE","reference":null},{"type":"port","@id":200,"shape":{"type":"rect","xposition":"NaN","yposition":"NaN","width":"NaN","height":"NaN","shapeStyle":2},"labelManager":{"labels":[{"type":"textLabel","@id":201,"inputText":"2","labelStyle":4,"shape":null,"layoutText":null}],"mainLabel":201},"properties":{},"orientationAtVertex":"FREE","reference":null},{"type":"port","@id":202,"shape":{"type":"rect","xposition":"NaN","yposition":"NaN","width":"NaN","height":"NaN","shapeStyle":2},"labelManager":{"labels":[{"type":"textLabel","@id":203,"inputText":"4","labelStyle":4,"shape":null,"layoutText":null}],"mainLabel":203},"properties":{},"orientationAtVertex":"FREE","reference":null},{"type":"port","@id":204,"shape":{"type":"rect","xposition":"NaN","yposition":"NaN","width":"NaN","height":"NaN","shapeStyle":2},"labelManager":{"labels":[{"type":"textLabel","@id":205,"inputText":"3","labelStyle":4,"shape":null,"layoutText":null}],"mainLabel":205},"properties":{},"orientationAtVertex":"FREE","reference":null},{"type":"port","@id":206,"shape":{"type":"rect","xposition":"NaN","yposition":"NaN","width":"NaN","height":"NaN","shapeStyle":2},"labelManager":{"labels":[{"type":"textLabel","@id":207,"inputText":"8","labelStyle":4,"shape":null,"layoutText":null}],"mainLabel":207},"properties":{},"orientationAtVertex":"FREE","reference":null},{"type":"port","@id":208,"shape":{"type":"rect","xposition":"NaN","yposition":"NaN","width":"NaN","height":"NaN","shapeStyle":2},"labelManager":{"labels":[{"type":"textLabel","@id":209,"inputText":"13","labelStyle":4,"shape":null,"layoutText":null}],"mainLabel":209},"properties":{},"orientationAtVertex":"FREE","reference":null},{"type":"port","@id":210,"shape":{"type":"rect","xposition":"NaN","yposition":"NaN","width":"NaN","height":"NaN","shapeStyle":23},"labelManager":{"labels":[{"type":"textLabel","@id":211,"inputText":"12","labelStyle":25,"shape":null,"layoutText":null}],"mainLabel":211},"properties":{},"orientationAtVertex":"FREE","reference":null},{"type":"port","@id":212,"shape":{"type":"rect","xposition":"NaN","yposition":"NaN","width":"NaN","height":"NaN","shapeStyle":23},"labelManager":{"labels":[{"type":"textLabel","@id":213,"inputText":"5","labelStyle":25,"shape":null,"layoutText":null}],"mainLabel":213},"properties":{},"orientationAtVertex":"FREE","reference":null},{"type":"port","@id":214,"shape":{"type":"rect","xposition":"NaN","yposition":"NaN","width":"NaN","height":"NaN","shapeStyle":23},"labelManager":{"labels":[{"type":"textLabel","@id":215,"inputText":"10","labelStyle":25,"shape":null,"layoutText":null}],"mainLabel":215},"properties":{},"orientationAtVertex":"FREE","reference":null},{"type":"port","@id":216,"shape":{"type":"rect","xposition":"NaN","yposition":"NaN","width":"NaN","height":"NaN","shapeStyle":23},"labelManager":{"labels":[{"type":"textLabel","@id":217,"inputText":"7","labelStyle":25,"shape":null,"layoutText":null}],"mainLabel":217},"properties":{},"orientationAtVertex":"FREE","reference":null},{"type":"port","@id":218,"shape":{"type":"rect","xposition":"NaN","yposition":"NaN","width":"NaN","height":"NaN","shapeStyle":23},"labelManager":{"labels":[{"type":"textLabel","@id":219,"inputText":"6","labelStyle":25,"shape":null,"layoutText":null}],"mainLabel":219},"properties":{},"orientationAtVertex":"FREE","reference":null},{"type":"port","@id":220,"shape":{"type":"rect","xposition":"NaN","yposition":"NaN","width":"NaN","height":"NaN","shapeStyle":23},"labelManager":{"labels":[{"type":"textLabel","@id":221,"inputText":"9","labelStyle":25,"shape":null,"layoutText":null}],"mainLabel":221},"properties":{},"orientationAtVertex":"FREE","reference":null}],"properties":{},"reference":null},{"type":"portGroup","@id":222,"ordered":false,"portCompositions":[{"type":"port","@id":223,"shape":{"type":"rect","xposition":"NaN","yposition":"NaN","width":"NaN","height":"NaN","shapeStyle":2},"labelManager":{"labels":[{"type":"textLabel","@id":224,"inputText":"11","labelStyle":4,"shape":null,"layoutText":null}],"mainLabel":224},"properties":{},"orientationAtVertex":"FREE","reference":null}],"properties":{},"reference":null}],"properties":{},"reference":"device"},{"@id":225,"shape":{"type":"rect","xposition":"NaN","yposition":"NaN","width":"NaN","height":"NaN","shapeStyle":2},"labelManager":{"labels":[{"type":"textLabel","@id":226,"inputText":"Anton","labelStyle":4,"shape":null,"layoutText":null}],"mainLabel":226},"portCompositions":[{"type":"portGroup","@id":227,"ordered":false,"portCompositions":[{"type":"port","@id":228,"shape":{"type":"rect","xposition":"NaN","yposition":"NaN","width":"NaN","height":"NaN","shapeStyle":2},"labelManager":{"labels":[{"type":"textLabel","@id":229,"inputText":"1","labelStyle":4,"shape":null,"layoutText":null}],"mainLabel":229},"properties":{},"orientationAtVertex":"FREE","reference":null},{"type":"port","@id":230,"shape":{"type":"rect","xposition":"NaN","yposition":"NaN","width":"NaN","height":"NaN","shapeStyle":2},"labelManager":{"labels":[{"type":"textLabel","@id":231,"inputText":"2","labelStyle":4,"shape":null,"layoutText":null}],"mainLabel":231},"properties":{},"orientationAtVertex":"FREE","reference":null},{"type":"port","@id":232,"shape":{"type":"rect","xposition":"NaN","yposition":"NaN","width":"NaN","height":"NaN","shapeStyle":2},"labelManager":{"labels":[{"type":"textLabel","@id":233,"inputText":"4","labelStyle":4,"shape":null,"layoutText":null}],"mainLabel":233},"properties":{},"orientationAtVertex":"FREE","reference":null},{"type":"port","@id":234,"shape":{"type":"rect","xposition":"NaN","yposition":"NaN","width":"NaN","height":"NaN","shapeStyle":2},"labelManager":{"labels":[{"type":"textLabel","@id":235,"inputText":"3","labelStyle":4,"shape":null,"layoutText":null}],"mainLabel":235},"properties":{},"orientationAtVertex":"FREE","reference":null},{"type":"port","@id":236,"shape":{"type":"rect","xposition":"NaN","yposition":"NaN","width":"NaN","height":"NaN","shapeStyle":2},"labelManager":{"labels":[{"type":"textLabel","@id":237,"inputText":"8","labelStyle":4,"shape":null,"layoutText":null}],"mainLabel":237},"properties":{},"orientationAtVertex":"FREE","reference":null},{"type":"port","@id":238,"shape":{"type":"rect","xposition":"NaN","yposition":"NaN","width":"NaN","height":"NaN","shapeStyle":2},"labelManager":{"labels":[{"type":"textLabel","@id":239,"inputText":"13","labelStyle":4,"shape":null,"layoutText":null}],"mainLabel":239},"properties":{},"orientationAtVertex":"FREE","reference":null},{"type":"port","@id":240,"shape":{"type":"rect","xposition":"NaN","yposition":"NaN","width":"NaN","height":"NaN","shapeStyle":23},"labelManager":{"labels":[{"type":"textLabel","@id":241,"inputText":"12","labelStyle":25,"shape":null,"layoutText":null}],"mainLabel":241},"properties":{},"orientationAtVertex":"FREE","reference":null},{"type":"port","@id":242,"shape":{"type":"rect","xposition":"NaN","yposition":"NaN","width":"NaN","height":"NaN","shapeStyle":23},"labelManager":{"labels":[{"type":"textLabel","@id":243,"inputText":"5","labelStyle":25,"shape":null,"layoutText":null}],"mainLabel":243},"properties":{},"orientationAtVertex":"FREE","reference":null},{"type":"port","@id":244,"shape":{"type":"rect","xposition":"NaN","yposition":"NaN","width":"NaN","height":"NaN","shapeStyle":23},"labelManager":{"labels":[{"type":"textLabel","@id":245,"inputText":"10","labelStyle":25,"shape":null,"layoutText":null}],"mainLabel":245},"properties":{},"orientationAtVertex":"FREE","reference":null},{"type":"port","@id":246,"shape":{"type":"rect","xposition":"NaN","yposition":"NaN","width":"NaN","height":"NaN","shapeStyle":23},"labelManager":{"labels":[{"type":"textLabel","@id":247,"inputText":"9","labelStyle":25,"shape":null,"layoutText":null}],"mainLabel":247},"properties":{},"orientationAtVertex":"FREE","reference":null}],"properties":{},"reference":null}],"properties":{},"reference":"plug"},{"@id":248,"shape":{"type":"rect","xposition":"NaN","yposition":"NaN","width":"NaN","height":"NaN","shapeStyle":2},"labelManager":{"labels":[{"type":"textLabel","@id":249,"inputText":"Maximilian","labelStyle":4,"shape":null,"layoutText":null}],"mainLabel":249},"portCompositions":[{"type":"portGroup","@id":250,"ordered":false,"portCompositions":[{"type":"port","@id":251,"shape":{"type":"rect","xposition":"NaN","yposition":"NaN","width":"NaN","height":"NaN","shapeStyle":2},"labelManager":{"labels":[{"type":"textLabel","@id":252,"inputText":"11","labelStyle":4,"shape":null,"layoutText":null}],"mainLabel":252},"properties":{},"orientationAtVertex":"FREE","reference":null},{"type":"port","@id":253,"shape":{"type":"rect","xposition":"NaN","yposition":"NaN","width":"NaN","height":"NaN","shapeStyle":23},"labelManager":{"labels":[{"type":"textLabel","@id":254,"inputText":"7","labelStyle":25,"shape":null,"layoutText":null}],"mainLabel":254},"properties":{},"orientationAtVertex":"FREE","reference":null},{"type":"port","@id":255,"shape":{"type":"rect","xposition":"NaN","yposition":"NaN","width":"NaN","height":"NaN","shapeStyle":23},"labelManager":{"labels":[{"type":"textLabel","@id":256,"inputText":"6","labelStyle":25,"shape":null,"layoutText":null}],"mainLabel":256},"properties":{},"orientationAtVertex":"FREE","reference":null}],"properties":{},"reference":null}],"properties":{},"reference":"plug"},{"@id":257,"shape":{"type":"rect","xposition":"NaN","yposition":"NaN","width":"NaN","height":"NaN","shapeStyle":2},"labelManager":{"labels":[{"type":"textLabel","@id":258,"inputText":"Theo","labelStyle":4,"shape":null,"layoutText":null}],"mainLabel":258},"portCompositions":[{"type":"portGroup","@id":259,"ordered":false,"portCompositions":[],"properties":{},"reference":null},{"type":"portGroup","@id":260,"ordered":false,"portCompositions":[],"properties":{},"reference":null},{"type":"portGroup","@id":261,"ordered":false,"portCompositions":[],"properties":{},"reference":null},{"type":"portGroup","@id":262,"ordered":false,"portCompositions":[{"type":"port","@id":263,"shape":{"type":"rect","xposition":"NaN","yposition":"NaN","width":"NaN","height":"NaN","shapeStyle":2},"labelManager":{"labels":[{"type":"textLabel","@id":264,"inputText":"5","labelStyle":4,"shape":null,"layoutText":null}],"mainLabel":264},"properties":{},"orientationAtVertex":"FREE","reference":null},{"type":"port","@id":265,"shape":{"type":"rect","xposition":"NaN","yposition":"NaN","width":"NaN","height":"NaN","shapeStyle":2},"labelManager":{"labels":[{"type":"textLabel","@id":266,"inputText":"6","labelStyle":4,"shape":null,"layoutText":null}],"mainLabel":266},"properties":{},"orientationAtVertex":"FREE","reference":null},{"type":"port","@id":267,"shape":{"type":"rect","xposition":"NaN","yposition":"NaN","width":"NaN","height":"NaN","shapeStyle":2},"labelManager":{"labels":[{"type":"textLabel","@id":268,"inputText":"8","labelStyle":4,"shape":null,"layoutText":null}],"mainLabel":268},"properties":{},"orientationAtVertex":"FREE","reference":null},{"type":"port","@id":269,"shape":{"type":"rect","xposition":"NaN","yposition":"NaN","width":"NaN","height":"NaN","shapeStyle":2},"labelManager":{"labels":[{"type":"textLabel","@id":270,"inputText":"3","labelStyle":4,"shape":null,"layoutText":null}],"mainLabel":270},"properties":{},"orientationAtVertex":"FREE","reference":null},{"type":"port","@id":271,"shape":{"type":"rect","xposition":"NaN","yposition":"NaN","width":"NaN","height":"NaN","shapeStyle":2},"labelManager":{"labels":[{"type":"textLabel","@id":272,"inputText":"9","labelStyle":4,"shape":null,"layoutText":null}],"mainLabel":272},"properties":{},"orientationAtVertex":"FREE","reference":null},{"type":"port","@id":273,"shape":{"type":"rect","xposition":"NaN","yposition":"NaN","width":"NaN","height":"NaN","shapeStyle":2},"labelManager":{"labels":[{"type":"textLabel","@id":274,"inputText":"2","labelStyle":4,"shape":null,"layoutText":null}],"mainLabel":274},"properties":{},"orientationAtVertex":"FREE","reference":null},{"type":"port","@id":275,"shape":{"type":"rect","xposition":"NaN","yposition":"NaN","width":"NaN","height":"NaN","shapeStyle":23},"labelManager":{"labels":[{"type":"textLabel","@id":276,"inputText":"7","labelStyle":25,"shape":null,"layoutText":null}],"mainLabel":276},"properties":{},"orientationAtVertex":"FREE","reference":null},{"type":"port","@id":277,"shape":{"type":"rect","xposition":"NaN","yposition":"NaN","width":"NaN","height":"NaN","shapeStyle":23},"labelManager":{"labels":[{"type":"textLabel","@id":278,"inputText":"4","labelStyle":25,"shape":null,"layoutText":null}],"mainLabel":278},"properties":{},"orientationAtVertex":"FREE","reference":null},{"type":"port","@id":279,"shape":{"type":"rect","xposition":"NaN","yposition":"NaN","width":"NaN","height":"NaN","shapeStyle":23},"labelManager":{"labels":[{"type":"textLabel","@id":280,"inputText":"1","labelStyle":25,"shape":null,"layoutText":null}],"mainLabel":280},"properties":{},"orientationAtVertex":"FREE","reference":null}],"properties":{},"reference":null}],"properties":{},"reference":"device"},{"@id":281,"shape":{"type":"rect","xposition":"NaN","yposition":"NaN","width":"NaN","height":"NaN","shapeStyle":2},"labelManager":{"labels":[{"type":"textLabel","@id":282,"inputText":"Samuel","labelStyle":4,"shape":null,"layoutText":null}],"mainLabel":282},"portCompositions":[{"type":"portGroup","@id":283,"ordered":false,"portCompositions":[{"type":"port","@id":284,"shape":{"type":"rect","xposition":"NaN","yposition":"NaN","width":"NaN","height":"NaN","shapeStyle":2},"labelManager":{"labels":[{"type":"textLabel","@id":285,"inputText":"5","labelStyle":4,"shape":null,"layoutText":null}],"mainLabel":285},"properties":{},"orientationAtVertex":"FREE","reference":null},{"type":"port","@id":286,"shape":{"type":"rect","xposition":"NaN","yposition":"NaN","width":"NaN","height":"NaN","shapeStyle":2},"labelManager":{"labels":[{"type":"textLabel","@id":287,"inputText":"6","labelStyle":4,"shape":null,"layoutText":null}],"mainLabel":287},"properties":{},"orientationAtVertex":"FREE","reference":null},{"type":"port","@id":288,"shape":{"type":"rect","xposition":"NaN","yposition":"NaN","width":"NaN","height":"NaN","shapeStyle":2},"labelManager":{"labels":[{"type":"textLabel","@id":289,"inputText":"8","labelStyle":4,"shape":null,"layoutText":null}],"mainLabel":289},"properties":{},"orientationAtVertex":"FREE","reference":null},{"type":"port","@id":290,"shape":{"type":"rect","xposition":"NaN","yposition":"NaN","width":"NaN","height":"NaN","shapeStyle":2},"labelManager":{"labels":[{"type":"textLabel","@id":291,"inputText":"3","labelStyle":4,"shape":null,"layoutText":null}],"mainLabel":291},"properties":{},"orientationAtVertex":"FREE","reference":null},{"type":"port","@id":292,"shape":{"type":"rect","xposition":"NaN","yposition":"NaN","width":"NaN","height":"NaN","shapeStyle":2},"labelManager":{"labels":[{"type":"textLabel","@id":293,"inputText":"9","labelStyle":4,"shape":null,"layoutText":null}],"mainLabel":293},"properties":{},"orientationAtVertex":"FREE","reference":null},{"type":"port","@id":294,"shape":{"type":"rect","xposition":"NaN","yposition":"NaN","width":"NaN","height":"NaN","shapeStyle":2},"labelManager":{"labels":[{"type":"textLabel","@id":295,"inputText":"2","labelStyle":4,"shape":null,"layoutText":null}],"mainLabel":295},"properties":{},"orientationAtVertex":"FREE","reference":null},{"type":"port","@id":296,"shape":{"type":"rect","xposition":"NaN","yposition":"NaN","width":"NaN","height":"NaN","shapeStyle":23},"labelManager":{"labels":[{"type":"textLabel","@id":297,"inputText":"7","labelStyle":25,"shape":null,"layoutText":null}],"mainLabel":297},"properties":{},"orientationAtVertex":"FREE","reference":null},{"type":"port","@id":298,"shape":{"type":"rect","xposition":"NaN","yposition":"NaN","width":"NaN","height":"NaN","shapeStyle":23},"labelManager":{"labels":[{"type":"textLabel","@id":299,"inputText":"4","labelStyle":25,"shape":null,"layoutText":null}],"mainLabel":299},"properties":{},"orientationAtVertex":"FREE","reference":null},{"type":"port","@id":300,"shape":{"type":"rect","xposition":"NaN","yposition":"NaN","width":"NaN","height":"NaN","shapeStyle":23},"labelManager":{"labels":[{"type":"textLabel","@id":301,"inputText":"1","labelStyle":25,"shape":null,"layoutText":null}],"mainLabel":301},"properties":{},"orientationAtVertex":"FREE","reference":null}],"properties":{},"reference":null}],"properties":{},"reference":"plug"},{"@id":302,"shape":{"type":"rect","xposition":"NaN","yposition":"NaN","width":"NaN","height":"NaN","shapeStyle":2},"labelManager":{"labels":[{"type":"textLabel","@id":303,"inputText":"Paul","labelStyle":4,"shape":null,"layoutText":null}],"mainLabel":303},"portCompositions":[{"type":"portGroup","@id":304,"ordered":false,"portCompositions":[{"type":"port","@id":305,"shape":{"type":"rect","xposition":"NaN","yposition":"NaN","width":"NaN","height":"NaN","shapeStyle":2},"labelManager":{"labels":[{"type":"textLabel","@id":306,"inputText":"9","labelStyle":4,"shape":null,"layoutText":null}],"mainLabel":306},"properties":{},"orientationAtVertex":"FREE","reference":null},{"type":"port","@id":307,"shape":{"type":"rect","xposition":"NaN","yposition":"NaN","width":"NaN","height":"NaN","shapeStyle":2},"labelManager":{"labels":[{"type":"textLabel","@id":308,"inputText":"12","labelStyle":4,"shape":null,"layoutText":null}],"mainLabel":308},"properties":{},"orientationAtVertex":"FREE","reference":null},{"type":"port","@id":309,"shape":{"type":"rect","xposition":"NaN","yposition":"NaN","width":"NaN","height":"NaN","shapeStyle":2},"labelManager":{"labels":[{"type":"textLabel","@id":310,"inputText":"4","labelStyle":4,"shape":null,"layoutText":null}],"mainLabel":310},"properties":{},"orientationAtVertex":"FREE","reference":null},{"type":"port","@id":311,"shape":{"type":"rect","xposition":"NaN","yposition":"NaN","width":"NaN","height":"NaN","shapeStyle":2},"labelManager":{"labels":[{"type":"textLabel","@id":312,"inputText":"8","labelStyle":4,"shape":null,"layoutText":null}],"mainLabel":312},"properties":{},"orientationAtVertex":"FREE","reference":null},{"type":"port","@id":313,"shape":{"type":"rect","xposition":"NaN","yposition":"NaN","width":"NaN","height":"NaN","shapeStyle":2},"labelManager":{"labels":[{"type":"textLabel","@id":314,"inputText":"11","labelStyle":4,"shape":null,"layoutText":null}],"mainLabel":314},"properties":{},"orientationAtVertex":"FREE","reference":null},{"type":"port","@id":315,"shape":{"type":"rect","xposition":"NaN","yposition":"NaN","width":"NaN","height":"NaN","shapeStyle":23},"labelManager":{"labels":[{"type":"textLabel","@id":316,"inputText":"7","labelStyle":25,"shape":null,"layoutText":null}],"mainLabel":316},"properties":{},"orientationAtVertex":"FREE","reference":null},{"type":"port","@id":317,"shape":{"type":"rect","xposition":"NaN","yposition":"NaN","width":"NaN","height":"NaN","shapeStyle":23},"labelManager":{"labels":[{"type":"textLabel","@id":318,"inputText":"5","labelStyle":25,"shape":null,"layoutText":null}],"mainLabel":318},"properties":{},"orientationAtVertex":"FREE","reference":null},{"type":"port","@id":319,"shape":{"type":"rect","xposition":"NaN","yposition":"NaN","width":"NaN","height":"NaN","shapeStyle":23},"labelManager":{"labels":[{"type":"textLabel","@id":320,"inputText":"6","labelStyle":25,"shape":null,"layoutText":null}],"mainLabel":320},"properties":{},"orientationAtVertex":"FREE","reference":null},{"type":"port","@id":321,"shape":{"type":"rect","xposition":"NaN","yposition":"NaN","width":"NaN","height":"NaN","shapeStyle":23},"labelManager":{"labels":[{"type":"textLabel","@id":322,"inputText":"10","labelStyle":25,"shape":null,"layoutText":null}],"mainLabel":322},"properties":{},"orientationAtVertex":"FREE","reference":null},{"type":"port","@id":323,"shape":{"type":"rect","xposition":"NaN","yposition":"NaN","width":"NaN","height":"NaN","shapeStyle":23},"labelManager":{"labels":[{"type":"textLabel","@id":324,"inputText":"2","labelStyle":25,"shape":null,"layoutText":null}],"mainLabel":324},"properties":{},"orientationAtVertex":"FREE","reference":null}],"properties":{},"reference":null},{"type":"portGroup","@id":325,"ordered":false,"portCompositions":[],"properties":{},"reference":null},{"type":"portGroup","@id":326,"ordered":false,"portCompositions":[{"type":"port","@id":327,"shape":{"type":"rect","xposition":"NaN","yposition":"NaN","width":"NaN","height":"NaN","shapeStyle":2},"labelManager":{"labels":[{"type":"textLabel","@id":328,"inputText":"1","labelStyle":4,"shape":null,"layoutText":null}],"mainLabel":328},"properties":{},"orientationAtVertex":"FREE","reference":null},{"type":"port","@id":329,"shape":{"type":"rect","xposition":"NaN","yposition":"NaN","width":"NaN","height":"NaN","shapeStyle":2},"labelManager":{"labels":[{"type":"textLabel","@id":330,"inputText":"3","labelStyle":4,"shape":null,"layoutText":null}],"mainLabel":330},"properties":{},"orientationAtVertex":"FREE","reference":null}],"properties":{},"reference":null},{"type":"portGroup","@id":331,"ordered":false,"portCompositions":[],"properties":{},"reference":null},{"type":"portGroup","@id":332,"ordered":false,"portCompositions":[],"properties":{},"reference":null}],"properties":{},"reference":"device"},{"@id":333,"shape":{"type":"rect","xposition":"NaN","yposition":"NaN","width":"NaN","height":"NaN","shapeStyle":2},"labelManager":{"labels":[{"type":"textLabel","@id":334,"inputText":"Johann","labelStyle":4,"shape":null,"layoutText":null}],"mainLabel":334},"portCompositions":[{"type":"portGroup","@id":335,"ordered":false,"portCompositions":[{"type":"port","@id":336,"shape":{"type":"rect","xposition":"NaN","yposition":"NaN","width":"NaN","height":"NaN","shapeStyle":2},"labelManager":{"labels":[{"type":"textLabel","@id":337,"inputText":"9","labelStyle":4,"shape":null,"layoutText":null}],"mainLabel":337},"properties":{},"orientationAtVertex":"FREE","reference":null},{"type":"port","@id":338,"shape":{"type":"rect","xposition":"NaN","yposition":"NaN","width":"NaN","height":"NaN","shapeStyle":2},"labelManager":{"labels":[{"type":"textLabel","@id":339,"inputText":"12","labelStyle":4,"shape":null,"layoutText":null}],"mainLabel":339},"properties":{},"orientationAtVertex":"FREE","reference":null},{"type":"port","@id":340,"shape":{"type":"rect","xposition":"NaN","yposition":"NaN","width":"NaN","height":"NaN","shapeStyle":2},"labelManager":{"labels":[{"type":"textLabel","@id":341,"inputText":"4","labelStyle":4,"shape":null,"layoutText":null}],"mainLabel":341},"properties":{},"orientationAtVertex":"FREE","reference":null},{"type":"port","@id":342,"shape":{"type":"rect","xposition":"NaN","yposition":"NaN","width":"NaN","height":"NaN","shapeStyle":2},"labelManager":{"labels":[{"type":"textLabel","@id":343,"inputText":"8","labelStyle":4,"shape":null,"layoutText":null}],"mainLabel":343},"properties":{},"orientationAtVertex":"FREE","reference":null},{"type":"port","@id":344,"shape":{"type":"rect","xposition":"NaN","yposition":"NaN","width":"NaN","height":"NaN","shapeStyle":2},"labelManager":{"labels":[{"type":"textLabel","@id":345,"inputText":"11","labelStyle":4,"shape":null,"layoutText":null}],"mainLabel":345},"properties":{},"orientationAtVertex":"FREE","reference":null},{"type":"port","@id":346,"shape":{"type":"rect","xposition":"NaN","yposition":"NaN","width":"NaN","height":"NaN","shapeStyle":23},"labelManager":{"labels":[{"type":"textLabel","@id":347,"inputText":"10","labelStyle":25,"shape":null,"layoutText":null}],"mainLabel":347},"properties":{},"orientationAtVertex":"FREE","reference":null}],"properties":{},"reference":null}],"properties":{},"reference":"plug"},{"@id":348,"shape":{"type":"rect","xposition":"NaN","yposition":"NaN","width":"NaN","height":"NaN","shapeStyle":2},"labelManager":{"labels":[{"type":"textLabel","@id":349,"inputText":"Frederik","labelStyle":4,"shape":null,"layoutText":null}],"mainLabel":349},"portCompositions":[{"type":"portGroup","@id":350,"ordered":false,"portCompositions":[{"type":"port","@id":351,"shape":{"type":"rect","xposition":"NaN","yposition":"NaN","width":"NaN","height":"NaN","shapeStyle":2},"labelManager":{"labels":[{"type":"textLabel","@id":352,"inputText":"1","labelStyle":4,"shape":null,"layoutText":null}],"mainLabel":352},"properties":{},"orientationAtVertex":"FREE","reference":null},{"type":"port","@id":353,"shape":{"type":"rect","xposition":"NaN","yposition":"NaN","width":"NaN","height":"NaN","shapeStyle":2},"labelManager":{"labels":[{"type":"textLabel","@id":354,"inputText":"3","labelStyle":4,"shape":null,"layoutText":null}],"mainLabel":354},"properties":{},"orientationAtVertex":"FREE","reference":null},{"type":"port","@id":355,"shape":{"type":"rect","xposition":"NaN","yposition":"NaN","width":"NaN","height":"NaN","shapeStyle":23},"labelManager":{"labels":[{"type":"textLabel","@id":356,"inputText":"5","labelStyle":25,"shape":null,"layoutText":null}],"mainLabel":356},"properties":{},"orientationAtVertex":"FREE","reference":null},{"type":"port","@id":357,"shape":{"type":"rect","xposition":"NaN","yposition":"NaN","width":"NaN","height":"NaN","shapeStyle":23},"labelManager":{"labels":[{"type":"textLabel","@id":358,"inputText":"2","labelStyle":25,"shape":null,"layoutText":null}],"mainLabel":358},"properties":{},"orientationAtVertex":"FREE","reference":null}],"properties":{},"reference":null}],"properties":{},"reference":"plug"},{"@id":359,"shape":{"type":"rect","xposition":"NaN","yposition":"NaN","width":"NaN","height":"NaN","shapeStyle":2},"labelManager":{"labels":[{"type":"textLabel","@id":360,"inputText":"Karl","labelStyle":4,"shape":null,"layoutText":null}],"mainLabel":360},"portCompositions":[{"type":"port","@id":361,"shape":{"type":"rect","xposition":"NaN","yposition":"NaN","width":"NaN","height":"NaN","shapeStyle":2},"labelManager":{"labels":[{"type":"textLabel","@id":362,"inputText":"1","labelStyle":4,"shape":null,"layoutText":null}],"mainLabel":362},"properties":{},"orientationAtVertex":"FREE","reference":null}],"properties":{},"reference":"splice"},{"@id":363,"shape":null,"labelManager":{"labels":[{"type":"textLabel","@id":364,"inputText":"Jakob","labelStyle":25,"shape":null,"layoutText":null}],"mainLabel":364},"portCompositions":[{"type":"portGroup","@id":365,"ordered":false,"portCompositions":[{"type":"port","@id":366,"shape":{"type":"rect","xposition":"NaN","yposition":"NaN","width":"NaN","height":"NaN","shapeStyle":23},"labelManager":{"labels":[{"type":"textLabel","@id":367,"inputText":"1","labelStyle":25,"shape":null,"layoutText":null}],"mainLabel":367},"properties":{},"orientationAtVertex":"FREE","reference":null}],"properties":{},"reference":null}],"properties":{},"reference":null},{"@id":368,"shape":null,"labelManager":{"labels":[{"type":"textLabel","@id":369,"inputText":"Henry","labelStyle":25,"shape":null,"layoutText":null}],"mainLabel":369},"portCompositions":[{"type":"portGroup","@id":370,"ordered":false,"portCompositions":[{"type":"port","@id":371,"shape":{"type":"rect","xposition":"NaN","yposition":"NaN","width":"NaN","height":"NaN","shapeStyle":23},"labelManager":{"labels":[{"type":"textLabel","@id":372,"inputText":"1","labelStyle":25,"shape":null,"layoutText":null}],"mainLabel":372},"properties":{},"orientationAtVertex":"FREE","reference":null}],"properties":{},"reference":null}],"properties":{},"reference":null},{"@id":373,"shape":null,"labelManager":{"labels":[{"type":"textLabel","@id":374,"inputText":"Leonard","labelStyle":25,"shape":null,"layoutText":null}],"mainLabel":374},"portCompositions":[{"type":"portGroup","@id":375,"ordered":false,"portCompositions":[{"type":"port","@id":376,"shape":{"type":"rect","xposition":"NaN","yposition":"NaN","width":"NaN","height":"NaN","shapeStyle":23},"labelManager":{"labels":[{"type":"textLabel","@id":377,"inputText":"3","labelStyle":25,"shape":null,"layoutText":null}],"mainLabel":377},"properties":{},"orientationAtVertex":"FREE","reference":null},{"type":"port","@id":378,"shape":{"type":"rect","xposition":"NaN","yposition":"NaN","width":"NaN","height":"NaN","shapeStyle":23},"labelManager":{"labels":[{"type":"textLabel","@id":379,"inputText":"11","labelStyle":25,"shape":null,"layoutText":null}],"mainLabel":379},"properties":{},"orientationAtVertex":"FREE","reference":null},{"type":"port","@id":380,"shape":{"type":"rect","xposition":"NaN","yposition":"NaN","width":"NaN","height":"NaN","shapeStyle":23},"labelManager":{"labels":[{"type":"textLabel","@id":381,"inputText":"1","labelStyle":25,"shape":null,"layoutText":null}],"mainLabel":381},"properties":{},"orientationAtVertex":"FREE","reference":null},{"type":"port","@id":382,"shape":{"type":"rect","xposition":"NaN","yposition":"NaN","width":"NaN","height":"NaN","shapeStyle":23},"labelManager":{"labels":[{"type":"textLabel","@id":383,"inputText":"8","labelStyle":25,"shape":null,"layoutText":null}],"mainLabel":383},"properties":{},"orientationAtVertex":"FREE","reference":null},{"type":"port","@id":384,"shape":{"type":"rect","xposition":"NaN","yposition":"NaN","width":"NaN","height":"NaN","shapeStyle":23},"labelManager":{"labels":[{"type":"textLabel","@id":385,"inputText":"7","labelStyle":25,"shape":null,"layoutText":null}],"mainLabel":385},"properties":{},"orientationAtVertex":"FREE","reference":null},{"type":"port","@id":386,"shape":{"type":"rect","xposition":"NaN","yposition":"NaN","width":"NaN","height":"NaN","shapeStyle":23},"labelManager":{"labels":[{"type":"textLabel","@id":387,"inputText":"5","labelStyle":25,"shape":null,"layoutText":null}],"mainLabel":387},"properties":{},"orientationAtVertex":"FREE","reference":null},{"type":"port","@id":388,"shape":{"type":"rect","xposition":"NaN","yposition":"NaN","width":"NaN","height":"NaN","shapeStyle":23},"labelManager":{"labels":[{"type":"textLabel","@id":389,"inputText":"9","labelStyle":25,"shape":null,"layoutText":null}],"mainLabel":389},"properties":{},"orientationAtVertex":"FREE","reference":null},{"type":"port","@id":390,"shape":{"type":"rect","xposition":"NaN","yposition":"NaN","width":"NaN","height":"NaN","shapeStyle":23},"labelManager":{"labels":[{"type":"textLabel","@id":391,"inputText":"4","labelStyle":25,"shape":null,"layoutText":null}],"mainLabel":391},"properties":{},"orientationAtVertex":"FREE","reference":null},{"type":"port","@id":392,"shape":{"type":"rect","xposition":"NaN","yposition":"NaN","width":"NaN","height":"NaN","shapeStyle":23},"labelManager":{"labels":[{"type":"textLabel","@id":393,"inputText":"6","labelStyle":25,"shape":null,"layoutText":null}],"mainLabel":393},"properties":{},"orientationAtVertex":"FREE","reference":null},{"type":"port","@id":394,"shape":{"type":"rect","xposition":"NaN","yposition":"NaN","width":"NaN","height":"NaN","shapeStyle":23},"labelManager":{"labels":[{"type":"textLabel","@id":395,"inputText":"10","labelStyle":25,"shape":null,"layoutText":null}],"mainLabel":395},"properties":{},"orientationAtVertex":"FREE","reference":null},{"type":"port","@id":396,"shape":{"type":"rect","xposition":"NaN","yposition":"NaN","width":"NaN","height":"NaN","shapeStyle":23},"labelManager":{"labels":[{"type":"textLabel","@id":397,"inputText":"2","labelStyle":25,"shape":null,"layoutText":null}],"mainLabel":397},"properties":{},"orientationAtVertex":"FREE","reference":null}],"properties":{},"reference":null}],"properties":{},"reference":null},{"@id":398,"shape":null,"labelManager":{"labels":[{"type":"textLabel","@id":399,"inputText":"Jan","labelStyle":25,"shape":null,"layoutText":null}],"mainLabel":399},"portCompositions":[{"type":"portGroup","@id":400,"ordered":false,"portCompositions":[{"type":"port","@id":401,"shape":{"type":"rect","xposition":"NaN","yposition":"NaN","width":"NaN","height":"NaN","shapeStyle":23},"labelManager":{"labels":[{"type":"textLabel","@id":402,"inputText":"3","labelStyle":25,"shape":null,"layoutText":null}],"mainLabel":402},"properties":{},"orientationAtVertex":"FREE","reference":null},{"type":"port","@id":403,"shape":{"type":"rect","xposition":"NaN","yposition":"NaN","width":"NaN","height":"NaN","shapeStyle":23},"labelManager":{"labels":[{"type":"textLabel","@id":404,"inputText":"11","labelStyle":25,"shape":null,"layoutText":null}],"mainLabel":404},"properties":{},"orientationAtVertex":"FREE","reference":null},{"type":"port","@id":405,"shape":{"type":"rect","xposition":"NaN","yposition":"NaN","width":"NaN","height":"NaN","shapeStyle":23},"labelManager":{"labels":[{"type":"textLabel","@id":406,"inputText":"1","labelStyle":25,"shape":null,"layoutText":null}],"mainLabel":406},"properties":{},"orientationAtVertex":"FREE","reference":null},{"type":"port","@id":407,"shape":{"type":"rect","xposition":"NaN","yposition":"NaN","width":"NaN","height":"NaN","shapeStyle":23},"labelManager":{"labels":[{"type":"textLabel","@id":408,"inputText":"8","labelStyle":25,"shape":null,"layoutText":null}],"mainLabel":408},"properties":{},"orientationAtVertex":"FREE","reference":null},{"type":"port","@id":409,"shape":{"type":"rect","xposition":"NaN","yposition":"NaN","width":"NaN","height":"NaN","shapeStyle":23},"labelManager":{"labels":[{"type":"textLabel","@id":410,"inputText":"7","labelStyle":25,"shape":null,"layoutText":null}],"mainLabel":410},"properties":{},"orientationAtVertex":"FREE","reference":null},{"type":"port","@id":411,"shape":{"type":"rect","xposition":"NaN","yposition":"NaN","width":"NaN","height":"NaN","shapeStyle":23},"labelManager":{"labels":[{"type":"textLabel","@id":412,"inputText":"5","labelStyle":25,"shape":null,"layoutText":null}],"mainLabel":412},"properties":{},"orientationAtVertex":"FREE","reference":null},{"type":"port","@id":413,"shape":{"type":"rect","xposition":"NaN","yposition":"NaN","width":"NaN","height":"NaN","shapeStyle":23},"labelManager":{"labels":[{"type":"textLabel","@id":414,"inputText":"9","labelStyle":25,"shape":null,"layoutText":null}],"mainLabel":414},"properties":{},"orientationAtVertex":"FREE","reference":null},{"type":"port","@id":415,"shape":{"type":"rect","xposition":"NaN","yposition":"NaN","width":"NaN","height":"NaN","shapeStyle":23},"labelManager":{"labels":[{"type":"textLabel","@id":416,"inputText":"4","labelStyle":25,"shape":null,"layoutText":null}],"mainLabel":416},"properties":{},"orientationAtVertex":"FREE","reference":null},{"type":"port","@id":417,"shape":{"type":"rect","xposition":"NaN","yposition":"NaN","width":"NaN","height":"NaN","shapeStyle":23},"labelManager":{"labels":[{"type":"textLabel","@id":418,"inputText":"6","labelStyle":25,"shape":null,"layoutText":null}],"mainLabel":418},"properties":{},"orientationAtVertex":"FREE","reference":null},{"type":"port","@id":419,"shape":{"type":"rect","xposition":"NaN","yposition":"NaN","width":"NaN","height":"NaN","shapeStyle":23},"labelManager":{"labels":[{"type":"textLabel","@id":420,"inputText":"10","labelStyle":25,"shape":null,"layoutText":null}],"mainLabel":420},"properties":{},"orientationAtVertex":"FREE","reference":null},{"type":"port","@id":421,"shape":{"type":"rect","xposition":"NaN","yposition":"NaN","width":"NaN","height":"NaN","shapeStyle":23},"labelManager":{"labels":[{"type":"textLabel","@id":422,"inputText":"2","labelStyle":25,"shape":null,"layoutText":null}],"mainLabel":422},"properties":{},"orientationAtVertex":"FREE","reference":null}],"properties":{},"reference":null}],"properties":{},"reference":null},{"@id":423,"shape":null,"labelManager":{"labels":[{"type":"textLabel","@id":424,"inputText":"Alexander","labelStyle":25,"shape":null,"layoutText":null}],"mainLabel":424},"portCompositions":[{"type":"portGroup","@id":425,"ordered":false,"portCompositions":[{"type":"port","@id":426,"shape":{"type":"rect","xposition":"NaN","yposition":"NaN","width":"NaN","height":"NaN","shapeStyle":23},"labelManager":{"labels":[{"type":"textLabel","@id":427,"inputText":"4","labelStyle":25,"shape":null,"layoutText":null}],"mainLabel":427},"properties":{},"orientationAtVertex":"FREE","reference":null},{"type":"port","@id":428,"shape":{"type":"rect","xposition":"NaN","yposition":"NaN","width":"NaN","height":"NaN","shapeStyle":23},"labelManager":{"labels":[{"type":"textLabel","@id":429,"inputText":"1","labelStyle":25,"shape":null,"layoutText":null}],"mainLabel":429},"properties":{},"orientationAtVertex":"FREE","reference":null},{"type":"port","@id":430,"shape":{"type":"rect","xposition":"NaN","yposition":"NaN","width":"NaN","height":"NaN","shapeStyle":23},"labelManager":{"labels":[{"type":"textLabel","@id":431,"inputText":"2","labelStyle":25,"shape":null,"layoutText":null}],"mainLabel":431},"properties":{},"orientationAtVertex":"FREE","reference":null},{"type":"port","@id":432,"shape":{"type":"rect","xposition":"NaN","yposition":"NaN","width":"NaN","height":"NaN","shapeStyle":23},"labelManager":{"labels":[{"type":"textLabel","@id":433,"inputText":"3","labelStyle":25,"shape":null,"layoutText":null}],"mainLabel":433},"properties":{},"orientationAtVertex":"FREE","reference":null}],"properties":{},"reference":null}],"properties":{},"reference":null},{"@id":434,"shape":null,"labelManager":{"labels":[{"type":"textLabel","@id":435,"inputText":"Ben","labelStyle":25,"shape":null,"layoutText":null}],"mainLabel":435},"portCompositions":[{"type":"portGroup","@id":436,"ordered":false,"portCompositions":[{"type":"port","@id":437,"shape":{"type":"rect","xposition":"NaN","yposition":"NaN","width":"NaN","height":"NaN","shapeStyle":23},"labelManager":{"labels":[{"type":"textLabel","@id":438,"inputText":"4","labelStyle":25,"shape":null,"layoutText":null}],"mainLabel":438},"properties":{},"orientationAtVertex":"FREE","reference":null},{"type":"port","@id":439,"shape":{"type":"rect","xposition":"NaN","yposition":"NaN","width":"NaN","height":"NaN","shapeStyle":23},"labelManager":{"labels":[{"type":"textLabel","@id":440,"inputText":"3","labelStyle":25,"shape":null,"layoutText":null}],"mainLabel":440},"properties":{},"orientationAtVertex":"FREE","reference":null}],"properties":{},"reference":null}],"properties":{},"reference":null},{"@id":441,"shape":null,"labelManager":{"labels":[{"type":"textLabel","@id":442,"inputText":"Vincent","labelStyle":25,"shape":null,"layoutText":null}],"mainLabel":442},"portCompositions":[{"type":"portGroup","@id":443,"ordered":false,"portCompositions":[{"type":"port","@id":444,"shape":{"type":"rect","xposition":"NaN","yposition":"NaN","width":"NaN","height":"NaN","shapeStyle":23},"labelManager":{"labels":[{"type":"textLabel","@id":445,"inputText":"7","labelStyle":25,"shape":null,"layoutText":null}],"mainLabel":445},"properties":{},"orientationAtVertex":"FREE","reference":null},{"type":"port","@id":446,"shape":{"type":"rect","xposition":"NaN","yposition":"NaN","width":"NaN","height":"NaN","shapeStyle":23},"labelManager":{"labels":[{"type":"textLabel","@id":447,"inputText":"6","labelStyle":25,"shape":null,"layoutText":null}],"mainLabel":447},"properties":{},"orientationAtVertex":"FREE","reference":null}],"properties":{},"reference":null}],"properties":{},"reference":null},{"@id":448,"shape":null,"labelManager":{"labels":[{"type":"textLabel","@id":449,"inputText":"Luis","labelStyle":25,"shape":null,"layoutText":null}],"mainLabel":449},"portCompositions":[{"type":"portGroup","@id":450,"ordered":false,"portCompositions":[{"type":"port","@id":451,"shape":{"type":"rect","xposition":"NaN","yposition":"NaN","width":"NaN","height":"NaN","shapeStyle":23},"labelManager":{"labels":[{"type":"textLabel","@id":452,"inputText":"2","labelStyle":25,"shape":null,"layoutText":null}],"mainLabel":452},"properties":{},"orientationAtVertex":"FREE","reference":null},{"type":"port","@id":453,"shape":{"type":"rect","xposition":"NaN","yposition":"NaN","width":"NaN","height":"NaN","shapeStyle":23},"labelManager":{"labels":[{"type":"textLabel","@id":454,"inputText":"4","labelStyle":25,"shape":null,"layoutText":null}],"mainLabel":454},"properties":{},"orientationAtVertex":"FREE","reference":null},{"type":"port","@id":455,"shape":{"type":"rect","xposition":"NaN","yposition":"NaN","width":"NaN","height":"NaN","shapeStyle":23},"labelManager":{"labels":[{"type":"textLabel","@id":456,"inputText":"3","labelStyle":25,"shape":null,"layoutText":null}],"mainLabel":456},"properties":{},"orientationAtVertex":"FREE","reference":null}],"properties":{},"reference":null}],"properties":{},"reference":null},{"@id":457,"shape":null,"labelManager":{"labels":[{"type":"textLabel","@id":458,"inputText":"Levi","labelStyle":25,"shape":null,"layoutText":null}],"mainLabel":458},"portCompositions":[{"type":"portGroup","@id":459,"ordered":false,"portCompositions":[{"type":"port","@id":460,"shape":{"type":"rect","xposition":"NaN","yposition":"NaN","width":"NaN","height":"NaN","shapeStyle":23},"labelManager":{"labels":[{"type":"textLabel","@id":461,"inputText":"1","labelStyle":25,"shape":null,"layoutText":null}],"mainLabel":461},"properties":{},"orientationAtVertex":"FREE","reference":null},{"type":"port","@id":462,"shape":{"type":"rect","xposition":"NaN","yposition":"NaN","width":"NaN","height":"NaN","shapeStyle":23},"labelManager":{"labels":[{"type":"textLabel","@id":463,"inputText":"6","labelStyle":25,"shape":null,"layoutText":null}],"mainLabel":463},"properties":{},"orientationAtVertex":"FREE","reference":null},{"type":"port","@id":464,"shape":{"type":"rect","xposition":"NaN","yposition":"NaN","width":"NaN","height":"NaN","shapeStyle":23},"labelManager":{"labels":[{"type":"textLabel","@id":465,"inputText":"7","labelStyle":25,"shape":null,"layoutText":null}],"mainLabel":465},"properties":{},"orientationAtVertex":"FREE","reference":null},{"type":"port","@id":466,"shape":{"type":"rect","xposition":"NaN","yposition":"NaN","width":"NaN","height":"NaN","shapeStyle":23},"labelManager":{"labels":[{"type":"textLabel","@id":467,"inputText":"2","labelStyle":25,"shape":null,"layoutText":null}],"mainLabel":467},"properties":{},"orientationAtVertex":"FREE","reference":null},{"type":"port","@id":468,"shape":{"type":"rect","xposition":"NaN","yposition":"NaN","width":"NaN","height":"NaN","shapeStyle":23},"labelManager":{"labels":[{"type":"textLabel","@id":469,"inputText":"5","labelStyle":25,"shape":null,"layoutText":null}],"mainLabel":469},"properties":{},"orientationAtVertex":"FREE","reference":null}],"properties":{},"reference":null}],"properties":{},"reference":null},{"@id":470,"shape":null,"labelManager":{"labels":[{"type":"textLabel","@id":471,"inputText":"Ali","labelStyle":25,"shape":null,"layoutText":null}],"mainLabel":471},"portCompositions":[{"type":"portGroup","@id":472,"ordered":false,"portCompositions":[{"type":"port","@id":473,"shape":{"type":"rect","xposition":"NaN","yposition":"NaN","width":"NaN","height":"NaN","shapeStyle":23},"labelManager":{"labels":[{"type":"textLabel","@id":474,"inputText":"1","labelStyle":25,"shape":null,"layoutText":null}],"mainLabel":474},"properties":{},"orientationAtVertex":"FREE","reference":null},{"type":"port","@id":475,"shape":{"type":"rect","xposition":"NaN","yposition":"NaN","width":"NaN","height":"NaN","shapeStyle":23},"labelManager":{"labels":[{"type":"textLabel","@id":476,"inputText":"2","labelStyle":25,"shape":null,"layoutText":null}],"mainLabel":476},"properties":{},"orientationAtVertex":"FREE","reference":null}],"properties":{},"reference":null}],"properties":{},"reference":null}],"vertexGroups":[{"@id":477,"drawnFrame":false,"labelManager":{"labels":[],"mainLabel":null},"shape":null,"containedVertices":[15,26,457],"containedVertexGroups":[],"touchingPairs":[{"vertex0":15,"horizontalPlacementVertex0":"FREE","verticalPlacementVertex0":"TOP","vertex1":26,"horizontalPlacementVertex1":"FREE","verticalPlacementVertex1":"FREE"},{"vertex0":26,"horizontalPlacementVertex0":"FREE","verticalPlacementVertex0":"FREE","vertex1":457,"horizontalPlacementVertex1":"FREE","verticalPlacementVertex1":"FREE"}],"portPairings":[{"port0":18,"port1":29},{"port0":20,"port1":31},{"port0":33,"port1":460},{"port0":35,"port1":462},{"port0":37,"port1":464},{"port0":39,"port1":22},{"port0":41,"port1":466},{"port0":43,"port1":468}],"properties":{},"reference":null},{"@id":478,"drawnFrame":false,"labelManager":{"labels":[],"mainLabel":null},"shape":null,"containedVertices":[69,82,448],"containedVertexGroups":[],"touchingPairs":[{"vertex0":69,"horizontalPlacementVertex0":"FREE","verticalPlacementVertex0":"TOP","vertex1":82,"horizontalPlacementVertex1":"FREE","verticalPlacementVertex1":"FREE"},{"vertex0":82,"horizontalPlacementVertex0":"FREE","verticalPlacementVertex0":"FREE","vertex1":448,"horizontalPlacementVertex1":"FREE","verticalPlacementVertex1":"FREE"}],"portPairings":[{"port0":72,"port1":85},{"port0":74,"port1":87},{"port0":89,"port1":451},{"port0":91,"port1":76},{"port0":93,"port1":453},{"port0":95,"port1":78},{"port0":97,"port1":455},{"port0":99,"port1":80}],"properties":{},"reference":null},{"@id":479,"drawnFrame":false,"labelManager":{"labels":[],"mainLabel":null},"shape":null,"containedVertices":[109,130],"containedVertexGroups":[],"touchingPairs":[{"vertex0":109,"horizontalPlacementVertex0":"FREE","verticalPlacementVertex0":"TOP","vertex1":130,"horizontalPlacementVertex1":"FREE","verticalPlacementVertex1":"FREE"}],"portPairings":[{"port0":118,"port1":139},{"port0":114,"port1":135},{"port0":116,"port1":137},{"port0":112,"port1":133},{"port0":120,"port1":141},{"port0":122,"port1":143},{"port0":124,"port1":145},{"port0":126,"port1":147},{"port0":128,"port1":149}],"properties":{},"reference":null},{"@id":480,"drawnFrame":false,"labelManager":{"labels":[],"mainLabel":null},"shape":null,"containedVertices":[195,225,248],"containedVertexGroups":[],"touchingPairs":[{"vertex0":195,"horizontalPlacementVertex0":"FREE","verticalPlacementVertex0":"TOP","vertex1":225,"horizontalPlacementVertex1":"FREE","verticalPlacementVertex1":"FREE"},{"vertex0":195,"horizontalPlacementVertex0":"FREE","verticalPlacementVertex0":"TOP","vertex1":248,"horizontalPlacementVertex1":"FREE","verticalPlacementVertex1":"FREE"}],"portPairings":[{"port0":202,"port1":232},{"port0":198,"port1":228},{"port0":206,"port1":236},{"port0":208,"port1":238},{"port0":204,"port1":234},{"port0":200,"port1":230},{"port0":223,"port1":251},{"port0":210,"port1":240},{"port0":212,"port1":242},{"port0":214,"port1":244},{"port0":216,"port1":253},{"port0":218,"port1":255},{"port0":220,"port1":246}],"properties":{},"reference":null},{"@id":481,"drawnFrame":false,"labelManager":{"labels":[],"mainLabel":null},"shape":null,"containedVertices":[257,281],"containedVertexGroups":[],"touchingPairs":[{"vertex0":257,"horizontalPlacementVertex0":"FREE","verticalPlacementVertex0":"TOP","vertex1":281,"horizontalPlacementVertex1":"FREE","verticalPlacementVertex1":"FREE"}],"portPairings":[{"port0":269,"port1":290},{"port0":267,"port1":288},{"port0":265,"port1":286},{"port0":263,"port1":284},{"port0":273,"port1":294},{"port0":271,"port1":292},{"port0":275,"port1":296},{"port0":277,"port1":298},{"port0":279,"port1":300}],"properties":{},"reference":null},{"@id":482,"drawnFrame":false,"labelManager":{"labels":[],"mainLabel":null},"shape":null,"containedVertices":[302,333,348,441],"containedVertexGroups":[],"touchingPairs":[{"vertex0":302,"horizontalPlacementVertex0":"FREE","verticalPlacementVertex0":"TOP","vertex1":333,"horizontalPlacementVertex1":"FREE","verticalPlacementVertex1":"FREE"},{"vertex0":302,"horizontalPlacementVertex0":"FREE","verticalPlacementVertex0":"TOP","vertex1":348,"horizontalPlacementVertex1":"FREE","verticalPlacementVertex1":"FREE"},{"vertex0":302,"horizontalPlacementVertex0":"FREE","verticalPlacementVertex0":"FREE","vertex1":441,"horizontalPlacementVertex1":"FREE","verticalPlacementVertex1":"FREE"}],"portPairings":[{"port0":311,"port1":342},{"port0":307,"port1":338},{"port0":305,"port1":336},{"port0":313,"port1":344},{"port0":309,"port1":340},{"port0":327,"port1":351},{"port0":329,"port1":353},{"port0":315,"port1":444},{"port0":317,"port1":355},{"port0":319,"port1":446},{"port0":321,"port1":346},{"port0":323,"port1":357}],"properties":{},"reference":null},{"@id":483,"drawnFrame":false,"labelManager":{"labels":[],"mainLabel":null},"shape":null,"containedVertices":[373,398],"containedVertexGroups":[],"touchingPairs":[{"vertex0":373,"horizontalPlacementVertex0":"FREE","verticalPlacementVertex0":"FREE","vertex1":398,"horizontalPlacementVertex1":"FREE","verticalPlacementVertex1":"FREE"}],"portPairings":[{"port0":376,"port1":401},{"port0":378,"port1":403},{"port0":380,"port1":405},{"port0":382,"port1":407},{"port0":384,"port1":409},{"port0":386,"port1":411},{"port0":388,"port1":413},{"port0":390,"port1":415},{"port0":392,"port1":417},{"port0":394,"port1":419},{"port0":396,"port1":421}],"properties":{},"reference":null},{"@id":484,"drawnFrame":false,"labelManager":{"labels":[],"mainLabel":null},"shape":null,"containedVertices":[423,434,470],"containedVertexGroups":[],"touchingPairs":[{"vertex0":423,"horizontalPlacementVertex0":"FREE","verticalPlacementVertex0":"FREE","vertex1":434,"horizontalPlacementVertex1":"FREE","verticalPlacementVertex1":"FREE"},{"vertex0":423,"horizontalPlacementVertex0":"FREE","verticalPlacementVertex0":"FREE","vertex1":470,"horizontalPlacementVertex1":"FREE","verticalPlacementVertex1":"FREE"}],"portPairings":[{"port0":426,"port1":437},{"port0":428,"port1":473},{"port0":430,"port1":475},{"port0":432,"port1":439}],"properties":{},"reference":null}],"edges":[{"@id":485,"ports":[165,292],"labelManager":{"innerLabels":[{"type":"textLabel","@id":486,"inputText":"Carl","labelStyle":4,"shape":null,"layoutText":null}],"allPortLabels":[],"mainLabel":486},"pathStyle":{"@id":487,"description":"default path style","thickness":-1.0,"color":{"argb":"ff000000"}},"paths":[],"properties":{},"reference":null},{"@id":488,"ports":[251,361],"labelManager":{"innerLabels":[{"type":"textLabel","@id":489,"inputText":"Heinrich","labelStyle":4,"shape":null,"layoutText":null}],"allPortLabels":[],"mainLabel":489},"pathStyle":487,"paths":[],"properties":{},"reference":null},{"@id":490,"ports":[133,157],"labelManager":{"innerLabels":[{"type":"textLabel","@id":491,"inputText":"Deniz","labelStyle":4,"shape":null,"layoutText":null}],"allPortLabels":[],"mainLabel":491},"pathStyle":487,"paths":[],"properties":{},"reference":null},{"@id":492,"ports":[236,13],"labelManager":{"innerLabels":[{"type":"textLabel","@id":493,"inputText":"Mika","labelStyle":4,"shape":null,"layoutText":null}],"allPortLabels":[],"mainLabel":493},"pathStyle":487,"paths":[],"properties":{},"reference":null},{"@id":494,"ports":[177,232],"labelManager":{"innerLabels":[{"type":"textLabel","@id":495,"inputText":"Piet","labelStyle":4,"shape":null,"layoutText":null}],"allPortLabels":[],"mainLabel":495},"pathStyle":487,"paths":[],"properties":{},"reference":null},{"@id":496,"ports":[238,107],"labelManager":{"innerLabels":[{"type":"textLabel","@id":497,"inputText":"Timo","labelStyle":4,"shape":null,"layoutText":null}],"allPortLabels":[],"mainLabel":497},"pathStyle":487,"paths":[],"properties":{},"reference":null},{"@id":498,"ports":[228,103],"labelManager":{"innerLabels":[{"type":"textLabel","@id":499,"inputText":"Henrik","labelStyle":4,"shape":null,"layoutText":null}],"allPortLabels":[],"mainLabel":499},"pathStyle":487,"paths":[],"properties":{},"reference":null},{"@id":500,"ports":[230,55],"labelManager":{"innerLabels":[{"type":"textLabel","@id":501,"inputText":"Rafael","labelStyle":4,"shape":null,"layoutText":null}],"allPortLabels":[],"mainLabel":501},"pathStyle":487,"paths":[],"properties":{},"reference":null},{"@id":502,"ports":[157,67],"labelManager":{"innerLabels":[{"type":"textLabel","@id":503,"inputText":"Milo","labelStyle":4,"shape":null,"layoutText":null}],"allPortLabels":[],"mainLabel":503},"pathStyle":487,"paths":[],"properties":{},"reference":null},{"@id":504,"ports":[234,63],"labelManager":{"innerLabels":[{"type":"textLabel","@id":505,"inputText":"Fynn","labelStyle":4,"shape":null,"layoutText":null}],"allPortLabels":[],"mainLabel":505},"pathStyle":487,"paths":[],"properties":{},"reference":null},{"@id":506,"ports":[189,59],"labelManager":{"innerLabels":[{"type":"textLabel","@id":507,"inputText":"Thomas","labelStyle":25,"shape":null,"layoutText":null}],"allPortLabels":[],"mainLabel":507},"pathStyle":{"@id":508,"description":"default path style","thickness":-1.0,"color":{"argb":"ff000000"}},"paths":[],"properties":{},"reference":null},{"@id":509,"ports":[80,475],"labelManager":{"innerLabels":[{"type":"textLabel","@id":510,"inputText":"Lucas","labelStyle":25,"shape":null,"layoutText":null}],"allPortLabels":[],"mainLabel":510},"pathStyle":508,"paths":[],"properties":{},"reference":null},{"@id":511,"ports":[153,444],"labelManager":{"innerLabels":[{"type":"textLabel","@id":512,"inputText":"Jonah","labelStyle":25,"shape":null,"layoutText":null}],"allPortLabels":[],"mainLabel":512},"pathStyle":508,"paths":[],"properties":{},"reference":null},{"@id":513,"ports":[5,193],"labelManager":{"innerLabels":[{"type":"textLabel","@id":514,"inputText":"Wilhelm","labelStyle":25,"shape":null,"layoutText":null}],"allPortLabels":[],"mainLabel":514},"pathStyle":508,"paths":[],"properties":{},"reference":null},{"@id":515,"ports":[242,371],"labelManager":{"innerLabels":[{"type":"textLabel","@id":516,"inputText":"Till","labelStyle":25,"shape":null,"layoutText":null}],"allPortLabels":[],"mainLabel":516},"pathStyle":508,"paths":[],"properties":{},"reference":null},{"@id":517,"ports":[5,9],"labelManager":{"innerLabels":[{"type":"textLabel","@id":518,"inputText":"Levin","labelStyle":25,"shape":null,"layoutText":null}],"allPortLabels":[],"mainLabel":518},"pathStyle":508,"paths":[],"properties":{},"reference":null},{"@id":519,"ports":[47,462],"labelManager":{"innerLabels":[{"type":"textLabel","@id":520,"inputText":"Friedrich","labelStyle":25,"shape":null,"layoutText":null}],"allPortLabels":[],"mainLabel":520},"pathStyle":508,"paths":[],"properties":{},"reference":null},{"@id":521,"ports":[169,161],"labelManager":{"innerLabels":[{"type":"textLabel","@id":522,"inputText":"Eren","labelStyle":25,"shape":null,"layoutText":null}],"allPortLabels":[],"mainLabel":522},"pathStyle":508,"paths":[],"properties":{},"reference":null},{"@id":523,"ports":[290,181],"labelManager":{"innerLabels":[{"type":"textLabel","@id":524,"inputText":"Mateo","labelStyle":25,"shape":null,"layoutText":null}],"allPortLabels":[],"mainLabel":524},"pathStyle":508,"paths":[],"properties":{},"reference":null},{"@id":525,"ports":[336,366],"labelManager":{"innerLabels":[{"type":"textLabel","@id":526,"inputText":"Adrian","labelStyle":25,"shape":null,"layoutText":null}],"allPortLabels":[],"mainLabel":526},"pathStyle":508,"paths":[],"properties":{},"reference":null},{"@id":527,"ports":[185,288],"labelManager":{"innerLabels":[{"type":"textLabel","@id":528,"inputText":"Franz","labelStyle":25,"shape":null,"layoutText":null}],"allPortLabels":[],"mainLabel":528},"pathStyle":508,"paths":[],"properties":{},"reference":null},{"@id":529,"ports":[455,340],"labelManager":{"innerLabels":[{"type":"textLabel","@id":530,"inputText":"Joshua","labelStyle":25,"shape":null,"layoutText":null}],"allPortLabels":[],"mainLabel":530},"pathStyle":508,"paths":[],"properties":{},"reference":null},{"@id":531,"ports":[284,417],"labelManager":{"innerLabels":[{"type":"textLabel","@id":532,"inputText":"Severin","labelStyle":25,"shape":null,"layoutText":null}],"allPortLabels":[],"mainLabel":532},"pathStyle":508,"paths":[],"properties":{},"reference":null},{"@id":533,"ports":[246,145],"labelManager":{"innerLabels":[{"type":"textLabel","@id":534,"inputText":"Mustafa","labelStyle":25,"shape":null,"layoutText":null}],"allPortLabels":[],"mainLabel":534},"pathStyle":508,"paths":[],"properties":{},"reference":null},{"@id":535,"ports":[240,5],"labelManager":{"innerLabels":[{"type":"textLabel","@id":536,"inputText":"Richard","labelStyle":25,"shape":null,"layoutText":null}],"allPortLabels":[],"mainLabel":536},"pathStyle":508,"paths":[],"properties":{},"reference":null},{"@id":537,"ports":[51,453],"labelManager":{"innerLabels":[{"type":"textLabel","@id":538,"inputText":"Eric","labelStyle":25,"shape":null,"layoutText":null}],"allPortLabels":[],"mainLabel":538},"pathStyle":508,"paths":[],"properties":{},"reference":null},{"@id":539,"ports":[20,189],"labelManager":{"innerLabels":[{"type":"textLabel","@id":540,"inputText":"Matteo","labelStyle":25,"shape":null,"layoutText":null}],"allPortLabels":[],"mainLabel":540},"pathStyle":508,"paths":[],"properties":{},"reference":null},{"@id":541,"ports":[169,74],"labelManager":{"innerLabels":[{"type":"textLabel","@id":542,"inputText":"Aaron","labelStyle":25,"shape":null,"layoutText":null}],"allPortLabels":[],"mainLabel":542},"pathStyle":508,"paths":[],"properties":{},"reference":null},{"@id":543,"ports":[147,409],"labelManager":{"innerLabels":[{"type":"textLabel","@id":544,"inputText":"Kian","labelStyle":25,"shape":null,"layoutText":null}],"allPortLabels":[],"mainLabel":544},"pathStyle":508,"paths":[],"properties":{},"reference":null},{"@id":545,"ports":[18,451],"labelManager":{"innerLabels":[{"type":"textLabel","@id":546,"inputText":"Mert","labelStyle":25,"shape":null,"layoutText":null}],"allPortLabels":[],"mainLabel":546},"pathStyle":508,"paths":[],"properties":{},"reference":null},{"@id":547,"ports":[141,22],"labelManager":{"innerLabels":[{"type":"textLabel","@id":548,"inputText":"Jasper","labelStyle":25,"shape":null,"layoutText":null}],"allPortLabels":[],"mainLabel":548},"pathStyle":508,"paths":[],"properties":{},"reference":null},{"@id":549,"ports":[137,173],"labelManager":{"innerLabels":[{"type":"textLabel","@id":550,"inputText":"Ilyas","labelStyle":25,"shape":null,"layoutText":null}],"allPortLabels":[],"mainLabel":550},"pathStyle":508,"paths":[],"properties":{},"reference":null},{"@id":551,"ports":[421,405,419],"labelManager":{"innerLabels":[{"type":"textLabel","@id":552,"inputText":"Robin","labelStyle":25,"shape":null,"layoutText":null}],"allPortLabels":[],"mainLabel":552},"pathStyle":508,"paths":[],"properties":{},"reference":null},{"@id":553,"ports":[139,413,411],"labelManager":{"innerLabels":[{"type":"textLabel","@id":554,"inputText":"Toni","labelStyle":25,"shape":null,"layoutText":null}],"allPortLabels":[],"mainLabel":554},"pathStyle":508,"paths":[],"properties":{},"reference":null},{"@id":555,"ports":[419,149],"labelManager":{"innerLabels":[{"type":"textLabel","@id":556,"inputText":"Nicolas","labelStyle":25,"shape":null,"layoutText":null}],"allPortLabels":[],"mainLabel":556},"pathStyle":508,"paths":[],"properties":{},"reference":null},{"@id":557,"ports":[294,419],"labelManager":{"innerLabels":[{"type":"textLabel","@id":558,"inputText":"Leander","labelStyle":25,"shape":null,"layoutText":null}],"allPortLabels":[],"mainLabel":558},"pathStyle":508,"paths":[],"properties":{},"reference":null},{"@id":559,"ports":[135,244],"labelManager":{"innerLabels":[{"type":"textLabel","@id":560,"inputText":"Philip","labelStyle":25,"shape":null,"layoutText":null}],"allPortLabels":[],"mainLabel":560},"pathStyle":508,"paths":[],"properties":{},"reference":null},{"@id":561,"ports":[407,286],"labelManager":{"innerLabels":[{"type":"textLabel","@id":562,"inputText":"Robin","labelStyle":25,"shape":null,"layoutText":null}],"allPortLabels":[],"mainLabel":562},"pathStyle":508,"paths":[],"properties":{},"reference":null},{"@id":563,"ports":[473,76],"labelManager":{"innerLabels":[{"type":"textLabel","@id":564,"inputText":"Andreas","labelStyle":25,"shape":null,"layoutText":null}],"allPortLabels":[],"mainLabel":564},"pathStyle":508,"paths":[],"properties":{},"reference":null},{"@id":565,"ports":[139,421],"labelManager":{"innerLabels":[{"type":"textLabel","@id":566,"inputText":"Maxim","labelStyle":25,"shape":null,"layoutText":null}],"allPortLabels":[],"mainLabel":566},"pathStyle":508,"paths":[],"properties":{},"reference":null},{"@id":567,"ports":[411,135],"labelManager":{"innerLabels":[{"type":"textLabel","@id":568,"inputText":"Luke","labelStyle":25,"shape":null,"layoutText":null}],"allPortLabels":[],"mainLabel":568},"pathStyle":508,"paths":[],"properties":{},"reference":null},{"@id":569,"ports":[413,300],"labelManager":{"innerLabels":[{"type":"textLabel","@id":570,"inputText":"Maxim","labelStyle":25,"shape":null,"layoutText":null}],"allPortLabels":[],"mainLabel":570},"pathStyle":508,"paths":[],"properties":{},"reference":null},{"@id":571,"ports":[244,149],"labelManager":{"innerLabels":[{"type":"textLabel","@id":572,"inputText":"Emilio","labelStyle":25,"shape":null,"layoutText":null}],"allPortLabels":[],"mainLabel":572},"pathStyle":508,"paths":[],"properties":{},"reference":null},{"@id":573,"ports":[439,346],"labelManager":{"innerLabels":[{"type":"textLabel","@id":574,"inputText":"Carl","labelStyle":25,"shape":null,"layoutText":null}],"allPortLabels":[],"mainLabel":574},"pathStyle":508,"paths":[],"properties":{},"reference":null},{"@id":575,"ports":[342,439],"labelManager":{"innerLabels":[{"type":"textLabel","@id":576,"inputText":"Friedrich","labelStyle":25,"shape":null,"layoutText":null}],"allPortLabels":[],"mainLabel":576},"pathStyle":508,"paths":[],"properties":{},"reference":null},{"@id":577,"ports":[76,344],"labelManager":{"innerLabels":[{"type":"textLabel","@id":578,"inputText":"Oemer","labelStyle":25,"shape":null,"layoutText":null}],"allPortLabels":[],"mainLabel":578},"pathStyle":508,"paths":[],"properties":{},"reference":null},{"@id":579,"ports":[78,346],"labelManager":{"innerLabels":[{"type":"textLabel","@id":580,"inputText":"Arthur","labelStyle":25,"shape":null,"layoutText":null}],"allPortLabels":[],"mainLabel":580},"pathStyle":508,"paths":[],"properties":{},"reference":null},{"@id":581,"ports":[72,342],"labelManager":{"innerLabels":[{"type":"textLabel","@id":582,"inputText":"Konrad","labelStyle":25,"shape":null,"layoutText":null}],"allPortLabels":[],"mainLabel":582},"pathStyle":508,"paths":[],"properties":{},"reference":null},{"@id":583,"ports":[294,344],"labelManager":{"innerLabels":[{"type":"textLabel","@id":584,"inputText":"Fynn","labelStyle":25,"shape":null,"layoutText":null}],"allPortLabels":[],"mainLabel":584},"pathStyle":508,"paths":[],"properties":{},"reference":null},{"@id":585,"ports":[338,76],"labelManager":{"innerLabels":[{"type":"textLabel","@id":586,"inputText":"Arthur","labelStyle":25,"shape":null,"layoutText":null}],"allPortLabels":[],"mainLabel":586},"pathStyle":508,"paths":[],"properties":{},"reference":null}],"edgeBundles":[]}