{"vertices":[{"@id":1,"shape":{"type":"rect","xposition":"NaN","yposition":"NaN","width":"NaN","height":"NaN","shapeStyle":{"@id":2,"description":"default shape style","color":{"argb":"ff000000"}}},"labelManager":{"labels":[{"type":"textLabel","@id":3,"inputText":"Paul","labelStyle":{"@id":4,"description":"default text label style","font":{"fontName":"SansSerif.plain","style":0,"size":10},"noBreak":false,"color":{"argb":"ff000000"},"showLabel":true,"placement":"FREE","horizontalPlacement":"FREE","verticalPlacement":"FREE"},"shape":null,"layoutText":null}],"mainLabel":3},"portCompositions":[{"type":"port","@id":5,"shape":{"type":"rect","xposition":"NaN","yposition":"NaN","width":"NaN","height":"NaN","shapeStyle":2},"labelManager":{"labels":[{"type":"textLabel","@id":6,"inputText":"1","labelStyle":4,"shape":null,"layoutText":null}],"mainLabel":6},"properties":{},"orientationAtVertex":"FREE","reference":null}],"properties":{},"reference":"splice"},{"@id":7,"shape":{"type":"rect","xposition":"NaN","yposition":"NaN","width":"NaN","height":"NaN","shapeStyle":2},"labelManager":{"labels":[{"type":"textLabel","@id":8,"inputText":"Max","labelStyle":4,"shape":null,"layoutText":null}],"mainLabel":8},"portCompositions":[{"type":"port","@id":9,"shape":{"type":"rect","xposition":"NaN","yposition":"NaN","width":"NaN","height":"NaN","shapeStyle":2},"labelManager":{"labels":[{"type":"textLabel","@id":10,"inputText":"1","labelStyle":4,"shape":null,"layoutText":null}],"mainLabel":10},"properties":{},"orientationAtVertex":"FREE","reference":null}],"properties":{},"reference":"splice"},{"@id":11,"shape":{"type":"rect","xposition":"NaN","yposition":"NaN","width":"NaN","height":"NaN","shapeStyle":2},"labelManager":{"labels":[{"type":"textLabel","@id":12,"inputText":"Moritz","labelStyle":4,"shape":null,"layoutText":null}],"mainLabel":12},"portCompositions":[{"type":"portGroup","@id":13,"ordered":false,"portCompositions":[{"type":"port","@id":14,"shape":{"type":"rect","xposition":"NaN","yposition":"NaN","width":"NaN","height":"NaN","shapeStyle":2},"labelManager":{"labels":[{"type":"textLabel","@id":15,"inputText":"2","labelStyle":4,"shape":null,"layoutText":null}],"mainLabel":15},"properties":{},"orientationAtVertex":"FREE","reference":null},{"type":"port","@id":16,"shape":{"type":"rect","xposition":"NaN","yposition":"NaN","width":"NaN","height":"NaN","shapeStyle":2},"labelManager":{"labels":[{"type":"textLabel","@id":17,"inputText":"1","labelStyle":4,"shape":null,"layoutText":null}],"mainLabel":17},"properties":{},"orientationAtVertex":"FREE","reference":null}],"properties":{},"reference":null}],"properties":{},"reference":"plug"},{"@id":18,"shape":{"type":"rect","xposition":"NaN","yposition":"NaN","width":"NaN","height":"NaN","shapeStyle":2},"labelManager":{"labels":[{"type":"textLabel","@id":19,"inputText":"Samuel","labelStyle":4,"shape":null,"layoutText":null}],"mainLabel":19},"portCompositions":[{"type":"portGroup","@id":20,"ordered":false,"portCompositions":[{"type":"port","@id":21,"shape":{"type":"rect","xposition":"NaN","yposition":"NaN","width":"NaN","height":"NaN","shapeStyle":2},"labelManager":{"labels":[{"type":"textLabel","@id":22,"inputText":"2","labelStyle":4,"shape":null,"layoutText":null}],"mainLabel":22},"properties":{},"orientationAtVertex":"FREE","reference":null},{"type":"port","@id":23,"shape":{"type":"rect","xposition":"NaN","yposition":"NaN","width":"NaN","height":"NaN","shapeStyle":2},"labelManager":{"labels":[{"type":"textLabel","@id":24,"inputText":"1","labelStyle":4,"shape":null,"layoutText":null}],"mainLabel":24},"properties":{},"orientationAtVertex":"FREE","reference":null}],"properties":{},"reference":null}],"properties":{},"reference":"plug"},{"@id":25,"shape":{"type":"rect","xposition":"NaN","yposition":"NaN","width":"NaN","height":"NaN","shapeStyle":2},"labelManager":{"labels":[{"type":"textLabel","@id":26,"inputText":"Maximilian","labelStyle":4,"shape":null,"layoutText":null}],"mainLabel":26},"portCompositions":[{"type":"portGroup","@id":27,"ordered":false,"portCompositions":[{"type":"port","@id":28,"shape":{"type":"rect","xposition":"NaN","yposition":"NaN","width":"NaN","height":"NaN","shapeStyle":2},"labelManager":{"labels":[{"type":"textLabel","@id":29,"inputText":"1","labelStyle":4,"shape":null,"layoutText":null}],"mainLabel":29},"properties":{},"orientationAtVertex":"FREE","reference":null},{"type":"port","@id":30,"shape":{"type":"rect","xposition":"NaN","yposition":"NaN","width":"NaN","height":"NaN","shapeStyle":{"@id":31,"description":"default shape style","color":{"argb":"ff000000"}}},"labelManager":{"labels":[{"type":"textLabel","@id":32,"inputText":"2","labelStyle":{"@id":33,"description":"default text label style","font":{"fontName":"SansSerif.plain","style":0,"size":10},"noBreak":false,"color":{"argb":"ff000000"},"showLabel":true,"placement":"FREE","horizontalPlacement":"FREE","verticalPlacement":"FREE"},"shape":null,"layoutText":null}],"mainLabel":32},"properties":{},"orientationAtVertex":"FREE","reference":null}],"properties":{},"reference":null}],"properties":{},"reference":"plug"},{"@id":34,"shape":{"type":"rect","xposition":"NaN","yposition":"NaN","width":"NaN","height":"NaN","shapeStyle":2},"labelManager":{"labels":[{"type":"textLabel","@id":35,"inputText":"Julian","labelStyle":4,"shape":null,"layoutText":null}],"mainLabel":35},"portCompositions":[{"type":"portGroup","@id":36,"ordered":false,"portCompositions":[{"type":"port","@id":37,"shape":{"type":"rect","xposition":"NaN","yposition":"NaN","width":"NaN","height":"NaN","shapeStyle":2},"labelManager":{"labels":[{"type":"textLabel","@id":38,"inputText":"1","labelStyle":4,"shape":null,"layoutText":null}],"mainLabel":38},"properties":{},"orientationAtVertex":"FREE","reference":null},{"type":"port","@id":39,"shape":{"type":"rect","xposition":"NaN","yposition":"NaN","width":"NaN","height":"NaN","shapeStyle":31},"labelManager":{"labels":[{"type":"textLabel","@id":40,"inputText":"2","labelStyle":33,"shape":null,"layoutText":null}],"mainLabel":40},"properties":{},"orientationAtVertex":"FREE","reference":null}],"properties":{},"reference":null}],"properties":{},"reference":"plug"},{"@id":41,"shape":{"type":"rect","xposition":"NaN","yposition":"NaN","width":"NaN","height":"NaN","shapeStyle":2},"labelManager":{"labels":[{"type":"textLabel","@id":42,"inputText":"Tom","labelStyle":4,"shape":null,"layoutText":null}],"mainLabel":42},"portCompositions":[{"type":"port","@id":43,"shape":{"type":"rect","xposition":"NaN","yposition":"NaN","width":"NaN","height":"NaN","shapeStyle":2},"labelManager":{"labels":[{"type":"textLabel","@id":44,"inputText":"1","labelStyle":4,"shape":null,"layoutText":null}],"mainLabel":44},"properties":{},"orientationAtVertex":"FREE","reference":null}],"properties":{},"reference":"splice"},{"@id":45,"shape":{"type":"rect","xposition":"NaN","yposition":"NaN","width":"NaN","height":"NaN","shapeStyle":2},"labelManager":{"labels":[{"type":"textLabel","@id":46,"inputText":"Luis","labelStyle":4,"shape":null,"layoutText":null}],"mainLabel":46},"portCompositions":[{"type":"port","@id":47,"shape":{"type":"rect","xposition":"NaN","yposition":"NaN","width":"NaN","height":"NaN","shapeStyle":2},"labelManager":{"labels":[{"type":"textLabel","@id":48,"inputText":"1","labelStyle":4,"shape":null,"layoutText":null}],"mainLabel":48},"properties":{},"orientationAtVertex":"FREE","reference":null}],"properties":{},"reference":"splice"},{"@id":49,"shape":{"type":"rect","xposition":"NaN","yposition":"NaN","width":"NaN","height":"NaN","shapeStyle":2},"labelManager":{"labels":[{"type":"textLabel","@id":50,"inputText":"Finn","labelStyle":4,"shape":null,"layoutText":null}],"mainLabel":50},"portCompositions":[{"type":"port","@id":51,"shape":{"type":"rect","xposition":"NaN","yposition":"NaN","width":"NaN","height":"NaN","shapeStyle":2},"labelManager":{"labels":[{"type":"textLabel","@id":52,"inputText":"1","labelStyle":4,"shape":null,"layoutText":null}],"mainLabel":52},"properties":{},"orientationAtVertex":"FREE","reference":null}],"properties":{},"reference":"splice"},{"@id":53,"shape":{"type":"rect","xposition":"NaN","yposition":"NaN","width":"NaN","height":"NaN","shapeStyle":2},"labelManager":{"labels":[{"type":"textLabel","@id":54,"inputText":"Leon","labelStyle":4,"shape":null,"layoutText":null}],"mainLabel":54},"portCompositions":[{"type":"port","@id":55,"shape":{"type":"rect","xposition":"NaN","yposition":"NaN","width":"NaN","height":"NaN","shapeStyle":2},"labelManager":{"labels":[{"type":"textLabel","@id":56,"inputText":"1","labelStyle":4,"shape":null,"layoutText":null}],"mainLabel":56},"properties":{},"orientationAtVertex":"FREE","reference":null}],"properties":{},"reference":"splice"},{"@id":57,"shape":{"type":"rect","xposition":"NaN","yposition":"NaN","width":"NaN","height":"NaN","shapeStyle":2},"labelManager":{"labels":[{"type":"textLabel","@id":58,"inputText":"Elias","labelStyle":4,"shape":null,"layoutText":null}],"mainLabel":58},"portCompositions":[{"type":"port","@id":59,"shape":{"type":"rect","xposition":"NaN","yposition":"NaN","width":"NaN","height":"NaN","shapeStyle":2},"labelManager":{"labels":[{"type":"textLabel","@id":60,"inputText":"1","labelStyle":4,"shape":null,"layoutText":null}],"mainLabel":60},"properties":{},"orientationAtVertex":"FREE","reference":null}],"properties":{},"reference":"splice"},{"@id":61,"shape":{"type":"rect","xposition":"NaN","yposition":"NaN","width":"NaN","height":"NaN","shapeStyle":2},"labelManager":{"labels":[{"type":"textLabel","@id":62,"inputText":"Noah","labelStyle":4,"shape":null,"layoutText":null}],"mainLabel":62},"portCompositions":[{"type":"portGroup","@id":63,"ordered":false,"portCompositions":[{"type":"port","@id":64,"shape":{"type":"rect","xposition":"NaN","yposition":"NaN","width":"NaN","height":"NaN","shapeStyle":2},"labelManager":{"labels":[{"type":"textLabel","@id":65,"inputText":"1","labelStyle":4,"shape":null,"layoutText":null}],"mainLabel":65},"properties":{},"orientationAtVertex":"FREE","reference":null}],"properties":{},"reference":null}],"properties":{},"reference":"plug"},{"@id":66,"shape":{"type":"rect","xposition":"NaN","yposition":"NaN","width":"NaN","height":"NaN","shapeStyle":2},"labelManager":{"labels":[{"type":"textLabel","@id":67,"inputText":"Luca","labelStyle":4,"shape":null,"layoutText":null}],"mainLabel":67},"portCompositions":[{"type":"portGroup","@id":68,"ordered":false,"portCompositions":[{"type":"port","@id":69,"shape":{"type":"rect","xposition":"NaN","yposition":"NaN","width":"NaN","height":"NaN","shapeStyle":2},"labelManager":{"labels":[{"type":"textLabel","@id":70,"inputText":"1","labelStyle":4,"shape":null,"layoutText":null}],"mainLabel":70},"properties":{},"orientationAtVertex":"FREE","reference":null}],"properties":{},"reference":null}],"properties":{},"reference":"plug"},{"@id":71,"shape":{"type":"rect","xposition":"NaN","yposition":"NaN","width":"NaN","height":"NaN","shapeStyle":2},"labelManager":{"labels":[{"type":"textLabel","@id":72,"inputText":"Lukas","labelStyle":4,"shape":null,"layoutText":null}],"mainLabel":72},"portCompositions":[{"type":"port","@id":73,"shape":{"type":"rect","xposition":"NaN","yposition":"NaN","width":"NaN","height":"NaN","shapeStyle":2},"labelManager":{"labels":[{"type":"textLabel","@id":74,"inputText":"1","labelStyle":4,"shape":null,"layoutText":null}],"mainLabel":74},"properties":{},"orientationAtVertex":"FREE","reference":null}],"properties":{},"reference":"splice"},{"@id":75,"shape":{"type":"rect","xposition":"NaN","yposition":"NaN","width":"NaN","height":"NaN","shapeStyle":2},"labelManager":{"labels":[{"type":"textLabel","@id":76,"inputText":"Philipp","labelStyle":4,"shape":null,"layoutText":null}],"mainLabel":76},"portCompositions":[{"type":"port","@id":77,"shape":{"type":"rect","xposition":"NaN","yposition":"NaN","width":"NaN","height":"NaN","shapeStyle":2},"labelManager":{"labels":[{"type":"textLabel","@id":78,"inputText":"1","labelStyle":4,"shape":null,"layoutText":null}],"mainLabel":78},"properties":{},"orientationAtVertex":"FREE","reference":null}],"properties":{},"reference":"splice"},{"@id":79,"shape":{"type":"rect","xposition":"NaN","yposition":"NaN","width":"NaN","height":"NaN","shapeStyle":2},"labelManager":{"labels":[{"type":"textLabel","@id":80,"inputText":"Gabriel","labelStyle":4,"shape":null,"layoutText":null}],"mainLabel":80},"portCompositions":[{"type":"port","@id":81,"shape":{"type":"rect","xposition":"NaN","yposition":"NaN","width":"NaN","height":"NaN","shapeStyle":2},"labelManager":{"labels":[{"type":"textLabel","@id":82,"inputText":"1","labelStyle":4,"shape":null,"layoutText":null}],"mainLabel":82},"properties":{},"orientationAtVertex":"FREE","reference":null}],"properties":{},"reference":"splice"},{"@id":83,"shape":{"type":"rect","xposition":"NaN","yposition":"NaN","width":"NaN","height":"NaN","shapeStyle":2},"labelManager":{"labels":[{"type":"textLabel","@id":84,"inputText":"Leonard","labelStyle":4,"shape":null,"layoutText":null}],"mainLabel":84},"portCompositions":[{"type":"portGroup","@id":85,"ordered":false,"portCompositions":[{"type":"port","@id":86,"shape":{"type":"rect","xposition":"NaN","yposition":"NaN","width":"NaN","height":"NaN","shapeStyle":2},"labelManager":{"labels":[{"type":"textLabel","@id":87,"inputText":"1","labelStyle":4,"shape":null,"layoutText":null}],"mainLabel":87},"properties":{},"orientationAtVertex":"FREE","reference":null},{"type":"port","@id":88,"shape":{"type":"rect","xposition":"NaN","yposition":"NaN","width":"NaN","height":"NaN","shapeStyle":2},"labelManager":{"labels":[{"type":"textLabel","@id":89,"inputText":"3","labelStyle":4,"shape":null,"layoutText":null}],"mainLabel":89},"properties":{},"orientationAtVertex":"FREE","reference":null},{"type":"port","@id":90,"shape":{"type":"rect","xposition":"NaN","yposition":"NaN","width":"NaN","height":"NaN","shapeStyle":31},"labelManager":{"labels":[{"type":"textLabel","@id":91,"inputText":"2","labelStyle":33,"shape":null,"layoutText":null}],"mainLabel":91},"properties":{},"orientationAtVertex":"FREE","reference":null}],"properties":{},"reference":null}],"properties":{},"reference":"plug"},{"@id":92,"shape":{"type":"rect","xposition":"NaN","yposition":"NaN","width":"NaN","height":"NaN","shapeStyle":2},"labelManager":{"labels":[{"type":"textLabel","@id":93,"inputText":"Jonas","labelStyle":4,"shape":null,"layoutText":null}],"mainLabel":93},"portCompositions":[{"type":"portGroup","@id":94,"ordered":false,"portCompositions":[{"type":"port","@id":95,"shape":{"type":"rect","xposition":"NaN","yposition":"NaN","width":"NaN","height":"NaN","shapeStyle":2},"labelManager":{"labels":[{"type":"textLabel","@id":96,"inputText":"1","labelStyle":4,"shape":null,"layoutText":null}],"mainLabel":96},"properties":{},"orientationAtVertex":"FREE","reference":null},{"type":"port","@id":97,"shape":{"type":"rect","xposition":"NaN","yposition":"NaN","width":"NaN","height":"NaN","shapeStyle":2},"labelManager":{"labels":[{"type":"textLabel","@id":98,"inputText":"3","labelStyle":4,"shape":null,"layoutText":null}],"mainLabel":98},"properties":{},"orientationAtVertex":"FREE","reference":null},{"type":"port","@id":99,"shape":{"type":"rect","xposition":"NaN","yposition":"NaN","width":"NaN","height":"NaN","shapeStyle":31},"labelManager":{"labels":[{"type":"textLabel","@id":100,"inputText":"2","labelStyle":33,"shape":null,"layoutText":null}],"mainLabel":100},"properties":{},"orientationAtVertex":"FREE","reference":null}],"properties":{},"reference":null}],"properties":{},"reference":"plug"},{"@id":101,"shape":{"type":"rect","xposition":"NaN","yposition":"NaN","width":"NaN","height":"NaN","shapeStyle":2},"labelManager":{"labels":[{"type":"textLabel","@id":102,"inputText":"Benjamin","labelStyle":4,"shape":null,"layoutText":null}],"mainLabel":102},"portCompositions":[{"type":"portGroup","@id":103,"ordered":false,"portCompositions":[{"type":"port","@id":104,"shape":{"type":"rect","xposition":"NaN","yposition":"NaN","width":"NaN","height":"NaN","shapeStyle":2},"labelManager":{"labels":[{"type":"textLabel","@id":105,"inputText":"4","labelStyle":4,"shape":null,"layoutText":null}],"mainLabel":105},"properties":{},"orientationAtVertex":"FREE","reference":null},{"type":"port","@id":106,"shape":{"type":"rect","xposition":"NaN","yposition":"NaN","width":"NaN","height":"NaN","shapeStyle":2},"labelManager":{"labels":[{"type":"textLabel","@id":107,"inputText":"2","labelStyle":4,"shape":null,"layoutText":null}],"mainLabel":107},"properties":{},"orientationAtVertex":"FREE","reference":null},{"type":"port","@id":108,"shape":{"type":"rect","xposition":"NaN","yposition":"NaN","width":"NaN","height":"NaN","shapeStyle":2},"labelManager":{"labels":[{"type":"textLabel","@id":109,"inputText":"1","labelStyle":4,"shape":null,"layoutText":null}],"mainLabel":109},"properties":{},"orientationAtVertex":"FREE","reference":null},{"type":"port","@id":110,"shape":{"type":"rect","xposition":"NaN","yposition":"NaN","width":"NaN","height":"NaN","shapeStyle":2},"labelManager":{"labels":[{"type":"textLabel","@id":111,"inputText":"5","labelStyle":4,"shape":null,"layoutText":null}],"mainLabel":111},"properties":{},"orientationAtVertex":"FREE","reference":null},{"type":"port","@id":112,"shape":{"type":"rect","xposition":"NaN","yposition":"NaN","width":"NaN","height":"NaN","shapeStyle":2},"labelManager":{"labels":[{"type":"textLabel","@id":113,"inputText":"3","labelStyle":4,"shape":null,"layoutText":null}],"mainLabel":113},"properties":{},"orientationAtVertex":"FREE","reference":null}],"properties":{},"reference":null}],"properties":{},"reference":"plug"},{"@id":114,"shape":{"type":"rect","xposition":"NaN","yposition":"NaN","width":"NaN","height":"NaN","shapeStyle":2},"labelManager":{"labels":[{"type":"textLabel","@id":115,"inputText":"Ben","labelStyle":4,"shape":null,"layoutText":null}],"mainLabel":115},"portCompositions":[{"type":"portGroup","@id":116,"ordered":false,"portCompositions":[{"type":"port","@id":117,"shape":{"type":"rect","xposition":"NaN","yposition":"NaN","width":"NaN","height":"NaN","shapeStyle":2},"labelManager":{"labels":[{"type":"textLabel","@id":118,"inputText":"4","labelStyle":4,"shape":null,"layoutText":null}],"mainLabel":118},"properties":{},"orientationAtVertex":"FREE","reference":null},{"type":"port","@id":119,"shape":{"type":"rect","xposition":"NaN","yposition":"NaN","width":"NaN","height":"NaN","shapeStyle":2},"labelManager":{"labels":[{"type":"textLabel","@id":120,"inputText":"2","labelStyle":4,"shape":null,"layoutText":null}],"mainLabel":120},"properties":{},"orientationAtVertex":"FREE","reference":null},{"type":"port","@id":121,"shape":{"type":"rect","xposition":"NaN","yposition":"NaN","width":"NaN","height":"NaN","shapeStyle":2},"labelManager":{"labels":[{"type":"textLabel","@id":122,"inputText":"1","labelStyle":4,"shape":null,"layoutText":null}],"mainLabel":122},"properties":{},"orientationAtVertex":"FREE","reference":null},{"type":"port","@id":123,"shape":{"type":"rect","xposition":"NaN","yposition":"NaN","width":"NaN","height":"NaN","shapeStyle":2},"labelManager":{"labels":[{"type":"textLabel","@id":124,"inputText":"5","labelStyle":4,"shape":null,"layoutText":null}],"mainLabel":124},"properties":{},"orientationAtVertex":"FREE","reference":null},{"type":"port","@id":125,"shape":{"type":"rect","xposition":"NaN","yposition":"NaN","width":"NaN","height":"NaN","shapeStyle":2},"labelManager":{"labels":[{"type":"textLabel","@id":126,"inputText":"3","labelStyle":4,"shape":null,"layoutText":null}],"mainLabel":126},"properties":{},"orientationAtVertex":"FREE","reference":null}],"properties":{},"reference":null}],"properties":{},"reference":"plug"},{"@id":127,"shape":{"type":"rect","xposition":"NaN","yposition":"NaN","width":"NaN","height":"NaN","shapeStyle":2},"labelManager":{"labels":[{"type":"textLabel","@id":128,"inputText":"Johann","labelStyle":4,"shape":null,"layoutText":null}],"mainLabel":128},"portCompositions":[{"type":"portGroup","@id":129,"ordered":false,"portCompositions":[{"type":"port","@id":130,"shape":{"type":"rect","xposition":"NaN","yposition":"NaN","width":"NaN","height":"NaN","shapeStyle":2},"labelManager":{"labels":[{"type":"textLabel","@id":131,"inputText":"1","labelStyle":4,"shape":null,"layoutText":null}],"mainLabel":131},"properties":{},"orientationAtVertex":"FREE","reference":null},{"type":"port","@id":132,"shape":{"type":"rect","xposition":"NaN","yposition":"NaN","width":"NaN","height":"NaN","shapeStyle":2},"labelManager":{"labels":[{"type":"textLabel","@id":133,"inputText":"3","labelStyle":4,"shape":null,"layoutText":null}],"mainLabel":133},"properties":{},"orientationAtVertex":"FREE","reference":null},{"type":"port","@id":134,"shape":{"type":"rect","xposition":"NaN","yposition":"NaN","width":"NaN","height":"NaN","shapeStyle":2},"labelManager":{"labels":[{"type":"textLabel","@id":135,"inputText":"4","labelStyle":4,"shape":null,"layoutText":null}],"mainLabel":135},"properties":{},"orientationAtVertex":"FREE","reference":null},{"type":"port","@id":136,"shape":{"type":"rect","xposition":"NaN","yposition":"NaN","width":"NaN","height":"NaN","shapeStyle":2},"labelManager":{"labels":[{"type":"textLabel","@id":137,"inputText":"2","labelStyle":4,"shape":null,"layoutText":null}],"mainLabel":137},"properties":{},"orientationAtVertex":"FREE","reference":null},{"type":"port","@id":138,"shape":{"type":"rect","xposition":"NaN","yposition":"NaN","width":"NaN","height":"NaN","shapeStyle":2},"labelManager":{"labels":[{"type":"textLabel","@id":139,"inputText":"5","labelStyle":4,"shape":null,"layoutText":null}],"mainLabel":139},"properties":{},"orientationAtVertex":"FREE","reference":null}],"properties":{},"reference":null},{"type":"portGroup","@id":140,"ordered":false,"portCompositions":[],"properties":{},"reference":null}],"properties":{},"reference":"device"},{"@id":141,"shape":{"type":"rect","xposition":"NaN","yposition":"NaN","width":"NaN","height":"NaN","shapeStyle":2},"labelManager":{"labels":[{"type":"textLabel","@id":142,"inputText":"Oskar","labelStyle":4,"shape":null,"layoutText":null}],"mainLabel":142},"portCompositions":[{"type":"portGroup","@id":143,"ordered":false,"portCompositions":[{"type":"port","@id":144,"shape":{"type":"rect","xposition":"NaN","yposition":"NaN","width":"NaN","height":"NaN","shapeStyle":2},"labelManager":{"labels":[{"type":"textLabel","@id":145,"inputText":"1","labelStyle":4,"shape":null,"layoutText":null}],"mainLabel":145},"properties":{},"orientationAtVertex":"FREE","reference":null},{"type":"port","@id":146,"shape":{"type":"rect","xposition":"NaN","yposition":"NaN","width":"NaN","height":"NaN","shapeStyle":2},"labelManager":{"labels":[{"type":"textLabel","@id":147,"inputText":"3","labelStyle":4,"shape":null,"layoutText":null}],"mainLabel":147},"properties":{},"orientationAtVertex":"FREE","reference":null},{"type":"port","@id":148,"shape":{"type":"rect","xposition":"NaN","yposition":"NaN","width":"NaN","height":"NaN","shapeStyle":2},"labelManager":{"labels":[{"type":"textLabel","@id":149,"inputText":"4","labelStyle":4,"shape":null,"layoutText":null}],"mainLabel":149},"properties":{},"orientationAtVertex":"FREE","reference":null},{"type":"port","@id":150,"shape":{"type":"rect","xposition":"NaN","yposition":"NaN","width":"NaN","height":"NaN","shapeStyle":2},"labelManager":{"labels":[{"type":"textLabel","@id":151,"inputText":"2","labelStyle":4,"shape":null,"layoutText":null}],"mainLabel":151},"properties":{},"orientationAtVertex":"FREE","reference":null},{"type":"port","@id":152,"shape":{"type":"rect","xposition":"NaN","yposition":"NaN","width":"NaN","height":"NaN","shapeStyle":2},"labelManager":{"labels":[{"type":"textLabel","@id":153,"inputText":"5","labelStyle":4,"shape":null,"layoutText":null}],"mainLabel":153},"properties":{},"orientationAtVertex":"FREE","reference":null}],"properties":{},"reference":null}],"properties":{},"reference":"plug"},{"@id":154,"shape":{"type":"rect","xposition":"NaN","yposition":"NaN","width":"NaN","height":"NaN","shapeStyle":2},"labelManager":{"labels":[{"type":"textLabel","@id":155,"inputText":"Anton","labelStyle":4,"shape":null,"layoutText":null}],"mainLabel":155},"portCompositions":[{"type":"portGroup","@id":156,"ordered":false,"portCompositions":[{"type":"port","@id":157,"shape":{"type":"rect","xposition":"NaN","yposition":"NaN","width":"NaN","height":"NaN","shapeStyle":2},"labelManager":{"labels":[{"type":"textLabel","@id":158,"inputText":"5","labelStyle":4,"shape":null,"layoutText":null}],"mainLabel":158},"properties":{},"orientationAtVertex":"FREE","reference":null},{"type":"port","@id":159,"shape":{"type":"rect","xposition":"NaN","yposition":"NaN","width":"NaN","height":"NaN","shapeStyle":2},"labelManager":{"labels":[{"type":"textLabel","@id":160,"inputText":"2","labelStyle":4,"shape":null,"layoutText":null}],"mainLabel":160},"properties":{},"orientationAtVertex":"FREE","reference":null},{"type":"port","@id":161,"shape":{"type":"rect","xposition":"NaN","yposition":"NaN","width":"NaN","height":"NaN","shapeStyle":2},"labelManager":{"labels":[{"type":"textLabel","@id":162,"inputText":"4","labelStyle":4,"shape":null,"layoutText":null}],"mainLabel":162},"properties":{},"orientationAtVertex":"FREE","reference":null},{"type":"port","@id":163,"shape":{"type":"rect","xposition":"NaN","yposition":"NaN","width":"NaN","height":"NaN","shapeStyle":2},"labelManager":{"labels":[{"type":"textLabel","@id":164,"inputText":"3","labelStyle":4,"shape":null,"layoutText":null}],"mainLabel":164},"properties":{},"orientationAtVertex":"FREE","reference":null},{"type":"port","@id":165,"shape":{"type":"rect","xposition":"NaN","yposition":"NaN","width":"NaN","height":"NaN","shapeStyle":31},"labelManager":{"labels":[{"type":"textLabel","@id":166,"inputText":"6","labelStyle":33,"shape":null,"layoutText":null}],"mainLabel":166},"properties":{},"orientationAtVertex":"FREE","reference":null},{"type":"port","@id":167,"shape":{"type":"rect","xposition":"NaN","yposition":"NaN","width":"NaN","height":"NaN","shapeStyle":31},"labelManager":{"labels":[{"type":"textLabel","@id":168,"inputText":"1","labelStyle":33,"shape":null,"layoutText":null}],"mainLabel":168},"properties":{},"orientationAtVertex":"FREE","reference":null}],"properties":{},"reference":null}],"properties":{},"reference":"device"},{"@id":169,"shape":{"type":"rect","xposition":"NaN","yposition":"NaN","width":"NaN","height":"NaN","shapeStyle":2},"labelManager":{"labels":[{"type":"textLabel","@id":170,"inputText":"Leo","labelStyle":4,"shape":null,"layoutText":null}],"mainLabel":170},"portCompositions":[{"type":"portGroup","@id":171,"ordered":false,"portCompositions":[{"type":"port","@id":172,"shape":{"type":"rect","xposition":"NaN","yposition":"NaN","width":"NaN","height":"NaN","shapeStyle":2},"labelManager":{"labels":[{"type":"textLabel","@id":173,"inputText":"5","labelStyle":4,"shape":null,"layoutText":null}],"mainLabel":173},"properties":{},"orientationAtVertex":"FREE","reference":null},{"type":"port","@id":174,"shape":{"type":"rect","xposition":"NaN","yposition":"NaN","width":"NaN","height":"NaN","shapeStyle":2},"labelManager":{"labels":[{"type":"textLabel","@id":175,"inputText":"2","labelStyle":4,"shape":null,"layoutText":null}],"mainLabel":175},"properties":{},"orientationAtVertex":"FREE","reference":null},{"type":"port","@id":176,"shape":{"type":"rect","xposition":"NaN","yposition":"NaN","width":"NaN","height":"NaN","shapeStyle":2},"labelManager":{"labels":[{"type":"textLabel","@id":177,"inputText":"4","labelStyle":4,"shape":null,"layoutText":null}],"mainLabel":177},"properties":{},"orientationAtVertex":"FREE","reference":null},{"type":"port","@id":178,"shape":{"type":"rect","xposition":"NaN","yposition":"NaN","width":"NaN","height":"NaN","shapeStyle":2},"labelManager":{"labels":[{"type":"textLabel","@id":179,"inputText":"3","labelStyle":4,"shape":null,"layoutText":null}],"mainLabel":179},"properties":{},"orientationAtVertex":"FREE","reference":null}],"properties":{},"reference":null}],"properties":{},"reference":"plug"},{"@id":180,"shape":{"type":"rect","xposition":"NaN","yposition":"NaN","width":"NaN","height":"NaN","shapeStyle":2},"labelManager":{"labels":[{"type":"textLabel","@id":181,"inputText":"Jan","labelStyle":4,"shape":null,"layoutText":null}],"mainLabel":181},"portCompositions":[{"type":"port","@id":182,"shape":{"type":"rect","xposition":"NaN","yposition":"NaN","width":"NaN","height":"NaN","shapeStyle":2},"labelManager":{"labels":[{"type":"textLabel","@id":183,"inputText":"1","labelStyle":4,"shape":null,"layoutText":null}],"mainLabel":183},"properties":{},"orientationAtVertex":"FREE","reference":null}],"properties":{},"reference":"splice"},{"@id":184,"shape":{"type":"rect","xposition":"NaN","yposition":"NaN","width":"NaN","height":"NaN","shapeStyle":2},"labelManager":{"labels":[{"type":"textLabel","@id":185,"inputText":"Johannes","labelStyle":4,"shape":null,"layoutText":null}],"mainLabel":185},"portCompositions":[{"type":"portGroup","@id":186,"ordered":false,"portCompositions":[{"type":"port","@id":187,"shape":{"type":"rect","xposition":"NaN","yposition":"NaN","width":"NaN","height":"NaN","shapeStyle":2},"labelManager":{"labels":[{"type":"textLabel","@id":188,"inputText":"3","labelStyle":4,"shape":null,"layoutText":null}],"mainLabel":188},"properties":{},"orientationAtVertex":"FREE","reference":null},{"type":"port","@id":189,"shape":{"type":"rect","xposition":"NaN","yposition":"NaN","width":"NaN","height":"NaN","shapeStyle":2},"labelManager":{"labels":[{"type":"textLabel","@id":190,"inputText":"4","labelStyle":4,"shape":null,"layoutText":null}],"mainLabel":190},"properties":{},"orientationAtVertex":"FREE","reference":null},{"type":"port","@id":191,"shape":{"type":"rect","xposition":"NaN","yposition":"NaN","width":"NaN","height":"NaN","shapeStyle":31},"labelManager":{"labels":[{"type":"textLabel","@id":192,"inputText":"1","labelStyle":33,"shape":null,"layoutText":null}],"mainLabel":192},"properties":{},"orientationAtVertex":"FREE","reference":null},{"type":"port","@id":193,"shape":{"type":"rect","xposition":"NaN","yposition":"NaN","width":"NaN","height":"NaN","shapeStyle":31},"labelManager":{"labels":[{"type":"textLabel","@id":194,"inputText":"2","labelStyle":33,"shape":null,"layoutText":null}],"mainLabel":194},"properties":{},"orientationAtVertex":"FREE","reference":null}],"properties":{},"reference":null}],"properties":{},"reference":"device"},{"@id":195,"shape":{"type":"rect","xposition":"NaN","yposition":"NaN","width":"NaN","height":"NaN","shapeStyle":2},"labelManager":{"labels":[{"type":"textLabel","@id":196,"inputText":"Jonathan","labelStyle":4,"shape":null,"layoutText":null}],"mainLabel":196},"portCompositions":[{"type":"portGroup","@id":197,"ordered":false,"portCompositions":[{"type":"port","@id":198,"shape":{"type":"rect","xposition":"NaN","yposition":"NaN","width":"NaN","height":"NaN","shapeStyle":2},"labelManager":{"labels":[{"type":"textLabel","@id":199,"inputText":"3","labelStyle":4,"shape":null,"layoutText":null}],"mainLabel":199},"properties":{},"orientationAtVertex":"FREE","reference":null},{"type":"port","@id":200,"shape":{"type":"rect","xposition":"NaN","yposition":"NaN","width":"NaN","height":"NaN","shapeStyle":2},"labelManager":{"labels":[{"type":"textLabel","@id":201,"inputText":"4","labelStyle":4,"shape":null,"layoutText":null}],"mainLabel":201},"properties":{},"orientationAtVertex":"FREE","reference":null},{"type":"port","@id":202,"shape":{"type":"rect","xposition":"NaN","yposition":"NaN","width":"NaN","height":"NaN","shapeStyle":31},"labelManager":{"labels":[{"type":"textLabel","@id":203,"inputText":"2","labelStyle":33,"shape":null,"layoutText":null}],"mainLabel":203},"properties":{},"orientationAtVertex":"FREE","reference":null}],"properties":{},"reference":null}],"properties":{},"reference":"plug"},{"@id":204,"shape":{"type":"rect","xposition":"NaN","yposition":"NaN","width":"NaN","height":"NaN","shapeStyle":2},"labelManager":{"labels":[{"type":"textLabel","@id":205,"inputText":"Julius","labelStyle":4,"shape":null,"layoutText":null}],"mainLabel":205},"portCompositions":[{"type":"portGroup","@id":206,"ordered":false,"portCompositions":[{"type":"port","@id":207,"shape":{"type":"rect","xposition":"NaN","yposition":"NaN","width":"NaN","height":"NaN","shapeStyle":2},"labelManager":{"labels":[{"type":"textLabel","@id":208,"inputText":"1","labelStyle":4,"shape":null,"layoutText":null}],"mainLabel":208},"properties":{},"orientationAtVertex":"FREE","reference":null},{"type":"port","@id":209,"shape":{"type":"rect","xposition":"NaN","yposition":"NaN","width":"NaN","height":"NaN","shapeStyle":2},"labelManager":{"labels":[{"type":"textLabel","@id":210,"inputText":"4","labelStyle":4,"shape":null,"layoutText":null}],"mainLabel":210},"properties":{},"orientationAtVertex":"FREE","reference":null},{"type":"port","@id":211,"shape":{"type":"rect","xposition":"NaN","yposition":"NaN","width":"NaN","height":"NaN","shapeStyle":2},"labelManager":{"labels":[{"type":"textLabel","@id":212,"inputText":"2","labelStyle":4,"shape":null,"layoutText":null}],"mainLabel":212},"properties":{},"orientationAtVertex":"FREE","reference":null},{"type":"port","@id":213,"shape":{"type":"rect","xposition":"NaN","yposition":"NaN","width":"NaN","height":"NaN","shapeStyle":2},"labelManager":{"labels":[{"type":"textLabel","@id":214,"inputText":"3","labelStyle":4,"shape":null,"layoutText":null}],"mainLabel":214},"properties":{},"orientationAtVertex":"FREE","reference":null}],"properties":{},"reference":null}],"properties":{},"reference":"device"},{"@id":215,"shape":{"type":"rect","xposition":"NaN","yposition":"NaN","width":"NaN","height":"NaN","shapeStyle":2},"labelManager":{"labels":[{"type":"textLabel","@id":216,"inputText":"David","labelStyle":4,"shape":null,"layoutText":null}],"mainLabel":216},"portCompositions":[{"type":"portGroup","@id":217,"ordered":false,"portCompositions":[{"type":"port","@id":218,"shape":{"type":"rect","xposition":"NaN","yposition":"NaN","width":"NaN","height":"NaN","shapeStyle":2},"labelManager":{"labels":[{"type":"textLabel","@id":219,"inputText":"1","labelStyle":4,"shape":null,"layoutText":null}],"mainLabel":219},"properties":{},"orientationAtVertex":"FREE","reference":null},{"type":"port","@id":220,"shape":{"type":"rect","xposition":"NaN","yposition":"NaN","width":"NaN","height":"NaN","shapeStyle":2},"labelManager":{"labels":[{"type":"textLabel","@id":221,"inputText":"4","labelStyle":4,"shape":null,"layoutText":null}],"mainLabel":221},"properties":{},"orientationAtVertex":"FREE","reference":null},{"type":"port","@id":222,"shape":{"type":"rect","xposition":"NaN","yposition":"NaN","width":"NaN","height":"NaN","shapeStyle":2},"labelManager":{"labels":[{"type":"textLabel","@id":223,"inputText":"2","labelStyle":4,"shape":null,"layoutText":null}],"mainLabel":223},"properties":{},"orientationAtVertex":"FREE","reference":null},{"type":"port","@id":224,"shape":{"type":"rect","xposition":"NaN","yposition":"NaN","width":"NaN","height":"NaN","shapeStyle":2},"labelManager":{"labels":[{"type":"textLabel","@id":225,"inputText":"3","labelStyle":4,"shape":null,"layoutText":null}],"mainLabel":225},"properties":{},"orientationAtVertex":"FREE","reference":null}],"properties":{},"reference":null}],"properties":{},"reference":"plug"},{"@id":226,"shape":{"type":"rect","xposition":"NaN","yposition":"NaN","width":"NaN","height":"NaN","shapeStyle":2},"labelManager":{"labels":[{"type":"textLabel","@id":227,"inputText":"Tim","labelStyle":4,"shape":null,"layoutText":null}],"mainLabel":227},"portCompositions":[{"type":"portGroup","@id":228,"ordered":false,"portCompositions":[{"type":"port","@id":229,"shape":{"type":"rect","xposition":"NaN","yposition":"NaN","width":"NaN","height":"NaN","shapeStyle":2},"labelManager":{"labels":[{"type":"textLabel","@id":230,"inputText":"1","labelStyle":4,"shape":null,"layoutText":null}],"mainLabel":230},"properties":{},"orientationAtVertex":"FREE","reference":null},{"type":"port","@id":231,"shape":{"type":"rect","xposition":"NaN","yposition":"NaN","width":"NaN","height":"NaN","shapeStyle":31},"labelManager":{"labels":[{"type":"textLabel","@id":232,"inputText":"3","labelStyle":33,"shape":null,"layoutText":null}],"mainLabel":232},"properties":{},"orientationAtVertex":"FREE","reference":null},{"type":"port","@id":233,"shape":{"type":"rect","xposition":"NaN","yposition":"NaN","width":"NaN","height":"NaN","shapeStyle":31},"labelManager":{"labels":[{"type":"textLabel","@id":234,"inputText":"2","labelStyle":33,"shape":null,"layoutText":null}],"mainLabel":234},"properties":{},"orientationAtVertex":"FREE","reference":null}],"properties":{},"reference":null}],"properties":{},"reference":"plug"},{"@id":235,"shape":{"type":"rect","xposition":"NaN","yposition":"NaN","width":"NaN","height":"NaN","shapeStyle":2},"labelManager":{"labels":[{"type":"textLabel","@id":236,"inputText":"Mats","labelStyle":4,"shape":null,"layoutText":null}],"mainLabel":236},"portCompositions":[{"type":"portGroup","@id":237,"ordered":false,"portCompositions":[{"type":"port","@id":238,"shape":{"type":"rect","xposition":"NaN","yposition":"NaN","width":"NaN","height":"NaN","shapeStyle":2},"labelManager":{"labels":[{"type":"textLabel","@id":239,"inputText":"1","labelStyle":4,"shape":null,"layoutText":null}],"mainLabel":239},"properties":{},"orientationAtVertex":"FREE","reference":null},{"type":"port","@id":240,"shape":{"type":"rect","xposition":"NaN","yposition":"NaN","width":"NaN","height":"NaN","shapeStyle":31},"labelManager":{"labels":[{"type":"textLabel","@id":241,"inputText":"3","labelStyle":33,"shape":null,"layoutText":null}],"mainLabel":241},"properties":{},"orientationAtVertex":"FREE","reference":null},{"type":"port","@id":242,"shape":{"type":"rect","xposition":"NaN","yposition":"NaN","width":"NaN","height":"NaN","shapeStyle":31},"labelManager":{"labels":[{"type":"textLabel","@id":243,"inputText":"2","labelStyle":33,"shape":null,"layoutText":null}],"mainLabel":243},"properties":{},"orientationAtVertex":"FREE","reference":null}],"properties":{},"reference":null}],"properties":{},"reference":"plug"},{"@id":244,"shape":null,"labelManager":{"labels":[{"type":"textLabel","@id":245,"inputText":"Henri","labelStyle":33,"shape":null,"layoutText":null}],"mainLabel":245},"portCompositions":[{"type":"portGroup","@id":246,"ordered":false,"portCompositions":[{"type":"port","@id":247,"shape":{"type":"rect","xposition":"NaN","yposition":"NaN","width":"NaN","height":"NaN","shapeStyle":31},"labelManager":{"labels":[{"type":"textLabel","@id":248,"inputText":"6","labelStyle":33,"shape":null,"layoutText":null}],"mainLabel":248},"properties":{},"orientationAtVertex":"FREE","reference":null}],"properties":{},"reference":null}],"properties":{},"reference":null},{"@id":249,"shape":null,"labelManager":{"labels":[{"type":"textLabel","@id":250,"inputText":"Louis","labelStyle":33,"shape":null,"layoutText":null}],"mainLabel":250},"portCompositions":[{"type":"portGroup","@id":251,"ordered":false,"portCompositions":[{"type":"port","@id":252,"shape":{"type":"rect","xposition":"NaN","yposition":"NaN","width":"NaN","height":"NaN","shapeStyle":31},"labelManager":{"labels":[{"type":"textLabel","@id":253,"inputText":"1","labelStyle":33,"shape":null,"layoutText":null}],"mainLabel":253},"properties":{},"orientationAtVertex":"FREE","reference":null}],"properties":{},"reference":null}],"properties":{},"reference":null},{"@id":254,"shape":null,"labelManager":{"labels":[{"type":"textLabel","@id":255,"inputText":"Jakob","labelStyle":33,"shape":null,"layoutText":null}],"mainLabel":255},"portCompositions":[{"type":"portGroup","@id":256,"ordered":false,"portCompositions":[{"type":"port","@id":257,"shape":{"type":"rect","xposition":"NaN","yposition":"NaN","width":"NaN","height":"NaN","shapeStyle":31},"labelManager":{"labels":[{"type":"textLabel","@id":258,"inputText":"1","labelStyle":33,"shape":null,"layoutText":null}],"mainLabel":258},"properties":{},"orientationAtVertex":"FREE","reference":null}],"properties":{},"reference":null}],"properties":{},"reference":null}],"vertexGroups":[{"@id":259,"drawnFrame":false,"labelManager":{"labels":[],"mainLabel":null},"shape":null,"containedVertices":[11,18],"containedVertexGroups":[],"touchingPairs":[{"vertex0":11,"horizontalPlacementVertex0":"FREE","verticalPlacementVertex0":"TOP","vertex1":18,"horizontalPlacementVertex1":"FREE","verticalPlacementVertex1":"FREE"}],"portPairings":[{"port0":14,"port1":21},{"port0":16,"port1":23}],"properties":{},"reference":null},{"@id":260,"drawnFrame":false,"labelManager":{"labels":[],"mainLabel":null},"shape":null,"containedVertices":[25,34],"containedVertexGroups":[],"touchingPairs":[{"vertex0":25,"horizontalPlacementVertex0":"FREE","verticalPlacementVertex0":"TOP","vertex1":34,"horizontalPlacementVertex1":"FREE","verticalPlacementVertex1":"FREE"}],"portPairings":[{"port0":28,"port1":37},{"port0":30,"port1":39}],"properties":{},"reference":null},{"@id":261,"drawnFrame":false,"labelManager":{"labels":[],"mainLabel":null},"shape":null,"containedVertices":[61,66],"containedVertexGroups":[],"touchingPairs":[{"vertex0":61,"horizontalPlacementVertex0":"FREE","verticalPlacementVertex0":"TOP","vertex1":66,"horizontalPlacementVertex1":"FREE","verticalPlacementVertex1":"FREE"}],"portPairings":[{"port0":64,"port1":69}],"properties":{},"reference":null},{"@id":262,"drawnFrame":false,"labelManager":{"labels":[],"mainLabel":null},"shape":null,"containedVertices":[83,92],"containedVertexGroups":[],"touchingPairs":[{"vertex0":83,"horizontalPlacementVertex0":"FREE","verticalPlacementVertex0":"TOP","vertex1":92,"horizontalPlacementVertex1":"FREE","verticalPlacementVertex1":"FREE"}],"portPairings":[{"port0":86,"port1":95},{"port0":88,"port1":97},{"port0":90,"port1":99}],"properties":{},"reference":null},{"@id":263,"drawnFrame":false,"labelManager":{"labels":[],"mainLabel":null},"shape":null,"containedVertices":[101,114],"containedVertexGroups":[],"touchingPairs":[{"vertex0":101,"horizontalPlacementVertex0":"FREE","verticalPlacementVertex0":"TOP","vertex1":114,"horizontalPlacementVertex1":"FREE","verticalPlacementVertex1":"FREE"}],"portPairings":[{"port0":106,"port1":119},{"port0":112,"port1":125},{"port0":104,"port1":117},{"port0":110,"port1":123},{"port0":108,"port1":121}],"properties":{},"reference":null},{"@id":264,"drawnFrame":false,"labelManager":{"labels":[],"mainLabel":null},"shape":null,"containedVertices":[127,141],"containedVertexGroups":[],"touchingPairs":[{"vertex0":127,"horizontalPlacementVertex0":"FREE","verticalPlacementVertex0":"TOP","vertex1":141,"horizontalPlacementVertex1":"FREE","verticalPlacementVertex1":"FREE"}],"portPairings":[{"port0":134,"port1":148},{"port0":136,"port1":150},{"port0":130,"port1":144},{"port0":138,"port1":152},{"port0":132,"port1":146}],"properties":{},"reference":null},{"@id":265,"drawnFrame":false,"labelManager":{"labels":[],"mainLabel":null},"shape":null,"containedVertices":[154,169,244,254],"containedVertexGroups":[],"touchingPairs":[{"vertex0":154,"horizontalPlacementVertex0":"FREE","verticalPlacementVertex0":"TOP","vertex1":169,"horizontalPlacementVertex1":"FREE","verticalPlacementVertex1":"FREE"},{"vertex0":154,"horizontalPlacementVertex0":"FREE","verticalPlacementVertex0":"FREE","vertex1":244,"horizontalPlacementVertex1":"FREE","verticalPlacementVertex1":"FREE"},{"vertex0":154,"horizontalPlacementVertex0":"FREE","verticalPlacementVertex0":"FREE","vertex1":254,"horizontalPlacementVertex1":"FREE","verticalPlacementVertex1":"FREE"}],"portPairings":[{"port0":163,"port1":178},{"port0":157,"port1":172},{"port0":159,"port1":174},{"port0":161,"port1":176},{"port0":165,"port1":247},{"port0":167,"port1":257}],"properties":{},"reference":null},{"@id":266,"drawnFrame":false,"labelManager":{"labels":[],"mainLabel":null},"shape":null,"containedVertices":[184,195,249],"containedVertexGroups":[],"touchingPairs":[{"vertex0":184,"horizontalPlacementVertex0":"FREE","verticalPlacementVertex0":"TOP","vertex1":195,"horizontalPlacementVertex1":"FREE","verticalPlacementVertex1":"FREE"},{"vertex0":184,"horizontalPlacementVertex0":"FREE","verticalPlacementVertex0":"FREE","vertex1":249,"horizontalPlacementVertex1":"FREE","verticalPlacementVertex1":"FREE"}],"portPairings":[{"port0":187,"port1":198},{"port0":189,"port1":200},{"port0":191,"port1":252},{"port0":193,"port1":202}],"properties":{},"reference":null},{"@id":267,"drawnFrame":false,"labelManager":{"labels":[],"mainLabel":null},"shape":null,"containedVertices":[204,215],"containedVertexGroups":[],"touchingPairs":[{"vertex0":204,"horizontalPlacementVertex0":"FREE","verticalPlacementVertex0":"TOP","vertex1":215,"horizontalPlacementVertex1":"FREE","verticalPlacementVertex1":"FREE"}],"portPairings":[{"port0":207,"port1":218},{"port0":213,"port1":224},{"port0":211,"port1":222},{"port0":209,"port1":220}],"properties":{},"reference":null},{"@id":268,"drawnFrame":false,"labelManager":{"labels":[],"mainLabel":null},"shape":null,"containedVertices":[226,235],"containedVertexGroups":[],"touchingPairs":[{"vertex0":226,"horizontalPlacementVertex0":"FREE","verticalPlacementVertex0":"TOP","vertex1":235,"horizontalPlacementVertex1":"FREE","verticalPlacementVertex1":"FREE"}],"portPairings":[{"port0":229,"port1":238},{"port0":231,"port1":240},{"port0":233,"port1":242}],"properties":{},"reference":null}],"edges":[{"@id":269,"ports":[112,144],"labelManager":{"innerLabels":[{"type":"textLabel","@id":270,"inputText":"Levi","labelStyle":4,"shape":null,"layoutText":null}],"allPortLabels":[],"mainLabel":270},"pathStyle":{"@id":271,"description":"default path style","thickness":-1.0,"color":{"argb":"ff000000"}},"paths":[],"properties":{},"reference":null},{"@id":272,"ports":[176,73],"labelManager":{"innerLabels":[{"type":"textLabel","@id":273,"inputText":"Simon","labelStyle":4,"shape":null,"layoutText":null}],"allPortLabels":[],"mainLabel":273},"pathStyle":271,"paths":[],"properties":{},"reference":null},{"@id":274,"ports":[9,55],"labelManager":{"innerLabels":[{"type":"textLabel","@id":275,"inputText":"Theo","labelStyle":4,"shape":null,"layoutText":null}],"allPortLabels":[],"mainLabel":275},"pathStyle":271,"paths":[],"properties":{},"reference":null},{"@id":276,"ports":[178,55],"labelManager":{"innerLabels":[{"type":"textLabel","@id":277,"inputText":"Valentin","labelStyle":4,"shape":null,"layoutText":null}],"allPortLabels":[],"mainLabel":277},"pathStyle":271,"paths":[],"properties":{},"reference":null},{"@id":278,"ports":[182,174],"labelManager":{"innerLabels":[{"type":"textLabel","@id":279,"inputText":"Joel","labelStyle":4,"shape":null,"layoutText":null}],"allPortLabels":[],"mainLabel":279},"pathStyle":271,"paths":[],"properties":{},"reference":null},{"@id":280,"ports":[119,51,97],"labelManager":{"innerLabels":[{"type":"textLabel","@id":281,"inputText":"Peter","labelStyle":4,"shape":null,"layoutText":null}],"allPortLabels":[],"mainLabel":281},"pathStyle":271,"paths":[],"properties":{},"reference":null},{"@id":282,"ports":[88,200],"labelManager":{"innerLabels":[{"type":"textLabel","@id":283,"inputText":"Milan","labelStyle":4,"shape":null,"layoutText":null}],"allPortLabels":[],"mainLabel":283},"pathStyle":271,"paths":[],"properties":{},"reference":null},{"@id":284,"ports":[47,43],"labelManager":{"innerLabels":[{"type":"textLabel","@id":285,"inputText":"Noel","labelStyle":4,"shape":null,"layoutText":null}],"allPortLabels":[],"mainLabel":285},"pathStyle":271,"paths":[],"properties":{},"reference":null},{"@id":286,"ports":[106,150],"labelManager":{"innerLabels":[{"type":"textLabel","@id":287,"inputText":"Carl","labelStyle":4,"shape":null,"layoutText":null}],"allPortLabels":[],"mainLabel":287},"pathStyle":271,"paths":[],"properties":{},"reference":null},{"@id":288,"ports":[238,21],"labelManager":{"innerLabels":[{"type":"textLabel","@id":289,"inputText":"Henry","labelStyle":4,"shape":null,"layoutText":null}],"allPortLabels":[],"mainLabel":289},"pathStyle":271,"paths":[],"properties":{},"reference":null},{"@id":290,"ports":[28,23],"labelManager":{"innerLabels":[{"type":"textLabel","@id":291,"inputText":"Vincent","labelStyle":4,"shape":null,"layoutText":null}],"allPortLabels":[],"mainLabel":291},"pathStyle":271,"paths":[],"properties":{},"reference":null},{"@id":292,"ports":[172,47],"labelManager":{"innerLabels":[{"type":"textLabel","@id":293,"inputText":"Daniel","labelStyle":4,"shape":null,"layoutText":null}],"allPortLabels":[],"mainLabel":293},"pathStyle":271,"paths":[],"properties":{},"reference":null},{"@id":294,"ports":[9,220],"labelManager":{"innerLabels":[{"type":"textLabel","@id":295,"inputText":"Adam","labelStyle":4,"shape":null,"layoutText":null}],"allPortLabels":[],"mainLabel":295},"pathStyle":271,"paths":[],"properties":{},"reference":null},{"@id":296,"ports":[224,43],"labelManager":{"innerLabels":[{"type":"textLabel","@id":297,"inputText":"Frederik","labelStyle":4,"shape":null,"layoutText":null}],"allPortLabels":[],"mainLabel":297},"pathStyle":271,"paths":[],"properties":{},"reference":null},{"@id":298,"ports":[110,146],"labelManager":{"innerLabels":[{"type":"textLabel","@id":299,"inputText":"Sebastian","labelStyle":4,"shape":null,"layoutText":null}],"allPortLabels":[],"mainLabel":299},"pathStyle":271,"paths":[],"properties":{},"reference":null},{"@id":300,"ports":[148,104],"labelManager":{"innerLabels":[{"type":"textLabel","@id":301,"inputText":"Florian","labelStyle":4,"shape":null,"layoutText":null}],"allPortLabels":[],"mainLabel":301},"pathStyle":271,"paths":[],"properties":{},"reference":null},{"@id":302,"ports":[182,218],"labelManager":{"innerLabels":[{"type":"textLabel","@id":303,"inputText":"Karl","labelStyle":4,"shape":null,"layoutText":null}],"allPortLabels":[],"mainLabel":303},"pathStyle":271,"paths":[],"properties":{},"reference":null},{"@id":304,"ports":[69,182],"labelManager":{"innerLabels":[{"type":"textLabel","@id":305,"inputText":"Christian","labelStyle":4,"shape":null,"layoutText":null}],"allPortLabels":[],"mainLabel":305},"pathStyle":271,"paths":[],"properties":{},"reference":null},{"@id":306,"ports":[77,59],"labelManager":{"innerLabels":[{"type":"textLabel","@id":307,"inputText":"Ali","labelStyle":33,"shape":null,"layoutText":null}],"allPortLabels":[],"mainLabel":307},"pathStyle":{"@id":308,"description":"default path style","thickness":-1.0,"color":{"argb":"ff000000"}},"paths":[],"properties":{},"reference":null},{"@id":309,"ports":[247,5],"labelManager":{"innerLabels":[{"type":"textLabel","@id":310,"inputText":"Michael","labelStyle":33,"shape":null,"layoutText":null}],"allPortLabels":[],"mainLabel":310},"pathStyle":308,"paths":[],"properties":{},"reference":null},{"@id":311,"ports":[123,81],"labelManager":{"innerLabels":[{"type":"textLabel","@id":312,"inputText":"Can","labelStyle":33,"shape":null,"layoutText":null}],"allPortLabels":[],"mainLabel":312},"pathStyle":308,"paths":[],"properties":{},"reference":null},{"@id":313,"ports":[222,77],"labelManager":{"innerLabels":[{"type":"textLabel","@id":314,"inputText":"Konstantin","labelStyle":33,"shape":null,"layoutText":null}],"allPortLabels":[],"mainLabel":314},"pathStyle":308,"paths":[],"properties":{},"reference":null},{"@id":315,"ports":[39,86],"labelManager":{"innerLabels":[{"type":"textLabel","@id":316,"inputText":"Muhammed","labelStyle":33,"shape":null,"layoutText":null}],"allPortLabels":[],"mainLabel":316},"pathStyle":308,"paths":[],"properties":{},"reference":null},{"@id":317,"ports":[117,257],"labelManager":{"innerLabels":[{"type":"textLabel","@id":318,"inputText":"Emir","labelStyle":33,"shape":null,"layoutText":null}],"allPortLabels":[],"mainLabel":318},"pathStyle":308,"paths":[],"properties":{},"reference":null},{"@id":319,"ports":[231,37,240,233,229],"labelManager":{"innerLabels":[{"type":"textLabel","@id":320,"inputText":"Carl","labelStyle":33,"shape":null,"layoutText":null}],"allPortLabels":[],"mainLabel":320},"pathStyle":308,"paths":[],"properties":{},"reference":null},{"@id":321,"ports":[252,240,242],"labelManager":{"innerLabels":[{"type":"textLabel","@id":322,"inputText":"Florian","labelStyle":33,"shape":null,"layoutText":null}],"allPortLabels":[],"mainLabel":322},"pathStyle":308,"paths":[],"properties":{},"reference":null},{"@id":323,"ports":[252,240,108],"labelManager":{"innerLabels":[{"type":"textLabel","@id":324,"inputText":"Peter","labelStyle":33,"shape":null,"layoutText":null}],"allPortLabels":[],"mainLabel":324},"pathStyle":308,"paths":[],"properties":{},"reference":null},{"@id":325,"ports":[125,99,242],"labelManager":{"innerLabels":[{"type":"textLabel","@id":326,"inputText":"Karl","labelStyle":33,"shape":null,"layoutText":null}],"allPortLabels":[],"mainLabel":326},"pathStyle":308,"paths":[],"properties":{},"reference":null},{"@id":327,"ports":[121,16,240],"labelManager":{"innerLabels":[{"type":"textLabel","@id":328,"inputText":"Theodor","labelStyle":33,"shape":null,"layoutText":null}],"allPortLabels":[],"mainLabel":328},"pathStyle":308,"paths":[],"properties":{},"reference":null}],"edgeBundles":[]}