{"vertices":[{"@id":1,"shape":{"type":"rect","xposition":"NaN","yposition":"NaN","width":"NaN","height":"NaN","shapeStyle":{"@id":2,"description":"default shape style","color":{"argb":"ff000000"}}},"labelManager":{"labels":[{"type":"textLabel","@id":3,"inputText":"Max","labelStyle":{"@id":4,"description":"default text label style","font":{"fontName":"SansSerif.plain","style":0,"size":10},"noBreak":false,"color":{"argb":"ff000000"},"showLabel":true,"placement":"FREE","horizontalPlacement":"FREE","verticalPlacement":"FREE"},"shape":null,"layoutText":null}],"mainLabel":3},"portCompositions":[{"type":"port","@id":5,"shape":{"type":"rect","xposition":"NaN","yposition":"NaN","width":"NaN","height":"NaN","shapeStyle":2},"labelManager":{"labels":[{"type":"textLabel","@id":6,"inputText":"1","labelStyle":4,"shape":null,"layoutText":null}],"mainLabel":6},"properties":{},"orientationAtVertex":"FREE","reference":null}],"properties":{},"reference":"splice"},{"@id":7,"shape":{"type":"rect","xposition":"NaN","yposition":"NaN","width":"NaN","height":"NaN","shapeStyle":2},"labelManager":{"labels":[{"type":"textLabel","@id":8,"inputText":"Julius","labelStyle":4,"shape":null,"layoutText":null}],"mainLabel":8},"portCompositions":[{"type":"portGroup","@id":9,"ordered":false,"portCompositions":[{"type":"port","@id":10,"shape":{"type":"rect","xposition":"NaN","yposition":"NaN","width":"NaN","height":"NaN","shapeStyle":2},"labelManager":{"labels":[{"type":"textLabel","@id":11,"inputText":"1","labelStyle":4,"shape":null,"layoutText":null}],"mainLabel":11},"properties":{},"orientationAtVertex":"FREE","reference":null}],"properties":{},"reference":null}],"properties":{},"reference":"device"},{"@id":12,"shape":{"type":"rect","xposition":"NaN","yposition":"NaN","width":"NaN","height":"NaN","shapeStyle":2},"labelManager":{"labels":[{"type":"textLabel","@id":13,"inputText":"Louis","labelStyle":4,"shape":null,"layoutText":null}],"mainLabel":13},"portCompositions":[{"type":"portGroup","@id":14,"ordered":false,"portCompositions":[{"type":"port","@id":15,"shape":{"type":"rect","xposition":"NaN","yposition":"NaN","width":"NaN","height":"NaN","shapeStyle":2},"labelManager":{"labels":[{"type":"textLabel","@id":16,"inputText":"1","labelStyle":4,"shape":null,"layoutText":null}],"mainLabel":16},"properties":{},"orientationAtVertex":"FREE","reference":null}],"properties":{},"reference":null}],"properties":{},"reference":"plug"},{"@id":17,"shape":{"type":"rect","xposition":"NaN","yposition":"NaN","width":"NaN","height":"NaN","shapeStyle":2},"labelManager":{"labels":[{"type":"textLabel","@id":18,"inputText":"Oskar","labelStyle":4,"shape":null,"layoutText":null}],"mainLabel":18},"portCompositions":[{"type":"port","@id":19,"shape":{"type":"rect","xposition":"NaN","yposition":"NaN","width":"NaN","height":"NaN","shapeStyle":2},"labelManager":{"labels":[{"type":"textLabel","@id":20,"inputText":"1","labelStyle":4,"shape":null,"layoutText":null}],"mainLabel":20},"properties":{},"orientationAtVertex":"FREE","reference":null}],"properties":{},"reference":"splice"},{"@id":21,"shape":{"type":"rect","xposition":"NaN","yposition":"NaN","width":"NaN","height":"NaN","shapeStyle":2},"labelManager":{"labels":[{"type":"textLabel","@id":22,"inputText":"David","labelStyle":4,"shape":null,"layoutText":null}],"mainLabel":22},"portCompositions":[{"type":"portGroup","@id":23,"ordered":false,"portCompositions":[{"type":"port","@id":24,"shape":{"type":"rect","xposition":"NaN","yposition":"NaN","width":"NaN","height":"NaN","shapeStyle":2},"labelManager":{"labels":[{"type":"textLabel","@id":25,"inputText":"1","labelStyle":4,"shape":null,"layoutText":null}],"mainLabel":25},"properties":{},"orientationAtVertex":"FREE","reference":null}],"properties":{},"reference":null}],"properties":{},"reference":"device"},{"@id":26,"shape":{"type":"rect","xposition":"NaN","yposition":"NaN","width":"NaN","height":"NaN","shapeStyle":2},"labelManager":{"labels":[{"type":"textLabel","@id":27,"inputText":"Tim","labelStyle":4,"shape":null,"layoutText":null}],"mainLabel":27},"portCompositions":[{"type":"portGroup","@id":28,"ordered":false,"portCompositions":[{"type":"port","@id":29,"shape":{"type":"rect","xposition":"NaN","yposition":"NaN","width":"NaN","height":"NaN","shapeStyle":2},"labelManager":{"labels":[{"type":"textLabel","@id":30,"inputText":"1","labelStyle":4,"shape":null,"layoutText":null}],"mainLabel":30},"properties":{},"orientationAtVertex":"FREE","reference":null}],"properties":{},"reference":null}],"properties":{},"reference":"plug"},{"@id":31,"shape":{"type":"rect","xposition":"NaN","yposition":"NaN","width":"NaN","height":"NaN","shapeStyle":2},"labelManager":{"labels":[{"type":"textLabel","@id":32,"inputText":"Mats","labelStyle":4,"shape":null,"layoutText":null}],"mainLabel":32},"portCompositions":[{"type":"portGroup","@id":33,"ordered":false,"portCompositions":[{"type":"port","@id":34,"shape":{"type":"rect","xposition":"NaN","yposition":"NaN","width":"NaN","height":"NaN","shapeStyle":2},"labelManager":{"labels":[{"type":"textLabel","@id":35,"inputText":"1","labelStyle":4,"shape":null,"layoutText":null}],"mainLabel":35},"properties":{},"orientationAtVertex":"FREE","reference":null}],"properties":{},"reference":null}],"properties":{},"reference":"device"},{"@id":36,"shape":{"type":"rect","xposition":"NaN","yposition":"NaN","width":"NaN","height":"NaN","shapeStyle":2},"labelManager":{"labels":[{"type":"textLabel","@id":37,"inputText":"Jan","labelStyle":4,"shape":null,"layoutText":null}],"mainLabel":37},"portCompositions":[{"type":"portGroup","@id":38,"ordered":false,"portCompositions":[{"type":"port","@id":39,"shape":{"type":"rect","xposition":"NaN","yposition":"NaN","width":"NaN","height":"NaN","shapeStyle":2},"labelManager":{"labels":[{"type":"textLabel","@id":40,"inputText":"1","labelStyle":4,"shape":null,"layoutText":null}],"mainLabel":40},"properties":{},"orientationAtVertex":"FREE","reference":null}],"properties":{},"reference":null}],"properties":{},"reference":"plug"},{"@id":41,"shape":{"type":"rect","xposition":"NaN","yposition":"NaN","width":"NaN","height":"NaN","shapeStyle":2},"labelManager":{"labels":[{"type":"textLabel","@id":42,"inputText":"Ali","labelStyle":4,"shape":null,"layoutText":null}],"mainLabel":42},"portCompositions":[{"type":"portGroup","@id":43,"ordered":false,"portCompositions":[{"type":"port","@id":44,"shape":{"type":"rect","xposition":"NaN","yposition":"NaN","width":"NaN","height":"NaN","shapeStyle":2},"labelManager":{"labels":[{"type":"textLabel","@id":45,"inputText":"1","labelStyle":4,"shape":null,"layoutText":null}],"mainLabel":45},"properties":{},"orientationAtVertex":"FREE","reference":null}],"properties":{},"reference":null}],"properties":{},"reference":"device"},{"@id":46,"shape":{"type":"rect","xposition":"NaN","yposition":"NaN","width":"NaN","height":"NaN","shapeStyle":2},"labelManager":{"labels":[{"type":"textLabel","@id":47,"inputText":"Maximilian","labelStyle":4,"shape":null,"layoutText":null}],"mainLabel":47},"portCompositions":[{"type":"portGroup","@id":48,"ordered":false,"portCompositions":[{"type":"port","@id":49,"shape":{"type":"rect","xposition":"NaN","yposition":"NaN","width":"NaN","height":"NaN","shapeStyle":2},"labelManager":{"labels":[{"type":"textLabel","@id":50,"inputText":"1","labelStyle":4,"shape":null,"layoutText":null}],"mainLabel":50},"properties":{},"orientationAtVertex":"FREE","reference":null}],"properties":{},"reference":null}],"properties":{},"reference":"plug"},{"@id":51,"shape":{"type":"rect","xposition":"NaN","yposition":"NaN","width":"NaN","height":"NaN","shapeStyle":2},"labelManager":{"labels":[{"type":"textLabel","@id":52,"inputText":"Anton","labelStyle":4,"shape":null,"layoutText":null}],"mainLabel":52},"portCompositions":[{"type":"portGroup","@id":53,"ordered":false,"portCompositions":[{"type":"port","@id":54,"shape":{"type":"rect","xposition":"NaN","yposition":"NaN","width":"NaN","height":"NaN","shapeStyle":2},"labelManager":{"labels":[{"type":"textLabel","@id":55,"inputText":"1","labelStyle":4,"shape":null,"layoutText":null}],"mainLabel":55},"properties":{},"orientationAtVertex":"FREE","reference":null}],"properties":{},"reference":null}],"properties":{},"reference":"device"},{"@id":56,"shape":{"type":"rect","xposition":"NaN","yposition":"NaN","width":"NaN","height":"NaN","shapeStyle":2},"labelManager":{"labels":[{"type":"textLabel","@id":57,"inputText":"Niklas","labelStyle":4,"shape":null,"layoutText":null}],"mainLabel":57},"portCompositions":[{"type":"portGroup","@id":58,"ordered":false,"portCompositions":[{"type":"port","@id":59,"shape":{"type":"rect","xposition":"NaN","yposition":"NaN","width":"NaN","height":"NaN","shapeStyle":2},"labelManager":{"labels":[{"type":"textLabel","@id":60,"inputText":"1","labelStyle":4,"shape":null,"layoutText":null}],"mainLabel":60},"properties":{},"orientationAtVertex":"FREE","reference":null}],"properties":{},"reference":null}],"properties":{},"reference":"plug"},{"@id":61,"shape":{"type":"rect","xposition":"NaN","yposition":"NaN","width":"NaN","height":"NaN","shapeStyle":2},"labelManager":{"labels":[{"type":"textLabel","@id":62,"inputText":"Benjamin","labelStyle":4,"shape":null,"layoutText":null}],"mainLabel":62},"portCompositions":[{"type":"port","@id":63,"shape":{"type":"rect","xposition":"NaN","yposition":"NaN","width":"NaN","height":"NaN","shapeStyle":2},"labelManager":{"labels":[{"type":"textLabel","@id":64,"inputText":"1","labelStyle":4,"shape":null,"layoutText":null}],"mainLabel":64},"properties":{},"orientationAtVertex":"FREE","reference":null}],"properties":{},"reference":"splice"},{"@id":65,"shape":{"type":"rect","xposition":"NaN","yposition":"NaN","width":"NaN","height":"NaN","shapeStyle":2},"labelManager":{"labels":[{"type":"textLabel","@id":66,"inputText":"Jonathan","labelStyle":4,"shape":null,"layoutText":null}],"mainLabel":66},"portCompositions":[{"type":"portGroup","@id":67,"ordered":false,"portCompositions":[{"type":"port","@id":68,"shape":{"type":"rect","xposition":"NaN","yposition":"NaN","width":"NaN","height":"NaN","shapeStyle":2},"labelManager":{"labels":[{"type":"textLabel","@id":69,"inputText":"1","labelStyle":4,"shape":null,"layoutText":null}],"mainLabel":69},"properties":{},"orientationAtVertex":"FREE","reference":null}],"properties":{},"reference":null}],"properties":{},"reference":"device"},{"@id":70,"shape":{"type":"rect","xposition":"NaN","yposition":"NaN","width":"NaN","height":"NaN","shapeStyle":2},"labelManager":{"labels":[{"type":"textLabel","@id":71,"inputText":"Henry","labelStyle":4,"shape":null,"layoutText":null}],"mainLabel":71},"portCompositions":[{"type":"portGroup","@id":72,"ordered":false,"portCompositions":[{"type":"port","@id":73,"shape":{"type":"rect","xposition":"NaN","yposition":"NaN","width":"NaN","height":"NaN","shapeStyle":2},"labelManager":{"labels":[{"type":"textLabel","@id":74,"inputText":"1","labelStyle":4,"shape":null,"layoutText":null}],"mainLabel":74},"properties":{},"orientationAtVertex":"FREE","reference":null}],"properties":{},"reference":null}],"properties":{},"reference":"plug"},{"@id":75,"shape":{"type":"rect","xposition":"NaN","yposition":"NaN","width":"NaN","height":"NaN","shapeStyle":2},"labelManager":{"labels":[{"type":"textLabel","@id":76,"inputText":"Julian","labelStyle":4,"shape":null,"layoutText":null}],"mainLabel":76},"portCompositions":[{"type":"portGroup","@id":77,"ordered":false,"portCompositions":[{"type":"port","@id":78,"shape":{"type":"rect","xposition":"NaN","yposition":"NaN","width":"NaN","height":"NaN","shapeStyle":2},"labelManager":{"labels":[{"type":"textLabel","@id":79,"inputText":"1","labelStyle":4,"shape":null,"layoutText":null}],"mainLabel":79},"properties":{},"orientationAtVertex":"FREE","reference":null}],"properties":{},"reference":null}],"properties":{},"reference":"device"},{"@id":80,"shape":{"type":"rect","xposition":"NaN","yposition":"NaN","width":"NaN","height":"NaN","shapeStyle":2},"labelManager":{"labels":[{"type":"textLabel","@id":81,"inputText":"Ben","labelStyle":4,"shape":null,"layoutText":null}],"mainLabel":81},"portCompositions":[{"type":"portGroup","@id":82,"ordered":false,"portCompositions":[{"type":"port","@id":83,"shape":{"type":"rect","xposition":"NaN","yposition":"NaN","width":"NaN","height":"NaN","shapeStyle":2},"labelManager":{"labels":[{"type":"textLabel","@id":84,"inputText":"1","labelStyle":4,"shape":null,"layoutText":null}],"mainLabel":84},"properties":{},"orientationAtVertex":"FREE","reference":null}],"properties":{},"reference":null}],"properties":{},"reference":"plug"},{"@id":85,"shape":{"type":"rect","xposition":"NaN","yposition":"NaN","width":"NaN","height":"NaN","shapeStyle":2},"labelManager":{"labels":[{"type":"textLabel","@id":86,"inputText":"Gabriel","labelStyle":4,"shape":null,"layoutText":null}],"mainLabel":86},"portCompositions":[{"type":"portGroup","@id":87,"ordered":false,"portCompositions":[{"type":"port","@id":88,"shape":{"type":"rect","xposition":"NaN","yposition":"NaN","width":"NaN","height":"NaN","shapeStyle":2},"labelManager":{"labels":[{"type":"textLabel","@id":89,"inputText":"1","labelStyle":4,"shape":null,"layoutText":null}],"mainLabel":89},"properties":{},"orientationAtVertex":"FREE","reference":null},{"type":"port","@id":90,"shape":{"type":"rect","xposition":"NaN","yposition":"NaN","width":"NaN","height":"NaN","shapeStyle":2},"labelManager":{"labels":[{"type":"textLabel","@id":91,"inputText":"2","labelStyle":4,"shape":null,"layoutText":null}],"mainLabel":91},"properties":{},"orientationAtVertex":"FREE","reference":null}],"properties":{},"reference":null}],"properties":{},"reference":"plug"},{"@id":92,"shape":{"type":"rect","xposition":"NaN","yposition":"NaN","width":"NaN","height":"NaN","shapeStyle":2},"labelManager":{"labels":[{"type":"textLabel","@id":93,"inputText":"Elias","labelStyle":4,"shape":null,"layoutText":null}],"mainLabel":93},"portCompositions":[{"type":"portGroup","@id":94,"ordered":false,"portCompositions":[{"type":"port","@id":95,"shape":{"type":"rect","xposition":"NaN","yposition":"NaN","width":"NaN","height":"NaN","shapeStyle":2},"labelManager":{"labels":[{"type":"textLabel","@id":96,"inputText":"1","labelStyle":4,"shape":null,"layoutText":null}],"mainLabel":96},"properties":{},"orientationAtVertex":"FREE","reference":null},{"type":"port","@id":97,"shape":{"type":"rect","xposition":"NaN","yposition":"NaN","width":"NaN","height":"NaN","shapeStyle":2},"labelManager":{"labels":[{"type":"textLabel","@id":98,"inputText":"2","labelStyle":4,"shape":null,"layoutText":null}],"mainLabel":98},"properties":{},"orientationAtVertex":"FREE","reference":null}],"properties":{},"reference":null}],"properties":{},"reference":"plug"},{"@id":99,"shape":{"type":"rect","xposition":"NaN","yposition":"NaN","width":"NaN","height":"NaN","shapeStyle":2},"labelManager":{"labels":[{"type":"textLabel","@id":100,"inputText":"Johann","labelStyle":4,"shape":null,"layoutText":null}],"mainLabel":100},"portCompositions":[{"type":"port","@id":101,"shape":{"type":"rect","xposition":"NaN","yposition":"NaN","width":"NaN","height":"NaN","shapeStyle":2},"labelManager":{"labels":[{"type":"textLabel","@id":102,"inputText":"1","labelStyle":4,"shape":null,"layoutText":null}],"mainLabel":102},"properties":{},"orientationAtVertex":"FREE","reference":null}],"properties":{},"reference":"splice"},{"@id":103,"shape":{"type":"rect","xposition":"NaN","yposition":"NaN","width":"NaN","height":"NaN","shapeStyle":2},"labelManager":{"labels":[{"type":"textLabel","@id":104,"inputText":"Daniel","labelStyle":4,"shape":null,"layoutText":null}],"mainLabel":104},"portCompositions":[{"type":"portGroup","@id":105,"ordered":false,"portCompositions":[{"type":"port","@id":106,"shape":{"type":"rect","xposition":"NaN","yposition":"NaN","width":"NaN","height":"NaN","shapeStyle":2},"labelManager":{"labels":[{"type":"textLabel","@id":107,"inputText":"1","labelStyle":4,"shape":null,"layoutText":null}],"mainLabel":107},"properties":{},"orientationAtVertex":"FREE","reference":null}],"properties":{},"reference":null}],"properties":{},"reference":"device"},{"@id":108,"shape":{"type":"rect","xposition":"NaN","yposition":"NaN","width":"NaN","height":"NaN","shapeStyle":2},"labelManager":{"labels":[{"type":"textLabel","@id":109,"inputText":"Samuel","labelStyle":4,"shape":null,"layoutText":null}],"mainLabel":109},"portCompositions":[{"type":"portGroup","@id":110,"ordered":false,"portCompositions":[{"type":"port","@id":111,"shape":{"type":"rect","xposition":"NaN","yposition":"NaN","width":"NaN","height":"NaN","shapeStyle":2},"labelManager":{"labels":[{"type":"textLabel","@id":112,"inputText":"1","labelStyle":4,"shape":null,"layoutText":null}],"mainLabel":112},"properties":{},"orientationAtVertex":"FREE","reference":null}],"properties":{},"reference":null}],"properties":{},"reference":"plug"},{"@id":113,"shape":{"type":"rect","xposition":"NaN","yposition":"NaN","width":"NaN","height":"NaN","shapeStyle":2},"labelManager":{"labels":[{"type":"textLabel","@id":114,"inputText":"Luis","labelStyle":4,"shape":null,"layoutText":null}],"mainLabel":114},"portCompositions":[{"type":"port","@id":115,"shape":{"type":"rect","xposition":"NaN","yposition":"NaN","width":"NaN","height":"NaN","shapeStyle":2},"labelManager":{"labels":[{"type":"textLabel","@id":116,"inputText":"1","labelStyle":4,"shape":null,"layoutText":null}],"mainLabel":116},"properties":{},"orientationAtVertex":"FREE","reference":null}],"properties":{},"reference":"splice"},{"@id":117,"shape":{"type":"rect","xposition":"NaN","yposition":"NaN","width":"NaN","height":"NaN","shapeStyle":2},"labelManager":{"labels":[{"type":"textLabel","@id":118,"inputText":"Finn","labelStyle":4,"shape":null,"layoutText":null}],"mainLabel":118},"portCompositions":[{"type":"portGroup","@id":119,"ordered":false,"portCompositions":[{"type":"port","@id":120,"shape":{"type":"rect","xposition":"NaN","yposition":"NaN","width":"NaN","height":"NaN","shapeStyle":2},"labelManager":{"labels":[{"type":"textLabel","@id":121,"inputText":"1","labelStyle":4,"shape":null,"layoutText":null}],"mainLabel":121},"properties":{},"orientationAtVertex":"FREE","reference":null}],"properties":{},"reference":null}],"properties":{},"reference":"device"},{"@id":122,"shape":{"type":"rect","xposition":"NaN","yposition":"NaN","width":"NaN","height":"NaN","shapeStyle":2},"labelManager":{"labels":[{"type":"textLabel","@id":123,"inputText":"Luca","labelStyle":4,"shape":null,"layoutText":null}],"mainLabel":123},"portCompositions":[{"type":"portGroup","@id":124,"ordered":false,"portCompositions":[{"type":"port","@id":125,"shape":{"type":"rect","xposition":"NaN","yposition":"NaN","width":"NaN","height":"NaN","shapeStyle":2},"labelManager":{"labels":[{"type":"textLabel","@id":126,"inputText":"1","labelStyle":4,"shape":null,"layoutText":null}],"mainLabel":126},"properties":{},"orientationAtVertex":"FREE","reference":null}],"properties":{},"reference":null}],"properties":{},"reference":"plug"},{"@id":127,"shape":{"type":"rect","xposition":"NaN","yposition":"NaN","width":"NaN","height":"NaN","shapeStyle":2},"labelManager":{"labels":[{"type":"textLabel","@id":128,"inputText":"Jonas","labelStyle":4,"shape":null,"layoutText":null}],"mainLabel":128},"portCompositions":[{"type":"portGroup","@id":129,"ordered":false,"portCompositions":[{"type":"port","@id":130,"shape":{"type":"rect","xposition":"NaN","yposition":"NaN","width":"NaN","height":"NaN","shapeStyle":2},"labelManager":{"labels":[{"type":"textLabel","@id":131,"inputText":"1","labelStyle":4,"shape":null,"layoutText":null}],"mainLabel":131},"properties":{},"orientationAtVertex":"FREE","reference":null}],"properties":{},"reference":null}],"properties":{},"reference":"device"},{"@id":132,"shape":{"type":"rect","xposition":"NaN","yposition":"NaN","width":"NaN","height":"NaN","shapeStyle":2},"labelManager":{"labels":[{"type":"textLabel","@id":133,"inputText":"Alexander","labelStyle":4,"shape":null,"layoutText":null}],"mainLabel":133},"portCompositions":[{"type":"portGroup","@id":134,"ordered":false,"portCompositions":[{"type":"port","@id":135,"shape":{"type":"rect","xposition":"NaN","yposition":"NaN","width":"NaN","height":"NaN","shapeStyle":2},"labelManager":{"labels":[{"type":"textLabel","@id":136,"inputText":"1","labelStyle":4,"shape":null,"layoutText":null}],"mainLabel":136},"properties":{},"orientationAtVertex":"FREE","reference":null}],"properties":{},"reference":null}],"properties":{},"reference":"plug"},{"@id":137,"shape":{"type":"rect","xposition":"NaN","yposition":"NaN","width":"NaN","height":"NaN","shapeStyle":2},"labelManager":{"labels":[{"type":"textLabel","@id":138,"inputText":"Leon","labelStyle":4,"shape":null,"layoutText":null}],"mainLabel":138},"portCompositions":[{"type":"portGroup","@id":139,"ordered":false,"portCompositions":[{"type":"port","@id":140,"shape":{"type":"rect","xposition":"NaN","yposition":"NaN","width":"NaN","height":"NaN","shapeStyle":2},"labelManager":{"labels":[{"type":"textLabel","@id":141,"inputText":"1","labelStyle":4,"shape":null,"layoutText":null}],"mainLabel":141},"properties":{},"orientationAtVertex":"FREE","reference":null}],"properties":{},"reference":null}],"properties":{},"reference":"device"},{"@id":142,"shape":{"type":"rect","xposition":"NaN","yposition":"NaN","width":"NaN","height":"NaN","shapeStyle":2},"labelManager":{"labels":[{"type":"textLabel","@id":143,"inputText":"Karl","labelStyle":4,"shape":null,"layoutText":null}],"mainLabel":143},"portCompositions":[{"type":"portGroup","@id":144,"ordered":false,"portCompositions":[{"type":"port","@id":145,"shape":{"type":"rect","xposition":"NaN","yposition":"NaN","width":"NaN","height":"NaN","shapeStyle":2},"labelManager":{"labels":[{"type":"textLabel","@id":146,"inputText":"1","labelStyle":4,"shape":null,"layoutText":null}],"mainLabel":146},"properties":{},"orientationAtVertex":"FREE","reference":null}],"properties":{},"reference":null}],"properties":{},"reference":"plug"},{"@id":147,"shape":{"type":"rect","xposition":"NaN","yposition":"NaN","width":"NaN","height":"NaN","shapeStyle":2},"labelManager":{"labels":[{"type":"textLabel","@id":148,"inputText":"Johannes","labelStyle":4,"shape":null,"layoutText":null}],"mainLabel":148},"portCompositions":[{"type":"portGroup","@id":149,"ordered":false,"portCompositions":[{"type":"port","@id":150,"shape":{"type":"rect","xposition":"NaN","yposition":"NaN","width":"NaN","height":"NaN","shapeStyle":2},"labelManager":{"labels":[{"type":"textLabel","@id":151,"inputText":"1","labelStyle":4,"shape":null,"layoutText":null}],"mainLabel":151},"properties":{},"orientationAtVertex":"FREE","reference":null}],"properties":{},"reference":null}],"properties":{},"reference":"device"},{"@id":152,"shape":{"type":"rect","xposition":"NaN","yposition":"NaN","width":"NaN","height":"NaN","shapeStyle":2},"labelManager":{"labels":[{"type":"textLabel","@id":153,"inputText":"Vincent","labelStyle":4,"shape":null,"layoutText":null}],"mainLabel":153},"portCompositions":[{"type":"portGroup","@id":154,"ordered":false,"portCompositions":[{"type":"port","@id":155,"shape":{"type":"rect","xposition":"NaN","yposition":"NaN","width":"NaN","height":"NaN","shapeStyle":2},"labelManager":{"labels":[{"type":"textLabel","@id":156,"inputText":"1","labelStyle":4,"shape":null,"layoutText":null}],"mainLabel":156},"properties":{},"orientationAtVertex":"FREE","reference":null}],"properties":{},"reference":null}],"properties":{},"reference":"plug"},{"@id":157,"shape":{"type":"rect","xposition":"NaN","yposition":"NaN","width":"NaN","height":"NaN","shapeStyle":2},"labelManager":{"labels":[{"type":"textLabel","@id":158,"inputText":"Leo","labelStyle":4,"shape":null,"layoutText":null}],"mainLabel":158},"portCompositions":[{"type":"portGroup","@id":159,"ordered":false,"portCompositions":[{"type":"port","@id":160,"shape":{"type":"rect","xposition":"NaN","yposition":"NaN","width":"NaN","height":"NaN","shapeStyle":2},"labelManager":{"labels":[{"type":"textLabel","@id":161,"inputText":"1","labelStyle":4,"shape":null,"layoutText":null}],"mainLabel":161},"properties":{},"orientationAtVertex":"FREE","reference":null}],"properties":{},"reference":null}],"properties":{},"reference":"device"},{"@id":162,"shape":{"type":"rect","xposition":"NaN","yposition":"NaN","width":"NaN","height":"NaN","shapeStyle":2},"labelManager":{"labels":[{"type":"textLabel","@id":163,"inputText":"Emil","labelStyle":4,"shape":null,"layoutText":null}],"mainLabel":163},"portCompositions":[{"type":"portGroup","@id":164,"ordered":false,"portCompositions":[{"type":"port","@id":165,"shape":{"type":"rect","xposition":"NaN","yposition":"NaN","width":"NaN","height":"NaN","shapeStyle":2},"labelManager":{"labels":[{"type":"textLabel","@id":166,"inputText":"1","labelStyle":4,"shape":null,"layoutText":null}],"mainLabel":166},"properties":{},"orientationAtVertex":"FREE","reference":null}],"properties":{},"reference":null}],"properties":{},"reference":"plug"},{"@id":167,"shape":{"type":"rect","xposition":"NaN","yposition":"NaN","width":"NaN","height":"NaN","shapeStyle":2},"labelManager":{"labels":[{"type":"textLabel","@id":168,"inputText":"Tom","labelStyle":4,"shape":null,"layoutText":null}],"mainLabel":168},"portCompositions":[{"type":"port","@id":169,"shape":{"type":"rect","xposition":"NaN","yposition":"NaN","width":"NaN","height":"NaN","shapeStyle":2},"labelManager":{"labels":[{"type":"textLabel","@id":170,"inputText":"1","labelStyle":4,"shape":null,"layoutText":null}],"mainLabel":170},"properties":{},"orientationAtVertex":"FREE","reference":null}],"properties":{},"reference":"splice"},{"@id":171,"shape":{"type":"rect","xposition":"NaN","yposition":"NaN","width":"NaN","height":"NaN","shapeStyle":2},"labelManager":{"labels":[{"type":"textLabel","@id":172,"inputText":"Paul","labelStyle":4,"shape":null,"layoutText":null}],"mainLabel":172},"portCompositions":[{"type":"port","@id":173,"shape":{"type":"rect","xposition":"NaN","yposition":"NaN","width":"NaN","height":"NaN","shapeStyle":2},"labelManager":{"labels":[{"type":"textLabel","@id":174,"inputText":"1","labelStyle":4,"shape":null,"layoutText":null}],"mainLabel":174},"properties":{},"orientationAtVertex":"FREE","reference":null}],"properties":{},"reference":"splice"},{"@id":175,"shape":null,"labelManager":{"labels":[{"type":"textLabel","@id":176,"inputText":"Jakob","labelStyle":{"@id":177,"description":"default text label style","font":{"fontName":"SansSerif.plain","style":0,"size":10},"noBreak":false,"color":{"argb":"ff000000"},"showLabel":true,"placement":"FREE","horizontalPlacement":"FREE","verticalPlacement":"FREE"},"shape":null,"layoutText":null}],"mainLabel":176},"portCompositions":[{"type":"portGroup","@id":178,"ordered":false,"portCompositions":[{"type":"port","@id":179,"shape":{"type":"rect","xposition":"NaN","yposition":"NaN","width":"NaN","height":"NaN","shapeStyle":{"@id":180,"description":"default shape style","color":{"argb":"ff000000"}}},"labelManager":{"labels":[{"type":"textLabel","@id":181,"inputText":"1","labelStyle":177,"shape":null,"layoutText":null}],"mainLabel":181},"properties":{},"orientationAtVertex":"FREE","reference":null}],"properties":{},"reference":null}],"properties":{},"reference":null},{"@id":182,"shape":null,"labelManager":{"labels":[{"type":"textLabel","@id":183,"inputText":"Noah","labelStyle":177,"shape":null,"layoutText":null}],"mainLabel":183},"portCompositions":[{"type":"portGroup","@id":184,"ordered":false,"portCompositions":[{"type":"port","@id":185,"shape":{"type":"rect","xposition":"NaN","yposition":"NaN","width":"NaN","height":"NaN","shapeStyle":180},"labelManager":{"labels":[{"type":"textLabel","@id":186,"inputText":"1","labelStyle":177,"shape":null,"layoutText":null}],"mainLabel":186},"properties":{},"orientationAtVertex":"FREE","reference":null}],"properties":{},"reference":null}],"properties":{},"reference":null},{"@id":187,"shape":null,"labelManager":{"labels":[{"type":"textLabel","@id":188,"inputText":"Moritz","labelStyle":177,"shape":null,"layoutText":null}],"mainLabel":188},"portCompositions":[{"type":"portGroup","@id":189,"ordered":false,"portCompositions":[{"type":"port","@id":190,"shape":{"type":"rect","xposition":"NaN","yposition":"NaN","width":"NaN","height":"NaN","shapeStyle":180},"labelManager":{"labels":[{"type":"textLabel","@id":191,"inputText":"1","labelStyle":177,"shape":null,"layoutText":null}],"mainLabel":191},"properties":{},"orientationAtVertex":"FREE","reference":null}],"properties":{},"reference":null}],"properties":{},"reference":null},{"@id":192,"shape":null,"labelManager":{"labels":[{"type":"textLabel","@id":193,"inputText":"Henri","labelStyle":177,"shape":null,"layoutText":null}],"mainLabel":193},"portCompositions":[{"type":"portGroup","@id":194,"ordered":false,"portCompositions":[{"type":"port","@id":195,"shape":{"type":"rect","xposition":"NaN","yposition":"NaN","width":"NaN","height":"NaN","shapeStyle":180},"labelManager":{"labels":[{"type":"textLabel","@id":196,"inputText":"1","labelStyle":177,"shape":null,"layoutText":null}],"mainLabel":196},"properties":{},"orientationAtVertex":"FREE","reference":null}],"properties":{},"reference":null}],"properties":{},"reference":null},{"@id":197,"shape":null,"labelManager":{"labels":[{"type":"textLabel","@id":198,"inputText":"Leonard","labelStyle":177,"shape":null,"layoutText":null}],"mainLabel":198},"portCompositions":[{"type":"portGroup","@id":199,"ordered":false,"portCompositions":[{"type":"port","@id":200,"shape":{"type":"rect","xposition":"NaN","yposition":"NaN","width":"NaN","height":"NaN","shapeStyle":180},"labelManager":{"labels":[{"type":"textLabel","@id":201,"inputText":"1","labelStyle":177,"shape":null,"layoutText":null}],"mainLabel":201},"properties":{},"orientationAtVertex":"FREE","reference":null}],"properties":{},"reference":null}],"properties":{},"reference":null},{"@id":202,"shape":null,"labelManager":{"labels":[{"type":"textLabel","@id":203,"inputText":"Felix","labelStyle":177,"shape":null,"layoutText":null}],"mainLabel":203},"portCompositions":[{"type":"portGroup","@id":204,"ordered":false,"portCompositions":[{"type":"port","@id":205,"shape":{"type":"rect","xposition":"NaN","yposition":"NaN","width":"NaN","height":"NaN","shapeStyle":180},"labelManager":{"labels":[{"type":"textLabel","@id":206,"inputText":"1","labelStyle":177,"shape":null,"layoutText":null}],"mainLabel":206},"properties":{},"orientationAtVertex":"FREE","reference":null}],"properties":{},"reference":null}],"properties":{},"reference":null},{"@id":207,"shape":null,"labelManager":{"labels":[{"type":"textLabel","@id":208,"inputText":"Lukas","labelStyle":177,"shape":null,"layoutText":null}],"mainLabel":208},"portCompositions":[{"type":"portGroup","@id":209,"ordered":false,"portCompositions":[{"type":"port","@id":210,"shape":{"type":"rect","xposition":"NaN","yposition":"NaN","width":"NaN","height":"NaN","shapeStyle":180},"labelManager":{"labels":[{"type":"textLabel","@id":211,"inputText":"1","labelStyle":177,"shape":null,"layoutText":null}],"mainLabel":211},"properties":{},"orientationAtVertex":"FREE","reference":null}],"properties":{},"reference":null}],"properties":{},"reference":null},{"@id":212,"shape":null,"labelManager":{"labels":[{"type":"textLabel","@id":213,"inputText":"Philipp","labelStyle":177,"shape":null,"layoutText":null}],"mainLabel":213},"portCompositions":[{"type":"portGroup","@id":214,"ordered":false,"portCompositions":[{"type":"port","@id":215,"shape":{"type":"rect","xposition":"NaN","yposition":"NaN","width":"NaN","height":"NaN","shapeStyle":180},"labelManager":{"labels":[{"type":"textLabel","@id":216,"inputText":"1","labelStyle":177,"shape":null,"layoutText":null}],"mainLabel":216},"properties":{},"orientationAtVertex":"FREE","reference":null}],"properties":{},"reference":null}],"properties":{},"reference":null},{"@id":217,"shape":null,"labelManager":{"labels":[{"type":"textLabel","@id":218,"inputText":"Mats","labelStyle":177,"shape":null,"layoutText":null}],"mainLabel":218},"portCompositions":[{"type":"portGroup","@id":219,"ordered":false,"portCompositions":[{"type":"port","@id":220,"shape":{"type":"rect","xposition":"NaN","yposition":"NaN","width":"NaN","height":"NaN","shapeStyle":180},"labelManager":{"labels":[{"type":"textLabel","@id":221,"inputText":"1","labelStyle":177,"shape":null,"layoutText":null}],"mainLabel":221},"properties":{},"orientationAtVertex":"FREE","reference":null}],"properties":{},"reference":null}],"properties":{},"reference":null},{"@id":222,"shape":null,"labelManager":{"labels":[{"type":"textLabel","@id":223,"inputText":"Luis","labelStyle":177,"shape":null,"layoutText":null}],"mainLabel":223},"portCompositions":[{"type":"portGroup","@id":224,"ordered":false,"portCompositions":[{"type":"port","@id":225,"shape":{"type":"rect","xposition":"NaN","yposition":"NaN","width":"NaN","height":"NaN","shapeStyle":180},"labelManager":{"labels":[{"type":"textLabel","@id":226,"inputText":"1","labelStyle":177,"shape":null,"layoutText":null}],"mainLabel":226},"properties":{},"orientationAtVertex":"FREE","reference":null}],"properties":{},"reference":null}],"properties":{},"reference":null},{"@id":227,"shape":null,"labelManager":{"labels":[{"type":"textLabel","@id":228,"inputText":"Alexander","labelStyle":177,"shape":null,"layoutText":null}],"mainLabel":228},"portCompositions":[{"type":"portGroup","@id":229,"ordered":false,"portCompositions":[{"type":"port","@id":230,"shape":{"type":"rect","xposition":"NaN","yposition":"NaN","width":"NaN","height":"NaN","shapeStyle":180},"labelManager":{"labels":[{"type":"textLabel","@id":231,"inputText":"1","labelStyle":177,"shape":null,"layoutText":null}],"mainLabel":231},"properties":{},"orientationAtVertex":"FREE","reference":null}],"properties":{},"reference":null}],"properties":{},"reference":null},{"@id":232,"shape":null,"labelManager":{"labels":[{"type":"textLabel","@id":233,"inputText":"Julian","labelStyle":177,"shape":null,"layoutText":null}],"mainLabel":233},"portCompositions":[{"type":"portGroup","@id":234,"ordered":false,"portCompositions":[{"type":"port","@id":235,"shape":{"type":"rect","xposition":"NaN","yposition":"NaN","width":"NaN","height":"NaN","shapeStyle":180},"labelManager":{"labels":[{"type":"textLabel","@id":236,"inputText":"1","labelStyle":177,"shape":null,"layoutText":null}],"mainLabel":236},"properties":{},"orientationAtVertex":"FREE","reference":null}],"properties":{},"reference":null}],"properties":{},"reference":null}],"vertexGroups":[{"@id":237,"drawnFrame":false,"labelManager":{"labels":[],"mainLabel":null},"shape":null,"containedVertices":[7,12],"containedVertexGroups":[],"touchingPairs":[{"vertex0":7,"horizontalPlacementVertex0":"FREE","verticalPlacementVertex0":"TOP","vertex1":12,"horizontalPlacementVertex1":"FREE","verticalPlacementVertex1":"FREE"}],"portPairings":[{"port0":10,"port1":15}],"properties":{},"reference":null},{"@id":238,"drawnFrame":false,"labelManager":{"labels":[],"mainLabel":null},"shape":null,"containedVertices":[21,26],"containedVertexGroups":[],"touchingPairs":[{"vertex0":21,"horizontalPlacementVertex0":"FREE","verticalPlacementVertex0":"TOP","vertex1":26,"horizontalPlacementVertex1":"FREE","verticalPlacementVertex1":"FREE"}],"portPairings":[{"port0":24,"port1":29}],"properties":{},"reference":null},{"@id":239,"drawnFrame":false,"labelManager":{"labels":[],"mainLabel":null},"shape":null,"containedVertices":[31,36],"containedVertexGroups":[],"touchingPairs":[{"vertex0":31,"horizontalPlacementVertex0":"FREE","verticalPlacementVertex0":"TOP","vertex1":36,"horizontalPlacementVertex1":"FREE","verticalPlacementVertex1":"FREE"}],"portPairings":[{"port0":34,"port1":39}],"properties":{},"reference":null},{"@id":240,"drawnFrame":false,"labelManager":{"labels":[],"mainLabel":null},"shape":null,"containedVertices":[41,46],"containedVertexGroups":[],"touchingPairs":[{"vertex0":41,"horizontalPlacementVertex0":"FREE","verticalPlacementVertex0":"TOP","vertex1":46,"horizontalPlacementVertex1":"FREE","verticalPlacementVertex1":"FREE"}],"portPairings":[{"port0":44,"port1":49}],"properties":{},"reference":null},{"@id":241,"drawnFrame":false,"labelManager":{"labels":[],"mainLabel":null},"shape":null,"containedVertices":[51,56],"containedVertexGroups":[],"touchingPairs":[{"vertex0":51,"horizontalPlacementVertex0":"FREE","verticalPlacementVertex0":"TOP","vertex1":56,"horizontalPlacementVertex1":"FREE","verticalPlacementVertex1":"FREE"}],"portPairings":[{"port0":54,"port1":59}],"properties":{},"reference":null},{"@id":242,"drawnFrame":false,"labelManager":{"labels":[],"mainLabel":null},"shape":null,"containedVertices":[65,70],"containedVertexGroups":[],"touchingPairs":[{"vertex0":65,"horizontalPlacementVertex0":"FREE","verticalPlacementVertex0":"TOP","vertex1":70,"horizontalPlacementVertex1":"FREE","verticalPlacementVertex1":"FREE"}],"portPairings":[{"port0":68,"port1":73}],"properties":{},"reference":null},{"@id":243,"drawnFrame":false,"labelManager":{"labels":[],"mainLabel":null},"shape":null,"containedVertices":[75,80],"containedVertexGroups":[],"touchingPairs":[{"vertex0":75,"horizontalPlacementVertex0":"FREE","verticalPlacementVertex0":"TOP","vertex1":80,"horizontalPlacementVertex1":"FREE","verticalPlacementVertex1":"FREE"}],"portPairings":[{"port0":78,"port1":83}],"properties":{},"reference":null},{"@id":244,"drawnFrame":false,"labelManager":{"labels":[],"mainLabel":null},"shape":null,"containedVertices":[85,92],"containedVertexGroups":[],"touchingPairs":[{"vertex0":85,"horizontalPlacementVertex0":"FREE","verticalPlacementVertex0":"TOP","vertex1":92,"horizontalPlacementVertex1":"FREE","verticalPlacementVertex1":"FREE"}],"portPairings":[{"port0":88,"port1":95},{"port0":90,"port1":97}],"properties":{},"reference":null},{"@id":245,"drawnFrame":false,"labelManager":{"labels":[],"mainLabel":null},"shape":null,"containedVertices":[103,108],"containedVertexGroups":[],"touchingPairs":[{"vertex0":103,"horizontalPlacementVertex0":"FREE","verticalPlacementVertex0":"TOP","vertex1":108,"horizontalPlacementVertex1":"FREE","verticalPlacementVertex1":"FREE"}],"portPairings":[{"port0":106,"port1":111}],"properties":{},"reference":null},{"@id":246,"drawnFrame":false,"labelManager":{"labels":[],"mainLabel":null},"shape":null,"containedVertices":[117,122],"containedVertexGroups":[],"touchingPairs":[{"vertex0":117,"horizontalPlacementVertex0":"FREE","verticalPlacementVertex0":"TOP","vertex1":122,"horizontalPlacementVertex1":"FREE","verticalPlacementVertex1":"FREE"}],"portPairings":[{"port0":120,"port1":125}],"properties":{},"reference":null},{"@id":247,"drawnFrame":false,"labelManager":{"labels":[],"mainLabel":null},"shape":null,"containedVertices":[127,132],"containedVertexGroups":[],"touchingPairs":[{"vertex0":127,"horizontalPlacementVertex0":"FREE","verticalPlacementVertex0":"TOP","vertex1":132,"horizontalPlacementVertex1":"FREE","verticalPlacementVertex1":"FREE"}],"portPairings":[{"port0":130,"port1":135}],"properties":{},"reference":null},{"@id":248,"drawnFrame":false,"labelManager":{"labels":[],"mainLabel":null},"shape":null,"containedVertices":[137,142],"containedVertexGroups":[],"touchingPairs":[{"vertex0":137,"horizontalPlacementVertex0":"FREE","verticalPlacementVertex0":"TOP","vertex1":142,"horizontalPlacementVertex1":"FREE","verticalPlacementVertex1":"FREE"}],"portPairings":[{"port0":140,"port1":145}],"properties":{},"reference":null},{"@id":249,"drawnFrame":false,"labelManager":{"labels":[],"mainLabel":null},"shape":null,"containedVertices":[147,152],"containedVertexGroups":[],"touchingPairs":[{"vertex0":147,"horizontalPlacementVertex0":"FREE","verticalPlacementVertex0":"TOP","vertex1":152,"horizontalPlacementVertex1":"FREE","verticalPlacementVertex1":"FREE"}],"portPairings":[{"port0":150,"port1":155}],"properties":{},"reference":null},{"@id":250,"drawnFrame":false,"labelManager":{"labels":[],"mainLabel":null},"shape":null,"containedVertices":[157,162],"containedVertexGroups":[],"touchingPairs":[{"vertex0":157,"horizontalPlacementVertex0":"FREE","verticalPlacementVertex0":"TOP","vertex1":162,"horizontalPlacementVertex1":"FREE","verticalPlacementVertex1":"FREE"}],"portPairings":[{"port0":160,"port1":165}],"properties":{},"reference":null},{"@id":251,"drawnFrame":false,"labelManager":{"labels":[],"mainLabel":null},"shape":null,"containedVertices":[197,202],"containedVertexGroups":[],"touchingPairs":[{"vertex0":197,"horizontalPlacementVertex0":"FREE","verticalPlacementVertex0":"FREE","vertex1":202,"horizontalPlacementVertex1":"FREE","verticalPlacementVertex1":"FREE"}],"portPairings":[{"port0":200,"port1":205}],"properties":{},"reference":null},{"@id":252,"drawnFrame":false,"labelManager":{"labels":[],"mainLabel":null},"shape":null,"containedVertices":[207,212],"containedVertexGroups":[],"touchingPairs":[{"vertex0":207,"horizontalPlacementVertex0":"FREE","verticalPlacementVertex0":"FREE","vertex1":212,"horizontalPlacementVertex1":"FREE","verticalPlacementVertex1":"FREE"}],"portPairings":[{"port0":210,"port1":215}],"properties":{},"reference":null},{"@id":253,"drawnFrame":false,"labelManager":{"labels":[],"mainLabel":null},"shape":null,"containedVertices":[217,222],"containedVertexGroups":[],"touchingPairs":[{"vertex0":217,"horizontalPlacementVertex0":"FREE","verticalPlacementVertex0":"FREE","vertex1":222,"horizontalPlacementVertex1":"FREE","verticalPlacementVertex1":"FREE"}],"portPairings":[{"port0":220,"port1":225}],"properties":{},"reference":null},{"@id":254,"drawnFrame":false,"labelManager":{"labels":[],"mainLabel":null},"shape":null,"containedVertices":[227,232],"containedVertexGroups":[],"touchingPairs":[{"vertex0":227,"horizontalPlacementVertex0":"FREE","verticalPlacementVertex0":"FREE","vertex1":232,"horizontalPlacementVertex1":"FREE","verticalPlacementVertex1":"FREE"}],"portPairings":[{"port0":230,"port1":235}],"properties":{},"reference":null}],"edges":[{"@id":255,"ports":[169,39],"labelManager":{"innerLabels":[{"type":"textLabel","@id":256,"inputText":"Joel","labelStyle":4,"shape":null,"layoutText":null}],"allPortLabels":[],"mainLabel":256},"pathStyle":{"@id":257,"description":"default path style","thickness":-1.0,"color":{"argb":"ff000000"}},"paths":[],"properties":{},"reference":null},{"@id":258,"ports":[5,111],"labelManager":{"innerLabels":[{"type":"textLabel","@id":259,"inputText":"Muhammed","labelStyle":4,"shape":null,"layoutText":null}],"allPortLabels":[],"mainLabel":259},"pathStyle":257,"paths":[],"properties":{},"reference":null},{"@id":260,"ports":[169,49],"labelManager":{"innerLabels":[{"type":"textLabel","@id":261,"inputText":"Theodor","labelStyle":4,"shape":null,"layoutText":null}],"allPortLabels":[],"mainLabel":261},"pathStyle":257,"paths":[],"properties":{},"reference":null},{"@id":262,"ports":[5,83],"labelManager":{"innerLabels":[{"type":"textLabel","@id":263,"inputText":"Mika","labelStyle":4,"shape":null,"layoutText":null}],"allPortLabels":[],"mainLabel":263},"pathStyle":257,"paths":[],"properties":{},"reference":null},{"@id":264,"ports":[101,88],"labelManager":{"innerLabels":[{"type":"textLabel","@id":265,"inputText":"Peter","labelStyle":4,"shape":null,"layoutText":null}],"allPortLabels":[],"mainLabel":265},"pathStyle":257,"paths":[],"properties":{},"reference":null},{"@id":266,"ports":[169,90],"labelManager":{"innerLabels":[{"type":"textLabel","@id":267,"inputText":"Simon","labelStyle":4,"shape":null,"layoutText":null}],"allPortLabels":[],"mainLabel":267},"pathStyle":257,"paths":[],"properties":{},"reference":null},{"@id":268,"ports":[101,15],"labelManager":{"innerLabels":[{"type":"textLabel","@id":269,"inputText":"Frederik","labelStyle":4,"shape":null,"layoutText":null}],"allPortLabels":[],"mainLabel":269},"pathStyle":257,"paths":[],"properties":{},"reference":null},{"@id":270,"ports":[190,135],"labelManager":{"innerLabels":[{"type":"textLabel","@id":271,"inputText":"Florian","labelStyle":177,"shape":null,"layoutText":null}],"allPortLabels":[],"mainLabel":271},"pathStyle":{"@id":272,"description":"default path style","thickness":-1.0,"color":{"argb":"ff000000"}},"paths":[],"properties":{},"reference":null},{"@id":273,"ports":[205,29],"labelManager":{"innerLabels":[{"type":"textLabel","@id":274,"inputText":"Levi","labelStyle":177,"shape":null,"layoutText":null}],"allPortLabels":[],"mainLabel":274},"pathStyle":272,"paths":[],"properties":{},"reference":null},{"@id":275,"ports":[200,125],"labelManager":{"innerLabels":[{"type":"textLabel","@id":276,"inputText":"Milan","labelStyle":177,"shape":null,"layoutText":null}],"allPortLabels":[],"mainLabel":276},"pathStyle":272,"paths":[],"properties":{},"reference":null},{"@id":277,"ports":[63,195],"labelManager":{"innerLabels":[{"type":"textLabel","@id":278,"inputText":"Theo","labelStyle":177,"shape":null,"layoutText":null}],"allPortLabels":[],"mainLabel":278},"pathStyle":272,"paths":[],"properties":{},"reference":null},{"@id":279,"ports":[225,73],"labelManager":{"innerLabels":[{"type":"textLabel","@id":280,"inputText":"Emir","labelStyle":177,"shape":null,"layoutText":null}],"allPortLabels":[],"mainLabel":280},"pathStyle":272,"paths":[],"properties":{},"reference":null},{"@id":281,"ports":[59,155],"labelManager":{"innerLabels":[{"type":"textLabel","@id":282,"inputText":"Justus","labelStyle":177,"shape":null,"layoutText":null}],"allPortLabels":[],"mainLabel":282},"pathStyle":272,"paths":[],"properties":{},"reference":null},{"@id":283,"ports":[210,173],"labelManager":{"innerLabels":[{"type":"textLabel","@id":284,"inputText":"Can","labelStyle":177,"shape":null,"layoutText":null}],"allPortLabels":[],"mainLabel":284},"pathStyle":272,"paths":[],"properties":{},"reference":null},{"@id":285,"ports":[83,165],"labelManager":{"innerLabels":[{"type":"textLabel","@id":286,"inputText":"Valentin","labelStyle":177,"shape":null,"layoutText":null}],"allPortLabels":[],"mainLabel":286},"pathStyle":272,"paths":[],"properties":{},"reference":null},{"@id":287,"ports":[179,83],"labelManager":{"innerLabels":[{"type":"textLabel","@id":288,"inputText":"Michael","labelStyle":177,"shape":null,"layoutText":null}],"allPortLabels":[],"mainLabel":288},"pathStyle":272,"paths":[],"properties":{},"reference":null},{"@id":289,"ports":[63,179],"labelManager":{"innerLabels":[{"type":"textLabel","@id":290,"inputText":"Konstantin","labelStyle":177,"shape":null,"layoutText":null}],"allPortLabels":[],"mainLabel":290},"pathStyle":272,"paths":[],"properties":{},"reference":null},{"@id":291,"ports":[220,59],"labelManager":{"innerLabels":[{"type":"textLabel","@id":292,"inputText":"Christian","labelStyle":177,"shape":null,"layoutText":null}],"allPortLabels":[],"mainLabel":292},"pathStyle":272,"paths":[],"properties":{},"reference":null},{"@id":293,"ports":[235,220],"labelManager":{"innerLabels":[{"type":"textLabel","@id":294,"inputText":"Carl","labelStyle":177,"shape":null,"layoutText":null}],"allPortLabels":[],"mainLabel":294},"pathStyle":272,"paths":[],"properties":{},"reference":null},{"@id":295,"ports":[235,97],"labelManager":{"innerLabels":[{"type":"textLabel","@id":296,"inputText":"Liam","labelStyle":177,"shape":null,"layoutText":null}],"allPortLabels":[],"mainLabel":296},"pathStyle":272,"paths":[],"properties":{},"reference":null},{"@id":297,"ports":[185,215],"labelManager":{"innerLabels":[{"type":"textLabel","@id":298,"inputText":"Liam","labelStyle":177,"shape":null,"layoutText":null}],"allPortLabels":[],"mainLabel":298},"pathStyle":272,"paths":[],"properties":{},"reference":null},{"@id":299,"ports":[145,19],"labelManager":{"innerLabels":[{"type":"textLabel","@id":300,"inputText":"Justus","labelStyle":177,"shape":null,"layoutText":null}],"allPortLabels":[],"mainLabel":300},"pathStyle":272,"paths":[],"properties":{},"reference":null},{"@id":301,"ports":[190,145],"labelManager":{"innerLabels":[{"type":"textLabel","@id":302,"inputText":"Simon","labelStyle":177,"shape":null,"layoutText":null}],"allPortLabels":[],"mainLabel":302},"pathStyle":272,"paths":[],"properties":{},"reference":null},{"@id":303,"ports":[200,115],"labelManager":{"innerLabels":[{"type":"textLabel","@id":304,"inputText":"Peter","labelStyle":177,"shape":null,"layoutText":null}],"allPortLabels":[],"mainLabel":304},"pathStyle":272,"paths":[],"properties":{},"reference":null},{"@id":305,"ports":[200,190],"labelManager":{"innerLabels":[{"type":"textLabel","@id":306,"inputText":"Konstantin","labelStyle":177,"shape":null,"layoutText":null}],"allPortLabels":[],"mainLabel":306},"pathStyle":272,"paths":[],"properties":{},"reference":null},{"@id":307,"ports":[200,185],"labelManager":{"innerLabels":[{"type":"textLabel","@id":308,"inputText":"Michael","labelStyle":177,"shape":null,"layoutText":null}],"allPortLabels":[],"mainLabel":308},"pathStyle":272,"paths":[],"properties":{},"reference":null},{"@id":309,"ports":[63,95],"labelManager":{"innerLabels":[{"type":"textLabel","@id":310,"inputText":"Levi","labelStyle":177,"shape":null,"layoutText":null}],"allPortLabels":[],"mainLabel":310},"pathStyle":272,"paths":[],"properties":{},"reference":null},{"@id":311,"ports":[63,200],"labelManager":{"innerLabels":[{"type":"textLabel","@id":312,"inputText":"Emir","labelStyle":177,"shape":null,"layoutText":null}],"allPortLabels":[],"mainLabel":312},"pathStyle":272,"paths":[],"properties":{},"reference":null}],"edgeBundles":[]}