{"vertices":[{"@id":1,"shape":{"type":"rect","xposition":"NaN","yposition":"NaN","width":"NaN","height":"NaN","shapeStyle":{"@id":2,"description":"default shape style","color":{"argb":"ff000000"}}},"labelManager":{"labels":[{"type":"textLabel","@id":3,"inputText":"Henri","labelStyle":{"@id":4,"description":"default text label style","font":{"fontName":"SansSerif.plain","style":0,"size":10},"noBreak":false,"color":{"argb":"ff000000"},"showLabel":true,"placement":"FREE","horizontalPlacement":"FREE","verticalPlacement":"FREE"},"shape":null,"layoutText":null}],"mainLabel":3},"portCompositions":[{"type":"port","@id":5,"shape":{"type":"rect","xposition":"NaN","yposition":"NaN","width":"NaN","height":"NaN","shapeStyle":2},"labelManager":{"labels":[{"type":"textLabel","@id":6,"inputText":"1","labelStyle":4,"shape":null,"layoutText":null}],"mainLabel":6},"properties":{},"orientationAtVertex":"FREE","reference":null}],"properties":{},"reference":"splice"},{"@id":7,"shape":{"type":"rect","xposition":"NaN","yposition":"NaN","width":"NaN","height":"NaN","shapeStyle":2},"labelManager":{"labels":[{"type":"textLabel","@id":8,"inputText":"David","labelStyle":4,"shape":null,"layoutText":null}],"mainLabel":8},"portCompositions":[{"type":"port","@id":9,"shape":{"type":"rect","xposition":"NaN","yposition":"NaN","width":"NaN","height":"NaN","shapeStyle":2},"labelManager":{"labels":[{"type":"textLabel","@id":10,"inputText":"1","labelStyle":4,"shape":null,"layoutText":null}],"mainLabel":10},"properties":{},"orientationAtVertex":"FREE","reference":null}],"properties":{},"reference":"splice"},{"@id":11,"shape":{"type":"rect","xposition":"NaN","yposition":"NaN","width":"NaN","height":"NaN","shapeStyle":2},"labelManager":{"labels":[{"type":"textLabel","@id":12,"inputText":"Elias","labelStyle":4,"shape":null,"layoutText":null}],"mainLabel":12},"portCompositions":[{"type":"portGroup","@id":13,"ordered":false,"portCompositions":[{"type":"port","@id":14,"shape":{"type":"rect","xposition":"NaN","yposition":"NaN","width":"NaN","height":"NaN","shapeStyle":2},"labelManager":{"labels":[{"type":"textLabel","@id":15,"inputText":"2","labelStyle":4,"shape":null,"layoutText":null}],"mainLabel":15},"properties":{},"orientationAtVertex":"FREE","reference":null},{"type":"port","@id":16,"shape":{"type":"rect","xposition":"NaN","yposition":"NaN","width":"NaN","height":"NaN","shapeStyle":{"@id":17,"description":"default shape style","color":{"argb":"ff000000"}}},"labelManager":{"labels":[{"type":"textLabel","@id":18,"inputText":"1","labelStyle":{"@id":19,"description":"default text label style","font":{"fontName":"SansSerif.plain","style":0,"size":10},"noBreak":false,"color":{"argb":"ff000000"},"showLabel":true,"placement":"FREE","horizontalPlacement":"FREE","verticalPlacement":"FREE"},"shape":null,"layoutText":null}],"mainLabel":18},"properties":{},"orientationAtVertex":"FREE","reference":null}],"properties":{},"reference":null}],"properties":{},"reference":"plug"},{"@id":20,"shape":{"type":"rect","xposition":"NaN","yposition":"NaN","width":"NaN","height":"NaN","shapeStyle":2},"labelManager":{"labels":[{"type":"textLabel","@id":21,"inputText":"Lukas","labelStyle":4,"shape":null,"layoutText":null}],"mainLabel":21},"portCompositions":[{"type":"portGroup","@id":22,"ordered":false,"portCompositions":[{"type":"port","@id":23,"shape":{"type":"rect","xposition":"NaN","yposition":"NaN","width":"NaN","height":"NaN","shapeStyle":2},"labelManager":{"labels":[{"type":"textLabel","@id":24,"inputText":"2","labelStyle":4,"shape":null,"layoutText":null}],"mainLabel":24},"properties":{},"orientationAtVertex":"FREE","reference":null},{"type":"port","@id":25,"shape":{"type":"rect","xposition":"NaN","yposition":"NaN","width":"NaN","height":"NaN","shapeStyle":17},"labelManager":{"labels":[{"type":"textLabel","@id":26,"inputText":"1","labelStyle":19,"shape":null,"layoutText":null}],"mainLabel":26},"properties":{},"orientationAtVertex":"FREE","reference":null}],"properties":{},"reference":null}],"properties":{},"reference":"plug"},{"@id":27,"shape":{"type":"rect","xposition":"NaN","yposition":"NaN","width":"NaN","height":"NaN","shapeStyle":2},"labelManager":{"labels":[{"type":"textLabel","@id":28,"inputText":"Niklas","labelStyle":4,"shape":null,"layoutText":null}],"mainLabel":28},"portCompositions":[{"type":"portGroup","@id":29,"ordered":false,"portCompositions":[{"type":"port","@id":30,"shape":{"type":"rect","xposition":"NaN","yposition":"NaN","width":"NaN","height":"NaN","shapeStyle":2},"labelManager":{"labels":[{"type":"textLabel","@id":31,"inputText":"1","labelStyle":4,"shape":null,"layoutText":null}],"mainLabel":31},"properties":{},"orientationAtVertex":"FREE","reference":null}],"properties":{},"reference":null}],"properties":{},"reference":"plug"},{"@id":32,"shape":{"type":"rect","xposition":"NaN","yposition":"NaN","width":"NaN","height":"NaN","shapeStyle":2},"labelManager":{"labels":[{"type":"textLabel","@id":33,"inputText":"Tim","labelStyle":4,"shape":null,"layoutText":null}],"mainLabel":33},"portCompositions":[{"type":"portGroup","@id":34,"ordered":false,"portCompositions":[{"type":"port","@id":35,"shape":{"type":"rect","xposition":"NaN","yposition":"NaN","width":"NaN","height":"NaN","shapeStyle":2},"labelManager":{"labels":[{"type":"textLabel","@id":36,"inputText":"1","labelStyle":4,"shape":null,"layoutText":null}],"mainLabel":36},"properties":{},"orientationAtVertex":"FREE","reference":null}],"properties":{},"reference":null}],"properties":{},"reference":"plug"},{"@id":37,"shape":{"type":"rect","xposition":"NaN","yposition":"NaN","width":"NaN","height":"NaN","shapeStyle":2},"labelManager":{"labels":[{"type":"textLabel","@id":38,"inputText":"Anton","labelStyle":4,"shape":null,"layoutText":null}],"mainLabel":38},"portCompositions":[{"type":"portGroup","@id":39,"ordered":false,"portCompositions":[{"type":"port","@id":40,"shape":{"type":"rect","xposition":"NaN","yposition":"NaN","width":"NaN","height":"NaN","shapeStyle":2},"labelManager":{"labels":[{"type":"textLabel","@id":41,"inputText":"3","labelStyle":4,"shape":null,"layoutText":null}],"mainLabel":41},"properties":{},"orientationAtVertex":"FREE","reference":null},{"type":"port","@id":42,"shape":{"type":"rect","xposition":"NaN","yposition":"NaN","width":"NaN","height":"NaN","shapeStyle":17},"labelManager":{"labels":[{"type":"textLabel","@id":43,"inputText":"2","labelStyle":19,"shape":null,"layoutText":null}],"mainLabel":43},"properties":{},"orientationAtVertex":"FREE","reference":null},{"type":"port","@id":44,"shape":{"type":"rect","xposition":"NaN","yposition":"NaN","width":"NaN","height":"NaN","shapeStyle":17},"labelManager":{"labels":[{"type":"textLabel","@id":45,"inputText":"1","labelStyle":19,"shape":null,"layoutText":null}],"mainLabel":45},"properties":{},"orientationAtVertex":"FREE","reference":null}],"properties":{},"reference":null}],"properties":{},"reference":"plug"},{"@id":46,"shape":{"type":"rect","xposition":"NaN","yposition":"NaN","width":"NaN","height":"NaN","shapeStyle":2},"labelManager":{"labels":[{"type":"textLabel","@id":47,"inputText":"Mats","labelStyle":4,"shape":null,"layoutText":null}],"mainLabel":47},"portCompositions":[{"type":"portGroup","@id":48,"ordered":false,"portCompositions":[{"type":"port","@id":49,"shape":{"type":"rect","xposition":"NaN","yposition":"NaN","width":"NaN","height":"NaN","shapeStyle":2},"labelManager":{"labels":[{"type":"textLabel","@id":50,"inputText":"3","labelStyle":4,"shape":null,"layoutText":null}],"mainLabel":50},"properties":{},"orientationAtVertex":"FREE","reference":null},{"type":"port","@id":51,"shape":{"type":"rect","xposition":"NaN","yposition":"NaN","width":"NaN","height":"NaN","shapeStyle":17},"labelManager":{"labels":[{"type":"textLabel","@id":52,"inputText":"2","labelStyle":19,"shape":null,"layoutText":null}],"mainLabel":52},"properties":{},"orientationAtVertex":"FREE","reference":null},{"type":"port","@id":53,"shape":{"type":"rect","xposition":"NaN","yposition":"NaN","width":"NaN","height":"NaN","shapeStyle":17},"labelManager":{"labels":[{"type":"textLabel","@id":54,"inputText":"1","labelStyle":19,"shape":null,"layoutText":null}],"mainLabel":54},"properties":{},"orientationAtVertex":"FREE","reference":null}],"properties":{},"reference":null}],"properties":{},"reference":"plug"},{"@id":55,"shape":{"type":"rect","xposition":"NaN","yposition":"NaN","width":"NaN","height":"NaN","shapeStyle":2},"labelManager":{"labels":[{"type":"textLabel","@id":56,"inputText":"Johann","labelStyle":4,"shape":null,"layoutText":null}],"mainLabel":56},"portCompositions":[{"type":"port","@id":57,"shape":{"type":"rect","xposition":"NaN","yposition":"NaN","width":"NaN","height":"NaN","shapeStyle":2},"labelManager":{"labels":[{"type":"textLabel","@id":58,"inputText":"1","labelStyle":4,"shape":null,"layoutText":null}],"mainLabel":58},"properties":{},"orientationAtVertex":"FREE","reference":null}],"properties":{},"reference":"splice"},{"@id":59,"shape":{"type":"rect","xposition":"NaN","yposition":"NaN","width":"NaN","height":"NaN","shapeStyle":2},"labelManager":{"labels":[{"type":"textLabel","@id":60,"inputText":"Jan","labelStyle":4,"shape":null,"layoutText":null}],"mainLabel":60},"portCompositions":[{"type":"port","@id":61,"shape":{"type":"rect","xposition":"NaN","yposition":"NaN","width":"NaN","height":"NaN","shapeStyle":2},"labelManager":{"labels":[{"type":"textLabel","@id":62,"inputText":"1","labelStyle":4,"shape":null,"layoutText":null}],"mainLabel":62},"properties":{},"orientationAtVertex":"FREE","reference":null}],"properties":{},"reference":"splice"},{"@id":63,"shape":{"type":"rect","xposition":"NaN","yposition":"NaN","width":"NaN","height":"NaN","shapeStyle":2},"labelManager":{"labels":[{"type":"textLabel","@id":64,"inputText":"Finn","labelStyle":4,"shape":null,"layoutText":null}],"mainLabel":64},"portCompositions":[{"type":"port","@id":65,"shape":{"type":"rect","xposition":"NaN","yposition":"NaN","width":"NaN","height":"NaN","shapeStyle":2},"labelManager":{"labels":[{"type":"textLabel","@id":66,"inputText":"1","labelStyle":4,"shape":null,"layoutText":null}],"mainLabel":66},"properties":{},"orientationAtVertex":"FREE","reference":null}],"properties":{},"reference":"splice"},{"@id":67,"shape":{"type":"rect","xposition":"NaN","yposition":"NaN","width":"NaN","height":"NaN","shapeStyle":2},"labelManager":{"labels":[{"type":"textLabel","@id":68,"inputText":"Gabriel","labelStyle":4,"shape":null,"layoutText":null}],"mainLabel":68},"portCompositions":[{"type":"port","@id":69,"shape":{"type":"rect","xposition":"NaN","yposition":"NaN","width":"NaN","height":"NaN","shapeStyle":2},"labelManager":{"labels":[{"type":"textLabel","@id":70,"inputText":"1","labelStyle":4,"shape":null,"layoutText":null}],"mainLabel":70},"properties":{},"orientationAtVertex":"FREE","reference":null}],"properties":{},"reference":"splice"},{"@id":71,"shape":{"type":"rect","xposition":"NaN","yposition":"NaN","width":"NaN","height":"NaN","shapeStyle":2},"labelManager":{"labels":[{"type":"textLabel","@id":72,"inputText":"Ben","labelStyle":4,"shape":null,"layoutText":null}],"mainLabel":72},"portCompositions":[{"type":"port","@id":73,"shape":{"type":"rect","xposition":"NaN","yposition":"NaN","width":"NaN","height":"NaN","shapeStyle":2},"labelManager":{"labels":[{"type":"textLabel","@id":74,"inputText":"1","labelStyle":4,"shape":null,"layoutText":null}],"mainLabel":74},"properties":{},"orientationAtVertex":"FREE","reference":null}],"properties":{},"reference":"splice"},{"@id":75,"shape":{"type":"rect","xposition":"NaN","yposition":"NaN","width":"NaN","height":"NaN","shapeStyle":2},"labelManager":{"labels":[{"type":"textLabel","@id":76,"inputText":"Julius","labelStyle":4,"shape":null,"layoutText":null}],"mainLabel":76},"portCompositions":[{"type":"portGroup","@id":77,"ordered":false,"portCompositions":[{"type":"port","@id":78,"shape":{"type":"rect","xposition":"NaN","yposition":"NaN","width":"NaN","height":"NaN","shapeStyle":2},"labelManager":{"labels":[{"type":"textLabel","@id":79,"inputText":"1","labelStyle":4,"shape":null,"layoutText":null}],"mainLabel":79},"properties":{},"orientationAtVertex":"FREE","reference":null}],"properties":{},"reference":null}],"properties":{},"reference":"plug"},{"@id":80,"shape":{"type":"rect","xposition":"NaN","yposition":"NaN","width":"NaN","height":"NaN","shapeStyle":2},"labelManager":{"labels":[{"type":"textLabel","@id":81,"inputText":"Felix","labelStyle":4,"shape":null,"layoutText":null}],"mainLabel":81},"portCompositions":[{"type":"portGroup","@id":82,"ordered":false,"portCompositions":[{"type":"port","@id":83,"shape":{"type":"rect","xposition":"NaN","yposition":"NaN","width":"NaN","height":"NaN","shapeStyle":2},"labelManager":{"labels":[{"type":"textLabel","@id":84,"inputText":"1","labelStyle":4,"shape":null,"layoutText":null}],"mainLabel":84},"properties":{},"orientationAtVertex":"FREE","reference":null}],"properties":{},"reference":null}],"properties":{},"reference":"plug"},{"@id":85,"shape":{"type":"rect","xposition":"NaN","yposition":"NaN","width":"NaN","height":"NaN","shapeStyle":2},"labelManager":{"labels":[{"type":"textLabel","@id":86,"inputText":"Louis","labelStyle":4,"shape":null,"layoutText":null}],"mainLabel":86},"portCompositions":[{"type":"port","@id":87,"shape":{"type":"rect","xposition":"NaN","yposition":"NaN","width":"NaN","height":"NaN","shapeStyle":2},"labelManager":{"labels":[{"type":"textLabel","@id":88,"inputText":"1","labelStyle":4,"shape":null,"layoutText":null}],"mainLabel":88},"properties":{},"orientationAtVertex":"FREE","reference":null}],"properties":{},"reference":"splice"},{"@id":89,"shape":{"type":"rect","xposition":"NaN","yposition":"NaN","width":"NaN","height":"NaN","shapeStyle":2},"labelManager":{"labels":[{"type":"textLabel","@id":90,"inputText":"Alexander","labelStyle":4,"shape":null,"layoutText":null}],"mainLabel":90},"portCompositions":[{"type":"port","@id":91,"shape":{"type":"rect","xposition":"NaN","yposition":"NaN","width":"NaN","height":"NaN","shapeStyle":2},"labelManager":{"labels":[{"type":"textLabel","@id":92,"inputText":"1","labelStyle":4,"shape":null,"layoutText":null}],"mainLabel":92},"properties":{},"orientationAtVertex":"FREE","reference":null}],"properties":{},"reference":"splice"},{"@id":93,"shape":{"type":"rect","xposition":"NaN","yposition":"NaN","width":"NaN","height":"NaN","shapeStyle":2},"labelManager":{"labels":[{"type":"textLabel","@id":94,"inputText":"Leon","labelStyle":4,"shape":null,"layoutText":null}],"mainLabel":94},"portCompositions":[{"type":"port","@id":95,"shape":{"type":"rect","xposition":"NaN","yposition":"NaN","width":"NaN","height":"NaN","shapeStyle":2},"labelManager":{"labels":[{"type":"textLabel","@id":96,"inputText":"1","labelStyle":4,"shape":null,"layoutText":null}],"mainLabel":96},"properties":{},"orientationAtVertex":"FREE","reference":null}],"properties":{},"reference":"splice"},{"@id":97,"shape":{"type":"rect","xposition":"NaN","yposition":"NaN","width":"NaN","height":"NaN","shapeStyle":2},"labelManager":{"labels":[{"type":"textLabel","@id":98,"inputText":"Max","labelStyle":4,"shape":null,"layoutText":null}],"mainLabel":98},"portCompositions":[{"type":"portGroup","@id":99,"ordered":false,"portCompositions":[{"type":"port","@id":100,"shape":{"type":"rect","xposition":"NaN","yposition":"NaN","width":"NaN","height":"NaN","shapeStyle":2},"labelManager":{"labels":[{"type":"textLabel","@id":101,"inputText":"3","labelStyle":4,"shape":null,"layoutText":null}],"mainLabel":101},"properties":{},"orientationAtVertex":"FREE","reference":null},{"type":"port","@id":102,"shape":{"type":"rect","xposition":"NaN","yposition":"NaN","width":"NaN","height":"NaN","shapeStyle":2},"labelManager":{"labels":[{"type":"textLabel","@id":103,"inputText":"7","labelStyle":4,"shape":null,"layoutText":null}],"mainLabel":103},"properties":{},"orientationAtVertex":"FREE","reference":null},{"type":"port","@id":104,"shape":{"type":"rect","xposition":"NaN","yposition":"NaN","width":"NaN","height":"NaN","shapeStyle":2},"labelManager":{"labels":[{"type":"textLabel","@id":105,"inputText":"1","labelStyle":4,"shape":null,"layoutText":null}],"mainLabel":105},"properties":{},"orientationAtVertex":"FREE","reference":null},{"type":"port","@id":106,"shape":{"type":"rect","xposition":"NaN","yposition":"NaN","width":"NaN","height":"NaN","shapeStyle":2},"labelManager":{"labels":[{"type":"textLabel","@id":107,"inputText":"2","labelStyle":4,"shape":null,"layoutText":null}],"mainLabel":107},"properties":{},"orientationAtVertex":"FREE","reference":null},{"type":"port","@id":108,"shape":{"type":"rect","xposition":"NaN","yposition":"NaN","width":"NaN","height":"NaN","shapeStyle":2},"labelManager":{"labels":[{"type":"textLabel","@id":109,"inputText":"6","labelStyle":4,"shape":null,"layoutText":null}],"mainLabel":109},"properties":{},"orientationAtVertex":"FREE","reference":null},{"type":"port","@id":110,"shape":{"type":"rect","xposition":"NaN","yposition":"NaN","width":"NaN","height":"NaN","shapeStyle":2},"labelManager":{"labels":[{"type":"textLabel","@id":111,"inputText":"5","labelStyle":4,"shape":null,"layoutText":null}],"mainLabel":111},"properties":{},"orientationAtVertex":"FREE","reference":null},{"type":"port","@id":112,"shape":{"type":"rect","xposition":"NaN","yposition":"NaN","width":"NaN","height":"NaN","shapeStyle":17},"labelManager":{"labels":[{"type":"textLabel","@id":113,"inputText":"4","labelStyle":19,"shape":null,"layoutText":null}],"mainLabel":113},"properties":{},"orientationAtVertex":"FREE","reference":null}],"properties":{},"reference":null}],"properties":{},"reference":"plug"},{"@id":114,"shape":{"type":"rect","xposition":"NaN","yposition":"NaN","width":"NaN","height":"NaN","shapeStyle":2},"labelManager":{"labels":[{"type":"textLabel","@id":115,"inputText":"Jonathan","labelStyle":4,"shape":null,"layoutText":null}],"mainLabel":115},"portCompositions":[{"type":"portGroup","@id":116,"ordered":false,"portCompositions":[{"type":"port","@id":117,"shape":{"type":"rect","xposition":"NaN","yposition":"NaN","width":"NaN","height":"NaN","shapeStyle":2},"labelManager":{"labels":[{"type":"textLabel","@id":118,"inputText":"3","labelStyle":4,"shape":null,"layoutText":null}],"mainLabel":118},"properties":{},"orientationAtVertex":"FREE","reference":null},{"type":"port","@id":119,"shape":{"type":"rect","xposition":"NaN","yposition":"NaN","width":"NaN","height":"NaN","shapeStyle":2},"labelManager":{"labels":[{"type":"textLabel","@id":120,"inputText":"7","labelStyle":4,"shape":null,"layoutText":null}],"mainLabel":120},"properties":{},"orientationAtVertex":"FREE","reference":null},{"type":"port","@id":121,"shape":{"type":"rect","xposition":"NaN","yposition":"NaN","width":"NaN","height":"NaN","shapeStyle":2},"labelManager":{"labels":[{"type":"textLabel","@id":122,"inputText":"1","labelStyle":4,"shape":null,"layoutText":null}],"mainLabel":122},"properties":{},"orientationAtVertex":"FREE","reference":null},{"type":"port","@id":123,"shape":{"type":"rect","xposition":"NaN","yposition":"NaN","width":"NaN","height":"NaN","shapeStyle":2},"labelManager":{"labels":[{"type":"textLabel","@id":124,"inputText":"2","labelStyle":4,"shape":null,"layoutText":null}],"mainLabel":124},"properties":{},"orientationAtVertex":"FREE","reference":null},{"type":"port","@id":125,"shape":{"type":"rect","xposition":"NaN","yposition":"NaN","width":"NaN","height":"NaN","shapeStyle":2},"labelManager":{"labels":[{"type":"textLabel","@id":126,"inputText":"6","labelStyle":4,"shape":null,"layoutText":null}],"mainLabel":126},"properties":{},"orientationAtVertex":"FREE","reference":null},{"type":"port","@id":127,"shape":{"type":"rect","xposition":"NaN","yposition":"NaN","width":"NaN","height":"NaN","shapeStyle":2},"labelManager":{"labels":[{"type":"textLabel","@id":128,"inputText":"5","labelStyle":4,"shape":null,"layoutText":null}],"mainLabel":128},"properties":{},"orientationAtVertex":"FREE","reference":null},{"type":"port","@id":129,"shape":{"type":"rect","xposition":"NaN","yposition":"NaN","width":"NaN","height":"NaN","shapeStyle":17},"labelManager":{"labels":[{"type":"textLabel","@id":130,"inputText":"4","labelStyle":19,"shape":null,"layoutText":null}],"mainLabel":130},"properties":{},"orientationAtVertex":"FREE","reference":null}],"properties":{},"reference":null}],"properties":{},"reference":"plug"},{"@id":131,"shape":{"type":"rect","xposition":"NaN","yposition":"NaN","width":"NaN","height":"NaN","shapeStyle":2},"labelManager":{"labels":[{"type":"textLabel","@id":132,"inputText":"Leo","labelStyle":4,"shape":null,"layoutText":null}],"mainLabel":132},"portCompositions":[{"type":"portGroup","@id":133,"ordered":false,"portCompositions":[{"type":"port","@id":134,"shape":{"type":"rect","xposition":"NaN","yposition":"NaN","width":"NaN","height":"NaN","shapeStyle":2},"labelManager":{"labels":[{"type":"textLabel","@id":135,"inputText":"1","labelStyle":4,"shape":null,"layoutText":null}],"mainLabel":135},"properties":{},"orientationAtVertex":"FREE","reference":null},{"type":"port","@id":136,"shape":{"type":"rect","xposition":"NaN","yposition":"NaN","width":"NaN","height":"NaN","shapeStyle":2},"labelManager":{"labels":[{"type":"textLabel","@id":137,"inputText":"7","labelStyle":4,"shape":null,"layoutText":null}],"mainLabel":137},"properties":{},"orientationAtVertex":"FREE","reference":null},{"type":"port","@id":138,"shape":{"type":"rect","xposition":"NaN","yposition":"NaN","width":"NaN","height":"NaN","shapeStyle":2},"labelManager":{"labels":[{"type":"textLabel","@id":139,"inputText":"8","labelStyle":4,"shape":null,"layoutText":null}],"mainLabel":139},"properties":{},"orientationAtVertex":"FREE","reference":null},{"type":"port","@id":140,"shape":{"type":"rect","xposition":"NaN","yposition":"NaN","width":"NaN","height":"NaN","shapeStyle":2},"labelManager":{"labels":[{"type":"textLabel","@id":141,"inputText":"5","labelStyle":4,"shape":null,"layoutText":null}],"mainLabel":141},"properties":{},"orientationAtVertex":"FREE","reference":null},{"type":"port","@id":142,"shape":{"type":"rect","xposition":"NaN","yposition":"NaN","width":"NaN","height":"NaN","shapeStyle":17},"labelManager":{"labels":[{"type":"textLabel","@id":143,"inputText":"3","labelStyle":19,"shape":null,"layoutText":null}],"mainLabel":143},"properties":{},"orientationAtVertex":"FREE","reference":null},{"type":"port","@id":144,"shape":{"type":"rect","xposition":"NaN","yposition":"NaN","width":"NaN","height":"NaN","shapeStyle":17},"labelManager":{"labels":[{"type":"textLabel","@id":145,"inputText":"4","labelStyle":19,"shape":null,"layoutText":null}],"mainLabel":145},"properties":{},"orientationAtVertex":"FREE","reference":null},{"type":"port","@id":146,"shape":{"type":"rect","xposition":"NaN","yposition":"NaN","width":"NaN","height":"NaN","shapeStyle":17},"labelManager":{"labels":[{"type":"textLabel","@id":147,"inputText":"2","labelStyle":19,"shape":null,"layoutText":null}],"mainLabel":147},"properties":{},"orientationAtVertex":"FREE","reference":null},{"type":"port","@id":148,"shape":{"type":"rect","xposition":"NaN","yposition":"NaN","width":"NaN","height":"NaN","shapeStyle":17},"labelManager":{"labels":[{"type":"textLabel","@id":149,"inputText":"6","labelStyle":19,"shape":null,"layoutText":null}],"mainLabel":149},"properties":{},"orientationAtVertex":"FREE","reference":null}],"properties":{},"reference":null}],"properties":{},"reference":"device"},{"@id":150,"shape":{"type":"rect","xposition":"NaN","yposition":"NaN","width":"NaN","height":"NaN","shapeStyle":2},"labelManager":{"labels":[{"type":"textLabel","@id":151,"inputText":"Jakob","labelStyle":4,"shape":null,"layoutText":null}],"mainLabel":151},"portCompositions":[{"type":"portGroup","@id":152,"ordered":false,"portCompositions":[{"type":"port","@id":153,"shape":{"type":"rect","xposition":"NaN","yposition":"NaN","width":"NaN","height":"NaN","shapeStyle":2},"labelManager":{"labels":[{"type":"textLabel","@id":154,"inputText":"1","labelStyle":4,"shape":null,"layoutText":null}],"mainLabel":154},"properties":{},"orientationAtVertex":"FREE","reference":null},{"type":"port","@id":155,"shape":{"type":"rect","xposition":"NaN","yposition":"NaN","width":"NaN","height":"NaN","shapeStyle":2},"labelManager":{"labels":[{"type":"textLabel","@id":156,"inputText":"7","labelStyle":4,"shape":null,"layoutText":null}],"mainLabel":156},"properties":{},"orientationAtVertex":"FREE","reference":null},{"type":"port","@id":157,"shape":{"type":"rect","xposition":"NaN","yposition":"NaN","width":"NaN","height":"NaN","shapeStyle":2},"labelManager":{"labels":[{"type":"textLabel","@id":158,"inputText":"8","labelStyle":4,"shape":null,"layoutText":null}],"mainLabel":158},"properties":{},"orientationAtVertex":"FREE","reference":null},{"type":"port","@id":159,"shape":{"type":"rect","xposition":"NaN","yposition":"NaN","width":"NaN","height":"NaN","shapeStyle":2},"labelManager":{"labels":[{"type":"textLabel","@id":160,"inputText":"5","labelStyle":4,"shape":null,"layoutText":null}],"mainLabel":160},"properties":{},"orientationAtVertex":"FREE","reference":null},{"type":"port","@id":161,"shape":{"type":"rect","xposition":"NaN","yposition":"NaN","width":"NaN","height":"NaN","shapeStyle":17},"labelManager":{"labels":[{"type":"textLabel","@id":162,"inputText":"3","labelStyle":19,"shape":null,"layoutText":null}],"mainLabel":162},"properties":{},"orientationAtVertex":"FREE","reference":null},{"type":"port","@id":163,"shape":{"type":"rect","xposition":"NaN","yposition":"NaN","width":"NaN","height":"NaN","shapeStyle":17},"labelManager":{"labels":[{"type":"textLabel","@id":164,"inputText":"4","labelStyle":19,"shape":null,"layoutText":null}],"mainLabel":164},"properties":{},"orientationAtVertex":"FREE","reference":null},{"type":"port","@id":165,"shape":{"type":"rect","xposition":"NaN","yposition":"NaN","width":"NaN","height":"NaN","shapeStyle":17},"labelManager":{"labels":[{"type":"textLabel","@id":166,"inputText":"2","labelStyle":19,"shape":null,"layoutText":null}],"mainLabel":166},"properties":{},"orientationAtVertex":"FREE","reference":null},{"type":"port","@id":167,"shape":{"type":"rect","xposition":"NaN","yposition":"NaN","width":"NaN","height":"NaN","shapeStyle":17},"labelManager":{"labels":[{"type":"textLabel","@id":168,"inputText":"6","labelStyle":19,"shape":null,"layoutText":null}],"mainLabel":168},"properties":{},"orientationAtVertex":"FREE","reference":null}],"properties":{},"reference":null}],"properties":{},"reference":"plug"},{"@id":169,"shape":{"type":"rect","xposition":"NaN","yposition":"NaN","width":"NaN","height":"NaN","shapeStyle":2},"labelManager":{"labels":[{"type":"textLabel","@id":170,"inputText":"Johannes","labelStyle":4,"shape":null,"layoutText":null}],"mainLabel":170},"portCompositions":[{"type":"port","@id":171,"shape":{"type":"rect","xposition":"NaN","yposition":"NaN","width":"NaN","height":"NaN","shapeStyle":2},"labelManager":{"labels":[{"type":"textLabel","@id":172,"inputText":"1","labelStyle":4,"shape":null,"layoutText":null}],"mainLabel":172},"properties":{},"orientationAtVertex":"FREE","reference":null}],"properties":{},"reference":"splice"},{"@id":173,"shape":{"type":"rect","xposition":"NaN","yposition":"NaN","width":"NaN","height":"NaN","shapeStyle":2},"labelManager":{"labels":[{"type":"textLabel","@id":174,"inputText":"Maximilian","labelStyle":4,"shape":null,"layoutText":null}],"mainLabel":174},"portCompositions":[{"type":"portGroup","@id":175,"ordered":false,"portCompositions":[{"type":"port","@id":176,"shape":{"type":"rect","xposition":"NaN","yposition":"NaN","width":"NaN","height":"NaN","shapeStyle":2},"labelManager":{"labels":[{"type":"textLabel","@id":177,"inputText":"1","labelStyle":4,"shape":null,"layoutText":null}],"mainLabel":177},"properties":{},"orientationAtVertex":"FREE","reference":null},{"type":"port","@id":178,"shape":{"type":"rect","xposition":"NaN","yposition":"NaN","width":"NaN","height":"NaN","shapeStyle":2},"labelManager":{"labels":[{"type":"textLabel","@id":179,"inputText":"3","labelStyle":4,"shape":null,"layoutText":null}],"mainLabel":179},"properties":{},"orientationAtVertex":"FREE","reference":null},{"type":"port","@id":180,"shape":{"type":"rect","xposition":"NaN","yposition":"NaN","width":"NaN","height":"NaN","shapeStyle":17},"labelManager":{"labels":[{"type":"textLabel","@id":181,"inputText":"2","labelStyle":19,"shape":null,"layoutText":null}],"mainLabel":181},"properties":{},"orientationAtVertex":"FREE","reference":null}],"properties":{},"reference":null}],"properties":{},"reference":"device"},{"@id":182,"shape":{"type":"rect","xposition":"NaN","yposition":"NaN","width":"NaN","height":"NaN","shapeStyle":2},"labelManager":{"labels":[{"type":"textLabel","@id":183,"inputText":"Samuel","labelStyle":4,"shape":null,"layoutText":null}],"mainLabel":183},"portCompositions":[{"type":"portGroup","@id":184,"ordered":false,"portCompositions":[{"type":"port","@id":185,"shape":{"type":"rect","xposition":"NaN","yposition":"NaN","width":"NaN","height":"NaN","shapeStyle":2},"labelManager":{"labels":[{"type":"textLabel","@id":186,"inputText":"1","labelStyle":4,"shape":null,"layoutText":null}],"mainLabel":186},"properties":{},"orientationAtVertex":"FREE","reference":null},{"type":"port","@id":187,"shape":{"type":"rect","xposition":"NaN","yposition":"NaN","width":"NaN","height":"NaN","shapeStyle":2},"labelManager":{"labels":[{"type":"textLabel","@id":188,"inputText":"3","labelStyle":4,"shape":null,"layoutText":null}],"mainLabel":188},"properties":{},"orientationAtVertex":"FREE","reference":null},{"type":"port","@id":189,"shape":{"type":"rect","xposition":"NaN","yposition":"NaN","width":"NaN","height":"NaN","shapeStyle":17},"labelManager":{"labels":[{"type":"textLabel","@id":190,"inputText":"2","labelStyle":19,"shape":null,"layoutText":null}],"mainLabel":190},"properties":{},"orientationAtVertex":"FREE","reference":null}],"properties":{},"reference":null}],"properties":{},"reference":"plug"},{"@id":191,"shape":{"type":"rect","xposition":"NaN","yposition":"NaN","width":"NaN","height":"NaN","shapeStyle":2},"labelManager":{"labels":[{"type":"textLabel","@id":192,"inputText":"Jonas","labelStyle":4,"shape":null,"layoutText":null}],"mainLabel":192},"portCompositions":[{"type":"portGroup","@id":193,"ordered":false,"portCompositions":[{"type":"port","@id":194,"shape":{"type":"rect","xposition":"NaN","yposition":"NaN","width":"NaN","height":"NaN","shapeStyle":2},"labelManager":{"labels":[{"type":"textLabel","@id":195,"inputText":"2","labelStyle":4,"shape":null,"layoutText":null}],"mainLabel":195},"properties":{},"orientationAtVertex":"FREE","reference":null},{"type":"port","@id":196,"shape":{"type":"rect","xposition":"NaN","yposition":"NaN","width":"NaN","height":"NaN","shapeStyle":2},"labelManager":{"labels":[{"type":"textLabel","@id":197,"inputText":"1","labelStyle":4,"shape":null,"layoutText":null}],"mainLabel":197},"properties":{},"orientationAtVertex":"FREE","reference":null}],"properties":{},"reference":null}],"properties":{},"reference":"device"},{"@id":198,"shape":{"type":"rect","xposition":"NaN","yposition":"NaN","width":"NaN","height":"NaN","shapeStyle":2},"labelManager":{"labels":[{"type":"textLabel","@id":199,"inputText":"Tom","labelStyle":4,"shape":null,"layoutText":null}],"mainLabel":199},"portCompositions":[{"type":"portGroup","@id":200,"ordered":false,"portCompositions":[{"type":"port","@id":201,"shape":{"type":"rect","xposition":"NaN","yposition":"NaN","width":"NaN","height":"NaN","shapeStyle":2},"labelManager":{"labels":[{"type":"textLabel","@id":202,"inputText":"2","labelStyle":4,"shape":null,"layoutText":null}],"mainLabel":202},"properties":{},"orientationAtVertex":"FREE","reference":null},{"type":"port","@id":203,"shape":{"type":"rect","xposition":"NaN","yposition":"NaN","width":"NaN","height":"NaN","shapeStyle":2},"labelManager":{"labels":[{"type":"textLabel","@id":204,"inputText":"1","labelStyle":4,"shape":null,"layoutText":null}],"mainLabel":204},"properties":{},"orientationAtVertex":"FREE","reference":null}],"properties":{},"reference":null}],"properties":{},"reference":"plug"},{"@id":205,"shape":{"type":"rect","xposition":"NaN","yposition":"NaN","width":"NaN","height":"NaN","shapeStyle":2},"labelManager":{"labels":[{"type":"textLabel","@id":206,"inputText":"Philipp","labelStyle":4,"shape":null,"layoutText":null}],"mainLabel":206},"portCompositions":[{"type":"portGroup","@id":207,"ordered":false,"portCompositions":[{"type":"port","@id":208,"shape":{"type":"rect","xposition":"NaN","yposition":"NaN","width":"NaN","height":"NaN","shapeStyle":2},"labelManager":{"labels":[{"type":"textLabel","@id":209,"inputText":"2","labelStyle":4,"shape":null,"layoutText":null}],"mainLabel":209},"properties":{},"orientationAtVertex":"FREE","reference":null},{"type":"port","@id":210,"shape":{"type":"rect","xposition":"NaN","yposition":"NaN","width":"NaN","height":"NaN","shapeStyle":2},"labelManager":{"labels":[{"type":"textLabel","@id":211,"inputText":"1","labelStyle":4,"shape":null,"layoutText":null}],"mainLabel":211},"properties":{},"orientationAtVertex":"FREE","reference":null},{"type":"port","@id":212,"shape":{"type":"rect","xposition":"NaN","yposition":"NaN","width":"NaN","height":"NaN","shapeStyle":2},"labelManager":{"labels":[{"type":"textLabel","@id":213,"inputText":"5","labelStyle":4,"shape":null,"layoutText":null}],"mainLabel":213},"properties":{},"orientationAtVertex":"FREE","reference":null},{"type":"port","@id":214,"shape":{"type":"rect","xposition":"NaN","yposition":"NaN","width":"NaN","height":"NaN","shapeStyle":2},"labelManager":{"labels":[{"type":"textLabel","@id":215,"inputText":"3","labelStyle":4,"shape":null,"layoutText":null}],"mainLabel":215},"properties":{},"orientationAtVertex":"FREE","reference":null},{"type":"port","@id":216,"shape":{"type":"rect","xposition":"NaN","yposition":"NaN","width":"NaN","height":"NaN","shapeStyle":17},"labelManager":{"labels":[{"type":"textLabel","@id":217,"inputText":"4","labelStyle":19,"shape":null,"layoutText":null}],"mainLabel":217},"properties":{},"orientationAtVertex":"FREE","reference":null}],"properties":{},"reference":null}],"properties":{},"reference":"device"},{"@id":218,"shape":{"type":"rect","xposition":"NaN","yposition":"NaN","width":"NaN","height":"NaN","shapeStyle":2},"labelManager":{"labels":[{"type":"textLabel","@id":219,"inputText":"Benjamin","labelStyle":4,"shape":null,"layoutText":null}],"mainLabel":219},"portCompositions":[{"type":"portGroup","@id":220,"ordered":false,"portCompositions":[{"type":"port","@id":221,"shape":{"type":"rect","xposition":"NaN","yposition":"NaN","width":"NaN","height":"NaN","shapeStyle":2},"labelManager":{"labels":[{"type":"textLabel","@id":222,"inputText":"2","labelStyle":4,"shape":null,"layoutText":null}],"mainLabel":222},"properties":{},"orientationAtVertex":"FREE","reference":null},{"type":"port","@id":223,"shape":{"type":"rect","xposition":"NaN","yposition":"NaN","width":"NaN","height":"NaN","shapeStyle":2},"labelManager":{"labels":[{"type":"textLabel","@id":224,"inputText":"1","labelStyle":4,"shape":null,"layoutText":null}],"mainLabel":224},"properties":{},"orientationAtVertex":"FREE","reference":null},{"type":"port","@id":225,"shape":{"type":"rect","xposition":"NaN","yposition":"NaN","width":"NaN","height":"NaN","shapeStyle":2},"labelManager":{"labels":[{"type":"textLabel","@id":226,"inputText":"5","labelStyle":4,"shape":null,"layoutText":null}],"mainLabel":226},"properties":{},"orientationAtVertex":"FREE","reference":null},{"type":"port","@id":227,"shape":{"type":"rect","xposition":"NaN","yposition":"NaN","width":"NaN","height":"NaN","shapeStyle":2},"labelManager":{"labels":[{"type":"textLabel","@id":228,"inputText":"3","labelStyle":4,"shape":null,"layoutText":null}],"mainLabel":228},"properties":{},"orientationAtVertex":"FREE","reference":null},{"type":"port","@id":229,"shape":{"type":"rect","xposition":"NaN","yposition":"NaN","width":"NaN","height":"NaN","shapeStyle":17},"labelManager":{"labels":[{"type":"textLabel","@id":230,"inputText":"4","labelStyle":19,"shape":null,"layoutText":null}],"mainLabel":230},"properties":{},"orientationAtVertex":"FREE","reference":null}],"properties":{},"reference":null}],"properties":{},"reference":"plug"},{"@id":231,"shape":{"type":"rect","xposition":"NaN","yposition":"NaN","width":"NaN","height":"NaN","shapeStyle":2},"labelManager":{"labels":[{"type":"textLabel","@id":232,"inputText":"Luca","labelStyle":4,"shape":null,"layoutText":null}],"mainLabel":232},"portCompositions":[{"type":"portGroup","@id":233,"ordered":false,"portCompositions":[{"type":"port","@id":234,"shape":{"type":"rect","xposition":"NaN","yposition":"NaN","width":"NaN","height":"NaN","shapeStyle":2},"labelManager":{"labels":[{"type":"textLabel","@id":235,"inputText":"1","labelStyle":4,"shape":null,"layoutText":null}],"mainLabel":235},"properties":{},"orientationAtVertex":"FREE","reference":null}],"properties":{},"reference":null}],"properties":{},"reference":"plug"},{"@id":236,"shape":{"type":"rect","xposition":"NaN","yposition":"NaN","width":"NaN","height":"NaN","shapeStyle":2},"labelManager":{"labels":[{"type":"textLabel","@id":237,"inputText":"Noah","labelStyle":4,"shape":null,"layoutText":null}],"mainLabel":237},"portCompositions":[{"type":"portGroup","@id":238,"ordered":false,"portCompositions":[{"type":"port","@id":239,"shape":{"type":"rect","xposition":"NaN","yposition":"NaN","width":"NaN","height":"NaN","shapeStyle":2},"labelManager":{"labels":[{"type":"textLabel","@id":240,"inputText":"1","labelStyle":4,"shape":null,"layoutText":null}],"mainLabel":240},"properties":{},"orientationAtVertex":"FREE","reference":null}],"properties":{},"reference":null}],"properties":{},"reference":"plug"},{"@id":241,"shape":null,"labelManager":{"labels":[{"type":"textLabel","@id":242,"inputText":"Luis","labelStyle":19,"shape":null,"layoutText":null}],"mainLabel":242},"portCompositions":[{"type":"portGroup","@id":243,"ordered":false,"portCompositions":[{"type":"port","@id":244,"shape":{"type":"rect","xposition":"NaN","yposition":"NaN","width":"NaN","height":"NaN","shapeStyle":17},"labelManager":{"labels":[{"type":"textLabel","@id":245,"inputText":"1","labelStyle":19,"shape":null,"layoutText":null}],"mainLabel":245},"properties":{},"orientationAtVertex":"FREE","reference":null},{"type":"port","@id":246,"shape":{"type":"rect","xposition":"NaN","yposition":"NaN","width":"NaN","height":"NaN","shapeStyle":17},"labelManager":{"labels":[{"type":"textLabel","@id":247,"inputText":"2","labelStyle":19,"shape":null,"layoutText":null}],"mainLabel":247},"properties":{},"orientationAtVertex":"FREE","reference":null}],"properties":{},"reference":null}],"properties":{},"reference":null},{"@id":248,"shape":null,"labelManager":{"labels":[{"type":"textLabel","@id":249,"inputText":"Leonard","labelStyle":19,"shape":null,"layoutText":null}],"mainLabel":249},"portCompositions":[{"type":"portGroup","@id":250,"ordered":false,"portCompositions":[{"type":"port","@id":251,"shape":{"type":"rect","xposition":"NaN","yposition":"NaN","width":"NaN","height":"NaN","shapeStyle":17},"labelManager":{"labels":[{"type":"textLabel","@id":252,"inputText":"1","labelStyle":19,"shape":null,"layoutText":null}],"mainLabel":252},"properties":{},"orientationAtVertex":"FREE","reference":null},{"type":"port","@id":253,"shape":{"type":"rect","xposition":"NaN","yposition":"NaN","width":"NaN","height":"NaN","shapeStyle":17},"labelManager":{"labels":[{"type":"textLabel","@id":254,"inputText":"2","labelStyle":19,"shape":null,"layoutText":null}],"mainLabel":254},"properties":{},"orientationAtVertex":"FREE","reference":null}],"properties":{},"reference":null}],"properties":{},"reference":null}],"vertexGroups":[{"@id":255,"drawnFrame":false,"labelManager":{"labels":[],"mainLabel":null},"shape":null,"containedVertices":[11,20],"containedVertexGroups":[],"touchingPairs":[{"vertex0":11,"horizontalPlacementVertex0":"FREE","verticalPlacementVertex0":"TOP","vertex1":20,"horizontalPlacementVertex1":"FREE","verticalPlacementVertex1":"FREE"}],"portPairings":[{"port0":14,"port1":23},{"port0":16,"port1":25}],"properties":{},"reference":null},{"@id":256,"drawnFrame":false,"labelManager":{"labels":[],"mainLabel":null},"shape":null,"containedVertices":[27,32],"containedVertexGroups":[],"touchingPairs":[{"vertex0":27,"horizontalPlacementVertex0":"FREE","verticalPlacementVertex0":"TOP","vertex1":32,"horizontalPlacementVertex1":"FREE","verticalPlacementVertex1":"FREE"}],"portPairings":[{"port0":30,"port1":35}],"properties":{},"reference":null},{"@id":257,"drawnFrame":false,"labelManager":{"labels":[],"mainLabel":null},"shape":null,"containedVertices":[37,46],"containedVertexGroups":[],"touchingPairs":[{"vertex0":37,"horizontalPlacementVertex0":"FREE","verticalPlacementVertex0":"TOP","vertex1":46,"horizontalPlacementVertex1":"FREE","verticalPlacementVertex1":"FREE"}],"portPairings":[{"port0":40,"port1":49},{"port0":42,"port1":51},{"port0":44,"port1":53}],"properties":{},"reference":null},{"@id":258,"drawnFrame":false,"labelManager":{"labels":[],"mainLabel":null},"shape":null,"containedVertices":[75,80],"containedVertexGroups":[],"touchingPairs":[{"vertex0":75,"horizontalPlacementVertex0":"FREE","verticalPlacementVertex0":"TOP","vertex1":80,"horizontalPlacementVertex1":"FREE","verticalPlacementVertex1":"FREE"}],"portPairings":[{"port0":78,"port1":83}],"properties":{},"reference":null},{"@id":259,"drawnFrame":false,"labelManager":{"labels":[],"mainLabel":null},"shape":null,"containedVertices":[97,114],"containedVertexGroups":[],"touchingPairs":[{"vertex0":97,"horizontalPlacementVertex0":"FREE","verticalPlacementVertex0":"TOP","vertex1":114,"horizontalPlacementVertex1":"FREE","verticalPlacementVertex1":"FREE"}],"portPairings":[{"port0":102,"port1":119},{"port0":110,"port1":127},{"port0":100,"port1":117},{"port0":106,"port1":123},{"port0":108,"port1":125},{"port0":104,"port1":121},{"port0":112,"port1":129}],"properties":{},"reference":null},{"@id":260,"drawnFrame":false,"labelManager":{"labels":[],"mainLabel":null},"shape":null,"containedVertices":[131,150],"containedVertexGroups":[],"touchingPairs":[{"vertex0":131,"horizontalPlacementVertex0":"FREE","verticalPlacementVertex0":"TOP","vertex1":150,"horizontalPlacementVertex1":"FREE","verticalPlacementVertex1":"FREE"}],"portPairings":[{"port0":140,"port1":159},{"port0":134,"port1":153},{"port0":136,"port1":155},{"port0":138,"port1":157},{"port0":142,"port1":161},{"port0":144,"port1":163},{"port0":146,"port1":165},{"port0":148,"port1":167}],"properties":{},"reference":null},{"@id":261,"drawnFrame":false,"labelManager":{"labels":[],"mainLabel":null},"shape":null,"containedVertices":[173,182],"containedVertexGroups":[],"touchingPairs":[{"vertex0":173,"horizontalPlacementVertex0":"FREE","verticalPlacementVertex0":"TOP","vertex1":182,"horizontalPlacementVertex1":"FREE","verticalPlacementVertex1":"FREE"}],"portPairings":[{"port0":176,"port1":185},{"port0":178,"port1":187},{"port0":189,"port1":180}],"properties":{},"reference":null},{"@id":262,"drawnFrame":false,"labelManager":{"labels":[],"mainLabel":null},"shape":null,"containedVertices":[191,198],"containedVertexGroups":[],"touchingPairs":[{"vertex0":191,"horizontalPlacementVertex0":"FREE","verticalPlacementVertex0":"TOP","vertex1":198,"horizontalPlacementVertex1":"FREE","verticalPlacementVertex1":"FREE"}],"portPairings":[{"port0":194,"port1":201},{"port0":196,"port1":203}],"properties":{},"reference":null},{"@id":263,"drawnFrame":false,"labelManager":{"labels":[],"mainLabel":null},"shape":null,"containedVertices":[205,218],"containedVertexGroups":[],"touchingPairs":[{"vertex0":205,"horizontalPlacementVertex0":"FREE","verticalPlacementVertex0":"TOP","vertex1":218,"horizontalPlacementVertex1":"FREE","verticalPlacementVertex1":"FREE"}],"portPairings":[{"port0":210,"port1":223},{"port0":208,"port1":221},{"port0":214,"port1":227},{"port0":212,"port1":225},{"port0":216,"port1":229}],"properties":{},"reference":null},{"@id":264,"drawnFrame":false,"labelManager":{"labels":[],"mainLabel":null},"shape":null,"containedVertices":[231,236],"containedVertexGroups":[],"touchingPairs":[{"vertex0":231,"horizontalPlacementVertex0":"FREE","verticalPlacementVertex0":"TOP","vertex1":236,"horizontalPlacementVertex1":"FREE","verticalPlacementVertex1":"FREE"}],"portPairings":[{"port0":234,"port1":239}],"properties":{},"reference":null},{"@id":265,"drawnFrame":false,"labelManager":{"labels":[],"mainLabel":null},"shape":null,"containedVertices":[241,248],"containedVertexGroups":[],"touchingPairs":[{"vertex0":241,"horizontalPlacementVertex0":"FREE","verticalPlacementVertex0":"FREE","vertex1":248,"horizontalPlacementVertex1":"FREE","verticalPlacementVertex1":"FREE"}],"portPairings":[{"port0":244,"port1":251},{"port0":246,"port1":253}],"properties":{},"reference":null}],"edges":[{"@id":266,"ports":[203,234],"labelManager":{"innerLabels":[{"type":"textLabel","@id":267,"inputText":"Adam","labelStyle":4,"shape":null,"layoutText":null}],"allPortLabels":[],"mainLabel":267},"pathStyle":{"@id":268,"description":"default path style","thickness":-1.0,"color":{"argb":"ff000000"}},"paths":[],"properties":{},"reference":null},{"@id":269,"ports":[157,87],"labelManager":{"innerLabels":[{"type":"textLabel","@id":270,"inputText":"Michael","labelStyle":4,"shape":null,"layoutText":null}],"allPortLabels":[],"mainLabel":270},"pathStyle":268,"paths":[],"properties":{},"reference":null},{"@id":271,"ports":[9,69],"labelManager":{"innerLabels":[{"type":"textLabel","@id":272,"inputText":"Ole","labelStyle":4,"shape":null,"layoutText":null}],"allPortLabels":[],"mainLabel":272},"pathStyle":268,"paths":[],"properties":{},"reference":null},{"@id":273,"ports":[221,171],"labelManager":{"innerLabels":[{"type":"textLabel","@id":274,"inputText":"Carl","labelStyle":4,"shape":null,"layoutText":null}],"allPortLabels":[],"mainLabel":274},"pathStyle":268,"paths":[],"properties":{},"reference":null},{"@id":275,"ports":[159,69],"labelManager":{"innerLabels":[{"type":"textLabel","@id":276,"inputText":"Matteo","labelStyle":4,"shape":null,"layoutText":null}],"allPortLabels":[],"mainLabel":276},"pathStyle":268,"paths":[],"properties":{},"reference":null},{"@id":277,"ports":[171,155],"labelManager":{"innerLabels":[{"type":"textLabel","@id":278,"inputText":"Mika","labelStyle":4,"shape":null,"layoutText":null}],"allPortLabels":[],"mainLabel":278},"pathStyle":268,"paths":[],"properties":{},"reference":null},{"@id":279,"ports":[61,57],"labelManager":{"innerLabels":[{"type":"textLabel","@id":280,"inputText":"Konstantin","labelStyle":4,"shape":null,"layoutText":null}],"allPortLabels":[],"mainLabel":280},"pathStyle":268,"paths":[],"properties":{},"reference":null},{"@id":281,"ports":[127,123,78,73,125],"labelManager":{"innerLabels":[{"type":"textLabel","@id":282,"inputText":"Yusuf","labelStyle":4,"shape":null,"layoutText":null}],"allPortLabels":[],"mainLabel":282},"pathStyle":268,"paths":[],"properties":{},"reference":null},{"@id":283,"ports":[153,61],"labelManager":{"innerLabels":[{"type":"textLabel","@id":284,"inputText":"Liam","labelStyle":4,"shape":null,"layoutText":null}],"allPortLabels":[],"mainLabel":284},"pathStyle":268,"paths":[],"properties":{},"reference":null},{"@id":285,"ports":[9,225],"labelManager":{"innerLabels":[{"type":"textLabel","@id":286,"inputText":"Henry","labelStyle":4,"shape":null,"layoutText":null}],"allPortLabels":[],"mainLabel":286},"pathStyle":268,"paths":[],"properties":{},"reference":null},{"@id":287,"ports":[171,223],"labelManager":{"innerLabels":[{"type":"textLabel","@id":288,"inputText":"Noel","labelStyle":4,"shape":null,"layoutText":null}],"allPortLabels":[],"mainLabel":288},"pathStyle":268,"paths":[],"properties":{},"reference":null},{"@id":289,"ports":[83,171],"labelManager":{"innerLabels":[{"type":"textLabel","@id":290,"inputText":"Sebastian","labelStyle":4,"shape":null,"layoutText":null}],"allPortLabels":[],"mainLabel":290},"pathStyle":268,"paths":[],"properties":{},"reference":null},{"@id":291,"ports":[227,87],"labelManager":{"innerLabels":[{"type":"textLabel","@id":292,"inputText":"Florian","labelStyle":4,"shape":null,"layoutText":null}],"allPortLabels":[],"mainLabel":292},"pathStyle":268,"paths":[],"properties":{},"reference":null},{"@id":293,"ports":[49,201],"labelManager":{"innerLabels":[{"type":"textLabel","@id":294,"inputText":"Theodor","labelStyle":4,"shape":null,"layoutText":null}],"allPortLabels":[],"mainLabel":294},"pathStyle":268,"paths":[],"properties":{},"reference":null},{"@id":295,"ports":[30,65],"labelManager":{"innerLabels":[{"type":"textLabel","@id":296,"inputText":"Muhammed","labelStyle":19,"shape":null,"layoutText":null}],"allPortLabels":[],"mainLabel":296},"pathStyle":{"@id":297,"description":"default path style","thickness":-1.0,"color":{"argb":"ff000000"}},"paths":[],"properties":{},"reference":null},{"@id":298,"ports":[119,95],"labelManager":{"innerLabels":[{"type":"textLabel","@id":299,"inputText":"Milan","labelStyle":19,"shape":null,"layoutText":null}],"allPortLabels":[],"mainLabel":299},"pathStyle":297,"paths":[],"properties":{},"reference":null},{"@id":300,"ports":[253,14],"labelManager":{"innerLabels":[{"type":"textLabel","@id":301,"inputText":"Valentin","labelStyle":19,"shape":null,"layoutText":null}],"allPortLabels":[],"mainLabel":301},"pathStyle":297,"paths":[],"properties":{},"reference":null},{"@id":302,"ports":[35,180],"labelManager":{"innerLabels":[{"type":"textLabel","@id":303,"inputText":"Levi","labelStyle":19,"shape":null,"layoutText":null}],"allPortLabels":[],"mainLabel":303},"pathStyle":297,"paths":[],"properties":{},"reference":null},{"@id":304,"ports":[40,176],"labelManager":{"innerLabels":[{"type":"textLabel","@id":305,"inputText":"Ali","labelStyle":19,"shape":null,"layoutText":null}],"allPortLabels":[],"mainLabel":305},"pathStyle":297,"paths":[],"properties":{},"reference":null},{"@id":306,"ports":[16,51],"labelManager":{"innerLabels":[{"type":"textLabel","@id":307,"inputText":"Emir","labelStyle":19,"shape":null,"layoutText":null}],"allPortLabels":[],"mainLabel":307},"pathStyle":297,"paths":[],"properties":{},"reference":null},{"@id":308,"ports":[91,5],"labelManager":{"innerLabels":[{"type":"textLabel","@id":309,"inputText":"Frederik","labelStyle":19,"shape":null,"layoutText":null}],"allPortLabels":[],"mainLabel":309},"pathStyle":297,"paths":[],"properties":{},"reference":null},{"@id":310,"ports":[91,165],"labelManager":{"innerLabels":[{"type":"textLabel","@id":311,"inputText":"Simon","labelStyle":19,"shape":null,"layoutText":null}],"allPortLabels":[],"mainLabel":311},"pathStyle":297,"paths":[],"properties":{},"reference":null},{"@id":312,"ports":[229,25],"labelManager":{"innerLabels":[{"type":"textLabel","@id":313,"inputText":"Joel","labelStyle":19,"shape":null,"layoutText":null}],"allPortLabels":[],"mainLabel":313},"pathStyle":297,"paths":[],"properties":{},"reference":null},{"@id":314,"ports":[44,117,121],"labelManager":{"innerLabels":[{"type":"textLabel","@id":315,"inputText":"Karl","labelStyle":19,"shape":null,"layoutText":null}],"allPortLabels":[],"mainLabel":315},"pathStyle":297,"paths":[],"properties":{},"reference":null},{"@id":316,"ports":[42,112,178],"labelManager":{"innerLabels":[{"type":"textLabel","@id":317,"inputText":"Theo","labelStyle":19,"shape":null,"layoutText":null}],"allPortLabels":[],"mainLabel":317},"pathStyle":297,"paths":[],"properties":{},"reference":null},{"@id":318,"ports":[178,106,129],"labelManager":{"innerLabels":[{"type":"textLabel","@id":319,"inputText":"Can","labelStyle":19,"shape":null,"layoutText":null}],"allPortLabels":[],"mainLabel":319},"pathStyle":297,"paths":[],"properties":{},"reference":null},{"@id":320,"ports":[239,121,110],"labelManager":{"innerLabels":[{"type":"textLabel","@id":321,"inputText":"Florian","labelStyle":19,"shape":null,"layoutText":null}],"allPortLabels":[],"mainLabel":321},"pathStyle":297,"paths":[],"properties":{},"reference":null}],"edgeBundles":[]}