{"vertices":[{"@id":1,"shape":{"type":"rect","xposition":"NaN","yposition":"NaN","width":"NaN","height":"NaN","shapeStyle":{"@id":2,"description":"default shape style","color":{"argb":"ff000000"}}},"labelManager":{"labels":[{"type":"textLabel","@id":3,"inputText":"Elias","labelStyle":{"@id":4,"description":"default text label style","font":{"fontName":"SansSerif.plain","style":0,"size":10},"noBreak":false,"color":{"argb":"ff000000"},"showLabel":true,"placement":"FREE","horizontalPlacement":"FREE","verticalPlacement":"FREE"},"shape":null,"layoutText":null}],"mainLabel":3},"portCompositions":[{"type":"portGroup","@id":5,"ordered":false,"portCompositions":[{"type":"port","@id":6,"shape":{"type":"rect","xposition":"NaN","yposition":"NaN","width":"NaN","height":"NaN","shapeStyle":2},"labelManager":{"labels":[{"type":"textLabel","@id":7,"inputText":"2","labelStyle":4,"shape":null,"layoutText":null}],"mainLabel":7},"properties":{},"orientationAtVertex":"FREE","reference":null},{"type":"port","@id":8,"shape":{"type":"rect","xposition":"NaN","yposition":"NaN","width":"NaN","height":"NaN","shapeStyle":{"@id":9,"description":"default shape style","color":{"argb":"ff000000"}}},"labelManager":{"labels":[{"type":"textLabel","@id":10,"inputText":"1","labelStyle":{"@id":11,"description":"default text label style","font":{"fontName":"SansSerif.plain","style":0,"size":10},"noBreak":false,"color":{"argb":"ff000000"},"showLabel":true,"placement":"FREE","horizontalPlacement":"FREE","verticalPlacement":"FREE"},"shape":null,"layoutText":null}],"mainLabel":10},"properties":{},"orientationAtVertex":"FREE","reference":null}],"properties":{},"reference":null}],"properties":{},"reference":"device"},{"@id":12,"shape":{"type":"rect","xposition":"NaN","yposition":"NaN","width":"NaN","height":"NaN","shapeStyle":2},"labelManager":{"labels":[{"type":"textLabel","@id":13,"inputText":"Felix","labelStyle":4,"shape":null,"layoutText":null}],"mainLabel":13},"portCompositions":[{"type":"portGroup","@id":14,"ordered":false,"portCompositions":[{"type":"port","@id":15,"shape":{"type":"rect","xposition":"NaN","yposition":"NaN","width":"NaN","height":"NaN","shapeStyle":2},"labelManager":{"labels":[{"type":"textLabel","@id":16,"inputText":"2","labelStyle":4,"shape":null,"layoutText":null}],"mainLabel":16},"properties":{},"orientationAtVertex":"FREE","reference":null}],"properties":{},"reference":null}],"properties":{},"reference":"plug"},{"@id":17,"shape":{"type":"rect","xposition":"NaN","yposition":"NaN","width":"NaN","height":"NaN","shapeStyle":2},"labelManager":{"labels":[{"type":"textLabel","@id":18,"inputText":"Jan","labelStyle":4,"shape":null,"layoutText":null}],"mainLabel":18},"portCompositions":[{"type":"port","@id":19,"shape":{"type":"rect","xposition":"NaN","yposition":"NaN","width":"NaN","height":"NaN","shapeStyle":2},"labelManager":{"labels":[{"type":"textLabel","@id":20,"inputText":"1","labelStyle":4,"shape":null,"layoutText":null}],"mainLabel":20},"properties":{},"orientationAtVertex":"FREE","reference":null}],"properties":{},"reference":"splice"},{"@id":21,"shape":{"type":"rect","xposition":"NaN","yposition":"NaN","width":"NaN","height":"NaN","shapeStyle":2},"labelManager":{"labels":[{"type":"textLabel","@id":22,"inputText":"Ben","labelStyle":4,"shape":null,"layoutText":null}],"mainLabel":22},"portCompositions":[{"type":"portGroup","@id":23,"ordered":false,"portCompositions":[{"type":"port","@id":24,"shape":{"type":"rect","xposition":"NaN","yposition":"NaN","width":"NaN","height":"NaN","shapeStyle":2},"labelManager":{"labels":[{"type":"textLabel","@id":25,"inputText":"1","labelStyle":4,"shape":null,"layoutText":null}],"mainLabel":25},"properties":{},"orientationAtVertex":"FREE","reference":null},{"type":"port","@id":26,"shape":{"type":"rect","xposition":"NaN","yposition":"NaN","width":"NaN","height":"NaN","shapeStyle":2},"labelManager":{"labels":[{"type":"textLabel","@id":27,"inputText":"2","labelStyle":4,"shape":null,"layoutText":null}],"mainLabel":27},"properties":{},"orientationAtVertex":"FREE","reference":null}],"properties":{},"reference":null}],"properties":{},"reference":"device"},{"@id":28,"shape":{"type":"rect","xposition":"NaN","yposition":"NaN","width":"NaN","height":"NaN","shapeStyle":2},"labelManager":{"labels":[{"type":"textLabel","@id":29,"inputText":"Maximilian","labelStyle":4,"shape":null,"layoutText":null}],"mainLabel":29},"portCompositions":[{"type":"portGroup","@id":30,"ordered":false,"portCompositions":[{"type":"port","@id":31,"shape":{"type":"rect","xposition":"NaN","yposition":"NaN","width":"NaN","height":"NaN","shapeStyle":2},"labelManager":{"labels":[{"type":"textLabel","@id":32,"inputText":"1","labelStyle":4,"shape":null,"layoutText":null}],"mainLabel":32},"properties":{},"orientationAtVertex":"FREE","reference":null},{"type":"port","@id":33,"shape":{"type":"rect","xposition":"NaN","yposition":"NaN","width":"NaN","height":"NaN","shapeStyle":2},"labelManager":{"labels":[{"type":"textLabel","@id":34,"inputText":"2","labelStyle":4,"shape":null,"layoutText":null}],"mainLabel":34},"properties":{},"orientationAtVertex":"FREE","reference":null}],"properties":{},"reference":null}],"properties":{},"reference":"plug"},{"@id":35,"shape":{"type":"rect","xposition":"NaN","yposition":"NaN","width":"NaN","height":"NaN","shapeStyle":2},"labelManager":{"labels":[{"type":"textLabel","@id":36,"inputText":"Jonathan","labelStyle":4,"shape":null,"layoutText":null}],"mainLabel":36},"portCompositions":[{"type":"port","@id":37,"shape":{"type":"rect","xposition":"NaN","yposition":"NaN","width":"NaN","height":"NaN","shapeStyle":2},"labelManager":{"labels":[{"type":"textLabel","@id":38,"inputText":"1","labelStyle":4,"shape":null,"layoutText":null}],"mainLabel":38},"properties":{},"orientationAtVertex":"FREE","reference":null}],"properties":{},"reference":"splice"},{"@id":39,"shape":{"type":"rect","xposition":"NaN","yposition":"NaN","width":"NaN","height":"NaN","shapeStyle":2},"labelManager":{"labels":[{"type":"textLabel","@id":40,"inputText":"Jakob","labelStyle":4,"shape":null,"layoutText":null}],"mainLabel":40},"portCompositions":[{"type":"port","@id":41,"shape":{"type":"rect","xposition":"NaN","yposition":"NaN","width":"NaN","height":"NaN","shapeStyle":2},"labelManager":{"labels":[{"type":"textLabel","@id":42,"inputText":"1","labelStyle":4,"shape":null,"layoutText":null}],"mainLabel":42},"properties":{},"orientationAtVertex":"FREE","reference":null}],"properties":{},"reference":"splice"},{"@id":43,"shape":{"type":"rect","xposition":"NaN","yposition":"NaN","width":"NaN","height":"NaN","shapeStyle":2},"labelManager":{"labels":[{"type":"textLabel","@id":44,"inputText":"Leon","labelStyle":4,"shape":null,"layoutText":null}],"mainLabel":44},"portCompositions":[{"type":"port","@id":45,"shape":{"type":"rect","xposition":"NaN","yposition":"NaN","width":"NaN","height":"NaN","shapeStyle":2},"labelManager":{"labels":[{"type":"textLabel","@id":46,"inputText":"1","labelStyle":4,"shape":null,"layoutText":null}],"mainLabel":46},"properties":{},"orientationAtVertex":"FREE","reference":null}],"properties":{},"reference":"splice"},{"@id":47,"shape":{"type":"rect","xposition":"NaN","yposition":"NaN","width":"NaN","height":"NaN","shapeStyle":2},"labelManager":{"labels":[{"type":"textLabel","@id":48,"inputText":"Julian","labelStyle":4,"shape":null,"layoutText":null}],"mainLabel":48},"portCompositions":[{"type":"port","@id":49,"shape":{"type":"rect","xposition":"NaN","yposition":"NaN","width":"NaN","height":"NaN","shapeStyle":2},"labelManager":{"labels":[{"type":"textLabel","@id":50,"inputText":"1","labelStyle":4,"shape":null,"layoutText":null}],"mainLabel":50},"properties":{},"orientationAtVertex":"FREE","reference":null}],"properties":{},"reference":"splice"},{"@id":51,"shape":{"type":"rect","xposition":"NaN","yposition":"NaN","width":"NaN","height":"NaN","shapeStyle":2},"labelManager":{"labels":[{"type":"textLabel","@id":52,"inputText":"Alexander","labelStyle":4,"shape":null,"layoutText":null}],"mainLabel":52},"portCompositions":[{"type":"portGroup","@id":53,"ordered":false,"portCompositions":[{"type":"port","@id":54,"shape":{"type":"rect","xposition":"NaN","yposition":"NaN","width":"NaN","height":"NaN","shapeStyle":2},"labelManager":{"labels":[{"type":"textLabel","@id":55,"inputText":"1","labelStyle":4,"shape":null,"layoutText":null}],"mainLabel":55},"properties":{},"orientationAtVertex":"FREE","reference":null}],"properties":{},"reference":null}],"properties":{},"reference":"device"},{"@id":56,"shape":{"type":"rect","xposition":"NaN","yposition":"NaN","width":"NaN","height":"NaN","shapeStyle":2},"labelManager":{"labels":[{"type":"textLabel","@id":57,"inputText":"Emil","labelStyle":4,"shape":null,"layoutText":null}],"mainLabel":57},"portCompositions":[{"type":"portGroup","@id":58,"ordered":false,"portCompositions":[{"type":"port","@id":59,"shape":{"type":"rect","xposition":"NaN","yposition":"NaN","width":"NaN","height":"NaN","shapeStyle":2},"labelManager":{"labels":[{"type":"textLabel","@id":60,"inputText":"1","labelStyle":4,"shape":null,"layoutText":null}],"mainLabel":60},"properties":{},"orientationAtVertex":"FREE","reference":null}],"properties":{},"reference":null}],"properties":{},"reference":"plug"},{"@id":61,"shape":{"type":"rect","xposition":"NaN","yposition":"NaN","width":"NaN","height":"NaN","shapeStyle":2},"labelManager":{"labels":[{"type":"textLabel","@id":62,"inputText":"David","labelStyle":4,"shape":null,"layoutText":null}],"mainLabel":62},"portCompositions":[{"type":"portGroup","@id":63,"ordered":false,"portCompositions":[{"type":"port","@id":64,"shape":{"type":"rect","xposition":"NaN","yposition":"NaN","width":"NaN","height":"NaN","shapeStyle":2},"labelManager":{"labels":[{"type":"textLabel","@id":65,"inputText":"1","labelStyle":4,"shape":null,"layoutText":null}],"mainLabel":65},"properties":{},"orientationAtVertex":"FREE","reference":null},{"type":"port","@id":66,"shape":{"type":"rect","xposition":"NaN","yposition":"NaN","width":"NaN","height":"NaN","shapeStyle":9},"labelManager":{"labels":[{"type":"textLabel","@id":67,"inputText":"2","labelStyle":11,"shape":null,"layoutText":null}],"mainLabel":67},"properties":{},"orientationAtVertex":"FREE","reference":null}],"properties":{},"reference":null}],"properties":{},"reference":"device"},{"@id":68,"shape":{"type":"rect","xposition":"NaN","yposition":"NaN","width":"NaN","height":"NaN","shapeStyle":2},"labelManager":{"labels":[{"type":"textLabel","@id":69,"inputText":"Luca","labelStyle":4,"shape":null,"layoutText":null}],"mainLabel":69},"portCompositions":[{"type":"portGroup","@id":70,"ordered":false,"portCompositions":[{"type":"port","@id":71,"shape":{"type":"rect","xposition":"NaN","yposition":"NaN","width":"NaN","height":"NaN","shapeStyle":2},"labelManager":{"labels":[{"type":"textLabel","@id":72,"inputText":"1","labelStyle":4,"shape":null,"layoutText":null}],"mainLabel":72},"properties":{},"orientationAtVertex":"FREE","reference":null}],"properties":{},"reference":null}],"properties":{},"reference":"plug"},{"@id":73,"shape":null,"labelManager":{"labels":[{"type":"textLabel","@id":74,"inputText":"Jonas","labelStyle":11,"shape":null,"layoutText":null}],"mainLabel":74},"portCompositions":[{"type":"portGroup","@id":75,"ordered":false,"portCompositions":[{"type":"port","@id":76,"shape":{"type":"rect","xposition":"NaN","yposition":"NaN","width":"NaN","height":"NaN","shapeStyle":9},"labelManager":{"labels":[{"type":"textLabel","@id":77,"inputText":"1","labelStyle":11,"shape":null,"layoutText":null}],"mainLabel":77},"properties":{},"orientationAtVertex":"FREE","reference":null}],"properties":{},"reference":null}],"properties":{},"reference":null},{"@id":78,"shape":null,"labelManager":{"labels":[{"type":"textLabel","@id":79,"inputText":"Anton","labelStyle":11,"shape":null,"layoutText":null}],"mainLabel":79},"portCompositions":[{"type":"portGroup","@id":80,"ordered":false,"portCompositions":[{"type":"port","@id":81,"shape":{"type":"rect","xposition":"NaN","yposition":"NaN","width":"NaN","height":"NaN","shapeStyle":9},"labelManager":{"labels":[{"type":"textLabel","@id":82,"inputText":"1","labelStyle":11,"shape":null,"layoutText":null}],"mainLabel":82},"properties":{},"orientationAtVertex":"FREE","reference":null}],"properties":{},"reference":null}],"properties":{},"reference":null},{"@id":83,"shape":null,"labelManager":{"labels":[{"type":"textLabel","@id":84,"inputText":"Noah","labelStyle":11,"shape":null,"layoutText":null}],"mainLabel":84},"portCompositions":[{"type":"portGroup","@id":85,"ordered":false,"portCompositions":[{"type":"port","@id":86,"shape":{"type":"rect","xposition":"NaN","yposition":"NaN","width":"NaN","height":"NaN","shapeStyle":9},"labelManager":{"labels":[{"type":"textLabel","@id":87,"inputText":"1","labelStyle":11,"shape":null,"layoutText":null}],"mainLabel":87},"properties":{},"orientationAtVertex":"FREE","reference":null}],"properties":{},"reference":null}],"properties":{},"reference":null},{"@id":88,"shape":null,"labelManager":{"labels":[{"type":"textLabel","@id":89,"inputText":"Lukas","labelStyle":11,"shape":null,"layoutText":null}],"mainLabel":89},"portCompositions":[{"type":"portGroup","@id":90,"ordered":false,"portCompositions":[{"type":"port","@id":91,"shape":{"type":"rect","xposition":"NaN","yposition":"NaN","width":"NaN","height":"NaN","shapeStyle":9},"labelManager":{"labels":[{"type":"textLabel","@id":92,"inputText":"1","labelStyle":11,"shape":null,"layoutText":null}],"mainLabel":92},"properties":{},"orientationAtVertex":"FREE","reference":null}],"properties":{},"reference":null}],"properties":{},"reference":null},{"@id":93,"shape":null,"labelManager":{"labels":[{"type":"textLabel","@id":94,"inputText":"Paul","labelStyle":11,"shape":null,"layoutText":null}],"mainLabel":94},"portCompositions":[{"type":"portGroup","@id":95,"ordered":false,"portCompositions":[{"type":"port","@id":96,"shape":{"type":"rect","xposition":"NaN","yposition":"NaN","width":"NaN","height":"NaN","shapeStyle":9},"labelManager":{"labels":[{"type":"textLabel","@id":97,"inputText":"1","labelStyle":11,"shape":null,"layoutText":null}],"mainLabel":97},"properties":{},"orientationAtVertex":"FREE","reference":null}],"properties":{},"reference":null}],"properties":{},"reference":null},{"@id":98,"shape":null,"labelManager":{"labels":[{"type":"textLabel","@id":99,"inputText":"Anton","labelStyle":11,"shape":null,"layoutText":null}],"mainLabel":99},"portCompositions":[{"type":"portGroup","@id":100,"ordered":false,"portCompositions":[{"type":"port","@id":101,"shape":{"type":"rect","xposition":"NaN","yposition":"NaN","width":"NaN","height":"NaN","shapeStyle":9},"labelManager":{"labels":[{"type":"textLabel","@id":102,"inputText":"1","labelStyle":11,"shape":null,"layoutText":null}],"mainLabel":102},"properties":{},"orientationAtVertex":"FREE","reference":null}],"properties":{},"reference":null}],"properties":{},"reference":null},{"@id":103,"shape":null,"labelManager":{"labels":[{"type":"textLabel","@id":104,"inputText":"Emil","labelStyle":11,"shape":null,"layoutText":null}],"mainLabel":104},"portCompositions":[{"type":"portGroup","@id":105,"ordered":false,"portCompositions":[{"type":"port","@id":106,"shape":{"type":"rect","xposition":"NaN","yposition":"NaN","width":"NaN","height":"NaN","shapeStyle":9},"labelManager":{"labels":[{"type":"textLabel","@id":107,"inputText":"1","labelStyle":11,"shape":null,"layoutText":null}],"mainLabel":107},"properties":{},"orientationAtVertex":"FREE","reference":null}],"properties":{},"reference":null}],"properties":{},"reference":null},{"@id":108,"shape":null,"labelManager":{"labels":[{"type":"textLabel","@id":109,"inputText":"Jonathan","labelStyle":11,"shape":null,"layoutText":null}],"mainLabel":109},"portCompositions":[{"type":"portGroup","@id":110,"ordered":false,"portCompositions":[{"type":"port","@id":111,"shape":{"type":"rect","xposition":"NaN","yposition":"NaN","width":"NaN","height":"NaN","shapeStyle":9},"labelManager":{"labels":[{"type":"textLabel","@id":112,"inputText":"1","labelStyle":11,"shape":null,"layoutText":null}],"mainLabel":112},"properties":{},"orientationAtVertex":"FREE","reference":null}],"properties":{},"reference":null}],"properties":{},"reference":null},{"@id":113,"shape":null,"labelManager":{"labels":[{"type":"textLabel","@id":114,"inputText":"Jakob","labelStyle":11,"shape":null,"layoutText":null}],"mainLabel":114},"portCompositions":[{"type":"portGroup","@id":115,"ordered":false,"portCompositions":[{"type":"port","@id":116,"shape":{"type":"rect","xposition":"NaN","yposition":"NaN","width":"NaN","height":"NaN","shapeStyle":9},"labelManager":{"labels":[{"type":"textLabel","@id":117,"inputText":"1","labelStyle":11,"shape":null,"layoutText":null}],"mainLabel":117},"properties":{},"orientationAtVertex":"FREE","reference":null}],"properties":{},"reference":null}],"properties":{},"reference":null},{"@id":118,"shape":null,"labelManager":{"labels":[{"type":"textLabel","@id":119,"inputText":"Paul","labelStyle":11,"shape":null,"layoutText":null}],"mainLabel":119},"portCompositions":[{"type":"portGroup","@id":120,"ordered":false,"portCompositions":[{"type":"port","@id":121,"shape":{"type":"rect","xposition":"NaN","yposition":"NaN","width":"NaN","height":"NaN","shapeStyle":9},"labelManager":{"labels":[{"type":"textLabel","@id":122,"inputText":"1","labelStyle":11,"shape":null,"layoutText":null}],"mainLabel":122},"properties":{},"orientationAtVertex":"FREE","reference":null}],"properties":{},"reference":null}],"properties":{},"reference":null},{"@id":123,"shape":null,"labelManager":{"labels":[{"type":"textLabel","@id":124,"inputText":"Jan","labelStyle":11,"shape":null,"layoutText":null}],"mainLabel":124},"portCompositions":[{"type":"portGroup","@id":125,"ordered":false,"portCompositions":[{"type":"port","@id":126,"shape":{"type":"rect","xposition":"NaN","yposition":"NaN","width":"NaN","height":"NaN","shapeStyle":9},"labelManager":{"labels":[{"type":"textLabel","@id":127,"inputText":"2","labelStyle":11,"shape":null,"layoutText":null}],"mainLabel":127},"properties":{},"orientationAtVertex":"FREE","reference":null}],"properties":{},"reference":null}],"properties":{},"reference":null}],"vertexGroups":[{"@id":128,"drawnFrame":false,"labelManager":{"labels":[],"mainLabel":null},"shape":null,"containedVertices":[1,12,118],"containedVertexGroups":[],"touchingPairs":[{"vertex0":1,"horizontalPlacementVertex0":"FREE","verticalPlacementVertex0":"TOP","vertex1":12,"horizontalPlacementVertex1":"FREE","verticalPlacementVertex1":"FREE"},{"vertex0":1,"horizontalPlacementVertex0":"FREE","verticalPlacementVertex0":"FREE","vertex1":118,"horizontalPlacementVertex1":"FREE","verticalPlacementVertex1":"FREE"}],"portPairings":[{"port0":6,"port1":15},{"port0":8,"port1":121}],"properties":{},"reference":null},{"@id":129,"drawnFrame":false,"labelManager":{"labels":[],"mainLabel":null},"shape":null,"containedVertices":[21,28],"containedVertexGroups":[],"touchingPairs":[{"vertex0":21,"horizontalPlacementVertex0":"FREE","verticalPlacementVertex0":"TOP","vertex1":28,"horizontalPlacementVertex1":"FREE","verticalPlacementVertex1":"FREE"}],"portPairings":[{"port0":26,"port1":33},{"port0":24,"port1":31}],"properties":{},"reference":null},{"@id":130,"drawnFrame":false,"labelManager":{"labels":[],"mainLabel":null},"shape":null,"containedVertices":[51,56],"containedVertexGroups":[],"touchingPairs":[{"vertex0":51,"horizontalPlacementVertex0":"FREE","verticalPlacementVertex0":"TOP","vertex1":56,"horizontalPlacementVertex1":"FREE","verticalPlacementVertex1":"FREE"}],"portPairings":[{"port0":54,"port1":59}],"properties":{},"reference":null},{"@id":131,"drawnFrame":false,"labelManager":{"labels":[],"mainLabel":null},"shape":null,"containedVertices":[61,68,123],"containedVertexGroups":[],"touchingPairs":[{"vertex0":61,"horizontalPlacementVertex0":"FREE","verticalPlacementVertex0":"TOP","vertex1":68,"horizontalPlacementVertex1":"FREE","verticalPlacementVertex1":"FREE"},{"vertex0":61,"horizontalPlacementVertex0":"FREE","verticalPlacementVertex0":"FREE","vertex1":123,"horizontalPlacementVertex1":"FREE","verticalPlacementVertex1":"FREE"}],"portPairings":[{"port0":64,"port1":71},{"port0":66,"port1":126}],"properties":{},"reference":null},{"@id":132,"drawnFrame":false,"labelManager":{"labels":[],"mainLabel":null},"shape":null,"containedVertices":[78,83],"containedVertexGroups":[],"touchingPairs":[{"vertex0":78,"horizontalPlacementVertex0":"FREE","verticalPlacementVertex0":"FREE","vertex1":83,"horizontalPlacementVertex1":"FREE","verticalPlacementVertex1":"FREE"}],"portPairings":[{"port0":81,"port1":86}],"properties":{},"reference":null},{"@id":133,"drawnFrame":false,"labelManager":{"labels":[],"mainLabel":null},"shape":null,"containedVertices":[88,93],"containedVertexGroups":[],"touchingPairs":[{"vertex0":88,"horizontalPlacementVertex0":"FREE","verticalPlacementVertex0":"FREE","vertex1":93,"horizontalPlacementVertex1":"FREE","verticalPlacementVertex1":"FREE"}],"portPairings":[{"port0":91,"port1":96}],"properties":{},"reference":null},{"@id":134,"drawnFrame":false,"labelManager":{"labels":[],"mainLabel":null},"shape":null,"containedVertices":[98,103],"containedVertexGroups":[],"touchingPairs":[{"vertex0":98,"horizontalPlacementVertex0":"FREE","verticalPlacementVertex0":"FREE","vertex1":103,"horizontalPlacementVertex1":"FREE","verticalPlacementVertex1":"FREE"}],"portPairings":[{"port0":101,"port1":106}],"properties":{},"reference":null},{"@id":135,"drawnFrame":false,"labelManager":{"labels":[],"mainLabel":null},"shape":null,"containedVertices":[108,113],"containedVertexGroups":[],"touchingPairs":[{"vertex0":108,"horizontalPlacementVertex0":"FREE","verticalPlacementVertex0":"FREE","vertex1":113,"horizontalPlacementVertex1":"FREE","verticalPlacementVertex1":"FREE"}],"portPairings":[{"port0":111,"port1":116}],"properties":{},"reference":null}],"edges":[{"@id":136,"ports":[41,15],"labelManager":{"innerLabels":[{"type":"textLabel","@id":137,"inputText":"Philipp","labelStyle":4,"shape":null,"layoutText":null}],"allPortLabels":[],"mainLabel":137},"pathStyle":{"@id":138,"description":"default path style","thickness":-1.0,"color":{"argb":"ff000000"}},"paths":[],"properties":{},"reference":null},{"@id":139,"ports":[31,49],"labelManager":{"innerLabels":[{"type":"textLabel","@id":140,"inputText":"Leonard","labelStyle":4,"shape":null,"layoutText":null}],"allPortLabels":[],"mainLabel":140},"pathStyle":138,"paths":[],"properties":{},"reference":null},{"@id":141,"ports":[59,45],"labelManager":{"innerLabels":[{"type":"textLabel","@id":142,"inputText":"Moritz","labelStyle":4,"shape":null,"layoutText":null}],"allPortLabels":[],"mainLabel":142},"pathStyle":138,"paths":[],"properties":{},"reference":null},{"@id":143,"ports":[45,71],"labelManager":{"innerLabels":[{"type":"textLabel","@id":144,"inputText":"Julius","labelStyle":4,"shape":null,"layoutText":null}],"allPortLabels":[],"mainLabel":144},"pathStyle":138,"paths":[],"properties":{},"reference":null},{"@id":145,"ports":[91,121],"labelManager":{"innerLabels":[{"type":"textLabel","@id":146,"inputText":"Max","labelStyle":11,"shape":null,"layoutText":null}],"allPortLabels":[],"mainLabel":146},"pathStyle":{"@id":147,"description":"default path style","thickness":-1.0,"color":{"argb":"ff000000"}},"paths":[],"properties":{},"reference":null},{"@id":148,"ports":[76,86],"labelManager":{"innerLabels":[{"type":"textLabel","@id":149,"inputText":"Leo","labelStyle":11,"shape":null,"layoutText":null}],"allPortLabels":[],"mainLabel":149},"pathStyle":147,"paths":[],"properties":{},"reference":null},{"@id":150,"ports":[81,126],"labelManager":{"innerLabels":[{"type":"textLabel","@id":151,"inputText":"Louis","labelStyle":11,"shape":null,"layoutText":null}],"allPortLabels":[],"mainLabel":151},"pathStyle":147,"paths":[],"properties":{},"reference":null},{"@id":152,"ports":[106,116],"labelManager":{"innerLabels":[{"type":"textLabel","@id":153,"inputText":"Tom","labelStyle":11,"shape":null,"layoutText":null}],"allPortLabels":[],"mainLabel":153},"pathStyle":147,"paths":[],"properties":{},"reference":null},{"@id":154,"ports":[96,76],"labelManager":{"innerLabels":[{"type":"textLabel","@id":155,"inputText":"Finn","labelStyle":11,"shape":null,"layoutText":null}],"allPortLabels":[],"mainLabel":155},"pathStyle":147,"paths":[],"properties":{},"reference":null},{"@id":156,"ports":[91,101],"labelManager":{"innerLabels":[{"type":"textLabel","@id":157,"inputText":"Benjamin","labelStyle":11,"shape":null,"layoutText":null}],"allPortLabels":[],"mainLabel":157},"pathStyle":147,"paths":[],"properties":{},"reference":null},{"@id":158,"ports":[37,33],"labelManager":{"innerLabels":[{"type":"textLabel","@id":159,"inputText":"Finn","labelStyle":11,"shape":null,"layoutText":null}],"allPortLabels":[],"mainLabel":159},"pathStyle":147,"paths":[],"properties":{},"reference":null},{"@id":160,"ports":[37,19],"labelManager":{"innerLabels":[{"type":"textLabel","@id":161,"inputText":"Benjamin","labelStyle":11,"shape":null,"layoutText":null}],"allPortLabels":[],"mainLabel":161},"pathStyle":147,"paths":[],"properties":{},"reference":null},{"@id":162,"ports":[111,37],"labelManager":{"innerLabels":[{"type":"textLabel","@id":163,"inputText":"Leonard","labelStyle":11,"shape":null,"layoutText":null}],"allPortLabels":[],"mainLabel":163},"pathStyle":147,"paths":[],"properties":{},"reference":null}],"edgeBundles":[]}