{"vertices":[{"@id":1,"shape":{"type":"rect","xposition":"NaN","yposition":"NaN","width":"NaN","height":"NaN","shapeStyle":{"@id":2,"description":"default shape style","color":{"argb":"ff000000"}}},"labelManager":{"labels":[{"type":"textLabel","@id":3,"inputText":"Leonard","labelStyle":{"@id":4,"description":"default text label style","font":{"fontName":"SansSerif.plain","style":0,"size":10},"noBreak":false,"color":{"argb":"ff000000"},"showLabel":true,"placement":"FREE","horizontalPlacement":"FREE","verticalPlacement":"FREE"},"shape":null,"layoutText":null}],"mainLabel":3},"portCompositions":[{"type":"port","@id":5,"shape":{"type":"rect","xposition":"NaN","yposition":"NaN","width":"NaN","height":"NaN","shapeStyle":2},"labelManager":{"labels":[{"type":"textLabel","@id":6,"inputText":"1","labelStyle":4,"shape":null,"layoutText":null}],"mainLabel":6},"properties":{},"orientationAtVertex":"FREE","reference":null}],"properties":{},"reference":"splice"},{"@id":7,"shape":{"type":"rect","xposition":"NaN","yposition":"NaN","width":"NaN","height":"NaN","shapeStyle":2},"labelManager":{"labels":[{"type":"textLabel","@id":8,"inputText":"Johannes","labelStyle":4,"shape":null,"layoutText":null}],"mainLabel":8},"portCompositions":[{"type":"portGroup","@id":9,"ordered":false,"portCompositions":[{"type":"port","@id":10,"shape":{"type":"rect","xposition":"NaN","yposition":"NaN","width":"NaN","height":"NaN","shapeStyle":2},"labelManager":{"labels":[{"type":"textLabel","@id":11,"inputText":"3","labelStyle":4,"shape":null,"layoutText":null}],"mainLabel":11},"properties":{},"orientationAtVertex":"FREE","reference":null},{"type":"port","@id":12,"shape":{"type":"rect","xposition":"NaN","yposition":"NaN","width":"NaN","height":"NaN","shapeStyle":2},"labelManager":{"labels":[{"type":"textLabel","@id":13,"inputText":"1","labelStyle":4,"shape":null,"layoutText":null}],"mainLabel":13},"properties":{},"orientationAtVertex":"FREE","reference":null},{"type":"port","@id":14,"shape":{"type":"rect","xposition":"NaN","yposition":"NaN","width":"NaN","height":"NaN","shapeStyle":2},"labelManager":{"labels":[{"type":"textLabel","@id":15,"inputText":"2","labelStyle":4,"shape":null,"layoutText":null}],"mainLabel":15},"properties":{},"orientationAtVertex":"FREE","reference":null}],"properties":{},"reference":null}],"properties":{},"reference":"plug"},{"@id":16,"shape":{"type":"rect","xposition":"NaN","yposition":"NaN","width":"NaN","height":"NaN","shapeStyle":2},"labelManager":{"labels":[{"type":"textLabel","@id":17,"inputText":"Moritz","labelStyle":4,"shape":null,"layoutText":null}],"mainLabel":17},"portCompositions":[{"type":"portGroup","@id":18,"ordered":false,"portCompositions":[{"type":"port","@id":19,"shape":{"type":"rect","xposition":"NaN","yposition":"NaN","width":"NaN","height":"NaN","shapeStyle":2},"labelManager":{"labels":[{"type":"textLabel","@id":20,"inputText":"3","labelStyle":4,"shape":null,"layoutText":null}],"mainLabel":20},"properties":{},"orientationAtVertex":"FREE","reference":null},{"type":"port","@id":21,"shape":{"type":"rect","xposition":"NaN","yposition":"NaN","width":"NaN","height":"NaN","shapeStyle":2},"labelManager":{"labels":[{"type":"textLabel","@id":22,"inputText":"1","labelStyle":4,"shape":null,"layoutText":null}],"mainLabel":22},"properties":{},"orientationAtVertex":"FREE","reference":null},{"type":"port","@id":23,"shape":{"type":"rect","xposition":"NaN","yposition":"NaN","width":"NaN","height":"NaN","shapeStyle":2},"labelManager":{"labels":[{"type":"textLabel","@id":24,"inputText":"2","labelStyle":4,"shape":null,"layoutText":null}],"mainLabel":24},"properties":{},"orientationAtVertex":"FREE","reference":null}],"properties":{},"reference":null}],"properties":{},"reference":"plug"},{"@id":25,"shape":{"type":"rect","xposition":"NaN","yposition":"NaN","width":"NaN","height":"NaN","shapeStyle":2},"labelManager":{"labels":[{"type":"textLabel","@id":26,"inputText":"Luis","labelStyle":4,"shape":null,"layoutText":null}],"mainLabel":26},"portCompositions":[{"type":"portGroup","@id":27,"ordered":false,"portCompositions":[{"type":"port","@id":28,"shape":{"type":"rect","xposition":"NaN","yposition":"NaN","width":"NaN","height":"NaN","shapeStyle":2},"labelManager":{"labels":[{"type":"textLabel","@id":29,"inputText":"2","labelStyle":4,"shape":null,"layoutText":null}],"mainLabel":29},"properties":{},"orientationAtVertex":"FREE","reference":null},{"type":"port","@id":30,"shape":{"type":"rect","xposition":"NaN","yposition":"NaN","width":"NaN","height":"NaN","shapeStyle":{"@id":31,"description":"default shape style","color":{"argb":"ff000000"}}},"labelManager":{"labels":[{"type":"textLabel","@id":32,"inputText":"1","labelStyle":{"@id":33,"description":"default text label style","font":{"fontName":"SansSerif.plain","style":0,"size":10},"noBreak":false,"color":{"argb":"ff000000"},"showLabel":true,"placement":"FREE","horizontalPlacement":"FREE","verticalPlacement":"FREE"},"shape":null,"layoutText":null}],"mainLabel":32},"properties":{},"orientationAtVertex":"FREE","reference":null}],"properties":{},"reference":null}],"properties":{},"reference":"plug"},{"@id":34,"shape":{"type":"rect","xposition":"NaN","yposition":"NaN","width":"NaN","height":"NaN","shapeStyle":2},"labelManager":{"labels":[{"type":"textLabel","@id":35,"inputText":"Oskar","labelStyle":4,"shape":null,"layoutText":null}],"mainLabel":35},"portCompositions":[{"type":"portGroup","@id":36,"ordered":false,"portCompositions":[{"type":"port","@id":37,"shape":{"type":"rect","xposition":"NaN","yposition":"NaN","width":"NaN","height":"NaN","shapeStyle":2},"labelManager":{"labels":[{"type":"textLabel","@id":38,"inputText":"2","labelStyle":4,"shape":null,"layoutText":null}],"mainLabel":38},"properties":{},"orientationAtVertex":"FREE","reference":null},{"type":"port","@id":39,"shape":{"type":"rect","xposition":"NaN","yposition":"NaN","width":"NaN","height":"NaN","shapeStyle":31},"labelManager":{"labels":[{"type":"textLabel","@id":40,"inputText":"1","labelStyle":33,"shape":null,"layoutText":null}],"mainLabel":40},"properties":{},"orientationAtVertex":"FREE","reference":null}],"properties":{},"reference":null}],"properties":{},"reference":"plug"},{"@id":41,"shape":{"type":"rect","xposition":"NaN","yposition":"NaN","width":"NaN","height":"NaN","shapeStyle":2},"labelManager":{"labels":[{"type":"textLabel","@id":42,"inputText":"Tim","labelStyle":4,"shape":null,"layoutText":null}],"mainLabel":42},"portCompositions":[{"type":"portGroup","@id":43,"ordered":false,"portCompositions":[{"type":"port","@id":44,"shape":{"type":"rect","xposition":"NaN","yposition":"NaN","width":"NaN","height":"NaN","shapeStyle":2},"labelManager":{"labels":[{"type":"textLabel","@id":45,"inputText":"2","labelStyle":4,"shape":null,"layoutText":null}],"mainLabel":45},"properties":{},"orientationAtVertex":"FREE","reference":null},{"type":"port","@id":46,"shape":{"type":"rect","xposition":"NaN","yposition":"NaN","width":"NaN","height":"NaN","shapeStyle":31},"labelManager":{"labels":[{"type":"textLabel","@id":47,"inputText":"1","labelStyle":33,"shape":null,"layoutText":null}],"mainLabel":47},"properties":{},"orientationAtVertex":"FREE","reference":null},{"type":"port","@id":48,"shape":{"type":"rect","xposition":"NaN","yposition":"NaN","width":"NaN","height":"NaN","shapeStyle":31},"labelManager":{"labels":[{"type":"textLabel","@id":49,"inputText":"3","labelStyle":33,"shape":null,"layoutText":null}],"mainLabel":49},"properties":{},"orientationAtVertex":"FREE","reference":null}],"properties":{},"reference":null}],"properties":{},"reference":"plug"},{"@id":50,"shape":{"type":"rect","xposition":"NaN","yposition":"NaN","width":"NaN","height":"NaN","shapeStyle":2},"labelManager":{"labels":[{"type":"textLabel","@id":51,"inputText":"Finn","labelStyle":4,"shape":null,"layoutText":null}],"mainLabel":51},"portCompositions":[{"type":"portGroup","@id":52,"ordered":false,"portCompositions":[{"type":"port","@id":53,"shape":{"type":"rect","xposition":"NaN","yposition":"NaN","width":"NaN","height":"NaN","shapeStyle":2},"labelManager":{"labels":[{"type":"textLabel","@id":54,"inputText":"2","labelStyle":4,"shape":null,"layoutText":null}],"mainLabel":54},"properties":{},"orientationAtVertex":"FREE","reference":null},{"type":"port","@id":55,"shape":{"type":"rect","xposition":"NaN","yposition":"NaN","width":"NaN","height":"NaN","shapeStyle":31},"labelManager":{"labels":[{"type":"textLabel","@id":56,"inputText":"1","labelStyle":33,"shape":null,"layoutText":null}],"mainLabel":56},"properties":{},"orientationAtVertex":"FREE","reference":null},{"type":"port","@id":57,"shape":{"type":"rect","xposition":"NaN","yposition":"NaN","width":"NaN","height":"NaN","shapeStyle":31},"labelManager":{"labels":[{"type":"textLabel","@id":58,"inputText":"3","labelStyle":33,"shape":null,"layoutText":null}],"mainLabel":58},"properties":{},"orientationAtVertex":"FREE","reference":null}],"properties":{},"reference":null}],"properties":{},"reference":"plug"},{"@id":59,"shape":{"type":"rect","xposition":"NaN","yposition":"NaN","width":"NaN","height":"NaN","shapeStyle":2},"labelManager":{"labels":[{"type":"textLabel","@id":60,"inputText":"Lukas","labelStyle":4,"shape":null,"layoutText":null}],"mainLabel":60},"portCompositions":[{"type":"port","@id":61,"shape":{"type":"rect","xposition":"NaN","yposition":"NaN","width":"NaN","height":"NaN","shapeStyle":2},"labelManager":{"labels":[{"type":"textLabel","@id":62,"inputText":"1","labelStyle":4,"shape":null,"layoutText":null}],"mainLabel":62},"properties":{},"orientationAtVertex":"FREE","reference":null}],"properties":{},"reference":"splice"},{"@id":63,"shape":{"type":"rect","xposition":"NaN","yposition":"NaN","width":"NaN","height":"NaN","shapeStyle":2},"labelManager":{"labels":[{"type":"textLabel","@id":64,"inputText":"Elias","labelStyle":4,"shape":null,"layoutText":null}],"mainLabel":64},"portCompositions":[{"type":"portGroup","@id":65,"ordered":false,"portCompositions":[{"type":"port","@id":66,"shape":{"type":"rect","xposition":"NaN","yposition":"NaN","width":"NaN","height":"NaN","shapeStyle":2},"labelManager":{"labels":[{"type":"textLabel","@id":67,"inputText":"1","labelStyle":4,"shape":null,"layoutText":null}],"mainLabel":67},"properties":{},"orientationAtVertex":"FREE","reference":null},{"type":"port","@id":68,"shape":{"type":"rect","xposition":"NaN","yposition":"NaN","width":"NaN","height":"NaN","shapeStyle":31},"labelManager":{"labels":[{"type":"textLabel","@id":69,"inputText":"2","labelStyle":33,"shape":null,"layoutText":null}],"mainLabel":69},"properties":{},"orientationAtVertex":"FREE","reference":null},{"type":"port","@id":70,"shape":{"type":"rect","xposition":"NaN","yposition":"NaN","width":"NaN","height":"NaN","shapeStyle":31},"labelManager":{"labels":[{"type":"textLabel","@id":71,"inputText":"3","labelStyle":33,"shape":null,"layoutText":null}],"mainLabel":71},"properties":{},"orientationAtVertex":"FREE","reference":null}],"properties":{},"reference":null}],"properties":{},"reference":"device"},{"@id":72,"shape":{"type":"rect","xposition":"NaN","yposition":"NaN","width":"NaN","height":"NaN","shapeStyle":2},"labelManager":{"labels":[{"type":"textLabel","@id":73,"inputText":"Paul","labelStyle":4,"shape":null,"layoutText":null}],"mainLabel":73},"portCompositions":[{"type":"portGroup","@id":74,"ordered":false,"portCompositions":[{"type":"port","@id":75,"shape":{"type":"rect","xposition":"NaN","yposition":"NaN","width":"NaN","height":"NaN","shapeStyle":2},"labelManager":{"labels":[{"type":"textLabel","@id":76,"inputText":"1","labelStyle":4,"shape":null,"layoutText":null}],"mainLabel":76},"properties":{},"orientationAtVertex":"FREE","reference":null},{"type":"port","@id":77,"shape":{"type":"rect","xposition":"NaN","yposition":"NaN","width":"NaN","height":"NaN","shapeStyle":31},"labelManager":{"labels":[{"type":"textLabel","@id":78,"inputText":"2","labelStyle":33,"shape":null,"layoutText":null}],"mainLabel":78},"properties":{},"orientationAtVertex":"FREE","reference":null},{"type":"port","@id":79,"shape":{"type":"rect","xposition":"NaN","yposition":"NaN","width":"NaN","height":"NaN","shapeStyle":31},"labelManager":{"labels":[{"type":"textLabel","@id":80,"inputText":"3","labelStyle":33,"shape":null,"layoutText":null}],"mainLabel":80},"properties":{},"orientationAtVertex":"FREE","reference":null}],"properties":{},"reference":null}],"properties":{},"reference":"plug"},{"@id":81,"shape":{"type":"rect","xposition":"NaN","yposition":"NaN","width":"NaN","height":"NaN","shapeStyle":2},"labelManager":{"labels":[{"type":"textLabel","@id":82,"inputText":"Anton","labelStyle":4,"shape":null,"layoutText":null}],"mainLabel":82},"portCompositions":[{"type":"port","@id":83,"shape":{"type":"rect","xposition":"NaN","yposition":"NaN","width":"NaN","height":"NaN","shapeStyle":2},"labelManager":{"labels":[{"type":"textLabel","@id":84,"inputText":"1","labelStyle":4,"shape":null,"layoutText":null}],"mainLabel":84},"properties":{},"orientationAtVertex":"FREE","reference":null}],"properties":{},"reference":"splice"},{"@id":85,"shape":{"type":"rect","xposition":"NaN","yposition":"NaN","width":"NaN","height":"NaN","shapeStyle":2},"labelManager":{"labels":[{"type":"textLabel","@id":86,"inputText":"Leon","labelStyle":4,"shape":null,"layoutText":null}],"mainLabel":86},"portCompositions":[{"type":"port","@id":87,"shape":{"type":"rect","xposition":"NaN","yposition":"NaN","width":"NaN","height":"NaN","shapeStyle":2},"labelManager":{"labels":[{"type":"textLabel","@id":88,"inputText":"1","labelStyle":4,"shape":null,"layoutText":null}],"mainLabel":88},"properties":{},"orientationAtVertex":"FREE","reference":null}],"properties":{},"reference":"splice"},{"@id":89,"shape":{"type":"rect","xposition":"NaN","yposition":"NaN","width":"NaN","height":"NaN","shapeStyle":2},"labelManager":{"labels":[{"type":"textLabel","@id":90,"inputText":"Alexander","labelStyle":4,"shape":null,"layoutText":null}],"mainLabel":90},"portCompositions":[{"type":"portGroup","@id":91,"ordered":false,"portCompositions":[{"type":"port","@id":92,"shape":{"type":"rect","xposition":"NaN","yposition":"NaN","width":"NaN","height":"NaN","shapeStyle":2},"labelManager":{"labels":[{"type":"textLabel","@id":93,"inputText":"2","labelStyle":4,"shape":null,"layoutText":null}],"mainLabel":93},"properties":{},"orientationAtVertex":"FREE","reference":null},{"type":"port","@id":94,"shape":{"type":"rect","xposition":"NaN","yposition":"NaN","width":"NaN","height":"NaN","shapeStyle":31},"labelManager":{"labels":[{"type":"textLabel","@id":95,"inputText":"1","labelStyle":33,"shape":null,"layoutText":null}],"mainLabel":95},"properties":{},"orientationAtVertex":"FREE","reference":null}],"properties":{},"reference":null}],"properties":{},"reference":"plug"},{"@id":96,"shape":{"type":"rect","xposition":"NaN","yposition":"NaN","width":"NaN","height":"NaN","shapeStyle":2},"labelManager":{"labels":[{"type":"textLabel","@id":97,"inputText":"Philipp","labelStyle":4,"shape":null,"layoutText":null}],"mainLabel":97},"portCompositions":[{"type":"portGroup","@id":98,"ordered":false,"portCompositions":[{"type":"port","@id":99,"shape":{"type":"rect","xposition":"NaN","yposition":"NaN","width":"NaN","height":"NaN","shapeStyle":2},"labelManager":{"labels":[{"type":"textLabel","@id":100,"inputText":"2","labelStyle":4,"shape":null,"layoutText":null}],"mainLabel":100},"properties":{},"orientationAtVertex":"FREE","reference":null},{"type":"port","@id":101,"shape":{"type":"rect","xposition":"NaN","yposition":"NaN","width":"NaN","height":"NaN","shapeStyle":31},"labelManager":{"labels":[{"type":"textLabel","@id":102,"inputText":"1","labelStyle":33,"shape":null,"layoutText":null}],"mainLabel":102},"properties":{},"orientationAtVertex":"FREE","reference":null}],"properties":{},"reference":null}],"properties":{},"reference":"plug"},{"@id":103,"shape":{"type":"rect","xposition":"NaN","yposition":"NaN","width":"NaN","height":"NaN","shapeStyle":2},"labelManager":{"labels":[{"type":"textLabel","@id":104,"inputText":"Henri","labelStyle":4,"shape":null,"layoutText":null}],"mainLabel":104},"portCompositions":[{"type":"portGroup","@id":105,"ordered":false,"portCompositions":[{"type":"port","@id":106,"shape":{"type":"rect","xposition":"NaN","yposition":"NaN","width":"NaN","height":"NaN","shapeStyle":2},"labelManager":{"labels":[{"type":"textLabel","@id":107,"inputText":"1","labelStyle":4,"shape":null,"layoutText":null}],"mainLabel":107},"properties":{},"orientationAtVertex":"FREE","reference":null}],"properties":{},"reference":null}],"properties":{},"reference":"plug"},{"@id":108,"shape":{"type":"rect","xposition":"NaN","yposition":"NaN","width":"NaN","height":"NaN","shapeStyle":2},"labelManager":{"labels":[{"type":"textLabel","@id":109,"inputText":"Louis","labelStyle":4,"shape":null,"layoutText":null}],"mainLabel":109},"portCompositions":[{"type":"portGroup","@id":110,"ordered":false,"portCompositions":[{"type":"port","@id":111,"shape":{"type":"rect","xposition":"NaN","yposition":"NaN","width":"NaN","height":"NaN","shapeStyle":2},"labelManager":{"labels":[{"type":"textLabel","@id":112,"inputText":"1","labelStyle":4,"shape":null,"layoutText":null}],"mainLabel":112},"properties":{},"orientationAtVertex":"FREE","reference":null}],"properties":{},"reference":null}],"properties":{},"reference":"plug"},{"@id":113,"shape":{"type":"rect","xposition":"NaN","yposition":"NaN","width":"NaN","height":"NaN","shapeStyle":2},"labelManager":{"labels":[{"type":"textLabel","@id":114,"inputText":"Jonathan","labelStyle":4,"shape":null,"layoutText":null}],"mainLabel":114},"portCompositions":[{"type":"portGroup","@id":115,"ordered":false,"portCompositions":[{"type":"port","@id":116,"shape":{"type":"rect","xposition":"NaN","yposition":"NaN","width":"NaN","height":"NaN","shapeStyle":2},"labelManager":{"labels":[{"type":"textLabel","@id":117,"inputText":"1","labelStyle":4,"shape":null,"layoutText":null}],"mainLabel":117},"properties":{},"orientationAtVertex":"FREE","reference":null},{"type":"port","@id":118,"shape":{"type":"rect","xposition":"NaN","yposition":"NaN","width":"NaN","height":"NaN","shapeStyle":2},"labelManager":{"labels":[{"type":"textLabel","@id":119,"inputText":"2","labelStyle":4,"shape":null,"layoutText":null}],"mainLabel":119},"properties":{},"orientationAtVertex":"FREE","reference":null}],"properties":{},"reference":null}],"properties":{},"reference":"device"},{"@id":120,"shape":{"type":"rect","xposition":"NaN","yposition":"NaN","width":"NaN","height":"NaN","shapeStyle":2},"labelManager":{"labels":[{"type":"textLabel","@id":121,"inputText":"Jakob","labelStyle":4,"shape":null,"layoutText":null}],"mainLabel":121},"portCompositions":[{"type":"portGroup","@id":122,"ordered":false,"portCompositions":[{"type":"port","@id":123,"shape":{"type":"rect","xposition":"NaN","yposition":"NaN","width":"NaN","height":"NaN","shapeStyle":2},"labelManager":{"labels":[{"type":"textLabel","@id":124,"inputText":"1","labelStyle":4,"shape":null,"layoutText":null}],"mainLabel":124},"properties":{},"orientationAtVertex":"FREE","reference":null},{"type":"port","@id":125,"shape":{"type":"rect","xposition":"NaN","yposition":"NaN","width":"NaN","height":"NaN","shapeStyle":2},"labelManager":{"labels":[{"type":"textLabel","@id":126,"inputText":"2","labelStyle":4,"shape":null,"layoutText":null}],"mainLabel":126},"properties":{},"orientationAtVertex":"FREE","reference":null}],"properties":{},"reference":null}],"properties":{},"reference":"plug"},{"@id":127,"shape":{"type":"rect","xposition":"NaN","yposition":"NaN","width":"NaN","height":"NaN","shapeStyle":2},"labelManager":{"labels":[{"type":"textLabel","@id":128,"inputText":"Samuel","labelStyle":4,"shape":null,"layoutText":null}],"mainLabel":128},"portCompositions":[{"type":"port","@id":129,"shape":{"type":"rect","xposition":"NaN","yposition":"NaN","width":"NaN","height":"NaN","shapeStyle":2},"labelManager":{"labels":[{"type":"textLabel","@id":130,"inputText":"1","labelStyle":4,"shape":null,"layoutText":null}],"mainLabel":130},"properties":{},"orientationAtVertex":"FREE","reference":null}],"properties":{},"reference":"splice"},{"@id":131,"shape":{"type":"rect","xposition":"NaN","yposition":"NaN","width":"NaN","height":"NaN","shapeStyle":2},"labelManager":{"labels":[{"type":"textLabel","@id":132,"inputText":"Benjamin","labelStyle":4,"shape":null,"layoutText":null}],"mainLabel":132},"portCompositions":[{"type":"portGroup","@id":133,"ordered":false,"portCompositions":[{"type":"port","@id":134,"shape":{"type":"rect","xposition":"NaN","yposition":"NaN","width":"NaN","height":"NaN","shapeStyle":2},"labelManager":{"labels":[{"type":"textLabel","@id":135,"inputText":"1","labelStyle":4,"shape":null,"layoutText":null}],"mainLabel":135},"properties":{},"orientationAtVertex":"FREE","reference":null},{"type":"port","@id":136,"shape":{"type":"rect","xposition":"NaN","yposition":"NaN","width":"NaN","height":"NaN","shapeStyle":31},"labelManager":{"labels":[{"type":"textLabel","@id":137,"inputText":"2","labelStyle":33,"shape":null,"layoutText":null}],"mainLabel":137},"properties":{},"orientationAtVertex":"FREE","reference":null}],"properties":{},"reference":null}],"properties":{},"reference":"device"},{"@id":138,"shape":{"type":"rect","xposition":"NaN","yposition":"NaN","width":"NaN","height":"NaN","shapeStyle":2},"labelManager":{"labels":[{"type":"textLabel","@id":139,"inputText":"Luca","labelStyle":4,"shape":null,"layoutText":null}],"mainLabel":139},"portCompositions":[{"type":"portGroup","@id":140,"ordered":false,"portCompositions":[{"type":"port","@id":141,"shape":{"type":"rect","xposition":"NaN","yposition":"NaN","width":"NaN","height":"NaN","shapeStyle":2},"labelManager":{"labels":[{"type":"textLabel","@id":142,"inputText":"1","labelStyle":4,"shape":null,"layoutText":null}],"mainLabel":142},"properties":{},"orientationAtVertex":"FREE","reference":null},{"type":"port","@id":143,"shape":{"type":"rect","xposition":"NaN","yposition":"NaN","width":"NaN","height":"NaN","shapeStyle":31},"labelManager":{"labels":[{"type":"textLabel","@id":144,"inputText":"2","labelStyle":33,"shape":null,"layoutText":null}],"mainLabel":144},"properties":{},"orientationAtVertex":"FREE","reference":null}],"properties":{},"reference":null}],"properties":{},"reference":"plug"},{"@id":145,"shape":{"type":"rect","xposition":"NaN","yposition":"NaN","width":"NaN","height":"NaN","shapeStyle":2},"labelManager":{"labels":[{"type":"textLabel","@id":146,"inputText":"Leo","labelStyle":4,"shape":null,"layoutText":null}],"mainLabel":146},"portCompositions":[{"type":"portGroup","@id":147,"ordered":false,"portCompositions":[{"type":"port","@id":148,"shape":{"type":"rect","xposition":"NaN","yposition":"NaN","width":"NaN","height":"NaN","shapeStyle":2},"labelManager":{"labels":[{"type":"textLabel","@id":149,"inputText":"1","labelStyle":4,"shape":null,"layoutText":null}],"mainLabel":149},"properties":{},"orientationAtVertex":"FREE","reference":null}],"properties":{},"reference":null}],"properties":{},"reference":"plug"},{"@id":150,"shape":{"type":"rect","xposition":"NaN","yposition":"NaN","width":"NaN","height":"NaN","shapeStyle":2},"labelManager":{"labels":[{"type":"textLabel","@id":151,"inputText":"Mats","labelStyle":4,"shape":null,"layoutText":null}],"mainLabel":151},"portCompositions":[{"type":"portGroup","@id":152,"ordered":false,"portCompositions":[{"type":"port","@id":153,"shape":{"type":"rect","xposition":"NaN","yposition":"NaN","width":"NaN","height":"NaN","shapeStyle":2},"labelManager":{"labels":[{"type":"textLabel","@id":154,"inputText":"1","labelStyle":4,"shape":null,"layoutText":null}],"mainLabel":154},"properties":{},"orientationAtVertex":"FREE","reference":null}],"properties":{},"reference":null}],"properties":{},"reference":"plug"},{"@id":155,"shape":{"type":"rect","xposition":"NaN","yposition":"NaN","width":"NaN","height":"NaN","shapeStyle":2},"labelManager":{"labels":[{"type":"textLabel","@id":156,"inputText":"Jonas","labelStyle":4,"shape":null,"layoutText":null}],"mainLabel":156},"portCompositions":[{"type":"port","@id":157,"shape":{"type":"rect","xposition":"NaN","yposition":"NaN","width":"NaN","height":"NaN","shapeStyle":2},"labelManager":{"labels":[{"type":"textLabel","@id":158,"inputText":"1","labelStyle":4,"shape":null,"layoutText":null}],"mainLabel":158},"properties":{},"orientationAtVertex":"FREE","reference":null}],"properties":{},"reference":"splice"},{"@id":159,"shape":{"type":"rect","xposition":"NaN","yposition":"NaN","width":"NaN","height":"NaN","shapeStyle":2},"labelManager":{"labels":[{"type":"textLabel","@id":160,"inputText":"Julius","labelStyle":4,"shape":null,"layoutText":null}],"mainLabel":160},"portCompositions":[{"type":"portGroup","@id":161,"ordered":false,"portCompositions":[{"type":"port","@id":162,"shape":{"type":"rect","xposition":"NaN","yposition":"NaN","width":"NaN","height":"NaN","shapeStyle":2},"labelManager":{"labels":[{"type":"textLabel","@id":163,"inputText":"1","labelStyle":4,"shape":null,"layoutText":null}],"mainLabel":163},"properties":{},"orientationAtVertex":"FREE","reference":null},{"type":"port","@id":164,"shape":{"type":"rect","xposition":"NaN","yposition":"NaN","width":"NaN","height":"NaN","shapeStyle":31},"labelManager":{"labels":[{"type":"textLabel","@id":165,"inputText":"3","labelStyle":33,"shape":null,"layoutText":null}],"mainLabel":165},"properties":{},"orientationAtVertex":"FREE","reference":null},{"type":"port","@id":166,"shape":{"type":"rect","xposition":"NaN","yposition":"NaN","width":"NaN","height":"NaN","shapeStyle":31},"labelManager":{"labels":[{"type":"textLabel","@id":167,"inputText":"4","labelStyle":33,"shape":null,"layoutText":null}],"mainLabel":167},"properties":{},"orientationAtVertex":"FREE","reference":null},{"type":"port","@id":168,"shape":{"type":"rect","xposition":"NaN","yposition":"NaN","width":"NaN","height":"NaN","shapeStyle":31},"labelManager":{"labels":[{"type":"textLabel","@id":169,"inputText":"2","labelStyle":33,"shape":null,"layoutText":null}],"mainLabel":169},"properties":{},"orientationAtVertex":"FREE","reference":null}],"properties":{},"reference":null}],"properties":{},"reference":"device"},{"@id":170,"shape":{"type":"rect","xposition":"NaN","yposition":"NaN","width":"NaN","height":"NaN","shapeStyle":2},"labelManager":{"labels":[{"type":"textLabel","@id":171,"inputText":"Felix","labelStyle":4,"shape":null,"layoutText":null}],"mainLabel":171},"portCompositions":[{"type":"portGroup","@id":172,"ordered":false,"portCompositions":[{"type":"port","@id":173,"shape":{"type":"rect","xposition":"NaN","yposition":"NaN","width":"NaN","height":"NaN","shapeStyle":2},"labelManager":{"labels":[{"type":"textLabel","@id":174,"inputText":"1","labelStyle":4,"shape":null,"layoutText":null}],"mainLabel":174},"properties":{},"orientationAtVertex":"FREE","reference":null},{"type":"port","@id":175,"shape":{"type":"rect","xposition":"NaN","yposition":"NaN","width":"NaN","height":"NaN","shapeStyle":31},"labelManager":{"labels":[{"type":"textLabel","@id":176,"inputText":"3","labelStyle":33,"shape":null,"layoutText":null}],"mainLabel":176},"properties":{},"orientationAtVertex":"FREE","reference":null},{"type":"port","@id":177,"shape":{"type":"rect","xposition":"NaN","yposition":"NaN","width":"NaN","height":"NaN","shapeStyle":31},"labelManager":{"labels":[{"type":"textLabel","@id":178,"inputText":"4","labelStyle":33,"shape":null,"layoutText":null}],"mainLabel":178},"properties":{},"orientationAtVertex":"FREE","reference":null},{"type":"port","@id":179,"shape":{"type":"rect","xposition":"NaN","yposition":"NaN","width":"NaN","height":"NaN","shapeStyle":31},"labelManager":{"labels":[{"type":"textLabel","@id":180,"inputText":"2","labelStyle":33,"shape":null,"layoutText":null}],"mainLabel":180},"properties":{},"orientationAtVertex":"FREE","reference":null}],"properties":{},"reference":null}],"properties":{},"reference":"plug"},{"@id":181,"shape":null,"labelManager":{"labels":[{"type":"textLabel","@id":182,"inputText":"Maximilian","labelStyle":33,"shape":null,"layoutText":null}],"mainLabel":182},"portCompositions":[{"type":"portGroup","@id":183,"ordered":false,"portCompositions":[{"type":"port","@id":184,"shape":{"type":"rect","xposition":"NaN","yposition":"NaN","width":"NaN","height":"NaN","shapeStyle":31},"labelManager":{"labels":[{"type":"textLabel","@id":185,"inputText":"1","labelStyle":33,"shape":null,"layoutText":null}],"mainLabel":185},"properties":{},"orientationAtVertex":"FREE","reference":null}],"properties":{},"reference":null}],"properties":{},"reference":null},{"@id":186,"shape":null,"labelManager":{"labels":[{"type":"textLabel","@id":187,"inputText":"Emil","labelStyle":33,"shape":null,"layoutText":null}],"mainLabel":187},"portCompositions":[{"type":"portGroup","@id":188,"ordered":false,"portCompositions":[{"type":"port","@id":189,"shape":{"type":"rect","xposition":"NaN","yposition":"NaN","width":"NaN","height":"NaN","shapeStyle":31},"labelManager":{"labels":[{"type":"textLabel","@id":190,"inputText":"1","labelStyle":33,"shape":null,"layoutText":null}],"mainLabel":190},"properties":{},"orientationAtVertex":"FREE","reference":null}],"properties":{},"reference":null}],"properties":{},"reference":null},{"@id":191,"shape":null,"labelManager":{"labels":[{"type":"textLabel","@id":192,"inputText":"Jan","labelStyle":33,"shape":null,"layoutText":null}],"mainLabel":192},"portCompositions":[{"type":"portGroup","@id":193,"ordered":false,"portCompositions":[{"type":"port","@id":194,"shape":{"type":"rect","xposition":"NaN","yposition":"NaN","width":"NaN","height":"NaN","shapeStyle":31},"labelManager":{"labels":[{"type":"textLabel","@id":195,"inputText":"1","labelStyle":33,"shape":null,"layoutText":null}],"mainLabel":195},"properties":{},"orientationAtVertex":"FREE","reference":null}],"properties":{},"reference":null}],"properties":{},"reference":null},{"@id":196,"shape":null,"labelManager":{"labels":[{"type":"textLabel","@id":197,"inputText":"Max","labelStyle":33,"shape":null,"layoutText":null}],"mainLabel":197},"portCompositions":[{"type":"portGroup","@id":198,"ordered":false,"portCompositions":[{"type":"port","@id":199,"shape":{"type":"rect","xposition":"NaN","yposition":"NaN","width":"NaN","height":"NaN","shapeStyle":31},"labelManager":{"labels":[{"type":"textLabel","@id":200,"inputText":"1","labelStyle":33,"shape":null,"layoutText":null}],"mainLabel":200},"properties":{},"orientationAtVertex":"FREE","reference":null}],"properties":{},"reference":null}],"properties":{},"reference":null}],"vertexGroups":[{"@id":201,"drawnFrame":false,"labelManager":{"labels":[],"mainLabel":null},"shape":null,"containedVertices":[7,16],"containedVertexGroups":[],"touchingPairs":[{"vertex0":7,"horizontalPlacementVertex0":"FREE","verticalPlacementVertex0":"TOP","vertex1":16,"horizontalPlacementVertex1":"FREE","verticalPlacementVertex1":"FREE"}],"portPairings":[{"port0":14,"port1":23},{"port0":12,"port1":21},{"port0":10,"port1":19}],"properties":{},"reference":null},{"@id":202,"drawnFrame":false,"labelManager":{"labels":[],"mainLabel":null},"shape":null,"containedVertices":[25,34],"containedVertexGroups":[],"touchingPairs":[{"vertex0":25,"horizontalPlacementVertex0":"FREE","verticalPlacementVertex0":"TOP","vertex1":34,"horizontalPlacementVertex1":"FREE","verticalPlacementVertex1":"FREE"}],"portPairings":[{"port0":28,"port1":37},{"port0":30,"port1":39}],"properties":{},"reference":null},{"@id":203,"drawnFrame":false,"labelManager":{"labels":[],"mainLabel":null},"shape":null,"containedVertices":[41,50],"containedVertexGroups":[],"touchingPairs":[{"vertex0":41,"horizontalPlacementVertex0":"FREE","verticalPlacementVertex0":"TOP","vertex1":50,"horizontalPlacementVertex1":"FREE","verticalPlacementVertex1":"FREE"}],"portPairings":[{"port0":44,"port1":53},{"port0":46,"port1":55},{"port0":48,"port1":57}],"properties":{},"reference":null},{"@id":204,"drawnFrame":false,"labelManager":{"labels":[],"mainLabel":null},"shape":null,"containedVertices":[63,72],"containedVertexGroups":[],"touchingPairs":[{"vertex0":63,"horizontalPlacementVertex0":"FREE","verticalPlacementVertex0":"TOP","vertex1":72,"horizontalPlacementVertex1":"FREE","verticalPlacementVertex1":"FREE"}],"portPairings":[{"port0":66,"port1":75},{"port0":68,"port1":77},{"port0":70,"port1":79}],"properties":{},"reference":null},{"@id":205,"drawnFrame":false,"labelManager":{"labels":[],"mainLabel":null},"shape":null,"containedVertices":[89,96],"containedVertexGroups":[],"touchingPairs":[{"vertex0":89,"horizontalPlacementVertex0":"FREE","verticalPlacementVertex0":"TOP","vertex1":96,"horizontalPlacementVertex1":"FREE","verticalPlacementVertex1":"FREE"}],"portPairings":[{"port0":92,"port1":99},{"port0":94,"port1":101}],"properties":{},"reference":null},{"@id":206,"drawnFrame":false,"labelManager":{"labels":[],"mainLabel":null},"shape":null,"containedVertices":[103,108],"containedVertexGroups":[],"touchingPairs":[{"vertex0":103,"horizontalPlacementVertex0":"FREE","verticalPlacementVertex0":"TOP","vertex1":108,"horizontalPlacementVertex1":"FREE","verticalPlacementVertex1":"FREE"}],"portPairings":[{"port0":106,"port1":111}],"properties":{},"reference":null},{"@id":207,"drawnFrame":false,"labelManager":{"labels":[],"mainLabel":null},"shape":null,"containedVertices":[113,120],"containedVertexGroups":[],"touchingPairs":[{"vertex0":113,"horizontalPlacementVertex0":"FREE","verticalPlacementVertex0":"TOP","vertex1":120,"horizontalPlacementVertex1":"FREE","verticalPlacementVertex1":"FREE"}],"portPairings":[{"port0":116,"port1":123},{"port0":118,"port1":125}],"properties":{},"reference":null},{"@id":208,"drawnFrame":false,"labelManager":{"labels":[],"mainLabel":null},"shape":null,"containedVertices":[131,138],"containedVertexGroups":[],"touchingPairs":[{"vertex0":131,"horizontalPlacementVertex0":"FREE","verticalPlacementVertex0":"TOP","vertex1":138,"horizontalPlacementVertex1":"FREE","verticalPlacementVertex1":"FREE"}],"portPairings":[{"port0":134,"port1":141},{"port0":136,"port1":143}],"properties":{},"reference":null},{"@id":209,"drawnFrame":false,"labelManager":{"labels":[],"mainLabel":null},"shape":null,"containedVertices":[145,150],"containedVertexGroups":[],"touchingPairs":[{"vertex0":145,"horizontalPlacementVertex0":"FREE","verticalPlacementVertex0":"TOP","vertex1":150,"horizontalPlacementVertex1":"FREE","verticalPlacementVertex1":"FREE"}],"portPairings":[{"port0":148,"port1":153}],"properties":{},"reference":null},{"@id":210,"drawnFrame":false,"labelManager":{"labels":[],"mainLabel":null},"shape":null,"containedVertices":[159,170],"containedVertexGroups":[],"touchingPairs":[{"vertex0":159,"horizontalPlacementVertex0":"FREE","verticalPlacementVertex0":"TOP","vertex1":170,"horizontalPlacementVertex1":"FREE","verticalPlacementVertex1":"FREE"}],"portPairings":[{"port0":162,"port1":173},{"port0":164,"port1":175},{"port0":166,"port1":177},{"port0":168,"port1":179}],"properties":{},"reference":null},{"@id":211,"drawnFrame":false,"labelManager":{"labels":[],"mainLabel":null},"shape":null,"containedVertices":[181,186],"containedVertexGroups":[],"touchingPairs":[{"vertex0":181,"horizontalPlacementVertex0":"FREE","verticalPlacementVertex0":"FREE","vertex1":186,"horizontalPlacementVertex1":"FREE","verticalPlacementVertex1":"FREE"}],"portPairings":[{"port0":184,"port1":189}],"properties":{},"reference":null},{"@id":212,"drawnFrame":false,"labelManager":{"labels":[],"mainLabel":null},"shape":null,"containedVertices":[191,196],"containedVertexGroups":[],"touchingPairs":[{"vertex0":191,"horizontalPlacementVertex0":"FREE","verticalPlacementVertex0":"FREE","vertex1":196,"horizontalPlacementVertex1":"FREE","verticalPlacementVertex1":"FREE"}],"portPairings":[{"port0":194,"port1":199}],"properties":{},"reference":null}],"edges":[{"@id":213,"ports":[87,14],"labelManager":{"innerLabels":[{"type":"textLabel","@id":214,"inputText":"Frederik","labelStyle":4,"shape":null,"layoutText":null}],"allPortLabels":[],"mainLabel":214},"pathStyle":{"@id":215,"description":"default path style","thickness":-1.0,"color":{"argb":"ff000000"}},"paths":[],"properties":{},"reference":null},{"@id":216,"ports":[111,75,23,21,129,92],"labelManager":{"innerLabels":[{"type":"textLabel","@id":217,"inputText":"Mika","labelStyle":4,"shape":null,"layoutText":null}],"allPortLabels":[],"mainLabel":217},"pathStyle":215,"paths":[],"properties":{},"reference":null},{"@id":218,"ports":[75,19,157],"labelManager":{"innerLabels":[{"type":"textLabel","@id":219,"inputText":"Johann","labelStyle":4,"shape":null,"layoutText":null}],"allPortLabels":[],"mainLabel":219},"pathStyle":215,"paths":[],"properties":{},"reference":null},{"@id":220,"ports":[87,12],"labelManager":{"innerLabels":[{"type":"textLabel","@id":221,"inputText":"Levi","labelStyle":4,"shape":null,"layoutText":null}],"allPortLabels":[],"mainLabel":221},"pathStyle":215,"paths":[],"properties":{},"reference":null},{"@id":222,"ports":[5,10],"labelManager":{"innerLabels":[{"type":"textLabel","@id":223,"inputText":"Christian","labelStyle":4,"shape":null,"layoutText":null}],"allPortLabels":[],"mainLabel":223},"pathStyle":215,"paths":[],"properties":{},"reference":null},{"@id":224,"ports":[99,83],"labelManager":{"innerLabels":[{"type":"textLabel","@id":225,"inputText":"Theo","labelStyle":4,"shape":null,"layoutText":null}],"allPortLabels":[],"mainLabel":225},"pathStyle":215,"paths":[],"properties":{},"reference":null},{"@id":226,"ports":[141,123],"labelManager":{"innerLabels":[{"type":"textLabel","@id":227,"inputText":"Karl","labelStyle":4,"shape":null,"layoutText":null}],"allPortLabels":[],"mainLabel":227},"pathStyle":215,"paths":[],"properties":{},"reference":null},{"@id":228,"ports":[125,83],"labelManager":{"innerLabels":[{"type":"textLabel","@id":229,"inputText":"Niklas","labelStyle":4,"shape":null,"layoutText":null}],"allPortLabels":[],"mainLabel":229},"pathStyle":215,"paths":[],"properties":{},"reference":null},{"@id":230,"ports":[177,106],"labelManager":{"innerLabels":[{"type":"textLabel","@id":231,"inputText":"Michael","labelStyle":33,"shape":null,"layoutText":null}],"allPortLabels":[],"mainLabel":231},"pathStyle":{"@id":232,"description":"default path style","thickness":-1.0,"color":{"argb":"ff000000"}},"paths":[],"properties":{},"reference":null},{"@id":233,"ports":[57,189],"labelManager":{"innerLabels":[{"type":"textLabel","@id":234,"inputText":"Simon","labelStyle":33,"shape":null,"layoutText":null}],"allPortLabels":[],"mainLabel":234},"pathStyle":232,"paths":[],"properties":{},"reference":null},{"@id":235,"ports":[37,148],"labelManager":{"innerLabels":[{"type":"textLabel","@id":236,"inputText":"Peter","labelStyle":33,"shape":null,"layoutText":null}],"allPortLabels":[],"mainLabel":236},"pathStyle":232,"paths":[],"properties":{},"reference":null},{"@id":237,"ports":[30,44],"labelManager":{"innerLabels":[{"type":"textLabel","@id":238,"inputText":"Valentin","labelStyle":33,"shape":null,"layoutText":null}],"allPortLabels":[],"mainLabel":238},"pathStyle":232,"paths":[],"properties":{},"reference":null},{"@id":239,"ports":[48,199],"labelManager":{"innerLabels":[{"type":"textLabel","@id":240,"inputText":"Muhammed","labelStyle":33,"shape":null,"layoutText":null}],"allPortLabels":[],"mainLabel":240},"pathStyle":232,"paths":[],"properties":{},"reference":null},{"@id":241,"ports":[77,61],"labelManager":{"innerLabels":[{"type":"textLabel","@id":242,"inputText":"Joel","labelStyle":33,"shape":null,"layoutText":null}],"allPortLabels":[],"mainLabel":242},"pathStyle":232,"paths":[],"properties":{},"reference":null},{"@id":243,"ports":[101,55],"labelManager":{"innerLabels":[{"type":"textLabel","@id":244,"inputText":"Justus","labelStyle":33,"shape":null,"layoutText":null}],"allPortLabels":[],"mainLabel":244},"pathStyle":232,"paths":[],"properties":{},"reference":null},{"@id":245,"ports":[143,173,175],"labelManager":{"innerLabels":[{"type":"textLabel","@id":246,"inputText":"Florian","labelStyle":33,"shape":null,"layoutText":null}],"allPortLabels":[],"mainLabel":246},"pathStyle":232,"paths":[],"properties":{},"reference":null},{"@id":247,"ports":[79,39],"labelManager":{"innerLabels":[{"type":"textLabel","@id":248,"inputText":"Levi","labelStyle":33,"shape":null,"layoutText":null}],"allPortLabels":[],"mainLabel":248},"pathStyle":232,"paths":[],"properties":{},"reference":null},{"@id":249,"ports":[46,28],"labelManager":{"innerLabels":[{"type":"textLabel","@id":250,"inputText":"Karl","labelStyle":33,"shape":null,"layoutText":null}],"allPortLabels":[],"mainLabel":250},"pathStyle":232,"paths":[],"properties":{},"reference":null}],"edgeBundles":[]}