{"vertices":[{"@id":1,"shape":{"type":"rect","xposition":"NaN","yposition":"NaN","width":"NaN","height":"NaN","shapeStyle":{"@id":2,"description":"default shape style","color":{"argb":"ff000000"}}},"labelManager":{"labels":[{"type":"textLabel","@id":3,"inputText":"Oskar","labelStyle":{"@id":4,"description":"default text label style","font":{"fontName":"SansSerif.plain","style":0,"size":10},"noBreak":false,"color":{"argb":"ff000000"},"showLabel":true,"placement":"FREE","horizontalPlacement":"FREE","verticalPlacement":"FREE"},"shape":null,"layoutText":null}],"mainLabel":3},"portCompositions":[{"type":"portGroup","@id":5,"ordered":false,"portCompositions":[{"type":"port","@id":6,"shape":{"type":"rect","xposition":"NaN","yposition":"NaN","width":"NaN","height":"NaN","shapeStyle":2},"labelManager":{"labels":[{"type":"textLabel","@id":7,"inputText":"2","labelStyle":4,"shape":null,"layoutText":null}],"mainLabel":7},"properties":{},"orientationAtVertex":"FREE","reference":null},{"type":"port","@id":8,"shape":{"type":"rect","xposition":"NaN","yposition":"NaN","width":"NaN","height":"NaN","shapeStyle":2},"labelManager":{"labels":[{"type":"textLabel","@id":9,"inputText":"4","labelStyle":4,"shape":null,"layoutText":null}],"mainLabel":9},"properties":{},"orientationAtVertex":"FREE","reference":null},{"type":"port","@id":10,"shape":{"type":"rect","xposition":"NaN","yposition":"NaN","width":"NaN","height":"NaN","shapeStyle":2},"labelManager":{"labels":[{"type":"textLabel","@id":11,"inputText":"3","labelStyle":4,"shape":null,"layoutText":null}],"mainLabel":11},"properties":{},"orientationAtVertex":"FREE","reference":null},{"type":"port","@id":12,"shape":{"type":"rect","xposition":"NaN","yposition":"NaN","width":"NaN","height":"NaN","shapeStyle":2},"labelManager":{"labels":[{"type":"textLabel","@id":13,"inputText":"1","labelStyle":4,"shape":null,"layoutText":null}],"mainLabel":13},"properties":{},"orientationAtVertex":"FREE","reference":null},{"type":"port","@id":14,"shape":{"type":"rect","xposition":"NaN","yposition":"NaN","width":"NaN","height":"NaN","shapeStyle":2},"labelManager":{"labels":[{"type":"textLabel","@id":15,"inputText":"6","labelStyle":4,"shape":null,"layoutText":null}],"mainLabel":15},"properties":{},"orientationAtVertex":"FREE","reference":null},{"type":"port","@id":16,"shape":{"type":"rect","xposition":"NaN","yposition":"NaN","width":"NaN","height":"NaN","shapeStyle":{"@id":17,"description":"default shape style","color":{"argb":"ff000000"}}},"labelManager":{"labels":[{"type":"textLabel","@id":18,"inputText":"5","labelStyle":{"@id":19,"description":"default text label style","font":{"fontName":"SansSerif.plain","style":0,"size":10},"noBreak":false,"color":{"argb":"ff000000"},"showLabel":true,"placement":"FREE","horizontalPlacement":"FREE","verticalPlacement":"FREE"},"shape":null,"layoutText":null}],"mainLabel":18},"properties":{},"orientationAtVertex":"FREE","reference":null}],"properties":{},"reference":null}],"properties":{},"reference":"device"},{"@id":20,"shape":{"type":"rect","xposition":"NaN","yposition":"NaN","width":"NaN","height":"NaN","shapeStyle":2},"labelManager":{"labels":[{"type":"textLabel","@id":21,"inputText":"Jan","labelStyle":4,"shape":null,"layoutText":null}],"mainLabel":21},"portCompositions":[{"type":"portGroup","@id":22,"ordered":false,"portCompositions":[{"type":"port","@id":23,"shape":{"type":"rect","xposition":"NaN","yposition":"NaN","width":"NaN","height":"NaN","shapeStyle":2},"labelManager":{"labels":[{"type":"textLabel","@id":24,"inputText":"2","labelStyle":4,"shape":null,"layoutText":null}],"mainLabel":24},"properties":{},"orientationAtVertex":"FREE","reference":null},{"type":"port","@id":25,"shape":{"type":"rect","xposition":"NaN","yposition":"NaN","width":"NaN","height":"NaN","shapeStyle":2},"labelManager":{"labels":[{"type":"textLabel","@id":26,"inputText":"4","labelStyle":4,"shape":null,"layoutText":null}],"mainLabel":26},"properties":{},"orientationAtVertex":"FREE","reference":null},{"type":"port","@id":27,"shape":{"type":"rect","xposition":"NaN","yposition":"NaN","width":"NaN","height":"NaN","shapeStyle":2},"labelManager":{"labels":[{"type":"textLabel","@id":28,"inputText":"3","labelStyle":4,"shape":null,"layoutText":null}],"mainLabel":28},"properties":{},"orientationAtVertex":"FREE","reference":null},{"type":"port","@id":29,"shape":{"type":"rect","xposition":"NaN","yposition":"NaN","width":"NaN","height":"NaN","shapeStyle":2},"labelManager":{"labels":[{"type":"textLabel","@id":30,"inputText":"1","labelStyle":4,"shape":null,"layoutText":null}],"mainLabel":30},"properties":{},"orientationAtVertex":"FREE","reference":null},{"type":"port","@id":31,"shape":{"type":"rect","xposition":"NaN","yposition":"NaN","width":"NaN","height":"NaN","shapeStyle":2},"labelManager":{"labels":[{"type":"textLabel","@id":32,"inputText":"6","labelStyle":4,"shape":null,"layoutText":null}],"mainLabel":32},"properties":{},"orientationAtVertex":"FREE","reference":null},{"type":"port","@id":33,"shape":{"type":"rect","xposition":"NaN","yposition":"NaN","width":"NaN","height":"NaN","shapeStyle":17},"labelManager":{"labels":[{"type":"textLabel","@id":34,"inputText":"5","labelStyle":19,"shape":null,"layoutText":null}],"mainLabel":34},"properties":{},"orientationAtVertex":"FREE","reference":null}],"properties":{},"reference":null}],"properties":{},"reference":"plug"},{"@id":35,"shape":{"type":"rect","xposition":"NaN","yposition":"NaN","width":"NaN","height":"NaN","shapeStyle":2},"labelManager":{"labels":[{"type":"textLabel","@id":36,"inputText":"Louis","labelStyle":4,"shape":null,"layoutText":null}],"mainLabel":36},"portCompositions":[{"type":"port","@id":37,"shape":{"type":"rect","xposition":"NaN","yposition":"NaN","width":"NaN","height":"NaN","shapeStyle":2},"labelManager":{"labels":[{"type":"textLabel","@id":38,"inputText":"1","labelStyle":4,"shape":null,"layoutText":null}],"mainLabel":38},"properties":{},"orientationAtVertex":"FREE","reference":null}],"properties":{},"reference":"splice"},{"@id":39,"shape":{"type":"rect","xposition":"NaN","yposition":"NaN","width":"NaN","height":"NaN","shapeStyle":2},"labelManager":{"labels":[{"type":"textLabel","@id":40,"inputText":"Johannes","labelStyle":4,"shape":null,"layoutText":null}],"mainLabel":40},"portCompositions":[{"type":"portGroup","@id":41,"ordered":false,"portCompositions":[{"type":"port","@id":42,"shape":{"type":"rect","xposition":"NaN","yposition":"NaN","width":"NaN","height":"NaN","shapeStyle":2},"labelManager":{"labels":[{"type":"textLabel","@id":43,"inputText":"1","labelStyle":4,"shape":null,"layoutText":null}],"mainLabel":43},"properties":{},"orientationAtVertex":"FREE","reference":null},{"type":"port","@id":44,"shape":{"type":"rect","xposition":"NaN","yposition":"NaN","width":"NaN","height":"NaN","shapeStyle":2},"labelManager":{"labels":[{"type":"textLabel","@id":45,"inputText":"3","labelStyle":4,"shape":null,"layoutText":null}],"mainLabel":45},"properties":{},"orientationAtVertex":"FREE","reference":null},{"type":"port","@id":46,"shape":{"type":"rect","xposition":"NaN","yposition":"NaN","width":"NaN","height":"NaN","shapeStyle":17},"labelManager":{"labels":[{"type":"textLabel","@id":47,"inputText":"2","labelStyle":19,"shape":null,"layoutText":null}],"mainLabel":47},"properties":{},"orientationAtVertex":"FREE","reference":null}],"properties":{},"reference":null}],"properties":{},"reference":"device"},{"@id":48,"shape":{"type":"rect","xposition":"NaN","yposition":"NaN","width":"NaN","height":"NaN","shapeStyle":2},"labelManager":{"labels":[{"type":"textLabel","@id":49,"inputText":"Julius","labelStyle":4,"shape":null,"layoutText":null}],"mainLabel":49},"portCompositions":[{"type":"portGroup","@id":50,"ordered":false,"portCompositions":[{"type":"port","@id":51,"shape":{"type":"rect","xposition":"NaN","yposition":"NaN","width":"NaN","height":"NaN","shapeStyle":2},"labelManager":{"labels":[{"type":"textLabel","@id":52,"inputText":"1","labelStyle":4,"shape":null,"layoutText":null}],"mainLabel":52},"properties":{},"orientationAtVertex":"FREE","reference":null},{"type":"port","@id":53,"shape":{"type":"rect","xposition":"NaN","yposition":"NaN","width":"NaN","height":"NaN","shapeStyle":2},"labelManager":{"labels":[{"type":"textLabel","@id":54,"inputText":"3","labelStyle":4,"shape":null,"layoutText":null}],"mainLabel":54},"properties":{},"orientationAtVertex":"FREE","reference":null},{"type":"port","@id":55,"shape":{"type":"rect","xposition":"NaN","yposition":"NaN","width":"NaN","height":"NaN","shapeStyle":17},"labelManager":{"labels":[{"type":"textLabel","@id":56,"inputText":"2","labelStyle":19,"shape":null,"layoutText":null}],"mainLabel":56},"properties":{},"orientationAtVertex":"FREE","reference":null}],"properties":{},"reference":null}],"properties":{},"reference":"plug"},{"@id":57,"shape":{"type":"rect","xposition":"NaN","yposition":"NaN","width":"NaN","height":"NaN","shapeStyle":2},"labelManager":{"labels":[{"type":"textLabel","@id":58,"inputText":"Jakob","labelStyle":4,"shape":null,"layoutText":null}],"mainLabel":58},"portCompositions":[{"type":"port","@id":59,"shape":{"type":"rect","xposition":"NaN","yposition":"NaN","width":"NaN","height":"NaN","shapeStyle":2},"labelManager":{"labels":[{"type":"textLabel","@id":60,"inputText":"1","labelStyle":4,"shape":null,"layoutText":null}],"mainLabel":60},"properties":{},"orientationAtVertex":"FREE","reference":null}],"properties":{},"reference":"splice"},{"@id":61,"shape":{"type":"rect","xposition":"NaN","yposition":"NaN","width":"NaN","height":"NaN","shapeStyle":2},"labelManager":{"labels":[{"type":"textLabel","@id":62,"inputText":"Philipp","labelStyle":4,"shape":null,"layoutText":null}],"mainLabel":62},"portCompositions":[{"type":"portGroup","@id":63,"ordered":false,"portCompositions":[{"type":"port","@id":64,"shape":{"type":"rect","xposition":"NaN","yposition":"NaN","width":"NaN","height":"NaN","shapeStyle":2},"labelManager":{"labels":[{"type":"textLabel","@id":65,"inputText":"5","labelStyle":4,"shape":null,"layoutText":null}],"mainLabel":65},"properties":{},"orientationAtVertex":"FREE","reference":null},{"type":"port","@id":66,"shape":{"type":"rect","xposition":"NaN","yposition":"NaN","width":"NaN","height":"NaN","shapeStyle":2},"labelManager":{"labels":[{"type":"textLabel","@id":67,"inputText":"2","labelStyle":4,"shape":null,"layoutText":null}],"mainLabel":67},"properties":{},"orientationAtVertex":"FREE","reference":null},{"type":"port","@id":68,"shape":{"type":"rect","xposition":"NaN","yposition":"NaN","width":"NaN","height":"NaN","shapeStyle":2},"labelManager":{"labels":[{"type":"textLabel","@id":69,"inputText":"1","labelStyle":4,"shape":null,"layoutText":null}],"mainLabel":69},"properties":{},"orientationAtVertex":"FREE","reference":null},{"type":"port","@id":70,"shape":{"type":"rect","xposition":"NaN","yposition":"NaN","width":"NaN","height":"NaN","shapeStyle":17},"labelManager":{"labels":[{"type":"textLabel","@id":71,"inputText":"4","labelStyle":19,"shape":null,"layoutText":null}],"mainLabel":71},"properties":{},"orientationAtVertex":"FREE","reference":null},{"type":"port","@id":72,"shape":{"type":"rect","xposition":"NaN","yposition":"NaN","width":"NaN","height":"NaN","shapeStyle":17},"labelManager":{"labels":[{"type":"textLabel","@id":73,"inputText":"3","labelStyle":19,"shape":null,"layoutText":null}],"mainLabel":73},"properties":{},"orientationAtVertex":"FREE","reference":null}],"properties":{},"reference":null}],"properties":{},"reference":"device"},{"@id":74,"shape":{"type":"rect","xposition":"NaN","yposition":"NaN","width":"NaN","height":"NaN","shapeStyle":2},"labelManager":{"labels":[{"type":"textLabel","@id":75,"inputText":"Benjamin","labelStyle":4,"shape":null,"layoutText":null}],"mainLabel":75},"portCompositions":[{"type":"portGroup","@id":76,"ordered":false,"portCompositions":[{"type":"port","@id":77,"shape":{"type":"rect","xposition":"NaN","yposition":"NaN","width":"NaN","height":"NaN","shapeStyle":2},"labelManager":{"labels":[{"type":"textLabel","@id":78,"inputText":"5","labelStyle":4,"shape":null,"layoutText":null}],"mainLabel":78},"properties":{},"orientationAtVertex":"FREE","reference":null},{"type":"port","@id":79,"shape":{"type":"rect","xposition":"NaN","yposition":"NaN","width":"NaN","height":"NaN","shapeStyle":2},"labelManager":{"labels":[{"type":"textLabel","@id":80,"inputText":"2","labelStyle":4,"shape":null,"layoutText":null}],"mainLabel":80},"properties":{},"orientationAtVertex":"FREE","reference":null},{"type":"port","@id":81,"shape":{"type":"rect","xposition":"NaN","yposition":"NaN","width":"NaN","height":"NaN","shapeStyle":2},"labelManager":{"labels":[{"type":"textLabel","@id":82,"inputText":"1","labelStyle":4,"shape":null,"layoutText":null}],"mainLabel":82},"properties":{},"orientationAtVertex":"FREE","reference":null},{"type":"port","@id":83,"shape":{"type":"rect","xposition":"NaN","yposition":"NaN","width":"NaN","height":"NaN","shapeStyle":17},"labelManager":{"labels":[{"type":"textLabel","@id":84,"inputText":"4","labelStyle":19,"shape":null,"layoutText":null}],"mainLabel":84},"properties":{},"orientationAtVertex":"FREE","reference":null},{"type":"port","@id":85,"shape":{"type":"rect","xposition":"NaN","yposition":"NaN","width":"NaN","height":"NaN","shapeStyle":17},"labelManager":{"labels":[{"type":"textLabel","@id":86,"inputText":"3","labelStyle":19,"shape":null,"layoutText":null}],"mainLabel":86},"properties":{},"orientationAtVertex":"FREE","reference":null}],"properties":{},"reference":null}],"properties":{},"reference":"plug"},{"@id":87,"shape":{"type":"rect","xposition":"NaN","yposition":"NaN","width":"NaN","height":"NaN","shapeStyle":2},"labelManager":{"labels":[{"type":"textLabel","@id":88,"inputText":"Tom","labelStyle":4,"shape":null,"layoutText":null}],"mainLabel":88},"portCompositions":[{"type":"port","@id":89,"shape":{"type":"rect","xposition":"NaN","yposition":"NaN","width":"NaN","height":"NaN","shapeStyle":2},"labelManager":{"labels":[{"type":"textLabel","@id":90,"inputText":"1","labelStyle":4,"shape":null,"layoutText":null}],"mainLabel":90},"properties":{},"orientationAtVertex":"FREE","reference":null}],"properties":{},"reference":"splice"},{"@id":91,"shape":{"type":"rect","xposition":"NaN","yposition":"NaN","width":"NaN","height":"NaN","shapeStyle":2},"labelManager":{"labels":[{"type":"textLabel","@id":92,"inputText":"Leonard","labelStyle":4,"shape":null,"layoutText":null}],"mainLabel":92},"portCompositions":[{"type":"port","@id":93,"shape":{"type":"rect","xposition":"NaN","yposition":"NaN","width":"NaN","height":"NaN","shapeStyle":2},"labelManager":{"labels":[{"type":"textLabel","@id":94,"inputText":"1","labelStyle":4,"shape":null,"layoutText":null}],"mainLabel":94},"properties":{},"orientationAtVertex":"FREE","reference":null}],"properties":{},"reference":"splice"},{"@id":95,"shape":{"type":"rect","xposition":"NaN","yposition":"NaN","width":"NaN","height":"NaN","shapeStyle":2},"labelManager":{"labels":[{"type":"textLabel","@id":96,"inputText":"Ben","labelStyle":4,"shape":null,"layoutText":null}],"mainLabel":96},"portCompositions":[{"type":"portGroup","@id":97,"ordered":false,"portCompositions":[{"type":"port","@id":98,"shape":{"type":"rect","xposition":"NaN","yposition":"NaN","width":"NaN","height":"NaN","shapeStyle":2},"labelManager":{"labels":[{"type":"textLabel","@id":99,"inputText":"1","labelStyle":4,"shape":null,"layoutText":null}],"mainLabel":99},"properties":{},"orientationAtVertex":"FREE","reference":null},{"type":"port","@id":100,"shape":{"type":"rect","xposition":"NaN","yposition":"NaN","width":"NaN","height":"NaN","shapeStyle":2},"labelManager":{"labels":[{"type":"textLabel","@id":101,"inputText":"2","labelStyle":4,"shape":null,"layoutText":null}],"mainLabel":101},"properties":{},"orientationAtVertex":"FREE","reference":null},{"type":"port","@id":102,"shape":{"type":"rect","xposition":"NaN","yposition":"NaN","width":"NaN","height":"NaN","shapeStyle":2},"labelManager":{"labels":[{"type":"textLabel","@id":103,"inputText":"4","labelStyle":4,"shape":null,"layoutText":null}],"mainLabel":103},"properties":{},"orientationAtVertex":"FREE","reference":null},{"type":"port","@id":104,"shape":{"type":"rect","xposition":"NaN","yposition":"NaN","width":"NaN","height":"NaN","shapeStyle":2},"labelManager":{"labels":[{"type":"textLabel","@id":105,"inputText":"3","labelStyle":4,"shape":null,"layoutText":null}],"mainLabel":105},"properties":{},"orientationAtVertex":"FREE","reference":null}],"properties":{},"reference":null}],"properties":{},"reference":"device"},{"@id":106,"shape":{"type":"rect","xposition":"NaN","yposition":"NaN","width":"NaN","height":"NaN","shapeStyle":2},"labelManager":{"labels":[{"type":"textLabel","@id":107,"inputText":"Johann","labelStyle":4,"shape":null,"layoutText":null}],"mainLabel":107},"portCompositions":[{"type":"portGroup","@id":108,"ordered":false,"portCompositions":[{"type":"port","@id":109,"shape":{"type":"rect","xposition":"NaN","yposition":"NaN","width":"NaN","height":"NaN","shapeStyle":2},"labelManager":{"labels":[{"type":"textLabel","@id":110,"inputText":"1","labelStyle":4,"shape":null,"layoutText":null}],"mainLabel":110},"properties":{},"orientationAtVertex":"FREE","reference":null},{"type":"port","@id":111,"shape":{"type":"rect","xposition":"NaN","yposition":"NaN","width":"NaN","height":"NaN","shapeStyle":2},"labelManager":{"labels":[{"type":"textLabel","@id":112,"inputText":"2","labelStyle":4,"shape":null,"layoutText":null}],"mainLabel":112},"properties":{},"orientationAtVertex":"FREE","reference":null},{"type":"port","@id":113,"shape":{"type":"rect","xposition":"NaN","yposition":"NaN","width":"NaN","height":"NaN","shapeStyle":2},"labelManager":{"labels":[{"type":"textLabel","@id":114,"inputText":"4","labelStyle":4,"shape":null,"layoutText":null}],"mainLabel":114},"properties":{},"orientationAtVertex":"FREE","reference":null},{"type":"port","@id":115,"shape":{"type":"rect","xposition":"NaN","yposition":"NaN","width":"NaN","height":"NaN","shapeStyle":2},"labelManager":{"labels":[{"type":"textLabel","@id":116,"inputText":"3","labelStyle":4,"shape":null,"layoutText":null}],"mainLabel":116},"properties":{},"orientationAtVertex":"FREE","reference":null}],"properties":{},"reference":null}],"properties":{},"reference":"plug"},{"@id":117,"shape":{"type":"rect","xposition":"NaN","yposition":"NaN","width":"NaN","height":"NaN","shapeStyle":2},"labelManager":{"labels":[{"type":"textLabel","@id":118,"inputText":"Daniel","labelStyle":4,"shape":null,"layoutText":null}],"mainLabel":118},"portCompositions":[{"type":"port","@id":119,"shape":{"type":"rect","xposition":"NaN","yposition":"NaN","width":"NaN","height":"NaN","shapeStyle":2},"labelManager":{"labels":[{"type":"textLabel","@id":120,"inputText":"1","labelStyle":4,"shape":null,"layoutText":null}],"mainLabel":120},"properties":{},"orientationAtVertex":"FREE","reference":null}],"properties":{},"reference":"splice"},{"@id":121,"shape":{"type":"rect","xposition":"NaN","yposition":"NaN","width":"NaN","height":"NaN","shapeStyle":2},"labelManager":{"labels":[{"type":"textLabel","@id":122,"inputText":"Samuel","labelStyle":4,"shape":null,"layoutText":null}],"mainLabel":122},"portCompositions":[{"type":"port","@id":123,"shape":{"type":"rect","xposition":"NaN","yposition":"NaN","width":"NaN","height":"NaN","shapeStyle":2},"labelManager":{"labels":[{"type":"textLabel","@id":124,"inputText":"1","labelStyle":4,"shape":null,"layoutText":null}],"mainLabel":124},"properties":{},"orientationAtVertex":"FREE","reference":null}],"properties":{},"reference":"splice"},{"@id":125,"shape":{"type":"rect","xposition":"NaN","yposition":"NaN","width":"NaN","height":"NaN","shapeStyle":2},"labelManager":{"labels":[{"type":"textLabel","@id":126,"inputText":"Valentin","labelStyle":4,"shape":null,"layoutText":null}],"mainLabel":126},"portCompositions":[{"type":"port","@id":127,"shape":{"type":"rect","xposition":"NaN","yposition":"NaN","width":"NaN","height":"NaN","shapeStyle":2},"labelManager":{"labels":[{"type":"textLabel","@id":128,"inputText":"1","labelStyle":4,"shape":null,"layoutText":null}],"mainLabel":128},"properties":{},"orientationAtVertex":"FREE","reference":null}],"properties":{},"reference":"splice"},{"@id":129,"shape":{"type":"rect","xposition":"NaN","yposition":"NaN","width":"NaN","height":"NaN","shapeStyle":2},"labelManager":{"labels":[{"type":"textLabel","@id":130,"inputText":"Jonas","labelStyle":4,"shape":null,"layoutText":null}],"mainLabel":130},"portCompositions":[{"type":"port","@id":131,"shape":{"type":"rect","xposition":"NaN","yposition":"NaN","width":"NaN","height":"NaN","shapeStyle":2},"labelManager":{"labels":[{"type":"textLabel","@id":132,"inputText":"1","labelStyle":4,"shape":null,"layoutText":null}],"mainLabel":132},"properties":{},"orientationAtVertex":"FREE","reference":null}],"properties":{},"reference":"splice"},{"@id":133,"shape":{"type":"rect","xposition":"NaN","yposition":"NaN","width":"NaN","height":"NaN","shapeStyle":2},"labelManager":{"labels":[{"type":"textLabel","@id":134,"inputText":"Gabriel","labelStyle":4,"shape":null,"layoutText":null}],"mainLabel":134},"portCompositions":[{"type":"portGroup","@id":135,"ordered":false,"portCompositions":[{"type":"port","@id":136,"shape":{"type":"rect","xposition":"NaN","yposition":"NaN","width":"NaN","height":"NaN","shapeStyle":2},"labelManager":{"labels":[{"type":"textLabel","@id":137,"inputText":"5","labelStyle":4,"shape":null,"layoutText":null}],"mainLabel":137},"properties":{},"orientationAtVertex":"FREE","reference":null},{"type":"port","@id":138,"shape":{"type":"rect","xposition":"NaN","yposition":"NaN","width":"NaN","height":"NaN","shapeStyle":2},"labelManager":{"labels":[{"type":"textLabel","@id":139,"inputText":"7","labelStyle":4,"shape":null,"layoutText":null}],"mainLabel":139},"properties":{},"orientationAtVertex":"FREE","reference":null},{"type":"port","@id":140,"shape":{"type":"rect","xposition":"NaN","yposition":"NaN","width":"NaN","height":"NaN","shapeStyle":17},"labelManager":{"labels":[{"type":"textLabel","@id":141,"inputText":"6","labelStyle":19,"shape":null,"layoutText":null}],"mainLabel":141},"properties":{},"orientationAtVertex":"FREE","reference":null},{"type":"port","@id":142,"shape":{"type":"rect","xposition":"NaN","yposition":"NaN","width":"NaN","height":"NaN","shapeStyle":17},"labelManager":{"labels":[{"type":"textLabel","@id":143,"inputText":"9","labelStyle":19,"shape":null,"layoutText":null}],"mainLabel":143},"properties":{},"orientationAtVertex":"FREE","reference":null},{"type":"port","@id":144,"shape":{"type":"rect","xposition":"NaN","yposition":"NaN","width":"NaN","height":"NaN","shapeStyle":17},"labelManager":{"labels":[{"type":"textLabel","@id":145,"inputText":"4","labelStyle":19,"shape":null,"layoutText":null}],"mainLabel":145},"properties":{},"orientationAtVertex":"FREE","reference":null},{"type":"port","@id":146,"shape":{"type":"rect","xposition":"NaN","yposition":"NaN","width":"NaN","height":"NaN","shapeStyle":17},"labelManager":{"labels":[{"type":"textLabel","@id":147,"inputText":"2","labelStyle":19,"shape":null,"layoutText":null}],"mainLabel":147},"properties":{},"orientationAtVertex":"FREE","reference":null},{"type":"port","@id":148,"shape":{"type":"rect","xposition":"NaN","yposition":"NaN","width":"NaN","height":"NaN","shapeStyle":17},"labelManager":{"labels":[{"type":"textLabel","@id":149,"inputText":"8","labelStyle":19,"shape":null,"layoutText":null}],"mainLabel":149},"properties":{},"orientationAtVertex":"FREE","reference":null},{"type":"port","@id":150,"shape":{"type":"rect","xposition":"NaN","yposition":"NaN","width":"NaN","height":"NaN","shapeStyle":17},"labelManager":{"labels":[{"type":"textLabel","@id":151,"inputText":"3","labelStyle":19,"shape":null,"layoutText":null}],"mainLabel":151},"properties":{},"orientationAtVertex":"FREE","reference":null},{"type":"port","@id":152,"shape":{"type":"rect","xposition":"NaN","yposition":"NaN","width":"NaN","height":"NaN","shapeStyle":17},"labelManager":{"labels":[{"type":"textLabel","@id":153,"inputText":"1","labelStyle":19,"shape":null,"layoutText":null}],"mainLabel":153},"properties":{},"orientationAtVertex":"FREE","reference":null}],"properties":{},"reference":null}],"properties":{},"reference":"plug"},{"@id":154,"shape":{"type":"rect","xposition":"NaN","yposition":"NaN","width":"NaN","height":"NaN","shapeStyle":2},"labelManager":{"labels":[{"type":"textLabel","@id":155,"inputText":"Paul","labelStyle":4,"shape":null,"layoutText":null}],"mainLabel":155},"portCompositions":[{"type":"portGroup","@id":156,"ordered":false,"portCompositions":[{"type":"port","@id":157,"shape":{"type":"rect","xposition":"NaN","yposition":"NaN","width":"NaN","height":"NaN","shapeStyle":2},"labelManager":{"labels":[{"type":"textLabel","@id":158,"inputText":"5","labelStyle":4,"shape":null,"layoutText":null}],"mainLabel":158},"properties":{},"orientationAtVertex":"FREE","reference":null},{"type":"port","@id":159,"shape":{"type":"rect","xposition":"NaN","yposition":"NaN","width":"NaN","height":"NaN","shapeStyle":2},"labelManager":{"labels":[{"type":"textLabel","@id":160,"inputText":"7","labelStyle":4,"shape":null,"layoutText":null}],"mainLabel":160},"properties":{},"orientationAtVertex":"FREE","reference":null},{"type":"port","@id":161,"shape":{"type":"rect","xposition":"NaN","yposition":"NaN","width":"NaN","height":"NaN","shapeStyle":17},"labelManager":{"labels":[{"type":"textLabel","@id":162,"inputText":"6","labelStyle":19,"shape":null,"layoutText":null}],"mainLabel":162},"properties":{},"orientationAtVertex":"FREE","reference":null},{"type":"port","@id":163,"shape":{"type":"rect","xposition":"NaN","yposition":"NaN","width":"NaN","height":"NaN","shapeStyle":17},"labelManager":{"labels":[{"type":"textLabel","@id":164,"inputText":"9","labelStyle":19,"shape":null,"layoutText":null}],"mainLabel":164},"properties":{},"orientationAtVertex":"FREE","reference":null},{"type":"port","@id":165,"shape":{"type":"rect","xposition":"NaN","yposition":"NaN","width":"NaN","height":"NaN","shapeStyle":17},"labelManager":{"labels":[{"type":"textLabel","@id":166,"inputText":"4","labelStyle":19,"shape":null,"layoutText":null}],"mainLabel":166},"properties":{},"orientationAtVertex":"FREE","reference":null},{"type":"port","@id":167,"shape":{"type":"rect","xposition":"NaN","yposition":"NaN","width":"NaN","height":"NaN","shapeStyle":17},"labelManager":{"labels":[{"type":"textLabel","@id":168,"inputText":"2","labelStyle":19,"shape":null,"layoutText":null}],"mainLabel":168},"properties":{},"orientationAtVertex":"FREE","reference":null},{"type":"port","@id":169,"shape":{"type":"rect","xposition":"NaN","yposition":"NaN","width":"NaN","height":"NaN","shapeStyle":17},"labelManager":{"labels":[{"type":"textLabel","@id":170,"inputText":"8","labelStyle":19,"shape":null,"layoutText":null}],"mainLabel":170},"properties":{},"orientationAtVertex":"FREE","reference":null},{"type":"port","@id":171,"shape":{"type":"rect","xposition":"NaN","yposition":"NaN","width":"NaN","height":"NaN","shapeStyle":17},"labelManager":{"labels":[{"type":"textLabel","@id":172,"inputText":"3","labelStyle":19,"shape":null,"layoutText":null}],"mainLabel":172},"properties":{},"orientationAtVertex":"FREE","reference":null},{"type":"port","@id":173,"shape":{"type":"rect","xposition":"NaN","yposition":"NaN","width":"NaN","height":"NaN","shapeStyle":17},"labelManager":{"labels":[{"type":"textLabel","@id":174,"inputText":"1","labelStyle":19,"shape":null,"layoutText":null}],"mainLabel":174},"properties":{},"orientationAtVertex":"FREE","reference":null}],"properties":{},"reference":null}],"properties":{},"reference":"plug"},{"@id":175,"shape":{"type":"rect","xposition":"NaN","yposition":"NaN","width":"NaN","height":"NaN","shapeStyle":2},"labelManager":{"labels":[{"type":"textLabel","@id":176,"inputText":"Luca","labelStyle":4,"shape":null,"layoutText":null}],"mainLabel":176},"portCompositions":[{"type":"port","@id":177,"shape":{"type":"rect","xposition":"NaN","yposition":"NaN","width":"NaN","height":"NaN","shapeStyle":2},"labelManager":{"labels":[{"type":"textLabel","@id":178,"inputText":"1","labelStyle":4,"shape":null,"layoutText":null}],"mainLabel":178},"properties":{},"orientationAtVertex":"FREE","reference":null}],"properties":{},"reference":"splice"},{"@id":179,"shape":{"type":"rect","xposition":"NaN","yposition":"NaN","width":"NaN","height":"NaN","shapeStyle":2},"labelManager":{"labels":[{"type":"textLabel","@id":180,"inputText":"Joel","labelStyle":4,"shape":null,"layoutText":null}],"mainLabel":180},"portCompositions":[{"type":"portGroup","@id":181,"ordered":false,"portCompositions":[{"type":"port","@id":182,"shape":{"type":"rect","xposition":"NaN","yposition":"NaN","width":"NaN","height":"NaN","shapeStyle":2},"labelManager":{"labels":[{"type":"textLabel","@id":183,"inputText":"4","labelStyle":4,"shape":null,"layoutText":null}],"mainLabel":183},"properties":{},"orientationAtVertex":"FREE","reference":null},{"type":"port","@id":184,"shape":{"type":"rect","xposition":"NaN","yposition":"NaN","width":"NaN","height":"NaN","shapeStyle":2},"labelManager":{"labels":[{"type":"textLabel","@id":185,"inputText":"1","labelStyle":4,"shape":null,"layoutText":null}],"mainLabel":185},"properties":{},"orientationAtVertex":"FREE","reference":null},{"type":"port","@id":186,"shape":{"type":"rect","xposition":"NaN","yposition":"NaN","width":"NaN","height":"NaN","shapeStyle":2},"labelManager":{"labels":[{"type":"textLabel","@id":187,"inputText":"2","labelStyle":4,"shape":null,"layoutText":null}],"mainLabel":187},"properties":{},"orientationAtVertex":"FREE","reference":null},{"type":"port","@id":188,"shape":{"type":"rect","xposition":"NaN","yposition":"NaN","width":"NaN","height":"NaN","shapeStyle":2},"labelManager":{"labels":[{"type":"textLabel","@id":189,"inputText":"3","labelStyle":4,"shape":null,"layoutText":null}],"mainLabel":189},"properties":{},"orientationAtVertex":"FREE","reference":null}],"properties":{},"reference":null}],"properties":{},"reference":"device"},{"@id":190,"shape":{"type":"rect","xposition":"NaN","yposition":"NaN","width":"NaN","height":"NaN","shapeStyle":2},"labelManager":{"labels":[{"type":"textLabel","@id":191,"inputText":"Henry","labelStyle":4,"shape":null,"layoutText":null}],"mainLabel":191},"portCompositions":[{"type":"portGroup","@id":192,"ordered":false,"portCompositions":[{"type":"port","@id":193,"shape":{"type":"rect","xposition":"NaN","yposition":"NaN","width":"NaN","height":"NaN","shapeStyle":2},"labelManager":{"labels":[{"type":"textLabel","@id":194,"inputText":"4","labelStyle":4,"shape":null,"layoutText":null}],"mainLabel":194},"properties":{},"orientationAtVertex":"FREE","reference":null},{"type":"port","@id":195,"shape":{"type":"rect","xposition":"NaN","yposition":"NaN","width":"NaN","height":"NaN","shapeStyle":2},"labelManager":{"labels":[{"type":"textLabel","@id":196,"inputText":"1","labelStyle":4,"shape":null,"layoutText":null}],"mainLabel":196},"properties":{},"orientationAtVertex":"FREE","reference":null},{"type":"port","@id":197,"shape":{"type":"rect","xposition":"NaN","yposition":"NaN","width":"NaN","height":"NaN","shapeStyle":2},"labelManager":{"labels":[{"type":"textLabel","@id":198,"inputText":"2","labelStyle":4,"shape":null,"layoutText":null}],"mainLabel":198},"properties":{},"orientationAtVertex":"FREE","reference":null},{"type":"port","@id":199,"shape":{"type":"rect","xposition":"NaN","yposition":"NaN","width":"NaN","height":"NaN","shapeStyle":2},"labelManager":{"labels":[{"type":"textLabel","@id":200,"inputText":"3","labelStyle":4,"shape":null,"layoutText":null}],"mainLabel":200},"properties":{},"orientationAtVertex":"FREE","reference":null}],"properties":{},"reference":null}],"properties":{},"reference":"plug"},{"@id":201,"shape":{"type":"rect","xposition":"NaN","yposition":"NaN","width":"NaN","height":"NaN","shapeStyle":2},"labelManager":{"labels":[{"type":"textLabel","@id":202,"inputText":"Simon","labelStyle":4,"shape":null,"layoutText":null}],"mainLabel":202},"portCompositions":[{"type":"port","@id":203,"shape":{"type":"rect","xposition":"NaN","yposition":"NaN","width":"NaN","height":"NaN","shapeStyle":2},"labelManager":{"labels":[{"type":"textLabel","@id":204,"inputText":"1","labelStyle":4,"shape":null,"layoutText":null}],"mainLabel":204},"properties":{},"orientationAtVertex":"FREE","reference":null}],"properties":{},"reference":"splice"},{"@id":205,"shape":{"type":"rect","xposition":"NaN","yposition":"NaN","width":"NaN","height":"NaN","shapeStyle":2},"labelManager":{"labels":[{"type":"textLabel","@id":206,"inputText":"Jonathan","labelStyle":4,"shape":null,"layoutText":null}],"mainLabel":206},"portCompositions":[{"type":"port","@id":207,"shape":{"type":"rect","xposition":"NaN","yposition":"NaN","width":"NaN","height":"NaN","shapeStyle":2},"labelManager":{"labels":[{"type":"textLabel","@id":208,"inputText":"1","labelStyle":4,"shape":null,"layoutText":null}],"mainLabel":208},"properties":{},"orientationAtVertex":"FREE","reference":null}],"properties":{},"reference":"splice"},{"@id":209,"shape":{"type":"rect","xposition":"NaN","yposition":"NaN","width":"NaN","height":"NaN","shapeStyle":2},"labelManager":{"labels":[{"type":"textLabel","@id":210,"inputText":"Henri","labelStyle":4,"shape":null,"layoutText":null}],"mainLabel":210},"portCompositions":[{"type":"port","@id":211,"shape":{"type":"rect","xposition":"NaN","yposition":"NaN","width":"NaN","height":"NaN","shapeStyle":2},"labelManager":{"labels":[{"type":"textLabel","@id":212,"inputText":"1","labelStyle":4,"shape":null,"layoutText":null}],"mainLabel":212},"properties":{},"orientationAtVertex":"FREE","reference":null}],"properties":{},"reference":"splice"},{"@id":213,"shape":{"type":"rect","xposition":"NaN","yposition":"NaN","width":"NaN","height":"NaN","shapeStyle":2},"labelManager":{"labels":[{"type":"textLabel","@id":214,"inputText":"Karl","labelStyle":4,"shape":null,"layoutText":null}],"mainLabel":214},"portCompositions":[{"type":"portGroup","@id":215,"ordered":false,"portCompositions":[{"type":"port","@id":216,"shape":{"type":"rect","xposition":"NaN","yposition":"NaN","width":"NaN","height":"NaN","shapeStyle":2},"labelManager":{"labels":[{"type":"textLabel","@id":217,"inputText":"1","labelStyle":4,"shape":null,"layoutText":null}],"mainLabel":217},"properties":{},"orientationAtVertex":"FREE","reference":null},{"type":"port","@id":218,"shape":{"type":"rect","xposition":"NaN","yposition":"NaN","width":"NaN","height":"NaN","shapeStyle":17},"labelManager":{"labels":[{"type":"textLabel","@id":219,"inputText":"4","labelStyle":19,"shape":null,"layoutText":null}],"mainLabel":219},"properties":{},"orientationAtVertex":"FREE","reference":null},{"type":"port","@id":220,"shape":{"type":"rect","xposition":"NaN","yposition":"NaN","width":"NaN","height":"NaN","shapeStyle":17},"labelManager":{"labels":[{"type":"textLabel","@id":221,"inputText":"3","labelStyle":19,"shape":null,"layoutText":null}],"mainLabel":221},"properties":{},"orientationAtVertex":"FREE","reference":null},{"type":"port","@id":222,"shape":{"type":"rect","xposition":"NaN","yposition":"NaN","width":"NaN","height":"NaN","shapeStyle":17},"labelManager":{"labels":[{"type":"textLabel","@id":223,"inputText":"2","labelStyle":19,"shape":null,"layoutText":null}],"mainLabel":223},"properties":{},"orientationAtVertex":"FREE","reference":null}],"properties":{},"reference":null}],"properties":{},"reference":"plug"},{"@id":224,"shape":{"type":"rect","xposition":"NaN","yposition":"NaN","width":"NaN","height":"NaN","shapeStyle":2},"labelManager":{"labels":[{"type":"textLabel","@id":225,"inputText":"Mats","labelStyle":4,"shape":null,"layoutText":null}],"mainLabel":225},"portCompositions":[{"type":"portGroup","@id":226,"ordered":false,"portCompositions":[{"type":"port","@id":227,"shape":{"type":"rect","xposition":"NaN","yposition":"NaN","width":"NaN","height":"NaN","shapeStyle":2},"labelManager":{"labels":[{"type":"textLabel","@id":228,"inputText":"1","labelStyle":4,"shape":null,"layoutText":null}],"mainLabel":228},"properties":{},"orientationAtVertex":"FREE","reference":null},{"type":"port","@id":229,"shape":{"type":"rect","xposition":"NaN","yposition":"NaN","width":"NaN","height":"NaN","shapeStyle":17},"labelManager":{"labels":[{"type":"textLabel","@id":230,"inputText":"4","labelStyle":19,"shape":null,"layoutText":null}],"mainLabel":230},"properties":{},"orientationAtVertex":"FREE","reference":null},{"type":"port","@id":231,"shape":{"type":"rect","xposition":"NaN","yposition":"NaN","width":"NaN","height":"NaN","shapeStyle":17},"labelManager":{"labels":[{"type":"textLabel","@id":232,"inputText":"3","labelStyle":19,"shape":null,"layoutText":null}],"mainLabel":232},"properties":{},"orientationAtVertex":"FREE","reference":null},{"type":"port","@id":233,"shape":{"type":"rect","xposition":"NaN","yposition":"NaN","width":"NaN","height":"NaN","shapeStyle":17},"labelManager":{"labels":[{"type":"textLabel","@id":234,"inputText":"2","labelStyle":19,"shape":null,"layoutText":null}],"mainLabel":234},"properties":{},"orientationAtVertex":"FREE","reference":null}],"properties":{},"reference":null}],"properties":{},"reference":"plug"},{"@id":235,"shape":{"type":"rect","xposition":"NaN","yposition":"NaN","width":"NaN","height":"NaN","shapeStyle":2},"labelManager":{"labels":[{"type":"textLabel","@id":236,"inputText":"Moritz","labelStyle":4,"shape":null,"layoutText":null}],"mainLabel":236},"portCompositions":[{"type":"portGroup","@id":237,"ordered":false,"portCompositions":[{"type":"port","@id":238,"shape":{"type":"rect","xposition":"NaN","yposition":"NaN","width":"NaN","height":"NaN","shapeStyle":2},"labelManager":{"labels":[{"type":"textLabel","@id":239,"inputText":"1","labelStyle":4,"shape":null,"layoutText":null}],"mainLabel":239},"properties":{},"orientationAtVertex":"FREE","reference":null},{"type":"port","@id":240,"shape":{"type":"rect","xposition":"NaN","yposition":"NaN","width":"NaN","height":"NaN","shapeStyle":2},"labelManager":{"labels":[{"type":"textLabel","@id":241,"inputText":"2","labelStyle":4,"shape":null,"layoutText":null}],"mainLabel":241},"properties":{},"orientationAtVertex":"FREE","reference":null}],"properties":{},"reference":null}],"properties":{},"reference":"device"},{"@id":242,"shape":{"type":"rect","xposition":"NaN","yposition":"NaN","width":"NaN","height":"NaN","shapeStyle":2},"labelManager":{"labels":[{"type":"textLabel","@id":243,"inputText":"Leo","labelStyle":4,"shape":null,"layoutText":null}],"mainLabel":243},"portCompositions":[{"type":"portGroup","@id":244,"ordered":false,"portCompositions":[{"type":"port","@id":245,"shape":{"type":"rect","xposition":"NaN","yposition":"NaN","width":"NaN","height":"NaN","shapeStyle":2},"labelManager":{"labels":[{"type":"textLabel","@id":246,"inputText":"1","labelStyle":4,"shape":null,"layoutText":null}],"mainLabel":246},"properties":{},"orientationAtVertex":"FREE","reference":null},{"type":"port","@id":247,"shape":{"type":"rect","xposition":"NaN","yposition":"NaN","width":"NaN","height":"NaN","shapeStyle":2},"labelManager":{"labels":[{"type":"textLabel","@id":248,"inputText":"2","labelStyle":4,"shape":null,"layoutText":null}],"mainLabel":248},"properties":{},"orientationAtVertex":"FREE","reference":null}],"properties":{},"reference":null}],"properties":{},"reference":"plug"},{"@id":249,"shape":{"type":"rect","xposition":"NaN","yposition":"NaN","width":"NaN","height":"NaN","shapeStyle":2},"labelManager":{"labels":[{"type":"textLabel","@id":250,"inputText":"Elias","labelStyle":4,"shape":null,"layoutText":null}],"mainLabel":250},"portCompositions":[{"type":"portGroup","@id":251,"ordered":false,"portCompositions":[{"type":"port","@id":252,"shape":{"type":"rect","xposition":"NaN","yposition":"NaN","width":"NaN","height":"NaN","shapeStyle":2},"labelManager":{"labels":[{"type":"textLabel","@id":253,"inputText":"13","labelStyle":4,"shape":null,"layoutText":null}],"mainLabel":253},"properties":{},"orientationAtVertex":"FREE","reference":null},{"type":"port","@id":254,"shape":{"type":"rect","xposition":"NaN","yposition":"NaN","width":"NaN","height":"NaN","shapeStyle":2},"labelManager":{"labels":[{"type":"textLabel","@id":255,"inputText":"12","labelStyle":4,"shape":null,"layoutText":null}],"mainLabel":255},"properties":{},"orientationAtVertex":"FREE","reference":null},{"type":"port","@id":256,"shape":{"type":"rect","xposition":"NaN","yposition":"NaN","width":"NaN","height":"NaN","shapeStyle":2},"labelManager":{"labels":[{"type":"textLabel","@id":257,"inputText":"9","labelStyle":4,"shape":null,"layoutText":null}],"mainLabel":257},"properties":{},"orientationAtVertex":"FREE","reference":null},{"type":"port","@id":258,"shape":{"type":"rect","xposition":"NaN","yposition":"NaN","width":"NaN","height":"NaN","shapeStyle":2},"labelManager":{"labels":[{"type":"textLabel","@id":259,"inputText":"7","labelStyle":4,"shape":null,"layoutText":null}],"mainLabel":259},"properties":{},"orientationAtVertex":"FREE","reference":null},{"type":"port","@id":260,"shape":{"type":"rect","xposition":"NaN","yposition":"NaN","width":"NaN","height":"NaN","shapeStyle":2},"labelManager":{"labels":[{"type":"textLabel","@id":261,"inputText":"14","labelStyle":4,"shape":null,"layoutText":null}],"mainLabel":261},"properties":{},"orientationAtVertex":"FREE","reference":null},{"type":"port","@id":262,"shape":{"type":"rect","xposition":"NaN","yposition":"NaN","width":"NaN","height":"NaN","shapeStyle":2},"labelManager":{"labels":[{"type":"textLabel","@id":263,"inputText":"2","labelStyle":4,"shape":null,"layoutText":null}],"mainLabel":263},"properties":{},"orientationAtVertex":"FREE","reference":null},{"type":"port","@id":264,"shape":{"type":"rect","xposition":"NaN","yposition":"NaN","width":"NaN","height":"NaN","shapeStyle":2},"labelManager":{"labels":[{"type":"textLabel","@id":265,"inputText":"10","labelStyle":4,"shape":null,"layoutText":null}],"mainLabel":265},"properties":{},"orientationAtVertex":"FREE","reference":null},{"type":"port","@id":266,"shape":{"type":"rect","xposition":"NaN","yposition":"NaN","width":"NaN","height":"NaN","shapeStyle":2},"labelManager":{"labels":[{"type":"textLabel","@id":267,"inputText":"11","labelStyle":4,"shape":null,"layoutText":null}],"mainLabel":267},"properties":{},"orientationAtVertex":"FREE","reference":null},{"type":"port","@id":268,"shape":{"type":"rect","xposition":"NaN","yposition":"NaN","width":"NaN","height":"NaN","shapeStyle":2},"labelManager":{"labels":[{"type":"textLabel","@id":269,"inputText":"6","labelStyle":4,"shape":null,"layoutText":null}],"mainLabel":269},"properties":{},"orientationAtVertex":"FREE","reference":null},{"type":"port","@id":270,"shape":{"type":"rect","xposition":"NaN","yposition":"NaN","width":"NaN","height":"NaN","shapeStyle":2},"labelManager":{"labels":[{"type":"textLabel","@id":271,"inputText":"4","labelStyle":4,"shape":null,"layoutText":null}],"mainLabel":271},"properties":{},"orientationAtVertex":"FREE","reference":null},{"type":"port","@id":272,"shape":{"type":"rect","xposition":"NaN","yposition":"NaN","width":"NaN","height":"NaN","shapeStyle":2},"labelManager":{"labels":[{"type":"textLabel","@id":273,"inputText":"3","labelStyle":4,"shape":null,"layoutText":null}],"mainLabel":273},"properties":{},"orientationAtVertex":"FREE","reference":null},{"type":"port","@id":274,"shape":{"type":"rect","xposition":"NaN","yposition":"NaN","width":"NaN","height":"NaN","shapeStyle":2},"labelManager":{"labels":[{"type":"textLabel","@id":275,"inputText":"5","labelStyle":4,"shape":null,"layoutText":null}],"mainLabel":275},"properties":{},"orientationAtVertex":"FREE","reference":null},{"type":"port","@id":276,"shape":{"type":"rect","xposition":"NaN","yposition":"NaN","width":"NaN","height":"NaN","shapeStyle":2},"labelManager":{"labels":[{"type":"textLabel","@id":277,"inputText":"16","labelStyle":4,"shape":null,"layoutText":null}],"mainLabel":277},"properties":{},"orientationAtVertex":"FREE","reference":null},{"type":"port","@id":278,"shape":{"type":"rect","xposition":"NaN","yposition":"NaN","width":"NaN","height":"NaN","shapeStyle":2},"labelManager":{"labels":[{"type":"textLabel","@id":279,"inputText":"8","labelStyle":4,"shape":null,"layoutText":null}],"mainLabel":279},"properties":{},"orientationAtVertex":"FREE","reference":null},{"type":"port","@id":280,"shape":{"type":"rect","xposition":"NaN","yposition":"NaN","width":"NaN","height":"NaN","shapeStyle":2},"labelManager":{"labels":[{"type":"textLabel","@id":281,"inputText":"15","labelStyle":4,"shape":null,"layoutText":null}],"mainLabel":281},"properties":{},"orientationAtVertex":"FREE","reference":null},{"type":"port","@id":282,"shape":{"type":"rect","xposition":"NaN","yposition":"NaN","width":"NaN","height":"NaN","shapeStyle":2},"labelManager":{"labels":[{"type":"textLabel","@id":283,"inputText":"1","labelStyle":4,"shape":null,"layoutText":null}],"mainLabel":283},"properties":{},"orientationAtVertex":"FREE","reference":null}],"properties":{},"reference":null}],"properties":{},"reference":"device"},{"@id":284,"shape":{"type":"rect","xposition":"NaN","yposition":"NaN","width":"NaN","height":"NaN","shapeStyle":2},"labelManager":{"labels":[{"type":"textLabel","@id":285,"inputText":"Peter","labelStyle":4,"shape":null,"layoutText":null}],"mainLabel":285},"portCompositions":[{"type":"portGroup","@id":286,"ordered":false,"portCompositions":[{"type":"port","@id":287,"shape":{"type":"rect","xposition":"NaN","yposition":"NaN","width":"NaN","height":"NaN","shapeStyle":2},"labelManager":{"labels":[{"type":"textLabel","@id":288,"inputText":"13","labelStyle":4,"shape":null,"layoutText":null}],"mainLabel":288},"properties":{},"orientationAtVertex":"FREE","reference":null},{"type":"port","@id":289,"shape":{"type":"rect","xposition":"NaN","yposition":"NaN","width":"NaN","height":"NaN","shapeStyle":2},"labelManager":{"labels":[{"type":"textLabel","@id":290,"inputText":"12","labelStyle":4,"shape":null,"layoutText":null}],"mainLabel":290},"properties":{},"orientationAtVertex":"FREE","reference":null},{"type":"port","@id":291,"shape":{"type":"rect","xposition":"NaN","yposition":"NaN","width":"NaN","height":"NaN","shapeStyle":2},"labelManager":{"labels":[{"type":"textLabel","@id":292,"inputText":"9","labelStyle":4,"shape":null,"layoutText":null}],"mainLabel":292},"properties":{},"orientationAtVertex":"FREE","reference":null},{"type":"port","@id":293,"shape":{"type":"rect","xposition":"NaN","yposition":"NaN","width":"NaN","height":"NaN","shapeStyle":2},"labelManager":{"labels":[{"type":"textLabel","@id":294,"inputText":"7","labelStyle":4,"shape":null,"layoutText":null}],"mainLabel":294},"properties":{},"orientationAtVertex":"FREE","reference":null},{"type":"port","@id":295,"shape":{"type":"rect","xposition":"NaN","yposition":"NaN","width":"NaN","height":"NaN","shapeStyle":2},"labelManager":{"labels":[{"type":"textLabel","@id":296,"inputText":"14","labelStyle":4,"shape":null,"layoutText":null}],"mainLabel":296},"properties":{},"orientationAtVertex":"FREE","reference":null},{"type":"port","@id":297,"shape":{"type":"rect","xposition":"NaN","yposition":"NaN","width":"NaN","height":"NaN","shapeStyle":2},"labelManager":{"labels":[{"type":"textLabel","@id":298,"inputText":"2","labelStyle":4,"shape":null,"layoutText":null}],"mainLabel":298},"properties":{},"orientationAtVertex":"FREE","reference":null},{"type":"port","@id":299,"shape":{"type":"rect","xposition":"NaN","yposition":"NaN","width":"NaN","height":"NaN","shapeStyle":2},"labelManager":{"labels":[{"type":"textLabel","@id":300,"inputText":"10","labelStyle":4,"shape":null,"layoutText":null}],"mainLabel":300},"properties":{},"orientationAtVertex":"FREE","reference":null},{"type":"port","@id":301,"shape":{"type":"rect","xposition":"NaN","yposition":"NaN","width":"NaN","height":"NaN","shapeStyle":2},"labelManager":{"labels":[{"type":"textLabel","@id":302,"inputText":"11","labelStyle":4,"shape":null,"layoutText":null}],"mainLabel":302},"properties":{},"orientationAtVertex":"FREE","reference":null},{"type":"port","@id":303,"shape":{"type":"rect","xposition":"NaN","yposition":"NaN","width":"NaN","height":"NaN","shapeStyle":2},"labelManager":{"labels":[{"type":"textLabel","@id":304,"inputText":"6","labelStyle":4,"shape":null,"layoutText":null}],"mainLabel":304},"properties":{},"orientationAtVertex":"FREE","reference":null},{"type":"port","@id":305,"shape":{"type":"rect","xposition":"NaN","yposition":"NaN","width":"NaN","height":"NaN","shapeStyle":2},"labelManager":{"labels":[{"type":"textLabel","@id":306,"inputText":"4","labelStyle":4,"shape":null,"layoutText":null}],"mainLabel":306},"properties":{},"orientationAtVertex":"FREE","reference":null},{"type":"port","@id":307,"shape":{"type":"rect","xposition":"NaN","yposition":"NaN","width":"NaN","height":"NaN","shapeStyle":2},"labelManager":{"labels":[{"type":"textLabel","@id":308,"inputText":"3","labelStyle":4,"shape":null,"layoutText":null}],"mainLabel":308},"properties":{},"orientationAtVertex":"FREE","reference":null},{"type":"port","@id":309,"shape":{"type":"rect","xposition":"NaN","yposition":"NaN","width":"NaN","height":"NaN","shapeStyle":2},"labelManager":{"labels":[{"type":"textLabel","@id":310,"inputText":"5","labelStyle":4,"shape":null,"layoutText":null}],"mainLabel":310},"properties":{},"orientationAtVertex":"FREE","reference":null},{"type":"port","@id":311,"shape":{"type":"rect","xposition":"NaN","yposition":"NaN","width":"NaN","height":"NaN","shapeStyle":2},"labelManager":{"labels":[{"type":"textLabel","@id":312,"inputText":"16","labelStyle":4,"shape":null,"layoutText":null}],"mainLabel":312},"properties":{},"orientationAtVertex":"FREE","reference":null},{"type":"port","@id":313,"shape":{"type":"rect","xposition":"NaN","yposition":"NaN","width":"NaN","height":"NaN","shapeStyle":2},"labelManager":{"labels":[{"type":"textLabel","@id":314,"inputText":"8","labelStyle":4,"shape":null,"layoutText":null}],"mainLabel":314},"properties":{},"orientationAtVertex":"FREE","reference":null},{"type":"port","@id":315,"shape":{"type":"rect","xposition":"NaN","yposition":"NaN","width":"NaN","height":"NaN","shapeStyle":2},"labelManager":{"labels":[{"type":"textLabel","@id":316,"inputText":"15","labelStyle":4,"shape":null,"layoutText":null}],"mainLabel":316},"properties":{},"orientationAtVertex":"FREE","reference":null},{"type":"port","@id":317,"shape":{"type":"rect","xposition":"NaN","yposition":"NaN","width":"NaN","height":"NaN","shapeStyle":2},"labelManager":{"labels":[{"type":"textLabel","@id":318,"inputText":"1","labelStyle":4,"shape":null,"layoutText":null}],"mainLabel":318},"properties":{},"orientationAtVertex":"FREE","reference":null}],"properties":{},"reference":null}],"properties":{},"reference":"plug"},{"@id":319,"shape":{"type":"rect","xposition":"NaN","yposition":"NaN","width":"NaN","height":"NaN","shapeStyle":2},"labelManager":{"labels":[{"type":"textLabel","@id":320,"inputText":"Liam","labelStyle":4,"shape":null,"layoutText":null}],"mainLabel":320},"portCompositions":[{"type":"port","@id":321,"shape":{"type":"rect","xposition":"NaN","yposition":"NaN","width":"NaN","height":"NaN","shapeStyle":2},"labelManager":{"labels":[{"type":"textLabel","@id":322,"inputText":"1","labelStyle":4,"shape":null,"layoutText":null}],"mainLabel":322},"properties":{},"orientationAtVertex":"FREE","reference":null}],"properties":{},"reference":"splice"},{"@id":323,"shape":{"type":"rect","xposition":"NaN","yposition":"NaN","width":"NaN","height":"NaN","shapeStyle":2},"labelManager":{"labels":[{"type":"textLabel","@id":324,"inputText":"Ali","labelStyle":4,"shape":null,"layoutText":null}],"mainLabel":324},"portCompositions":[{"type":"port","@id":325,"shape":{"type":"rect","xposition":"NaN","yposition":"NaN","width":"NaN","height":"NaN","shapeStyle":2},"labelManager":{"labels":[{"type":"textLabel","@id":326,"inputText":"1","labelStyle":4,"shape":null,"layoutText":null}],"mainLabel":326},"properties":{},"orientationAtVertex":"FREE","reference":null}],"properties":{},"reference":"splice"},{"@id":327,"shape":{"type":"rect","xposition":"NaN","yposition":"NaN","width":"NaN","height":"NaN","shapeStyle":2},"labelManager":{"labels":[{"type":"textLabel","@id":328,"inputText":"Anton","labelStyle":4,"shape":null,"layoutText":null}],"mainLabel":328},"portCompositions":[{"type":"portGroup","@id":329,"ordered":false,"portCompositions":[{"type":"port","@id":330,"shape":{"type":"rect","xposition":"NaN","yposition":"NaN","width":"NaN","height":"NaN","shapeStyle":2},"labelManager":{"labels":[{"type":"textLabel","@id":331,"inputText":"3","labelStyle":4,"shape":null,"layoutText":null}],"mainLabel":331},"properties":{},"orientationAtVertex":"FREE","reference":null},{"type":"port","@id":332,"shape":{"type":"rect","xposition":"NaN","yposition":"NaN","width":"NaN","height":"NaN","shapeStyle":2},"labelManager":{"labels":[{"type":"textLabel","@id":333,"inputText":"2","labelStyle":4,"shape":null,"layoutText":null}],"mainLabel":333},"properties":{},"orientationAtVertex":"FREE","reference":null},{"type":"port","@id":334,"shape":{"type":"rect","xposition":"NaN","yposition":"NaN","width":"NaN","height":"NaN","shapeStyle":17},"labelManager":{"labels":[{"type":"textLabel","@id":335,"inputText":"1","labelStyle":19,"shape":null,"layoutText":null}],"mainLabel":335},"properties":{},"orientationAtVertex":"FREE","reference":null}],"properties":{},"reference":null}],"properties":{},"reference":"device"},{"@id":336,"shape":{"type":"rect","xposition":"NaN","yposition":"NaN","width":"NaN","height":"NaN","shapeStyle":2},"labelManager":{"labels":[{"type":"textLabel","@id":337,"inputText":"Max","labelStyle":4,"shape":null,"layoutText":null}],"mainLabel":337},"portCompositions":[{"type":"portGroup","@id":338,"ordered":false,"portCompositions":[{"type":"port","@id":339,"shape":{"type":"rect","xposition":"NaN","yposition":"NaN","width":"NaN","height":"NaN","shapeStyle":2},"labelManager":{"labels":[{"type":"textLabel","@id":340,"inputText":"3","labelStyle":4,"shape":null,"layoutText":null}],"mainLabel":340},"properties":{},"orientationAtVertex":"FREE","reference":null},{"type":"port","@id":341,"shape":{"type":"rect","xposition":"NaN","yposition":"NaN","width":"NaN","height":"NaN","shapeStyle":2},"labelManager":{"labels":[{"type":"textLabel","@id":342,"inputText":"2","labelStyle":4,"shape":null,"layoutText":null}],"mainLabel":342},"properties":{},"orientationAtVertex":"FREE","reference":null},{"type":"port","@id":343,"shape":{"type":"rect","xposition":"NaN","yposition":"NaN","width":"NaN","height":"NaN","shapeStyle":17},"labelManager":{"labels":[{"type":"textLabel","@id":344,"inputText":"1","labelStyle":19,"shape":null,"layoutText":null}],"mainLabel":344},"properties":{},"orientationAtVertex":"FREE","reference":null}],"properties":{},"reference":null}],"properties":{},"reference":"plug"},{"@id":345,"shape":{"type":"rect","xposition":"NaN","yposition":"NaN","width":"NaN","height":"NaN","shapeStyle":2},"labelManager":{"labels":[{"type":"textLabel","@id":346,"inputText":"Finn","labelStyle":4,"shape":null,"layoutText":null}],"mainLabel":346},"portCompositions":[{"type":"portGroup","@id":347,"ordered":false,"portCompositions":[{"type":"port","@id":348,"shape":{"type":"rect","xposition":"NaN","yposition":"NaN","width":"NaN","height":"NaN","shapeStyle":2},"labelManager":{"labels":[{"type":"textLabel","@id":349,"inputText":"1","labelStyle":4,"shape":null,"layoutText":null}],"mainLabel":349},"properties":{},"orientationAtVertex":"FREE","reference":null},{"type":"port","@id":350,"shape":{"type":"rect","xposition":"NaN","yposition":"NaN","width":"NaN","height":"NaN","shapeStyle":2},"labelManager":{"labels":[{"type":"textLabel","@id":351,"inputText":"2","labelStyle":4,"shape":null,"layoutText":null}],"mainLabel":351},"properties":{},"orientationAtVertex":"FREE","reference":null},{"type":"port","@id":352,"shape":{"type":"rect","xposition":"NaN","yposition":"NaN","width":"NaN","height":"NaN","shapeStyle":17},"labelManager":{"labels":[{"type":"textLabel","@id":353,"inputText":"3","labelStyle":19,"shape":null,"layoutText":null}],"mainLabel":353},"properties":{},"orientationAtVertex":"FREE","reference":null}],"properties":{},"reference":null}],"properties":{},"reference":"device"},{"@id":354,"shape":{"type":"rect","xposition":"NaN","yposition":"NaN","width":"NaN","height":"NaN","shapeStyle":2},"labelManager":{"labels":[{"type":"textLabel","@id":355,"inputText":"Tim","labelStyle":4,"shape":null,"layoutText":null}],"mainLabel":355},"portCompositions":[{"type":"portGroup","@id":356,"ordered":false,"portCompositions":[{"type":"port","@id":357,"shape":{"type":"rect","xposition":"NaN","yposition":"NaN","width":"NaN","height":"NaN","shapeStyle":2},"labelManager":{"labels":[{"type":"textLabel","@id":358,"inputText":"1","labelStyle":4,"shape":null,"layoutText":null}],"mainLabel":358},"properties":{},"orientationAtVertex":"FREE","reference":null},{"type":"port","@id":359,"shape":{"type":"rect","xposition":"NaN","yposition":"NaN","width":"NaN","height":"NaN","shapeStyle":2},"labelManager":{"labels":[{"type":"textLabel","@id":360,"inputText":"2","labelStyle":4,"shape":null,"layoutText":null}],"mainLabel":360},"properties":{},"orientationAtVertex":"FREE","reference":null},{"type":"port","@id":361,"shape":{"type":"rect","xposition":"NaN","yposition":"NaN","width":"NaN","height":"NaN","shapeStyle":17},"labelManager":{"labels":[{"type":"textLabel","@id":362,"inputText":"3","labelStyle":19,"shape":null,"layoutText":null}],"mainLabel":362},"properties":{},"orientationAtVertex":"FREE","reference":null}],"properties":{},"reference":null}],"properties":{},"reference":"plug"},{"@id":363,"shape":{"type":"rect","xposition":"NaN","yposition":"NaN","width":"NaN","height":"NaN","shapeStyle":2},"labelManager":{"labels":[{"type":"textLabel","@id":364,"inputText":"Christian","labelStyle":4,"shape":null,"layoutText":null}],"mainLabel":364},"portCompositions":[{"type":"port","@id":365,"shape":{"type":"rect","xposition":"NaN","yposition":"NaN","width":"NaN","height":"NaN","shapeStyle":2},"labelManager":{"labels":[{"type":"textLabel","@id":366,"inputText":"1","labelStyle":4,"shape":null,"layoutText":null}],"mainLabel":366},"properties":{},"orientationAtVertex":"FREE","reference":null}],"properties":{},"reference":"splice"},{"@id":367,"shape":{"type":"rect","xposition":"NaN","yposition":"NaN","width":"NaN","height":"NaN","shapeStyle":2},"labelManager":{"labels":[{"type":"textLabel","@id":368,"inputText":"Lukas","labelStyle":4,"shape":null,"layoutText":null}],"mainLabel":368},"portCompositions":[{"type":"portGroup","@id":369,"ordered":false,"portCompositions":[{"type":"port","@id":370,"shape":{"type":"rect","xposition":"NaN","yposition":"NaN","width":"NaN","height":"NaN","shapeStyle":2},"labelManager":{"labels":[{"type":"textLabel","@id":371,"inputText":"3","labelStyle":4,"shape":null,"layoutText":null}],"mainLabel":371},"properties":{},"orientationAtVertex":"FREE","reference":null},{"type":"port","@id":372,"shape":{"type":"rect","xposition":"NaN","yposition":"NaN","width":"NaN","height":"NaN","shapeStyle":2},"labelManager":{"labels":[{"type":"textLabel","@id":373,"inputText":"1","labelStyle":4,"shape":null,"layoutText":null}],"mainLabel":373},"properties":{},"orientationAtVertex":"FREE","reference":null},{"type":"port","@id":374,"shape":{"type":"rect","xposition":"NaN","yposition":"NaN","width":"NaN","height":"NaN","shapeStyle":17},"labelManager":{"labels":[{"type":"textLabel","@id":375,"inputText":"2","labelStyle":19,"shape":null,"layoutText":null}],"mainLabel":375},"properties":{},"orientationAtVertex":"FREE","reference":null}],"properties":{},"reference":null}],"properties":{},"reference":"device"},{"@id":376,"shape":{"type":"rect","xposition":"NaN","yposition":"NaN","width":"NaN","height":"NaN","shapeStyle":2},"labelManager":{"labels":[{"type":"textLabel","@id":377,"inputText":"Maximilian","labelStyle":4,"shape":null,"layoutText":null}],"mainLabel":377},"portCompositions":[{"type":"portGroup","@id":378,"ordered":false,"portCompositions":[{"type":"port","@id":379,"shape":{"type":"rect","xposition":"NaN","yposition":"NaN","width":"NaN","height":"NaN","shapeStyle":2},"labelManager":{"labels":[{"type":"textLabel","@id":380,"inputText":"3","labelStyle":4,"shape":null,"layoutText":null}],"mainLabel":380},"properties":{},"orientationAtVertex":"FREE","reference":null},{"type":"port","@id":381,"shape":{"type":"rect","xposition":"NaN","yposition":"NaN","width":"NaN","height":"NaN","shapeStyle":2},"labelManager":{"labels":[{"type":"textLabel","@id":382,"inputText":"1","labelStyle":4,"shape":null,"layoutText":null}],"mainLabel":382},"properties":{},"orientationAtVertex":"FREE","reference":null},{"type":"port","@id":383,"shape":{"type":"rect","xposition":"NaN","yposition":"NaN","width":"NaN","height":"NaN","shapeStyle":17},"labelManager":{"labels":[{"type":"textLabel","@id":384,"inputText":"2","labelStyle":19,"shape":null,"layoutText":null}],"mainLabel":384},"properties":{},"orientationAtVertex":"FREE","reference":null}],"properties":{},"reference":null}],"properties":{},"reference":"plug"},{"@id":385,"shape":{"type":"rect","xposition":"NaN","yposition":"NaN","width":"NaN","height":"NaN","shapeStyle":2},"labelManager":{"labels":[{"type":"textLabel","@id":386,"inputText":"Leon","labelStyle":4,"shape":null,"layoutText":null}],"mainLabel":386},"portCompositions":[{"type":"portGroup","@id":387,"ordered":false,"portCompositions":[{"type":"port","@id":388,"shape":{"type":"rect","xposition":"NaN","yposition":"NaN","width":"NaN","height":"NaN","shapeStyle":2},"labelManager":{"labels":[{"type":"textLabel","@id":389,"inputText":"2","labelStyle":4,"shape":null,"layoutText":null}],"mainLabel":389},"properties":{},"orientationAtVertex":"FREE","reference":null},{"type":"port","@id":390,"shape":{"type":"rect","xposition":"NaN","yposition":"NaN","width":"NaN","height":"NaN","shapeStyle":2},"labelManager":{"labels":[{"type":"textLabel","@id":391,"inputText":"1","labelStyle":4,"shape":null,"layoutText":null}],"mainLabel":391},"properties":{},"orientationAtVertex":"FREE","reference":null}],"properties":{},"reference":null}],"properties":{},"reference":"device"},{"@id":392,"shape":{"type":"rect","xposition":"NaN","yposition":"NaN","width":"NaN","height":"NaN","shapeStyle":2},"labelManager":{"labels":[{"type":"textLabel","@id":393,"inputText":"Vincent","labelStyle":4,"shape":null,"layoutText":null}],"mainLabel":393},"portCompositions":[{"type":"portGroup","@id":394,"ordered":false,"portCompositions":[{"type":"port","@id":395,"shape":{"type":"rect","xposition":"NaN","yposition":"NaN","width":"NaN","height":"NaN","shapeStyle":2},"labelManager":{"labels":[{"type":"textLabel","@id":396,"inputText":"2","labelStyle":4,"shape":null,"layoutText":null}],"mainLabel":396},"properties":{},"orientationAtVertex":"FREE","reference":null},{"type":"port","@id":397,"shape":{"type":"rect","xposition":"NaN","yposition":"NaN","width":"NaN","height":"NaN","shapeStyle":2},"labelManager":{"labels":[{"type":"textLabel","@id":398,"inputText":"1","labelStyle":4,"shape":null,"layoutText":null}],"mainLabel":398},"properties":{},"orientationAtVertex":"FREE","reference":null}],"properties":{},"reference":null}],"properties":{},"reference":"plug"},{"@id":399,"shape":{"type":"rect","xposition":"NaN","yposition":"NaN","width":"NaN","height":"NaN","shapeStyle":2},"labelManager":{"labels":[{"type":"textLabel","@id":400,"inputText":"Julian","labelStyle":4,"shape":null,"layoutText":null}],"mainLabel":400},"portCompositions":[{"type":"port","@id":401,"shape":{"type":"rect","xposition":"NaN","yposition":"NaN","width":"NaN","height":"NaN","shapeStyle":2},"labelManager":{"labels":[{"type":"textLabel","@id":402,"inputText":"1","labelStyle":4,"shape":null,"layoutText":null}],"mainLabel":402},"properties":{},"orientationAtVertex":"FREE","reference":null}],"properties":{},"reference":"splice"},{"@id":403,"shape":{"type":"rect","xposition":"NaN","yposition":"NaN","width":"NaN","height":"NaN","shapeStyle":2},"labelManager":{"labels":[{"type":"textLabel","@id":404,"inputText":"Niklas","labelStyle":4,"shape":null,"layoutText":null}],"mainLabel":404},"portCompositions":[{"type":"portGroup","@id":405,"ordered":false,"portCompositions":[{"type":"port","@id":406,"shape":{"type":"rect","xposition":"NaN","yposition":"NaN","width":"NaN","height":"NaN","shapeStyle":2},"labelManager":{"labels":[{"type":"textLabel","@id":407,"inputText":"3","labelStyle":4,"shape":null,"layoutText":null}],"mainLabel":407},"properties":{},"orientationAtVertex":"FREE","reference":null},{"type":"port","@id":408,"shape":{"type":"rect","xposition":"NaN","yposition":"NaN","width":"NaN","height":"NaN","shapeStyle":2},"labelManager":{"labels":[{"type":"textLabel","@id":409,"inputText":"1","labelStyle":4,"shape":null,"layoutText":null}],"mainLabel":409},"properties":{},"orientationAtVertex":"FREE","reference":null},{"type":"port","@id":410,"shape":{"type":"rect","xposition":"NaN","yposition":"NaN","width":"NaN","height":"NaN","shapeStyle":17},"labelManager":{"labels":[{"type":"textLabel","@id":411,"inputText":"2","labelStyle":19,"shape":null,"layoutText":null}],"mainLabel":411},"properties":{},"orientationAtVertex":"FREE","reference":null}],"properties":{},"reference":null}],"properties":{},"reference":"device"},{"@id":412,"shape":{"type":"rect","xposition":"NaN","yposition":"NaN","width":"NaN","height":"NaN","shapeStyle":2},"labelManager":{"labels":[{"type":"textLabel","@id":413,"inputText":"Noah","labelStyle":4,"shape":null,"layoutText":null}],"mainLabel":413},"portCompositions":[{"type":"portGroup","@id":414,"ordered":false,"portCompositions":[{"type":"port","@id":415,"shape":{"type":"rect","xposition":"NaN","yposition":"NaN","width":"NaN","height":"NaN","shapeStyle":2},"labelManager":{"labels":[{"type":"textLabel","@id":416,"inputText":"3","labelStyle":4,"shape":null,"layoutText":null}],"mainLabel":416},"properties":{},"orientationAtVertex":"FREE","reference":null},{"type":"port","@id":417,"shape":{"type":"rect","xposition":"NaN","yposition":"NaN","width":"NaN","height":"NaN","shapeStyle":2},"labelManager":{"labels":[{"type":"textLabel","@id":418,"inputText":"1","labelStyle":4,"shape":null,"layoutText":null}],"mainLabel":418},"properties":{},"orientationAtVertex":"FREE","reference":null},{"type":"port","@id":419,"shape":{"type":"rect","xposition":"NaN","yposition":"NaN","width":"NaN","height":"NaN","shapeStyle":17},"labelManager":{"labels":[{"type":"textLabel","@id":420,"inputText":"2","labelStyle":19,"shape":null,"layoutText":null}],"mainLabel":420},"properties":{},"orientationAtVertex":"FREE","reference":null}],"properties":{},"reference":null}],"properties":{},"reference":"plug"},{"@id":421,"shape":null,"labelManager":{"labels":[{"type":"textLabel","@id":422,"inputText":"Emil","labelStyle":19,"shape":null,"layoutText":null}],"mainLabel":422},"portCompositions":[{"type":"portGroup","@id":423,"ordered":false,"portCompositions":[{"type":"port","@id":424,"shape":{"type":"rect","xposition":"NaN","yposition":"NaN","width":"NaN","height":"NaN","shapeStyle":17},"labelManager":{"labels":[{"type":"textLabel","@id":425,"inputText":"1","labelStyle":19,"shape":null,"layoutText":null}],"mainLabel":425},"properties":{},"orientationAtVertex":"FREE","reference":null}],"properties":{},"reference":null}],"properties":{},"reference":null},{"@id":426,"shape":null,"labelManager":{"labels":[{"type":"textLabel","@id":427,"inputText":"David","labelStyle":19,"shape":null,"layoutText":null}],"mainLabel":427},"portCompositions":[{"type":"portGroup","@id":428,"ordered":false,"portCompositions":[{"type":"port","@id":429,"shape":{"type":"rect","xposition":"NaN","yposition":"NaN","width":"NaN","height":"NaN","shapeStyle":17},"labelManager":{"labels":[{"type":"textLabel","@id":430,"inputText":"1","labelStyle":19,"shape":null,"layoutText":null}],"mainLabel":430},"properties":{},"orientationAtVertex":"FREE","reference":null}],"properties":{},"reference":null}],"properties":{},"reference":null},{"@id":431,"shape":null,"labelManager":{"labels":[{"type":"textLabel","@id":432,"inputText":"Alexander","labelStyle":19,"shape":null,"layoutText":null}],"mainLabel":432},"portCompositions":[{"type":"portGroup","@id":433,"ordered":false,"portCompositions":[{"type":"port","@id":434,"shape":{"type":"rect","xposition":"NaN","yposition":"NaN","width":"NaN","height":"NaN","shapeStyle":17},"labelManager":{"labels":[{"type":"textLabel","@id":435,"inputText":"2","labelStyle":19,"shape":null,"layoutText":null}],"mainLabel":435},"properties":{},"orientationAtVertex":"FREE","reference":null},{"type":"port","@id":436,"shape":{"type":"rect","xposition":"NaN","yposition":"NaN","width":"NaN","height":"NaN","shapeStyle":17},"labelManager":{"labels":[{"type":"textLabel","@id":437,"inputText":"1","labelStyle":19,"shape":null,"layoutText":null}],"mainLabel":437},"properties":{},"orientationAtVertex":"FREE","reference":null}],"properties":{},"reference":null}],"properties":{},"reference":null},{"@id":438,"shape":null,"labelManager":{"labels":[{"type":"textLabel","@id":439,"inputText":"Theo","labelStyle":19,"shape":null,"layoutText":null}],"mainLabel":439},"portCompositions":[{"type":"portGroup","@id":440,"ordered":false,"portCompositions":[{"type":"port","@id":441,"shape":{"type":"rect","xposition":"NaN","yposition":"NaN","width":"NaN","height":"NaN","shapeStyle":17},"labelManager":{"labels":[{"type":"textLabel","@id":442,"inputText":"2","labelStyle":19,"shape":null,"layoutText":null}],"mainLabel":442},"properties":{},"orientationAtVertex":"FREE","reference":null},{"type":"port","@id":443,"shape":{"type":"rect","xposition":"NaN","yposition":"NaN","width":"NaN","height":"NaN","shapeStyle":17},"labelManager":{"labels":[{"type":"textLabel","@id":444,"inputText":"1","labelStyle":19,"shape":null,"layoutText":null}],"mainLabel":444},"properties":{},"orientationAtVertex":"FREE","reference":null}],"properties":{},"reference":null}],"properties":{},"reference":null},{"@id":445,"shape":null,"labelManager":{"labels":[{"type":"textLabel","@id":446,"inputText":"Felix","labelStyle":19,"shape":null,"layoutText":null}],"mainLabel":446},"portCompositions":[{"type":"portGroup","@id":447,"ordered":false,"portCompositions":[{"type":"port","@id":448,"shape":{"type":"rect","xposition":"NaN","yposition":"NaN","width":"NaN","height":"NaN","shapeStyle":17},"labelManager":{"labels":[{"type":"textLabel","@id":449,"inputText":"1","labelStyle":19,"shape":null,"layoutText":null}],"mainLabel":449},"properties":{},"orientationAtVertex":"FREE","reference":null}],"properties":{},"reference":null}],"properties":{},"reference":null},{"@id":450,"shape":null,"labelManager":{"labels":[{"type":"textLabel","@id":451,"inputText":"Luis","labelStyle":19,"shape":null,"layoutText":null}],"mainLabel":451},"portCompositions":[{"type":"portGroup","@id":452,"ordered":false,"portCompositions":[{"type":"port","@id":453,"shape":{"type":"rect","xposition":"NaN","yposition":"NaN","width":"NaN","height":"NaN","shapeStyle":17},"labelManager":{"labels":[{"type":"textLabel","@id":454,"inputText":"1","labelStyle":19,"shape":null,"layoutText":null}],"mainLabel":454},"properties":{},"orientationAtVertex":"FREE","reference":null}],"properties":{},"reference":null}],"properties":{},"reference":null},{"@id":455,"shape":null,"labelManager":{"labels":[{"type":"textLabel","@id":456,"inputText":"Noah","labelStyle":19,"shape":null,"layoutText":null}],"mainLabel":456},"portCompositions":[{"type":"portGroup","@id":457,"ordered":false,"portCompositions":[{"type":"port","@id":458,"shape":{"type":"rect","xposition":"NaN","yposition":"NaN","width":"NaN","height":"NaN","shapeStyle":17},"labelManager":{"labels":[{"type":"textLabel","@id":459,"inputText":"1","labelStyle":19,"shape":null,"layoutText":null}],"mainLabel":459},"properties":{},"orientationAtVertex":"FREE","reference":null}],"properties":{},"reference":null}],"properties":{},"reference":null},{"@id":460,"shape":null,"labelManager":{"labels":[{"type":"textLabel","@id":461,"inputText":"Johannes","labelStyle":19,"shape":null,"layoutText":null}],"mainLabel":461},"portCompositions":[{"type":"portGroup","@id":462,"ordered":false,"portCompositions":[{"type":"port","@id":463,"shape":{"type":"rect","xposition":"NaN","yposition":"NaN","width":"NaN","height":"NaN","shapeStyle":17},"labelManager":{"labels":[{"type":"textLabel","@id":464,"inputText":"1","labelStyle":19,"shape":null,"layoutText":null}],"mainLabel":464},"properties":{},"orientationAtVertex":"FREE","reference":null}],"properties":{},"reference":null}],"properties":{},"reference":null}],"vertexGroups":[{"@id":465,"drawnFrame":false,"labelManager":{"labels":[],"mainLabel":null},"shape":null,"containedVertices":[1,20],"containedVertexGroups":[],"touchingPairs":[{"vertex0":1,"horizontalPlacementVertex0":"FREE","verticalPlacementVertex0":"TOP","vertex1":20,"horizontalPlacementVertex1":"FREE","verticalPlacementVertex1":"FREE"}],"portPairings":[{"port0":6,"port1":23},{"port0":12,"port1":29},{"port0":14,"port1":31},{"port0":8,"port1":25},{"port0":10,"port1":27},{"port0":16,"port1":33}],"properties":{},"reference":null},{"@id":466,"drawnFrame":false,"labelManager":{"labels":[],"mainLabel":null},"shape":null,"containedVertices":[39,48],"containedVertexGroups":[],"touchingPairs":[{"vertex0":39,"horizontalPlacementVertex0":"FREE","verticalPlacementVertex0":"TOP","vertex1":48,"horizontalPlacementVertex1":"FREE","verticalPlacementVertex1":"FREE"}],"portPairings":[{"port0":42,"port1":51},{"port0":44,"port1":53},{"port0":46,"port1":55}],"properties":{},"reference":null},{"@id":467,"drawnFrame":false,"labelManager":{"labels":[],"mainLabel":null},"shape":null,"containedVertices":[61,74],"containedVertexGroups":[],"touchingPairs":[{"vertex0":61,"horizontalPlacementVertex0":"FREE","verticalPlacementVertex0":"TOP","vertex1":74,"horizontalPlacementVertex1":"FREE","verticalPlacementVertex1":"FREE"}],"portPairings":[{"port0":64,"port1":77},{"port0":66,"port1":79},{"port0":68,"port1":81},{"port0":70,"port1":83},{"port0":72,"port1":85}],"properties":{},"reference":null},{"@id":468,"drawnFrame":false,"labelManager":{"labels":[],"mainLabel":null},"shape":null,"containedVertices":[95,106],"containedVertexGroups":[],"touchingPairs":[{"vertex0":95,"horizontalPlacementVertex0":"FREE","verticalPlacementVertex0":"TOP","vertex1":106,"horizontalPlacementVertex1":"FREE","verticalPlacementVertex1":"FREE"}],"portPairings":[{"port0":98,"port1":109},{"port0":100,"port1":111},{"port0":102,"port1":113},{"port0":104,"port1":115}],"properties":{},"reference":null},{"@id":469,"drawnFrame":false,"labelManager":{"labels":[],"mainLabel":null},"shape":null,"containedVertices":[133,154],"containedVertexGroups":[],"touchingPairs":[{"vertex0":133,"horizontalPlacementVertex0":"FREE","verticalPlacementVertex0":"TOP","vertex1":154,"horizontalPlacementVertex1":"FREE","verticalPlacementVertex1":"FREE"}],"portPairings":[{"port0":138,"port1":159},{"port0":136,"port1":157},{"port0":140,"port1":161},{"port0":142,"port1":163},{"port0":144,"port1":165},{"port0":146,"port1":167},{"port0":148,"port1":169},{"port0":150,"port1":171},{"port0":152,"port1":173}],"properties":{},"reference":null},{"@id":470,"drawnFrame":false,"labelManager":{"labels":[],"mainLabel":null},"shape":null,"containedVertices":[179,190],"containedVertexGroups":[],"touchingPairs":[{"vertex0":179,"horizontalPlacementVertex0":"FREE","verticalPlacementVertex0":"TOP","vertex1":190,"horizontalPlacementVertex1":"FREE","verticalPlacementVertex1":"FREE"}],"portPairings":[{"port0":188,"port1":199},{"port0":186,"port1":197},{"port0":184,"port1":195},{"port0":182,"port1":193}],"properties":{},"reference":null},{"@id":471,"drawnFrame":false,"labelManager":{"labels":[],"mainLabel":null},"shape":null,"containedVertices":[213,224],"containedVertexGroups":[],"touchingPairs":[{"vertex0":213,"horizontalPlacementVertex0":"FREE","verticalPlacementVertex0":"TOP","vertex1":224,"horizontalPlacementVertex1":"FREE","verticalPlacementVertex1":"FREE"}],"portPairings":[{"port0":216,"port1":227},{"port0":218,"port1":229},{"port0":220,"port1":231},{"port0":222,"port1":233}],"properties":{},"reference":null},{"@id":472,"drawnFrame":false,"labelManager":{"labels":[],"mainLabel":null},"shape":null,"containedVertices":[235,242],"containedVertexGroups":[],"touchingPairs":[{"vertex0":235,"horizontalPlacementVertex0":"FREE","verticalPlacementVertex0":"TOP","vertex1":242,"horizontalPlacementVertex1":"FREE","verticalPlacementVertex1":"FREE"}],"portPairings":[{"port0":238,"port1":245},{"port0":240,"port1":247}],"properties":{},"reference":null},{"@id":473,"drawnFrame":false,"labelManager":{"labels":[],"mainLabel":null},"shape":null,"containedVertices":[249,284],"containedVertexGroups":[],"touchingPairs":[{"vertex0":249,"horizontalPlacementVertex0":"FREE","verticalPlacementVertex0":"TOP","vertex1":284,"horizontalPlacementVertex1":"FREE","verticalPlacementVertex1":"FREE"}],"portPairings":[{"port0":258,"port1":293},{"port0":270,"port1":305},{"port0":252,"port1":287},{"port0":256,"port1":291},{"port0":260,"port1":295},{"port0":262,"port1":297},{"port0":276,"port1":311},{"port0":272,"port1":307},{"port0":274,"port1":309},{"port0":264,"port1":299},{"port0":266,"port1":301},{"port0":280,"port1":315},{"port0":282,"port1":317},{"port0":254,"port1":289},{"port0":268,"port1":303},{"port0":278,"port1":313}],"properties":{},"reference":null},{"@id":474,"drawnFrame":false,"labelManager":{"labels":[],"mainLabel":null},"shape":null,"containedVertices":[327,336],"containedVertexGroups":[],"touchingPairs":[{"vertex0":327,"horizontalPlacementVertex0":"FREE","verticalPlacementVertex0":"TOP","vertex1":336,"horizontalPlacementVertex1":"FREE","verticalPlacementVertex1":"FREE"}],"portPairings":[{"port0":330,"port1":339},{"port0":332,"port1":341},{"port0":334,"port1":343}],"properties":{},"reference":null},{"@id":475,"drawnFrame":false,"labelManager":{"labels":[],"mainLabel":null},"shape":null,"containedVertices":[345,354],"containedVertexGroups":[],"touchingPairs":[{"vertex0":345,"horizontalPlacementVertex0":"FREE","verticalPlacementVertex0":"TOP","vertex1":354,"horizontalPlacementVertex1":"FREE","verticalPlacementVertex1":"FREE"}],"portPairings":[{"port0":348,"port1":357},{"port0":350,"port1":359},{"port0":352,"port1":361}],"properties":{},"reference":null},{"@id":476,"drawnFrame":false,"labelManager":{"labels":[],"mainLabel":null},"shape":null,"containedVertices":[367,376],"containedVertexGroups":[],"touchingPairs":[{"vertex0":367,"horizontalPlacementVertex0":"FREE","verticalPlacementVertex0":"TOP","vertex1":376,"horizontalPlacementVertex1":"FREE","verticalPlacementVertex1":"FREE"}],"portPairings":[{"port0":370,"port1":379},{"port0":372,"port1":381},{"port0":374,"port1":383}],"properties":{},"reference":null},{"@id":477,"drawnFrame":false,"labelManager":{"labels":[],"mainLabel":null},"shape":null,"containedVertices":[385,392],"containedVertexGroups":[],"touchingPairs":[{"vertex0":385,"horizontalPlacementVertex0":"FREE","verticalPlacementVertex0":"TOP","vertex1":392,"horizontalPlacementVertex1":"FREE","verticalPlacementVertex1":"FREE"}],"portPairings":[{"port0":390,"port1":397},{"port0":388,"port1":395}],"properties":{},"reference":null},{"@id":478,"drawnFrame":false,"labelManager":{"labels":[],"mainLabel":null},"shape":null,"containedVertices":[403,412],"containedVertexGroups":[],"touchingPairs":[{"vertex0":403,"horizontalPlacementVertex0":"FREE","verticalPlacementVertex0":"TOP","vertex1":412,"horizontalPlacementVertex1":"FREE","verticalPlacementVertex1":"FREE"}],"portPairings":[{"port0":406,"port1":415},{"port0":408,"port1":417},{"port0":410,"port1":419}],"properties":{},"reference":null},{"@id":479,"drawnFrame":false,"labelManager":{"labels":[],"mainLabel":null},"shape":null,"containedVertices":[431,438],"containedVertexGroups":[],"touchingPairs":[{"vertex0":431,"horizontalPlacementVertex0":"FREE","verticalPlacementVertex0":"FREE","vertex1":438,"horizontalPlacementVertex1":"FREE","verticalPlacementVertex1":"FREE"}],"portPairings":[{"port0":434,"port1":441},{"port0":436,"port1":443}],"properties":{},"reference":null},{"@id":480,"drawnFrame":false,"labelManager":{"labels":[],"mainLabel":null},"shape":null,"containedVertices":[445,450],"containedVertexGroups":[],"touchingPairs":[{"vertex0":445,"horizontalPlacementVertex0":"FREE","verticalPlacementVertex0":"FREE","vertex1":450,"horizontalPlacementVertex1":"FREE","verticalPlacementVertex1":"FREE"}],"portPairings":[{"port0":448,"port1":453}],"properties":{},"reference":null},{"@id":481,"drawnFrame":false,"labelManager":{"labels":[],"mainLabel":null},"shape":null,"containedVertices":[455,460],"containedVertexGroups":[],"touchingPairs":[{"vertex0":455,"horizontalPlacementVertex0":"FREE","verticalPlacementVertex0":"FREE","vertex1":460,"horizontalPlacementVertex1":"FREE","verticalPlacementVertex1":"FREE"}],"portPairings":[{"port0":458,"port1":463}],"properties":{},"reference":null}],"edges":[{"@id":482,"ports":[313,203],"labelManager":{"innerLabels":[{"type":"textLabel","@id":483,"inputText":"Frederik","labelStyle":4,"shape":null,"layoutText":null}],"allPortLabels":[],"mainLabel":483},"pathStyle":{"@id":484,"description":"default path style","thickness":-1.0,"color":{"argb":"ff000000"}},"paths":[],"properties":{},"reference":null},{"@id":485,"ports":[307,119],"labelManager":{"innerLabels":[{"type":"textLabel","@id":486,"inputText":"Levi","labelStyle":4,"shape":null,"layoutText":null}],"allPortLabels":[],"mainLabel":486},"pathStyle":484,"paths":[],"properties":{},"reference":null},{"@id":487,"ports":[293,379],"labelManager":{"innerLabels":[{"type":"textLabel","@id":488,"inputText":"Benedikt","labelStyle":4,"shape":null,"layoutText":null}],"allPortLabels":[],"mainLabel":488},"pathStyle":484,"paths":[],"properties":{},"reference":null},{"@id":489,"ports":[89,195],"labelManager":{"innerLabels":[{"type":"textLabel","@id":490,"inputText":"Kian","labelStyle":4,"shape":null,"layoutText":null}],"allPortLabels":[],"mainLabel":490},"pathStyle":484,"paths":[],"properties":{},"reference":null},{"@id":491,"ports":[207,81],"labelManager":{"innerLabels":[{"type":"textLabel","@id":492,"inputText":"Aaron","labelStyle":4,"shape":null,"layoutText":null}],"allPortLabels":[],"mainLabel":492},"pathStyle":484,"paths":[],"properties":{},"reference":null},{"@id":493,"ports":[289,397],"labelManager":{"innerLabels":[{"type":"textLabel","@id":494,"inputText":"Friedrich","labelStyle":4,"shape":null,"layoutText":null}],"allPortLabels":[],"mainLabel":494},"pathStyle":484,"paths":[],"properties":{},"reference":null},{"@id":495,"ports":[131,89],"labelManager":{"innerLabels":[{"type":"textLabel","@id":496,"inputText":"Wilhelm","labelStyle":4,"shape":null,"layoutText":null}],"allPortLabels":[],"mainLabel":496},"pathStyle":484,"paths":[],"properties":{},"reference":null},{"@id":497,"ports":[109,401],"labelManager":{"innerLabels":[{"type":"textLabel","@id":498,"inputText":"Erik","labelStyle":4,"shape":null,"layoutText":null}],"allPortLabels":[],"mainLabel":498},"pathStyle":484,"paths":[],"properties":{},"reference":null},{"@id":499,"ports":[415,297],"labelManager":{"innerLabels":[{"type":"textLabel","@id":500,"inputText":"Joshua","labelStyle":4,"shape":null,"layoutText":null}],"allPortLabels":[],"mainLabel":500},"pathStyle":484,"paths":[],"properties":{},"reference":null},{"@id":501,"ports":[417,203],"labelManager":{"innerLabels":[{"type":"textLabel","@id":502,"inputText":"Justus","labelStyle":4,"shape":null,"layoutText":null}],"allPortLabels":[],"mainLabel":502},"pathStyle":484,"paths":[],"properties":{},"reference":null},{"@id":503,"ports":[115,401],"labelManager":{"innerLabels":[{"type":"textLabel","@id":504,"inputText":"Florian","labelStyle":4,"shape":null,"layoutText":null}],"allPortLabels":[],"mainLabel":504},"pathStyle":484,"paths":[],"properties":{},"reference":null},{"@id":505,"ports":[395,203],"labelManager":{"innerLabels":[{"type":"textLabel","@id":506,"inputText":"Linus","labelStyle":4,"shape":null,"layoutText":null}],"allPortLabels":[],"mainLabel":506},"pathStyle":484,"paths":[],"properties":{},"reference":null},{"@id":507,"ports":[359,211],"labelManager":{"innerLabels":[{"type":"textLabel","@id":508,"inputText":"Michael","labelStyle":4,"shape":null,"layoutText":null}],"allPortLabels":[],"mainLabel":508},"pathStyle":484,"paths":[],"properties":{},"reference":null},{"@id":509,"ports":[216,177,159],"labelManager":{"innerLabels":[{"type":"textLabel","@id":510,"inputText":"Mert","labelStyle":4,"shape":null,"layoutText":null}],"allPortLabels":[],"mainLabel":510},"pathStyle":484,"paths":[],"properties":{},"reference":null},{"@id":511,"ports":[197,37],"labelManager":{"innerLabels":[{"type":"textLabel","@id":512,"inputText":"Nico","labelStyle":4,"shape":null,"layoutText":null}],"allPortLabels":[],"mainLabel":512},"pathStyle":484,"paths":[],"properties":{},"reference":null},{"@id":513,"ports":[93,227],"labelManager":{"innerLabels":[{"type":"textLabel","@id":514,"inputText":"Kaan","labelStyle":4,"shape":null,"layoutText":null}],"allPortLabels":[],"mainLabel":514},"pathStyle":484,"paths":[],"properties":{},"reference":null},{"@id":515,"ports":[123,53],"labelManager":{"innerLabels":[{"type":"textLabel","@id":516,"inputText":"Oemer","labelStyle":4,"shape":null,"layoutText":null}],"allPortLabels":[],"mainLabel":516},"pathStyle":484,"paths":[],"properties":{},"reference":null},{"@id":517,"ports":[93,31],"labelManager":{"innerLabels":[{"type":"textLabel","@id":518,"inputText":"Robin","labelStyle":4,"shape":null,"layoutText":null}],"allPortLabels":[],"mainLabel":518},"pathStyle":484,"paths":[],"properties":{},"reference":null},{"@id":519,"ports":[127,199],"labelManager":{"innerLabels":[{"type":"textLabel","@id":520,"inputText":"Ole","labelStyle":4,"shape":null,"layoutText":null}],"allPortLabels":[],"mainLabel":520},"pathStyle":484,"paths":[],"properties":{},"reference":null},{"@id":521,"ports":[211,339],"labelManager":{"innerLabels":[{"type":"textLabel","@id":522,"inputText":"Alessio","labelStyle":4,"shape":null,"layoutText":null}],"allPortLabels":[],"mainLabel":522},"pathStyle":484,"paths":[],"properties":{},"reference":null},{"@id":523,"ports":[29,365],"labelManager":{"innerLabels":[{"type":"textLabel","@id":524,"inputText":"Jasper","labelStyle":4,"shape":null,"layoutText":null}],"allPortLabels":[],"mainLabel":524},"pathStyle":484,"paths":[],"properties":{},"reference":null},{"@id":525,"ports":[321,365],"labelManager":{"innerLabels":[{"type":"textLabel","@id":526,"inputText":"Deniz","labelStyle":4,"shape":null,"layoutText":null}],"allPortLabels":[],"mainLabel":526},"pathStyle":484,"paths":[],"properties":{},"reference":null},{"@id":527,"ports":[127,77],"labelManager":{"innerLabels":[{"type":"textLabel","@id":528,"inputText":"Theodor","labelStyle":4,"shape":null,"layoutText":null}],"allPortLabels":[],"mainLabel":528},"pathStyle":484,"paths":[],"properties":{},"reference":null},{"@id":529,"ports":[93,23],"labelManager":{"innerLabels":[{"type":"textLabel","@id":530,"inputText":"Fynn","labelStyle":4,"shape":null,"layoutText":null}],"allPortLabels":[],"mainLabel":530},"pathStyle":484,"paths":[],"properties":{},"reference":null},{"@id":531,"ports":[381,315],"labelManager":{"innerLabels":[{"type":"textLabel","@id":532,"inputText":"Josef","labelStyle":4,"shape":null,"layoutText":null}],"allPortLabels":[],"mainLabel":532},"pathStyle":484,"paths":[],"properties":{},"reference":null},{"@id":533,"ports":[131,25],"labelManager":{"innerLabels":[{"type":"textLabel","@id":534,"inputText":"Hamza","labelStyle":4,"shape":null,"layoutText":null}],"allPortLabels":[],"mainLabel":534},"pathStyle":484,"paths":[],"properties":{},"reference":null},{"@id":535,"ports":[27,136],"labelManager":{"innerLabels":[{"type":"textLabel","@id":536,"inputText":"Maxim","labelStyle":4,"shape":null,"layoutText":null}],"allPortLabels":[],"mainLabel":536},"pathStyle":484,"paths":[],"properties":{},"reference":null},{"@id":537,"ports":[207,193],"labelManager":{"innerLabels":[{"type":"textLabel","@id":538,"inputText":"Timo","labelStyle":4,"shape":null,"layoutText":null}],"allPortLabels":[],"mainLabel":538},"pathStyle":484,"paths":[],"properties":{},"reference":null},{"@id":539,"ports":[127,138],"labelManager":{"innerLabels":[{"type":"textLabel","@id":540,"inputText":"Ferdinand","labelStyle":4,"shape":null,"layoutText":null}],"allPortLabels":[],"mainLabel":540},"pathStyle":484,"paths":[],"properties":{},"reference":null},{"@id":541,"ports":[131,59],"labelManager":{"innerLabels":[{"type":"textLabel","@id":542,"inputText":"Tobias","labelStyle":4,"shape":null,"layoutText":null}],"allPortLabels":[],"mainLabel":542},"pathStyle":484,"paths":[],"properties":{},"reference":null},{"@id":543,"ports":[37,365],"labelManager":{"innerLabels":[{"type":"textLabel","@id":544,"inputText":"Till","labelStyle":4,"shape":null,"layoutText":null}],"allPortLabels":[],"mainLabel":544},"pathStyle":484,"paths":[],"properties":{},"reference":null},{"@id":545,"ports":[361,163],"labelManager":{"innerLabels":[{"type":"textLabel","@id":546,"inputText":"Constantin","labelStyle":19,"shape":null,"layoutText":null}],"allPortLabels":[],"mainLabel":546},"pathStyle":{"@id":547,"description":"default path style","thickness":-1.0,"color":{"argb":"ff000000"}},"paths":[],"properties":{},"reference":null},{"@id":548,"ports":[429,424],"labelManager":{"innerLabels":[{"type":"textLabel","@id":549,"inputText":"Emir","labelStyle":19,"shape":null,"layoutText":null}],"allPortLabels":[],"mainLabel":549},"pathStyle":547,"paths":[],"properties":{},"reference":null},{"@id":550,"ports":[245,453],"labelManager":{"innerLabels":[{"type":"textLabel","@id":551,"inputText":"Lennard","labelStyle":19,"shape":null,"layoutText":null}],"allPortLabels":[],"mainLabel":551},"pathStyle":547,"paths":[],"properties":{},"reference":null},{"@id":552,"ports":[247,441],"labelManager":{"innerLabels":[{"type":"textLabel","@id":553,"inputText":"Adrian","labelStyle":19,"shape":null,"layoutText":null}],"allPortLabels":[],"mainLabel":553},"pathStyle":547,"paths":[],"properties":{},"reference":null},{"@id":554,"ports":[218,113],"labelManager":{"innerLabels":[{"type":"textLabel","@id":555,"inputText":"Jonah","labelStyle":19,"shape":null,"layoutText":null}],"allPortLabels":[],"mainLabel":555},"pathStyle":547,"paths":[],"properties":{},"reference":null},{"@id":556,"ports":[165,429],"labelManager":{"innerLabels":[{"type":"textLabel","@id":557,"inputText":"Mika","labelStyle":19,"shape":null,"layoutText":null}],"allPortLabels":[],"mainLabel":557},"pathStyle":547,"paths":[],"properties":{},"reference":null},{"@id":558,"ports":[419,173],"labelManager":{"innerLabels":[{"type":"textLabel","@id":559,"inputText":"Noel","labelStyle":19,"shape":null,"layoutText":null}],"allPortLabels":[],"mainLabel":559},"pathStyle":547,"paths":[],"properties":{},"reference":null},{"@id":560,"ports":[55,152],"labelManager":{"innerLabels":[{"type":"textLabel","@id":561,"inputText":"Fritz","labelStyle":19,"shape":null,"layoutText":null}],"allPortLabels":[],"mainLabel":561},"pathStyle":547,"paths":[],"properties":{},"reference":null},{"@id":562,"ports":[434,325],"labelManager":{"innerLabels":[{"type":"textLabel","@id":563,"inputText":"Jona","labelStyle":19,"shape":null,"layoutText":null}],"allPortLabels":[],"mainLabel":563},"pathStyle":547,"paths":[],"properties":{},"reference":null},{"@id":564,"ports":[295,463],"labelManager":{"innerLabels":[{"type":"textLabel","@id":565,"inputText":"Konstantin","labelStyle":19,"shape":null,"layoutText":null}],"allPortLabels":[],"mainLabel":565},"pathStyle":547,"paths":[],"properties":{},"reference":null},{"@id":566,"ports":[83,443],"labelManager":{"innerLabels":[{"type":"textLabel","@id":567,"inputText":"Fabian","labelStyle":19,"shape":null,"layoutText":null}],"allPortLabels":[],"mainLabel":567},"pathStyle":547,"paths":[],"properties":{},"reference":null},{"@id":568,"ports":[161,222,220],"labelManager":{"innerLabels":[{"type":"textLabel","@id":569,"inputText":"Aaron","labelStyle":19,"shape":null,"layoutText":null}],"allPortLabels":[],"mainLabel":569},"pathStyle":547,"paths":[],"properties":{},"reference":null},{"@id":570,"ports":[142,150,51],"labelManager":{"innerLabels":[{"type":"textLabel","@id":571,"inputText":"Nick","labelStyle":19,"shape":null,"layoutText":null}],"allPortLabels":[],"mainLabel":571},"pathStyle":547,"paths":[],"properties":{},"reference":null},{"@id":572,"ports":[383,301],"labelManager":{"innerLabels":[{"type":"textLabel","@id":573,"inputText":"Constantin","labelStyle":19,"shape":null,"layoutText":null}],"allPortLabels":[],"mainLabel":573},"pathStyle":547,"paths":[],"properties":{},"reference":null},{"@id":574,"ports":[222,161],"labelManager":{"innerLabels":[{"type":"textLabel","@id":575,"inputText":"Mert","labelStyle":19,"shape":null,"layoutText":null}],"allPortLabels":[],"mainLabel":575},"pathStyle":547,"paths":[],"properties":{},"reference":null},{"@id":576,"ports":[148,51],"labelManager":{"innerLabels":[{"type":"textLabel","@id":577,"inputText":"Lennard","labelStyle":19,"shape":null,"layoutText":null}],"allPortLabels":[],"mainLabel":577},"pathStyle":547,"paths":[],"properties":{},"reference":null},{"@id":578,"ports":[51,140],"labelManager":{"innerLabels":[{"type":"textLabel","@id":579,"inputText":"Matthias","labelStyle":19,"shape":null,"layoutText":null}],"allPortLabels":[],"mainLabel":579},"pathStyle":547,"paths":[],"properties":{},"reference":null},{"@id":580,"ports":[311,383],"labelManager":{"innerLabels":[{"type":"textLabel","@id":581,"inputText":"Fritz","labelStyle":19,"shape":null,"layoutText":null}],"allPortLabels":[],"mainLabel":581},"pathStyle":547,"paths":[],"properties":{},"reference":null},{"@id":582,"ports":[222,171],"labelManager":{"innerLabels":[{"type":"textLabel","@id":583,"inputText":"Joshua","labelStyle":19,"shape":null,"layoutText":null}],"allPortLabels":[],"mainLabel":583},"pathStyle":547,"paths":[],"properties":{},"reference":null},{"@id":584,"ports":[357,169],"labelManager":{"innerLabels":[{"type":"textLabel","@id":585,"inputText":"Fabian","labelStyle":19,"shape":null,"layoutText":null}],"allPortLabels":[],"mainLabel":585},"pathStyle":547,"paths":[],"properties":{},"reference":null},{"@id":586,"ports":[303,171],"labelManager":{"innerLabels":[{"type":"textLabel","@id":587,"inputText":"Fabian","labelStyle":19,"shape":null,"layoutText":null}],"allPortLabels":[],"mainLabel":587},"pathStyle":547,"paths":[],"properties":{},"reference":null}],"edgeBundles":[]}