{"vertices":[{"@id":1,"shape":{"type":"rect","xposition":"NaN","yposition":"NaN","width":"NaN","height":"NaN","shapeStyle":{"@id":2,"description":"default shape style","color":{"argb":"ff000000"}}},"labelManager":{"labels":[{"type":"textLabel","@id":3,"inputText":"Emil","labelStyle":{"@id":4,"description":"default text label style","font":{"fontName":"SansSerif.plain","style":0,"size":10},"noBreak":false,"color":{"argb":"ff000000"},"showLabel":true,"placement":"FREE","horizontalPlacement":"FREE","verticalPlacement":"FREE"},"shape":null,"layoutText":null}],"mainLabel":3},"portCompositions":[{"type":"port","@id":5,"shape":{"type":"rect","xposition":"NaN","yposition":"NaN","width":"NaN","height":"NaN","shapeStyle":2},"labelManager":{"labels":[{"type":"textLabel","@id":6,"inputText":"1","labelStyle":4,"shape":null,"layoutText":null}],"mainLabel":6},"properties":{},"orientationAtVertex":"FREE","reference":null}],"properties":{},"reference":"splice"},{"@id":7,"shape":{"type":"rect","xposition":"NaN","yposition":"NaN","width":"NaN","height":"NaN","shapeStyle":2},"labelManager":{"labels":[{"type":"textLabel","@id":8,"inputText":"Elias","labelStyle":4,"shape":null,"layoutText":null}],"mainLabel":8},"portCompositions":[{"type":"port","@id":9,"shape":{"type":"rect","xposition":"NaN","yposition":"NaN","width":"NaN","height":"NaN","shapeStyle":2},"labelManager":{"labels":[{"type":"textLabel","@id":10,"inputText":"1","labelStyle":4,"shape":null,"layoutText":null}],"mainLabel":10},"properties":{},"orientationAtVertex":"FREE","reference":null}],"properties":{},"reference":"splice"},{"@id":11,"shape":{"type":"rect","xposition":"NaN","yposition":"NaN","width":"NaN","height":"NaN","shapeStyle":2},"labelManager":{"labels":[{"type":"textLabel","@id":12,"inputText":"Finn","labelStyle":4,"shape":null,"layoutText":null}],"mainLabel":12},"portCompositions":[{"type":"portGroup","@id":13,"ordered":false,"portCompositions":[{"type":"port","@id":14,"shape":{"type":"rect","xposition":"NaN","yposition":"NaN","width":"NaN","height":"NaN","shapeStyle":2},"labelManager":{"labels":[{"type":"textLabel","@id":15,"inputText":"2","labelStyle":4,"shape":null,"layoutText":null}],"mainLabel":15},"properties":{},"orientationAtVertex":"FREE","reference":null},{"type":"port","@id":16,"shape":{"type":"rect","xposition":"NaN","yposition":"NaN","width":"NaN","height":"NaN","shapeStyle":2},"labelManager":{"labels":[{"type":"textLabel","@id":17,"inputText":"1","labelStyle":4,"shape":null,"layoutText":null}],"mainLabel":17},"properties":{},"orientationAtVertex":"FREE","reference":null}],"properties":{},"reference":null}],"properties":{},"reference":"plug"},{"@id":18,"shape":{"type":"rect","xposition":"NaN","yposition":"NaN","width":"NaN","height":"NaN","shapeStyle":2},"labelManager":{"labels":[{"type":"textLabel","@id":19,"inputText":"Tim","labelStyle":4,"shape":null,"layoutText":null}],"mainLabel":19},"portCompositions":[{"type":"portGroup","@id":20,"ordered":false,"portCompositions":[{"type":"port","@id":21,"shape":{"type":"rect","xposition":"NaN","yposition":"NaN","width":"NaN","height":"NaN","shapeStyle":2},"labelManager":{"labels":[{"type":"textLabel","@id":22,"inputText":"2","labelStyle":4,"shape":null,"layoutText":null}],"mainLabel":22},"properties":{},"orientationAtVertex":"FREE","reference":null},{"type":"port","@id":23,"shape":{"type":"rect","xposition":"NaN","yposition":"NaN","width":"NaN","height":"NaN","shapeStyle":2},"labelManager":{"labels":[{"type":"textLabel","@id":24,"inputText":"1","labelStyle":4,"shape":null,"layoutText":null}],"mainLabel":24},"properties":{},"orientationAtVertex":"FREE","reference":null}],"properties":{},"reference":null}],"properties":{},"reference":"plug"},{"@id":25,"shape":{"type":"rect","xposition":"NaN","yposition":"NaN","width":"NaN","height":"NaN","shapeStyle":2},"labelManager":{"labels":[{"type":"textLabel","@id":26,"inputText":"Noah","labelStyle":4,"shape":null,"layoutText":null}],"mainLabel":26},"portCompositions":[{"type":"portGroup","@id":27,"ordered":false,"portCompositions":[{"type":"port","@id":28,"shape":{"type":"rect","xposition":"NaN","yposition":"NaN","width":"NaN","height":"NaN","shapeStyle":2},"labelManager":{"labels":[{"type":"textLabel","@id":29,"inputText":"1","labelStyle":4,"shape":null,"layoutText":null}],"mainLabel":29},"properties":{},"orientationAtVertex":"FREE","reference":null}],"properties":{},"reference":null}],"properties":{},"reference":"plug"},{"@id":30,"shape":{"type":"rect","xposition":"NaN","yposition":"NaN","width":"NaN","height":"NaN","shapeStyle":2},"labelManager":{"labels":[{"type":"textLabel","@id":31,"inputText":"Leonard","labelStyle":4,"shape":null,"layoutText":null}],"mainLabel":31},"portCompositions":[{"type":"portGroup","@id":32,"ordered":false,"portCompositions":[{"type":"port","@id":33,"shape":{"type":"rect","xposition":"NaN","yposition":"NaN","width":"NaN","height":"NaN","shapeStyle":2},"labelManager":{"labels":[{"type":"textLabel","@id":34,"inputText":"1","labelStyle":4,"shape":null,"layoutText":null}],"mainLabel":34},"properties":{},"orientationAtVertex":"FREE","reference":null}],"properties":{},"reference":null}],"properties":{},"reference":"plug"},{"@id":35,"shape":{"type":"rect","xposition":"NaN","yposition":"NaN","width":"NaN","height":"NaN","shapeStyle":2},"labelManager":{"labels":[{"type":"textLabel","@id":36,"inputText":"Oskar","labelStyle":4,"shape":null,"layoutText":null}],"mainLabel":36},"portCompositions":[{"type":"portGroup","@id":37,"ordered":false,"portCompositions":[{"type":"port","@id":38,"shape":{"type":"rect","xposition":"NaN","yposition":"NaN","width":"NaN","height":"NaN","shapeStyle":2},"labelManager":{"labels":[{"type":"textLabel","@id":39,"inputText":"2","labelStyle":4,"shape":null,"layoutText":null}],"mainLabel":39},"properties":{},"orientationAtVertex":"FREE","reference":null},{"type":"port","@id":40,"shape":{"type":"rect","xposition":"NaN","yposition":"NaN","width":"NaN","height":"NaN","shapeStyle":{"@id":41,"description":"default shape style","color":{"argb":"ff000000"}}},"labelManager":{"labels":[{"type":"textLabel","@id":42,"inputText":"1","labelStyle":{"@id":43,"description":"default text label style","font":{"fontName":"SansSerif.plain","style":0,"size":10},"noBreak":false,"color":{"argb":"ff000000"},"showLabel":true,"placement":"FREE","horizontalPlacement":"FREE","verticalPlacement":"FREE"},"shape":null,"layoutText":null}],"mainLabel":42},"properties":{},"orientationAtVertex":"FREE","reference":null}],"properties":{},"reference":null}],"properties":{},"reference":"plug"},{"@id":44,"shape":{"type":"rect","xposition":"NaN","yposition":"NaN","width":"NaN","height":"NaN","shapeStyle":2},"labelManager":{"labels":[{"type":"textLabel","@id":45,"inputText":"Niklas","labelStyle":4,"shape":null,"layoutText":null}],"mainLabel":45},"portCompositions":[{"type":"portGroup","@id":46,"ordered":false,"portCompositions":[{"type":"port","@id":47,"shape":{"type":"rect","xposition":"NaN","yposition":"NaN","width":"NaN","height":"NaN","shapeStyle":2},"labelManager":{"labels":[{"type":"textLabel","@id":48,"inputText":"2","labelStyle":4,"shape":null,"layoutText":null}],"mainLabel":48},"properties":{},"orientationAtVertex":"FREE","reference":null},{"type":"port","@id":49,"shape":{"type":"rect","xposition":"NaN","yposition":"NaN","width":"NaN","height":"NaN","shapeStyle":41},"labelManager":{"labels":[{"type":"textLabel","@id":50,"inputText":"1","labelStyle":43,"shape":null,"layoutText":null}],"mainLabel":50},"properties":{},"orientationAtVertex":"FREE","reference":null}],"properties":{},"reference":null}],"properties":{},"reference":"plug"},{"@id":51,"shape":{"type":"rect","xposition":"NaN","yposition":"NaN","width":"NaN","height":"NaN","shapeStyle":2},"labelManager":{"labels":[{"type":"textLabel","@id":52,"inputText":"Felix","labelStyle":4,"shape":null,"layoutText":null}],"mainLabel":52},"portCompositions":[{"type":"port","@id":53,"shape":{"type":"rect","xposition":"NaN","yposition":"NaN","width":"NaN","height":"NaN","shapeStyle":2},"labelManager":{"labels":[{"type":"textLabel","@id":54,"inputText":"1","labelStyle":4,"shape":null,"layoutText":null}],"mainLabel":54},"properties":{},"orientationAtVertex":"FREE","reference":null}],"properties":{},"reference":"splice"},{"@id":55,"shape":{"type":"rect","xposition":"NaN","yposition":"NaN","width":"NaN","height":"NaN","shapeStyle":2},"labelManager":{"labels":[{"type":"textLabel","@id":56,"inputText":"Mats","labelStyle":4,"shape":null,"layoutText":null}],"mainLabel":56},"portCompositions":[{"type":"port","@id":57,"shape":{"type":"rect","xposition":"NaN","yposition":"NaN","width":"NaN","height":"NaN","shapeStyle":2},"labelManager":{"labels":[{"type":"textLabel","@id":58,"inputText":"1","labelStyle":4,"shape":null,"layoutText":null}],"mainLabel":58},"properties":{},"orientationAtVertex":"FREE","reference":null}],"properties":{},"reference":"splice"},{"@id":59,"shape":{"type":"rect","xposition":"NaN","yposition":"NaN","width":"NaN","height":"NaN","shapeStyle":2},"labelManager":{"labels":[{"type":"textLabel","@id":60,"inputText":"Anton","labelStyle":4,"shape":null,"layoutText":null}],"mainLabel":60},"portCompositions":[{"type":"port","@id":61,"shape":{"type":"rect","xposition":"NaN","yposition":"NaN","width":"NaN","height":"NaN","shapeStyle":2},"labelManager":{"labels":[{"type":"textLabel","@id":62,"inputText":"1","labelStyle":4,"shape":null,"layoutText":null}],"mainLabel":62},"properties":{},"orientationAtVertex":"FREE","reference":null}],"properties":{},"reference":"splice"},{"@id":63,"shape":{"type":"rect","xposition":"NaN","yposition":"NaN","width":"NaN","height":"NaN","shapeStyle":2},"labelManager":{"labels":[{"type":"textLabel","@id":64,"inputText":"Philipp","labelStyle":4,"shape":null,"layoutText":null}],"mainLabel":64},"portCompositions":[{"type":"port","@id":65,"shape":{"type":"rect","xposition":"NaN","yposition":"NaN","width":"NaN","height":"NaN","shapeStyle":2},"labelManager":{"labels":[{"type":"textLabel","@id":66,"inputText":"1","labelStyle":4,"shape":null,"layoutText":null}],"mainLabel":66},"properties":{},"orientationAtVertex":"FREE","reference":null}],"properties":{},"reference":"splice"},{"@id":67,"shape":{"type":"rect","xposition":"NaN","yposition":"NaN","width":"NaN","height":"NaN","shapeStyle":2},"labelManager":{"labels":[{"type":"textLabel","@id":68,"inputText":"Tom","labelStyle":4,"shape":null,"layoutText":null}],"mainLabel":68},"portCompositions":[{"type":"port","@id":69,"shape":{"type":"rect","xposition":"NaN","yposition":"NaN","width":"NaN","height":"NaN","shapeStyle":2},"labelManager":{"labels":[{"type":"textLabel","@id":70,"inputText":"1","labelStyle":4,"shape":null,"layoutText":null}],"mainLabel":70},"properties":{},"orientationAtVertex":"FREE","reference":null}],"properties":{},"reference":"splice"},{"@id":71,"shape":{"type":"rect","xposition":"NaN","yposition":"NaN","width":"NaN","height":"NaN","shapeStyle":2},"labelManager":{"labels":[{"type":"textLabel","@id":72,"inputText":"Maximilian","labelStyle":4,"shape":null,"layoutText":null}],"mainLabel":72},"portCompositions":[{"type":"portGroup","@id":73,"ordered":false,"portCompositions":[{"type":"port","@id":74,"shape":{"type":"rect","xposition":"NaN","yposition":"NaN","width":"NaN","height":"NaN","shapeStyle":2},"labelManager":{"labels":[{"type":"textLabel","@id":75,"inputText":"1","labelStyle":4,"shape":null,"layoutText":null}],"mainLabel":75},"properties":{},"orientationAtVertex":"FREE","reference":null}],"properties":{},"reference":null}],"properties":{},"reference":"plug"},{"@id":76,"shape":{"type":"rect","xposition":"NaN","yposition":"NaN","width":"NaN","height":"NaN","shapeStyle":2},"labelManager":{"labels":[{"type":"textLabel","@id":77,"inputText":"Max","labelStyle":4,"shape":null,"layoutText":null}],"mainLabel":77},"portCompositions":[{"type":"portGroup","@id":78,"ordered":false,"portCompositions":[{"type":"port","@id":79,"shape":{"type":"rect","xposition":"NaN","yposition":"NaN","width":"NaN","height":"NaN","shapeStyle":2},"labelManager":{"labels":[{"type":"textLabel","@id":80,"inputText":"1","labelStyle":4,"shape":null,"layoutText":null}],"mainLabel":80},"properties":{},"orientationAtVertex":"FREE","reference":null}],"properties":{},"reference":null}],"properties":{},"reference":"plug"},{"@id":81,"shape":{"type":"rect","xposition":"NaN","yposition":"NaN","width":"NaN","height":"NaN","shapeStyle":2},"labelManager":{"labels":[{"type":"textLabel","@id":82,"inputText":"Henri","labelStyle":4,"shape":null,"layoutText":null}],"mainLabel":82},"portCompositions":[{"type":"port","@id":83,"shape":{"type":"rect","xposition":"NaN","yposition":"NaN","width":"NaN","height":"NaN","shapeStyle":2},"labelManager":{"labels":[{"type":"textLabel","@id":84,"inputText":"1","labelStyle":4,"shape":null,"layoutText":null}],"mainLabel":84},"properties":{},"orientationAtVertex":"FREE","reference":null}],"properties":{},"reference":"splice"},{"@id":85,"shape":{"type":"rect","xposition":"NaN","yposition":"NaN","width":"NaN","height":"NaN","shapeStyle":2},"labelManager":{"labels":[{"type":"textLabel","@id":86,"inputText":"Jonathan","labelStyle":4,"shape":null,"layoutText":null}],"mainLabel":86},"portCompositions":[{"type":"port","@id":87,"shape":{"type":"rect","xposition":"NaN","yposition":"NaN","width":"NaN","height":"NaN","shapeStyle":2},"labelManager":{"labels":[{"type":"textLabel","@id":88,"inputText":"1","labelStyle":4,"shape":null,"layoutText":null}],"mainLabel":88},"properties":{},"orientationAtVertex":"FREE","reference":null}],"properties":{},"reference":"splice"},{"@id":89,"shape":{"type":"rect","xposition":"NaN","yposition":"NaN","width":"NaN","height":"NaN","shapeStyle":2},"labelManager":{"labels":[{"type":"textLabel","@id":90,"inputText":"Samuel","labelStyle":4,"shape":null,"layoutText":null}],"mainLabel":90},"portCompositions":[{"type":"port","@id":91,"shape":{"type":"rect","xposition":"NaN","yposition":"NaN","width":"NaN","height":"NaN","shapeStyle":2},"labelManager":{"labels":[{"type":"textLabel","@id":92,"inputText":"1","labelStyle":4,"shape":null,"layoutText":null}],"mainLabel":92},"properties":{},"orientationAtVertex":"FREE","reference":null}],"properties":{},"reference":"splice"},{"@id":93,"shape":{"type":"rect","xposition":"NaN","yposition":"NaN","width":"NaN","height":"NaN","shapeStyle":2},"labelManager":{"labels":[{"type":"textLabel","@id":94,"inputText":"Jan","labelStyle":4,"shape":null,"layoutText":null}],"mainLabel":94},"portCompositions":[{"type":"portGroup","@id":95,"ordered":false,"portCompositions":[{"type":"port","@id":96,"shape":{"type":"rect","xposition":"NaN","yposition":"NaN","width":"NaN","height":"NaN","shapeStyle":2},"labelManager":{"labels":[{"type":"textLabel","@id":97,"inputText":"1","labelStyle":4,"shape":null,"layoutText":null}],"mainLabel":97},"properties":{},"orientationAtVertex":"FREE","reference":null},{"type":"port","@id":98,"shape":{"type":"rect","xposition":"NaN","yposition":"NaN","width":"NaN","height":"NaN","shapeStyle":2},"labelManager":{"labels":[{"type":"textLabel","@id":99,"inputText":"2","labelStyle":4,"shape":null,"layoutText":null}],"mainLabel":99},"properties":{},"orientationAtVertex":"FREE","reference":null}],"properties":{},"reference":null}],"properties":{},"reference":"plug"},{"@id":100,"shape":{"type":"rect","xposition":"NaN","yposition":"NaN","width":"NaN","height":"NaN","shapeStyle":2},"labelManager":{"labels":[{"type":"textLabel","@id":101,"inputText":"Ben","labelStyle":4,"shape":null,"layoutText":null}],"mainLabel":101},"portCompositions":[{"type":"portGroup","@id":102,"ordered":false,"portCompositions":[{"type":"port","@id":103,"shape":{"type":"rect","xposition":"NaN","yposition":"NaN","width":"NaN","height":"NaN","shapeStyle":2},"labelManager":{"labels":[{"type":"textLabel","@id":104,"inputText":"1","labelStyle":4,"shape":null,"layoutText":null}],"mainLabel":104},"properties":{},"orientationAtVertex":"FREE","reference":null},{"type":"port","@id":105,"shape":{"type":"rect","xposition":"NaN","yposition":"NaN","width":"NaN","height":"NaN","shapeStyle":2},"labelManager":{"labels":[{"type":"textLabel","@id":106,"inputText":"2","labelStyle":4,"shape":null,"layoutText":null}],"mainLabel":106},"properties":{},"orientationAtVertex":"FREE","reference":null}],"properties":{},"reference":null}],"properties":{},"reference":"plug"},{"@id":107,"shape":{"type":"rect","xposition":"NaN","yposition":"NaN","width":"NaN","height":"NaN","shapeStyle":2},"labelManager":{"labels":[{"type":"textLabel","@id":108,"inputText":"Paul","labelStyle":4,"shape":null,"layoutText":null}],"mainLabel":108},"portCompositions":[{"type":"portGroup","@id":109,"ordered":false,"portCompositions":[{"type":"port","@id":110,"shape":{"type":"rect","xposition":"NaN","yposition":"NaN","width":"NaN","height":"NaN","shapeStyle":2},"labelManager":{"labels":[{"type":"textLabel","@id":111,"inputText":"1","labelStyle":4,"shape":null,"layoutText":null}],"mainLabel":111},"properties":{},"orientationAtVertex":"FREE","reference":null},{"type":"port","@id":112,"shape":{"type":"rect","xposition":"NaN","yposition":"NaN","width":"NaN","height":"NaN","shapeStyle":2},"labelManager":{"labels":[{"type":"textLabel","@id":113,"inputText":"5","labelStyle":4,"shape":null,"layoutText":null}],"mainLabel":113},"properties":{},"orientationAtVertex":"FREE","reference":null},{"type":"port","@id":114,"shape":{"type":"rect","xposition":"NaN","yposition":"NaN","width":"NaN","height":"NaN","shapeStyle":2},"labelManager":{"labels":[{"type":"textLabel","@id":115,"inputText":"4","labelStyle":4,"shape":null,"layoutText":null}],"mainLabel":115},"properties":{},"orientationAtVertex":"FREE","reference":null},{"type":"port","@id":116,"shape":{"type":"rect","xposition":"NaN","yposition":"NaN","width":"NaN","height":"NaN","shapeStyle":2},"labelManager":{"labels":[{"type":"textLabel","@id":117,"inputText":"3","labelStyle":4,"shape":null,"layoutText":null}],"mainLabel":117},"properties":{},"orientationAtVertex":"FREE","reference":null},{"type":"port","@id":118,"shape":{"type":"rect","xposition":"NaN","yposition":"NaN","width":"NaN","height":"NaN","shapeStyle":2},"labelManager":{"labels":[{"type":"textLabel","@id":119,"inputText":"6","labelStyle":4,"shape":null,"layoutText":null}],"mainLabel":119},"properties":{},"orientationAtVertex":"FREE","reference":null},{"type":"port","@id":120,"shape":{"type":"rect","xposition":"NaN","yposition":"NaN","width":"NaN","height":"NaN","shapeStyle":41},"labelManager":{"labels":[{"type":"textLabel","@id":121,"inputText":"2","labelStyle":43,"shape":null,"layoutText":null}],"mainLabel":121},"properties":{},"orientationAtVertex":"FREE","reference":null}],"properties":{},"reference":null}],"properties":{},"reference":"plug"},{"@id":122,"shape":{"type":"rect","xposition":"NaN","yposition":"NaN","width":"NaN","height":"NaN","shapeStyle":2},"labelManager":{"labels":[{"type":"textLabel","@id":123,"inputText":"Moritz","labelStyle":4,"shape":null,"layoutText":null}],"mainLabel":123},"portCompositions":[{"type":"portGroup","@id":124,"ordered":false,"portCompositions":[{"type":"port","@id":125,"shape":{"type":"rect","xposition":"NaN","yposition":"NaN","width":"NaN","height":"NaN","shapeStyle":2},"labelManager":{"labels":[{"type":"textLabel","@id":126,"inputText":"1","labelStyle":4,"shape":null,"layoutText":null}],"mainLabel":126},"properties":{},"orientationAtVertex":"FREE","reference":null},{"type":"port","@id":127,"shape":{"type":"rect","xposition":"NaN","yposition":"NaN","width":"NaN","height":"NaN","shapeStyle":2},"labelManager":{"labels":[{"type":"textLabel","@id":128,"inputText":"5","labelStyle":4,"shape":null,"layoutText":null}],"mainLabel":128},"properties":{},"orientationAtVertex":"FREE","reference":null},{"type":"port","@id":129,"shape":{"type":"rect","xposition":"NaN","yposition":"NaN","width":"NaN","height":"NaN","shapeStyle":2},"labelManager":{"labels":[{"type":"textLabel","@id":130,"inputText":"4","labelStyle":4,"shape":null,"layoutText":null}],"mainLabel":130},"properties":{},"orientationAtVertex":"FREE","reference":null},{"type":"port","@id":131,"shape":{"type":"rect","xposition":"NaN","yposition":"NaN","width":"NaN","height":"NaN","shapeStyle":2},"labelManager":{"labels":[{"type":"textLabel","@id":132,"inputText":"3","labelStyle":4,"shape":null,"layoutText":null}],"mainLabel":132},"properties":{},"orientationAtVertex":"FREE","reference":null},{"type":"port","@id":133,"shape":{"type":"rect","xposition":"NaN","yposition":"NaN","width":"NaN","height":"NaN","shapeStyle":2},"labelManager":{"labels":[{"type":"textLabel","@id":134,"inputText":"6","labelStyle":4,"shape":null,"layoutText":null}],"mainLabel":134},"properties":{},"orientationAtVertex":"FREE","reference":null},{"type":"port","@id":135,"shape":{"type":"rect","xposition":"NaN","yposition":"NaN","width":"NaN","height":"NaN","shapeStyle":41},"labelManager":{"labels":[{"type":"textLabel","@id":136,"inputText":"2","labelStyle":43,"shape":null,"layoutText":null}],"mainLabel":136},"properties":{},"orientationAtVertex":"FREE","reference":null}],"properties":{},"reference":null}],"properties":{},"reference":"plug"},{"@id":137,"shape":{"type":"rect","xposition":"NaN","yposition":"NaN","width":"NaN","height":"NaN","shapeStyle":2},"labelManager":{"labels":[{"type":"textLabel","@id":138,"inputText":"Julius","labelStyle":4,"shape":null,"layoutText":null}],"mainLabel":138},"portCompositions":[{"type":"portGroup","@id":139,"ordered":false,"portCompositions":[],"properties":{},"reference":null},{"type":"portGroup","@id":140,"ordered":false,"portCompositions":[{"type":"port","@id":141,"shape":{"type":"rect","xposition":"NaN","yposition":"NaN","width":"NaN","height":"NaN","shapeStyle":2},"labelManager":{"labels":[{"type":"textLabel","@id":142,"inputText":"2","labelStyle":4,"shape":null,"layoutText":null}],"mainLabel":142},"properties":{},"orientationAtVertex":"FREE","reference":null},{"type":"port","@id":143,"shape":{"type":"rect","xposition":"NaN","yposition":"NaN","width":"NaN","height":"NaN","shapeStyle":2},"labelManager":{"labels":[{"type":"textLabel","@id":144,"inputText":"3","labelStyle":4,"shape":null,"layoutText":null}],"mainLabel":144},"properties":{},"orientationAtVertex":"FREE","reference":null},{"type":"port","@id":145,"shape":{"type":"rect","xposition":"NaN","yposition":"NaN","width":"NaN","height":"NaN","shapeStyle":41},"labelManager":{"labels":[{"type":"textLabel","@id":146,"inputText":"1","labelStyle":43,"shape":null,"layoutText":null}],"mainLabel":146},"properties":{},"orientationAtVertex":"FREE","reference":null}],"properties":{},"reference":null}],"properties":{},"reference":"device"},{"@id":147,"shape":{"type":"rect","xposition":"NaN","yposition":"NaN","width":"NaN","height":"NaN","shapeStyle":2},"labelManager":{"labels":[{"type":"textLabel","@id":148,"inputText":"Leo","labelStyle":4,"shape":null,"layoutText":null}],"mainLabel":148},"portCompositions":[{"type":"portGroup","@id":149,"ordered":false,"portCompositions":[{"type":"port","@id":150,"shape":{"type":"rect","xposition":"NaN","yposition":"NaN","width":"NaN","height":"NaN","shapeStyle":2},"labelManager":{"labels":[{"type":"textLabel","@id":151,"inputText":"2","labelStyle":4,"shape":null,"layoutText":null}],"mainLabel":151},"properties":{},"orientationAtVertex":"FREE","reference":null},{"type":"port","@id":152,"shape":{"type":"rect","xposition":"NaN","yposition":"NaN","width":"NaN","height":"NaN","shapeStyle":2},"labelManager":{"labels":[{"type":"textLabel","@id":153,"inputText":"3","labelStyle":4,"shape":null,"layoutText":null}],"mainLabel":153},"properties":{},"orientationAtVertex":"FREE","reference":null},{"type":"port","@id":154,"shape":{"type":"rect","xposition":"NaN","yposition":"NaN","width":"NaN","height":"NaN","shapeStyle":41},"labelManager":{"labels":[{"type":"textLabel","@id":155,"inputText":"1","labelStyle":43,"shape":null,"layoutText":null}],"mainLabel":155},"properties":{},"orientationAtVertex":"FREE","reference":null}],"properties":{},"reference":null}],"properties":{},"reference":"plug"},{"@id":156,"shape":{"type":"rect","xposition":"NaN","yposition":"NaN","width":"NaN","height":"NaN","shapeStyle":2},"labelManager":{"labels":[{"type":"textLabel","@id":157,"inputText":"Luis","labelStyle":4,"shape":null,"layoutText":null}],"mainLabel":157},"portCompositions":[{"type":"port","@id":158,"shape":{"type":"rect","xposition":"NaN","yposition":"NaN","width":"NaN","height":"NaN","shapeStyle":2},"labelManager":{"labels":[{"type":"textLabel","@id":159,"inputText":"1","labelStyle":4,"shape":null,"layoutText":null}],"mainLabel":159},"properties":{},"orientationAtVertex":"FREE","reference":null}],"properties":{},"reference":"splice"},{"@id":160,"shape":{"type":"rect","xposition":"NaN","yposition":"NaN","width":"NaN","height":"NaN","shapeStyle":2},"labelManager":{"labels":[{"type":"textLabel","@id":161,"inputText":"Louis","labelStyle":4,"shape":null,"layoutText":null}],"mainLabel":161},"portCompositions":[{"type":"portGroup","@id":162,"ordered":false,"portCompositions":[{"type":"port","@id":163,"shape":{"type":"rect","xposition":"NaN","yposition":"NaN","width":"NaN","height":"NaN","shapeStyle":2},"labelManager":{"labels":[{"type":"textLabel","@id":164,"inputText":"1","labelStyle":4,"shape":null,"layoutText":null}],"mainLabel":164},"properties":{},"orientationAtVertex":"FREE","reference":null},{"type":"port","@id":165,"shape":{"type":"rect","xposition":"NaN","yposition":"NaN","width":"NaN","height":"NaN","shapeStyle":41},"labelManager":{"labels":[{"type":"textLabel","@id":166,"inputText":"2","labelStyle":43,"shape":null,"layoutText":null}],"mainLabel":166},"properties":{},"orientationAtVertex":"FREE","reference":null}],"properties":{},"reference":null}],"properties":{},"reference":"device"},{"@id":167,"shape":{"type":"rect","xposition":"NaN","yposition":"NaN","width":"NaN","height":"NaN","shapeStyle":2},"labelManager":{"labels":[{"type":"textLabel","@id":168,"inputText":"Julian","labelStyle":4,"shape":null,"layoutText":null}],"mainLabel":168},"portCompositions":[{"type":"portGroup","@id":169,"ordered":false,"portCompositions":[{"type":"port","@id":170,"shape":{"type":"rect","xposition":"NaN","yposition":"NaN","width":"NaN","height":"NaN","shapeStyle":2},"labelManager":{"labels":[{"type":"textLabel","@id":171,"inputText":"1","labelStyle":4,"shape":null,"layoutText":null}],"mainLabel":171},"properties":{},"orientationAtVertex":"FREE","reference":null},{"type":"port","@id":172,"shape":{"type":"rect","xposition":"NaN","yposition":"NaN","width":"NaN","height":"NaN","shapeStyle":41},"labelManager":{"labels":[{"type":"textLabel","@id":173,"inputText":"2","labelStyle":43,"shape":null,"layoutText":null}],"mainLabel":173},"properties":{},"orientationAtVertex":"FREE","reference":null}],"properties":{},"reference":null}],"properties":{},"reference":"plug"},{"@id":174,"shape":{"type":"rect","xposition":"NaN","yposition":"NaN","width":"NaN","height":"NaN","shapeStyle":2},"labelManager":{"labels":[{"type":"textLabel","@id":175,"inputText":"David","labelStyle":4,"shape":null,"layoutText":null}],"mainLabel":175},"portCompositions":[{"type":"portGroup","@id":176,"ordered":false,"portCompositions":[{"type":"port","@id":177,"shape":{"type":"rect","xposition":"NaN","yposition":"NaN","width":"NaN","height":"NaN","shapeStyle":2},"labelManager":{"labels":[{"type":"textLabel","@id":178,"inputText":"3","labelStyle":4,"shape":null,"layoutText":null}],"mainLabel":178},"properties":{},"orientationAtVertex":"FREE","reference":null},{"type":"port","@id":179,"shape":{"type":"rect","xposition":"NaN","yposition":"NaN","width":"NaN","height":"NaN","shapeStyle":2},"labelManager":{"labels":[{"type":"textLabel","@id":180,"inputText":"2","labelStyle":4,"shape":null,"layoutText":null}],"mainLabel":180},"properties":{},"orientationAtVertex":"FREE","reference":null},{"type":"port","@id":181,"shape":{"type":"rect","xposition":"NaN","yposition":"NaN","width":"NaN","height":"NaN","shapeStyle":41},"labelManager":{"labels":[{"type":"textLabel","@id":182,"inputText":"4","labelStyle":43,"shape":null,"layoutText":null}],"mainLabel":182},"properties":{},"orientationAtVertex":"FREE","reference":null},{"type":"port","@id":183,"shape":{"type":"rect","xposition":"NaN","yposition":"NaN","width":"NaN","height":"NaN","shapeStyle":41},"labelManager":{"labels":[{"type":"textLabel","@id":184,"inputText":"1","labelStyle":43,"shape":null,"layoutText":null}],"mainLabel":184},"properties":{},"orientationAtVertex":"FREE","reference":null}],"properties":{},"reference":null}],"properties":{},"reference":"device"},{"@id":185,"shape":{"type":"rect","xposition":"NaN","yposition":"NaN","width":"NaN","height":"NaN","shapeStyle":2},"labelManager":{"labels":[{"type":"textLabel","@id":186,"inputText":"Johann","labelStyle":4,"shape":null,"layoutText":null}],"mainLabel":186},"portCompositions":[{"type":"portGroup","@id":187,"ordered":false,"portCompositions":[{"type":"port","@id":188,"shape":{"type":"rect","xposition":"NaN","yposition":"NaN","width":"NaN","height":"NaN","shapeStyle":2},"labelManager":{"labels":[{"type":"textLabel","@id":189,"inputText":"3","labelStyle":4,"shape":null,"layoutText":null}],"mainLabel":189},"properties":{},"orientationAtVertex":"FREE","reference":null},{"type":"port","@id":190,"shape":{"type":"rect","xposition":"NaN","yposition":"NaN","width":"NaN","height":"NaN","shapeStyle":2},"labelManager":{"labels":[{"type":"textLabel","@id":191,"inputText":"2","labelStyle":4,"shape":null,"layoutText":null}],"mainLabel":191},"properties":{},"orientationAtVertex":"FREE","reference":null},{"type":"port","@id":192,"shape":{"type":"rect","xposition":"NaN","yposition":"NaN","width":"NaN","height":"NaN","shapeStyle":41},"labelManager":{"labels":[{"type":"textLabel","@id":193,"inputText":"1","labelStyle":43,"shape":null,"layoutText":null}],"mainLabel":193},"properties":{},"orientationAtVertex":"FREE","reference":null}],"properties":{},"reference":null}],"properties":{},"reference":"plug"},{"@id":194,"shape":{"type":"rect","xposition":"NaN","yposition":"NaN","width":"NaN","height":"NaN","shapeStyle":2},"labelManager":{"labels":[{"type":"textLabel","@id":195,"inputText":"Johannes","labelStyle":4,"shape":null,"layoutText":null}],"mainLabel":195},"portCompositions":[{"type":"portGroup","@id":196,"ordered":false,"portCompositions":[{"type":"port","@id":197,"shape":{"type":"rect","xposition":"NaN","yposition":"NaN","width":"NaN","height":"NaN","shapeStyle":2},"labelManager":{"labels":[{"type":"textLabel","@id":198,"inputText":"4","labelStyle":4,"shape":null,"layoutText":null}],"mainLabel":198},"properties":{},"orientationAtVertex":"FREE","reference":null},{"type":"port","@id":199,"shape":{"type":"rect","xposition":"NaN","yposition":"NaN","width":"NaN","height":"NaN","shapeStyle":2},"labelManager":{"labels":[{"type":"textLabel","@id":200,"inputText":"5","labelStyle":4,"shape":null,"layoutText":null}],"mainLabel":200},"properties":{},"orientationAtVertex":"FREE","reference":null},{"type":"port","@id":201,"shape":{"type":"rect","xposition":"NaN","yposition":"NaN","width":"NaN","height":"NaN","shapeStyle":2},"labelManager":{"labels":[{"type":"textLabel","@id":202,"inputText":"1","labelStyle":4,"shape":null,"layoutText":null}],"mainLabel":202},"properties":{},"orientationAtVertex":"FREE","reference":null},{"type":"port","@id":203,"shape":{"type":"rect","xposition":"NaN","yposition":"NaN","width":"NaN","height":"NaN","shapeStyle":2},"labelManager":{"labels":[{"type":"textLabel","@id":204,"inputText":"2","labelStyle":4,"shape":null,"layoutText":null}],"mainLabel":204},"properties":{},"orientationAtVertex":"FREE","reference":null},{"type":"port","@id":205,"shape":{"type":"rect","xposition":"NaN","yposition":"NaN","width":"NaN","height":"NaN","shapeStyle":2},"labelManager":{"labels":[{"type":"textLabel","@id":206,"inputText":"3","labelStyle":4,"shape":null,"layoutText":null}],"mainLabel":206},"properties":{},"orientationAtVertex":"FREE","reference":null},{"type":"port","@id":207,"shape":{"type":"rect","xposition":"NaN","yposition":"NaN","width":"NaN","height":"NaN","shapeStyle":41},"labelManager":{"labels":[{"type":"textLabel","@id":208,"inputText":"6","labelStyle":43,"shape":null,"layoutText":null}],"mainLabel":208},"properties":{},"orientationAtVertex":"FREE","reference":null},{"type":"port","@id":209,"shape":{"type":"rect","xposition":"NaN","yposition":"NaN","width":"NaN","height":"NaN","shapeStyle":41},"labelManager":{"labels":[{"type":"textLabel","@id":210,"inputText":"7","labelStyle":43,"shape":null,"layoutText":null}],"mainLabel":210},"properties":{},"orientationAtVertex":"FREE","reference":null}],"properties":{},"reference":null}],"properties":{},"reference":"device"},{"@id":211,"shape":{"type":"rect","xposition":"NaN","yposition":"NaN","width":"NaN","height":"NaN","shapeStyle":2},"labelManager":{"labels":[{"type":"textLabel","@id":212,"inputText":"Jonas","labelStyle":4,"shape":null,"layoutText":null}],"mainLabel":212},"portCompositions":[{"type":"portGroup","@id":213,"ordered":false,"portCompositions":[{"type":"port","@id":214,"shape":{"type":"rect","xposition":"NaN","yposition":"NaN","width":"NaN","height":"NaN","shapeStyle":2},"labelManager":{"labels":[{"type":"textLabel","@id":215,"inputText":"4","labelStyle":4,"shape":null,"layoutText":null}],"mainLabel":215},"properties":{},"orientationAtVertex":"FREE","reference":null},{"type":"port","@id":216,"shape":{"type":"rect","xposition":"NaN","yposition":"NaN","width":"NaN","height":"NaN","shapeStyle":2},"labelManager":{"labels":[{"type":"textLabel","@id":217,"inputText":"5","labelStyle":4,"shape":null,"layoutText":null}],"mainLabel":217},"properties":{},"orientationAtVertex":"FREE","reference":null},{"type":"port","@id":218,"shape":{"type":"rect","xposition":"NaN","yposition":"NaN","width":"NaN","height":"NaN","shapeStyle":2},"labelManager":{"labels":[{"type":"textLabel","@id":219,"inputText":"1","labelStyle":4,"shape":null,"layoutText":null}],"mainLabel":219},"properties":{},"orientationAtVertex":"FREE","reference":null},{"type":"port","@id":220,"shape":{"type":"rect","xposition":"NaN","yposition":"NaN","width":"NaN","height":"NaN","shapeStyle":2},"labelManager":{"labels":[{"type":"textLabel","@id":221,"inputText":"2","labelStyle":4,"shape":null,"layoutText":null}],"mainLabel":221},"properties":{},"orientationAtVertex":"FREE","reference":null},{"type":"port","@id":222,"shape":{"type":"rect","xposition":"NaN","yposition":"NaN","width":"NaN","height":"NaN","shapeStyle":2},"labelManager":{"labels":[{"type":"textLabel","@id":223,"inputText":"3","labelStyle":4,"shape":null,"layoutText":null}],"mainLabel":223},"properties":{},"orientationAtVertex":"FREE","reference":null},{"type":"port","@id":224,"shape":{"type":"rect","xposition":"NaN","yposition":"NaN","width":"NaN","height":"NaN","shapeStyle":41},"labelManager":{"labels":[{"type":"textLabel","@id":225,"inputText":"6","labelStyle":43,"shape":null,"layoutText":null}],"mainLabel":225},"properties":{},"orientationAtVertex":"FREE","reference":null},{"type":"port","@id":226,"shape":{"type":"rect","xposition":"NaN","yposition":"NaN","width":"NaN","height":"NaN","shapeStyle":41},"labelManager":{"labels":[{"type":"textLabel","@id":227,"inputText":"7","labelStyle":43,"shape":null,"layoutText":null}],"mainLabel":227},"properties":{},"orientationAtVertex":"FREE","reference":null}],"properties":{},"reference":null}],"properties":{},"reference":"plug"},{"@id":228,"shape":{"type":"rect","xposition":"NaN","yposition":"NaN","width":"NaN","height":"NaN","shapeStyle":2},"labelManager":{"labels":[{"type":"textLabel","@id":229,"inputText":"Alexander","labelStyle":4,"shape":null,"layoutText":null}],"mainLabel":229},"portCompositions":[{"type":"portGroup","@id":230,"ordered":false,"portCompositions":[{"type":"port","@id":231,"shape":{"type":"rect","xposition":"NaN","yposition":"NaN","width":"NaN","height":"NaN","shapeStyle":2},"labelManager":{"labels":[{"type":"textLabel","@id":232,"inputText":"1","labelStyle":4,"shape":null,"layoutText":null}],"mainLabel":232},"properties":{},"orientationAtVertex":"FREE","reference":null}],"properties":{},"reference":null}],"properties":{},"reference":"plug"},{"@id":233,"shape":{"type":"rect","xposition":"NaN","yposition":"NaN","width":"NaN","height":"NaN","shapeStyle":2},"labelManager":{"labels":[{"type":"textLabel","@id":234,"inputText":"Gabriel","labelStyle":4,"shape":null,"layoutText":null}],"mainLabel":234},"portCompositions":[{"type":"portGroup","@id":235,"ordered":false,"portCompositions":[{"type":"port","@id":236,"shape":{"type":"rect","xposition":"NaN","yposition":"NaN","width":"NaN","height":"NaN","shapeStyle":2},"labelManager":{"labels":[{"type":"textLabel","@id":237,"inputText":"1","labelStyle":4,"shape":null,"layoutText":null}],"mainLabel":237},"properties":{},"orientationAtVertex":"FREE","reference":null}],"properties":{},"reference":null}],"properties":{},"reference":"plug"},{"@id":238,"shape":null,"labelManager":{"labels":[{"type":"textLabel","@id":239,"inputText":"Lukas","labelStyle":43,"shape":null,"layoutText":null}],"mainLabel":239},"portCompositions":[{"type":"portGroup","@id":240,"ordered":false,"portCompositions":[{"type":"port","@id":241,"shape":{"type":"rect","xposition":"NaN","yposition":"NaN","width":"NaN","height":"NaN","shapeStyle":41},"labelManager":{"labels":[{"type":"textLabel","@id":242,"inputText":"3","labelStyle":43,"shape":null,"layoutText":null}],"mainLabel":242},"properties":{},"orientationAtVertex":"FREE","reference":null},{"type":"port","@id":243,"shape":{"type":"rect","xposition":"NaN","yposition":"NaN","width":"NaN","height":"NaN","shapeStyle":41},"labelManager":{"labels":[{"type":"textLabel","@id":244,"inputText":"1","labelStyle":43,"shape":null,"layoutText":null}],"mainLabel":244},"properties":{},"orientationAtVertex":"FREE","reference":null},{"type":"port","@id":245,"shape":{"type":"rect","xposition":"NaN","yposition":"NaN","width":"NaN","height":"NaN","shapeStyle":41},"labelManager":{"labels":[{"type":"textLabel","@id":246,"inputText":"2","labelStyle":43,"shape":null,"layoutText":null}],"mainLabel":246},"properties":{},"orientationAtVertex":"FREE","reference":null}],"properties":{},"reference":null}],"properties":{},"reference":null},{"@id":247,"shape":null,"labelManager":{"labels":[{"type":"textLabel","@id":248,"inputText":"Benjamin","labelStyle":43,"shape":null,"layoutText":null}],"mainLabel":248},"portCompositions":[{"type":"portGroup","@id":249,"ordered":false,"portCompositions":[{"type":"port","@id":250,"shape":{"type":"rect","xposition":"NaN","yposition":"NaN","width":"NaN","height":"NaN","shapeStyle":41},"labelManager":{"labels":[{"type":"textLabel","@id":251,"inputText":"3","labelStyle":43,"shape":null,"layoutText":null}],"mainLabel":251},"properties":{},"orientationAtVertex":"FREE","reference":null},{"type":"port","@id":252,"shape":{"type":"rect","xposition":"NaN","yposition":"NaN","width":"NaN","height":"NaN","shapeStyle":41},"labelManager":{"labels":[{"type":"textLabel","@id":253,"inputText":"1","labelStyle":43,"shape":null,"layoutText":null}],"mainLabel":253},"properties":{},"orientationAtVertex":"FREE","reference":null},{"type":"port","@id":254,"shape":{"type":"rect","xposition":"NaN","yposition":"NaN","width":"NaN","height":"NaN","shapeStyle":41},"labelManager":{"labels":[{"type":"textLabel","@id":255,"inputText":"2","labelStyle":43,"shape":null,"layoutText":null}],"mainLabel":255},"properties":{},"orientationAtVertex":"FREE","reference":null}],"properties":{},"reference":null}],"properties":{},"reference":null},{"@id":256,"shape":null,"labelManager":{"labels":[{"type":"textLabel","@id":257,"inputText":"Luca","labelStyle":43,"shape":null,"layoutText":null}],"mainLabel":257},"portCompositions":[{"type":"portGroup","@id":258,"ordered":false,"portCompositions":[{"type":"port","@id":259,"shape":{"type":"rect","xposition":"NaN","yposition":"NaN","width":"NaN","height":"NaN","shapeStyle":41},"labelManager":{"labels":[{"type":"textLabel","@id":260,"inputText":"4","labelStyle":43,"shape":null,"layoutText":null}],"mainLabel":260},"properties":{},"orientationAtVertex":"FREE","reference":null}],"properties":{},"reference":null}],"properties":{},"reference":null}],"vertexGroups":[{"@id":261,"drawnFrame":false,"labelManager":{"labels":[],"mainLabel":null},"shape":null,"containedVertices":[11,18],"containedVertexGroups":[],"touchingPairs":[{"vertex0":11,"horizontalPlacementVertex0":"FREE","verticalPlacementVertex0":"TOP","vertex1":18,"horizontalPlacementVertex1":"FREE","verticalPlacementVertex1":"FREE"}],"portPairings":[{"port0":14,"port1":21},{"port0":16,"port1":23}],"properties":{},"reference":null},{"@id":262,"drawnFrame":false,"labelManager":{"labels":[],"mainLabel":null},"shape":null,"containedVertices":[25,30],"containedVertexGroups":[],"touchingPairs":[{"vertex0":25,"horizontalPlacementVertex0":"FREE","verticalPlacementVertex0":"TOP","vertex1":30,"horizontalPlacementVertex1":"FREE","verticalPlacementVertex1":"FREE"}],"portPairings":[{"port0":28,"port1":33}],"properties":{},"reference":null},{"@id":263,"drawnFrame":false,"labelManager":{"labels":[],"mainLabel":null},"shape":null,"containedVertices":[35,44],"containedVertexGroups":[],"touchingPairs":[{"vertex0":35,"horizontalPlacementVertex0":"FREE","verticalPlacementVertex0":"TOP","vertex1":44,"horizontalPlacementVertex1":"FREE","verticalPlacementVertex1":"FREE"}],"portPairings":[{"port0":38,"port1":47},{"port0":40,"port1":49}],"properties":{},"reference":null},{"@id":264,"drawnFrame":false,"labelManager":{"labels":[],"mainLabel":null},"shape":null,"containedVertices":[71,76],"containedVertexGroups":[],"touchingPairs":[{"vertex0":71,"horizontalPlacementVertex0":"FREE","verticalPlacementVertex0":"TOP","vertex1":76,"horizontalPlacementVertex1":"FREE","verticalPlacementVertex1":"FREE"}],"portPairings":[{"port0":74,"port1":79}],"properties":{},"reference":null},{"@id":265,"drawnFrame":false,"labelManager":{"labels":[],"mainLabel":null},"shape":null,"containedVertices":[93,100],"containedVertexGroups":[],"touchingPairs":[{"vertex0":93,"horizontalPlacementVertex0":"FREE","verticalPlacementVertex0":"TOP","vertex1":100,"horizontalPlacementVertex1":"FREE","verticalPlacementVertex1":"FREE"}],"portPairings":[{"port0":96,"port1":103},{"port0":98,"port1":105}],"properties":{},"reference":null},{"@id":266,"drawnFrame":false,"labelManager":{"labels":[],"mainLabel":null},"shape":null,"containedVertices":[107,122],"containedVertexGroups":[],"touchingPairs":[{"vertex0":107,"horizontalPlacementVertex0":"FREE","verticalPlacementVertex0":"TOP","vertex1":122,"horizontalPlacementVertex1":"FREE","verticalPlacementVertex1":"FREE"}],"portPairings":[{"port0":112,"port1":127},{"port0":118,"port1":133},{"port0":110,"port1":125},{"port0":116,"port1":131},{"port0":114,"port1":129},{"port0":120,"port1":135}],"properties":{},"reference":null},{"@id":267,"drawnFrame":false,"labelManager":{"labels":[],"mainLabel":null},"shape":null,"containedVertices":[137,147],"containedVertexGroups":[],"touchingPairs":[{"vertex0":137,"horizontalPlacementVertex0":"FREE","verticalPlacementVertex0":"TOP","vertex1":147,"horizontalPlacementVertex1":"FREE","verticalPlacementVertex1":"FREE"}],"portPairings":[{"port0":143,"port1":152},{"port0":141,"port1":150},{"port0":145,"port1":154}],"properties":{},"reference":null},{"@id":268,"drawnFrame":false,"labelManager":{"labels":[],"mainLabel":null},"shape":null,"containedVertices":[160,167],"containedVertexGroups":[],"touchingPairs":[{"vertex0":160,"horizontalPlacementVertex0":"FREE","verticalPlacementVertex0":"TOP","vertex1":167,"horizontalPlacementVertex1":"FREE","verticalPlacementVertex1":"FREE"}],"portPairings":[{"port0":163,"port1":170},{"port0":165,"port1":172}],"properties":{},"reference":null},{"@id":269,"drawnFrame":false,"labelManager":{"labels":[],"mainLabel":null},"shape":null,"containedVertices":[174,185,256],"containedVertexGroups":[],"touchingPairs":[{"vertex0":174,"horizontalPlacementVertex0":"FREE","verticalPlacementVertex0":"TOP","vertex1":185,"horizontalPlacementVertex1":"FREE","verticalPlacementVertex1":"FREE"},{"vertex0":174,"horizontalPlacementVertex0":"FREE","verticalPlacementVertex0":"FREE","vertex1":256,"horizontalPlacementVertex1":"FREE","verticalPlacementVertex1":"FREE"}],"portPairings":[{"port0":177,"port1":188},{"port0":179,"port1":190},{"port0":181,"port1":259},{"port0":183,"port1":192}],"properties":{},"reference":null},{"@id":270,"drawnFrame":false,"labelManager":{"labels":[],"mainLabel":null},"shape":null,"containedVertices":[194,211],"containedVertexGroups":[],"touchingPairs":[{"vertex0":194,"horizontalPlacementVertex0":"FREE","verticalPlacementVertex0":"TOP","vertex1":211,"horizontalPlacementVertex1":"FREE","verticalPlacementVertex1":"FREE"}],"portPairings":[{"port0":199,"port1":216},{"port0":205,"port1":222},{"port0":197,"port1":214},{"port0":203,"port1":220},{"port0":201,"port1":218},{"port0":207,"port1":224},{"port0":209,"port1":226}],"properties":{},"reference":null},{"@id":271,"drawnFrame":false,"labelManager":{"labels":[],"mainLabel":null},"shape":null,"containedVertices":[228,233],"containedVertexGroups":[],"touchingPairs":[{"vertex0":228,"horizontalPlacementVertex0":"FREE","verticalPlacementVertex0":"TOP","vertex1":233,"horizontalPlacementVertex1":"FREE","verticalPlacementVertex1":"FREE"}],"portPairings":[{"port0":231,"port1":236}],"properties":{},"reference":null},{"@id":272,"drawnFrame":false,"labelManager":{"labels":[],"mainLabel":null},"shape":null,"containedVertices":[238,247],"containedVertexGroups":[],"touchingPairs":[{"vertex0":238,"horizontalPlacementVertex0":"FREE","verticalPlacementVertex0":"FREE","vertex1":247,"horizontalPlacementVertex1":"FREE","verticalPlacementVertex1":"FREE"}],"portPairings":[{"port0":241,"port1":250},{"port0":243,"port1":252},{"port0":245,"port1":254}],"properties":{},"reference":null}],"edges":[{"@id":273,"ports":[152,114],"labelManager":{"innerLabels":[{"type":"textLabel","@id":274,"inputText":"Matteo","labelStyle":4,"shape":null,"layoutText":null}],"allPortLabels":[],"mainLabel":274},"pathStyle":{"@id":275,"description":"default path style","thickness":-1.0,"color":{"argb":"ff000000"}},"paths":[],"properties":{},"reference":null},{"@id":276,"ports":[190,231],"labelManager":{"innerLabels":[{"type":"textLabel","@id":277,"inputText":"Carl","labelStyle":4,"shape":null,"layoutText":null}],"allPortLabels":[],"mainLabel":277},"pathStyle":275,"paths":[],"properties":{},"reference":null},{"@id":278,"ports":[9,65],"labelManager":{"innerLabels":[{"type":"textLabel","@id":279,"inputText":"Konstantin","labelStyle":4,"shape":null,"layoutText":null}],"allPortLabels":[],"mainLabel":279},"pathStyle":275,"paths":[],"properties":{},"reference":null},{"@id":280,"ports":[214,158],"labelManager":{"innerLabels":[{"type":"textLabel","@id":281,"inputText":"Joel","labelStyle":4,"shape":null,"layoutText":null}],"allPortLabels":[],"mainLabel":281},"pathStyle":275,"paths":[],"properties":{},"reference":null},{"@id":282,"ports":[28,103,91],"labelManager":{"innerLabels":[{"type":"textLabel","@id":283,"inputText":"Emir","labelStyle":4,"shape":null,"layoutText":null}],"allPortLabels":[],"mainLabel":283},"pathStyle":275,"paths":[],"properties":{},"reference":null},{"@id":284,"ports":[98,170],"labelManager":{"innerLabels":[{"type":"textLabel","@id":285,"inputText":"Can","labelStyle":4,"shape":null,"layoutText":null}],"allPortLabels":[],"mainLabel":285},"pathStyle":275,"paths":[],"properties":{},"reference":null},{"@id":286,"ports":[57,53],"labelManager":{"innerLabels":[{"type":"textLabel","@id":287,"inputText":"Muhammed","labelStyle":4,"shape":null,"layoutText":null}],"allPortLabels":[],"mainLabel":287},"pathStyle":275,"paths":[],"properties":{},"reference":null},{"@id":288,"ports":[236,21],"labelManager":{"innerLabels":[{"type":"textLabel","@id":289,"inputText":"Justus","labelStyle":4,"shape":null,"layoutText":null}],"allPortLabels":[],"mainLabel":289},"pathStyle":275,"paths":[],"properties":{},"reference":null},{"@id":290,"ports":[38,23],"labelManager":{"innerLabels":[{"type":"textLabel","@id":291,"inputText":"Adam","labelStyle":4,"shape":null,"layoutText":null}],"allPortLabels":[],"mainLabel":291},"pathStyle":275,"paths":[],"properties":{},"reference":null},{"@id":292,"ports":[9,218],"labelManager":{"innerLabels":[{"type":"textLabel","@id":293,"inputText":"Frederik","labelStyle":4,"shape":null,"layoutText":null}],"allPortLabels":[],"mainLabel":293},"pathStyle":275,"paths":[],"properties":{},"reference":null},{"@id":294,"ports":[222,53],"labelManager":{"innerLabels":[{"type":"textLabel","@id":295,"inputText":"Peter","labelStyle":4,"shape":null,"layoutText":null}],"allPortLabels":[],"mainLabel":295},"pathStyle":275,"paths":[],"properties":{},"reference":null},{"@id":296,"ports":[158,216],"labelManager":{"innerLabels":[{"type":"textLabel","@id":297,"inputText":"Michael","labelStyle":4,"shape":null,"layoutText":null}],"allPortLabels":[],"mainLabel":297},"pathStyle":275,"paths":[],"properties":{},"reference":null},{"@id":298,"ports":[79,158],"labelManager":{"innerLabels":[{"type":"textLabel","@id":299,"inputText":"Vincent","labelStyle":4,"shape":null,"layoutText":null}],"allPortLabels":[],"mainLabel":299},"pathStyle":275,"paths":[],"properties":{},"reference":null},{"@id":300,"ports":[220,83],"labelManager":{"innerLabels":[{"type":"textLabel","@id":301,"inputText":"Liam","labelStyle":4,"shape":null,"layoutText":null}],"allPortLabels":[],"mainLabel":301},"pathStyle":275,"paths":[],"properties":{},"reference":null},{"@id":302,"ports":[47,188],"labelManager":{"innerLabels":[{"type":"textLabel","@id":303,"inputText":"Theo","labelStyle":4,"shape":null,"layoutText":null}],"allPortLabels":[],"mainLabel":303},"pathStyle":275,"paths":[],"properties":{},"reference":null},{"@id":304,"ports":[33,150],"labelManager":{"innerLabels":[{"type":"textLabel","@id":305,"inputText":"Daniel","labelStyle":4,"shape":null,"layoutText":null}],"allPortLabels":[],"mainLabel":305},"pathStyle":275,"paths":[],"properties":{},"reference":null},{"@id":306,"ports":[5,224],"labelManager":{"innerLabels":[{"type":"textLabel","@id":307,"inputText":"Simon","labelStyle":43,"shape":null,"layoutText":null}],"allPortLabels":[],"mainLabel":307},"pathStyle":{"@id":308,"description":"default path style","thickness":-1.0,"color":{"argb":"ff000000"}},"paths":[],"properties":{},"reference":null},{"@id":309,"ports":[135,252],"labelManager":{"innerLabels":[{"type":"textLabel","@id":310,"inputText":"Levi","labelStyle":43,"shape":null,"layoutText":null}],"allPortLabels":[],"mainLabel":310},"pathStyle":308,"paths":[],"properties":{},"reference":null},{"@id":311,"ports":[112,69],"labelManager":{"innerLabels":[{"type":"textLabel","@id":312,"inputText":"Sebastian","labelStyle":43,"shape":null,"layoutText":null}],"allPortLabels":[],"mainLabel":312},"pathStyle":308,"paths":[],"properties":{},"reference":null},{"@id":313,"ports":[127,87],"labelManager":{"innerLabels":[{"type":"textLabel","@id":314,"inputText":"Milan","labelStyle":43,"shape":null,"layoutText":null}],"allPortLabels":[],"mainLabel":314},"pathStyle":308,"paths":[],"properties":{},"reference":null},{"@id":315,"ports":[61,74],"labelManager":{"innerLabels":[{"type":"textLabel","@id":316,"inputText":"Ole","labelStyle":43,"shape":null,"layoutText":null}],"allPortLabels":[],"mainLabel":316},"pathStyle":308,"paths":[],"properties":{},"reference":null},{"@id":317,"ports":[120,226],"labelManager":{"innerLabels":[{"type":"textLabel","@id":318,"inputText":"Yusuf","labelStyle":43,"shape":null,"layoutText":null}],"allPortLabels":[],"mainLabel":318},"pathStyle":308,"paths":[],"properties":{},"reference":null},{"@id":319,"ports":[118,16],"labelManager":{"innerLabels":[{"type":"textLabel","@id":320,"inputText":"Mika","labelStyle":43,"shape":null,"layoutText":null}],"allPortLabels":[],"mainLabel":320},"pathStyle":308,"paths":[],"properties":{},"reference":null},{"@id":321,"ports":[125,129,133,254,250],"labelManager":{"innerLabels":[{"type":"textLabel","@id":322,"inputText":"Matteo","labelStyle":43,"shape":null,"layoutText":null}],"allPortLabels":[],"mainLabel":322},"pathStyle":308,"paths":[],"properties":{},"reference":null},{"@id":323,"ports":[14,116,172],"labelManager":{"innerLabels":[{"type":"textLabel","@id":324,"inputText":"Peter","labelStyle":43,"shape":null,"layoutText":null}],"allPortLabels":[],"mainLabel":324},"pathStyle":308,"paths":[],"properties":{},"reference":null},{"@id":325,"ports":[133,154,254],"labelManager":{"innerLabels":[{"type":"textLabel","@id":326,"inputText":"Konstantin","labelStyle":43,"shape":null,"layoutText":null}],"allPortLabels":[],"mainLabel":326},"pathStyle":308,"paths":[],"properties":{},"reference":null},{"@id":327,"ports":[154,49,250],"labelManager":{"innerLabels":[{"type":"textLabel","@id":328,"inputText":"Frederik","labelStyle":43,"shape":null,"layoutText":null}],"allPortLabels":[],"mainLabel":328},"pathStyle":308,"paths":[],"properties":{},"reference":null},{"@id":329,"ports":[259,154,110],"labelManager":{"innerLabels":[{"type":"textLabel","@id":330,"inputText":"Levi","labelStyle":43,"shape":null,"layoutText":null}],"allPortLabels":[],"mainLabel":330},"pathStyle":308,"paths":[],"properties":{},"reference":null}],"edgeBundles":[]}