{"vertices":[{"@id":1,"shape":{"type":"rect","xposition":"NaN","yposition":"NaN","width":"NaN","height":"NaN","shapeStyle":{"@id":2,"description":"default shape style","color":{"argb":"ff000000"}}},"labelManager":{"labels":[{"type":"textLabel","@id":3,"inputText":"Niklas","labelStyle":{"@id":4,"description":"default text label style","font":{"fontName":"SansSerif.plain","style":0,"size":10},"noBreak":false,"color":{"argb":"ff000000"},"showLabel":true,"placement":"FREE","horizontalPlacement":"FREE","verticalPlacement":"FREE"},"shape":null,"layoutText":null}],"mainLabel":3},"portCompositions":[{"type":"portGroup","@id":5,"ordered":false,"portCompositions":[{"type":"port","@id":6,"shape":{"type":"rect","xposition":"NaN","yposition":"NaN","width":"NaN","height":"NaN","shapeStyle":2},"labelManager":{"labels":[{"type":"textLabel","@id":7,"inputText":"2","labelStyle":4,"shape":null,"layoutText":null}],"mainLabel":7},"properties":{},"orientationAtVertex":"FREE","reference":null},{"type":"port","@id":8,"shape":{"type":"rect","xposition":"NaN","yposition":"NaN","width":"NaN","height":"NaN","shapeStyle":2},"labelManager":{"labels":[{"type":"textLabel","@id":9,"inputText":"9","labelStyle":4,"shape":null,"layoutText":null}],"mainLabel":9},"properties":{},"orientationAtVertex":"FREE","reference":null},{"type":"port","@id":10,"shape":{"type":"rect","xposition":"NaN","yposition":"NaN","width":"NaN","height":"NaN","shapeStyle":{"@id":11,"description":"default shape style","color":{"argb":"ff000000"}}},"labelManager":{"labels":[{"type":"textLabel","@id":12,"inputText":"3","labelStyle":{"@id":13,"description":"default text label style","font":{"fontName":"SansSerif.plain","style":0,"size":10},"noBreak":false,"color":{"argb":"ff000000"},"showLabel":true,"placement":"FREE","horizontalPlacement":"FREE","verticalPlacement":"FREE"},"shape":null,"layoutText":null}],"mainLabel":12},"properties":{},"orientationAtVertex":"FREE","reference":null},{"type":"port","@id":14,"shape":{"type":"rect","xposition":"NaN","yposition":"NaN","width":"NaN","height":"NaN","shapeStyle":11},"labelManager":{"labels":[{"type":"textLabel","@id":15,"inputText":"7","labelStyle":13,"shape":null,"layoutText":null}],"mainLabel":15},"properties":{},"orientationAtVertex":"FREE","reference":null},{"type":"port","@id":16,"shape":{"type":"rect","xposition":"NaN","yposition":"NaN","width":"NaN","height":"NaN","shapeStyle":11},"labelManager":{"labels":[{"type":"textLabel","@id":17,"inputText":"6","labelStyle":13,"shape":null,"layoutText":null}],"mainLabel":17},"properties":{},"orientationAtVertex":"FREE","reference":null},{"type":"port","@id":18,"shape":{"type":"rect","xposition":"NaN","yposition":"NaN","width":"NaN","height":"NaN","shapeStyle":11},"labelManager":{"labels":[{"type":"textLabel","@id":19,"inputText":"1","labelStyle":13,"shape":null,"layoutText":null}],"mainLabel":19},"properties":{},"orientationAtVertex":"FREE","reference":null},{"type":"port","@id":20,"shape":{"type":"rect","xposition":"NaN","yposition":"NaN","width":"NaN","height":"NaN","shapeStyle":11},"labelManager":{"labels":[{"type":"textLabel","@id":21,"inputText":"5","labelStyle":13,"shape":null,"layoutText":null}],"mainLabel":21},"properties":{},"orientationAtVertex":"FREE","reference":null},{"type":"port","@id":22,"shape":{"type":"rect","xposition":"NaN","yposition":"NaN","width":"NaN","height":"NaN","shapeStyle":11},"labelManager":{"labels":[{"type":"textLabel","@id":23,"inputText":"8","labelStyle":13,"shape":null,"layoutText":null}],"mainLabel":23},"properties":{},"orientationAtVertex":"FREE","reference":null},{"type":"port","@id":24,"shape":{"type":"rect","xposition":"NaN","yposition":"NaN","width":"NaN","height":"NaN","shapeStyle":11},"labelManager":{"labels":[{"type":"textLabel","@id":25,"inputText":"4","labelStyle":13,"shape":null,"layoutText":null}],"mainLabel":25},"properties":{},"orientationAtVertex":"FREE","reference":null}],"properties":{},"reference":null},{"type":"portGroup","@id":26,"ordered":false,"portCompositions":[],"properties":{},"reference":null},{"type":"portGroup","@id":27,"ordered":false,"portCompositions":[],"properties":{},"reference":null}],"properties":{},"reference":"device"},{"@id":28,"shape":{"type":"rect","xposition":"NaN","yposition":"NaN","width":"NaN","height":"NaN","shapeStyle":2},"labelManager":{"labels":[{"type":"textLabel","@id":29,"inputText":"Jonathan","labelStyle":4,"shape":null,"layoutText":null}],"mainLabel":29},"portCompositions":[{"type":"portGroup","@id":30,"ordered":false,"portCompositions":[{"type":"port","@id":31,"shape":{"type":"rect","xposition":"NaN","yposition":"NaN","width":"NaN","height":"NaN","shapeStyle":2},"labelManager":{"labels":[{"type":"textLabel","@id":32,"inputText":"2","labelStyle":4,"shape":null,"layoutText":null}],"mainLabel":32},"properties":{},"orientationAtVertex":"FREE","reference":null},{"type":"port","@id":33,"shape":{"type":"rect","xposition":"NaN","yposition":"NaN","width":"NaN","height":"NaN","shapeStyle":2},"labelManager":{"labels":[{"type":"textLabel","@id":34,"inputText":"9","labelStyle":4,"shape":null,"layoutText":null}],"mainLabel":34},"properties":{},"orientationAtVertex":"FREE","reference":null},{"type":"port","@id":35,"shape":{"type":"rect","xposition":"NaN","yposition":"NaN","width":"NaN","height":"NaN","shapeStyle":11},"labelManager":{"labels":[{"type":"textLabel","@id":36,"inputText":"8","labelStyle":13,"shape":null,"layoutText":null}],"mainLabel":36},"properties":{},"orientationAtVertex":"FREE","reference":null}],"properties":{},"reference":null}],"properties":{},"reference":"plug"},{"@id":37,"shape":{"type":"rect","xposition":"NaN","yposition":"NaN","width":"NaN","height":"NaN","shapeStyle":2},"labelManager":{"labels":[{"type":"textLabel","@id":38,"inputText":"Jonas","labelStyle":4,"shape":null,"layoutText":null}],"mainLabel":38},"portCompositions":[{"type":"portGroup","@id":39,"ordered":false,"portCompositions":[{"type":"port","@id":40,"shape":{"type":"rect","xposition":"NaN","yposition":"NaN","width":"NaN","height":"NaN","shapeStyle":2},"labelManager":{"labels":[{"type":"textLabel","@id":41,"inputText":"1","labelStyle":4,"shape":null,"layoutText":null}],"mainLabel":41},"properties":{},"orientationAtVertex":"FREE","reference":null},{"type":"port","@id":42,"shape":{"type":"rect","xposition":"NaN","yposition":"NaN","width":"NaN","height":"NaN","shapeStyle":11},"labelManager":{"labels":[{"type":"textLabel","@id":43,"inputText":"2","labelStyle":13,"shape":null,"layoutText":null}],"mainLabel":43},"properties":{},"orientationAtVertex":"FREE","reference":null},{"type":"port","@id":44,"shape":{"type":"rect","xposition":"NaN","yposition":"NaN","width":"NaN","height":"NaN","shapeStyle":11},"labelManager":{"labels":[{"type":"textLabel","@id":45,"inputText":"3","labelStyle":13,"shape":null,"layoutText":null}],"mainLabel":45},"properties":{},"orientationAtVertex":"FREE","reference":null}],"properties":{},"reference":null}],"properties":{},"reference":"plug"},{"@id":46,"shape":{"type":"rect","xposition":"NaN","yposition":"NaN","width":"NaN","height":"NaN","shapeStyle":2},"labelManager":{"labels":[{"type":"textLabel","@id":47,"inputText":"David","labelStyle":4,"shape":null,"layoutText":null}],"mainLabel":47},"portCompositions":[{"type":"portGroup","@id":48,"ordered":false,"portCompositions":[{"type":"port","@id":49,"shape":{"type":"rect","xposition":"NaN","yposition":"NaN","width":"NaN","height":"NaN","shapeStyle":2},"labelManager":{"labels":[{"type":"textLabel","@id":50,"inputText":"1","labelStyle":4,"shape":null,"layoutText":null}],"mainLabel":50},"properties":{},"orientationAtVertex":"FREE","reference":null},{"type":"port","@id":51,"shape":{"type":"rect","xposition":"NaN","yposition":"NaN","width":"NaN","height":"NaN","shapeStyle":11},"labelManager":{"labels":[{"type":"textLabel","@id":52,"inputText":"2","labelStyle":13,"shape":null,"layoutText":null}],"mainLabel":52},"properties":{},"orientationAtVertex":"FREE","reference":null},{"type":"port","@id":53,"shape":{"type":"rect","xposition":"NaN","yposition":"NaN","width":"NaN","height":"NaN","shapeStyle":11},"labelManager":{"labels":[{"type":"textLabel","@id":54,"inputText":"3","labelStyle":13,"shape":null,"layoutText":null}],"mainLabel":54},"properties":{},"orientationAtVertex":"FREE","reference":null}],"properties":{},"reference":null}],"properties":{},"reference":"plug"},{"@id":55,"shape":{"type":"rect","xposition":"NaN","yposition":"NaN","width":"NaN","height":"NaN","shapeStyle":2},"labelManager":{"labels":[{"type":"textLabel","@id":56,"inputText":"Leo","labelStyle":4,"shape":null,"layoutText":null}],"mainLabel":56},"portCompositions":[{"type":"port","@id":57,"shape":{"type":"rect","xposition":"NaN","yposition":"NaN","width":"NaN","height":"NaN","shapeStyle":2},"labelManager":{"labels":[{"type":"textLabel","@id":58,"inputText":"1","labelStyle":4,"shape":null,"layoutText":null}],"mainLabel":58},"properties":{},"orientationAtVertex":"FREE","reference":null}],"properties":{},"reference":"splice"},{"@id":59,"shape":{"type":"rect","xposition":"NaN","yposition":"NaN","width":"NaN","height":"NaN","shapeStyle":2},"labelManager":{"labels":[{"type":"textLabel","@id":60,"inputText":"Julius","labelStyle":4,"shape":null,"layoutText":null}],"mainLabel":60},"portCompositions":[{"type":"portGroup","@id":61,"ordered":false,"portCompositions":[{"type":"port","@id":62,"shape":{"type":"rect","xposition":"NaN","yposition":"NaN","width":"NaN","height":"NaN","shapeStyle":2},"labelManager":{"labels":[{"type":"textLabel","@id":63,"inputText":"4","labelStyle":4,"shape":null,"layoutText":null}],"mainLabel":63},"properties":{},"orientationAtVertex":"FREE","reference":null},{"type":"port","@id":64,"shape":{"type":"rect","xposition":"NaN","yposition":"NaN","width":"NaN","height":"NaN","shapeStyle":2},"labelManager":{"labels":[{"type":"textLabel","@id":65,"inputText":"3","labelStyle":4,"shape":null,"layoutText":null}],"mainLabel":65},"properties":{},"orientationAtVertex":"FREE","reference":null},{"type":"port","@id":66,"shape":{"type":"rect","xposition":"NaN","yposition":"NaN","width":"NaN","height":"NaN","shapeStyle":11},"labelManager":{"labels":[{"type":"textLabel","@id":67,"inputText":"5","labelStyle":13,"shape":null,"layoutText":null}],"mainLabel":67},"properties":{},"orientationAtVertex":"FREE","reference":null},{"type":"port","@id":68,"shape":{"type":"rect","xposition":"NaN","yposition":"NaN","width":"NaN","height":"NaN","shapeStyle":11},"labelManager":{"labels":[{"type":"textLabel","@id":69,"inputText":"2","labelStyle":13,"shape":null,"layoutText":null}],"mainLabel":69},"properties":{},"orientationAtVertex":"FREE","reference":null},{"type":"port","@id":70,"shape":{"type":"rect","xposition":"NaN","yposition":"NaN","width":"NaN","height":"NaN","shapeStyle":11},"labelManager":{"labels":[{"type":"textLabel","@id":71,"inputText":"6","labelStyle":13,"shape":null,"layoutText":null}],"mainLabel":71},"properties":{},"orientationAtVertex":"FREE","reference":null},{"type":"port","@id":72,"shape":{"type":"rect","xposition":"NaN","yposition":"NaN","width":"NaN","height":"NaN","shapeStyle":11},"labelManager":{"labels":[{"type":"textLabel","@id":73,"inputText":"7","labelStyle":13,"shape":null,"layoutText":null}],"mainLabel":73},"properties":{},"orientationAtVertex":"FREE","reference":null},{"type":"port","@id":74,"shape":{"type":"rect","xposition":"NaN","yposition":"NaN","width":"NaN","height":"NaN","shapeStyle":11},"labelManager":{"labels":[{"type":"textLabel","@id":75,"inputText":"1","labelStyle":13,"shape":null,"layoutText":null}],"mainLabel":75},"properties":{},"orientationAtVertex":"FREE","reference":null},{"type":"port","@id":76,"shape":{"type":"rect","xposition":"NaN","yposition":"NaN","width":"NaN","height":"NaN","shapeStyle":11},"labelManager":{"labels":[{"type":"textLabel","@id":77,"inputText":"8","labelStyle":13,"shape":null,"layoutText":null}],"mainLabel":77},"properties":{},"orientationAtVertex":"FREE","reference":null}],"properties":{},"reference":null}],"properties":{},"reference":"device"},{"@id":78,"shape":{"type":"rect","xposition":"NaN","yposition":"NaN","width":"NaN","height":"NaN","shapeStyle":2},"labelManager":{"labels":[{"type":"textLabel","@id":79,"inputText":"Peter","labelStyle":4,"shape":null,"layoutText":null}],"mainLabel":79},"portCompositions":[{"type":"portGroup","@id":80,"ordered":false,"portCompositions":[{"type":"port","@id":81,"shape":{"type":"rect","xposition":"NaN","yposition":"NaN","width":"NaN","height":"NaN","shapeStyle":2},"labelManager":{"labels":[{"type":"textLabel","@id":82,"inputText":"4","labelStyle":4,"shape":null,"layoutText":null}],"mainLabel":82},"properties":{},"orientationAtVertex":"FREE","reference":null},{"type":"port","@id":83,"shape":{"type":"rect","xposition":"NaN","yposition":"NaN","width":"NaN","height":"NaN","shapeStyle":2},"labelManager":{"labels":[{"type":"textLabel","@id":84,"inputText":"3","labelStyle":4,"shape":null,"layoutText":null}],"mainLabel":84},"properties":{},"orientationAtVertex":"FREE","reference":null},{"type":"port","@id":85,"shape":{"type":"rect","xposition":"NaN","yposition":"NaN","width":"NaN","height":"NaN","shapeStyle":11},"labelManager":{"labels":[{"type":"textLabel","@id":86,"inputText":"1","labelStyle":13,"shape":null,"layoutText":null}],"mainLabel":86},"properties":{},"orientationAtVertex":"FREE","reference":null}],"properties":{},"reference":null}],"properties":{},"reference":"plug"},{"@id":87,"shape":{"type":"rect","xposition":"NaN","yposition":"NaN","width":"NaN","height":"NaN","shapeStyle":2},"labelManager":{"labels":[{"type":"textLabel","@id":88,"inputText":"Johannes","labelStyle":4,"shape":null,"layoutText":null}],"mainLabel":88},"portCompositions":[{"type":"portGroup","@id":89,"ordered":false,"portCompositions":[{"type":"port","@id":90,"shape":{"type":"rect","xposition":"NaN","yposition":"NaN","width":"NaN","height":"NaN","shapeStyle":2},"labelManager":{"labels":[{"type":"textLabel","@id":91,"inputText":"1","labelStyle":4,"shape":null,"layoutText":null}],"mainLabel":91},"properties":{},"orientationAtVertex":"FREE","reference":null}],"properties":{},"reference":null}],"properties":{},"reference":"plug"},{"@id":92,"shape":{"type":"rect","xposition":"NaN","yposition":"NaN","width":"NaN","height":"NaN","shapeStyle":2},"labelManager":{"labels":[{"type":"textLabel","@id":93,"inputText":"Simon","labelStyle":4,"shape":null,"layoutText":null}],"mainLabel":93},"portCompositions":[{"type":"portGroup","@id":94,"ordered":false,"portCompositions":[{"type":"port","@id":95,"shape":{"type":"rect","xposition":"NaN","yposition":"NaN","width":"NaN","height":"NaN","shapeStyle":2},"labelManager":{"labels":[{"type":"textLabel","@id":96,"inputText":"1","labelStyle":4,"shape":null,"layoutText":null}],"mainLabel":96},"properties":{},"orientationAtVertex":"FREE","reference":null}],"properties":{},"reference":null}],"properties":{},"reference":"plug"},{"@id":97,"shape":{"type":"rect","xposition":"NaN","yposition":"NaN","width":"NaN","height":"NaN","shapeStyle":2},"labelManager":{"labels":[{"type":"textLabel","@id":98,"inputText":"Henri","labelStyle":4,"shape":null,"layoutText":null}],"mainLabel":98},"portCompositions":[{"type":"port","@id":99,"shape":{"type":"rect","xposition":"NaN","yposition":"NaN","width":"NaN","height":"NaN","shapeStyle":2},"labelManager":{"labels":[{"type":"textLabel","@id":100,"inputText":"1","labelStyle":4,"shape":null,"layoutText":null}],"mainLabel":100},"properties":{},"orientationAtVertex":"FREE","reference":null}],"properties":{},"reference":"splice"},{"@id":101,"shape":{"type":"rect","xposition":"NaN","yposition":"NaN","width":"NaN","height":"NaN","shapeStyle":2},"labelManager":{"labels":[{"type":"textLabel","@id":102,"inputText":"Maximilian","labelStyle":4,"shape":null,"layoutText":null}],"mainLabel":102},"portCompositions":[{"type":"portGroup","@id":103,"ordered":false,"portCompositions":[{"type":"port","@id":104,"shape":{"type":"rect","xposition":"NaN","yposition":"NaN","width":"NaN","height":"NaN","shapeStyle":2},"labelManager":{"labels":[{"type":"textLabel","@id":105,"inputText":"1","labelStyle":4,"shape":null,"layoutText":null}],"mainLabel":105},"properties":{},"orientationAtVertex":"FREE","reference":null},{"type":"port","@id":106,"shape":{"type":"rect","xposition":"NaN","yposition":"NaN","width":"NaN","height":"NaN","shapeStyle":2},"labelManager":{"labels":[{"type":"textLabel","@id":107,"inputText":"3","labelStyle":4,"shape":null,"layoutText":null}],"mainLabel":107},"properties":{},"orientationAtVertex":"FREE","reference":null},{"type":"port","@id":108,"shape":{"type":"rect","xposition":"NaN","yposition":"NaN","width":"NaN","height":"NaN","shapeStyle":2},"labelManager":{"labels":[{"type":"textLabel","@id":109,"inputText":"4","labelStyle":4,"shape":null,"layoutText":null}],"mainLabel":109},"properties":{},"orientationAtVertex":"FREE","reference":null},{"type":"port","@id":110,"shape":{"type":"rect","xposition":"NaN","yposition":"NaN","width":"NaN","height":"NaN","shapeStyle":2},"labelManager":{"labels":[{"type":"textLabel","@id":111,"inputText":"5","labelStyle":4,"shape":null,"layoutText":null}],"mainLabel":111},"properties":{},"orientationAtVertex":"FREE","reference":null},{"type":"port","@id":112,"shape":{"type":"rect","xposition":"NaN","yposition":"NaN","width":"NaN","height":"NaN","shapeStyle":11},"labelManager":{"labels":[{"type":"textLabel","@id":113,"inputText":"2","labelStyle":13,"shape":null,"layoutText":null}],"mainLabel":113},"properties":{},"orientationAtVertex":"FREE","reference":null}],"properties":{},"reference":null}],"properties":{},"reference":"plug"},{"@id":114,"shape":{"type":"rect","xposition":"NaN","yposition":"NaN","width":"NaN","height":"NaN","shapeStyle":2},"labelManager":{"labels":[{"type":"textLabel","@id":115,"inputText":"Emil","labelStyle":4,"shape":null,"layoutText":null}],"mainLabel":115},"portCompositions":[{"type":"portGroup","@id":116,"ordered":false,"portCompositions":[{"type":"port","@id":117,"shape":{"type":"rect","xposition":"NaN","yposition":"NaN","width":"NaN","height":"NaN","shapeStyle":2},"labelManager":{"labels":[{"type":"textLabel","@id":118,"inputText":"1","labelStyle":4,"shape":null,"layoutText":null}],"mainLabel":118},"properties":{},"orientationAtVertex":"FREE","reference":null},{"type":"port","@id":119,"shape":{"type":"rect","xposition":"NaN","yposition":"NaN","width":"NaN","height":"NaN","shapeStyle":2},"labelManager":{"labels":[{"type":"textLabel","@id":120,"inputText":"3","labelStyle":4,"shape":null,"layoutText":null}],"mainLabel":120},"properties":{},"orientationAtVertex":"FREE","reference":null},{"type":"port","@id":121,"shape":{"type":"rect","xposition":"NaN","yposition":"NaN","width":"NaN","height":"NaN","shapeStyle":2},"labelManager":{"labels":[{"type":"textLabel","@id":122,"inputText":"4","labelStyle":4,"shape":null,"layoutText":null}],"mainLabel":122},"properties":{},"orientationAtVertex":"FREE","reference":null},{"type":"port","@id":123,"shape":{"type":"rect","xposition":"NaN","yposition":"NaN","width":"NaN","height":"NaN","shapeStyle":2},"labelManager":{"labels":[{"type":"textLabel","@id":124,"inputText":"5","labelStyle":4,"shape":null,"layoutText":null}],"mainLabel":124},"properties":{},"orientationAtVertex":"FREE","reference":null},{"type":"port","@id":125,"shape":{"type":"rect","xposition":"NaN","yposition":"NaN","width":"NaN","height":"NaN","shapeStyle":11},"labelManager":{"labels":[{"type":"textLabel","@id":126,"inputText":"2","labelStyle":13,"shape":null,"layoutText":null}],"mainLabel":126},"properties":{},"orientationAtVertex":"FREE","reference":null}],"properties":{},"reference":null}],"properties":{},"reference":"plug"},{"@id":127,"shape":{"type":"rect","xposition":"NaN","yposition":"NaN","width":"NaN","height":"NaN","shapeStyle":2},"labelManager":{"labels":[{"type":"textLabel","@id":128,"inputText":"Tim","labelStyle":4,"shape":null,"layoutText":null}],"mainLabel":128},"portCompositions":[{"type":"port","@id":129,"shape":{"type":"rect","xposition":"NaN","yposition":"NaN","width":"NaN","height":"NaN","shapeStyle":2},"labelManager":{"labels":[{"type":"textLabel","@id":130,"inputText":"1","labelStyle":4,"shape":null,"layoutText":null}],"mainLabel":130},"properties":{},"orientationAtVertex":"FREE","reference":null}],"properties":{},"reference":"splice"},{"@id":131,"shape":{"type":"rect","xposition":"NaN","yposition":"NaN","width":"NaN","height":"NaN","shapeStyle":2},"labelManager":{"labels":[{"type":"textLabel","@id":132,"inputText":"Alexander","labelStyle":4,"shape":null,"layoutText":null}],"mainLabel":132},"portCompositions":[{"type":"portGroup","@id":133,"ordered":false,"portCompositions":[{"type":"port","@id":134,"shape":{"type":"rect","xposition":"NaN","yposition":"NaN","width":"NaN","height":"NaN","shapeStyle":2},"labelManager":{"labels":[{"type":"textLabel","@id":135,"inputText":"7","labelStyle":4,"shape":null,"layoutText":null}],"mainLabel":135},"properties":{},"orientationAtVertex":"FREE","reference":null},{"type":"port","@id":136,"shape":{"type":"rect","xposition":"NaN","yposition":"NaN","width":"NaN","height":"NaN","shapeStyle":2},"labelManager":{"labels":[{"type":"textLabel","@id":137,"inputText":"8","labelStyle":4,"shape":null,"layoutText":null}],"mainLabel":137},"properties":{},"orientationAtVertex":"FREE","reference":null},{"type":"port","@id":138,"shape":{"type":"rect","xposition":"NaN","yposition":"NaN","width":"NaN","height":"NaN","shapeStyle":2},"labelManager":{"labels":[{"type":"textLabel","@id":139,"inputText":"6","labelStyle":4,"shape":null,"layoutText":null}],"mainLabel":139},"properties":{},"orientationAtVertex":"FREE","reference":null},{"type":"port","@id":140,"shape":{"type":"rect","xposition":"NaN","yposition":"NaN","width":"NaN","height":"NaN","shapeStyle":2},"labelManager":{"labels":[{"type":"textLabel","@id":141,"inputText":"3","labelStyle":4,"shape":null,"layoutText":null}],"mainLabel":141},"properties":{},"orientationAtVertex":"FREE","reference":null},{"type":"port","@id":142,"shape":{"type":"rect","xposition":"NaN","yposition":"NaN","width":"NaN","height":"NaN","shapeStyle":2},"labelManager":{"labels":[{"type":"textLabel","@id":143,"inputText":"1","labelStyle":4,"shape":null,"layoutText":null}],"mainLabel":143},"properties":{},"orientationAtVertex":"FREE","reference":null},{"type":"port","@id":144,"shape":{"type":"rect","xposition":"NaN","yposition":"NaN","width":"NaN","height":"NaN","shapeStyle":2},"labelManager":{"labels":[{"type":"textLabel","@id":145,"inputText":"2","labelStyle":4,"shape":null,"layoutText":null}],"mainLabel":145},"properties":{},"orientationAtVertex":"FREE","reference":null},{"type":"port","@id":146,"shape":{"type":"rect","xposition":"NaN","yposition":"NaN","width":"NaN","height":"NaN","shapeStyle":2},"labelManager":{"labels":[{"type":"textLabel","@id":147,"inputText":"4","labelStyle":4,"shape":null,"layoutText":null}],"mainLabel":147},"properties":{},"orientationAtVertex":"FREE","reference":null}],"properties":{},"reference":null}],"properties":{},"reference":"plug"},{"@id":148,"shape":{"type":"rect","xposition":"NaN","yposition":"NaN","width":"NaN","height":"NaN","shapeStyle":2},"labelManager":{"labels":[{"type":"textLabel","@id":149,"inputText":"Gabriel","labelStyle":4,"shape":null,"layoutText":null}],"mainLabel":149},"portCompositions":[{"type":"portGroup","@id":150,"ordered":false,"portCompositions":[{"type":"port","@id":151,"shape":{"type":"rect","xposition":"NaN","yposition":"NaN","width":"NaN","height":"NaN","shapeStyle":2},"labelManager":{"labels":[{"type":"textLabel","@id":152,"inputText":"7","labelStyle":4,"shape":null,"layoutText":null}],"mainLabel":152},"properties":{},"orientationAtVertex":"FREE","reference":null},{"type":"port","@id":153,"shape":{"type":"rect","xposition":"NaN","yposition":"NaN","width":"NaN","height":"NaN","shapeStyle":2},"labelManager":{"labels":[{"type":"textLabel","@id":154,"inputText":"8","labelStyle":4,"shape":null,"layoutText":null}],"mainLabel":154},"properties":{},"orientationAtVertex":"FREE","reference":null},{"type":"port","@id":155,"shape":{"type":"rect","xposition":"NaN","yposition":"NaN","width":"NaN","height":"NaN","shapeStyle":2},"labelManager":{"labels":[{"type":"textLabel","@id":156,"inputText":"6","labelStyle":4,"shape":null,"layoutText":null}],"mainLabel":156},"properties":{},"orientationAtVertex":"FREE","reference":null},{"type":"port","@id":157,"shape":{"type":"rect","xposition":"NaN","yposition":"NaN","width":"NaN","height":"NaN","shapeStyle":2},"labelManager":{"labels":[{"type":"textLabel","@id":158,"inputText":"3","labelStyle":4,"shape":null,"layoutText":null}],"mainLabel":158},"properties":{},"orientationAtVertex":"FREE","reference":null},{"type":"port","@id":159,"shape":{"type":"rect","xposition":"NaN","yposition":"NaN","width":"NaN","height":"NaN","shapeStyle":2},"labelManager":{"labels":[{"type":"textLabel","@id":160,"inputText":"1","labelStyle":4,"shape":null,"layoutText":null}],"mainLabel":160},"properties":{},"orientationAtVertex":"FREE","reference":null},{"type":"port","@id":161,"shape":{"type":"rect","xposition":"NaN","yposition":"NaN","width":"NaN","height":"NaN","shapeStyle":2},"labelManager":{"labels":[{"type":"textLabel","@id":162,"inputText":"2","labelStyle":4,"shape":null,"layoutText":null}],"mainLabel":162},"properties":{},"orientationAtVertex":"FREE","reference":null},{"type":"port","@id":163,"shape":{"type":"rect","xposition":"NaN","yposition":"NaN","width":"NaN","height":"NaN","shapeStyle":2},"labelManager":{"labels":[{"type":"textLabel","@id":164,"inputText":"4","labelStyle":4,"shape":null,"layoutText":null}],"mainLabel":164},"properties":{},"orientationAtVertex":"FREE","reference":null},{"type":"port","@id":165,"shape":{"type":"rect","xposition":"NaN","yposition":"NaN","width":"NaN","height":"NaN","shapeStyle":2},"labelManager":{"labels":[{"type":"textLabel","@id":166,"inputText":"9","labelStyle":4,"shape":null,"layoutText":null}],"mainLabel":166},"properties":{},"orientationAtVertex":"FREE","reference":null}],"properties":{},"reference":null}],"properties":{},"reference":"plug"},{"@id":167,"shape":{"type":"rect","xposition":"NaN","yposition":"NaN","width":"NaN","height":"NaN","shapeStyle":2},"labelManager":{"labels":[{"type":"textLabel","@id":168,"inputText":"Luca","labelStyle":4,"shape":null,"layoutText":null}],"mainLabel":168},"portCompositions":[{"type":"portGroup","@id":169,"ordered":false,"portCompositions":[{"type":"port","@id":170,"shape":{"type":"rect","xposition":"NaN","yposition":"NaN","width":"NaN","height":"NaN","shapeStyle":2},"labelManager":{"labels":[{"type":"textLabel","@id":171,"inputText":"2","labelStyle":4,"shape":null,"layoutText":null}],"mainLabel":171},"properties":{},"orientationAtVertex":"FREE","reference":null},{"type":"port","@id":172,"shape":{"type":"rect","xposition":"NaN","yposition":"NaN","width":"NaN","height":"NaN","shapeStyle":2},"labelManager":{"labels":[{"type":"textLabel","@id":173,"inputText":"1","labelStyle":4,"shape":null,"layoutText":null}],"mainLabel":173},"properties":{},"orientationAtVertex":"FREE","reference":null},{"type":"port","@id":174,"shape":{"type":"rect","xposition":"NaN","yposition":"NaN","width":"NaN","height":"NaN","shapeStyle":2},"labelManager":{"labels":[{"type":"textLabel","@id":175,"inputText":"5","labelStyle":4,"shape":null,"layoutText":null}],"mainLabel":175},"properties":{},"orientationAtVertex":"FREE","reference":null},{"type":"port","@id":176,"shape":{"type":"rect","xposition":"NaN","yposition":"NaN","width":"NaN","height":"NaN","shapeStyle":2},"labelManager":{"labels":[{"type":"textLabel","@id":177,"inputText":"4","labelStyle":4,"shape":null,"layoutText":null}],"mainLabel":177},"properties":{},"orientationAtVertex":"FREE","reference":null},{"type":"port","@id":178,"shape":{"type":"rect","xposition":"NaN","yposition":"NaN","width":"NaN","height":"NaN","shapeStyle":2},"labelManager":{"labels":[{"type":"textLabel","@id":179,"inputText":"3","labelStyle":4,"shape":null,"layoutText":null}],"mainLabel":179},"properties":{},"orientationAtVertex":"FREE","reference":null}],"properties":{},"reference":null}],"properties":{},"reference":"plug"},{"@id":180,"shape":{"type":"rect","xposition":"NaN","yposition":"NaN","width":"NaN","height":"NaN","shapeStyle":2},"labelManager":{"labels":[{"type":"textLabel","@id":181,"inputText":"Elias","labelStyle":4,"shape":null,"layoutText":null}],"mainLabel":181},"portCompositions":[{"type":"portGroup","@id":182,"ordered":false,"portCompositions":[{"type":"port","@id":183,"shape":{"type":"rect","xposition":"NaN","yposition":"NaN","width":"NaN","height":"NaN","shapeStyle":2},"labelManager":{"labels":[{"type":"textLabel","@id":184,"inputText":"2","labelStyle":4,"shape":null,"layoutText":null}],"mainLabel":184},"properties":{},"orientationAtVertex":"FREE","reference":null},{"type":"port","@id":185,"shape":{"type":"rect","xposition":"NaN","yposition":"NaN","width":"NaN","height":"NaN","shapeStyle":2},"labelManager":{"labels":[{"type":"textLabel","@id":186,"inputText":"1","labelStyle":4,"shape":null,"layoutText":null}],"mainLabel":186},"properties":{},"orientationAtVertex":"FREE","reference":null},{"type":"port","@id":187,"shape":{"type":"rect","xposition":"NaN","yposition":"NaN","width":"NaN","height":"NaN","shapeStyle":2},"labelManager":{"labels":[{"type":"textLabel","@id":188,"inputText":"5","labelStyle":4,"shape":null,"layoutText":null}],"mainLabel":188},"properties":{},"orientationAtVertex":"FREE","reference":null},{"type":"port","@id":189,"shape":{"type":"rect","xposition":"NaN","yposition":"NaN","width":"NaN","height":"NaN","shapeStyle":2},"labelManager":{"labels":[{"type":"textLabel","@id":190,"inputText":"4","labelStyle":4,"shape":null,"layoutText":null}],"mainLabel":190},"properties":{},"orientationAtVertex":"FREE","reference":null},{"type":"port","@id":191,"shape":{"type":"rect","xposition":"NaN","yposition":"NaN","width":"NaN","height":"NaN","shapeStyle":2},"labelManager":{"labels":[{"type":"textLabel","@id":192,"inputText":"3","labelStyle":4,"shape":null,"layoutText":null}],"mainLabel":192},"properties":{},"orientationAtVertex":"FREE","reference":null}],"properties":{},"reference":null}],"properties":{},"reference":"plug"},{"@id":193,"shape":{"type":"rect","xposition":"NaN","yposition":"NaN","width":"NaN","height":"NaN","shapeStyle":2},"labelManager":{"labels":[{"type":"textLabel","@id":194,"inputText":"Luis","labelStyle":4,"shape":null,"layoutText":null}],"mainLabel":194},"portCompositions":[{"type":"port","@id":195,"shape":{"type":"rect","xposition":"NaN","yposition":"NaN","width":"NaN","height":"NaN","shapeStyle":2},"labelManager":{"labels":[{"type":"textLabel","@id":196,"inputText":"1","labelStyle":4,"shape":null,"layoutText":null}],"mainLabel":196},"properties":{},"orientationAtVertex":"FREE","reference":null}],"properties":{},"reference":"splice"},{"@id":197,"shape":{"type":"rect","xposition":"NaN","yposition":"NaN","width":"NaN","height":"NaN","shapeStyle":2},"labelManager":{"labels":[{"type":"textLabel","@id":198,"inputText":"Vincent","labelStyle":4,"shape":null,"layoutText":null}],"mainLabel":198},"portCompositions":[{"type":"portGroup","@id":199,"ordered":false,"portCompositions":[{"type":"port","@id":200,"shape":{"type":"rect","xposition":"NaN","yposition":"NaN","width":"NaN","height":"NaN","shapeStyle":2},"labelManager":{"labels":[{"type":"textLabel","@id":201,"inputText":"2","labelStyle":4,"shape":null,"layoutText":null}],"mainLabel":201},"properties":{},"orientationAtVertex":"FREE","reference":null},{"type":"port","@id":202,"shape":{"type":"rect","xposition":"NaN","yposition":"NaN","width":"NaN","height":"NaN","shapeStyle":2},"labelManager":{"labels":[{"type":"textLabel","@id":203,"inputText":"1","labelStyle":4,"shape":null,"layoutText":null}],"mainLabel":203},"properties":{},"orientationAtVertex":"FREE","reference":null}],"properties":{},"reference":null}],"properties":{},"reference":"plug"},{"@id":204,"shape":{"type":"rect","xposition":"NaN","yposition":"NaN","width":"NaN","height":"NaN","shapeStyle":2},"labelManager":{"labels":[{"type":"textLabel","@id":205,"inputText":"Noah","labelStyle":4,"shape":null,"layoutText":null}],"mainLabel":205},"portCompositions":[{"type":"portGroup","@id":206,"ordered":false,"portCompositions":[{"type":"port","@id":207,"shape":{"type":"rect","xposition":"NaN","yposition":"NaN","width":"NaN","height":"NaN","shapeStyle":2},"labelManager":{"labels":[{"type":"textLabel","@id":208,"inputText":"2","labelStyle":4,"shape":null,"layoutText":null}],"mainLabel":208},"properties":{},"orientationAtVertex":"FREE","reference":null},{"type":"port","@id":209,"shape":{"type":"rect","xposition":"NaN","yposition":"NaN","width":"NaN","height":"NaN","shapeStyle":2},"labelManager":{"labels":[{"type":"textLabel","@id":210,"inputText":"1","labelStyle":4,"shape":null,"layoutText":null}],"mainLabel":210},"properties":{},"orientationAtVertex":"FREE","reference":null}],"properties":{},"reference":null}],"properties":{},"reference":"plug"},{"@id":211,"shape":{"type":"rect","xposition":"NaN","yposition":"NaN","width":"NaN","height":"NaN","shapeStyle":2},"labelManager":{"labels":[{"type":"textLabel","@id":212,"inputText":"Ben","labelStyle":4,"shape":null,"layoutText":null}],"mainLabel":212},"portCompositions":[{"type":"portGroup","@id":213,"ordered":false,"portCompositions":[{"type":"port","@id":214,"shape":{"type":"rect","xposition":"NaN","yposition":"NaN","width":"NaN","height":"NaN","shapeStyle":2},"labelManager":{"labels":[{"type":"textLabel","@id":215,"inputText":"2","labelStyle":4,"shape":null,"layoutText":null}],"mainLabel":215},"properties":{},"orientationAtVertex":"FREE","reference":null},{"type":"port","@id":216,"shape":{"type":"rect","xposition":"NaN","yposition":"NaN","width":"NaN","height":"NaN","shapeStyle":11},"labelManager":{"labels":[{"type":"textLabel","@id":217,"inputText":"1","labelStyle":13,"shape":null,"layoutText":null}],"mainLabel":217},"properties":{},"orientationAtVertex":"FREE","reference":null}],"properties":{},"reference":null}],"properties":{},"reference":"plug"},{"@id":218,"shape":{"type":"rect","xposition":"NaN","yposition":"NaN","width":"NaN","height":"NaN","shapeStyle":2},"labelManager":{"labels":[{"type":"textLabel","@id":219,"inputText":"Daniel","labelStyle":4,"shape":null,"layoutText":null}],"mainLabel":219},"portCompositions":[{"type":"portGroup","@id":220,"ordered":false,"portCompositions":[{"type":"port","@id":221,"shape":{"type":"rect","xposition":"NaN","yposition":"NaN","width":"NaN","height":"NaN","shapeStyle":2},"labelManager":{"labels":[{"type":"textLabel","@id":222,"inputText":"2","labelStyle":4,"shape":null,"layoutText":null}],"mainLabel":222},"properties":{},"orientationAtVertex":"FREE","reference":null},{"type":"port","@id":223,"shape":{"type":"rect","xposition":"NaN","yposition":"NaN","width":"NaN","height":"NaN","shapeStyle":11},"labelManager":{"labels":[{"type":"textLabel","@id":224,"inputText":"1","labelStyle":13,"shape":null,"layoutText":null}],"mainLabel":224},"properties":{},"orientationAtVertex":"FREE","reference":null}],"properties":{},"reference":null}],"properties":{},"reference":"plug"},{"@id":225,"shape":{"type":"rect","xposition":"NaN","yposition":"NaN","width":"NaN","height":"NaN","shapeStyle":2},"labelManager":{"labels":[{"type":"textLabel","@id":226,"inputText":"Karl","labelStyle":4,"shape":null,"layoutText":null}],"mainLabel":226},"portCompositions":[{"type":"portGroup","@id":227,"ordered":false,"portCompositions":[{"type":"port","@id":228,"shape":{"type":"rect","xposition":"NaN","yposition":"NaN","width":"NaN","height":"NaN","shapeStyle":2},"labelManager":{"labels":[{"type":"textLabel","@id":229,"inputText":"1","labelStyle":4,"shape":null,"layoutText":null}],"mainLabel":229},"properties":{},"orientationAtVertex":"FREE","reference":null},{"type":"port","@id":230,"shape":{"type":"rect","xposition":"NaN","yposition":"NaN","width":"NaN","height":"NaN","shapeStyle":11},"labelManager":{"labels":[{"type":"textLabel","@id":231,"inputText":"3","labelStyle":13,"shape":null,"layoutText":null}],"mainLabel":231},"properties":{},"orientationAtVertex":"FREE","reference":null},{"type":"port","@id":232,"shape":{"type":"rect","xposition":"NaN","yposition":"NaN","width":"NaN","height":"NaN","shapeStyle":11},"labelManager":{"labels":[{"type":"textLabel","@id":233,"inputText":"2","labelStyle":13,"shape":null,"layoutText":null}],"mainLabel":233},"properties":{},"orientationAtVertex":"FREE","reference":null}],"properties":{},"reference":null}],"properties":{},"reference":"plug"},{"@id":234,"shape":{"type":"rect","xposition":"NaN","yposition":"NaN","width":"NaN","height":"NaN","shapeStyle":2},"labelManager":{"labels":[{"type":"textLabel","@id":235,"inputText":"Finn","labelStyle":4,"shape":null,"layoutText":null}],"mainLabel":235},"portCompositions":[{"type":"portGroup","@id":236,"ordered":false,"portCompositions":[{"type":"port","@id":237,"shape":{"type":"rect","xposition":"NaN","yposition":"NaN","width":"NaN","height":"NaN","shapeStyle":2},"labelManager":{"labels":[{"type":"textLabel","@id":238,"inputText":"1","labelStyle":4,"shape":null,"layoutText":null}],"mainLabel":238},"properties":{},"orientationAtVertex":"FREE","reference":null},{"type":"port","@id":239,"shape":{"type":"rect","xposition":"NaN","yposition":"NaN","width":"NaN","height":"NaN","shapeStyle":11},"labelManager":{"labels":[{"type":"textLabel","@id":240,"inputText":"3","labelStyle":13,"shape":null,"layoutText":null}],"mainLabel":240},"properties":{},"orientationAtVertex":"FREE","reference":null},{"type":"port","@id":241,"shape":{"type":"rect","xposition":"NaN","yposition":"NaN","width":"NaN","height":"NaN","shapeStyle":11},"labelManager":{"labels":[{"type":"textLabel","@id":242,"inputText":"2","labelStyle":13,"shape":null,"layoutText":null}],"mainLabel":242},"properties":{},"orientationAtVertex":"FREE","reference":null}],"properties":{},"reference":null}],"properties":{},"reference":"plug"},{"@id":243,"shape":{"type":"rect","xposition":"NaN","yposition":"NaN","width":"NaN","height":"NaN","shapeStyle":2},"labelManager":{"labels":[{"type":"textLabel","@id":244,"inputText":"Moritz","labelStyle":4,"shape":null,"layoutText":null}],"mainLabel":244},"portCompositions":[{"type":"port","@id":245,"shape":{"type":"rect","xposition":"NaN","yposition":"NaN","width":"NaN","height":"NaN","shapeStyle":2},"labelManager":{"labels":[{"type":"textLabel","@id":246,"inputText":"1","labelStyle":4,"shape":null,"layoutText":null}],"mainLabel":246},"properties":{},"orientationAtVertex":"FREE","reference":null}],"properties":{},"reference":"splice"},{"@id":247,"shape":{"type":"rect","xposition":"NaN","yposition":"NaN","width":"NaN","height":"NaN","shapeStyle":2},"labelManager":{"labels":[{"type":"textLabel","@id":248,"inputText":"Louis","labelStyle":4,"shape":null,"layoutText":null}],"mainLabel":248},"portCompositions":[{"type":"portGroup","@id":249,"ordered":false,"portCompositions":[],"properties":{},"reference":null},{"type":"portGroup","@id":250,"ordered":false,"portCompositions":[{"type":"port","@id":251,"shape":{"type":"rect","xposition":"NaN","yposition":"NaN","width":"NaN","height":"NaN","shapeStyle":2},"labelManager":{"labels":[{"type":"textLabel","@id":252,"inputText":"2","labelStyle":4,"shape":null,"layoutText":null}],"mainLabel":252},"properties":{},"orientationAtVertex":"FREE","reference":null},{"type":"port","@id":253,"shape":{"type":"rect","xposition":"NaN","yposition":"NaN","width":"NaN","height":"NaN","shapeStyle":11},"labelManager":{"labels":[{"type":"textLabel","@id":254,"inputText":"3","labelStyle":13,"shape":null,"layoutText":null}],"mainLabel":254},"properties":{},"orientationAtVertex":"FREE","reference":null},{"type":"port","@id":255,"shape":{"type":"rect","xposition":"NaN","yposition":"NaN","width":"NaN","height":"NaN","shapeStyle":11},"labelManager":{"labels":[{"type":"textLabel","@id":256,"inputText":"1","labelStyle":13,"shape":null,"layoutText":null}],"mainLabel":256},"properties":{},"orientationAtVertex":"FREE","reference":null}],"properties":{},"reference":null}],"properties":{},"reference":"device"},{"@id":257,"shape":{"type":"rect","xposition":"NaN","yposition":"NaN","width":"NaN","height":"NaN","shapeStyle":2},"labelManager":{"labels":[{"type":"textLabel","@id":258,"inputText":"Ali","labelStyle":4,"shape":null,"layoutText":null}],"mainLabel":258},"portCompositions":[{"type":"portGroup","@id":259,"ordered":false,"portCompositions":[{"type":"port","@id":260,"shape":{"type":"rect","xposition":"NaN","yposition":"NaN","width":"NaN","height":"NaN","shapeStyle":2},"labelManager":{"labels":[{"type":"textLabel","@id":261,"inputText":"2","labelStyle":4,"shape":null,"layoutText":null}],"mainLabel":261},"properties":{},"orientationAtVertex":"FREE","reference":null},{"type":"port","@id":262,"shape":{"type":"rect","xposition":"NaN","yposition":"NaN","width":"NaN","height":"NaN","shapeStyle":11},"labelManager":{"labels":[{"type":"textLabel","@id":263,"inputText":"3","labelStyle":13,"shape":null,"layoutText":null}],"mainLabel":263},"properties":{},"orientationAtVertex":"FREE","reference":null},{"type":"port","@id":264,"shape":{"type":"rect","xposition":"NaN","yposition":"NaN","width":"NaN","height":"NaN","shapeStyle":11},"labelManager":{"labels":[{"type":"textLabel","@id":265,"inputText":"1","labelStyle":13,"shape":null,"layoutText":null}],"mainLabel":265},"properties":{},"orientationAtVertex":"FREE","reference":null}],"properties":{},"reference":null}],"properties":{},"reference":"plug"},{"@id":266,"shape":{"type":"rect","xposition":"NaN","yposition":"NaN","width":"NaN","height":"NaN","shapeStyle":2},"labelManager":{"labels":[{"type":"textLabel","@id":267,"inputText":"Lukas","labelStyle":4,"shape":null,"layoutText":null}],"mainLabel":267},"portCompositions":[{"type":"portGroup","@id":268,"ordered":false,"portCompositions":[{"type":"port","@id":269,"shape":{"type":"rect","xposition":"NaN","yposition":"NaN","width":"NaN","height":"NaN","shapeStyle":2},"labelManager":{"labels":[{"type":"textLabel","@id":270,"inputText":"4","labelStyle":4,"shape":null,"layoutText":null}],"mainLabel":270},"properties":{},"orientationAtVertex":"FREE","reference":null},{"type":"port","@id":271,"shape":{"type":"rect","xposition":"NaN","yposition":"NaN","width":"NaN","height":"NaN","shapeStyle":11},"labelManager":{"labels":[{"type":"textLabel","@id":272,"inputText":"2","labelStyle":13,"shape":null,"layoutText":null}],"mainLabel":272},"properties":{},"orientationAtVertex":"FREE","reference":null},{"type":"port","@id":273,"shape":{"type":"rect","xposition":"NaN","yposition":"NaN","width":"NaN","height":"NaN","shapeStyle":11},"labelManager":{"labels":[{"type":"textLabel","@id":274,"inputText":"3","labelStyle":13,"shape":null,"layoutText":null}],"mainLabel":274},"properties":{},"orientationAtVertex":"FREE","reference":null},{"type":"port","@id":275,"shape":{"type":"rect","xposition":"NaN","yposition":"NaN","width":"NaN","height":"NaN","shapeStyle":11},"labelManager":{"labels":[{"type":"textLabel","@id":276,"inputText":"5","labelStyle":13,"shape":null,"layoutText":null}],"mainLabel":276},"properties":{},"orientationAtVertex":"FREE","reference":null},{"type":"port","@id":277,"shape":{"type":"rect","xposition":"NaN","yposition":"NaN","width":"NaN","height":"NaN","shapeStyle":11},"labelManager":{"labels":[{"type":"textLabel","@id":278,"inputText":"1","labelStyle":13,"shape":null,"layoutText":null}],"mainLabel":278},"properties":{},"orientationAtVertex":"FREE","reference":null},{"type":"port","@id":279,"shape":{"type":"rect","xposition":"NaN","yposition":"NaN","width":"NaN","height":"NaN","shapeStyle":11},"labelManager":{"labels":[{"type":"textLabel","@id":280,"inputText":"7","labelStyle":13,"shape":null,"layoutText":null}],"mainLabel":280},"properties":{},"orientationAtVertex":"FREE","reference":null},{"type":"port","@id":281,"shape":{"type":"rect","xposition":"NaN","yposition":"NaN","width":"NaN","height":"NaN","shapeStyle":11},"labelManager":{"labels":[{"type":"textLabel","@id":282,"inputText":"8","labelStyle":13,"shape":null,"layoutText":null}],"mainLabel":282},"properties":{},"orientationAtVertex":"FREE","reference":null},{"type":"port","@id":283,"shape":{"type":"rect","xposition":"NaN","yposition":"NaN","width":"NaN","height":"NaN","shapeStyle":11},"labelManager":{"labels":[{"type":"textLabel","@id":284,"inputText":"6","labelStyle":13,"shape":null,"layoutText":null}],"mainLabel":284},"properties":{},"orientationAtVertex":"FREE","reference":null}],"properties":{},"reference":null},{"type":"portGroup","@id":285,"ordered":false,"portCompositions":[],"properties":{},"reference":null},{"type":"portGroup","@id":286,"ordered":false,"portCompositions":[],"properties":{},"reference":null}],"properties":{},"reference":"device"},{"@id":287,"shape":{"type":"rect","xposition":"NaN","yposition":"NaN","width":"NaN","height":"NaN","shapeStyle":2},"labelManager":{"labels":[{"type":"textLabel","@id":288,"inputText":"Philipp","labelStyle":4,"shape":null,"layoutText":null}],"mainLabel":288},"portCompositions":[{"type":"portGroup","@id":289,"ordered":false,"portCompositions":[{"type":"port","@id":290,"shape":{"type":"rect","xposition":"NaN","yposition":"NaN","width":"NaN","height":"NaN","shapeStyle":2},"labelManager":{"labels":[{"type":"textLabel","@id":291,"inputText":"4","labelStyle":4,"shape":null,"layoutText":null}],"mainLabel":291},"properties":{},"orientationAtVertex":"FREE","reference":null},{"type":"port","@id":292,"shape":{"type":"rect","xposition":"NaN","yposition":"NaN","width":"NaN","height":"NaN","shapeStyle":11},"labelManager":{"labels":[{"type":"textLabel","@id":293,"inputText":"6","labelStyle":13,"shape":null,"layoutText":null}],"mainLabel":293},"properties":{},"orientationAtVertex":"FREE","reference":null}],"properties":{},"reference":null}],"properties":{},"reference":"plug"},{"@id":294,"shape":{"type":"rect","xposition":"NaN","yposition":"NaN","width":"NaN","height":"NaN","shapeStyle":2},"labelManager":{"labels":[{"type":"textLabel","@id":295,"inputText":"Oskar","labelStyle":4,"shape":null,"layoutText":null}],"mainLabel":295},"portCompositions":[{"type":"port","@id":296,"shape":{"type":"rect","xposition":"NaN","yposition":"NaN","width":"NaN","height":"NaN","shapeStyle":2},"labelManager":{"labels":[{"type":"textLabel","@id":297,"inputText":"1","labelStyle":4,"shape":null,"layoutText":null}],"mainLabel":297},"properties":{},"orientationAtVertex":"FREE","reference":null}],"properties":{},"reference":"splice"},{"@id":298,"shape":{"type":"rect","xposition":"NaN","yposition":"NaN","width":"NaN","height":"NaN","shapeStyle":2},"labelManager":{"labels":[{"type":"textLabel","@id":299,"inputText":"Felix","labelStyle":4,"shape":null,"layoutText":null}],"mainLabel":299},"portCompositions":[{"type":"port","@id":300,"shape":{"type":"rect","xposition":"NaN","yposition":"NaN","width":"NaN","height":"NaN","shapeStyle":2},"labelManager":{"labels":[{"type":"textLabel","@id":301,"inputText":"1","labelStyle":4,"shape":null,"layoutText":null}],"mainLabel":301},"properties":{},"orientationAtVertex":"FREE","reference":null}],"properties":{},"reference":"splice"},{"@id":302,"shape":{"type":"rect","xposition":"NaN","yposition":"NaN","width":"NaN","height":"NaN","shapeStyle":2},"labelManager":{"labels":[{"type":"textLabel","@id":303,"inputText":"Max","labelStyle":4,"shape":null,"layoutText":null}],"mainLabel":303},"portCompositions":[{"type":"port","@id":304,"shape":{"type":"rect","xposition":"NaN","yposition":"NaN","width":"NaN","height":"NaN","shapeStyle":2},"labelManager":{"labels":[{"type":"textLabel","@id":305,"inputText":"1","labelStyle":4,"shape":null,"layoutText":null}],"mainLabel":305},"properties":{},"orientationAtVertex":"FREE","reference":null}],"properties":{},"reference":"splice"},{"@id":306,"shape":null,"labelManager":{"labels":[{"type":"textLabel","@id":307,"inputText":"Liam","labelStyle":13,"shape":null,"layoutText":null}],"mainLabel":307},"portCompositions":[{"type":"portGroup","@id":308,"ordered":false,"portCompositions":[{"type":"port","@id":309,"shape":{"type":"rect","xposition":"NaN","yposition":"NaN","width":"NaN","height":"NaN","shapeStyle":11},"labelManager":{"labels":[{"type":"textLabel","@id":310,"inputText":"1","labelStyle":13,"shape":null,"layoutText":null}],"mainLabel":310},"properties":{},"orientationAtVertex":"FREE","reference":null}],"properties":{},"reference":null}],"properties":{},"reference":null},{"@id":311,"shape":null,"labelManager":{"labels":[{"type":"textLabel","@id":312,"inputText":"Tom","labelStyle":13,"shape":null,"layoutText":null}],"mainLabel":312},"portCompositions":[{"type":"portGroup","@id":313,"ordered":false,"portCompositions":[{"type":"port","@id":314,"shape":{"type":"rect","xposition":"NaN","yposition":"NaN","width":"NaN","height":"NaN","shapeStyle":11},"labelManager":{"labels":[{"type":"textLabel","@id":315,"inputText":"3","labelStyle":13,"shape":null,"layoutText":null}],"mainLabel":315},"properties":{},"orientationAtVertex":"FREE","reference":null}],"properties":{},"reference":null}],"properties":{},"reference":null},{"@id":316,"shape":null,"labelManager":{"labels":[{"type":"textLabel","@id":317,"inputText":"Johann","labelStyle":13,"shape":null,"layoutText":null}],"mainLabel":317},"portCompositions":[{"type":"portGroup","@id":318,"ordered":false,"portCompositions":[{"type":"port","@id":319,"shape":{"type":"rect","xposition":"NaN","yposition":"NaN","width":"NaN","height":"NaN","shapeStyle":11},"labelManager":{"labels":[{"type":"textLabel","@id":320,"inputText":"7","labelStyle":13,"shape":null,"layoutText":null}],"mainLabel":320},"properties":{},"orientationAtVertex":"FREE","reference":null}],"properties":{},"reference":null}],"properties":{},"reference":null},{"@id":321,"shape":null,"labelManager":{"labels":[{"type":"textLabel","@id":322,"inputText":"Julian","labelStyle":13,"shape":null,"layoutText":null}],"mainLabel":322},"portCompositions":[{"type":"portGroup","@id":323,"ordered":false,"portCompositions":[{"type":"port","@id":324,"shape":{"type":"rect","xposition":"NaN","yposition":"NaN","width":"NaN","height":"NaN","shapeStyle":11},"labelManager":{"labels":[{"type":"textLabel","@id":325,"inputText":"5","labelStyle":13,"shape":null,"layoutText":null}],"mainLabel":325},"properties":{},"orientationAtVertex":"FREE","reference":null},{"type":"port","@id":326,"shape":{"type":"rect","xposition":"NaN","yposition":"NaN","width":"NaN","height":"NaN","shapeStyle":11},"labelManager":{"labels":[{"type":"textLabel","@id":327,"inputText":"7","labelStyle":13,"shape":null,"layoutText":null}],"mainLabel":327},"properties":{},"orientationAtVertex":"FREE","reference":null}],"properties":{},"reference":null}],"properties":{},"reference":null},{"@id":328,"shape":null,"labelManager":{"labels":[{"type":"textLabel","@id":329,"inputText":"Samuel","labelStyle":13,"shape":null,"layoutText":null}],"mainLabel":329},"portCompositions":[{"type":"portGroup","@id":330,"ordered":false,"portCompositions":[{"type":"port","@id":331,"shape":{"type":"rect","xposition":"NaN","yposition":"NaN","width":"NaN","height":"NaN","shapeStyle":11},"labelManager":{"labels":[{"type":"textLabel","@id":332,"inputText":"6","labelStyle":13,"shape":null,"layoutText":null}],"mainLabel":332},"properties":{},"orientationAtVertex":"FREE","reference":null}],"properties":{},"reference":null}],"properties":{},"reference":null},{"@id":333,"shape":null,"labelManager":{"labels":[{"type":"textLabel","@id":334,"inputText":"Henry","labelStyle":13,"shape":null,"layoutText":null}],"mainLabel":334},"portCompositions":[{"type":"portGroup","@id":335,"ordered":false,"portCompositions":[{"type":"port","@id":336,"shape":{"type":"rect","xposition":"NaN","yposition":"NaN","width":"NaN","height":"NaN","shapeStyle":11},"labelManager":{"labels":[{"type":"textLabel","@id":337,"inputText":"2","labelStyle":13,"shape":null,"layoutText":null}],"mainLabel":337},"properties":{},"orientationAtVertex":"FREE","reference":null}],"properties":{},"reference":null}],"properties":{},"reference":null},{"@id":338,"shape":null,"labelManager":{"labels":[{"type":"textLabel","@id":339,"inputText":"Theo","labelStyle":13,"shape":null,"layoutText":null}],"mainLabel":339},"portCompositions":[{"type":"portGroup","@id":340,"ordered":false,"portCompositions":[{"type":"port","@id":341,"shape":{"type":"rect","xposition":"NaN","yposition":"NaN","width":"NaN","height":"NaN","shapeStyle":11},"labelManager":{"labels":[{"type":"textLabel","@id":342,"inputText":"6","labelStyle":13,"shape":null,"layoutText":null}],"mainLabel":342},"properties":{},"orientationAtVertex":"FREE","reference":null},{"type":"port","@id":343,"shape":{"type":"rect","xposition":"NaN","yposition":"NaN","width":"NaN","height":"NaN","shapeStyle":11},"labelManager":{"labels":[{"type":"textLabel","@id":344,"inputText":"8","labelStyle":13,"shape":null,"layoutText":null}],"mainLabel":344},"properties":{},"orientationAtVertex":"FREE","reference":null}],"properties":{},"reference":null}],"properties":{},"reference":null},{"@id":345,"shape":null,"labelManager":{"labels":[{"type":"textLabel","@id":346,"inputText":"Jakob","labelStyle":13,"shape":null,"layoutText":null}],"mainLabel":346},"portCompositions":[{"type":"portGroup","@id":347,"ordered":false,"portCompositions":[{"type":"port","@id":348,"shape":{"type":"rect","xposition":"NaN","yposition":"NaN","width":"NaN","height":"NaN","shapeStyle":11},"labelManager":{"labels":[{"type":"textLabel","@id":349,"inputText":"2","labelStyle":13,"shape":null,"layoutText":null}],"mainLabel":349},"properties":{},"orientationAtVertex":"FREE","reference":null},{"type":"port","@id":350,"shape":{"type":"rect","xposition":"NaN","yposition":"NaN","width":"NaN","height":"NaN","shapeStyle":11},"labelManager":{"labels":[{"type":"textLabel","@id":351,"inputText":"3","labelStyle":13,"shape":null,"layoutText":null}],"mainLabel":351},"properties":{},"orientationAtVertex":"FREE","reference":null},{"type":"port","@id":352,"shape":{"type":"rect","xposition":"NaN","yposition":"NaN","width":"NaN","height":"NaN","shapeStyle":11},"labelManager":{"labels":[{"type":"textLabel","@id":353,"inputText":"5","labelStyle":13,"shape":null,"layoutText":null}],"mainLabel":353},"properties":{},"orientationAtVertex":"FREE","reference":null},{"type":"port","@id":354,"shape":{"type":"rect","xposition":"NaN","yposition":"NaN","width":"NaN","height":"NaN","shapeStyle":11},"labelManager":{"labels":[{"type":"textLabel","@id":355,"inputText":"1","labelStyle":13,"shape":null,"layoutText":null}],"mainLabel":355},"properties":{},"orientationAtVertex":"FREE","reference":null},{"type":"port","@id":356,"shape":{"type":"rect","xposition":"NaN","yposition":"NaN","width":"NaN","height":"NaN","shapeStyle":11},"labelManager":{"labels":[{"type":"textLabel","@id":357,"inputText":"7","labelStyle":13,"shape":null,"layoutText":null}],"mainLabel":357},"properties":{},"orientationAtVertex":"FREE","reference":null},{"type":"port","@id":358,"shape":{"type":"rect","xposition":"NaN","yposition":"NaN","width":"NaN","height":"NaN","shapeStyle":11},"labelManager":{"labels":[{"type":"textLabel","@id":359,"inputText":"8","labelStyle":13,"shape":null,"layoutText":null}],"mainLabel":359},"properties":{},"orientationAtVertex":"FREE","reference":null}],"properties":{},"reference":null}],"properties":{},"reference":null},{"@id":360,"shape":null,"labelManager":{"labels":[{"type":"textLabel","@id":361,"inputText":"Paul","labelStyle":13,"shape":null,"layoutText":null}],"mainLabel":361},"portCompositions":[{"type":"portGroup","@id":362,"ordered":false,"portCompositions":[{"type":"port","@id":363,"shape":{"type":"rect","xposition":"NaN","yposition":"NaN","width":"NaN","height":"NaN","shapeStyle":11},"labelManager":{"labels":[{"type":"textLabel","@id":364,"inputText":"1","labelStyle":13,"shape":null,"layoutText":null}],"mainLabel":364},"properties":{},"orientationAtVertex":"FREE","reference":null}],"properties":{},"reference":null}],"properties":{},"reference":null},{"@id":365,"shape":null,"labelManager":{"labels":[{"type":"textLabel","@id":366,"inputText":"Leon","labelStyle":13,"shape":null,"layoutText":null}],"mainLabel":366},"portCompositions":[{"type":"portGroup","@id":367,"ordered":false,"portCompositions":[{"type":"port","@id":368,"shape":{"type":"rect","xposition":"NaN","yposition":"NaN","width":"NaN","height":"NaN","shapeStyle":11},"labelManager":{"labels":[{"type":"textLabel","@id":369,"inputText":"5","labelStyle":13,"shape":null,"layoutText":null}],"mainLabel":369},"properties":{},"orientationAtVertex":"FREE","reference":null},{"type":"port","@id":370,"shape":{"type":"rect","xposition":"NaN","yposition":"NaN","width":"NaN","height":"NaN","shapeStyle":11},"labelManager":{"labels":[{"type":"textLabel","@id":371,"inputText":"4","labelStyle":13,"shape":null,"layoutText":null}],"mainLabel":371},"properties":{},"orientationAtVertex":"FREE","reference":null}],"properties":{},"reference":null}],"properties":{},"reference":null}],"vertexGroups":[{"@id":372,"drawnFrame":false,"labelManager":{"labels":[],"mainLabel":null},"shape":null,"containedVertices":[1,28,311,316,328,360,365],"containedVertexGroups":[],"touchingPairs":[{"vertex0":1,"horizontalPlacementVertex0":"FREE","verticalPlacementVertex0":"TOP","vertex1":28,"horizontalPlacementVertex1":"FREE","verticalPlacementVertex1":"FREE"},{"vertex0":1,"horizontalPlacementVertex0":"FREE","verticalPlacementVertex0":"FREE","vertex1":311,"horizontalPlacementVertex1":"FREE","verticalPlacementVertex1":"FREE"},{"vertex0":1,"horizontalPlacementVertex0":"FREE","verticalPlacementVertex0":"FREE","vertex1":316,"horizontalPlacementVertex1":"FREE","verticalPlacementVertex1":"FREE"},{"vertex0":1,"horizontalPlacementVertex0":"FREE","verticalPlacementVertex0":"FREE","vertex1":328,"horizontalPlacementVertex1":"FREE","verticalPlacementVertex1":"FREE"},{"vertex0":1,"horizontalPlacementVertex0":"FREE","verticalPlacementVertex0":"FREE","vertex1":360,"horizontalPlacementVertex1":"FREE","verticalPlacementVertex1":"FREE"},{"vertex0":1,"horizontalPlacementVertex0":"FREE","verticalPlacementVertex0":"FREE","vertex1":365,"horizontalPlacementVertex1":"FREE","verticalPlacementVertex1":"FREE"}],"portPairings":[{"port0":6,"port1":31},{"port0":8,"port1":33},{"port0":10,"port1":314},{"port0":14,"port1":319},{"port0":16,"port1":331},{"port0":18,"port1":363},{"port0":20,"port1":368},{"port0":22,"port1":35},{"port0":24,"port1":370}],"properties":{},"reference":null},{"@id":373,"drawnFrame":false,"labelManager":{"labels":[],"mainLabel":null},"shape":null,"containedVertices":[37,46],"containedVertexGroups":[],"touchingPairs":[{"vertex0":37,"horizontalPlacementVertex0":"FREE","verticalPlacementVertex0":"TOP","vertex1":46,"horizontalPlacementVertex1":"FREE","verticalPlacementVertex1":"FREE"}],"portPairings":[{"port0":40,"port1":49},{"port0":42,"port1":51},{"port0":44,"port1":53}],"properties":{},"reference":null},{"@id":374,"drawnFrame":false,"labelManager":{"labels":[],"mainLabel":null},"shape":null,"containedVertices":[59,78,321,333,338],"containedVertexGroups":[],"touchingPairs":[{"vertex0":59,"horizontalPlacementVertex0":"FREE","verticalPlacementVertex0":"TOP","vertex1":78,"horizontalPlacementVertex1":"FREE","verticalPlacementVertex1":"FREE"},{"vertex0":59,"horizontalPlacementVertex0":"FREE","verticalPlacementVertex0":"FREE","vertex1":321,"horizontalPlacementVertex1":"FREE","verticalPlacementVertex1":"FREE"},{"vertex0":59,"horizontalPlacementVertex0":"FREE","verticalPlacementVertex0":"FREE","vertex1":333,"horizontalPlacementVertex1":"FREE","verticalPlacementVertex1":"FREE"},{"vertex0":59,"horizontalPlacementVertex0":"FREE","verticalPlacementVertex0":"FREE","vertex1":338,"horizontalPlacementVertex1":"FREE","verticalPlacementVertex1":"FREE"}],"portPairings":[{"port0":64,"port1":83},{"port0":62,"port1":81},{"port0":66,"port1":324},{"port0":68,"port1":336},{"port0":70,"port1":341},{"port0":72,"port1":326},{"port0":74,"port1":85},{"port0":76,"port1":343}],"properties":{},"reference":null},{"@id":375,"drawnFrame":false,"labelManager":{"labels":[],"mainLabel":null},"shape":null,"containedVertices":[87,92],"containedVertexGroups":[],"touchingPairs":[{"vertex0":87,"horizontalPlacementVertex0":"FREE","verticalPlacementVertex0":"TOP","vertex1":92,"horizontalPlacementVertex1":"FREE","verticalPlacementVertex1":"FREE"}],"portPairings":[{"port0":90,"port1":95}],"properties":{},"reference":null},{"@id":376,"drawnFrame":false,"labelManager":{"labels":[],"mainLabel":null},"shape":null,"containedVertices":[101,114],"containedVertexGroups":[],"touchingPairs":[{"vertex0":101,"horizontalPlacementVertex0":"FREE","verticalPlacementVertex0":"TOP","vertex1":114,"horizontalPlacementVertex1":"FREE","verticalPlacementVertex1":"FREE"}],"portPairings":[{"port0":104,"port1":117},{"port0":110,"port1":123},{"port0":108,"port1":121},{"port0":106,"port1":119},{"port0":112,"port1":125}],"properties":{},"reference":null},{"@id":377,"drawnFrame":false,"labelManager":{"labels":[],"mainLabel":null},"shape":null,"containedVertices":[131,148],"containedVertexGroups":[],"touchingPairs":[{"vertex0":131,"horizontalPlacementVertex0":"FREE","verticalPlacementVertex0":"TOP","vertex1":148,"horizontalPlacementVertex1":"FREE","verticalPlacementVertex1":"FREE"}],"portPairings":[{"port0":140,"port1":157},{"port0":146,"port1":163},{"port0":136,"port1":153},{"port0":142,"port1":159},{"port0":134,"port1":151},{"port0":144,"port1":161},{"port0":138,"port1":155}],"properties":{},"reference":null},{"@id":378,"drawnFrame":false,"labelManager":{"labels":[],"mainLabel":null},"shape":null,"containedVertices":[167,180],"containedVertexGroups":[],"touchingPairs":[{"vertex0":167,"horizontalPlacementVertex0":"FREE","verticalPlacementVertex0":"TOP","vertex1":180,"horizontalPlacementVertex1":"FREE","verticalPlacementVertex1":"FREE"}],"portPairings":[{"port0":174,"port1":187},{"port0":170,"port1":183},{"port0":176,"port1":189},{"port0":172,"port1":185},{"port0":178,"port1":191}],"properties":{},"reference":null},{"@id":379,"drawnFrame":false,"labelManager":{"labels":[],"mainLabel":null},"shape":null,"containedVertices":[197,204],"containedVertexGroups":[],"touchingPairs":[{"vertex0":197,"horizontalPlacementVertex0":"FREE","verticalPlacementVertex0":"TOP","vertex1":204,"horizontalPlacementVertex1":"FREE","verticalPlacementVertex1":"FREE"}],"portPairings":[{"port0":200,"port1":207},{"port0":202,"port1":209}],"properties":{},"reference":null},{"@id":380,"drawnFrame":false,"labelManager":{"labels":[],"mainLabel":null},"shape":null,"containedVertices":[211,218],"containedVertexGroups":[],"touchingPairs":[{"vertex0":211,"horizontalPlacementVertex0":"FREE","verticalPlacementVertex0":"TOP","vertex1":218,"horizontalPlacementVertex1":"FREE","verticalPlacementVertex1":"FREE"}],"portPairings":[{"port0":214,"port1":221},{"port0":216,"port1":223}],"properties":{},"reference":null},{"@id":381,"drawnFrame":false,"labelManager":{"labels":[],"mainLabel":null},"shape":null,"containedVertices":[225,234],"containedVertexGroups":[],"touchingPairs":[{"vertex0":225,"horizontalPlacementVertex0":"FREE","verticalPlacementVertex0":"TOP","vertex1":234,"horizontalPlacementVertex1":"FREE","verticalPlacementVertex1":"FREE"}],"portPairings":[{"port0":228,"port1":237},{"port0":230,"port1":239},{"port0":232,"port1":241}],"properties":{},"reference":null},{"@id":382,"drawnFrame":false,"labelManager":{"labels":[],"mainLabel":null},"shape":null,"containedVertices":[247,257],"containedVertexGroups":[],"touchingPairs":[{"vertex0":247,"horizontalPlacementVertex0":"FREE","verticalPlacementVertex0":"TOP","vertex1":257,"horizontalPlacementVertex1":"FREE","verticalPlacementVertex1":"FREE"}],"portPairings":[{"port0":251,"port1":260},{"port0":253,"port1":262},{"port0":255,"port1":264}],"properties":{},"reference":null},{"@id":383,"drawnFrame":false,"labelManager":{"labels":[],"mainLabel":null},"shape":null,"containedVertices":[266,287,345],"containedVertexGroups":[],"touchingPairs":[{"vertex0":266,"horizontalPlacementVertex0":"FREE","verticalPlacementVertex0":"TOP","vertex1":287,"horizontalPlacementVertex1":"FREE","verticalPlacementVertex1":"FREE"},{"vertex0":266,"horizontalPlacementVertex0":"FREE","verticalPlacementVertex0":"FREE","vertex1":345,"horizontalPlacementVertex1":"FREE","verticalPlacementVertex1":"FREE"}],"portPairings":[{"port0":269,"port1":290},{"port0":271,"port1":348},{"port0":273,"port1":350},{"port0":275,"port1":352},{"port0":277,"port1":354},{"port0":279,"port1":356},{"port0":281,"port1":358},{"port0":283,"port1":292}],"properties":{},"reference":null}],"edges":[{"@id":384,"ports":[83,165],"labelManager":{"innerLabels":[{"type":"textLabel","@id":385,"inputText":"Wilhelm","labelStyle":4,"shape":null,"layoutText":null}],"allPortLabels":[],"mainLabel":385},"pathStyle":{"@id":386,"description":"default path style","thickness":-1.0,"color":{"argb":"ff000000"}},"paths":[],"properties":{},"reference":null},{"@id":387,"ports":[300,119],"labelManager":{"innerLabels":[{"type":"textLabel","@id":388,"inputText":"Konstantin","labelStyle":4,"shape":null,"layoutText":null}],"allPortLabels":[],"mainLabel":388},"pathStyle":386,"paths":[],"properties":{},"reference":null},{"@id":389,"ports":[178,214],"labelManager":{"innerLabels":[{"type":"textLabel","@id":390,"inputText":"Justus","labelStyle":4,"shape":null,"layoutText":null}],"allPortLabels":[],"mainLabel":390},"pathStyle":386,"paths":[],"properties":{},"reference":null},{"@id":391,"ports":[183,187,304],"labelManager":{"innerLabels":[{"type":"textLabel","@id":392,"inputText":"Ferdinand","labelStyle":4,"shape":null,"layoutText":null}],"allPortLabels":[],"mainLabel":392},"pathStyle":386,"paths":[],"properties":{},"reference":null},{"@id":393,"ports":[90,237],"labelManager":{"innerLabels":[{"type":"textLabel","@id":394,"inputText":"Joel","labelStyle":4,"shape":null,"layoutText":null}],"allPortLabels":[],"mainLabel":394},"pathStyle":386,"paths":[],"properties":{},"reference":null},{"@id":395,"ports":[170,144],"labelManager":{"innerLabels":[{"type":"textLabel","@id":396,"inputText":"Theodor","labelStyle":4,"shape":null,"layoutText":null}],"allPortLabels":[],"mainLabel":396},"pathStyle":386,"paths":[],"properties":{},"reference":null},{"@id":397,"ports":[57,174],"labelManager":{"innerLabels":[{"type":"textLabel","@id":398,"inputText":"Emir","labelStyle":4,"shape":null,"layoutText":null}],"allPortLabels":[],"mainLabel":398},"pathStyle":386,"paths":[],"properties":{},"reference":null},{"@id":399,"ports":[57,49],"labelManager":{"innerLabels":[{"type":"textLabel","@id":400,"inputText":"Tobias","labelStyle":4,"shape":null,"layoutText":null}],"allPortLabels":[],"mainLabel":400},"pathStyle":386,"paths":[],"properties":{},"reference":null},{"@id":401,"ports":[290,200],"labelManager":{"innerLabels":[{"type":"textLabel","@id":402,"inputText":"Matteo","labelStyle":4,"shape":null,"layoutText":null}],"allPortLabels":[],"mainLabel":402},"pathStyle":386,"paths":[],"properties":{},"reference":null},{"@id":403,"ports":[191,296,185],"labelManager":{"innerLabels":[{"type":"textLabel","@id":404,"inputText":"Hannes","labelStyle":4,"shape":null,"layoutText":null}],"allPortLabels":[],"mainLabel":404},"pathStyle":386,"paths":[],"properties":{},"reference":null},{"@id":405,"ports":[209,260],"labelManager":{"innerLabels":[{"type":"textLabel","@id":406,"inputText":"Bruno","labelStyle":4,"shape":null,"layoutText":null}],"allPortLabels":[],"mainLabel":406},"pathStyle":386,"paths":[],"properties":{},"reference":null},{"@id":407,"ports":[159,195],"labelManager":{"innerLabels":[{"type":"textLabel","@id":408,"inputText":"Milan","labelStyle":4,"shape":null,"layoutText":null}],"allPortLabels":[],"mainLabel":408},"pathStyle":386,"paths":[],"properties":{},"reference":null},{"@id":409,"ports":[129,228,189],"labelManager":{"innerLabels":[{"type":"textLabel","@id":410,"inputText":"Nils","labelStyle":4,"shape":null,"layoutText":null}],"allPortLabels":[],"mainLabel":410},"pathStyle":386,"paths":[],"properties":{},"reference":null},{"@id":411,"ports":[245,221],"labelManager":{"innerLabels":[{"type":"textLabel","@id":412,"inputText":"Fabian","labelStyle":4,"shape":null,"layoutText":null}],"allPortLabels":[],"mainLabel":412},"pathStyle":386,"paths":[],"properties":{},"reference":null},{"@id":413,"ports":[146,176],"labelManager":{"innerLabels":[{"type":"textLabel","@id":414,"inputText":"Aaron","labelStyle":4,"shape":null,"layoutText":null}],"allPortLabels":[],"mainLabel":414},"pathStyle":386,"paths":[],"properties":{},"reference":null},{"@id":415,"ports":[31,195],"labelManager":{"innerLabels":[{"type":"textLabel","@id":416,"inputText":"Friedrich","labelStyle":4,"shape":null,"layoutText":null}],"allPortLabels":[],"mainLabel":416},"pathStyle":386,"paths":[],"properties":{},"reference":null},{"@id":417,"ports":[142,172],"labelManager":{"innerLabels":[{"type":"textLabel","@id":418,"inputText":"Adrian","labelStyle":4,"shape":null,"layoutText":null}],"allPortLabels":[],"mainLabel":418},"pathStyle":386,"paths":[],"properties":{},"reference":null},{"@id":419,"ports":[99,33],"labelManager":{"innerLabels":[{"type":"textLabel","@id":420,"inputText":"Jona","labelStyle":4,"shape":null,"layoutText":null}],"allPortLabels":[],"mainLabel":420},"pathStyle":386,"paths":[],"properties":{},"reference":null},{"@id":421,"ports":[350,138],"labelManager":{"innerLabels":[{"type":"textLabel","@id":422,"inputText":"Ole","labelStyle":13,"shape":null,"layoutText":null}],"allPortLabels":[],"mainLabel":422},"pathStyle":{"@id":423,"description":"default path style","thickness":-1.0,"color":{"argb":"ff000000"}},"paths":[],"properties":{},"reference":null},{"@id":424,"ports":[309,348],"labelManager":{"innerLabels":[{"type":"textLabel","@id":425,"inputText":"Mika","labelStyle":13,"shape":null,"layoutText":null}],"allPortLabels":[],"mainLabel":425},"pathStyle":423,"paths":[],"properties":{},"reference":null},{"@id":426,"ports":[121,216],"labelManager":{"innerLabels":[{"type":"textLabel","@id":427,"inputText":"Noel","labelStyle":13,"shape":null,"layoutText":null}],"allPortLabels":[],"mainLabel":427},"pathStyle":423,"paths":[],"properties":{},"reference":null},{"@id":428,"ports":[104,106,232],"labelManager":{"innerLabels":[{"type":"textLabel","@id":429,"inputText":"Benedikt","labelStyle":13,"shape":null,"layoutText":null}],"allPortLabels":[],"mainLabel":429},"pathStyle":423,"paths":[],"properties":{},"reference":null},{"@id":430,"ports":[85,155],"labelManager":{"innerLabels":[{"type":"textLabel","@id":431,"inputText":"Carl","labelStyle":13,"shape":null,"layoutText":null}],"allPortLabels":[],"mainLabel":431},"pathStyle":423,"paths":[],"properties":{},"reference":null},{"@id":432,"ports":[140,352],"labelManager":{"innerLabels":[{"type":"textLabel","@id":433,"inputText":"Jasper","labelStyle":13,"shape":null,"layoutText":null}],"allPortLabels":[],"mainLabel":433},"pathStyle":423,"paths":[],"properties":{},"reference":null},{"@id":434,"ports":[112,230],"labelManager":{"innerLabels":[{"type":"textLabel","@id":435,"inputText":"Kaan","labelStyle":13,"shape":null,"layoutText":null}],"allPortLabels":[],"mainLabel":435},"pathStyle":423,"paths":[],"properties":{},"reference":null},{"@id":436,"ports":[81,151],"labelManager":{"innerLabels":[{"type":"textLabel","@id":437,"inputText":"Justus","labelStyle":13,"shape":null,"layoutText":null}],"allPortLabels":[],"mainLabel":437},"pathStyle":423,"paths":[],"properties":{},"reference":null},{"@id":438,"ports":[207,262],"labelManager":{"innerLabels":[{"type":"textLabel","@id":439,"inputText":"Michael","labelStyle":13,"shape":null,"layoutText":null}],"allPortLabels":[],"mainLabel":439},"pathStyle":423,"paths":[],"properties":{},"reference":null},{"@id":440,"ports":[95,358],"labelManager":{"innerLabels":[{"type":"textLabel","@id":441,"inputText":"Maxim","labelStyle":13,"shape":null,"layoutText":null}],"allPortLabels":[],"mainLabel":441},"pathStyle":423,"paths":[],"properties":{},"reference":null},{"@id":442,"ports":[354,95],"labelManager":{"innerLabels":[{"type":"textLabel","@id":443,"inputText":"Mika","labelStyle":13,"shape":null,"layoutText":null}],"allPortLabels":[],"mainLabel":443},"pathStyle":423,"paths":[],"properties":{},"reference":null},{"@id":444,"ports":[110,319],"labelManager":{"innerLabels":[{"type":"textLabel","@id":445,"inputText":"Milan","labelStyle":13,"shape":null,"layoutText":null}],"allPortLabels":[],"mainLabel":445},"pathStyle":423,"paths":[],"properties":{},"reference":null},{"@id":446,"ports":[134,356],"labelManager":{"innerLabels":[{"type":"textLabel","@id":447,"inputText":"Frederik","labelStyle":13,"shape":null,"layoutText":null}],"allPortLabels":[],"mainLabel":447},"pathStyle":423,"paths":[],"properties":{},"reference":null},{"@id":448,"ports":[44,153],"labelManager":{"innerLabels":[{"type":"textLabel","@id":449,"inputText":"Levi","labelStyle":13,"shape":null,"layoutText":null}],"allPortLabels":[],"mainLabel":449},"pathStyle":423,"paths":[],"properties":{},"reference":null},{"@id":450,"ports":[264,363],"labelManager":{"innerLabels":[{"type":"textLabel","@id":451,"inputText":"Milan","labelStyle":13,"shape":null,"layoutText":null}],"allPortLabels":[],"mainLabel":451},"pathStyle":423,"paths":[],"properties":{},"reference":null},{"@id":452,"ports":[163,42],"labelManager":{"innerLabels":[{"type":"textLabel","@id":453,"inputText":"Aaron","labelStyle":13,"shape":null,"layoutText":null}],"allPortLabels":[],"mainLabel":453},"pathStyle":423,"paths":[],"properties":{},"reference":null},{"@id":454,"ports":[112,368],"labelManager":{"innerLabels":[{"type":"textLabel","@id":455,"inputText":"Friedrich","labelStyle":13,"shape":null,"layoutText":null}],"allPortLabels":[],"mainLabel":455},"pathStyle":423,"paths":[],"properties":{},"reference":null},{"@id":456,"ports":[40,241],"labelManager":{"innerLabels":[{"type":"textLabel","@id":457,"inputText":"Matthias","labelStyle":13,"shape":null,"layoutText":null}],"allPortLabels":[],"mainLabel":457},"pathStyle":423,"paths":[],"properties":{},"reference":null},{"@id":458,"ports":[108,370],"labelManager":{"innerLabels":[{"type":"textLabel","@id":459,"inputText":"Levi","labelStyle":13,"shape":null,"layoutText":null}],"allPortLabels":[],"mainLabel":459},"pathStyle":423,"paths":[],"properties":{},"reference":null},{"@id":460,"ports":[223,35],"labelManager":{"innerLabels":[{"type":"textLabel","@id":461,"inputText":"Emir","labelStyle":13,"shape":null,"layoutText":null}],"allPortLabels":[],"mainLabel":461},"pathStyle":423,"paths":[],"properties":{},"reference":null},{"@id":462,"ports":[40,161],"labelManager":{"innerLabels":[{"type":"textLabel","@id":463,"inputText":"Hannes","labelStyle":13,"shape":null,"layoutText":null}],"allPortLabels":[],"mainLabel":463},"pathStyle":423,"paths":[],"properties":{},"reference":null},{"@id":464,"ports":[324,292],"labelManager":{"innerLabels":[{"type":"textLabel","@id":465,"inputText":"Ole","labelStyle":13,"shape":null,"layoutText":null}],"allPortLabels":[],"mainLabel":465},"pathStyle":423,"paths":[],"properties":{},"reference":null},{"@id":466,"ports":[363,239],"labelManager":{"innerLabels":[{"type":"textLabel","@id":467,"inputText":"Malik","labelStyle":13,"shape":null,"layoutText":null}],"allPortLabels":[],"mainLabel":467},"pathStyle":423,"paths":[],"properties":{},"reference":null},{"@id":468,"ports":[104,314],"labelManager":{"innerLabels":[{"type":"textLabel","@id":469,"inputText":"Milan","labelStyle":13,"shape":null,"layoutText":null}],"allPortLabels":[],"mainLabel":469},"pathStyle":423,"paths":[],"properties":{},"reference":null},{"@id":470,"ports":[202,331],"labelManager":{"innerLabels":[{"type":"textLabel","@id":471,"inputText":"Josef","labelStyle":13,"shape":null,"layoutText":null}],"allPortLabels":[],"mainLabel":471},"pathStyle":423,"paths":[],"properties":{},"reference":null},{"@id":472,"ports":[117,343],"labelManager":{"innerLabels":[{"type":"textLabel","@id":473,"inputText":"Emir","labelStyle":13,"shape":null,"layoutText":null}],"allPortLabels":[],"mainLabel":473},"pathStyle":423,"paths":[],"properties":{},"reference":null},{"@id":474,"ports":[125,341],"labelManager":{"innerLabels":[{"type":"textLabel","@id":475,"inputText":"Fabian","labelStyle":13,"shape":null,"layoutText":null}],"allPortLabels":[],"mainLabel":475},"pathStyle":423,"paths":[],"properties":{},"reference":null}],"edgeBundles":[]}