{"vertices":[{"@id":1,"shape":{"type":"rect","xposition":"NaN","yposition":"NaN","width":"NaN","height":"NaN","shapeStyle":{"@id":2,"description":"default shape style","color":{"argb":"ff000000"}}},"labelManager":{"labels":[{"type":"textLabel","@id":3,"inputText":"David","labelStyle":{"@id":4,"description":"default text label style","font":{"fontName":"SansSerif.plain","style":0,"size":10},"noBreak":false,"color":{"argb":"ff000000"},"showLabel":true,"placement":"FREE","horizontalPlacement":"FREE","verticalPlacement":"FREE"},"shape":null,"layoutText":null}],"mainLabel":3},"portCompositions":[{"type":"portGroup","@id":5,"ordered":false,"portCompositions":[{"type":"port","@id":6,"shape":{"type":"rect","xposition":"NaN","yposition":"NaN","width":"NaN","height":"NaN","shapeStyle":2},"labelManager":{"labels":[{"type":"textLabel","@id":7,"inputText":"1","labelStyle":4,"shape":null,"layoutText":null}],"mainLabel":7},"properties":{},"orientationAtVertex":"FREE","reference":null}],"properties":{},"reference":null}],"properties":{},"reference":"device"},{"@id":8,"shape":{"type":"rect","xposition":"NaN","yposition":"NaN","width":"NaN","height":"NaN","shapeStyle":2},"labelManager":{"labels":[{"type":"textLabel","@id":9,"inputText":"Ben","labelStyle":4,"shape":null,"layoutText":null}],"mainLabel":9},"portCompositions":[{"type":"portGroup","@id":10,"ordered":false,"portCompositions":[{"type":"port","@id":11,"shape":{"type":"rect","xposition":"NaN","yposition":"NaN","width":"NaN","height":"NaN","shapeStyle":2},"labelManager":{"labels":[{"type":"textLabel","@id":12,"inputText":"1","labelStyle":4,"shape":null,"layoutText":null}],"mainLabel":12},"properties":{},"orientationAtVertex":"FREE","reference":null}],"properties":{},"reference":null}],"properties":{},"reference":"plug"},{"@id":13,"shape":{"type":"rect","xposition":"NaN","yposition":"NaN","width":"NaN","height":"NaN","shapeStyle":2},"labelManager":{"labels":[{"type":"textLabel","@id":14,"inputText":"Paul","labelStyle":4,"shape":null,"layoutText":null}],"mainLabel":14},"portCompositions":[{"type":"portGroup","@id":15,"ordered":false,"portCompositions":[{"type":"port","@id":16,"shape":{"type":"rect","xposition":"NaN","yposition":"NaN","width":"NaN","height":"NaN","shapeStyle":2},"labelManager":{"labels":[{"type":"textLabel","@id":17,"inputText":"2","labelStyle":4,"shape":null,"layoutText":null}],"mainLabel":17},"properties":{},"orientationAtVertex":"FREE","reference":null},{"type":"port","@id":18,"shape":{"type":"rect","xposition":"NaN","yposition":"NaN","width":"NaN","height":"NaN","shapeStyle":2},"labelManager":{"labels":[{"type":"textLabel","@id":19,"inputText":"1","labelStyle":4,"shape":null,"layoutText":null}],"mainLabel":19},"properties":{},"orientationAtVertex":"FREE","reference":null}],"properties":{},"reference":null}],"properties":{},"reference":"plug"},{"@id":20,"shape":{"type":"rect","xposition":"NaN","yposition":"NaN","width":"NaN","height":"NaN","shapeStyle":2},"labelManager":{"labels":[{"type":"textLabel","@id":21,"inputText":"Noah","labelStyle":4,"shape":null,"layoutText":null}],"mainLabel":21},"portCompositions":[{"type":"portGroup","@id":22,"ordered":false,"portCompositions":[{"type":"port","@id":23,"shape":{"type":"rect","xposition":"NaN","yposition":"NaN","width":"NaN","height":"NaN","shapeStyle":2},"labelManager":{"labels":[{"type":"textLabel","@id":24,"inputText":"2","labelStyle":4,"shape":null,"layoutText":null}],"mainLabel":24},"properties":{},"orientationAtVertex":"FREE","reference":null},{"type":"port","@id":25,"shape":{"type":"rect","xposition":"NaN","yposition":"NaN","width":"NaN","height":"NaN","shapeStyle":2},"labelManager":{"labels":[{"type":"textLabel","@id":26,"inputText":"1","labelStyle":4,"shape":null,"layoutText":null}],"mainLabel":26},"properties":{},"orientationAtVertex":"FREE","reference":null}],"properties":{},"reference":null}],"properties":{},"reference":"plug"},{"@id":27,"shape":{"type":"rect","xposition":"NaN","yposition":"NaN","width":"NaN","height":"NaN","shapeStyle":2},"labelManager":{"labels":[{"type":"textLabel","@id":28,"inputText":"Alexander","labelStyle":4,"shape":null,"layoutText":null}],"mainLabel":28},"portCompositions":[{"type":"port","@id":29,"shape":{"type":"rect","xposition":"NaN","yposition":"NaN","width":"NaN","height":"NaN","shapeStyle":2},"labelManager":{"labels":[{"type":"textLabel","@id":30,"inputText":"1","labelStyle":4,"shape":null,"layoutText":null}],"mainLabel":30},"properties":{},"orientationAtVertex":"FREE","reference":null}],"properties":{},"reference":"splice"},{"@id":31,"shape":{"type":"rect","xposition":"NaN","yposition":"NaN","width":"NaN","height":"NaN","shapeStyle":2},"labelManager":{"labels":[{"type":"textLabel","@id":32,"inputText":"Felix","labelStyle":4,"shape":null,"layoutText":null}],"mainLabel":32},"portCompositions":[{"type":"portGroup","@id":33,"ordered":false,"portCompositions":[{"type":"port","@id":34,"shape":{"type":"rect","xposition":"NaN","yposition":"NaN","width":"NaN","height":"NaN","shapeStyle":2},"labelManager":{"labels":[{"type":"textLabel","@id":35,"inputText":"1","labelStyle":4,"shape":null,"layoutText":null}],"mainLabel":35},"properties":{},"orientationAtVertex":"FREE","reference":null}],"properties":{},"reference":null}],"properties":{},"reference":"plug"},{"@id":36,"shape":{"type":"rect","xposition":"NaN","yposition":"NaN","width":"NaN","height":"NaN","shapeStyle":2},"labelManager":{"labels":[{"type":"textLabel","@id":37,"inputText":"Leon","labelStyle":4,"shape":null,"layoutText":null}],"mainLabel":37},"portCompositions":[{"type":"portGroup","@id":38,"ordered":false,"portCompositions":[{"type":"port","@id":39,"shape":{"type":"rect","xposition":"NaN","yposition":"NaN","width":"NaN","height":"NaN","shapeStyle":2},"labelManager":{"labels":[{"type":"textLabel","@id":40,"inputText":"1","labelStyle":4,"shape":null,"layoutText":null}],"mainLabel":40},"properties":{},"orientationAtVertex":"FREE","reference":null}],"properties":{},"reference":null}],"properties":{},"reference":"plug"},{"@id":41,"shape":{"type":"rect","xposition":"NaN","yposition":"NaN","width":"NaN","height":"NaN","shapeStyle":2},"labelManager":{"labels":[{"type":"textLabel","@id":42,"inputText":"Elias","labelStyle":4,"shape":null,"layoutText":null}],"mainLabel":42},"portCompositions":[{"type":"portGroup","@id":43,"ordered":false,"portCompositions":[{"type":"port","@id":44,"shape":{"type":"rect","xposition":"NaN","yposition":"NaN","width":"NaN","height":"NaN","shapeStyle":2},"labelManager":{"labels":[{"type":"textLabel","@id":45,"inputText":"1","labelStyle":4,"shape":null,"layoutText":null}],"mainLabel":45},"properties":{},"orientationAtVertex":"FREE","reference":null}],"properties":{},"reference":null}],"properties":{},"reference":"device"},{"@id":46,"shape":{"type":"rect","xposition":"NaN","yposition":"NaN","width":"NaN","height":"NaN","shapeStyle":2},"labelManager":{"labels":[{"type":"textLabel","@id":47,"inputText":"Maximilian","labelStyle":4,"shape":null,"layoutText":null}],"mainLabel":47},"portCompositions":[{"type":"portGroup","@id":48,"ordered":false,"portCompositions":[{"type":"port","@id":49,"shape":{"type":"rect","xposition":"NaN","yposition":"NaN","width":"NaN","height":"NaN","shapeStyle":2},"labelManager":{"labels":[{"type":"textLabel","@id":50,"inputText":"1","labelStyle":4,"shape":null,"layoutText":null}],"mainLabel":50},"properties":{},"orientationAtVertex":"FREE","reference":null}],"properties":{},"reference":null}],"properties":{},"reference":"plug"},{"@id":51,"shape":null,"labelManager":{"labels":[{"type":"textLabel","@id":52,"inputText":"Jonas","labelStyle":{"@id":53,"description":"default text label style","font":{"fontName":"SansSerif.plain","style":0,"size":10},"noBreak":false,"color":{"argb":"ff000000"},"showLabel":true,"placement":"FREE","horizontalPlacement":"FREE","verticalPlacement":"FREE"},"shape":null,"layoutText":null}],"mainLabel":52},"portCompositions":[{"type":"portGroup","@id":54,"ordered":false,"portCompositions":[{"type":"port","@id":55,"shape":{"type":"rect","xposition":"NaN","yposition":"NaN","width":"NaN","height":"NaN","shapeStyle":{"@id":56,"description":"default shape style","color":{"argb":"ff000000"}}},"labelManager":{"labels":[{"type":"textLabel","@id":57,"inputText":"1","labelStyle":53,"shape":null,"layoutText":null}],"mainLabel":57},"properties":{},"orientationAtVertex":"FREE","reference":null}],"properties":{},"reference":null}],"properties":{},"reference":null},{"@id":58,"shape":null,"labelManager":{"labels":[{"type":"textLabel","@id":59,"inputText":"Luca","labelStyle":53,"shape":null,"layoutText":null}],"mainLabel":59},"portCompositions":[{"type":"portGroup","@id":60,"ordered":false,"portCompositions":[{"type":"port","@id":61,"shape":{"type":"rect","xposition":"NaN","yposition":"NaN","width":"NaN","height":"NaN","shapeStyle":56},"labelManager":{"labels":[{"type":"textLabel","@id":62,"inputText":"1","labelStyle":53,"shape":null,"layoutText":null}],"mainLabel":62},"properties":{},"orientationAtVertex":"FREE","reference":null}],"properties":{},"reference":null}],"properties":{},"reference":null},{"@id":63,"shape":null,"labelManager":{"labels":[{"type":"textLabel","@id":64,"inputText":"Anton","labelStyle":53,"shape":null,"layoutText":null}],"mainLabel":64},"portCompositions":[{"type":"portGroup","@id":65,"ordered":false,"portCompositions":[{"type":"port","@id":66,"shape":{"type":"rect","xposition":"NaN","yposition":"NaN","width":"NaN","height":"NaN","shapeStyle":56},"labelManager":{"labels":[{"type":"textLabel","@id":67,"inputText":"1","labelStyle":53,"shape":null,"layoutText":null}],"mainLabel":67},"properties":{},"orientationAtVertex":"FREE","reference":null}],"properties":{},"reference":null}],"properties":{},"reference":null},{"@id":68,"shape":null,"labelManager":{"labels":[{"type":"textLabel","@id":69,"inputText":"Jakob","labelStyle":53,"shape":null,"layoutText":null}],"mainLabel":69},"portCompositions":[{"type":"portGroup","@id":70,"ordered":false,"portCompositions":[{"type":"port","@id":71,"shape":{"type":"rect","xposition":"NaN","yposition":"NaN","width":"NaN","height":"NaN","shapeStyle":56},"labelManager":{"labels":[{"type":"textLabel","@id":72,"inputText":"1","labelStyle":53,"shape":null,"layoutText":null}],"mainLabel":72},"properties":{},"orientationAtVertex":"FREE","reference":null}],"properties":{},"reference":null}],"properties":{},"reference":null},{"@id":73,"shape":null,"labelManager":{"labels":[{"type":"textLabel","@id":74,"inputText":"Jakob","labelStyle":53,"shape":null,"layoutText":null}],"mainLabel":74},"portCompositions":[{"type":"portGroup","@id":75,"ordered":false,"portCompositions":[{"type":"port","@id":76,"shape":{"type":"rect","xposition":"NaN","yposition":"NaN","width":"NaN","height":"NaN","shapeStyle":56},"labelManager":{"labels":[{"type":"textLabel","@id":77,"inputText":"1","labelStyle":53,"shape":null,"layoutText":null}],"mainLabel":77},"properties":{},"orientationAtVertex":"FREE","reference":null}],"properties":{},"reference":null}],"properties":{},"reference":null},{"@id":78,"shape":null,"labelManager":{"labels":[{"type":"textLabel","@id":79,"inputText":"Anton","labelStyle":53,"shape":null,"layoutText":null}],"mainLabel":79},"portCompositions":[{"type":"portGroup","@id":80,"ordered":false,"portCompositions":[{"type":"port","@id":81,"shape":{"type":"rect","xposition":"NaN","yposition":"NaN","width":"NaN","height":"NaN","shapeStyle":56},"labelManager":{"labels":[{"type":"textLabel","@id":82,"inputText":"1","labelStyle":53,"shape":null,"layoutText":null}],"mainLabel":82},"properties":{},"orientationAtVertex":"FREE","reference":null}],"properties":{},"reference":null}],"properties":{},"reference":null}],"vertexGroups":[{"@id":83,"drawnFrame":false,"labelManager":{"labels":[],"mainLabel":null},"shape":null,"containedVertices":[1,8],"containedVertexGroups":[],"touchingPairs":[{"vertex0":1,"horizontalPlacementVertex0":"FREE","verticalPlacementVertex0":"TOP","vertex1":8,"horizontalPlacementVertex1":"FREE","verticalPlacementVertex1":"FREE"}],"portPairings":[{"port0":6,"port1":11}],"properties":{},"reference":null},{"@id":84,"drawnFrame":false,"labelManager":{"labels":[],"mainLabel":null},"shape":null,"containedVertices":[13,20],"containedVertexGroups":[],"touchingPairs":[{"vertex0":13,"horizontalPlacementVertex0":"FREE","verticalPlacementVertex0":"TOP","vertex1":20,"horizontalPlacementVertex1":"FREE","verticalPlacementVertex1":"FREE"}],"portPairings":[{"port0":16,"port1":23},{"port0":18,"port1":25}],"properties":{},"reference":null},{"@id":85,"drawnFrame":false,"labelManager":{"labels":[],"mainLabel":null},"shape":null,"containedVertices":[31,36],"containedVertexGroups":[],"touchingPairs":[{"vertex0":31,"horizontalPlacementVertex0":"FREE","verticalPlacementVertex0":"TOP","vertex1":36,"horizontalPlacementVertex1":"FREE","verticalPlacementVertex1":"FREE"}],"portPairings":[{"port0":34,"port1":39}],"properties":{},"reference":null},{"@id":86,"drawnFrame":false,"labelManager":{"labels":[],"mainLabel":null},"shape":null,"containedVertices":[41,46],"containedVertexGroups":[],"touchingPairs":[{"vertex0":41,"horizontalPlacementVertex0":"FREE","verticalPlacementVertex0":"TOP","vertex1":46,"horizontalPlacementVertex1":"FREE","verticalPlacementVertex1":"FREE"}],"portPairings":[{"port0":44,"port1":49}],"properties":{},"reference":null},{"@id":87,"drawnFrame":false,"labelManager":{"labels":[],"mainLabel":null},"shape":null,"containedVertices":[51,58],"containedVertexGroups":[],"touchingPairs":[{"vertex0":51,"horizontalPlacementVertex0":"FREE","verticalPlacementVertex0":"FREE","vertex1":58,"horizontalPlacementVertex1":"FREE","verticalPlacementVertex1":"FREE"}],"portPairings":[{"port0":55,"port1":61}],"properties":{},"reference":null},{"@id":88,"drawnFrame":false,"labelManager":{"labels":[],"mainLabel":null},"shape":null,"containedVertices":[63,68],"containedVertexGroups":[],"touchingPairs":[{"vertex0":63,"horizontalPlacementVertex0":"FREE","verticalPlacementVertex0":"FREE","vertex1":68,"horizontalPlacementVertex1":"FREE","verticalPlacementVertex1":"FREE"}],"portPairings":[{"port0":66,"port1":71}],"properties":{},"reference":null},{"@id":89,"drawnFrame":false,"labelManager":{"labels":[],"mainLabel":null},"shape":null,"containedVertices":[73,78],"containedVertexGroups":[],"touchingPairs":[{"vertex0":73,"horizontalPlacementVertex0":"FREE","verticalPlacementVertex0":"FREE","vertex1":78,"horizontalPlacementVertex1":"FREE","verticalPlacementVertex1":"FREE"}],"portPairings":[{"port0":76,"port1":81}],"properties":{},"reference":null}],"edges":[{"@id":90,"ports":[49,23],"labelManager":{"innerLabels":[{"type":"textLabel","@id":91,"inputText":"Jan","labelStyle":4,"shape":null,"layoutText":null}],"allPortLabels":[],"mainLabel":91},"pathStyle":{"@id":92,"description":"default path style","thickness":-1.0,"color":{"argb":"ff000000"}},"paths":[],"properties":{},"reference":null},{"@id":93,"ports":[25,39],"labelManager":{"innerLabels":[{"type":"textLabel","@id":94,"inputText":"Lukas","labelStyle":4,"shape":null,"layoutText":null}],"allPortLabels":[],"mainLabel":94},"pathStyle":92,"paths":[],"properties":{},"reference":null},{"@id":95,"ports":[29,11],"labelManager":{"innerLabels":[{"type":"textLabel","@id":96,"inputText":"Jonathan","labelStyle":53,"shape":null,"layoutText":null}],"allPortLabels":[],"mainLabel":96},"pathStyle":{"@id":97,"description":"default path style","thickness":-1.0,"color":{"argb":"ff000000"}},"paths":[],"properties":{},"reference":null},{"@id":98,"ports":[29,66],"labelManager":{"innerLabels":[{"type":"textLabel","@id":99,"inputText":"Moritz","labelStyle":53,"shape":null,"layoutText":null}],"allPortLabels":[],"mainLabel":99},"pathStyle":97,"paths":[],"properties":{},"reference":null},{"@id":100,"ports":[55,71],"labelManager":{"innerLabels":[{"type":"textLabel","@id":101,"inputText":"Emil","labelStyle":53,"shape":null,"layoutText":null}],"allPortLabels":[],"mainLabel":101},"pathStyle":97,"paths":[],"properties":{},"reference":null},{"@id":102,"ports":[34,81],"labelManager":{"innerLabels":[{"type":"textLabel","@id":103,"inputText":"Julian","labelStyle":53,"shape":null,"layoutText":null}],"allPortLabels":[],"mainLabel":103},"pathStyle":97,"paths":[],"properties":{},"reference":null},{"@id":104,"ports":[61,18],"labelManager":{"innerLabels":[{"type":"textLabel","@id":105,"inputText":"Lukas","labelStyle":53,"shape":null,"layoutText":null}],"allPortLabels":[],"mainLabel":105},"pathStyle":97,"paths":[],"properties":{},"reference":null}],"edgeBundles":[]}