{"vertices":[{"@id":1,"shape":{"type":"rect","xposition":"NaN","yposition":"NaN","width":"NaN","height":"NaN","shapeStyle":{"@id":2,"description":"default shape style","color":{"argb":"ff000000"}}},"labelManager":{"labels":[{"type":"textLabel","@id":3,"inputText":"Alexander","labelStyle":{"@id":4,"description":"default text label style","font":{"fontName":"SansSerif","style":0,"size":10},"noBreak":false,"color":{"argb":"ff000000"},"showLabel":true,"placement":"FREE","horizontalPlacement":"FREE","verticalPlacement":"FREE"},"shape":null,"layoutText":null}],"mainLabel":3},"portCompositions":[{"type":"portGroup","@id":5,"ordered":false,"portCompositions":[{"type":"port","@id":6,"shape":{"type":"rect","xposition":"NaN","yposition":"NaN","width":"NaN","height":"NaN","shapeStyle":2},"labelManager":{"labels":[{"type":"textLabel","@id":7,"inputText":"1","labelStyle":4,"shape":null,"layoutText":null}],"mainLabel":7},"properties":{"id":"f93322a9bed198cf5376b397d13cf2b6"},"orientationAtVertex":"FREE","reference":null}],"properties":{},"reference":null}],"properties":{"id":"8fc19cbdb5a7ec9f72aa5741e3ec3c1f","type":"plug"},"reference":null},{"@id":8,"shape":{"type":"rect","xposition":"NaN","yposition":"NaN","width":"NaN","height":"NaN","shapeStyle":2},"labelManager":{"labels":[{"type":"textLabel","@id":9,"inputText":"Luis","labelStyle":4,"shape":null,"layoutText":null}],"mainLabel":9},"portCompositions":[{"type":"portGroup","@id":10,"ordered":false,"portCompositions":[{"type":"port","@id":11,"shape":{"type":"rect","xposition":"NaN","yposition":"NaN","width":"NaN","height":"NaN","shapeStyle":2},"labelManager":{"labels":[{"type":"textLabel","@id":12,"inputText":"1","labelStyle":4,"shape":null,"layoutText":null}],"mainLabel":12},"properties":{"id":"706e443fb58f44a8406f9d12db39f97f"},"orientationAtVertex":"FREE","reference":null}],"properties":{},"reference":null}],"properties":{"id":"368745fa6a733d2b3a75288455bc0945","type":"plug"},"reference":null},{"@id":13,"shape":{"type":"rect","xposition":"NaN","yposition":"NaN","width":"NaN","height":"NaN","shapeStyle":2},"labelManager":{"labels":[{"type":"textLabel","@id":14,"inputText":"Lukas","labelStyle":4,"shape":null,"layoutText":null}],"mainLabel":14},"portCompositions":[{"type":"portGroup","@id":15,"ordered":false,"portCompositions":[{"type":"port","@id":16,"shape":{"type":"rect","xposition":"NaN","yposition":"NaN","width":"NaN","height":"NaN","shapeStyle":2},"labelManager":{"labels":[{"type":"textLabel","@id":17,"inputText":"1","labelStyle":4,"shape":null,"layoutText":null}],"mainLabel":17},"properties":{"id":"b35356341d0b91295780fbb3a0109090"},"orientationAtVertex":"FREE","reference":null}],"properties":{},"reference":null}],"properties":{"id":"ec40657cd7cfddc75ab8bcc7a85edd87","type":"plug"},"reference":null},{"@id":18,"shape":{"type":"rect","xposition":"NaN","yposition":"NaN","width":"NaN","height":"NaN","shapeStyle":2},"labelManager":{"labels":[{"type":"textLabel","@id":19,"inputText":"Tom","labelStyle":4,"shape":null,"layoutText":null}],"mainLabel":19},"portCompositions":[{"type":"portGroup","@id":20,"ordered":false,"portCompositions":[{"type":"port","@id":21,"shape":{"type":"rect","xposition":"NaN","yposition":"NaN","width":"NaN","height":"NaN","shapeStyle":2},"labelManager":{"labels":[{"type":"textLabel","@id":22,"inputText":"1","labelStyle":4,"shape":null,"layoutText":null}],"mainLabel":22},"properties":{"id":"9f6c46cd3e18629fd27df5c365a2ee99"},"orientationAtVertex":"FREE","reference":null}],"properties":{},"reference":null}],"properties":{"id":"518f2c7e0ecc84accb8b78cb83764dd9","type":"plug"},"reference":null},{"@id":23,"shape":{"type":"rect","xposition":"NaN","yposition":"NaN","width":"NaN","height":"NaN","shapeStyle":2},"labelManager":{"labels":[{"type":"textLabel","@id":24,"inputText":"Emil","labelStyle":4,"shape":null,"layoutText":null}],"mainLabel":24},"portCompositions":[{"type":"port","@id":25,"shape":{"type":"rect","xposition":"NaN","yposition":"NaN","width":"NaN","height":"NaN","shapeStyle":2},"labelManager":{"labels":[{"type":"textLabel","@id":26,"inputText":"1","labelStyle":4,"shape":null,"layoutText":null}],"mainLabel":26},"properties":{"id":"a726e7bb44874e226296e1e39fdfa3b4"},"orientationAtVertex":"FREE","reference":null}],"properties":{"id":"65f32548fa77a1c1c0c570164c6bff36","type":"splice"},"reference":null},{"@id":27,"shape":{"type":"rect","xposition":"NaN","yposition":"NaN","width":"NaN","height":"NaN","shapeStyle":2},"labelManager":{"labels":[{"type":"textLabel","@id":28,"inputText":"Niklas","labelStyle":4,"shape":null,"layoutText":null}],"mainLabel":28},"portCompositions":[{"type":"portGroup","@id":29,"ordered":false,"portCompositions":[{"type":"port","@id":30,"shape":{"type":"rect","xposition":"NaN","yposition":"NaN","width":"NaN","height":"NaN","shapeStyle":2},"labelManager":{"labels":[{"type":"textLabel","@id":31,"inputText":"1","labelStyle":4,"shape":null,"layoutText":null}],"mainLabel":31},"properties":{"id":"162034ebfcc65464c091a9f093a71a59"},"orientationAtVertex":"FREE","reference":null},{"type":"port","@id":32,"shape":{"type":"rect","xposition":"NaN","yposition":"NaN","width":"NaN","height":"NaN","shapeStyle":2},"labelManager":{"labels":[{"type":"textLabel","@id":33,"inputText":"5","labelStyle":4,"shape":null,"layoutText":null}],"mainLabel":33},"properties":{"id":"68aea46ddac13e0b12aabb2e64ebfb07"},"orientationAtVertex":"FREE","reference":null},{"type":"port","@id":34,"shape":{"type":"rect","xposition":"NaN","yposition":"NaN","width":"NaN","height":"NaN","shapeStyle":2},"labelManager":{"labels":[{"type":"textLabel","@id":35,"inputText":"10","labelStyle":4,"shape":null,"layoutText":null}],"mainLabel":35},"properties":{"id":"2732e1189aaa085cacc5233ebc12d6fe"},"orientationAtVertex":"FREE","reference":null},{"type":"port","@id":36,"shape":{"type":"rect","xposition":"NaN","yposition":"NaN","width":"NaN","height":"NaN","shapeStyle":2},"labelManager":{"labels":[{"type":"textLabel","@id":37,"inputText":"6","labelStyle":4,"shape":null,"layoutText":null}],"mainLabel":37},"properties":{"id":"3fa159ffe00116cd14482233a09c56d1"},"orientationAtVertex":"FREE","reference":null},{"type":"port","@id":38,"shape":{"type":"rect","xposition":"NaN","yposition":"NaN","width":"NaN","height":"NaN","shapeStyle":2},"labelManager":{"labels":[{"type":"textLabel","@id":39,"inputText":"3","labelStyle":4,"shape":null,"layoutText":null}],"mainLabel":39},"properties":{"id":"886b3e9172856fae7810a5609fc45202"},"orientationAtVertex":"FREE","reference":null},{"type":"port","@id":40,"shape":{"type":"rect","xposition":"NaN","yposition":"NaN","width":"NaN","height":"NaN","shapeStyle":2},"labelManager":{"labels":[{"type":"textLabel","@id":41,"inputText":"13","labelStyle":4,"shape":null,"layoutText":null}],"mainLabel":41},"properties":{"id":"60ebabe58e45af6d566c67fe3c5883d0"},"orientationAtVertex":"FREE","reference":null},{"type":"port","@id":42,"shape":{"type":"rect","xposition":"NaN","yposition":"NaN","width":"NaN","height":"NaN","shapeStyle":2},"labelManager":{"labels":[{"type":"textLabel","@id":43,"inputText":"11","labelStyle":4,"shape":null,"layoutText":null}],"mainLabel":43},"properties":{"id":"e5f94c9abcd1b44bbc5cf0061bd0fd05"},"orientationAtVertex":"FREE","reference":null},{"type":"port","@id":44,"shape":{"type":"rect","xposition":"NaN","yposition":"NaN","width":"NaN","height":"NaN","shapeStyle":2},"labelManager":{"labels":[{"type":"textLabel","@id":45,"inputText":"7","labelStyle":4,"shape":null,"layoutText":null}],"mainLabel":45},"properties":{"id":"277916a24144af9c21898329036256ac"},"orientationAtVertex":"FREE","reference":null},{"type":"port","@id":46,"shape":{"type":"rect","xposition":"NaN","yposition":"NaN","width":"NaN","height":"NaN","shapeStyle":2},"labelManager":{"labels":[{"type":"textLabel","@id":47,"inputText":"4","labelStyle":4,"shape":null,"layoutText":null}],"mainLabel":47},"properties":{"id":"a98548b07a2c38a64a09cf9d0fe28ad9"},"orientationAtVertex":"FREE","reference":null},{"type":"port","@id":48,"shape":{"type":"rect","xposition":"NaN","yposition":"NaN","width":"NaN","height":"NaN","shapeStyle":2},"labelManager":{"labels":[{"type":"textLabel","@id":49,"inputText":"8","labelStyle":4,"shape":null,"layoutText":null}],"mainLabel":49},"properties":{"id":"e6660a87126d1c5a2bd6d97bda9313bb"},"orientationAtVertex":"FREE","reference":null},{"type":"port","@id":50,"shape":{"type":"rect","xposition":"NaN","yposition":"NaN","width":"NaN","height":"NaN","shapeStyle":{"@id":51,"description":"default shape style","color":{"argb":"ff000000"}}},"labelManager":{"labels":[{"type":"textLabel","@id":52,"inputText":"12","labelStyle":{"@id":53,"description":"default text label style","font":{"fontName":"SansSerif","style":0,"size":10},"noBreak":false,"color":{"argb":"ff000000"},"showLabel":true,"placement":"FREE","horizontalPlacement":"FREE","verticalPlacement":"FREE"},"shape":null,"layoutText":null}],"mainLabel":52},"properties":{},"orientationAtVertex":"FREE","reference":null},{"type":"port","@id":54,"shape":{"type":"rect","xposition":"NaN","yposition":"NaN","width":"NaN","height":"NaN","shapeStyle":51},"labelManager":{"labels":[{"type":"textLabel","@id":55,"inputText":"9","labelStyle":53,"shape":null,"layoutText":null}],"mainLabel":55},"properties":{},"orientationAtVertex":"FREE","reference":null},{"type":"port","@id":56,"shape":{"type":"rect","xposition":"NaN","yposition":"NaN","width":"NaN","height":"NaN","shapeStyle":51},"labelManager":{"labels":[{"type":"textLabel","@id":57,"inputText":"2","labelStyle":53,"shape":null,"layoutText":null}],"mainLabel":57},"properties":{},"orientationAtVertex":"FREE","reference":null}],"properties":{},"reference":null}],"properties":{"id":"f19cb1d965bccb6c8073cb2373d36b2a","type":"plug"},"reference":null},{"@id":58,"shape":{"type":"rect","xposition":"NaN","yposition":"NaN","width":"NaN","height":"NaN","shapeStyle":2},"labelManager":{"labels":[{"type":"textLabel","@id":59,"inputText":"Ben","labelStyle":4,"shape":null,"layoutText":null}],"mainLabel":59},"portCompositions":[{"type":"portGroup","@id":60,"ordered":false,"portCompositions":[{"type":"port","@id":61,"shape":{"type":"rect","xposition":"NaN","yposition":"NaN","width":"NaN","height":"NaN","shapeStyle":2},"labelManager":{"labels":[{"type":"textLabel","@id":62,"inputText":"1","labelStyle":4,"shape":null,"layoutText":null}],"mainLabel":62},"properties":{"id":"dda8bd06330e2298768cf1c42c94027d"},"orientationAtVertex":"FREE","reference":null},{"type":"port","@id":63,"shape":{"type":"rect","xposition":"NaN","yposition":"NaN","width":"NaN","height":"NaN","shapeStyle":2},"labelManager":{"labels":[{"type":"textLabel","@id":64,"inputText":"5","labelStyle":4,"shape":null,"layoutText":null}],"mainLabel":64},"properties":{"id":"34c3807f5ca05eaa17a151ad87c38c9f"},"orientationAtVertex":"FREE","reference":null},{"type":"port","@id":65,"shape":{"type":"rect","xposition":"NaN","yposition":"NaN","width":"NaN","height":"NaN","shapeStyle":2},"labelManager":{"labels":[{"type":"textLabel","@id":66,"inputText":"10","labelStyle":4,"shape":null,"layoutText":null}],"mainLabel":66},"properties":{"id":"7a2e50b616f2845e381692fe69468f71"},"orientationAtVertex":"FREE","reference":null},{"type":"port","@id":67,"shape":{"type":"rect","xposition":"NaN","yposition":"NaN","width":"NaN","height":"NaN","shapeStyle":2},"labelManager":{"labels":[{"type":"textLabel","@id":68,"inputText":"6","labelStyle":4,"shape":null,"layoutText":null}],"mainLabel":68},"properties":{"id":"69a37f4b36aaae2dd581292a88e3a890"},"orientationAtVertex":"FREE","reference":null},{"type":"port","@id":69,"shape":{"type":"rect","xposition":"NaN","yposition":"NaN","width":"NaN","height":"NaN","shapeStyle":2},"labelManager":{"labels":[{"type":"textLabel","@id":70,"inputText":"3","labelStyle":4,"shape":null,"layoutText":null}],"mainLabel":70},"properties":{"id":"c66aa3eeea6309f99357b60b7c068665"},"orientationAtVertex":"FREE","reference":null},{"type":"port","@id":71,"shape":{"type":"rect","xposition":"NaN","yposition":"NaN","width":"NaN","height":"NaN","shapeStyle":2},"labelManager":{"labels":[{"type":"textLabel","@id":72,"inputText":"13","labelStyle":4,"shape":null,"layoutText":null}],"mainLabel":72},"properties":{"id":"9570692f9cd0ee4249a33276bfb731bf"},"orientationAtVertex":"FREE","reference":null},{"type":"port","@id":73,"shape":{"type":"rect","xposition":"NaN","yposition":"NaN","width":"NaN","height":"NaN","shapeStyle":2},"labelManager":{"labels":[{"type":"textLabel","@id":74,"inputText":"11","labelStyle":4,"shape":null,"layoutText":null}],"mainLabel":74},"properties":{"id":"a4fb768c07a87859151d2c046687d6ad"},"orientationAtVertex":"FREE","reference":null},{"type":"port","@id":75,"shape":{"type":"rect","xposition":"NaN","yposition":"NaN","width":"NaN","height":"NaN","shapeStyle":2},"labelManager":{"labels":[{"type":"textLabel","@id":76,"inputText":"7","labelStyle":4,"shape":null,"layoutText":null}],"mainLabel":76},"properties":{"id":"1fe996b0a444f5ca5e1a6ad0e1e86c18"},"orientationAtVertex":"FREE","reference":null},{"type":"port","@id":77,"shape":{"type":"rect","xposition":"NaN","yposition":"NaN","width":"NaN","height":"NaN","shapeStyle":2},"labelManager":{"labels":[{"type":"textLabel","@id":78,"inputText":"4","labelStyle":4,"shape":null,"layoutText":null}],"mainLabel":78},"properties":{"id":"a565ee2ae7ff93f1d960975b386e75d7"},"orientationAtVertex":"FREE","reference":null},{"type":"port","@id":79,"shape":{"type":"rect","xposition":"NaN","yposition":"NaN","width":"NaN","height":"NaN","shapeStyle":2},"labelManager":{"labels":[{"type":"textLabel","@id":80,"inputText":"8","labelStyle":4,"shape":null,"layoutText":null}],"mainLabel":80},"properties":{"id":"d0b980c6dea2189e314ea4eb567fb8f9"},"orientationAtVertex":"FREE","reference":null},{"type":"port","@id":81,"shape":{"type":"rect","xposition":"NaN","yposition":"NaN","width":"NaN","height":"NaN","shapeStyle":51},"labelManager":{"labels":[{"type":"textLabel","@id":82,"inputText":"12","labelStyle":53,"shape":null,"layoutText":null}],"mainLabel":82},"properties":{},"orientationAtVertex":"FREE","reference":null},{"type":"port","@id":83,"shape":{"type":"rect","xposition":"NaN","yposition":"NaN","width":"NaN","height":"NaN","shapeStyle":51},"labelManager":{"labels":[{"type":"textLabel","@id":84,"inputText":"9","labelStyle":53,"shape":null,"layoutText":null}],"mainLabel":84},"properties":{},"orientationAtVertex":"FREE","reference":null},{"type":"port","@id":85,"shape":{"type":"rect","xposition":"NaN","yposition":"NaN","width":"NaN","height":"NaN","shapeStyle":51},"labelManager":{"labels":[{"type":"textLabel","@id":86,"inputText":"2","labelStyle":53,"shape":null,"layoutText":null}],"mainLabel":86},"properties":{},"orientationAtVertex":"FREE","reference":null}],"properties":{},"reference":null}],"properties":{"id":"1732e277b1085b5ba667b4dfbb96e59b","type":"plug"},"reference":null},{"@id":87,"shape":{"type":"rect","xposition":"NaN","yposition":"NaN","width":"NaN","height":"NaN","shapeStyle":2},"labelManager":{"labels":[{"type":"textLabel","@id":88,"inputText":"Henri","labelStyle":4,"shape":null,"layoutText":null}],"mainLabel":88},"portCompositions":[{"type":"portGroup","@id":89,"ordered":false,"portCompositions":[{"type":"port","@id":90,"shape":{"type":"rect","xposition":"NaN","yposition":"NaN","width":"NaN","height":"NaN","shapeStyle":2},"labelManager":{"labels":[{"type":"textLabel","@id":91,"inputText":"3","labelStyle":4,"shape":null,"layoutText":null}],"mainLabel":91},"properties":{"id":"282bfea90d4f0d00c07f42c3eb91c86a"},"orientationAtVertex":"FREE","reference":null},{"type":"port","@id":92,"shape":{"type":"rect","xposition":"NaN","yposition":"NaN","width":"NaN","height":"NaN","shapeStyle":2},"labelManager":{"labels":[{"type":"textLabel","@id":93,"inputText":"1","labelStyle":4,"shape":null,"layoutText":null}],"mainLabel":93},"properties":{"id":"a8f22371a97a6ecb79528d2507e1912c"},"orientationAtVertex":"FREE","reference":null},{"type":"port","@id":94,"shape":{"type":"rect","xposition":"NaN","yposition":"NaN","width":"NaN","height":"NaN","shapeStyle":2},"labelManager":{"labels":[{"type":"textLabel","@id":95,"inputText":"2","labelStyle":4,"shape":null,"layoutText":null}],"mainLabel":95},"properties":{"id":"74a188b9dbbe4125574136ec0fc5c1ac"},"orientationAtVertex":"FREE","reference":null}],"properties":{},"reference":null}],"properties":{"id":"13a57d80559e4598014a5b2008bea307","type":"plug"},"reference":null},{"@id":96,"shape":{"type":"rect","xposition":"NaN","yposition":"NaN","width":"NaN","height":"NaN","shapeStyle":2},"labelManager":{"labels":[{"type":"textLabel","@id":97,"inputText":"Max","labelStyle":4,"shape":null,"layoutText":null}],"mainLabel":97},"portCompositions":[{"type":"portGroup","@id":98,"ordered":false,"portCompositions":[{"type":"port","@id":99,"shape":{"type":"rect","xposition":"NaN","yposition":"NaN","width":"NaN","height":"NaN","shapeStyle":2},"labelManager":{"labels":[{"type":"textLabel","@id":100,"inputText":"3","labelStyle":4,"shape":null,"layoutText":null}],"mainLabel":100},"properties":{"id":"d625fcec41cdd4cdf39a313021139d95"},"orientationAtVertex":"FREE","reference":null},{"type":"port","@id":101,"shape":{"type":"rect","xposition":"NaN","yposition":"NaN","width":"NaN","height":"NaN","shapeStyle":2},"labelManager":{"labels":[{"type":"textLabel","@id":102,"inputText":"1","labelStyle":4,"shape":null,"layoutText":null}],"mainLabel":102},"properties":{"id":"e9ea3cf1b09d3d2929e4d1499d6e9e08"},"orientationAtVertex":"FREE","reference":null},{"type":"port","@id":103,"shape":{"type":"rect","xposition":"NaN","yposition":"NaN","width":"NaN","height":"NaN","shapeStyle":2},"labelManager":{"labels":[{"type":"textLabel","@id":104,"inputText":"2","labelStyle":4,"shape":null,"layoutText":null}],"mainLabel":104},"properties":{"id":"9f25659d0d9bd1c5f89fb5ab55bbf5d9"},"orientationAtVertex":"FREE","reference":null}],"properties":{},"reference":null}],"properties":{"id":"9c23800285efa28f46050300703ea15b","type":"plug"},"reference":null},{"@id":105,"shape":{"type":"rect","xposition":"NaN","yposition":"NaN","width":"NaN","height":"NaN","shapeStyle":2},"labelManager":{"labels":[{"type":"textLabel","@id":106,"inputText":"Oskar","labelStyle":4,"shape":null,"layoutText":null}],"mainLabel":106},"portCompositions":[{"type":"port","@id":107,"shape":{"type":"rect","xposition":"NaN","yposition":"NaN","width":"NaN","height":"NaN","shapeStyle":2},"labelManager":{"labels":[{"type":"textLabel","@id":108,"inputText":"1","labelStyle":4,"shape":null,"layoutText":null}],"mainLabel":108},"properties":{"id":"ff559a08c88ca9dfe7009cedeeb89bb5"},"orientationAtVertex":"FREE","reference":null}],"properties":{"id":"8bf1b655f521c512bf14aee0966e26c1","type":"splice"},"reference":null},{"@id":109,"shape":{"type":"rect","xposition":"NaN","yposition":"NaN","width":"NaN","height":"NaN","shapeStyle":2},"labelManager":{"labels":[{"type":"textLabel","@id":110,"inputText":"David","labelStyle":4,"shape":null,"layoutText":null}],"mainLabel":110},"portCompositions":[{"type":"portGroup","@id":111,"ordered":false,"portCompositions":[{"type":"port","@id":112,"shape":{"type":"rect","xposition":"NaN","yposition":"NaN","width":"NaN","height":"NaN","shapeStyle":2},"labelManager":{"labels":[{"type":"textLabel","@id":113,"inputText":"11","labelStyle":4,"shape":null,"layoutText":null}],"mainLabel":113},"properties":{"id":"4801e377b62295ba7b6e0ded78c6f089"},"orientationAtVertex":"FREE","reference":null},{"type":"port","@id":114,"shape":{"type":"rect","xposition":"NaN","yposition":"NaN","width":"NaN","height":"NaN","shapeStyle":2},"labelManager":{"labels":[{"type":"textLabel","@id":115,"inputText":"3","labelStyle":4,"shape":null,"layoutText":null}],"mainLabel":115},"properties":{"id":"878ce76072f7f30a6bf5ad379b2b5561"},"orientationAtVertex":"FREE","reference":null},{"type":"port","@id":116,"shape":{"type":"rect","xposition":"NaN","yposition":"NaN","width":"NaN","height":"NaN","shapeStyle":2},"labelManager":{"labels":[{"type":"textLabel","@id":117,"inputText":"1","labelStyle":4,"shape":null,"layoutText":null}],"mainLabel":117},"properties":{"id":"8f9491f43b2217770f261cd99c0a18c3"},"orientationAtVertex":"FREE","reference":null},{"type":"port","@id":118,"shape":{"type":"rect","xposition":"NaN","yposition":"NaN","width":"NaN","height":"NaN","shapeStyle":2},"labelManager":{"labels":[{"type":"textLabel","@id":119,"inputText":"13","labelStyle":4,"shape":null,"layoutText":null}],"mainLabel":119},"properties":{"id":"9af661a37839924d507dd039f0122e40"},"orientationAtVertex":"FREE","reference":null},{"type":"port","@id":120,"shape":{"type":"rect","xposition":"NaN","yposition":"NaN","width":"NaN","height":"NaN","shapeStyle":2},"labelManager":{"labels":[{"type":"textLabel","@id":121,"inputText":"14","labelStyle":4,"shape":null,"layoutText":null}],"mainLabel":121},"properties":{"id":"5a0d7ff571e38075d8d97d29d3e13126"},"orientationAtVertex":"FREE","reference":null},{"type":"port","@id":122,"shape":{"type":"rect","xposition":"NaN","yposition":"NaN","width":"NaN","height":"NaN","shapeStyle":2},"labelManager":{"labels":[{"type":"textLabel","@id":123,"inputText":"5","labelStyle":4,"shape":null,"layoutText":null}],"mainLabel":123},"properties":{"id":"f91cfce0f048703d78adae1315720c84"},"orientationAtVertex":"FREE","reference":null},{"type":"port","@id":124,"shape":{"type":"rect","xposition":"NaN","yposition":"NaN","width":"NaN","height":"NaN","shapeStyle":2},"labelManager":{"labels":[{"type":"textLabel","@id":125,"inputText":"8","labelStyle":4,"shape":null,"layoutText":null}],"mainLabel":125},"properties":{"id":"02492e58b757a00a864602b0a4f36886"},"orientationAtVertex":"FREE","reference":null},{"type":"port","@id":126,"shape":{"type":"rect","xposition":"NaN","yposition":"NaN","width":"NaN","height":"NaN","shapeStyle":2},"labelManager":{"labels":[{"type":"textLabel","@id":127,"inputText":"4","labelStyle":4,"shape":null,"layoutText":null}],"mainLabel":127},"properties":{"id":"561175d6256f2a80ad148361718c46f8"},"orientationAtVertex":"FREE","reference":null},{"type":"port","@id":128,"shape":{"type":"rect","xposition":"NaN","yposition":"NaN","width":"NaN","height":"NaN","shapeStyle":51},"labelManager":{"labels":[{"type":"textLabel","@id":129,"inputText":"10","labelStyle":53,"shape":null,"layoutText":null}],"mainLabel":129},"properties":{},"orientationAtVertex":"FREE","reference":null},{"type":"port","@id":130,"shape":{"type":"rect","xposition":"NaN","yposition":"NaN","width":"NaN","height":"NaN","shapeStyle":51},"labelManager":{"labels":[{"type":"textLabel","@id":131,"inputText":"6","labelStyle":53,"shape":null,"layoutText":null}],"mainLabel":131},"properties":{},"orientationAtVertex":"FREE","reference":null},{"type":"port","@id":132,"shape":{"type":"rect","xposition":"NaN","yposition":"NaN","width":"NaN","height":"NaN","shapeStyle":51},"labelManager":{"labels":[{"type":"textLabel","@id":133,"inputText":"2","labelStyle":53,"shape":null,"layoutText":null}],"mainLabel":133},"properties":{},"orientationAtVertex":"FREE","reference":null},{"type":"port","@id":134,"shape":{"type":"rect","xposition":"NaN","yposition":"NaN","width":"NaN","height":"NaN","shapeStyle":51},"labelManager":{"labels":[{"type":"textLabel","@id":135,"inputText":"9","labelStyle":53,"shape":null,"layoutText":null}],"mainLabel":135},"properties":{},"orientationAtVertex":"FREE","reference":null},{"type":"port","@id":136,"shape":{"type":"rect","xposition":"NaN","yposition":"NaN","width":"NaN","height":"NaN","shapeStyle":51},"labelManager":{"labels":[{"type":"textLabel","@id":137,"inputText":"12","labelStyle":53,"shape":null,"layoutText":null}],"mainLabel":137},"properties":{},"orientationAtVertex":"FREE","reference":null},{"type":"port","@id":138,"shape":{"type":"rect","xposition":"NaN","yposition":"NaN","width":"NaN","height":"NaN","shapeStyle":51},"labelManager":{"labels":[{"type":"textLabel","@id":139,"inputText":"7","labelStyle":53,"shape":null,"layoutText":null}],"mainLabel":139},"properties":{},"orientationAtVertex":"FREE","reference":null}],"properties":{},"reference":null}],"properties":{"id":"303b75ca8e9219d639759134b1721b89","type":"device"},"reference":null},{"@id":140,"shape":{"type":"rect","xposition":"NaN","yposition":"NaN","width":"NaN","height":"NaN","shapeStyle":2},"labelManager":{"labels":[{"type":"textLabel","@id":141,"inputText":"Luca","labelStyle":4,"shape":null,"layoutText":null}],"mainLabel":141},"portCompositions":[{"type":"portGroup","@id":142,"ordered":false,"portCompositions":[{"type":"port","@id":143,"shape":{"type":"rect","xposition":"NaN","yposition":"NaN","width":"NaN","height":"NaN","shapeStyle":2},"labelManager":{"labels":[{"type":"textLabel","@id":144,"inputText":"11","labelStyle":4,"shape":null,"layoutText":null}],"mainLabel":144},"properties":{"id":"c74a2fb0b444f08ef927c6acc96c1c10"},"orientationAtVertex":"FREE","reference":null},{"type":"port","@id":145,"shape":{"type":"rect","xposition":"NaN","yposition":"NaN","width":"NaN","height":"NaN","shapeStyle":2},"labelManager":{"labels":[{"type":"textLabel","@id":146,"inputText":"3","labelStyle":4,"shape":null,"layoutText":null}],"mainLabel":146},"properties":{"id":"2d73c2518daa48abc7ee81209d44a625"},"orientationAtVertex":"FREE","reference":null},{"type":"port","@id":147,"shape":{"type":"rect","xposition":"NaN","yposition":"NaN","width":"NaN","height":"NaN","shapeStyle":2},"labelManager":{"labels":[{"type":"textLabel","@id":148,"inputText":"1","labelStyle":4,"shape":null,"layoutText":null}],"mainLabel":148},"properties":{"id":"e84c5d8d7bade2dc3b36a92c7d32f79b"},"orientationAtVertex":"FREE","reference":null},{"type":"port","@id":149,"shape":{"type":"rect","xposition":"NaN","yposition":"NaN","width":"NaN","height":"NaN","shapeStyle":2},"labelManager":{"labels":[{"type":"textLabel","@id":150,"inputText":"13","labelStyle":4,"shape":null,"layoutText":null}],"mainLabel":150},"properties":{"id":"79b7325c38296eb1dbf2c67a8acffc8e"},"orientationAtVertex":"FREE","reference":null},{"type":"port","@id":151,"shape":{"type":"rect","xposition":"NaN","yposition":"NaN","width":"NaN","height":"NaN","shapeStyle":2},"labelManager":{"labels":[{"type":"textLabel","@id":152,"inputText":"14","labelStyle":4,"shape":null,"layoutText":null}],"mainLabel":152},"properties":{"id":"3dc64d24cc09541542ca95832207c667"},"orientationAtVertex":"FREE","reference":null},{"type":"port","@id":153,"shape":{"type":"rect","xposition":"NaN","yposition":"NaN","width":"NaN","height":"NaN","shapeStyle":2},"labelManager":{"labels":[{"type":"textLabel","@id":154,"inputText":"5","labelStyle":4,"shape":null,"layoutText":null}],"mainLabel":154},"properties":{"id":"7c2185b8cd65860c0326275a82e7fd83"},"orientationAtVertex":"FREE","reference":null},{"type":"port","@id":155,"shape":{"type":"rect","xposition":"NaN","yposition":"NaN","width":"NaN","height":"NaN","shapeStyle":2},"labelManager":{"labels":[{"type":"textLabel","@id":156,"inputText":"8","labelStyle":4,"shape":null,"layoutText":null}],"mainLabel":156},"properties":{"id":"6a1a1e66b7004e15da5222a35189aaaa"},"orientationAtVertex":"FREE","reference":null},{"type":"port","@id":157,"shape":{"type":"rect","xposition":"NaN","yposition":"NaN","width":"NaN","height":"NaN","shapeStyle":2},"labelManager":{"labels":[{"type":"textLabel","@id":158,"inputText":"4","labelStyle":4,"shape":null,"layoutText":null}],"mainLabel":158},"properties":{"id":"d97cbe495a3d284007e72c630bf83d6d"},"orientationAtVertex":"FREE","reference":null},{"type":"port","@id":159,"shape":{"type":"rect","xposition":"NaN","yposition":"NaN","width":"NaN","height":"NaN","shapeStyle":51},"labelManager":{"labels":[{"type":"textLabel","@id":160,"inputText":"10","labelStyle":53,"shape":null,"layoutText":null}],"mainLabel":160},"properties":{},"orientationAtVertex":"FREE","reference":null},{"type":"port","@id":161,"shape":{"type":"rect","xposition":"NaN","yposition":"NaN","width":"NaN","height":"NaN","shapeStyle":51},"labelManager":{"labels":[{"type":"textLabel","@id":162,"inputText":"6","labelStyle":53,"shape":null,"layoutText":null}],"mainLabel":162},"properties":{},"orientationAtVertex":"FREE","reference":null},{"type":"port","@id":163,"shape":{"type":"rect","xposition":"NaN","yposition":"NaN","width":"NaN","height":"NaN","shapeStyle":51},"labelManager":{"labels":[{"type":"textLabel","@id":164,"inputText":"2","labelStyle":53,"shape":null,"layoutText":null}],"mainLabel":164},"properties":{},"orientationAtVertex":"FREE","reference":null},{"type":"port","@id":165,"shape":{"type":"rect","xposition":"NaN","yposition":"NaN","width":"NaN","height":"NaN","shapeStyle":51},"labelManager":{"labels":[{"type":"textLabel","@id":166,"inputText":"9","labelStyle":53,"shape":null,"layoutText":null}],"mainLabel":166},"properties":{},"orientationAtVertex":"FREE","reference":null},{"type":"port","@id":167,"shape":{"type":"rect","xposition":"NaN","yposition":"NaN","width":"NaN","height":"NaN","shapeStyle":51},"labelManager":{"labels":[{"type":"textLabel","@id":168,"inputText":"12","labelStyle":53,"shape":null,"layoutText":null}],"mainLabel":168},"properties":{},"orientationAtVertex":"FREE","reference":null},{"type":"port","@id":169,"shape":{"type":"rect","xposition":"NaN","yposition":"NaN","width":"NaN","height":"NaN","shapeStyle":51},"labelManager":{"labels":[{"type":"textLabel","@id":170,"inputText":"7","labelStyle":53,"shape":null,"layoutText":null}],"mainLabel":170},"properties":{},"orientationAtVertex":"FREE","reference":null}],"properties":{},"reference":null}],"properties":{"id":"99d272ad483239e8ea839e3fdeb0a3e2","type":"socket"},"reference":null},{"@id":171,"shape":{"type":"rect","xposition":"NaN","yposition":"NaN","width":"NaN","height":"NaN","shapeStyle":2},"labelManager":{"labels":[{"type":"textLabel","@id":172,"inputText":"Jonas","labelStyle":4,"shape":null,"layoutText":null}],"mainLabel":172},"portCompositions":[{"type":"port","@id":173,"shape":{"type":"rect","xposition":"NaN","yposition":"NaN","width":"NaN","height":"NaN","shapeStyle":2},"labelManager":{"labels":[{"type":"textLabel","@id":174,"inputText":"1","labelStyle":4,"shape":null,"layoutText":null}],"mainLabel":174},"properties":{"id":"b038b8c863dcfd99413c63a72fae8d34"},"orientationAtVertex":"FREE","reference":null}],"properties":{"id":"1abfeb53fccf3544e1ea176257874aa4","type":"splice"},"reference":null},{"@id":175,"shape":{"type":"rect","xposition":"NaN","yposition":"NaN","width":"NaN","height":"NaN","shapeStyle":2},"labelManager":{"labels":[{"type":"textLabel","@id":176,"inputText":"Johann","labelStyle":4,"shape":null,"layoutText":null}],"mainLabel":176},"portCompositions":[{"type":"port","@id":177,"shape":{"type":"rect","xposition":"NaN","yposition":"NaN","width":"NaN","height":"NaN","shapeStyle":2},"labelManager":{"labels":[{"type":"textLabel","@id":178,"inputText":"1","labelStyle":4,"shape":null,"layoutText":null}],"mainLabel":178},"properties":{"id":"ff9b583f26d3b1555ca9c1b3dd0f60f8"},"orientationAtVertex":"FREE","reference":null}],"properties":{"id":"fd6dcd0e70e89e9e05031c2614fbc2bf","type":"splice"},"reference":null},{"@id":179,"shape":{"type":"rect","xposition":"NaN","yposition":"NaN","width":"NaN","height":"NaN","shapeStyle":2},"labelManager":{"labels":[{"type":"textLabel","@id":180,"inputText":"Benjamin","labelStyle":4,"shape":null,"layoutText":null}],"mainLabel":180},"portCompositions":[{"type":"portGroup","@id":181,"ordered":false,"portCompositions":[{"type":"port","@id":182,"shape":{"type":"rect","xposition":"NaN","yposition":"NaN","width":"NaN","height":"NaN","shapeStyle":2},"labelManager":{"labels":[{"type":"textLabel","@id":183,"inputText":"5","labelStyle":4,"shape":null,"layoutText":null}],"mainLabel":183},"properties":{"id":"5d0c62849681277d57af7bb2bab0aab2"},"orientationAtVertex":"FREE","reference":null},{"type":"port","@id":184,"shape":{"type":"rect","xposition":"NaN","yposition":"NaN","width":"NaN","height":"NaN","shapeStyle":2},"labelManager":{"labels":[{"type":"textLabel","@id":185,"inputText":"2","labelStyle":4,"shape":null,"layoutText":null}],"mainLabel":185},"properties":{"id":"be47c311c85e70eb74a8988315f5f327"},"orientationAtVertex":"FREE","reference":null},{"type":"port","@id":186,"shape":{"type":"rect","xposition":"NaN","yposition":"NaN","width":"NaN","height":"NaN","shapeStyle":2},"labelManager":{"labels":[{"type":"textLabel","@id":187,"inputText":"6","labelStyle":4,"shape":null,"layoutText":null}],"mainLabel":187},"properties":{"id":"d6aae2c7c89b104f86fe64d6689a2700"},"orientationAtVertex":"FREE","reference":null},{"type":"port","@id":188,"shape":{"type":"rect","xposition":"NaN","yposition":"NaN","width":"NaN","height":"NaN","shapeStyle":2},"labelManager":{"labels":[{"type":"textLabel","@id":189,"inputText":"1","labelStyle":4,"shape":null,"layoutText":null}],"mainLabel":189},"properties":{"id":"175e0ea8fdabf2cab405923205d29c60"},"orientationAtVertex":"FREE","reference":null},{"type":"port","@id":190,"shape":{"type":"rect","xposition":"NaN","yposition":"NaN","width":"NaN","height":"NaN","shapeStyle":2},"labelManager":{"labels":[{"type":"textLabel","@id":191,"inputText":"13","labelStyle":4,"shape":null,"layoutText":null}],"mainLabel":191},"properties":{"id":"35a0241c98f9369620f5177908778aa0"},"orientationAtVertex":"FREE","reference":null},{"type":"port","@id":192,"shape":{"type":"rect","xposition":"NaN","yposition":"NaN","width":"NaN","height":"NaN","shapeStyle":2},"labelManager":{"labels":[{"type":"textLabel","@id":193,"inputText":"9","labelStyle":4,"shape":null,"layoutText":null}],"mainLabel":193},"properties":{"id":"d64311eda749b85d1d96fbda8d4fb19e"},"orientationAtVertex":"FREE","reference":null},{"type":"port","@id":194,"shape":{"type":"rect","xposition":"NaN","yposition":"NaN","width":"NaN","height":"NaN","shapeStyle":2},"labelManager":{"labels":[{"type":"textLabel","@id":195,"inputText":"4","labelStyle":4,"shape":null,"layoutText":null}],"mainLabel":195},"properties":{"id":"d354a118ed0bc6e36f376b9835378352"},"orientationAtVertex":"FREE","reference":null},{"type":"port","@id":196,"shape":{"type":"rect","xposition":"NaN","yposition":"NaN","width":"NaN","height":"NaN","shapeStyle":51},"labelManager":{"labels":[{"type":"textLabel","@id":197,"inputText":"10","labelStyle":53,"shape":null,"layoutText":null}],"mainLabel":197},"properties":{},"orientationAtVertex":"FREE","reference":null},{"type":"port","@id":198,"shape":{"type":"rect","xposition":"NaN","yposition":"NaN","width":"NaN","height":"NaN","shapeStyle":51},"labelManager":{"labels":[{"type":"textLabel","@id":199,"inputText":"11","labelStyle":53,"shape":null,"layoutText":null}],"mainLabel":199},"properties":{},"orientationAtVertex":"FREE","reference":null},{"type":"port","@id":200,"shape":{"type":"rect","xposition":"NaN","yposition":"NaN","width":"NaN","height":"NaN","shapeStyle":51},"labelManager":{"labels":[{"type":"textLabel","@id":201,"inputText":"8","labelStyle":53,"shape":null,"layoutText":null}],"mainLabel":201},"properties":{},"orientationAtVertex":"FREE","reference":null},{"type":"port","@id":202,"shape":{"type":"rect","xposition":"NaN","yposition":"NaN","width":"NaN","height":"NaN","shapeStyle":51},"labelManager":{"labels":[{"type":"textLabel","@id":203,"inputText":"7","labelStyle":53,"shape":null,"layoutText":null}],"mainLabel":203},"properties":{},"orientationAtVertex":"FREE","reference":null},{"type":"port","@id":204,"shape":{"type":"rect","xposition":"NaN","yposition":"NaN","width":"NaN","height":"NaN","shapeStyle":51},"labelManager":{"labels":[{"type":"textLabel","@id":205,"inputText":"12","labelStyle":53,"shape":null,"layoutText":null}],"mainLabel":205},"properties":{},"orientationAtVertex":"FREE","reference":null},{"type":"port","@id":206,"shape":{"type":"rect","xposition":"NaN","yposition":"NaN","width":"NaN","height":"NaN","shapeStyle":51},"labelManager":{"labels":[{"type":"textLabel","@id":207,"inputText":"3","labelStyle":53,"shape":null,"layoutText":null}],"mainLabel":207},"properties":{},"orientationAtVertex":"FREE","reference":null}],"properties":{},"reference":null}],"properties":{"id":"bf99349d9253b675031e67c85d56cee6","type":"device"},"reference":null},{"@id":208,"shape":{"type":"rect","xposition":"NaN","yposition":"NaN","width":"NaN","height":"NaN","shapeStyle":2},"labelManager":{"labels":[{"type":"textLabel","@id":209,"inputText":"Leo","labelStyle":4,"shape":null,"layoutText":null}],"mainLabel":209},"portCompositions":[{"type":"portGroup","@id":210,"ordered":false,"portCompositions":[{"type":"port","@id":211,"shape":{"type":"rect","xposition":"NaN","yposition":"NaN","width":"NaN","height":"NaN","shapeStyle":2},"labelManager":{"labels":[{"type":"textLabel","@id":212,"inputText":"5","labelStyle":4,"shape":null,"layoutText":null}],"mainLabel":212},"properties":{"id":"4e33f1772c066de8816295c67185baff"},"orientationAtVertex":"FREE","reference":null},{"type":"port","@id":213,"shape":{"type":"rect","xposition":"NaN","yposition":"NaN","width":"NaN","height":"NaN","shapeStyle":2},"labelManager":{"labels":[{"type":"textLabel","@id":214,"inputText":"2","labelStyle":4,"shape":null,"layoutText":null}],"mainLabel":214},"properties":{"id":"749ed9f33af6074396db2c9dac9f09a8"},"orientationAtVertex":"FREE","reference":null},{"type":"port","@id":215,"shape":{"type":"rect","xposition":"NaN","yposition":"NaN","width":"NaN","height":"NaN","shapeStyle":2},"labelManager":{"labels":[{"type":"textLabel","@id":216,"inputText":"6","labelStyle":4,"shape":null,"layoutText":null}],"mainLabel":216},"properties":{"id":"f983f7d6497570cc563570d206c2b8df"},"orientationAtVertex":"FREE","reference":null},{"type":"port","@id":217,"shape":{"type":"rect","xposition":"NaN","yposition":"NaN","width":"NaN","height":"NaN","shapeStyle":2},"labelManager":{"labels":[{"type":"textLabel","@id":218,"inputText":"1","labelStyle":4,"shape":null,"layoutText":null}],"mainLabel":218},"properties":{"id":"a0d94c626c67c9dfd9c178cfd7ecd5a4"},"orientationAtVertex":"FREE","reference":null},{"type":"port","@id":219,"shape":{"type":"rect","xposition":"NaN","yposition":"NaN","width":"NaN","height":"NaN","shapeStyle":2},"labelManager":{"labels":[{"type":"textLabel","@id":220,"inputText":"13","labelStyle":4,"shape":null,"layoutText":null}],"mainLabel":220},"properties":{"id":"8596d4eded6572ee1defcf8fceec9b51"},"orientationAtVertex":"FREE","reference":null},{"type":"port","@id":221,"shape":{"type":"rect","xposition":"NaN","yposition":"NaN","width":"NaN","height":"NaN","shapeStyle":2},"labelManager":{"labels":[{"type":"textLabel","@id":222,"inputText":"9","labelStyle":4,"shape":null,"layoutText":null}],"mainLabel":222},"properties":{"id":"9361196529e1daa38025832ee1c1ca69"},"orientationAtVertex":"FREE","reference":null},{"type":"port","@id":223,"shape":{"type":"rect","xposition":"NaN","yposition":"NaN","width":"NaN","height":"NaN","shapeStyle":2},"labelManager":{"labels":[{"type":"textLabel","@id":224,"inputText":"4","labelStyle":4,"shape":null,"layoutText":null}],"mainLabel":224},"properties":{"id":"c6013fed757fe288d28d127ab879de29"},"orientationAtVertex":"FREE","reference":null},{"type":"port","@id":225,"shape":{"type":"rect","xposition":"NaN","yposition":"NaN","width":"NaN","height":"NaN","shapeStyle":51},"labelManager":{"labels":[{"type":"textLabel","@id":226,"inputText":"10","labelStyle":53,"shape":null,"layoutText":null}],"mainLabel":226},"properties":{},"orientationAtVertex":"FREE","reference":null},{"type":"port","@id":227,"shape":{"type":"rect","xposition":"NaN","yposition":"NaN","width":"NaN","height":"NaN","shapeStyle":51},"labelManager":{"labels":[{"type":"textLabel","@id":228,"inputText":"11","labelStyle":53,"shape":null,"layoutText":null}],"mainLabel":228},"properties":{},"orientationAtVertex":"FREE","reference":null},{"type":"port","@id":229,"shape":{"type":"rect","xposition":"NaN","yposition":"NaN","width":"NaN","height":"NaN","shapeStyle":51},"labelManager":{"labels":[{"type":"textLabel","@id":230,"inputText":"8","labelStyle":53,"shape":null,"layoutText":null}],"mainLabel":230},"properties":{},"orientationAtVertex":"FREE","reference":null},{"type":"port","@id":231,"shape":{"type":"rect","xposition":"NaN","yposition":"NaN","width":"NaN","height":"NaN","shapeStyle":51},"labelManager":{"labels":[{"type":"textLabel","@id":232,"inputText":"7","labelStyle":53,"shape":null,"layoutText":null}],"mainLabel":232},"properties":{},"orientationAtVertex":"FREE","reference":null},{"type":"port","@id":233,"shape":{"type":"rect","xposition":"NaN","yposition":"NaN","width":"NaN","height":"NaN","shapeStyle":51},"labelManager":{"labels":[{"type":"textLabel","@id":234,"inputText":"12","labelStyle":53,"shape":null,"layoutText":null}],"mainLabel":234},"properties":{},"orientationAtVertex":"FREE","reference":null},{"type":"port","@id":235,"shape":{"type":"rect","xposition":"NaN","yposition":"NaN","width":"NaN","height":"NaN","shapeStyle":51},"labelManager":{"labels":[{"type":"textLabel","@id":236,"inputText":"3","labelStyle":53,"shape":null,"layoutText":null}],"mainLabel":236},"properties":{},"orientationAtVertex":"FREE","reference":null}],"properties":{},"reference":null}],"properties":{"id":"32fb6631712f6d10ff0219468c273ab2","type":"socket"},"reference":null},{"@id":237,"shape":{"type":"rect","xposition":"NaN","yposition":"NaN","width":"NaN","height":"NaN","shapeStyle":2},"labelManager":{"labels":[{"type":"textLabel","@id":238,"inputText":"Johannes","labelStyle":4,"shape":null,"layoutText":null}],"mainLabel":238},"portCompositions":[{"type":"portGroup","@id":239,"ordered":false,"portCompositions":[{"type":"port","@id":240,"shape":{"type":"rect","xposition":"NaN","yposition":"NaN","width":"NaN","height":"NaN","shapeStyle":2},"labelManager":{"labels":[{"type":"textLabel","@id":241,"inputText":"5","labelStyle":4,"shape":null,"layoutText":null}],"mainLabel":241},"properties":{"id":"dfef78032cc8d8b5cb6c16223bff0cf9"},"orientationAtVertex":"FREE","reference":null},{"type":"port","@id":242,"shape":{"type":"rect","xposition":"NaN","yposition":"NaN","width":"NaN","height":"NaN","shapeStyle":2},"labelManager":{"labels":[{"type":"textLabel","@id":243,"inputText":"1","labelStyle":4,"shape":null,"layoutText":null}],"mainLabel":243},"properties":{"id":"4b9c9f6d9fab31af95dd4a3a3e8b21d4"},"orientationAtVertex":"FREE","reference":null},{"type":"port","@id":244,"shape":{"type":"rect","xposition":"NaN","yposition":"NaN","width":"NaN","height":"NaN","shapeStyle":2},"labelManager":{"labels":[{"type":"textLabel","@id":245,"inputText":"2","labelStyle":4,"shape":null,"layoutText":null}],"mainLabel":245},"properties":{"id":"b121e550de54abd4b3e7f391961c68e7"},"orientationAtVertex":"FREE","reference":null},{"type":"port","@id":246,"shape":{"type":"rect","xposition":"NaN","yposition":"NaN","width":"NaN","height":"NaN","shapeStyle":2},"labelManager":{"labels":[{"type":"textLabel","@id":247,"inputText":"3","labelStyle":4,"shape":null,"layoutText":null}],"mainLabel":247},"properties":{"id":"c2468ce1a9dd9295a009d28949e14879"},"orientationAtVertex":"FREE","reference":null},{"type":"port","@id":248,"shape":{"type":"rect","xposition":"NaN","yposition":"NaN","width":"NaN","height":"NaN","shapeStyle":2},"labelManager":{"labels":[{"type":"textLabel","@id":249,"inputText":"4","labelStyle":4,"shape":null,"layoutText":null}],"mainLabel":249},"properties":{"id":"f279fa4952080a36ee30db6f8546f896"},"orientationAtVertex":"FREE","reference":null}],"properties":{},"reference":null}],"properties":{"id":"8196f4e00028668d1c2b643c7f02ee5b","type":"plug"},"reference":null},{"@id":250,"shape":{"type":"rect","xposition":"NaN","yposition":"NaN","width":"NaN","height":"NaN","shapeStyle":2},"labelManager":{"labels":[{"type":"textLabel","@id":251,"inputText":"Finn","labelStyle":4,"shape":null,"layoutText":null}],"mainLabel":251},"portCompositions":[{"type":"portGroup","@id":252,"ordered":false,"portCompositions":[{"type":"port","@id":253,"shape":{"type":"rect","xposition":"NaN","yposition":"NaN","width":"NaN","height":"NaN","shapeStyle":2},"labelManager":{"labels":[{"type":"textLabel","@id":254,"inputText":"5","labelStyle":4,"shape":null,"layoutText":null}],"mainLabel":254},"properties":{"id":"43db6ffdb62e0c47ee16195748a9ff40"},"orientationAtVertex":"FREE","reference":null},{"type":"port","@id":255,"shape":{"type":"rect","xposition":"NaN","yposition":"NaN","width":"NaN","height":"NaN","shapeStyle":2},"labelManager":{"labels":[{"type":"textLabel","@id":256,"inputText":"1","labelStyle":4,"shape":null,"layoutText":null}],"mainLabel":256},"properties":{"id":"1a1466cebbe669fb5b0437af3c9ffd78"},"orientationAtVertex":"FREE","reference":null},{"type":"port","@id":257,"shape":{"type":"rect","xposition":"NaN","yposition":"NaN","width":"NaN","height":"NaN","shapeStyle":2},"labelManager":{"labels":[{"type":"textLabel","@id":258,"inputText":"2","labelStyle":4,"shape":null,"layoutText":null}],"mainLabel":258},"properties":{"id":"5bcd3f3c1e3b8b845d91ca89732e53de"},"orientationAtVertex":"FREE","reference":null},{"type":"port","@id":259,"shape":{"type":"rect","xposition":"NaN","yposition":"NaN","width":"NaN","height":"NaN","shapeStyle":2},"labelManager":{"labels":[{"type":"textLabel","@id":260,"inputText":"3","labelStyle":4,"shape":null,"layoutText":null}],"mainLabel":260},"properties":{"id":"b8385ce10859695ddf2edc1a4c7f6870"},"orientationAtVertex":"FREE","reference":null},{"type":"port","@id":261,"shape":{"type":"rect","xposition":"NaN","yposition":"NaN","width":"NaN","height":"NaN","shapeStyle":2},"labelManager":{"labels":[{"type":"textLabel","@id":262,"inputText":"4","labelStyle":4,"shape":null,"layoutText":null}],"mainLabel":262},"properties":{"id":"76b898532ac9b43b0a674c37f7521ac7"},"orientationAtVertex":"FREE","reference":null}],"properties":{},"reference":null}],"properties":{"id":"dc90f2b88470ce34bb10b3607d949a45","type":"plug"},"reference":null},{"@id":263,"shape":{"type":"rect","xposition":"NaN","yposition":"NaN","width":"NaN","height":"NaN","shapeStyle":2},"labelManager":{"labels":[{"type":"textLabel","@id":264,"inputText":"Paul","labelStyle":4,"shape":null,"layoutText":null}],"mainLabel":264},"portCompositions":[{"type":"port","@id":265,"shape":{"type":"rect","xposition":"NaN","yposition":"NaN","width":"NaN","height":"NaN","shapeStyle":2},"labelManager":{"labels":[{"type":"textLabel","@id":266,"inputText":"1","labelStyle":4,"shape":null,"layoutText":null}],"mainLabel":266},"properties":{"id":"c5a6f28aa0b7d968604422d3f9f4c100"},"orientationAtVertex":"FREE","reference":null}],"properties":{"id":"19b16a0a50404eb3ad25c22e3d1559b9","type":"splice"},"reference":null},{"@id":267,"shape":{"type":"rect","xposition":"NaN","yposition":"NaN","width":"NaN","height":"NaN","shapeStyle":2},"labelManager":{"labels":[{"type":"textLabel","@id":268,"inputText":"Julius","labelStyle":4,"shape":null,"layoutText":null}],"mainLabel":268},"portCompositions":[{"type":"portGroup","@id":269,"ordered":false,"portCompositions":[{"type":"port","@id":270,"shape":{"type":"rect","xposition":"NaN","yposition":"NaN","width":"NaN","height":"NaN","shapeStyle":2},"labelManager":{"labels":[{"type":"textLabel","@id":271,"inputText":"1","labelStyle":4,"shape":null,"layoutText":null}],"mainLabel":271},"properties":{"id":"d2f769408dec1c86e286bfe28a8cd675"},"orientationAtVertex":"FREE","reference":null},{"type":"port","@id":272,"shape":{"type":"rect","xposition":"NaN","yposition":"NaN","width":"NaN","height":"NaN","shapeStyle":2},"labelManager":{"labels":[{"type":"textLabel","@id":273,"inputText":"2","labelStyle":4,"shape":null,"layoutText":null}],"mainLabel":273},"properties":{"id":"eee5dd649be332731679521924c9de4a"},"orientationAtVertex":"FREE","reference":null}],"properties":{},"reference":null}],"properties":{"id":"9a3fd4a18d0965e11f30327f37b567e7","type":"plug"},"reference":null},{"@id":274,"shape":{"type":"rect","xposition":"NaN","yposition":"NaN","width":"NaN","height":"NaN","shapeStyle":2},"labelManager":{"labels":[{"type":"textLabel","@id":275,"inputText":"Noah","labelStyle":4,"shape":null,"layoutText":null}],"mainLabel":275},"portCompositions":[{"type":"portGroup","@id":276,"ordered":false,"portCompositions":[{"type":"port","@id":277,"shape":{"type":"rect","xposition":"NaN","yposition":"NaN","width":"NaN","height":"NaN","shapeStyle":2},"labelManager":{"labels":[{"type":"textLabel","@id":278,"inputText":"1","labelStyle":4,"shape":null,"layoutText":null}],"mainLabel":278},"properties":{"id":"9ae1c61e422e1d1d3cedc62311cc9643"},"orientationAtVertex":"FREE","reference":null},{"type":"port","@id":279,"shape":{"type":"rect","xposition":"NaN","yposition":"NaN","width":"NaN","height":"NaN","shapeStyle":2},"labelManager":{"labels":[{"type":"textLabel","@id":280,"inputText":"2","labelStyle":4,"shape":null,"layoutText":null}],"mainLabel":280},"properties":{"id":"28610694471ed6283e579ff3329e8468"},"orientationAtVertex":"FREE","reference":null}],"properties":{},"reference":null}],"properties":{"id":"5e3162e9489e74ce8e46d74ec7f3736f","type":"plug"},"reference":null},{"@id":281,"shape":{"type":"rect","xposition":"NaN","yposition":"NaN","width":"NaN","height":"NaN","shapeStyle":2},"labelManager":{"labels":[{"type":"textLabel","@id":282,"inputText":"Tim","labelStyle":4,"shape":null,"layoutText":null}],"mainLabel":282},"portCompositions":[{"type":"portGroup","@id":283,"ordered":false,"portCompositions":[{"type":"port","@id":284,"shape":{"type":"rect","xposition":"NaN","yposition":"NaN","width":"NaN","height":"NaN","shapeStyle":2},"labelManager":{"labels":[{"type":"textLabel","@id":285,"inputText":"1","labelStyle":4,"shape":null,"layoutText":null}],"mainLabel":285},"properties":{"id":"842bbbec31cf3a0a19d5585c3af842e7"},"orientationAtVertex":"FREE","reference":null},{"type":"port","@id":286,"shape":{"type":"rect","xposition":"NaN","yposition":"NaN","width":"NaN","height":"NaN","shapeStyle":2},"labelManager":{"labels":[{"type":"textLabel","@id":287,"inputText":"4","labelStyle":4,"shape":null,"layoutText":null}],"mainLabel":287},"properties":{"id":"409680aabbf80c2d047942ec6b4c0f61"},"orientationAtVertex":"FREE","reference":null},{"type":"port","@id":288,"shape":{"type":"rect","xposition":"NaN","yposition":"NaN","width":"NaN","height":"NaN","shapeStyle":2},"labelManager":{"labels":[{"type":"textLabel","@id":289,"inputText":"6","labelStyle":4,"shape":null,"layoutText":null}],"mainLabel":289},"properties":{"id":"b13c7b17f5cd73fdc7d7c3710cd70970"},"orientationAtVertex":"FREE","reference":null},{"type":"port","@id":290,"shape":{"type":"rect","xposition":"NaN","yposition":"NaN","width":"NaN","height":"NaN","shapeStyle":2},"labelManager":{"labels":[{"type":"textLabel","@id":291,"inputText":"3","labelStyle":4,"shape":null,"layoutText":null}],"mainLabel":291},"properties":{"id":"ff328b00833b73d702042e25235f6df2"},"orientationAtVertex":"FREE","reference":null},{"type":"port","@id":292,"shape":{"type":"rect","xposition":"NaN","yposition":"NaN","width":"NaN","height":"NaN","shapeStyle":2},"labelManager":{"labels":[{"type":"textLabel","@id":293,"inputText":"7","labelStyle":4,"shape":null,"layoutText":null}],"mainLabel":293},"properties":{"id":"d95c8b9158c5724ab3bfd192af146ea3"},"orientationAtVertex":"FREE","reference":null},{"type":"port","@id":294,"shape":{"type":"rect","xposition":"NaN","yposition":"NaN","width":"NaN","height":"NaN","shapeStyle":2},"labelManager":{"labels":[{"type":"textLabel","@id":295,"inputText":"2","labelStyle":4,"shape":null,"layoutText":null}],"mainLabel":295},"properties":{"id":"208cf550d828ee0304abc65a0a7e8abe"},"orientationAtVertex":"FREE","reference":null},{"type":"port","@id":296,"shape":{"type":"rect","xposition":"NaN","yposition":"NaN","width":"NaN","height":"NaN","shapeStyle":51},"labelManager":{"labels":[{"type":"textLabel","@id":297,"inputText":"5","labelStyle":53,"shape":null,"layoutText":null}],"mainLabel":297},"properties":{},"orientationAtVertex":"FREE","reference":null}],"properties":{},"reference":null}],"properties":{"id":"0ba3ff0c7acbdef6fb6446dec124f27f","type":"plug"},"reference":null},{"@id":298,"shape":{"type":"rect","xposition":"NaN","yposition":"NaN","width":"NaN","height":"NaN","shapeStyle":2},"labelManager":{"labels":[{"type":"textLabel","@id":299,"inputText":"Leon","labelStyle":4,"shape":null,"layoutText":null}],"mainLabel":299},"portCompositions":[{"type":"portGroup","@id":300,"ordered":false,"portCompositions":[{"type":"port","@id":301,"shape":{"type":"rect","xposition":"NaN","yposition":"NaN","width":"NaN","height":"NaN","shapeStyle":2},"labelManager":{"labels":[{"type":"textLabel","@id":302,"inputText":"1","labelStyle":4,"shape":null,"layoutText":null}],"mainLabel":302},"properties":{"id":"ca9809761357d931bf3cdb8a3798c5e3"},"orientationAtVertex":"FREE","reference":null},{"type":"port","@id":303,"shape":{"type":"rect","xposition":"NaN","yposition":"NaN","width":"NaN","height":"NaN","shapeStyle":2},"labelManager":{"labels":[{"type":"textLabel","@id":304,"inputText":"4","labelStyle":4,"shape":null,"layoutText":null}],"mainLabel":304},"properties":{"id":"0103175e61f3cc512a13a7e8b255c0a6"},"orientationAtVertex":"FREE","reference":null},{"type":"port","@id":305,"shape":{"type":"rect","xposition":"NaN","yposition":"NaN","width":"NaN","height":"NaN","shapeStyle":2},"labelManager":{"labels":[{"type":"textLabel","@id":306,"inputText":"6","labelStyle":4,"shape":null,"layoutText":null}],"mainLabel":306},"properties":{"id":"ae05d1d6048a25ffa8c301966ce52581"},"orientationAtVertex":"FREE","reference":null},{"type":"port","@id":307,"shape":{"type":"rect","xposition":"NaN","yposition":"NaN","width":"NaN","height":"NaN","shapeStyle":2},"labelManager":{"labels":[{"type":"textLabel","@id":308,"inputText":"3","labelStyle":4,"shape":null,"layoutText":null}],"mainLabel":308},"properties":{"id":"b1423581feb71110b365800ec43043b9"},"orientationAtVertex":"FREE","reference":null},{"type":"port","@id":309,"shape":{"type":"rect","xposition":"NaN","yposition":"NaN","width":"NaN","height":"NaN","shapeStyle":2},"labelManager":{"labels":[{"type":"textLabel","@id":310,"inputText":"7","labelStyle":4,"shape":null,"layoutText":null}],"mainLabel":310},"properties":{"id":"2399380a3da8c61b2b248c137ccf41fd"},"orientationAtVertex":"FREE","reference":null},{"type":"port","@id":311,"shape":{"type":"rect","xposition":"NaN","yposition":"NaN","width":"NaN","height":"NaN","shapeStyle":2},"labelManager":{"labels":[{"type":"textLabel","@id":312,"inputText":"2","labelStyle":4,"shape":null,"layoutText":null}],"mainLabel":312},"properties":{"id":"724b9c9fe36ccfdfb670c15a8e1e15be"},"orientationAtVertex":"FREE","reference":null},{"type":"port","@id":313,"shape":{"type":"rect","xposition":"NaN","yposition":"NaN","width":"NaN","height":"NaN","shapeStyle":51},"labelManager":{"labels":[{"type":"textLabel","@id":314,"inputText":"5","labelStyle":53,"shape":null,"layoutText":null}],"mainLabel":314},"properties":{},"orientationAtVertex":"FREE","reference":null}],"properties":{},"reference":null}],"properties":{"id":"b80420527b359ea31d6b86b07b120eb0","type":"plug"},"reference":null},{"@id":315,"shape":{"type":"rect","xposition":"NaN","yposition":"NaN","width":"NaN","height":"NaN","shapeStyle":2},"labelManager":{"labels":[{"type":"textLabel","@id":316,"inputText":"Samuel","labelStyle":4,"shape":null,"layoutText":null}],"mainLabel":316},"portCompositions":[{"type":"port","@id":317,"shape":{"type":"rect","xposition":"NaN","yposition":"NaN","width":"NaN","height":"NaN","shapeStyle":2},"labelManager":{"labels":[{"type":"textLabel","@id":318,"inputText":"1","labelStyle":4,"shape":null,"layoutText":null}],"mainLabel":318},"properties":{"id":"71b6e8604657ac6de4c20bf01ad25690"},"orientationAtVertex":"FREE","reference":null}],"properties":{"id":"649ba12fd44ceb7c34a171960e1e973c","type":"splice"},"reference":null},{"@id":319,"shape":{"type":"rect","xposition":"NaN","yposition":"NaN","width":"NaN","height":"NaN","shapeStyle":2},"labelManager":{"labels":[{"type":"textLabel","@id":320,"inputText":"Vincent","labelStyle":4,"shape":null,"layoutText":null}],"mainLabel":320},"portCompositions":[{"type":"portGroup","@id":321,"ordered":false,"portCompositions":[{"type":"port","@id":322,"shape":{"type":"rect","xposition":"NaN","yposition":"NaN","width":"NaN","height":"NaN","shapeStyle":2},"labelManager":{"labels":[{"type":"textLabel","@id":323,"inputText":"1","labelStyle":4,"shape":null,"layoutText":null}],"mainLabel":323},"properties":{"id":"9eb44bc84bdde28af6feab3083e6d218"},"orientationAtVertex":"FREE","reference":null}],"properties":{},"reference":null}],"properties":{"id":"3205960c39468baa70066dd486c8e7d7","type":"plug"},"reference":null},{"@id":324,"shape":{"type":"rect","xposition":"NaN","yposition":"NaN","width":"NaN","height":"NaN","shapeStyle":2},"labelManager":{"labels":[{"type":"textLabel","@id":325,"inputText":"Anton","labelStyle":4,"shape":null,"layoutText":null}],"mainLabel":325},"portCompositions":[{"type":"portGroup","@id":326,"ordered":false,"portCompositions":[{"type":"port","@id":327,"shape":{"type":"rect","xposition":"NaN","yposition":"NaN","width":"NaN","height":"NaN","shapeStyle":2},"labelManager":{"labels":[{"type":"textLabel","@id":328,"inputText":"1","labelStyle":4,"shape":null,"layoutText":null}],"mainLabel":328},"properties":{"id":"a935cd7b98167dd678f70b940f65e1a1"},"orientationAtVertex":"FREE","reference":null}],"properties":{},"reference":null}],"properties":{"id":"02a48c79eb0dd6ba5549b73af4e76e78","type":"plug"},"reference":null},{"@id":329,"shape":{"type":"rect","xposition":"NaN","yposition":"NaN","width":"NaN","height":"NaN","shapeStyle":2},"labelManager":{"labels":[{"type":"textLabel","@id":330,"inputText":"Louis","labelStyle":4,"shape":null,"layoutText":null}],"mainLabel":330},"portCompositions":[{"type":"port","@id":331,"shape":{"type":"rect","xposition":"NaN","yposition":"NaN","width":"NaN","height":"NaN","shapeStyle":2},"labelManager":{"labels":[{"type":"textLabel","@id":332,"inputText":"1","labelStyle":4,"shape":null,"layoutText":null}],"mainLabel":332},"properties":{"id":"9cf66c29ac5a98ec0cb06a5be1888230"},"orientationAtVertex":"FREE","reference":null}],"properties":{"id":"36d7a1a47f1f4eab1003f4de075d4c77","type":"splice"},"reference":null},{"@id":333,"shape":{"type":"rect","xposition":"NaN","yposition":"NaN","width":"NaN","height":"NaN","shapeStyle":2},"labelManager":{"labels":[{"type":"textLabel","@id":334,"inputText":"Julian","labelStyle":4,"shape":null,"layoutText":null}],"mainLabel":334},"portCompositions":[{"type":"port","@id":335,"shape":{"type":"rect","xposition":"NaN","yposition":"NaN","width":"NaN","height":"NaN","shapeStyle":2},"labelManager":{"labels":[{"type":"textLabel","@id":336,"inputText":"1","labelStyle":4,"shape":null,"layoutText":null}],"mainLabel":336},"properties":{"id":"9a765c3acf74b2739054939a722c8af1"},"orientationAtVertex":"FREE","reference":null}],"properties":{"id":"02c1610a1561b306d6700a5b5fa6cd3c","type":"splice"},"reference":null},{"@id":337,"shape":{"type":"rect","xposition":"NaN","yposition":"NaN","width":"NaN","height":"NaN","shapeStyle":2},"labelManager":{"labels":[{"type":"textLabel","@id":338,"inputText":"Felix","labelStyle":4,"shape":null,"layoutText":null}],"mainLabel":338},"portCompositions":[{"type":"port","@id":339,"shape":{"type":"rect","xposition":"NaN","yposition":"NaN","width":"NaN","height":"NaN","shapeStyle":2},"labelManager":{"labels":[{"type":"textLabel","@id":340,"inputText":"1","labelStyle":4,"shape":null,"layoutText":null}],"mainLabel":340},"properties":{"id":"b54b38e8fe90b44b24513dd11af94a3c"},"orientationAtVertex":"FREE","reference":null}],"properties":{"id":"93956ff5867eba8ca08ec9a9b78811e7","type":"splice"},"reference":null},{"@id":341,"shape":{"type":"rect","xposition":"NaN","yposition":"NaN","width":"NaN","height":"NaN","shapeStyle":2},"labelManager":{"labels":[{"type":"textLabel","@id":342,"inputText":"Maximilian","labelStyle":4,"shape":null,"layoutText":null}],"mainLabel":342},"portCompositions":[{"type":"portGroup","@id":343,"ordered":false,"portCompositions":[{"type":"port","@id":344,"shape":{"type":"rect","xposition":"NaN","yposition":"NaN","width":"NaN","height":"NaN","shapeStyle":51},"labelManager":{"labels":[{"type":"textLabel","@id":345,"inputText":"1","labelStyle":53,"shape":null,"layoutText":null}],"mainLabel":345},"properties":{},"orientationAtVertex":"FREE","reference":null},{"type":"port","@id":346,"shape":{"type":"rect","xposition":"NaN","yposition":"NaN","width":"NaN","height":"NaN","shapeStyle":51},"labelManager":{"labels":[{"type":"textLabel","@id":347,"inputText":"2","labelStyle":53,"shape":null,"layoutText":null}],"mainLabel":347},"properties":{},"orientationAtVertex":"FREE","reference":null}],"properties":{},"reference":null},{"type":"portGroup","@id":348,"ordered":false,"portCompositions":[{"type":"port","@id":349,"shape":{"type":"rect","xposition":"NaN","yposition":"NaN","width":"NaN","height":"NaN","shapeStyle":2},"labelManager":{"labels":[{"type":"textLabel","@id":350,"inputText":"3","labelStyle":4,"shape":null,"layoutText":null}],"mainLabel":350},"properties":{"id":"6fce69b4736cb1b186014e57d6ee9461"},"orientationAtVertex":"FREE","reference":null}],"properties":{},"reference":null}],"properties":{"id":"3c2561164f7f59db1eda25ea603887eb","type":"device"},"reference":null},{"@id":351,"shape":{"type":"rect","xposition":"NaN","yposition":"NaN","width":"NaN","height":"NaN","shapeStyle":2},"labelManager":{"labels":[{"type":"textLabel","@id":352,"inputText":"Jakob","labelStyle":4,"shape":null,"layoutText":null}],"mainLabel":352},"portCompositions":[{"type":"portGroup","@id":353,"ordered":false,"portCompositions":[{"type":"port","@id":354,"shape":{"type":"rect","xposition":"NaN","yposition":"NaN","width":"NaN","height":"NaN","shapeStyle":2},"labelManager":{"labels":[{"type":"textLabel","@id":355,"inputText":"3","labelStyle":4,"shape":null,"layoutText":null}],"mainLabel":355},"properties":{"id":"fb00c9b3561d091cdffb3bb637104d55"},"orientationAtVertex":"FREE","reference":null},{"type":"port","@id":356,"shape":{"type":"rect","xposition":"NaN","yposition":"NaN","width":"NaN","height":"NaN","shapeStyle":51},"labelManager":{"labels":[{"type":"textLabel","@id":357,"inputText":"1","labelStyle":53,"shape":null,"layoutText":null}],"mainLabel":357},"properties":{},"orientationAtVertex":"FREE","reference":null},{"type":"port","@id":358,"shape":{"type":"rect","xposition":"NaN","yposition":"NaN","width":"NaN","height":"NaN","shapeStyle":51},"labelManager":{"labels":[{"type":"textLabel","@id":359,"inputText":"2","labelStyle":53,"shape":null,"layoutText":null}],"mainLabel":359},"properties":{},"orientationAtVertex":"FREE","reference":null}],"properties":{},"reference":null}],"properties":{"id":"f34fb103f9b7347dd12ad1d5ea107dba","type":"socket"},"reference":null},{"@id":360,"shape":{"type":"rect","xposition":"NaN","yposition":"NaN","width":"NaN","height":"NaN","shapeStyle":2},"labelManager":{"labels":[{"type":"textLabel","@id":361,"inputText":"Jonathan","labelStyle":4,"shape":null,"layoutText":null}],"mainLabel":361},"portCompositions":[{"type":"portGroup","@id":362,"ordered":false,"portCompositions":[{"type":"port","@id":363,"shape":{"type":"rect","xposition":"NaN","yposition":"NaN","width":"NaN","height":"NaN","shapeStyle":2},"labelManager":{"labels":[{"type":"textLabel","@id":364,"inputText":"1","labelStyle":4,"shape":null,"layoutText":null}],"mainLabel":364},"properties":{"id":"597df02c9c92fe8e2b7503e14f8bff1d"},"orientationAtVertex":"FREE","reference":null},{"type":"port","@id":365,"shape":{"type":"rect","xposition":"NaN","yposition":"NaN","width":"NaN","height":"NaN","shapeStyle":2},"labelManager":{"labels":[{"type":"textLabel","@id":366,"inputText":"8","labelStyle":4,"shape":null,"layoutText":null}],"mainLabel":366},"properties":{"id":"17c4a27075ddb4c690c27ecb2818d0c8"},"orientationAtVertex":"FREE","reference":null},{"type":"port","@id":367,"shape":{"type":"rect","xposition":"NaN","yposition":"NaN","width":"NaN","height":"NaN","shapeStyle":2},"labelManager":{"labels":[{"type":"textLabel","@id":368,"inputText":"7","labelStyle":4,"shape":null,"layoutText":null}],"mainLabel":368},"properties":{"id":"c2e313c9d753af26490ae6251f4bceb6"},"orientationAtVertex":"FREE","reference":null},{"type":"port","@id":369,"shape":{"type":"rect","xposition":"NaN","yposition":"NaN","width":"NaN","height":"NaN","shapeStyle":2},"labelManager":{"labels":[{"type":"textLabel","@id":370,"inputText":"3","labelStyle":4,"shape":null,"layoutText":null}],"mainLabel":370},"properties":{"id":"0b55ee4f9f915e8e57078cfa4263539e"},"orientationAtVertex":"FREE","reference":null},{"type":"port","@id":371,"shape":{"type":"rect","xposition":"NaN","yposition":"NaN","width":"NaN","height":"NaN","shapeStyle":2},"labelManager":{"labels":[{"type":"textLabel","@id":372,"inputText":"4","labelStyle":4,"shape":null,"layoutText":null}],"mainLabel":372},"properties":{"id":"31ad04ac22a90d2741735c757dd60ae3"},"orientationAtVertex":"FREE","reference":null},{"type":"port","@id":373,"shape":{"type":"rect","xposition":"NaN","yposition":"NaN","width":"NaN","height":"NaN","shapeStyle":51},"labelManager":{"labels":[{"type":"textLabel","@id":374,"inputText":"5","labelStyle":53,"shape":null,"layoutText":null}],"mainLabel":374},"properties":{},"orientationAtVertex":"FREE","reference":null},{"type":"port","@id":375,"shape":{"type":"rect","xposition":"NaN","yposition":"NaN","width":"NaN","height":"NaN","shapeStyle":51},"labelManager":{"labels":[{"type":"textLabel","@id":376,"inputText":"6","labelStyle":53,"shape":null,"layoutText":null}],"mainLabel":376},"properties":{},"orientationAtVertex":"FREE","reference":null},{"type":"port","@id":377,"shape":{"type":"rect","xposition":"NaN","yposition":"NaN","width":"NaN","height":"NaN","shapeStyle":51},"labelManager":{"labels":[{"type":"textLabel","@id":378,"inputText":"12","labelStyle":53,"shape":null,"layoutText":null}],"mainLabel":378},"properties":{},"orientationAtVertex":"FREE","reference":null},{"type":"port","@id":379,"shape":{"type":"rect","xposition":"NaN","yposition":"NaN","width":"NaN","height":"NaN","shapeStyle":51},"labelManager":{"labels":[{"type":"textLabel","@id":380,"inputText":"11","labelStyle":53,"shape":null,"layoutText":null}],"mainLabel":380},"properties":{},"orientationAtVertex":"FREE","reference":null},{"type":"port","@id":381,"shape":{"type":"rect","xposition":"NaN","yposition":"NaN","width":"NaN","height":"NaN","shapeStyle":51},"labelManager":{"labels":[{"type":"textLabel","@id":382,"inputText":"2","labelStyle":53,"shape":null,"layoutText":null}],"mainLabel":382},"properties":{},"orientationAtVertex":"FREE","reference":null},{"type":"port","@id":383,"shape":{"type":"rect","xposition":"NaN","yposition":"NaN","width":"NaN","height":"NaN","shapeStyle":51},"labelManager":{"labels":[{"type":"textLabel","@id":384,"inputText":"9","labelStyle":53,"shape":null,"layoutText":null}],"mainLabel":384},"properties":{},"orientationAtVertex":"FREE","reference":null},{"type":"port","@id":385,"shape":{"type":"rect","xposition":"NaN","yposition":"NaN","width":"NaN","height":"NaN","shapeStyle":51},"labelManager":{"labels":[{"type":"textLabel","@id":386,"inputText":"10","labelStyle":53,"shape":null,"layoutText":null}],"mainLabel":386},"properties":{},"orientationAtVertex":"FREE","reference":null}],"properties":{},"reference":null}],"properties":{"id":"213919033f17baa06d0598488543d2a7","type":"device"},"reference":null},{"@id":387,"shape":{"type":"rect","xposition":"NaN","yposition":"NaN","width":"NaN","height":"NaN","shapeStyle":2},"labelManager":{"labels":[{"type":"textLabel","@id":388,"inputText":"Gabriel","labelStyle":4,"shape":null,"layoutText":null}],"mainLabel":388},"portCompositions":[{"type":"portGroup","@id":389,"ordered":false,"portCompositions":[{"type":"port","@id":390,"shape":{"type":"rect","xposition":"NaN","yposition":"NaN","width":"NaN","height":"NaN","shapeStyle":2},"labelManager":{"labels":[{"type":"textLabel","@id":391,"inputText":"1","labelStyle":4,"shape":null,"layoutText":null}],"mainLabel":391},"properties":{"id":"99b6e6015bd46a9a8c330dd4dded2c29"},"orientationAtVertex":"FREE","reference":null},{"type":"port","@id":392,"shape":{"type":"rect","xposition":"NaN","yposition":"NaN","width":"NaN","height":"NaN","shapeStyle":2},"labelManager":{"labels":[{"type":"textLabel","@id":393,"inputText":"8","labelStyle":4,"shape":null,"layoutText":null}],"mainLabel":393},"properties":{"id":"b71bd4866ae60af1f0cf50b821dd2a0f"},"orientationAtVertex":"FREE","reference":null},{"type":"port","@id":394,"shape":{"type":"rect","xposition":"NaN","yposition":"NaN","width":"NaN","height":"NaN","shapeStyle":2},"labelManager":{"labels":[{"type":"textLabel","@id":395,"inputText":"7","labelStyle":4,"shape":null,"layoutText":null}],"mainLabel":395},"properties":{"id":"9c5699034e4785157a07c7ed847808cc"},"orientationAtVertex":"FREE","reference":null},{"type":"port","@id":396,"shape":{"type":"rect","xposition":"NaN","yposition":"NaN","width":"NaN","height":"NaN","shapeStyle":2},"labelManager":{"labels":[{"type":"textLabel","@id":397,"inputText":"3","labelStyle":4,"shape":null,"layoutText":null}],"mainLabel":397},"properties":{"id":"951c99f0d31dfc6153dff2ca30eedf92"},"orientationAtVertex":"FREE","reference":null},{"type":"port","@id":398,"shape":{"type":"rect","xposition":"NaN","yposition":"NaN","width":"NaN","height":"NaN","shapeStyle":2},"labelManager":{"labels":[{"type":"textLabel","@id":399,"inputText":"4","labelStyle":4,"shape":null,"layoutText":null}],"mainLabel":399},"properties":{"id":"d94829abb0a3dbe4fb92f01aa3a7f8a5"},"orientationAtVertex":"FREE","reference":null},{"type":"port","@id":400,"shape":{"type":"rect","xposition":"NaN","yposition":"NaN","width":"NaN","height":"NaN","shapeStyle":51},"labelManager":{"labels":[{"type":"textLabel","@id":401,"inputText":"11","labelStyle":53,"shape":null,"layoutText":null}],"mainLabel":401},"properties":{},"orientationAtVertex":"FREE","reference":null},{"type":"port","@id":402,"shape":{"type":"rect","xposition":"NaN","yposition":"NaN","width":"NaN","height":"NaN","shapeStyle":51},"labelManager":{"labels":[{"type":"textLabel","@id":403,"inputText":"2","labelStyle":53,"shape":null,"layoutText":null}],"mainLabel":403},"properties":{},"orientationAtVertex":"FREE","reference":null},{"type":"port","@id":404,"shape":{"type":"rect","xposition":"NaN","yposition":"NaN","width":"NaN","height":"NaN","shapeStyle":51},"labelManager":{"labels":[{"type":"textLabel","@id":405,"inputText":"10","labelStyle":53,"shape":null,"layoutText":null}],"mainLabel":405},"properties":{},"orientationAtVertex":"FREE","reference":null}],"properties":{},"reference":null}],"properties":{"id":"87a88e372e235e47cdd020357e2de12d","type":"socket"},"reference":null},{"@id":406,"shape":null,"labelManager":{"labels":[{"type":"textLabel","@id":407,"inputText":"Mats","labelStyle":53,"shape":null,"layoutText":null}],"mainLabel":407},"portCompositions":[{"type":"portGroup","@id":408,"ordered":false,"portCompositions":[{"type":"port","@id":409,"shape":{"type":"rect","xposition":"NaN","yposition":"NaN","width":"NaN","height":"NaN","shapeStyle":51},"labelManager":{"labels":[{"type":"textLabel","@id":410,"inputText":"5","labelStyle":53,"shape":null,"layoutText":null}],"mainLabel":410},"properties":{},"orientationAtVertex":"FREE","reference":null}],"properties":{},"reference":null}],"properties":{},"reference":null},{"@id":411,"shape":null,"labelManager":{"labels":[{"type":"textLabel","@id":412,"inputText":"Moritz","labelStyle":53,"shape":null,"layoutText":null}],"mainLabel":412},"portCompositions":[{"type":"portGroup","@id":413,"ordered":false,"portCompositions":[{"type":"port","@id":414,"shape":{"type":"rect","xposition":"NaN","yposition":"NaN","width":"NaN","height":"NaN","shapeStyle":51},"labelManager":{"labels":[{"type":"textLabel","@id":415,"inputText":"6","labelStyle":53,"shape":null,"layoutText":null}],"mainLabel":415},"properties":{},"orientationAtVertex":"FREE","reference":null}],"properties":{},"reference":null}],"properties":{},"reference":null},{"@id":416,"shape":null,"labelManager":{"labels":[{"type":"textLabel","@id":417,"inputText":"Jan","labelStyle":53,"shape":null,"layoutText":null}],"mainLabel":417},"portCompositions":[{"type":"portGroup","@id":418,"ordered":false,"portCompositions":[{"type":"port","@id":419,"shape":{"type":"rect","xposition":"NaN","yposition":"NaN","width":"NaN","height":"NaN","shapeStyle":51},"labelManager":{"labels":[{"type":"textLabel","@id":420,"inputText":"12","labelStyle":53,"shape":null,"layoutText":null}],"mainLabel":420},"properties":{},"orientationAtVertex":"FREE","reference":null},{"type":"port","@id":421,"shape":{"type":"rect","xposition":"NaN","yposition":"NaN","width":"NaN","height":"NaN","shapeStyle":51},"labelManager":{"labels":[{"type":"textLabel","@id":422,"inputText":"9","labelStyle":53,"shape":null,"layoutText":null}],"mainLabel":422},"properties":{},"orientationAtVertex":"FREE","reference":null}],"properties":{},"reference":null}],"properties":{},"reference":null}],"vertexGroups":[{"@id":423,"drawnFrame":false,"labelManager":{"labels":[],"mainLabel":null},"shape":null,"containedVertices":[1,8],"containedVertexGroups":[],"touchingPairs":[{"vertex0":1,"horizontalPlacementVertex0":"FREE","verticalPlacementVertex0":"TOP","vertex1":8,"horizontalPlacementVertex1":"FREE","verticalPlacementVertex1":"FREE"}],"portPairings":[{"port0":6,"port1":11}],"properties":{},"reference":null},{"@id":424,"drawnFrame":false,"labelManager":{"labels":[],"mainLabel":null},"shape":null,"containedVertices":[13,18],"containedVertexGroups":[],"touchingPairs":[{"vertex0":13,"horizontalPlacementVertex0":"FREE","verticalPlacementVertex0":"TOP","vertex1":18,"horizontalPlacementVertex1":"FREE","verticalPlacementVertex1":"FREE"}],"portPairings":[{"port0":16,"port1":21}],"properties":{},"reference":null},{"@id":425,"drawnFrame":false,"labelManager":{"labels":[],"mainLabel":null},"shape":null,"containedVertices":[27,58],"containedVertexGroups":[],"touchingPairs":[{"vertex0":27,"horizontalPlacementVertex0":"FREE","verticalPlacementVertex0":"TOP","vertex1":58,"horizontalPlacementVertex1":"FREE","verticalPlacementVertex1":"FREE"}],"portPairings":[{"port0":38,"port1":69},{"port0":40,"port1":71},{"port0":46,"port1":77},{"port0":36,"port1":67},{"port0":44,"port1":75},{"port0":32,"port1":63},{"port0":42,"port1":73},{"port0":48,"port1":79},{"port0":30,"port1":61},{"port0":34,"port1":65},{"port0":50,"port1":81},{"port0":54,"port1":83},{"port0":56,"port1":85}],"properties":{},"reference":null},{"@id":426,"drawnFrame":false,"labelManager":{"labels":[],"mainLabel":null},"shape":null,"containedVertices":[87,96],"containedVertexGroups":[],"touchingPairs":[{"vertex0":87,"horizontalPlacementVertex0":"FREE","verticalPlacementVertex0":"TOP","vertex1":96,"horizontalPlacementVertex1":"FREE","verticalPlacementVertex1":"FREE"}],"portPairings":[{"port0":90,"port1":99},{"port0":92,"port1":101},{"port0":94,"port1":103}],"properties":{},"reference":null},{"@id":427,"drawnFrame":false,"labelManager":{"labels":[],"mainLabel":null},"shape":null,"containedVertices":[109,140],"containedVertexGroups":[],"touchingPairs":[{"vertex0":109,"horizontalPlacementVertex0":"FREE","verticalPlacementVertex0":"TOP","vertex1":140,"horizontalPlacementVertex1":"FREE","verticalPlacementVertex1":"FREE"}],"portPairings":[{"port0":120,"port1":151},{"port0":118,"port1":149},{"port0":124,"port1":155},{"port0":116,"port1":147},{"port0":122,"port1":153},{"port0":112,"port1":143},{"port0":114,"port1":145},{"port0":126,"port1":157},{"port0":128,"port1":159},{"port0":130,"port1":161},{"port0":132,"port1":163},{"port0":134,"port1":165},{"port0":136,"port1":167},{"port0":138,"port1":169}],"properties":{},"reference":null},{"@id":428,"drawnFrame":false,"labelManager":{"labels":[],"mainLabel":null},"shape":null,"containedVertices":[179,208],"containedVertexGroups":[],"touchingPairs":[{"vertex0":179,"horizontalPlacementVertex0":"FREE","verticalPlacementVertex0":"TOP","vertex1":208,"horizontalPlacementVertex1":"FREE","verticalPlacementVertex1":"FREE"}],"portPairings":[{"port0":184,"port1":213},{"port0":186,"port1":215},{"port0":194,"port1":223},{"port0":190,"port1":219},{"port0":192,"port1":221},{"port0":182,"port1":211},{"port0":188,"port1":217},{"port0":196,"port1":225},{"port0":198,"port1":227},{"port0":200,"port1":229},{"port0":202,"port1":231},{"port0":204,"port1":233},{"port0":206,"port1":235}],"properties":{},"reference":null},{"@id":429,"drawnFrame":false,"labelManager":{"labels":[],"mainLabel":null},"shape":null,"containedVertices":[237,250],"containedVertexGroups":[],"touchingPairs":[{"vertex0":237,"horizontalPlacementVertex0":"FREE","verticalPlacementVertex0":"TOP","vertex1":250,"horizontalPlacementVertex1":"FREE","verticalPlacementVertex1":"FREE"}],"portPairings":[{"port0":240,"port1":253},{"port0":244,"port1":257},{"port0":248,"port1":261},{"port0":246,"port1":259},{"port0":242,"port1":255}],"properties":{},"reference":null},{"@id":430,"drawnFrame":false,"labelManager":{"labels":[],"mainLabel":null},"shape":null,"containedVertices":[267,274],"containedVertexGroups":[],"touchingPairs":[{"vertex0":267,"horizontalPlacementVertex0":"FREE","verticalPlacementVertex0":"TOP","vertex1":274,"horizontalPlacementVertex1":"FREE","verticalPlacementVertex1":"FREE"}],"portPairings":[{"port0":272,"port1":279},{"port0":270,"port1":277}],"properties":{},"reference":null},{"@id":431,"drawnFrame":false,"labelManager":{"labels":[],"mainLabel":null},"shape":null,"containedVertices":[281,298],"containedVertexGroups":[],"touchingPairs":[{"vertex0":281,"horizontalPlacementVertex0":"FREE","verticalPlacementVertex0":"TOP","vertex1":298,"horizontalPlacementVertex1":"FREE","verticalPlacementVertex1":"FREE"}],"portPairings":[{"port0":288,"port1":305},{"port0":286,"port1":303},{"port0":294,"port1":311},{"port0":292,"port1":309},{"port0":284,"port1":301},{"port0":290,"port1":307},{"port0":296,"port1":313}],"properties":{},"reference":null},{"@id":432,"drawnFrame":false,"labelManager":{"labels":[],"mainLabel":null},"shape":null,"containedVertices":[319,324],"containedVertexGroups":[],"touchingPairs":[{"vertex0":319,"horizontalPlacementVertex0":"FREE","verticalPlacementVertex0":"TOP","vertex1":324,"horizontalPlacementVertex1":"FREE","verticalPlacementVertex1":"FREE"}],"portPairings":[{"port0":322,"port1":327}],"properties":{},"reference":null},{"@id":433,"drawnFrame":false,"labelManager":{"labels":[],"mainLabel":null},"shape":null,"containedVertices":[341,351],"containedVertexGroups":[],"touchingPairs":[{"vertex0":341,"horizontalPlacementVertex0":"FREE","verticalPlacementVertex0":"TOP","vertex1":351,"horizontalPlacementVertex1":"FREE","verticalPlacementVertex1":"FREE"}],"portPairings":[{"port0":349,"port1":354},{"port0":344,"port1":356},{"port0":346,"port1":358}],"properties":{},"reference":null},{"@id":434,"drawnFrame":false,"labelManager":{"labels":[],"mainLabel":null},"shape":null,"containedVertices":[360,387,406,411,416],"containedVertexGroups":[],"touchingPairs":[{"vertex0":360,"horizontalPlacementVertex0":"FREE","verticalPlacementVertex0":"TOP","vertex1":387,"horizontalPlacementVertex1":"FREE","verticalPlacementVertex1":"FREE"},{"vertex0":360,"horizontalPlacementVertex0":"FREE","verticalPlacementVertex0":"FREE","vertex1":406,"horizontalPlacementVertex1":"FREE","verticalPlacementVertex1":"FREE"},{"vertex0":360,"horizontalPlacementVertex0":"FREE","verticalPlacementVertex0":"FREE","vertex1":411,"horizontalPlacementVertex1":"FREE","verticalPlacementVertex1":"FREE"},{"vertex0":360,"horizontalPlacementVertex0":"FREE","verticalPlacementVertex0":"FREE","vertex1":416,"horizontalPlacementVertex1":"FREE","verticalPlacementVertex1":"FREE"}],"portPairings":[{"port0":365,"port1":392},{"port0":367,"port1":394},{"port0":363,"port1":390},{"port0":369,"port1":396},{"port0":371,"port1":398},{"port0":373,"port1":409},{"port0":375,"port1":414},{"port0":377,"port1":419},{"port0":379,"port1":400},{"port0":381,"port1":402},{"port0":383,"port1":421},{"port0":385,"port1":404}],"properties":{},"reference":null}],"edges":[{"@id":435,"ports":[177,327,270],"labelManager":{"innerLabels":[{"type":"textLabel","@id":436,"inputText":"Noel","labelStyle":4,"shape":null,"layoutText":null}],"allPortLabels":[],"mainLabel":436},"pathStyle":{"@id":437,"description":"default path style","thickness":-1.0,"color":{"argb":"ff000000"}},"paths":[],"properties":{"id":"324fc0454469d959d7d3f64c255a3352"},"reference":null},{"@id":438,"ports":[284,155],"labelManager":{"innerLabels":[{"type":"textLabel","@id":439,"inputText":"Matteo","labelStyle":4,"shape":null,"layoutText":null}],"allPortLabels":[],"mainLabel":439},"pathStyle":437,"paths":[],"properties":{"id":"d39da75f4c79feef8ce06c972f40c193"},"reference":null},{"@id":440,"ports":[301,242],"labelManager":{"innerLabels":[{"type":"textLabel","@id":441,"inputText":"Jona","labelStyle":4,"shape":null,"layoutText":null}],"allPortLabels":[],"mainLabel":441},"pathStyle":437,"paths":[],"properties":{"id":"be8f18c3f1fbc13c70a7d69ee108649a"},"reference":null},{"@id":442,"ports":[290,143],"labelManager":{"innerLabels":[{"type":"textLabel","@id":443,"inputText":"Ferdinand","labelStyle":4,"shape":null,"layoutText":null}],"allPortLabels":[],"mainLabel":443},"pathStyle":437,"paths":[],"properties":{"id":"0a023386d9bafd6214dc360c3d9471e2"},"reference":null},{"@id":444,"ports":[217,48],"labelManager":{"innerLabels":[{"type":"textLabel","@id":445,"inputText":"Liam","labelStyle":4,"shape":null,"layoutText":null}],"allPortLabels":[],"mainLabel":445},"pathStyle":437,"paths":[],"properties":{"id":"38df857105638853c9b503234872318d"},"reference":null},{"@id":446,"ports":[157,63],"labelManager":{"innerLabels":[{"type":"textLabel","@id":447,"inputText":"Joshua","labelStyle":4,"shape":null,"layoutText":null}],"allPortLabels":[],"mainLabel":447},"pathStyle":437,"paths":[],"properties":{"id":"6e9bdc7d43c02db59d3df9992cff25f3"},"reference":null},{"@id":448,"ports":[307,244],"labelManager":{"innerLabels":[{"type":"textLabel","@id":449,"inputText":"Erik","labelStyle":4,"shape":null,"layoutText":null}],"allPortLabels":[],"mainLabel":449},"pathStyle":437,"paths":[],"properties":{"id":"ace5fd61ebdec5b6a6f59ff58cfb9dff"},"reference":null},{"@id":450,"ports":[303,240],"labelManager":{"innerLabels":[{"type":"textLabel","@id":451,"inputText":"Florian","labelStyle":4,"shape":null,"layoutText":null}],"allPortLabels":[],"mainLabel":451},"pathStyle":437,"paths":[],"properties":{"id":"c95878417ae708bff96d3fece856f1ec"},"reference":null},{"@id":452,"ports":[223,46],"labelManager":{"innerLabels":[{"type":"textLabel","@id":453,"inputText":"Benedikt","labelStyle":4,"shape":null,"layoutText":null}],"allPortLabels":[],"mainLabel":453},"pathStyle":437,"paths":[],"properties":{"id":"5b1c1f60ab045210aa94b32a7c075f5a"},"reference":null},{"@id":454,"ports":[219,335],"labelManager":{"innerLabels":[{"type":"textLabel","@id":455,"inputText":"Peter","labelStyle":4,"shape":null,"layoutText":null}],"allPortLabels":[],"mainLabel":455},"pathStyle":437,"paths":[],"properties":{"id":"19cfe4d73d17a5f120f6ee30bf44cec7"},"reference":null},{"@id":456,"ports":[255,259,25],"labelManager":{"innerLabels":[{"type":"textLabel","@id":457,"inputText":"Can","labelStyle":4,"shape":null,"layoutText":null}],"allPortLabels":[],"mainLabel":457},"pathStyle":437,"paths":[],"properties":{"id":"b2883b66a66d153630477cc1d2d2f89e"},"reference":null},{"@id":458,"ports":[257,173,253],"labelManager":{"innerLabels":[{"type":"textLabel","@id":459,"inputText":"Hannes","labelStyle":4,"shape":null,"layoutText":null}],"allPortLabels":[],"mainLabel":459},"pathStyle":437,"paths":[],"properties":{"id":"523d659e8c78273793e4214b8ef1f9a1"},"reference":null},{"@id":460,"ports":[309,92],"labelManager":{"innerLabels":[{"type":"textLabel","@id":461,"inputText":"Christian","labelStyle":4,"shape":null,"layoutText":null}],"allPortLabels":[],"mainLabel":461},"pathStyle":437,"paths":[],"properties":{"id":"cd60e633b659075a8bcda9ff20a7a2a5"},"reference":null},{"@id":462,"ports":[221,44],"labelManager":{"innerLabels":[{"type":"textLabel","@id":463,"inputText":"Konstantin","labelStyle":4,"shape":null,"layoutText":null}],"allPortLabels":[],"mainLabel":463},"pathStyle":437,"paths":[],"properties":{"id":"4976fbccff6832bef80cbe7d7631c463"},"reference":null},{"@id":464,"ports":[277,279],"labelManager":{"innerLabels":[{"type":"textLabel","@id":465,"inputText":"Daniel","labelStyle":4,"shape":null,"layoutText":null}],"allPortLabels":[],"mainLabel":465},"pathStyle":437,"paths":[],"properties":{"id":"0b20482f6575c79ab22b978587cffa47"},"reference":null},{"@id":466,"ports":[392,32],"labelManager":{"innerLabels":[{"type":"textLabel","@id":467,"inputText":"Friedrich","labelStyle":4,"shape":null,"layoutText":null}],"allPortLabels":[],"mainLabel":467},"pathStyle":437,"paths":[],"properties":{"id":"036ebf63a302054dbab07be90198e8a5"},"reference":null},{"@id":468,"ports":[21,261,317],"labelManager":{"innerLabels":[{"type":"textLabel","@id":469,"inputText":"Josef","labelStyle":4,"shape":null,"layoutText":null}],"allPortLabels":[],"mainLabel":469},"pathStyle":437,"paths":[],"properties":{"id":"18481b0423468d04a140bf52d477c79e"},"reference":null},{"@id":470,"ports":[38,335],"labelManager":{"innerLabels":[{"type":"textLabel","@id":471,"inputText":"Joel","labelStyle":4,"shape":null,"layoutText":null}],"allPortLabels":[],"mainLabel":471},"pathStyle":437,"paths":[],"properties":{"id":"8ff883d34746afdc6b964bdf2fd11b88"},"reference":null},{"@id":472,"ports":[75,294],"labelManager":{"innerLabels":[{"type":"textLabel","@id":473,"inputText":"Fynn","labelStyle":4,"shape":null,"layoutText":null}],"allPortLabels":[],"mainLabel":473},"pathStyle":437,"paths":[],"properties":{"id":"65ffe6b04c55364dfd2504e218729819"},"reference":null},{"@id":474,"ports":[34,398],"labelManager":{"innerLabels":[{"type":"textLabel","@id":475,"inputText":"Nick","labelStyle":4,"shape":null,"layoutText":null}],"allPortLabels":[],"mainLabel":475},"pathStyle":437,"paths":[],"properties":{"id":"7285d53d0bfba2a14d98b6fbc290125e"},"reference":null},{"@id":476,"ports":[305,246],"labelManager":{"innerLabels":[{"type":"textLabel","@id":477,"inputText":"Simon","labelStyle":4,"shape":null,"layoutText":null}],"allPortLabels":[],"mainLabel":477},"pathStyle":437,"paths":[],"properties":{"id":"52f4082502c97cc7472bcdc6d1357397"},"reference":null},{"@id":478,"ports":[311,322],"labelManager":{"innerLabels":[{"type":"textLabel","@id":479,"inputText":"Karl","labelStyle":4,"shape":null,"layoutText":null}],"allPortLabels":[],"mainLabel":479},"pathStyle":437,"paths":[],"properties":{"id":"8e80fae907dd8d01b533207a5d36105b"},"reference":null},{"@id":480,"ports":[335,396],"labelManager":{"innerLabels":[{"type":"textLabel","@id":481,"inputText":"Milan","labelStyle":4,"shape":null,"layoutText":null}],"allPortLabels":[],"mainLabel":481},"pathStyle":437,"paths":[],"properties":{"id":"d4e5db0eaa2cb6207e8eb2d7087de0d0"},"reference":null},{"@id":482,"ports":[71,147],"labelManager":{"innerLabels":[{"type":"textLabel","@id":483,"inputText":"Linus","labelStyle":4,"shape":null,"layoutText":null}],"allPortLabels":[],"mainLabel":483},"pathStyle":437,"paths":[],"properties":{"id":"a555742049f3a168d42ac2432cd54b36"},"reference":null},{"@id":484,"ports":[331,272,11],"labelManager":{"innerLabels":[{"type":"textLabel","@id":485,"inputText":"Emir","labelStyle":4,"shape":null,"layoutText":null}],"allPortLabels":[],"mainLabel":485},"pathStyle":437,"paths":[],"properties":{"id":"ba7373fe3c1ab251e376d1f616792acf"},"reference":null},{"@id":486,"ports":[265,390],"labelManager":{"innerLabels":[{"type":"textLabel","@id":487,"inputText":"Ali","labelStyle":4,"shape":null,"layoutText":null}],"allPortLabels":[],"mainLabel":487},"pathStyle":437,"paths":[],"properties":{"id":"3c114f09348d45a9f1950b4c904064f3"},"reference":null},{"@id":488,"ports":[265,215],"labelManager":{"innerLabels":[{"type":"textLabel","@id":489,"inputText":"Fabian","labelStyle":4,"shape":null,"layoutText":null}],"allPortLabels":[],"mainLabel":489},"pathStyle":437,"paths":[],"properties":{"id":"586acabfa764e836d46237027749ddfd"},"reference":null},{"@id":490,"ports":[213,42],"labelManager":{"innerLabels":[{"type":"textLabel","@id":491,"inputText":"Emilio","labelStyle":4,"shape":null,"layoutText":null}],"allPortLabels":[],"mainLabel":491},"pathStyle":437,"paths":[],"properties":{"id":"06d116bc703e02a15e02dcce50ed69de"},"reference":null},{"@id":492,"ports":[265,40],"labelManager":{"innerLabels":[{"type":"textLabel","@id":493,"inputText":"Yusuf","labelStyle":4,"shape":null,"layoutText":null}],"allPortLabels":[],"mainLabel":493},"pathStyle":437,"paths":[],"properties":{"id":"ce6815f30b937dce8e752f2cc363f222"},"reference":null},{"@id":494,"ports":[356,107],"labelManager":{"innerLabels":[{"type":"textLabel","@id":495,"inputText":"Tobias","labelStyle":53,"shape":null,"layoutText":null}],"allPortLabels":[],"mainLabel":495},"pathStyle":{"@id":496,"description":"default path style","thickness":-1.0,"color":{"argb":"ff000000"}},"paths":[],"properties":{},"reference":null},{"@id":497,"ports":[231,339],"labelManager":{"innerLabels":[{"type":"textLabel","@id":498,"inputText":"Bruno","labelStyle":53,"shape":null,"layoutText":null}],"allPortLabels":[],"mainLabel":498},"pathStyle":496,"paths":[],"properties":{},"reference":null},{"@id":499,"ports":[54,358],"labelManager":{"innerLabels":[{"type":"textLabel","@id":500,"inputText":"Thomas","labelStyle":53,"shape":null,"layoutText":null}],"allPortLabels":[],"mainLabel":500},"pathStyle":496,"paths":[],"properties":{},"reference":null},{"@id":501,"ports":[65,61,296,73],"labelManager":{"innerLabels":[{"type":"textLabel","@id":502,"inputText":"Thomas","labelStyle":53,"shape":null,"layoutText":null}],"allPortLabels":[],"mainLabel":502},"pathStyle":496,"paths":[],"properties":{},"reference":null},{"@id":503,"ports":[61,159],"labelManager":{"innerLabels":[{"type":"textLabel","@id":504,"inputText":"Robin","labelStyle":53,"shape":null,"layoutText":null}],"allPortLabels":[],"mainLabel":504},"pathStyle":496,"paths":[],"properties":{},"reference":null},{"@id":505,"ports":[288,85],"labelManager":{"innerLabels":[{"type":"textLabel","@id":506,"inputText":"Oemer","labelStyle":53,"shape":null,"layoutText":null}],"allPortLabels":[],"mainLabel":506},"pathStyle":496,"paths":[],"properties":{},"reference":null},{"@id":507,"ports":[67,163],"labelManager":{"innerLabels":[{"type":"textLabel","@id":508,"inputText":"Fynn","labelStyle":53,"shape":null,"layoutText":null}],"allPortLabels":[],"mainLabel":508},"pathStyle":496,"paths":[],"properties":{},"reference":null},{"@id":509,"ports":[36,225],"labelManager":{"innerLabels":[{"type":"textLabel","@id":510,"inputText":"Florian","labelStyle":53,"shape":null,"layoutText":null}],"allPortLabels":[],"mainLabel":510},"pathStyle":496,"paths":[],"properties":{},"reference":null},{"@id":511,"ports":[159,296],"labelManager":{"innerLabels":[{"type":"textLabel","@id":512,"inputText":"Theo","labelStyle":53,"shape":null,"layoutText":null}],"allPortLabels":[],"mainLabel":512},"pathStyle":496,"paths":[],"properties":{},"reference":null},{"@id":513,"ports":[90,313],"labelManager":{"innerLabels":[{"type":"textLabel","@id":514,"inputText":"Ali","labelStyle":53,"shape":null,"layoutText":null}],"allPortLabels":[],"mainLabel":514},"pathStyle":496,"paths":[],"properties":{},"reference":null},{"@id":515,"ports":[161,83],"labelManager":{"innerLabels":[{"type":"textLabel","@id":516,"inputText":"Carl","labelStyle":53,"shape":null,"layoutText":null}],"allPortLabels":[],"mainLabel":516},"pathStyle":496,"paths":[],"properties":{},"reference":null},{"@id":517,"ports":[79,145],"labelManager":{"innerLabels":[{"type":"textLabel","@id":518,"inputText":"Peter","labelStyle":53,"shape":null,"layoutText":null}],"allPortLabels":[],"mainLabel":518},"pathStyle":496,"paths":[],"properties":{},"reference":null},{"@id":519,"ports":[77,153],"labelManager":{"innerLabels":[{"type":"textLabel","@id":520,"inputText":"Kaan","labelStyle":53,"shape":null,"layoutText":null}],"allPortLabels":[],"mainLabel":520},"pathStyle":496,"paths":[],"properties":{},"reference":null},{"@id":521,"ports":[394,50],"labelManager":{"innerLabels":[{"type":"textLabel","@id":522,"inputText":"Karl","labelStyle":53,"shape":null,"layoutText":null}],"allPortLabels":[],"mainLabel":522},"pathStyle":496,"paths":[],"properties":{},"reference":null},{"@id":523,"ports":[165,227],"labelManager":{"innerLabels":[{"type":"textLabel","@id":524,"inputText":"Muhammed","labelStyle":53,"shape":null,"layoutText":null}],"allPortLabels":[],"mainLabel":524},"pathStyle":496,"paths":[],"properties":{},"reference":null},{"@id":525,"ports":[56,229],"labelManager":{"innerLabels":[{"type":"textLabel","@id":526,"inputText":"Linus","labelStyle":53,"shape":null,"layoutText":null}],"allPortLabels":[],"mainLabel":526},"pathStyle":496,"paths":[],"properties":{},"reference":null},{"@id":527,"ports":[248,292],"labelManager":{"innerLabels":[{"type":"textLabel","@id":528,"inputText":"Matteo","labelStyle":53,"shape":null,"layoutText":null}],"allPortLabels":[],"mainLabel":528},"pathStyle":496,"paths":[],"properties":{},"reference":null},{"@id":529,"ports":[163,235],"labelManager":{"innerLabels":[{"type":"textLabel","@id":530,"inputText":"Benedikt","labelStyle":53,"shape":null,"layoutText":null}],"allPortLabels":[],"mainLabel":530},"pathStyle":496,"paths":[],"properties":{},"reference":null},{"@id":531,"ports":[409,169],"labelManager":{"innerLabels":[{"type":"textLabel","@id":532,"inputText":"Aaron","labelStyle":53,"shape":null,"layoutText":null}],"allPortLabels":[],"mainLabel":532},"pathStyle":496,"paths":[],"properties":{},"reference":null},{"@id":533,"ports":[233,167],"labelManager":{"innerLabels":[{"type":"textLabel","@id":534,"inputText":"Nick","labelStyle":53,"shape":null,"layoutText":null}],"allPortLabels":[],"mainLabel":534},"pathStyle":496,"paths":[],"properties":{},"reference":null},{"@id":535,"ports":[404,36],"labelManager":{"innerLabels":[{"type":"textLabel","@id":536,"inputText":"Aaron","labelStyle":53,"shape":null,"layoutText":null}],"allPortLabels":[],"mainLabel":536},"pathStyle":496,"paths":[],"properties":{},"reference":null},{"@id":537,"ports":[354,101],"labelManager":{"innerLabels":[{"type":"textLabel","@id":538,"inputText":"Liam","labelStyle":53,"shape":null,"layoutText":null}],"allPortLabels":[],"mainLabel":538},"pathStyle":496,"paths":[],"properties":{},"reference":null},{"@id":539,"ports":[151,225],"labelManager":{"innerLabels":[{"type":"textLabel","@id":540,"inputText":"Daniel","labelStyle":53,"shape":null,"layoutText":null}],"allPortLabels":[],"mainLabel":540},"pathStyle":496,"paths":[],"properties":{},"reference":null},{"@id":541,"ports":[94,414],"labelManager":{"innerLabels":[{"type":"textLabel","@id":542,"inputText":"Ali","labelStyle":53,"shape":null,"layoutText":null}],"allPortLabels":[],"mainLabel":542},"pathStyle":496,"paths":[],"properties":{},"reference":null},{"@id":543,"ports":[286,73],"labelManager":{"innerLabels":[{"type":"textLabel","@id":544,"inputText":"Raphael","labelStyle":53,"shape":null,"layoutText":null}],"allPortLabels":[],"mainLabel":544},"pathStyle":496,"paths":[],"properties":{},"reference":null},{"@id":545,"ports":[81,36],"labelManager":{"innerLabels":[{"type":"textLabel","@id":546,"inputText":"Thomas","labelStyle":53,"shape":null,"layoutText":null}],"allPortLabels":[],"mainLabel":546},"pathStyle":496,"paths":[],"properties":{},"reference":null},{"@id":547,"ports":[402,30],"labelManager":{"innerLabels":[{"type":"textLabel","@id":548,"inputText":"Deniz","labelStyle":53,"shape":null,"layoutText":null}],"allPortLabels":[],"mainLabel":548},"pathStyle":496,"paths":[],"properties":{},"reference":null}],"edgeBundles":[]}