{"vertices":[{"@id":1,"shape":{"type":"rect","xposition":"NaN","yposition":"NaN","width":"NaN","height":"NaN","shapeStyle":{"@id":2,"description":"default shape style","color":{"argb":"ff000000"}}},"labelManager":{"labels":[{"type":"textLabel","@id":3,"inputText":"Julian","labelStyle":{"@id":4,"description":"default text label style","font":{"fontName":"SansSerif","style":0,"size":10},"noBreak":false,"color":{"argb":"ff000000"},"showLabel":true,"placement":"FREE","horizontalPlacement":"FREE","verticalPlacement":"FREE"},"shape":null,"layoutText":null}],"mainLabel":3},"portCompositions":[{"type":"port","@id":5,"shape":{"type":"rect","xposition":"NaN","yposition":"NaN","width":"NaN","height":"NaN","shapeStyle":2},"labelManager":{"labels":[{"type":"textLabel","@id":6,"inputText":"1","labelStyle":4,"shape":null,"layoutText":null}],"mainLabel":6},"properties":{"id":"7403b9fee03c6a4dca62632fb774e020"},"orientationAtVertex":"FREE","reference":null}],"properties":{"id":"0ef69cf2fb3df66d8181f035d70f1919","type":"splice"},"reference":null},{"@id":7,"shape":{"type":"rect","xposition":"NaN","yposition":"NaN","width":"NaN","height":"NaN","shapeStyle":2},"labelManager":{"labels":[{"type":"textLabel","@id":8,"inputText":"Leo","labelStyle":4,"shape":null,"layoutText":null}],"mainLabel":8},"portCompositions":[{"type":"port","@id":9,"shape":{"type":"rect","xposition":"NaN","yposition":"NaN","width":"NaN","height":"NaN","shapeStyle":2},"labelManager":{"labels":[{"type":"textLabel","@id":10,"inputText":"1","labelStyle":4,"shape":null,"layoutText":null}],"mainLabel":10},"properties":{"id":"3b8d741ddf60bea1057db01ea44ee227"},"orientationAtVertex":"FREE","reference":null}],"properties":{"id":"d212eded857deac4b4a60bb3b64ed57a","type":"splice"},"reference":null},{"@id":11,"shape":{"type":"rect","xposition":"NaN","yposition":"NaN","width":"NaN","height":"NaN","shapeStyle":2},"labelManager":{"labels":[{"type":"textLabel","@id":12,"inputText":"Max","labelStyle":4,"shape":null,"layoutText":null}],"mainLabel":12},"portCompositions":[{"type":"portGroup","@id":13,"ordered":false,"portCompositions":[{"type":"port","@id":14,"shape":{"type":"rect","xposition":"NaN","yposition":"NaN","width":"NaN","height":"NaN","shapeStyle":2},"labelManager":{"labels":[{"type":"textLabel","@id":15,"inputText":"2","labelStyle":4,"shape":null,"layoutText":null}],"mainLabel":15},"properties":{"id":"833169be837433746ad79f29543e085a"},"orientationAtVertex":"FREE","reference":null},{"type":"port","@id":16,"shape":{"type":"rect","xposition":"NaN","yposition":"NaN","width":"NaN","height":"NaN","shapeStyle":{"@id":17,"description":"default shape style","color":{"argb":"ff000000"}}},"labelManager":{"labels":[{"type":"textLabel","@id":18,"inputText":"1","labelStyle":{"@id":19,"description":"default text label style","font":{"fontName":"SansSerif","style":0,"size":10},"noBreak":false,"color":{"argb":"ff000000"},"showLabel":true,"placement":"FREE","horizontalPlacement":"FREE","verticalPlacement":"FREE"},"shape":null,"layoutText":null}],"mainLabel":18},"properties":{},"orientationAtVertex":"FREE","reference":null}],"properties":{},"reference":null}],"properties":{"id":"9098f8059d1be112f27525741b8914a3","type":"device"},"reference":null},{"@id":20,"shape":{"type":"rect","xposition":"NaN","yposition":"NaN","width":"NaN","height":"NaN","shapeStyle":2},"labelManager":{"labels":[{"type":"textLabel","@id":21,"inputText":"Paul","labelStyle":4,"shape":null,"layoutText":null}],"mainLabel":21},"portCompositions":[{"type":"portGroup","@id":22,"ordered":false,"portCompositions":[{"type":"port","@id":23,"shape":{"type":"rect","xposition":"NaN","yposition":"NaN","width":"NaN","height":"NaN","shapeStyle":2},"labelManager":{"labels":[{"type":"textLabel","@id":24,"inputText":"2","labelStyle":4,"shape":null,"layoutText":null}],"mainLabel":24},"properties":{"id":"b4f13a79a9a432e76858dd2b143cae65"},"orientationAtVertex":"FREE","reference":null},{"type":"port","@id":25,"shape":{"type":"rect","xposition":"NaN","yposition":"NaN","width":"NaN","height":"NaN","shapeStyle":17},"labelManager":{"labels":[{"type":"textLabel","@id":26,"inputText":"1","labelStyle":19,"shape":null,"layoutText":null}],"mainLabel":26},"properties":{},"orientationAtVertex":"FREE","reference":null}],"properties":{},"reference":null}],"properties":{"id":"2fc5237d59b19f05c893fbf6e46ac9d8","type":"socket"},"reference":null},{"@id":27,"shape":{"type":"rect","xposition":"NaN","yposition":"NaN","width":"NaN","height":"NaN","shapeStyle":2},"labelManager":{"labels":[{"type":"textLabel","@id":28,"inputText":"Mats","labelStyle":4,"shape":null,"layoutText":null}],"mainLabel":28},"portCompositions":[{"type":"portGroup","@id":29,"ordered":false,"portCompositions":[{"type":"port","@id":30,"shape":{"type":"rect","xposition":"NaN","yposition":"NaN","width":"NaN","height":"NaN","shapeStyle":2},"labelManager":{"labels":[{"type":"textLabel","@id":31,"inputText":"3","labelStyle":4,"shape":null,"layoutText":null}],"mainLabel":31},"properties":{"id":"dfa064eec12a445c4dc24370b91e51b2"},"orientationAtVertex":"FREE","reference":null},{"type":"port","@id":32,"shape":{"type":"rect","xposition":"NaN","yposition":"NaN","width":"NaN","height":"NaN","shapeStyle":2},"labelManager":{"labels":[{"type":"textLabel","@id":33,"inputText":"1","labelStyle":4,"shape":null,"layoutText":null}],"mainLabel":33},"properties":{"id":"589f84581938e0e079a38f859d6c786a"},"orientationAtVertex":"FREE","reference":null},{"type":"port","@id":34,"shape":{"type":"rect","xposition":"NaN","yposition":"NaN","width":"NaN","height":"NaN","shapeStyle":2},"labelManager":{"labels":[{"type":"textLabel","@id":35,"inputText":"2","labelStyle":4,"shape":null,"layoutText":null}],"mainLabel":35},"properties":{"id":"669c8d04a378351833f52d97b4bbae57"},"orientationAtVertex":"FREE","reference":null},{"type":"port","@id":36,"shape":{"type":"rect","xposition":"NaN","yposition":"NaN","width":"NaN","height":"NaN","shapeStyle":17},"labelManager":{"labels":[{"type":"textLabel","@id":37,"inputText":"4","labelStyle":19,"shape":null,"layoutText":null}],"mainLabel":37},"properties":{},"orientationAtVertex":"FREE","reference":null}],"properties":{},"reference":null}],"properties":{"id":"61bb8877a8471c99e7194fac741ae0fd","type":"plug"},"reference":null},{"@id":38,"shape":{"type":"rect","xposition":"NaN","yposition":"NaN","width":"NaN","height":"NaN","shapeStyle":2},"labelManager":{"labels":[{"type":"textLabel","@id":39,"inputText":"Jan","labelStyle":4,"shape":null,"layoutText":null}],"mainLabel":39},"portCompositions":[{"type":"portGroup","@id":40,"ordered":false,"portCompositions":[{"type":"port","@id":41,"shape":{"type":"rect","xposition":"NaN","yposition":"NaN","width":"NaN","height":"NaN","shapeStyle":2},"labelManager":{"labels":[{"type":"textLabel","@id":42,"inputText":"3","labelStyle":4,"shape":null,"layoutText":null}],"mainLabel":42},"properties":{"id":"a4741c5449772a949cff535ebbe30c81"},"orientationAtVertex":"FREE","reference":null},{"type":"port","@id":43,"shape":{"type":"rect","xposition":"NaN","yposition":"NaN","width":"NaN","height":"NaN","shapeStyle":2},"labelManager":{"labels":[{"type":"textLabel","@id":44,"inputText":"1","labelStyle":4,"shape":null,"layoutText":null}],"mainLabel":44},"properties":{"id":"4c5fd4909a281071e177a42c15fa00a3"},"orientationAtVertex":"FREE","reference":null},{"type":"port","@id":45,"shape":{"type":"rect","xposition":"NaN","yposition":"NaN","width":"NaN","height":"NaN","shapeStyle":2},"labelManager":{"labels":[{"type":"textLabel","@id":46,"inputText":"2","labelStyle":4,"shape":null,"layoutText":null}],"mainLabel":46},"properties":{"id":"66f849599ab50640607fa4d3c5a51747"},"orientationAtVertex":"FREE","reference":null},{"type":"port","@id":47,"shape":{"type":"rect","xposition":"NaN","yposition":"NaN","width":"NaN","height":"NaN","shapeStyle":17},"labelManager":{"labels":[{"type":"textLabel","@id":48,"inputText":"4","labelStyle":19,"shape":null,"layoutText":null}],"mainLabel":48},"properties":{},"orientationAtVertex":"FREE","reference":null}],"properties":{},"reference":null}],"properties":{"id":"e3010c5ce3736e83cda6f575b833e09f","type":"plug"},"reference":null},{"@id":49,"shape":{"type":"rect","xposition":"NaN","yposition":"NaN","width":"NaN","height":"NaN","shapeStyle":2},"labelManager":{"labels":[{"type":"textLabel","@id":50,"inputText":"Karl","labelStyle":4,"shape":null,"layoutText":null}],"mainLabel":50},"portCompositions":[{"type":"port","@id":51,"shape":{"type":"rect","xposition":"NaN","yposition":"NaN","width":"NaN","height":"NaN","shapeStyle":2},"labelManager":{"labels":[{"type":"textLabel","@id":52,"inputText":"1","labelStyle":4,"shape":null,"layoutText":null}],"mainLabel":52},"properties":{"id":"4620a18bc90d11caaef03ff375969438"},"orientationAtVertex":"FREE","reference":null}],"properties":{"id":"906fb9a8210c6582202909c7e8d88720","type":"splice"},"reference":null},{"@id":53,"shape":{"type":"rect","xposition":"NaN","yposition":"NaN","width":"NaN","height":"NaN","shapeStyle":2},"labelManager":{"labels":[{"type":"textLabel","@id":54,"inputText":"Oskar","labelStyle":4,"shape":null,"layoutText":null}],"mainLabel":54},"portCompositions":[{"type":"portGroup","@id":55,"ordered":false,"portCompositions":[{"type":"port","@id":56,"shape":{"type":"rect","xposition":"NaN","yposition":"NaN","width":"NaN","height":"NaN","shapeStyle":2},"labelManager":{"labels":[{"type":"textLabel","@id":57,"inputText":"2","labelStyle":4,"shape":null,"layoutText":null}],"mainLabel":57},"properties":{"id":"1b22eb96a1cb90b0c556d0afc6e75952"},"orientationAtVertex":"FREE","reference":null},{"type":"port","@id":58,"shape":{"type":"rect","xposition":"NaN","yposition":"NaN","width":"NaN","height":"NaN","shapeStyle":2},"labelManager":{"labels":[{"type":"textLabel","@id":59,"inputText":"4","labelStyle":4,"shape":null,"layoutText":null}],"mainLabel":59},"properties":{"id":"96cee3bdbb94412425864f7f8fa51879"},"orientationAtVertex":"FREE","reference":null},{"type":"port","@id":60,"shape":{"type":"rect","xposition":"NaN","yposition":"NaN","width":"NaN","height":"NaN","shapeStyle":2},"labelManager":{"labels":[{"type":"textLabel","@id":61,"inputText":"1","labelStyle":4,"shape":null,"layoutText":null}],"mainLabel":61},"properties":{"id":"8a9fb30cba19eb5e6096f10253038241"},"orientationAtVertex":"FREE","reference":null},{"type":"port","@id":62,"shape":{"type":"rect","xposition":"NaN","yposition":"NaN","width":"NaN","height":"NaN","shapeStyle":2},"labelManager":{"labels":[{"type":"textLabel","@id":63,"inputText":"3","labelStyle":4,"shape":null,"layoutText":null}],"mainLabel":63},"properties":{"id":"592867cc62d8bdde61cbf4768c8136b5"},"orientationAtVertex":"FREE","reference":null}],"properties":{},"reference":null}],"properties":{"id":"ae354c33c16ee98ac67933f528f4b648","type":"plug"},"reference":null},{"@id":64,"shape":{"type":"rect","xposition":"NaN","yposition":"NaN","width":"NaN","height":"NaN","shapeStyle":2},"labelManager":{"labels":[{"type":"textLabel","@id":65,"inputText":"Moritz","labelStyle":4,"shape":null,"layoutText":null}],"mainLabel":65},"portCompositions":[{"type":"portGroup","@id":66,"ordered":false,"portCompositions":[{"type":"port","@id":67,"shape":{"type":"rect","xposition":"NaN","yposition":"NaN","width":"NaN","height":"NaN","shapeStyle":2},"labelManager":{"labels":[{"type":"textLabel","@id":68,"inputText":"2","labelStyle":4,"shape":null,"layoutText":null}],"mainLabel":68},"properties":{"id":"27e4691cdc52b655bad9ca6ac539eead"},"orientationAtVertex":"FREE","reference":null},{"type":"port","@id":69,"shape":{"type":"rect","xposition":"NaN","yposition":"NaN","width":"NaN","height":"NaN","shapeStyle":2},"labelManager":{"labels":[{"type":"textLabel","@id":70,"inputText":"4","labelStyle":4,"shape":null,"layoutText":null}],"mainLabel":70},"properties":{"id":"f9adf6040dc859b7330c3db94f48f9a7"},"orientationAtVertex":"FREE","reference":null},{"type":"port","@id":71,"shape":{"type":"rect","xposition":"NaN","yposition":"NaN","width":"NaN","height":"NaN","shapeStyle":2},"labelManager":{"labels":[{"type":"textLabel","@id":72,"inputText":"1","labelStyle":4,"shape":null,"layoutText":null}],"mainLabel":72},"properties":{"id":"f6f49170e27c0194ede597f64581fd10"},"orientationAtVertex":"FREE","reference":null},{"type":"port","@id":73,"shape":{"type":"rect","xposition":"NaN","yposition":"NaN","width":"NaN","height":"NaN","shapeStyle":2},"labelManager":{"labels":[{"type":"textLabel","@id":74,"inputText":"3","labelStyle":4,"shape":null,"layoutText":null}],"mainLabel":74},"properties":{"id":"06bbfcbeded921639dceebf96f7170d3"},"orientationAtVertex":"FREE","reference":null}],"properties":{},"reference":null}],"properties":{"id":"8672a303f1e22839c74c50ce66120589","type":"plug"},"reference":null},{"@id":75,"shape":{"type":"rect","xposition":"NaN","yposition":"NaN","width":"NaN","height":"NaN","shapeStyle":2},"labelManager":{"labels":[{"type":"textLabel","@id":76,"inputText":"Felix","labelStyle":4,"shape":null,"layoutText":null}],"mainLabel":76},"portCompositions":[{"type":"port","@id":77,"shape":{"type":"rect","xposition":"NaN","yposition":"NaN","width":"NaN","height":"NaN","shapeStyle":2},"labelManager":{"labels":[{"type":"textLabel","@id":78,"inputText":"1","labelStyle":4,"shape":null,"layoutText":null}],"mainLabel":78},"properties":{"id":"0f7ef58aa135ccb4997f30997e0f5cbc"},"orientationAtVertex":"FREE","reference":null}],"properties":{"id":"e7f3ab5e96e65061b84d1729f6df568a","type":"splice"},"reference":null},{"@id":79,"shape":{"type":"rect","xposition":"NaN","yposition":"NaN","width":"NaN","height":"NaN","shapeStyle":2},"labelManager":{"labels":[{"type":"textLabel","@id":80,"inputText":"Leon","labelStyle":4,"shape":null,"layoutText":null}],"mainLabel":80},"portCompositions":[{"type":"port","@id":81,"shape":{"type":"rect","xposition":"NaN","yposition":"NaN","width":"NaN","height":"NaN","shapeStyle":2},"labelManager":{"labels":[{"type":"textLabel","@id":82,"inputText":"1","labelStyle":4,"shape":null,"layoutText":null}],"mainLabel":82},"properties":{"id":"cd6cda05398e0ce51d901a62c9754434"},"orientationAtVertex":"FREE","reference":null}],"properties":{"id":"818cceb66ba9644e8f144779aa561d45","type":"splice"},"reference":null},{"@id":83,"shape":{"type":"rect","xposition":"NaN","yposition":"NaN","width":"NaN","height":"NaN","shapeStyle":2},"labelManager":{"labels":[{"type":"textLabel","@id":84,"inputText":"Emil","labelStyle":4,"shape":null,"layoutText":null}],"mainLabel":84},"portCompositions":[{"type":"portGroup","@id":85,"ordered":false,"portCompositions":[{"type":"port","@id":86,"shape":{"type":"rect","xposition":"NaN","yposition":"NaN","width":"NaN","height":"NaN","shapeStyle":2},"labelManager":{"labels":[{"type":"textLabel","@id":87,"inputText":"2","labelStyle":4,"shape":null,"layoutText":null}],"mainLabel":87},"properties":{"id":"112b809b157972a634cfa987354b0a5f"},"orientationAtVertex":"FREE","reference":null},{"type":"port","@id":88,"shape":{"type":"rect","xposition":"NaN","yposition":"NaN","width":"NaN","height":"NaN","shapeStyle":2},"labelManager":{"labels":[{"type":"textLabel","@id":89,"inputText":"4","labelStyle":4,"shape":null,"layoutText":null}],"mainLabel":89},"properties":{"id":"00e153f407649390892c7954255dde5f"},"orientationAtVertex":"FREE","reference":null},{"type":"port","@id":90,"shape":{"type":"rect","xposition":"NaN","yposition":"NaN","width":"NaN","height":"NaN","shapeStyle":2},"labelManager":{"labels":[{"type":"textLabel","@id":91,"inputText":"3","labelStyle":4,"shape":null,"layoutText":null}],"mainLabel":91},"properties":{"id":"86d8a629e915612145c9c3f4e6fd57ee"},"orientationAtVertex":"FREE","reference":null},{"type":"port","@id":92,"shape":{"type":"rect","xposition":"NaN","yposition":"NaN","width":"NaN","height":"NaN","shapeStyle":2},"labelManager":{"labels":[{"type":"textLabel","@id":93,"inputText":"1","labelStyle":4,"shape":null,"layoutText":null}],"mainLabel":93},"properties":{"id":"ebf0994d7d22eec5073f3175826af086"},"orientationAtVertex":"FREE","reference":null}],"properties":{},"reference":null}],"properties":{"id":"a14605a659d6da865e3e00d264ef6896","type":"plug"},"reference":null},{"@id":94,"shape":{"type":"rect","xposition":"NaN","yposition":"NaN","width":"NaN","height":"NaN","shapeStyle":2},"labelManager":{"labels":[{"type":"textLabel","@id":95,"inputText":"Jonas","labelStyle":4,"shape":null,"layoutText":null}],"mainLabel":95},"portCompositions":[{"type":"portGroup","@id":96,"ordered":false,"portCompositions":[{"type":"port","@id":97,"shape":{"type":"rect","xposition":"NaN","yposition":"NaN","width":"NaN","height":"NaN","shapeStyle":2},"labelManager":{"labels":[{"type":"textLabel","@id":98,"inputText":"2","labelStyle":4,"shape":null,"layoutText":null}],"mainLabel":98},"properties":{"id":"0e6990cbe4bb877d5ad0b6ff98c87479"},"orientationAtVertex":"FREE","reference":null},{"type":"port","@id":99,"shape":{"type":"rect","xposition":"NaN","yposition":"NaN","width":"NaN","height":"NaN","shapeStyle":2},"labelManager":{"labels":[{"type":"textLabel","@id":100,"inputText":"4","labelStyle":4,"shape":null,"layoutText":null}],"mainLabel":100},"properties":{"id":"791da9f227099fe2fa62fe4732059051"},"orientationAtVertex":"FREE","reference":null},{"type":"port","@id":101,"shape":{"type":"rect","xposition":"NaN","yposition":"NaN","width":"NaN","height":"NaN","shapeStyle":2},"labelManager":{"labels":[{"type":"textLabel","@id":102,"inputText":"3","labelStyle":4,"shape":null,"layoutText":null}],"mainLabel":102},"properties":{"id":"5fc9d1017ec586951b0349d0ad8a200a"},"orientationAtVertex":"FREE","reference":null},{"type":"port","@id":103,"shape":{"type":"rect","xposition":"NaN","yposition":"NaN","width":"NaN","height":"NaN","shapeStyle":2},"labelManager":{"labels":[{"type":"textLabel","@id":104,"inputText":"1","labelStyle":4,"shape":null,"layoutText":null}],"mainLabel":104},"properties":{"id":"ed3aea20d515b05ec4d5c8c79e179b93"},"orientationAtVertex":"FREE","reference":null}],"properties":{},"reference":null}],"properties":{"id":"486505b638c874723ce8658dd66eb4bf","type":"plug"},"reference":null},{"@id":105,"shape":{"type":"rect","xposition":"NaN","yposition":"NaN","width":"NaN","height":"NaN","shapeStyle":2},"labelManager":{"labels":[{"type":"textLabel","@id":106,"inputText":"Julius","labelStyle":4,"shape":null,"layoutText":null}],"mainLabel":106},"portCompositions":[{"type":"portGroup","@id":107,"ordered":false,"portCompositions":[{"type":"port","@id":108,"shape":{"type":"rect","xposition":"NaN","yposition":"NaN","width":"NaN","height":"NaN","shapeStyle":2},"labelManager":{"labels":[{"type":"textLabel","@id":109,"inputText":"2","labelStyle":4,"shape":null,"layoutText":null}],"mainLabel":109},"properties":{"id":"516ac4184b8671df34461c261b40779c"},"orientationAtVertex":"FREE","reference":null},{"type":"port","@id":110,"shape":{"type":"rect","xposition":"NaN","yposition":"NaN","width":"NaN","height":"NaN","shapeStyle":2},"labelManager":{"labels":[{"type":"textLabel","@id":111,"inputText":"3","labelStyle":4,"shape":null,"layoutText":null}],"mainLabel":111},"properties":{"id":"4a89d0c8314801041e37bdc9cf582cc2"},"orientationAtVertex":"FREE","reference":null},{"type":"port","@id":112,"shape":{"type":"rect","xposition":"NaN","yposition":"NaN","width":"NaN","height":"NaN","shapeStyle":2},"labelManager":{"labels":[{"type":"textLabel","@id":113,"inputText":"1","labelStyle":4,"shape":null,"layoutText":null}],"mainLabel":113},"properties":{"id":"042be9fd4209a8afae1e43fd16b62cac"},"orientationAtVertex":"FREE","reference":null},{"type":"port","@id":114,"shape":{"type":"rect","xposition":"NaN","yposition":"NaN","width":"NaN","height":"NaN","shapeStyle":2},"labelManager":{"labels":[{"type":"textLabel","@id":115,"inputText":"4","labelStyle":4,"shape":null,"layoutText":null}],"mainLabel":115},"properties":{"id":"b111202f5213fbb9b9c5616925a03d47"},"orientationAtVertex":"FREE","reference":null},{"type":"port","@id":116,"shape":{"type":"rect","xposition":"NaN","yposition":"NaN","width":"NaN","height":"NaN","shapeStyle":17},"labelManager":{"labels":[{"type":"textLabel","@id":117,"inputText":"5","labelStyle":19,"shape":null,"layoutText":null}],"mainLabel":117},"properties":{},"orientationAtVertex":"FREE","reference":null}],"properties":{},"reference":null}],"properties":{"id":"beab7aef4db4f62b186bb7e039294d59","type":"plug"},"reference":null},{"@id":118,"shape":{"type":"rect","xposition":"NaN","yposition":"NaN","width":"NaN","height":"NaN","shapeStyle":2},"labelManager":{"labels":[{"type":"textLabel","@id":119,"inputText":"Peter","labelStyle":4,"shape":null,"layoutText":null}],"mainLabel":119},"portCompositions":[{"type":"portGroup","@id":120,"ordered":false,"portCompositions":[{"type":"port","@id":121,"shape":{"type":"rect","xposition":"NaN","yposition":"NaN","width":"NaN","height":"NaN","shapeStyle":2},"labelManager":{"labels":[{"type":"textLabel","@id":122,"inputText":"2","labelStyle":4,"shape":null,"layoutText":null}],"mainLabel":122},"properties":{"id":"442703e989b58c0c00d3523a882149ac"},"orientationAtVertex":"FREE","reference":null},{"type":"port","@id":123,"shape":{"type":"rect","xposition":"NaN","yposition":"NaN","width":"NaN","height":"NaN","shapeStyle":2},"labelManager":{"labels":[{"type":"textLabel","@id":124,"inputText":"3","labelStyle":4,"shape":null,"layoutText":null}],"mainLabel":124},"properties":{"id":"23d8825c6e70c9b0ffb26d657df11f11"},"orientationAtVertex":"FREE","reference":null},{"type":"port","@id":125,"shape":{"type":"rect","xposition":"NaN","yposition":"NaN","width":"NaN","height":"NaN","shapeStyle":2},"labelManager":{"labels":[{"type":"textLabel","@id":126,"inputText":"1","labelStyle":4,"shape":null,"layoutText":null}],"mainLabel":126},"properties":{"id":"a24ac32e0408fc8e5d604d329039ea18"},"orientationAtVertex":"FREE","reference":null},{"type":"port","@id":127,"shape":{"type":"rect","xposition":"NaN","yposition":"NaN","width":"NaN","height":"NaN","shapeStyle":2},"labelManager":{"labels":[{"type":"textLabel","@id":128,"inputText":"4","labelStyle":4,"shape":null,"layoutText":null}],"mainLabel":128},"properties":{"id":"d27d37a34bcc89a4b7eab7d391980312"},"orientationAtVertex":"FREE","reference":null},{"type":"port","@id":129,"shape":{"type":"rect","xposition":"NaN","yposition":"NaN","width":"NaN","height":"NaN","shapeStyle":17},"labelManager":{"labels":[{"type":"textLabel","@id":130,"inputText":"5","labelStyle":19,"shape":null,"layoutText":null}],"mainLabel":130},"properties":{},"orientationAtVertex":"FREE","reference":null}],"properties":{},"reference":null}],"properties":{"id":"df0affb71f30fa346a2edbe50b9c7019","type":"plug"},"reference":null},{"@id":131,"shape":{"type":"rect","xposition":"NaN","yposition":"NaN","width":"NaN","height":"NaN","shapeStyle":2},"labelManager":{"labels":[{"type":"textLabel","@id":132,"inputText":"Ali","labelStyle":4,"shape":null,"layoutText":null}],"mainLabel":132},"portCompositions":[{"type":"portGroup","@id":133,"ordered":false,"portCompositions":[{"type":"port","@id":134,"shape":{"type":"rect","xposition":"NaN","yposition":"NaN","width":"NaN","height":"NaN","shapeStyle":2},"labelManager":{"labels":[{"type":"textLabel","@id":135,"inputText":"1","labelStyle":4,"shape":null,"layoutText":null}],"mainLabel":135},"properties":{"id":"a42e5c0a75bbb904f6441a90cef031af"},"orientationAtVertex":"FREE","reference":null},{"type":"port","@id":136,"shape":{"type":"rect","xposition":"NaN","yposition":"NaN","width":"NaN","height":"NaN","shapeStyle":2},"labelManager":{"labels":[{"type":"textLabel","@id":137,"inputText":"3","labelStyle":4,"shape":null,"layoutText":null}],"mainLabel":137},"properties":{"id":"c532fa9d9446c44f9f3fe3e280ea28d9"},"orientationAtVertex":"FREE","reference":null},{"type":"port","@id":138,"shape":{"type":"rect","xposition":"NaN","yposition":"NaN","width":"NaN","height":"NaN","shapeStyle":2},"labelManager":{"labels":[{"type":"textLabel","@id":139,"inputText":"4","labelStyle":4,"shape":null,"layoutText":null}],"mainLabel":139},"properties":{"id":"10b8a56e5693943be736538cbec30a2a"},"orientationAtVertex":"FREE","reference":null},{"type":"port","@id":140,"shape":{"type":"rect","xposition":"NaN","yposition":"NaN","width":"NaN","height":"NaN","shapeStyle":17},"labelManager":{"labels":[{"type":"textLabel","@id":141,"inputText":"2","labelStyle":19,"shape":null,"layoutText":null}],"mainLabel":141},"properties":{},"orientationAtVertex":"FREE","reference":null}],"properties":{},"reference":null}],"properties":{"id":"d96bfb06a9d99f8001db9657798a51a4","type":"device"},"reference":null},{"@id":142,"shape":{"type":"rect","xposition":"NaN","yposition":"NaN","width":"NaN","height":"NaN","shapeStyle":2},"labelManager":{"labels":[{"type":"textLabel","@id":143,"inputText":"Henri","labelStyle":4,"shape":null,"layoutText":null}],"mainLabel":143},"portCompositions":[{"type":"portGroup","@id":144,"ordered":false,"portCompositions":[{"type":"port","@id":145,"shape":{"type":"rect","xposition":"NaN","yposition":"NaN","width":"NaN","height":"NaN","shapeStyle":2},"labelManager":{"labels":[{"type":"textLabel","@id":146,"inputText":"1","labelStyle":4,"shape":null,"layoutText":null}],"mainLabel":146},"properties":{"id":"fe5f882adb7e225f8133838228941ec7"},"orientationAtVertex":"FREE","reference":null},{"type":"port","@id":147,"shape":{"type":"rect","xposition":"NaN","yposition":"NaN","width":"NaN","height":"NaN","shapeStyle":2},"labelManager":{"labels":[{"type":"textLabel","@id":148,"inputText":"3","labelStyle":4,"shape":null,"layoutText":null}],"mainLabel":148},"properties":{"id":"cbf215bdfeaa136435efb19f588c8a73"},"orientationAtVertex":"FREE","reference":null},{"type":"port","@id":149,"shape":{"type":"rect","xposition":"NaN","yposition":"NaN","width":"NaN","height":"NaN","shapeStyle":2},"labelManager":{"labels":[{"type":"textLabel","@id":150,"inputText":"4","labelStyle":4,"shape":null,"layoutText":null}],"mainLabel":150},"properties":{"id":"f174f63a884d1ccf03cb32e74e73a81e"},"orientationAtVertex":"FREE","reference":null},{"type":"port","@id":151,"shape":{"type":"rect","xposition":"NaN","yposition":"NaN","width":"NaN","height":"NaN","shapeStyle":17},"labelManager":{"labels":[{"type":"textLabel","@id":152,"inputText":"2","labelStyle":19,"shape":null,"layoutText":null}],"mainLabel":152},"properties":{},"orientationAtVertex":"FREE","reference":null}],"properties":{},"reference":null}],"properties":{"id":"fd0f7bc4048c81b87258b2b10456d90d","type":"socket"},"reference":null},{"@id":153,"shape":{"type":"rect","xposition":"NaN","yposition":"NaN","width":"NaN","height":"NaN","shapeStyle":2},"labelManager":{"labels":[{"type":"textLabel","@id":154,"inputText":"Jakob","labelStyle":4,"shape":null,"layoutText":null}],"mainLabel":154},"portCompositions":[{"type":"portGroup","@id":155,"ordered":false,"portCompositions":[{"type":"port","@id":156,"shape":{"type":"rect","xposition":"NaN","yposition":"NaN","width":"NaN","height":"NaN","shapeStyle":2},"labelManager":{"labels":[{"type":"textLabel","@id":157,"inputText":"1","labelStyle":4,"shape":null,"layoutText":null}],"mainLabel":157},"properties":{"id":"cd359a4e2ca7a347cebfcebd30f3ead4"},"orientationAtVertex":"FREE","reference":null}],"properties":{},"reference":null}],"properties":{"id":"ad39e0ce2fa451ccd6ac8f849fd7d8c3","type":"plug"},"reference":null},{"@id":158,"shape":{"type":"rect","xposition":"NaN","yposition":"NaN","width":"NaN","height":"NaN","shapeStyle":2},"labelManager":{"labels":[{"type":"textLabel","@id":159,"inputText":"Valentin","labelStyle":4,"shape":null,"layoutText":null}],"mainLabel":159},"portCompositions":[{"type":"portGroup","@id":160,"ordered":false,"portCompositions":[{"type":"port","@id":161,"shape":{"type":"rect","xposition":"NaN","yposition":"NaN","width":"NaN","height":"NaN","shapeStyle":2},"labelManager":{"labels":[{"type":"textLabel","@id":162,"inputText":"1","labelStyle":4,"shape":null,"layoutText":null}],"mainLabel":162},"properties":{"id":"8f4a973a1d0f695a8a1bd6dcb2d125d0"},"orientationAtVertex":"FREE","reference":null}],"properties":{},"reference":null}],"properties":{"id":"00106d8d3b67ce1de0ab39c3ede2b409","type":"plug"},"reference":null},{"@id":163,"shape":{"type":"rect","xposition":"NaN","yposition":"NaN","width":"NaN","height":"NaN","shapeStyle":2},"labelManager":{"labels":[{"type":"textLabel","@id":164,"inputText":"Finn","labelStyle":4,"shape":null,"layoutText":null}],"mainLabel":164},"portCompositions":[{"type":"portGroup","@id":165,"ordered":false,"portCompositions":[{"type":"port","@id":166,"shape":{"type":"rect","xposition":"NaN","yposition":"NaN","width":"NaN","height":"NaN","shapeStyle":2},"labelManager":{"labels":[{"type":"textLabel","@id":167,"inputText":"3","labelStyle":4,"shape":null,"layoutText":null}],"mainLabel":167},"properties":{"id":"5d1f9a73423b2691ba8512298678a416"},"orientationAtVertex":"FREE","reference":null},{"type":"port","@id":168,"shape":{"type":"rect","xposition":"NaN","yposition":"NaN","width":"NaN","height":"NaN","shapeStyle":2},"labelManager":{"labels":[{"type":"textLabel","@id":169,"inputText":"2","labelStyle":4,"shape":null,"layoutText":null}],"mainLabel":169},"properties":{"id":"866d363405e7ccefdf1fbdbd5d10aeba"},"orientationAtVertex":"FREE","reference":null},{"type":"port","@id":170,"shape":{"type":"rect","xposition":"NaN","yposition":"NaN","width":"NaN","height":"NaN","shapeStyle":17},"labelManager":{"labels":[{"type":"textLabel","@id":171,"inputText":"1","labelStyle":19,"shape":null,"layoutText":null}],"mainLabel":171},"properties":{},"orientationAtVertex":"FREE","reference":null}],"properties":{},"reference":null}],"properties":{"id":"88b7effc6d7221523d542ec1ccac320a","type":"plug"},"reference":null},{"@id":172,"shape":{"type":"rect","xposition":"NaN","yposition":"NaN","width":"NaN","height":"NaN","shapeStyle":2},"labelManager":{"labels":[{"type":"textLabel","@id":173,"inputText":"Tom","labelStyle":4,"shape":null,"layoutText":null}],"mainLabel":173},"portCompositions":[{"type":"portGroup","@id":174,"ordered":false,"portCompositions":[{"type":"port","@id":175,"shape":{"type":"rect","xposition":"NaN","yposition":"NaN","width":"NaN","height":"NaN","shapeStyle":2},"labelManager":{"labels":[{"type":"textLabel","@id":176,"inputText":"3","labelStyle":4,"shape":null,"layoutText":null}],"mainLabel":176},"properties":{"id":"5112b4986dd469d99f33cd4a156d2a61"},"orientationAtVertex":"FREE","reference":null},{"type":"port","@id":177,"shape":{"type":"rect","xposition":"NaN","yposition":"NaN","width":"NaN","height":"NaN","shapeStyle":2},"labelManager":{"labels":[{"type":"textLabel","@id":178,"inputText":"2","labelStyle":4,"shape":null,"layoutText":null}],"mainLabel":178},"properties":{"id":"773774cd27a120d70da649217fd283a4"},"orientationAtVertex":"FREE","reference":null},{"type":"port","@id":179,"shape":{"type":"rect","xposition":"NaN","yposition":"NaN","width":"NaN","height":"NaN","shapeStyle":17},"labelManager":{"labels":[{"type":"textLabel","@id":180,"inputText":"1","labelStyle":19,"shape":null,"layoutText":null}],"mainLabel":180},"properties":{},"orientationAtVertex":"FREE","reference":null}],"properties":{},"reference":null}],"properties":{"id":"2c527f62708740ea80a0b67fec7f0cd0","type":"plug"},"reference":null},{"@id":181,"shape":{"type":"rect","xposition":"NaN","yposition":"NaN","width":"NaN","height":"NaN","shapeStyle":2},"labelManager":{"labels":[{"type":"textLabel","@id":182,"inputText":"David","labelStyle":4,"shape":null,"layoutText":null}],"mainLabel":182},"portCompositions":[{"type":"portGroup","@id":183,"ordered":false,"portCompositions":[{"type":"port","@id":184,"shape":{"type":"rect","xposition":"NaN","yposition":"NaN","width":"NaN","height":"NaN","shapeStyle":2},"labelManager":{"labels":[{"type":"textLabel","@id":185,"inputText":"1","labelStyle":4,"shape":null,"layoutText":null}],"mainLabel":185},"properties":{"id":"84f2196c4e01f42f8d9298bdb8a60c67"},"orientationAtVertex":"FREE","reference":null}],"properties":{},"reference":null}],"properties":{"id":"d52a29f3e50c9d3f8a8c85d847126fd9","type":"plug"},"reference":null},{"@id":186,"shape":{"type":"rect","xposition":"NaN","yposition":"NaN","width":"NaN","height":"NaN","shapeStyle":2},"labelManager":{"labels":[{"type":"textLabel","@id":187,"inputText":"Philipp","labelStyle":4,"shape":null,"layoutText":null}],"mainLabel":187},"portCompositions":[{"type":"portGroup","@id":188,"ordered":false,"portCompositions":[{"type":"port","@id":189,"shape":{"type":"rect","xposition":"NaN","yposition":"NaN","width":"NaN","height":"NaN","shapeStyle":2},"labelManager":{"labels":[{"type":"textLabel","@id":190,"inputText":"1","labelStyle":4,"shape":null,"layoutText":null}],"mainLabel":190},"properties":{"id":"4a394275ed597ac4d1886bfecec4f2b0"},"orientationAtVertex":"FREE","reference":null}],"properties":{},"reference":null}],"properties":{"id":"acbe06a83fb2e813c8e3966cd25e281a","type":"plug"},"reference":null},{"@id":191,"shape":{"type":"rect","xposition":"NaN","yposition":"NaN","width":"NaN","height":"NaN","shapeStyle":2},"labelManager":{"labels":[{"type":"textLabel","@id":192,"inputText":"Vincent","labelStyle":4,"shape":null,"layoutText":null}],"mainLabel":192},"portCompositions":[{"type":"portGroup","@id":193,"ordered":false,"portCompositions":[{"type":"port","@id":194,"shape":{"type":"rect","xposition":"NaN","yposition":"NaN","width":"NaN","height":"NaN","shapeStyle":2},"labelManager":{"labels":[{"type":"textLabel","@id":195,"inputText":"1","labelStyle":4,"shape":null,"layoutText":null}],"mainLabel":195},"properties":{"id":"85fff950fc26592c263bb94d61084add"},"orientationAtVertex":"FREE","reference":null},{"type":"port","@id":196,"shape":{"type":"rect","xposition":"NaN","yposition":"NaN","width":"NaN","height":"NaN","shapeStyle":2},"labelManager":{"labels":[{"type":"textLabel","@id":197,"inputText":"2","labelStyle":4,"shape":null,"layoutText":null}],"mainLabel":197},"properties":{"id":"8877cb89d87176ec4e579553f6d75f43"},"orientationAtVertex":"FREE","reference":null},{"type":"port","@id":198,"shape":{"type":"rect","xposition":"NaN","yposition":"NaN","width":"NaN","height":"NaN","shapeStyle":2},"labelManager":{"labels":[{"type":"textLabel","@id":199,"inputText":"3","labelStyle":4,"shape":null,"layoutText":null}],"mainLabel":199},"properties":{"id":"c10cd240f585e4a251c4c6f6d56dff93"},"orientationAtVertex":"FREE","reference":null}],"properties":{},"reference":null}],"properties":{"id":"f3bb93742f9befdfcec1f72faf7b3418","type":"plug"},"reference":null},{"@id":200,"shape":{"type":"rect","xposition":"NaN","yposition":"NaN","width":"NaN","height":"NaN","shapeStyle":2},"labelManager":{"labels":[{"type":"textLabel","@id":201,"inputText":"Liam","labelStyle":4,"shape":null,"layoutText":null}],"mainLabel":201},"portCompositions":[{"type":"portGroup","@id":202,"ordered":false,"portCompositions":[{"type":"port","@id":203,"shape":{"type":"rect","xposition":"NaN","yposition":"NaN","width":"NaN","height":"NaN","shapeStyle":2},"labelManager":{"labels":[{"type":"textLabel","@id":204,"inputText":"1","labelStyle":4,"shape":null,"layoutText":null}],"mainLabel":204},"properties":{"id":"64fa24572a36550d71999631c36e25d7"},"orientationAtVertex":"FREE","reference":null},{"type":"port","@id":205,"shape":{"type":"rect","xposition":"NaN","yposition":"NaN","width":"NaN","height":"NaN","shapeStyle":2},"labelManager":{"labels":[{"type":"textLabel","@id":206,"inputText":"2","labelStyle":4,"shape":null,"layoutText":null}],"mainLabel":206},"properties":{"id":"bd21e076692d411f012b3340c5499f89"},"orientationAtVertex":"FREE","reference":null},{"type":"port","@id":207,"shape":{"type":"rect","xposition":"NaN","yposition":"NaN","width":"NaN","height":"NaN","shapeStyle":2},"labelManager":{"labels":[{"type":"textLabel","@id":208,"inputText":"3","labelStyle":4,"shape":null,"layoutText":null}],"mainLabel":208},"properties":{"id":"24ebfdfc502dd7084963e234cac8f83c"},"orientationAtVertex":"FREE","reference":null}],"properties":{},"reference":null}],"properties":{"id":"b6a48b38284cebda3fe21675bae6e4ec","type":"plug"},"reference":null},{"@id":209,"shape":{"type":"rect","xposition":"NaN","yposition":"NaN","width":"NaN","height":"NaN","shapeStyle":2},"labelManager":{"labels":[{"type":"textLabel","@id":210,"inputText":"Maximilian","labelStyle":4,"shape":null,"layoutText":null}],"mainLabel":210},"portCompositions":[{"type":"portGroup","@id":211,"ordered":false,"portCompositions":[{"type":"port","@id":212,"shape":{"type":"rect","xposition":"NaN","yposition":"NaN","width":"NaN","height":"NaN","shapeStyle":2},"labelManager":{"labels":[{"type":"textLabel","@id":213,"inputText":"4","labelStyle":4,"shape":null,"layoutText":null}],"mainLabel":213},"properties":{"id":"8dd8d60d8552510d22ca1291948be230"},"orientationAtVertex":"FREE","reference":null},{"type":"port","@id":214,"shape":{"type":"rect","xposition":"NaN","yposition":"NaN","width":"NaN","height":"NaN","shapeStyle":2},"labelManager":{"labels":[{"type":"textLabel","@id":215,"inputText":"2","labelStyle":4,"shape":null,"layoutText":null}],"mainLabel":215},"properties":{"id":"c7f7bdb1c4d1ccb96f6cccfd6de02f4e"},"orientationAtVertex":"FREE","reference":null},{"type":"port","@id":216,"shape":{"type":"rect","xposition":"NaN","yposition":"NaN","width":"NaN","height":"NaN","shapeStyle":2},"labelManager":{"labels":[{"type":"textLabel","@id":217,"inputText":"1","labelStyle":4,"shape":null,"layoutText":null}],"mainLabel":217},"properties":{"id":"e0bef3be6f59c1fdcd86307a04d4b2e4"},"orientationAtVertex":"FREE","reference":null},{"type":"port","@id":218,"shape":{"type":"rect","xposition":"NaN","yposition":"NaN","width":"NaN","height":"NaN","shapeStyle":2},"labelManager":{"labels":[{"type":"textLabel","@id":219,"inputText":"3","labelStyle":4,"shape":null,"layoutText":null}],"mainLabel":219},"properties":{"id":"33c4a7e71b0dffbcc434499ba23c0388"},"orientationAtVertex":"FREE","reference":null}],"properties":{},"reference":null}],"properties":{"id":"023ee0ba5b3254c5f3a64e4faea8d26e","type":"plug"},"reference":null},{"@id":220,"shape":{"type":"rect","xposition":"NaN","yposition":"NaN","width":"NaN","height":"NaN","shapeStyle":2},"labelManager":{"labels":[{"type":"textLabel","@id":221,"inputText":"Benjamin","labelStyle":4,"shape":null,"layoutText":null}],"mainLabel":221},"portCompositions":[{"type":"portGroup","@id":222,"ordered":false,"portCompositions":[{"type":"port","@id":223,"shape":{"type":"rect","xposition":"NaN","yposition":"NaN","width":"NaN","height":"NaN","shapeStyle":2},"labelManager":{"labels":[{"type":"textLabel","@id":224,"inputText":"4","labelStyle":4,"shape":null,"layoutText":null}],"mainLabel":224},"properties":{"id":"c4cec1fe7a5e6f601360f71dcfdb8e4a"},"orientationAtVertex":"FREE","reference":null},{"type":"port","@id":225,"shape":{"type":"rect","xposition":"NaN","yposition":"NaN","width":"NaN","height":"NaN","shapeStyle":2},"labelManager":{"labels":[{"type":"textLabel","@id":226,"inputText":"2","labelStyle":4,"shape":null,"layoutText":null}],"mainLabel":226},"properties":{"id":"1d4c297425ca5d89262fa527cf216897"},"orientationAtVertex":"FREE","reference":null},{"type":"port","@id":227,"shape":{"type":"rect","xposition":"NaN","yposition":"NaN","width":"NaN","height":"NaN","shapeStyle":2},"labelManager":{"labels":[{"type":"textLabel","@id":228,"inputText":"1","labelStyle":4,"shape":null,"layoutText":null}],"mainLabel":228},"properties":{"id":"36842a431b8c9755af6be3b42478d08a"},"orientationAtVertex":"FREE","reference":null},{"type":"port","@id":229,"shape":{"type":"rect","xposition":"NaN","yposition":"NaN","width":"NaN","height":"NaN","shapeStyle":2},"labelManager":{"labels":[{"type":"textLabel","@id":230,"inputText":"3","labelStyle":4,"shape":null,"layoutText":null}],"mainLabel":230},"properties":{"id":"ef7ecd2161cdb38edb3a8fecdd90f625"},"orientationAtVertex":"FREE","reference":null}],"properties":{},"reference":null}],"properties":{"id":"0d541a13437cd3c824b74c3becd07503","type":"plug"},"reference":null},{"@id":231,"shape":{"type":"rect","xposition":"NaN","yposition":"NaN","width":"NaN","height":"NaN","shapeStyle":2},"labelManager":{"labels":[{"type":"textLabel","@id":232,"inputText":"Louis","labelStyle":4,"shape":null,"layoutText":null}],"mainLabel":232},"portCompositions":[{"type":"port","@id":233,"shape":{"type":"rect","xposition":"NaN","yposition":"NaN","width":"NaN","height":"NaN","shapeStyle":2},"labelManager":{"labels":[{"type":"textLabel","@id":234,"inputText":"1","labelStyle":4,"shape":null,"layoutText":null}],"mainLabel":234},"properties":{"id":"03b2ecd661087ab5c3b9e03295ca817b"},"orientationAtVertex":"FREE","reference":null}],"properties":{"id":"98ade3b6a1ae3185b2488b2882db33ec","type":"splice"},"reference":null},{"@id":235,"shape":{"type":"rect","xposition":"NaN","yposition":"NaN","width":"NaN","height":"NaN","shapeStyle":2},"labelManager":{"labels":[{"type":"textLabel","@id":236,"inputText":"Luis","labelStyle":4,"shape":null,"layoutText":null}],"mainLabel":236},"portCompositions":[{"type":"portGroup","@id":237,"ordered":false,"portCompositions":[{"type":"port","@id":238,"shape":{"type":"rect","xposition":"NaN","yposition":"NaN","width":"NaN","height":"NaN","shapeStyle":2},"labelManager":{"labels":[{"type":"textLabel","@id":239,"inputText":"2","labelStyle":4,"shape":null,"layoutText":null}],"mainLabel":239},"properties":{"id":"dc1bb55c1d249bf5ba9de4dc7265e459"},"orientationAtVertex":"FREE","reference":null},{"type":"port","@id":240,"shape":{"type":"rect","xposition":"NaN","yposition":"NaN","width":"NaN","height":"NaN","shapeStyle":2},"labelManager":{"labels":[{"type":"textLabel","@id":241,"inputText":"1","labelStyle":4,"shape":null,"layoutText":null}],"mainLabel":241},"properties":{"id":"2d5d82d3efabba924233cf8aac4e05d1"},"orientationAtVertex":"FREE","reference":null}],"properties":{},"reference":null}],"properties":{"id":"b982723060d6613c6c213852178d1998","type":"device"},"reference":null},{"@id":242,"shape":{"type":"rect","xposition":"NaN","yposition":"NaN","width":"NaN","height":"NaN","shapeStyle":2},"labelManager":{"labels":[{"type":"textLabel","@id":243,"inputText":"Anton","labelStyle":4,"shape":null,"layoutText":null}],"mainLabel":243},"portCompositions":[{"type":"portGroup","@id":244,"ordered":false,"portCompositions":[{"type":"port","@id":245,"shape":{"type":"rect","xposition":"NaN","yposition":"NaN","width":"NaN","height":"NaN","shapeStyle":2},"labelManager":{"labels":[{"type":"textLabel","@id":246,"inputText":"2","labelStyle":4,"shape":null,"layoutText":null}],"mainLabel":246},"properties":{"id":"744ca6966a7f6d88700cabb471a6a80a"},"orientationAtVertex":"FREE","reference":null},{"type":"port","@id":247,"shape":{"type":"rect","xposition":"NaN","yposition":"NaN","width":"NaN","height":"NaN","shapeStyle":2},"labelManager":{"labels":[{"type":"textLabel","@id":248,"inputText":"1","labelStyle":4,"shape":null,"layoutText":null}],"mainLabel":248},"properties":{"id":"b8fb96b9c7a2db371c3e9e2865f3c052"},"orientationAtVertex":"FREE","reference":null}],"properties":{},"reference":null}],"properties":{"id":"3ee222aea0c89643790e5138b046e884","type":"socket"},"reference":null},{"@id":249,"shape":{"type":"rect","xposition":"NaN","yposition":"NaN","width":"NaN","height":"NaN","shapeStyle":2},"labelManager":{"labels":[{"type":"textLabel","@id":250,"inputText":"Leonard","labelStyle":4,"shape":null,"layoutText":null}],"mainLabel":250},"portCompositions":[{"type":"portGroup","@id":251,"ordered":false,"portCompositions":[{"type":"port","@id":252,"shape":{"type":"rect","xposition":"NaN","yposition":"NaN","width":"NaN","height":"NaN","shapeStyle":2},"labelManager":{"labels":[{"type":"textLabel","@id":253,"inputText":"2","labelStyle":4,"shape":null,"layoutText":null}],"mainLabel":253},"properties":{"id":"00d41eeec89f0c4119fbe835f4c5bd88"},"orientationAtVertex":"FREE","reference":null},{"type":"port","@id":254,"shape":{"type":"rect","xposition":"NaN","yposition":"NaN","width":"NaN","height":"NaN","shapeStyle":2},"labelManager":{"labels":[{"type":"textLabel","@id":255,"inputText":"3","labelStyle":4,"shape":null,"layoutText":null}],"mainLabel":255},"properties":{"id":"50ea903f5e8f9362f88371451da85bd1"},"orientationAtVertex":"FREE","reference":null},{"type":"port","@id":256,"shape":{"type":"rect","xposition":"NaN","yposition":"NaN","width":"NaN","height":"NaN","shapeStyle":2},"labelManager":{"labels":[{"type":"textLabel","@id":257,"inputText":"4","labelStyle":4,"shape":null,"layoutText":null}],"mainLabel":257},"properties":{"id":"0582fe53880b331d9cc6a241de3bb71d"},"orientationAtVertex":"FREE","reference":null},{"type":"port","@id":258,"shape":{"type":"rect","xposition":"NaN","yposition":"NaN","width":"NaN","height":"NaN","shapeStyle":2},"labelManager":{"labels":[{"type":"textLabel","@id":259,"inputText":"1","labelStyle":4,"shape":null,"layoutText":null}],"mainLabel":259},"properties":{"id":"afeccc114896f25aca4f8f06461272a6"},"orientationAtVertex":"FREE","reference":null},{"type":"port","@id":260,"shape":{"type":"rect","xposition":"NaN","yposition":"NaN","width":"NaN","height":"NaN","shapeStyle":17},"labelManager":{"labels":[{"type":"textLabel","@id":261,"inputText":"5","labelStyle":19,"shape":null,"layoutText":null}],"mainLabel":261},"properties":{},"orientationAtVertex":"FREE","reference":null}],"properties":{},"reference":null}],"properties":{"id":"b427c9718a5c0e76bda5a8b83d436e04","type":"plug"},"reference":null},{"@id":262,"shape":{"type":"rect","xposition":"NaN","yposition":"NaN","width":"NaN","height":"NaN","shapeStyle":2},"labelManager":{"labels":[{"type":"textLabel","@id":263,"inputText":"Daniel","labelStyle":4,"shape":null,"layoutText":null}],"mainLabel":263},"portCompositions":[{"type":"portGroup","@id":264,"ordered":false,"portCompositions":[{"type":"port","@id":265,"shape":{"type":"rect","xposition":"NaN","yposition":"NaN","width":"NaN","height":"NaN","shapeStyle":2},"labelManager":{"labels":[{"type":"textLabel","@id":266,"inputText":"2","labelStyle":4,"shape":null,"layoutText":null}],"mainLabel":266},"properties":{"id":"94f8a53550180ae2dfbf436e93f2822f"},"orientationAtVertex":"FREE","reference":null},{"type":"port","@id":267,"shape":{"type":"rect","xposition":"NaN","yposition":"NaN","width":"NaN","height":"NaN","shapeStyle":2},"labelManager":{"labels":[{"type":"textLabel","@id":268,"inputText":"3","labelStyle":4,"shape":null,"layoutText":null}],"mainLabel":268},"properties":{"id":"bfb6230144d9a045517d60c3a9ea2a1d"},"orientationAtVertex":"FREE","reference":null},{"type":"port","@id":269,"shape":{"type":"rect","xposition":"NaN","yposition":"NaN","width":"NaN","height":"NaN","shapeStyle":2},"labelManager":{"labels":[{"type":"textLabel","@id":270,"inputText":"4","labelStyle":4,"shape":null,"layoutText":null}],"mainLabel":270},"properties":{"id":"318ad05fee05de84870cbc66126b7fc9"},"orientationAtVertex":"FREE","reference":null},{"type":"port","@id":271,"shape":{"type":"rect","xposition":"NaN","yposition":"NaN","width":"NaN","height":"NaN","shapeStyle":2},"labelManager":{"labels":[{"type":"textLabel","@id":272,"inputText":"1","labelStyle":4,"shape":null,"layoutText":null}],"mainLabel":272},"properties":{"id":"0066608abac9139cd327a2bf14c64c3e"},"orientationAtVertex":"FREE","reference":null},{"type":"port","@id":273,"shape":{"type":"rect","xposition":"NaN","yposition":"NaN","width":"NaN","height":"NaN","shapeStyle":17},"labelManager":{"labels":[{"type":"textLabel","@id":274,"inputText":"5","labelStyle":19,"shape":null,"layoutText":null}],"mainLabel":274},"properties":{},"orientationAtVertex":"FREE","reference":null}],"properties":{},"reference":null}],"properties":{"id":"85d712f3a004ecc4a16b73d349fdebc3","type":"plug"},"reference":null},{"@id":275,"shape":{"type":"rect","xposition":"NaN","yposition":"NaN","width":"NaN","height":"NaN","shapeStyle":2},"labelManager":{"labels":[{"type":"textLabel","@id":276,"inputText":"Theo","labelStyle":4,"shape":null,"layoutText":null}],"mainLabel":276},"portCompositions":[{"type":"portGroup","@id":277,"ordered":false,"portCompositions":[{"type":"port","@id":278,"shape":{"type":"rect","xposition":"NaN","yposition":"NaN","width":"NaN","height":"NaN","shapeStyle":2},"labelManager":{"labels":[{"type":"textLabel","@id":279,"inputText":"1","labelStyle":4,"shape":null,"layoutText":null}],"mainLabel":279},"properties":{"id":"0c2e1895992c108ee8a1555461c5ed52"},"orientationAtVertex":"FREE","reference":null},{"type":"port","@id":280,"shape":{"type":"rect","xposition":"NaN","yposition":"NaN","width":"NaN","height":"NaN","shapeStyle":2},"labelManager":{"labels":[{"type":"textLabel","@id":281,"inputText":"2","labelStyle":4,"shape":null,"layoutText":null}],"mainLabel":281},"properties":{"id":"af5157b65eb819b8785bfe3320f3d829"},"orientationAtVertex":"FREE","reference":null}],"properties":{},"reference":null}],"properties":{"id":"4dda66c7f7ba4c115cf59cd5923bce04","type":"plug"},"reference":null},{"@id":282,"shape":{"type":"rect","xposition":"NaN","yposition":"NaN","width":"NaN","height":"NaN","shapeStyle":2},"labelManager":{"labels":[{"type":"textLabel","@id":283,"inputText":"Simon","labelStyle":4,"shape":null,"layoutText":null}],"mainLabel":283},"portCompositions":[{"type":"portGroup","@id":284,"ordered":false,"portCompositions":[{"type":"port","@id":285,"shape":{"type":"rect","xposition":"NaN","yposition":"NaN","width":"NaN","height":"NaN","shapeStyle":2},"labelManager":{"labels":[{"type":"textLabel","@id":286,"inputText":"1","labelStyle":4,"shape":null,"layoutText":null}],"mainLabel":286},"properties":{"id":"151a35c10a2ffbf93ae94e5f00e058e9"},"orientationAtVertex":"FREE","reference":null},{"type":"port","@id":287,"shape":{"type":"rect","xposition":"NaN","yposition":"NaN","width":"NaN","height":"NaN","shapeStyle":2},"labelManager":{"labels":[{"type":"textLabel","@id":288,"inputText":"2","labelStyle":4,"shape":null,"layoutText":null}],"mainLabel":288},"properties":{"id":"7ce07f76d7e53cc36b2ba83262a3c222"},"orientationAtVertex":"FREE","reference":null}],"properties":{},"reference":null}],"properties":{"id":"f05c8de7932162d67af624cba14ba81e","type":"plug"},"reference":null},{"@id":289,"shape":{"type":"rect","xposition":"NaN","yposition":"NaN","width":"NaN","height":"NaN","shapeStyle":2},"labelManager":{"labels":[{"type":"textLabel","@id":290,"inputText":"Elias","labelStyle":4,"shape":null,"layoutText":null}],"mainLabel":290},"portCompositions":[{"type":"port","@id":291,"shape":{"type":"rect","xposition":"NaN","yposition":"NaN","width":"NaN","height":"NaN","shapeStyle":2},"labelManager":{"labels":[{"type":"textLabel","@id":292,"inputText":"1","labelStyle":4,"shape":null,"layoutText":null}],"mainLabel":292},"properties":{"id":"78ee57d9aad68731ec79c5837b468934"},"orientationAtVertex":"FREE","reference":null}],"properties":{"id":"0679f9429c8af5fdcd2a06f2a0492597","type":"splice"},"reference":null},{"@id":293,"shape":{"type":"rect","xposition":"NaN","yposition":"NaN","width":"NaN","height":"NaN","shapeStyle":2},"labelManager":{"labels":[{"type":"textLabel","@id":294,"inputText":"Luca","labelStyle":4,"shape":null,"layoutText":null}],"mainLabel":294},"portCompositions":[{"type":"port","@id":295,"shape":{"type":"rect","xposition":"NaN","yposition":"NaN","width":"NaN","height":"NaN","shapeStyle":2},"labelManager":{"labels":[{"type":"textLabel","@id":296,"inputText":"1","labelStyle":4,"shape":null,"layoutText":null}],"mainLabel":296},"properties":{"id":"7b63bc8403ea534d02bed68d1ea3289e"},"orientationAtVertex":"FREE","reference":null}],"properties":{"id":"02273d4f98e576fafe3eb1bf3efea2b8","type":"splice"},"reference":null},{"@id":297,"shape":{"type":"rect","xposition":"NaN","yposition":"NaN","width":"NaN","height":"NaN","shapeStyle":2},"labelManager":{"labels":[{"type":"textLabel","@id":298,"inputText":"Alexander","labelStyle":4,"shape":null,"layoutText":null}],"mainLabel":298},"portCompositions":[{"type":"portGroup","@id":299,"ordered":false,"portCompositions":[{"type":"port","@id":300,"shape":{"type":"rect","xposition":"NaN","yposition":"NaN","width":"NaN","height":"NaN","shapeStyle":2},"labelManager":{"labels":[{"type":"textLabel","@id":301,"inputText":"2","labelStyle":4,"shape":null,"layoutText":null}],"mainLabel":301},"properties":{"id":"e23375dc716a62f0d247de6f308af96e"},"orientationAtVertex":"FREE","reference":null},{"type":"port","@id":302,"shape":{"type":"rect","xposition":"NaN","yposition":"NaN","width":"NaN","height":"NaN","shapeStyle":2},"labelManager":{"labels":[{"type":"textLabel","@id":303,"inputText":"1","labelStyle":4,"shape":null,"layoutText":null}],"mainLabel":303},"properties":{"id":"4d0646ddca614a0f1129afe2c107883f"},"orientationAtVertex":"FREE","reference":null}],"properties":{},"reference":null}],"properties":{"id":"13035e45482c6ffd7a05577d6ed7b1cc","type":"plug"},"reference":null},{"@id":304,"shape":{"type":"rect","xposition":"NaN","yposition":"NaN","width":"NaN","height":"NaN","shapeStyle":2},"labelManager":{"labels":[{"type":"textLabel","@id":305,"inputText":"Lukas","labelStyle":4,"shape":null,"layoutText":null}],"mainLabel":305},"portCompositions":[{"type":"portGroup","@id":306,"ordered":false,"portCompositions":[{"type":"port","@id":307,"shape":{"type":"rect","xposition":"NaN","yposition":"NaN","width":"NaN","height":"NaN","shapeStyle":2},"labelManager":{"labels":[{"type":"textLabel","@id":308,"inputText":"2","labelStyle":4,"shape":null,"layoutText":null}],"mainLabel":308},"properties":{"id":"2a30bd7f35a3eeb039d44c6c5addc546"},"orientationAtVertex":"FREE","reference":null},{"type":"port","@id":309,"shape":{"type":"rect","xposition":"NaN","yposition":"NaN","width":"NaN","height":"NaN","shapeStyle":2},"labelManager":{"labels":[{"type":"textLabel","@id":310,"inputText":"1","labelStyle":4,"shape":null,"layoutText":null}],"mainLabel":310},"properties":{"id":"d52dd8b7bff379f3e632eb56361aad1e"},"orientationAtVertex":"FREE","reference":null}],"properties":{},"reference":null}],"properties":{"id":"f9be8af871edb59b4a49480d3c1e8231","type":"plug"},"reference":null},{"@id":311,"shape":{"type":"rect","xposition":"NaN","yposition":"NaN","width":"NaN","height":"NaN","shapeStyle":2},"labelManager":{"labels":[{"type":"textLabel","@id":312,"inputText":"Johannes","labelStyle":4,"shape":null,"layoutText":null}],"mainLabel":312},"portCompositions":[{"type":"portGroup","@id":313,"ordered":false,"portCompositions":[{"type":"port","@id":314,"shape":{"type":"rect","xposition":"NaN","yposition":"NaN","width":"NaN","height":"NaN","shapeStyle":2},"labelManager":{"labels":[{"type":"textLabel","@id":315,"inputText":"9","labelStyle":4,"shape":null,"layoutText":null}],"mainLabel":315},"properties":{"id":"1cca72b6fe0074ae45c27453fe9677c9"},"orientationAtVertex":"FREE","reference":null},{"type":"port","@id":316,"shape":{"type":"rect","xposition":"NaN","yposition":"NaN","width":"NaN","height":"NaN","shapeStyle":2},"labelManager":{"labels":[{"type":"textLabel","@id":317,"inputText":"6","labelStyle":4,"shape":null,"layoutText":null}],"mainLabel":317},"properties":{"id":"50146ab45878a4eb649184ab38bc83fd"},"orientationAtVertex":"FREE","reference":null},{"type":"port","@id":318,"shape":{"type":"rect","xposition":"NaN","yposition":"NaN","width":"NaN","height":"NaN","shapeStyle":2},"labelManager":{"labels":[{"type":"textLabel","@id":319,"inputText":"1","labelStyle":4,"shape":null,"layoutText":null}],"mainLabel":319},"properties":{"id":"3b6f466b4023e3347f79853a22a49cfa"},"orientationAtVertex":"FREE","reference":null},{"type":"port","@id":320,"shape":{"type":"rect","xposition":"NaN","yposition":"NaN","width":"NaN","height":"NaN","shapeStyle":2},"labelManager":{"labels":[{"type":"textLabel","@id":321,"inputText":"3","labelStyle":4,"shape":null,"layoutText":null}],"mainLabel":321},"properties":{"id":"60750ed15f7e03790ceb8bf33890918c"},"orientationAtVertex":"FREE","reference":null},{"type":"port","@id":322,"shape":{"type":"rect","xposition":"NaN","yposition":"NaN","width":"NaN","height":"NaN","shapeStyle":2},"labelManager":{"labels":[{"type":"textLabel","@id":323,"inputText":"8","labelStyle":4,"shape":null,"layoutText":null}],"mainLabel":323},"properties":{"id":"ffed73a8a750f0ff5d3898bf21fa4e54"},"orientationAtVertex":"FREE","reference":null},{"type":"port","@id":324,"shape":{"type":"rect","xposition":"NaN","yposition":"NaN","width":"NaN","height":"NaN","shapeStyle":2},"labelManager":{"labels":[{"type":"textLabel","@id":325,"inputText":"7","labelStyle":4,"shape":null,"layoutText":null}],"mainLabel":325},"properties":{"id":"bee2c4998420876facd72806cd781459"},"orientationAtVertex":"FREE","reference":null},{"type":"port","@id":326,"shape":{"type":"rect","xposition":"NaN","yposition":"NaN","width":"NaN","height":"NaN","shapeStyle":2},"labelManager":{"labels":[{"type":"textLabel","@id":327,"inputText":"2","labelStyle":4,"shape":null,"layoutText":null}],"mainLabel":327},"properties":{"id":"72c7dbbcec0d03c19dad6e7fa0fd4053"},"orientationAtVertex":"FREE","reference":null},{"type":"port","@id":328,"shape":{"type":"rect","xposition":"NaN","yposition":"NaN","width":"NaN","height":"NaN","shapeStyle":2},"labelManager":{"labels":[{"type":"textLabel","@id":329,"inputText":"4","labelStyle":4,"shape":null,"layoutText":null}],"mainLabel":329},"properties":{"id":"541e805ce5e6379b7f9a7b0307921be3"},"orientationAtVertex":"FREE","reference":null},{"type":"port","@id":330,"shape":{"type":"rect","xposition":"NaN","yposition":"NaN","width":"NaN","height":"NaN","shapeStyle":2},"labelManager":{"labels":[{"type":"textLabel","@id":331,"inputText":"5","labelStyle":4,"shape":null,"layoutText":null}],"mainLabel":331},"properties":{"id":"8ae77b8df32b25cd7a6f371f7ed16b2f"},"orientationAtVertex":"FREE","reference":null}],"properties":{},"reference":null}],"properties":{"id":"aa1f25476d0a35242beaee544bf2cfb8","type":"device"},"reference":null},{"@id":332,"shape":{"type":"rect","xposition":"NaN","yposition":"NaN","width":"NaN","height":"NaN","shapeStyle":2},"labelManager":{"labels":[{"type":"textLabel","@id":333,"inputText":"Niklas","labelStyle":4,"shape":null,"layoutText":null}],"mainLabel":333},"portCompositions":[{"type":"portGroup","@id":334,"ordered":false,"portCompositions":[{"type":"port","@id":335,"shape":{"type":"rect","xposition":"NaN","yposition":"NaN","width":"NaN","height":"NaN","shapeStyle":2},"labelManager":{"labels":[{"type":"textLabel","@id":336,"inputText":"9","labelStyle":4,"shape":null,"layoutText":null}],"mainLabel":336},"properties":{"id":"434a7a45b0f9719f789bd86dd8eb087b"},"orientationAtVertex":"FREE","reference":null},{"type":"port","@id":337,"shape":{"type":"rect","xposition":"NaN","yposition":"NaN","width":"NaN","height":"NaN","shapeStyle":2},"labelManager":{"labels":[{"type":"textLabel","@id":338,"inputText":"6","labelStyle":4,"shape":null,"layoutText":null}],"mainLabel":338},"properties":{"id":"bba9ce5158c9e23bfdcb5dd8e7b70919"},"orientationAtVertex":"FREE","reference":null},{"type":"port","@id":339,"shape":{"type":"rect","xposition":"NaN","yposition":"NaN","width":"NaN","height":"NaN","shapeStyle":2},"labelManager":{"labels":[{"type":"textLabel","@id":340,"inputText":"1","labelStyle":4,"shape":null,"layoutText":null}],"mainLabel":340},"properties":{"id":"6c97df480fb202f7813415757705bfc0"},"orientationAtVertex":"FREE","reference":null},{"type":"port","@id":341,"shape":{"type":"rect","xposition":"NaN","yposition":"NaN","width":"NaN","height":"NaN","shapeStyle":2},"labelManager":{"labels":[{"type":"textLabel","@id":342,"inputText":"3","labelStyle":4,"shape":null,"layoutText":null}],"mainLabel":342},"properties":{"id":"28340739e88d3826b7bf7375833da94d"},"orientationAtVertex":"FREE","reference":null},{"type":"port","@id":343,"shape":{"type":"rect","xposition":"NaN","yposition":"NaN","width":"NaN","height":"NaN","shapeStyle":2},"labelManager":{"labels":[{"type":"textLabel","@id":344,"inputText":"8","labelStyle":4,"shape":null,"layoutText":null}],"mainLabel":344},"properties":{"id":"ad75ac75c2358fb143e71b7878566aa7"},"orientationAtVertex":"FREE","reference":null},{"type":"port","@id":345,"shape":{"type":"rect","xposition":"NaN","yposition":"NaN","width":"NaN","height":"NaN","shapeStyle":2},"labelManager":{"labels":[{"type":"textLabel","@id":346,"inputText":"7","labelStyle":4,"shape":null,"layoutText":null}],"mainLabel":346},"properties":{"id":"d42e147a59b04c3db2d4cbbb1d19e938"},"orientationAtVertex":"FREE","reference":null},{"type":"port","@id":347,"shape":{"type":"rect","xposition":"NaN","yposition":"NaN","width":"NaN","height":"NaN","shapeStyle":2},"labelManager":{"labels":[{"type":"textLabel","@id":348,"inputText":"2","labelStyle":4,"shape":null,"layoutText":null}],"mainLabel":348},"properties":{"id":"dd3c5438313e99b54d6e33d236ecbbd4"},"orientationAtVertex":"FREE","reference":null},{"type":"port","@id":349,"shape":{"type":"rect","xposition":"NaN","yposition":"NaN","width":"NaN","height":"NaN","shapeStyle":2},"labelManager":{"labels":[{"type":"textLabel","@id":350,"inputText":"4","labelStyle":4,"shape":null,"layoutText":null}],"mainLabel":350},"properties":{"id":"8556e9992ecd12a690de1926c21e71c9"},"orientationAtVertex":"FREE","reference":null},{"type":"port","@id":351,"shape":{"type":"rect","xposition":"NaN","yposition":"NaN","width":"NaN","height":"NaN","shapeStyle":2},"labelManager":{"labels":[{"type":"textLabel","@id":352,"inputText":"5","labelStyle":4,"shape":null,"layoutText":null}],"mainLabel":352},"properties":{"id":"ed9ca18b7bafd853207bba49523e6c0e"},"orientationAtVertex":"FREE","reference":null}],"properties":{},"reference":null}],"properties":{"id":"14992b6240155b286b378f7b3045b0b3","type":"socket"},"reference":null},{"@id":353,"shape":{"type":"rect","xposition":"NaN","yposition":"NaN","width":"NaN","height":"NaN","shapeStyle":2},"labelManager":{"labels":[{"type":"textLabel","@id":354,"inputText":"Johann","labelStyle":4,"shape":null,"layoutText":null}],"mainLabel":354},"portCompositions":[{"type":"port","@id":355,"shape":{"type":"rect","xposition":"NaN","yposition":"NaN","width":"NaN","height":"NaN","shapeStyle":2},"labelManager":{"labels":[{"type":"textLabel","@id":356,"inputText":"1","labelStyle":4,"shape":null,"layoutText":null}],"mainLabel":356},"properties":{"id":"a7b628d9fd189e514728aa41ac26bc51"},"orientationAtVertex":"FREE","reference":null}],"properties":{"id":"3d17e6be3d6b93790ca6e276066f333b","type":"splice"},"reference":null},{"@id":357,"shape":null,"labelManager":{"labels":[{"type":"textLabel","@id":358,"inputText":"Ben","labelStyle":19,"shape":null,"layoutText":null}],"mainLabel":358},"portCompositions":[{"type":"portGroup","@id":359,"ordered":false,"portCompositions":[{"type":"port","@id":360,"shape":{"type":"rect","xposition":"NaN","yposition":"NaN","width":"NaN","height":"NaN","shapeStyle":17},"labelManager":{"labels":[{"type":"textLabel","@id":361,"inputText":"1","labelStyle":19,"shape":null,"layoutText":null}],"mainLabel":361},"properties":{},"orientationAtVertex":"FREE","reference":null}],"properties":{},"reference":null}],"properties":{},"reference":null},{"@id":362,"shape":null,"labelManager":{"labels":[{"type":"textLabel","@id":363,"inputText":"Henry","labelStyle":19,"shape":null,"layoutText":null}],"mainLabel":363},"portCompositions":[{"type":"portGroup","@id":364,"ordered":false,"portCompositions":[{"type":"port","@id":365,"shape":{"type":"rect","xposition":"NaN","yposition":"NaN","width":"NaN","height":"NaN","shapeStyle":17},"labelManager":{"labels":[{"type":"textLabel","@id":366,"inputText":"1","labelStyle":19,"shape":null,"layoutText":null}],"mainLabel":366},"properties":{},"orientationAtVertex":"FREE","reference":null}],"properties":{},"reference":null}],"properties":{},"reference":null},{"@id":367,"shape":null,"labelManager":{"labels":[{"type":"textLabel","@id":368,"inputText":"Gabriel","labelStyle":19,"shape":null,"layoutText":null}],"mainLabel":368},"portCompositions":[{"type":"portGroup","@id":369,"ordered":false,"portCompositions":[{"type":"port","@id":370,"shape":{"type":"rect","xposition":"NaN","yposition":"NaN","width":"NaN","height":"NaN","shapeStyle":17},"labelManager":{"labels":[{"type":"textLabel","@id":371,"inputText":"1","labelStyle":19,"shape":null,"layoutText":null}],"mainLabel":371},"properties":{},"orientationAtVertex":"FREE","reference":null}],"properties":{},"reference":null}],"properties":{},"reference":null},{"@id":372,"shape":null,"labelManager":{"labels":[{"type":"textLabel","@id":373,"inputText":"Tim","labelStyle":19,"shape":null,"layoutText":null}],"mainLabel":373},"portCompositions":[{"type":"portGroup","@id":374,"ordered":false,"portCompositions":[{"type":"port","@id":375,"shape":{"type":"rect","xposition":"NaN","yposition":"NaN","width":"NaN","height":"NaN","shapeStyle":17},"labelManager":{"labels":[{"type":"textLabel","@id":376,"inputText":"1","labelStyle":19,"shape":null,"layoutText":null}],"mainLabel":376},"properties":{},"orientationAtVertex":"FREE","reference":null}],"properties":{},"reference":null}],"properties":{},"reference":null},{"@id":377,"shape":null,"labelManager":{"labels":[{"type":"textLabel","@id":378,"inputText":"Samuel","labelStyle":19,"shape":null,"layoutText":null}],"mainLabel":378},"portCompositions":[{"type":"portGroup","@id":379,"ordered":false,"portCompositions":[{"type":"port","@id":380,"shape":{"type":"rect","xposition":"NaN","yposition":"NaN","width":"NaN","height":"NaN","shapeStyle":17},"labelManager":{"labels":[{"type":"textLabel","@id":381,"inputText":"1","labelStyle":19,"shape":null,"layoutText":null}],"mainLabel":381},"properties":{},"orientationAtVertex":"FREE","reference":null}],"properties":{},"reference":null}],"properties":{},"reference":null},{"@id":382,"shape":null,"labelManager":{"labels":[{"type":"textLabel","@id":383,"inputText":"Jonathan","labelStyle":19,"shape":null,"layoutText":null}],"mainLabel":383},"portCompositions":[{"type":"portGroup","@id":384,"ordered":false,"portCompositions":[{"type":"port","@id":385,"shape":{"type":"rect","xposition":"NaN","yposition":"NaN","width":"NaN","height":"NaN","shapeStyle":17},"labelManager":{"labels":[{"type":"textLabel","@id":386,"inputText":"2","labelStyle":19,"shape":null,"layoutText":null}],"mainLabel":386},"properties":{},"orientationAtVertex":"FREE","reference":null},{"type":"port","@id":387,"shape":{"type":"rect","xposition":"NaN","yposition":"NaN","width":"NaN","height":"NaN","shapeStyle":17},"labelManager":{"labels":[{"type":"textLabel","@id":388,"inputText":"1","labelStyle":19,"shape":null,"layoutText":null}],"mainLabel":388},"properties":{},"orientationAtVertex":"FREE","reference":null}],"properties":{},"reference":null}],"properties":{},"reference":null},{"@id":389,"shape":null,"labelManager":{"labels":[{"type":"textLabel","@id":390,"inputText":"Noah","labelStyle":19,"shape":null,"layoutText":null}],"mainLabel":390},"portCompositions":[{"type":"portGroup","@id":391,"ordered":false,"portCompositions":[{"type":"port","@id":392,"shape":{"type":"rect","xposition":"NaN","yposition":"NaN","width":"NaN","height":"NaN","shapeStyle":17},"labelManager":{"labels":[{"type":"textLabel","@id":393,"inputText":"2","labelStyle":19,"shape":null,"layoutText":null}],"mainLabel":393},"properties":{},"orientationAtVertex":"FREE","reference":null},{"type":"port","@id":394,"shape":{"type":"rect","xposition":"NaN","yposition":"NaN","width":"NaN","height":"NaN","shapeStyle":17},"labelManager":{"labels":[{"type":"textLabel","@id":395,"inputText":"1","labelStyle":19,"shape":null,"layoutText":null}],"mainLabel":395},"properties":{},"orientationAtVertex":"FREE","reference":null}],"properties":{},"reference":null}],"properties":{},"reference":null},{"@id":396,"shape":null,"labelManager":{"labels":[{"type":"textLabel","@id":397,"inputText":"Mats","labelStyle":19,"shape":null,"layoutText":null}],"mainLabel":397},"portCompositions":[{"type":"portGroup","@id":398,"ordered":false,"portCompositions":[{"type":"port","@id":399,"shape":{"type":"rect","xposition":"NaN","yposition":"NaN","width":"NaN","height":"NaN","shapeStyle":17},"labelManager":{"labels":[{"type":"textLabel","@id":400,"inputText":"1","labelStyle":19,"shape":null,"layoutText":null}],"mainLabel":400},"properties":{},"orientationAtVertex":"FREE","reference":null}],"properties":{},"reference":null}],"properties":{},"reference":null},{"@id":401,"shape":null,"labelManager":{"labels":[{"type":"textLabel","@id":402,"inputText":"Maximilian","labelStyle":19,"shape":null,"layoutText":null}],"mainLabel":402},"portCompositions":[{"type":"portGroup","@id":403,"ordered":false,"portCompositions":[{"type":"port","@id":404,"shape":{"type":"rect","xposition":"NaN","yposition":"NaN","width":"NaN","height":"NaN","shapeStyle":17},"labelManager":{"labels":[{"type":"textLabel","@id":405,"inputText":"1","labelStyle":19,"shape":null,"layoutText":null}],"mainLabel":405},"properties":{},"orientationAtVertex":"FREE","reference":null}],"properties":{},"reference":null}],"properties":{},"reference":null}],"vertexGroups":[{"@id":406,"drawnFrame":false,"labelManager":{"labels":[],"mainLabel":null},"shape":null,"containedVertices":[11,20],"containedVertexGroups":[],"touchingPairs":[{"vertex0":11,"horizontalPlacementVertex0":"FREE","verticalPlacementVertex0":"TOP","vertex1":20,"horizontalPlacementVertex1":"FREE","verticalPlacementVertex1":"FREE"}],"portPairings":[{"port0":14,"port1":23},{"port0":16,"port1":25}],"properties":{},"reference":null},{"@id":407,"drawnFrame":false,"labelManager":{"labels":[],"mainLabel":null},"shape":null,"containedVertices":[27,38],"containedVertexGroups":[],"touchingPairs":[{"vertex0":27,"horizontalPlacementVertex0":"FREE","verticalPlacementVertex0":"TOP","vertex1":38,"horizontalPlacementVertex1":"FREE","verticalPlacementVertex1":"FREE"}],"portPairings":[{"port0":32,"port1":43},{"port0":34,"port1":45},{"port0":30,"port1":41},{"port0":36,"port1":47}],"properties":{},"reference":null},{"@id":408,"drawnFrame":false,"labelManager":{"labels":[],"mainLabel":null},"shape":null,"containedVertices":[53,64],"containedVertexGroups":[],"touchingPairs":[{"vertex0":53,"horizontalPlacementVertex0":"FREE","verticalPlacementVertex0":"TOP","vertex1":64,"horizontalPlacementVertex1":"FREE","verticalPlacementVertex1":"FREE"}],"portPairings":[{"port0":60,"port1":71},{"port0":58,"port1":69},{"port0":56,"port1":67},{"port0":62,"port1":73}],"properties":{},"reference":null},{"@id":409,"drawnFrame":false,"labelManager":{"labels":[],"mainLabel":null},"shape":null,"containedVertices":[83,94],"containedVertexGroups":[],"touchingPairs":[{"vertex0":83,"horizontalPlacementVertex0":"FREE","verticalPlacementVertex0":"TOP","vertex1":94,"horizontalPlacementVertex1":"FREE","verticalPlacementVertex1":"FREE"}],"portPairings":[{"port0":88,"port1":99},{"port0":90,"port1":101},{"port0":92,"port1":103},{"port0":86,"port1":97}],"properties":{},"reference":null},{"@id":410,"drawnFrame":false,"labelManager":{"labels":[],"mainLabel":null},"shape":null,"containedVertices":[105,118],"containedVertexGroups":[],"touchingPairs":[{"vertex0":105,"horizontalPlacementVertex0":"FREE","verticalPlacementVertex0":"TOP","vertex1":118,"horizontalPlacementVertex1":"FREE","verticalPlacementVertex1":"FREE"}],"portPairings":[{"port0":108,"port1":121},{"port0":112,"port1":125},{"port0":114,"port1":127},{"port0":110,"port1":123},{"port0":116,"port1":129}],"properties":{},"reference":null},{"@id":411,"drawnFrame":false,"labelManager":{"labels":[],"mainLabel":null},"shape":null,"containedVertices":[131,142],"containedVertexGroups":[],"touchingPairs":[{"vertex0":131,"horizontalPlacementVertex0":"FREE","verticalPlacementVertex0":"TOP","vertex1":142,"horizontalPlacementVertex1":"FREE","verticalPlacementVertex1":"FREE"}],"portPairings":[{"port0":136,"port1":147},{"port0":134,"port1":145},{"port0":138,"port1":149},{"port0":140,"port1":151}],"properties":{},"reference":null},{"@id":412,"drawnFrame":false,"labelManager":{"labels":[],"mainLabel":null},"shape":null,"containedVertices":[153,158],"containedVertexGroups":[],"touchingPairs":[{"vertex0":153,"horizontalPlacementVertex0":"FREE","verticalPlacementVertex0":"TOP","vertex1":158,"horizontalPlacementVertex1":"FREE","verticalPlacementVertex1":"FREE"}],"portPairings":[{"port0":156,"port1":161}],"properties":{},"reference":null},{"@id":413,"drawnFrame":false,"labelManager":{"labels":[],"mainLabel":null},"shape":null,"containedVertices":[163,172],"containedVertexGroups":[],"touchingPairs":[{"vertex0":163,"horizontalPlacementVertex0":"FREE","verticalPlacementVertex0":"TOP","vertex1":172,"horizontalPlacementVertex1":"FREE","verticalPlacementVertex1":"FREE"}],"portPairings":[{"port0":166,"port1":175},{"port0":168,"port1":177},{"port0":170,"port1":179}],"properties":{},"reference":null},{"@id":414,"drawnFrame":false,"labelManager":{"labels":[],"mainLabel":null},"shape":null,"containedVertices":[181,186],"containedVertexGroups":[],"touchingPairs":[{"vertex0":181,"horizontalPlacementVertex0":"FREE","verticalPlacementVertex0":"TOP","vertex1":186,"horizontalPlacementVertex1":"FREE","verticalPlacementVertex1":"FREE"}],"portPairings":[{"port0":184,"port1":189}],"properties":{},"reference":null},{"@id":415,"drawnFrame":false,"labelManager":{"labels":[],"mainLabel":null},"shape":null,"containedVertices":[191,200],"containedVertexGroups":[],"touchingPairs":[{"vertex0":191,"horizontalPlacementVertex0":"FREE","verticalPlacementVertex0":"TOP","vertex1":200,"horizontalPlacementVertex1":"FREE","verticalPlacementVertex1":"FREE"}],"portPairings":[{"port0":198,"port1":207},{"port0":196,"port1":205},{"port0":194,"port1":203}],"properties":{},"reference":null},{"@id":416,"drawnFrame":false,"labelManager":{"labels":[],"mainLabel":null},"shape":null,"containedVertices":[209,220],"containedVertexGroups":[],"touchingPairs":[{"vertex0":209,"horizontalPlacementVertex0":"FREE","verticalPlacementVertex0":"TOP","vertex1":220,"horizontalPlacementVertex1":"FREE","verticalPlacementVertex1":"FREE"}],"portPairings":[{"port0":212,"port1":223},{"port0":214,"port1":225},{"port0":218,"port1":229},{"port0":216,"port1":227}],"properties":{},"reference":null},{"@id":417,"drawnFrame":false,"labelManager":{"labels":[],"mainLabel":null},"shape":null,"containedVertices":[235,242],"containedVertexGroups":[],"touchingPairs":[{"vertex0":235,"horizontalPlacementVertex0":"FREE","verticalPlacementVertex0":"TOP","vertex1":242,"horizontalPlacementVertex1":"FREE","verticalPlacementVertex1":"FREE"}],"portPairings":[{"port0":238,"port1":245},{"port0":240,"port1":247}],"properties":{},"reference":null},{"@id":418,"drawnFrame":false,"labelManager":{"labels":[],"mainLabel":null},"shape":null,"containedVertices":[249,262],"containedVertexGroups":[],"touchingPairs":[{"vertex0":249,"horizontalPlacementVertex0":"FREE","verticalPlacementVertex0":"TOP","vertex1":262,"horizontalPlacementVertex1":"FREE","verticalPlacementVertex1":"FREE"}],"portPairings":[{"port0":258,"port1":271},{"port0":254,"port1":267},{"port0":256,"port1":269},{"port0":252,"port1":265},{"port0":260,"port1":273}],"properties":{},"reference":null},{"@id":419,"drawnFrame":false,"labelManager":{"labels":[],"mainLabel":null},"shape":null,"containedVertices":[275,282],"containedVertexGroups":[],"touchingPairs":[{"vertex0":275,"horizontalPlacementVertex0":"FREE","verticalPlacementVertex0":"TOP","vertex1":282,"horizontalPlacementVertex1":"FREE","verticalPlacementVertex1":"FREE"}],"portPairings":[{"port0":280,"port1":287},{"port0":278,"port1":285}],"properties":{},"reference":null},{"@id":420,"drawnFrame":false,"labelManager":{"labels":[],"mainLabel":null},"shape":null,"containedVertices":[297,304],"containedVertexGroups":[],"touchingPairs":[{"vertex0":297,"horizontalPlacementVertex0":"FREE","verticalPlacementVertex0":"TOP","vertex1":304,"horizontalPlacementVertex1":"FREE","verticalPlacementVertex1":"FREE"}],"portPairings":[{"port0":302,"port1":309},{"port0":300,"port1":307}],"properties":{},"reference":null},{"@id":421,"drawnFrame":false,"labelManager":{"labels":[],"mainLabel":null},"shape":null,"containedVertices":[311,332],"containedVertexGroups":[],"touchingPairs":[{"vertex0":311,"horizontalPlacementVertex0":"FREE","verticalPlacementVertex0":"TOP","vertex1":332,"horizontalPlacementVertex1":"FREE","verticalPlacementVertex1":"FREE"}],"portPairings":[{"port0":318,"port1":339},{"port0":316,"port1":337},{"port0":330,"port1":351},{"port0":324,"port1":345},{"port0":322,"port1":343},{"port0":314,"port1":335},{"port0":320,"port1":341},{"port0":326,"port1":347},{"port0":328,"port1":349}],"properties":{},"reference":null},{"@id":422,"drawnFrame":false,"labelManager":{"labels":[],"mainLabel":null},"shape":null,"containedVertices":[362,367],"containedVertexGroups":[],"touchingPairs":[{"vertex0":362,"horizontalPlacementVertex0":"FREE","verticalPlacementVertex0":"FREE","vertex1":367,"horizontalPlacementVertex1":"FREE","verticalPlacementVertex1":"FREE"}],"portPairings":[{"port0":365,"port1":370}],"properties":{},"reference":null},{"@id":423,"drawnFrame":false,"labelManager":{"labels":[],"mainLabel":null},"shape":null,"containedVertices":[372,377],"containedVertexGroups":[],"touchingPairs":[{"vertex0":372,"horizontalPlacementVertex0":"FREE","verticalPlacementVertex0":"FREE","vertex1":377,"horizontalPlacementVertex1":"FREE","verticalPlacementVertex1":"FREE"}],"portPairings":[{"port0":375,"port1":380}],"properties":{},"reference":null},{"@id":424,"drawnFrame":false,"labelManager":{"labels":[],"mainLabel":null},"shape":null,"containedVertices":[382,389],"containedVertexGroups":[],"touchingPairs":[{"vertex0":382,"horizontalPlacementVertex0":"FREE","verticalPlacementVertex0":"FREE","vertex1":389,"horizontalPlacementVertex1":"FREE","verticalPlacementVertex1":"FREE"}],"portPairings":[{"port0":385,"port1":392},{"port0":387,"port1":394}],"properties":{},"reference":null},{"@id":425,"drawnFrame":false,"labelManager":{"labels":[],"mainLabel":null},"shape":null,"containedVertices":[396,401],"containedVertexGroups":[],"touchingPairs":[{"vertex0":396,"horizontalPlacementVertex0":"FREE","verticalPlacementVertex0":"FREE","vertex1":401,"horizontalPlacementVertex1":"FREE","verticalPlacementVertex1":"FREE"}],"portPairings":[{"port0":399,"port1":404}],"properties":{},"reference":null}],"edges":[{"@id":426,"ports":[103,97],"labelManager":{"innerLabels":[{"type":"textLabel","@id":427,"inputText":"Milan","labelStyle":4,"shape":null,"layoutText":null}],"allPortLabels":[],"mainLabel":427},"pathStyle":{"@id":428,"description":"default path style","thickness":-1.0,"color":{"argb":"ff000000"}},"paths":[],"properties":{"id":"acf8627d60214780643d23079022bab6"},"reference":null},{"@id":429,"ports":[81,43],"labelManager":{"innerLabels":[{"type":"textLabel","@id":430,"inputText":"Joel","labelStyle":4,"shape":null,"layoutText":null}],"allPortLabels":[],"mainLabel":430},"pathStyle":428,"paths":[],"properties":{"id":"88d191922c5f8a4c30df96b2504e5ded"},"reference":null},{"@id":431,"ports":[92,225],"labelManager":{"innerLabels":[{"type":"textLabel","@id":432,"inputText":"Carl","labelStyle":4,"shape":null,"layoutText":null}],"allPortLabels":[],"mainLabel":432},"pathStyle":428,"paths":[],"properties":{"id":"90bdc941d2eaea81b0fcd08b127a929a"},"reference":null},{"@id":433,"ports":[218,212],"labelManager":{"innerLabels":[{"type":"textLabel","@id":434,"inputText":"Jona","labelStyle":4,"shape":null,"layoutText":null}],"allPortLabels":[],"mainLabel":434},"pathStyle":428,"paths":[],"properties":{"id":"a08399c2bdd2369caa60cd69d82f4d22"},"reference":null},{"@id":435,"ports":[110,267],"labelManager":{"innerLabels":[{"type":"textLabel","@id":436,"inputText":"Ole","labelStyle":4,"shape":null,"layoutText":null}],"allPortLabels":[],"mainLabel":436},"pathStyle":428,"paths":[],"properties":{"id":"1f75a318fa4e5d1d3bbcd8df8c9f788a"},"reference":null},{"@id":437,"ports":[166,67],"labelManager":{"innerLabels":[{"type":"textLabel","@id":438,"inputText":"Matthias","labelStyle":4,"shape":null,"layoutText":null}],"allPortLabels":[],"mainLabel":438},"pathStyle":428,"paths":[],"properties":{"id":"cf0c8d6380ef3ac9a79afa9bcca0464a"},"reference":null},{"@id":439,"ports":[247,280],"labelManager":{"innerLabels":[{"type":"textLabel","@id":440,"inputText":"Florian","labelStyle":4,"shape":null,"layoutText":null}],"allPortLabels":[],"mainLabel":440},"pathStyle":428,"paths":[],"properties":{"id":"7cc7ae7d0694c90bca3f73b76e2c1f00"},"reference":null},{"@id":441,"ports":[9,341],"labelManager":{"innerLabels":[{"type":"textLabel","@id":442,"inputText":"Emilio","labelStyle":4,"shape":null,"layoutText":null}],"allPortLabels":[],"mainLabel":442},"pathStyle":428,"paths":[],"properties":{"id":"e8ee52762d1117a6b13b0631912ab23c"},"reference":null},{"@id":443,"ports":[345,9],"labelManager":{"innerLabels":[{"type":"textLabel","@id":444,"inputText":"Sebastian","labelStyle":4,"shape":null,"layoutText":null}],"allPortLabels":[],"mainLabel":444},"pathStyle":428,"paths":[],"properties":{"id":"c0cf37b6f42bc40fdbb8e0d5774ddeb8"},"reference":null},{"@id":445,"ports":[337,295],"labelManager":{"innerLabels":[{"type":"textLabel","@id":446,"inputText":"Hannes","labelStyle":4,"shape":null,"layoutText":null}],"allPortLabels":[],"mainLabel":446},"pathStyle":428,"paths":[],"properties":{"id":"2bc32b0ce3ba13758c6a81af985f53ad"},"reference":null},{"@id":447,"ports":[189,23],"labelManager":{"innerLabels":[{"type":"textLabel","@id":448,"inputText":"Oemer","labelStyle":4,"shape":null,"layoutText":null}],"allPortLabels":[],"mainLabel":448},"pathStyle":428,"paths":[],"properties":{"id":"6b039183ed8f5983f21251143a3618c6"},"reference":null},{"@id":449,"ports":[168,69],"labelManager":{"innerLabels":[{"type":"textLabel","@id":450,"inputText":"Noel","labelStyle":4,"shape":null,"layoutText":null}],"allPortLabels":[],"mainLabel":450},"pathStyle":428,"paths":[],"properties":{"id":"7eb8b87a7760fc9b9052e1ec7a6594a8"},"reference":null},{"@id":451,"ports":[258,88],"labelManager":{"innerLabels":[{"type":"textLabel","@id":452,"inputText":"Theodor","labelStyle":4,"shape":null,"layoutText":null}],"allPortLabels":[],"mainLabel":452},"pathStyle":428,"paths":[],"properties":{"id":"d22cadffe25827fea4efef2e6b31fb40"},"reference":null},{"@id":453,"ports":[214,216],"labelManager":{"innerLabels":[{"type":"textLabel","@id":454,"inputText":"Mika","labelStyle":4,"shape":null,"layoutText":null}],"allPortLabels":[],"mainLabel":454},"pathStyle":428,"paths":[],"properties":{"id":"9d294cdf51cf31a13c0ef7f4a597dbe8"},"reference":null},{"@id":455,"ports":[62,56],"labelManager":{"innerLabels":[{"type":"textLabel","@id":456,"inputText":"Matteo","labelStyle":4,"shape":null,"layoutText":null}],"allPortLabels":[],"mainLabel":456},"pathStyle":428,"paths":[],"properties":{"id":"6df78aef2e04df0704b8bcf66e94b615"},"reference":null},{"@id":457,"ports":[60,58],"labelManager":{"innerLabels":[{"type":"textLabel","@id":458,"inputText":"Nils","labelStyle":4,"shape":null,"layoutText":null}],"allPortLabels":[],"mainLabel":458},"pathStyle":428,"paths":[],"properties":{"id":"cea76334e69eda003317fedd40e9b061"},"reference":null},{"@id":459,"ports":[5,56],"labelManager":{"innerLabels":[{"type":"textLabel","@id":460,"inputText":"Alessio","labelStyle":4,"shape":null,"layoutText":null}],"allPortLabels":[],"mainLabel":460},"pathStyle":428,"paths":[],"properties":{"id":"339a867d40f1fc5896f1f45870f6ddc7"},"reference":null},{"@id":461,"ports":[30,287],"labelManager":{"innerLabels":[{"type":"textLabel","@id":462,"inputText":"Malik","labelStyle":4,"shape":null,"layoutText":null}],"allPortLabels":[],"mainLabel":462},"pathStyle":428,"paths":[],"properties":{"id":"9c1d06ae0b303502ab06cff467f3660d"},"reference":null},{"@id":463,"ports":[114,269],"labelManager":{"innerLabels":[{"type":"textLabel","@id":464,"inputText":"Mert","labelStyle":4,"shape":null,"layoutText":null}],"allPortLabels":[],"mainLabel":464},"pathStyle":428,"paths":[],"properties":{"id":"515af19fdb624ad2663cad5cfb5d35d3"},"reference":null},{"@id":465,"ports":[351,9],"labelManager":{"innerLabels":[{"type":"textLabel","@id":466,"inputText":"Friedrich","labelStyle":4,"shape":null,"layoutText":null}],"allPortLabels":[],"mainLabel":466},"pathStyle":428,"paths":[],"properties":{"id":"90171c83e6a76cbb4c3b7411071ad0ed"},"reference":null},{"@id":467,"ports":[256,223],"labelManager":{"innerLabels":[{"type":"textLabel","@id":468,"inputText":"Michael","labelStyle":4,"shape":null,"layoutText":null}],"allPortLabels":[],"mainLabel":468},"pathStyle":428,"paths":[],"properties":{"id":"58bcda1cf6b98c6acb8ea16e429c030a"},"reference":null},{"@id":469,"ports":[101,99],"labelManager":{"innerLabels":[{"type":"textLabel","@id":470,"inputText":"Martin","labelStyle":4,"shape":null,"layoutText":null}],"allPortLabels":[],"mainLabel":470},"pathStyle":428,"paths":[],"properties":{"id":"2852a34a39ea0becb23d1cbbcf48b61f"},"reference":null},{"@id":471,"ports":[339,177],"labelManager":{"innerLabels":[{"type":"textLabel","@id":472,"inputText":"Muhammed","labelStyle":4,"shape":null,"layoutText":null}],"allPortLabels":[],"mainLabel":472},"pathStyle":428,"paths":[],"properties":{"id":"dfc314219f43348088c9435bbfb05e16"},"reference":null},{"@id":473,"ports":[62,5],"labelManager":{"innerLabels":[{"type":"textLabel","@id":474,"inputText":"Kaan","labelStyle":4,"shape":null,"layoutText":null}],"allPortLabels":[],"mainLabel":474},"pathStyle":428,"paths":[],"properties":{"id":"9e574685953a568808e7c3dc6b4a3781"},"reference":null},{"@id":475,"ports":[302,71],"labelManager":{"innerLabels":[{"type":"textLabel","@id":476,"inputText":"Nico","labelStyle":4,"shape":null,"layoutText":null}],"allPortLabels":[],"mainLabel":476},"pathStyle":428,"paths":[],"properties":{"id":"4cad44fa9dc7a93cd99a29fee6df9dbe"},"reference":null},{"@id":477,"ports":[309,207],"labelManager":{"innerLabels":[{"type":"textLabel","@id":478,"inputText":"Nick","labelStyle":4,"shape":null,"layoutText":null}],"allPortLabels":[],"mainLabel":478},"pathStyle":428,"paths":[],"properties":{"id":"1312056e422cc0180cd2e4351133aa4a"},"reference":null},{"@id":479,"ports":[149,355],"labelManager":{"innerLabels":[{"type":"textLabel","@id":480,"inputText":"Deniz","labelStyle":4,"shape":null,"layoutText":null}],"allPortLabels":[],"mainLabel":480},"pathStyle":428,"paths":[],"properties":{"id":"1d46b6fe59ae644b192df2742273eaea"},"reference":null},{"@id":481,"ports":[45,355],"labelManager":{"innerLabels":[{"type":"textLabel","@id":482,"inputText":"Robin","labelStyle":4,"shape":null,"layoutText":null}],"allPortLabels":[],"mainLabel":482},"pathStyle":428,"paths":[],"properties":{"id":"840eda23685026b4680a2770158116b0"},"reference":null},{"@id":483,"ports":[108,265],"labelManager":{"innerLabels":[{"type":"textLabel","@id":484,"inputText":"Jonah","labelStyle":4,"shape":null,"layoutText":null}],"allPortLabels":[],"mainLabel":484},"pathStyle":428,"paths":[],"properties":{"id":"d172d110f3799c4b4697546f369b39f2"},"reference":null},{"@id":485,"ports":[60,51],"labelManager":{"innerLabels":[{"type":"textLabel","@id":486,"inputText":"Benedikt","labelStyle":4,"shape":null,"layoutText":null}],"allPortLabels":[],"mainLabel":486},"pathStyle":428,"paths":[],"properties":{"id":"ea12cbbc83ad4d584771cac10956012f"},"reference":null},{"@id":487,"ports":[58,51],"labelManager":{"innerLabels":[{"type":"textLabel","@id":488,"inputText":"Wilhelm","labelStyle":4,"shape":null,"layoutText":null}],"allPortLabels":[],"mainLabel":488},"pathStyle":428,"paths":[],"properties":{"id":"df99f4db6ad6cadcc7a6b716546b06df"},"reference":null},{"@id":489,"ports":[252,86],"labelManager":{"innerLabels":[{"type":"textLabel","@id":490,"inputText":"Jasper","labelStyle":4,"shape":null,"layoutText":null}],"allPortLabels":[],"mainLabel":490},"pathStyle":428,"paths":[],"properties":{"id":"a7c882f2f891a6172dd2b22615e72daa"},"reference":null},{"@id":491,"ports":[127,205],"labelManager":{"innerLabels":[{"type":"textLabel","@id":492,"inputText":"Emir","labelStyle":4,"shape":null,"layoutText":null}],"allPortLabels":[],"mainLabel":492},"pathStyle":428,"paths":[],"properties":{"id":"208921d20771aa43225ba34efcf93e45"},"reference":null},{"@id":493,"ports":[245,278],"labelManager":{"innerLabels":[{"type":"textLabel","@id":494,"inputText":"Christian","labelStyle":4,"shape":null,"layoutText":null}],"allPortLabels":[],"mainLabel":494},"pathStyle":428,"paths":[],"properties":{"id":"83ce564c8043dfcd73c92212b06e744c"},"reference":null},{"@id":495,"ports":[271,112],"labelManager":{"innerLabels":[{"type":"textLabel","@id":496,"inputText":"Can","labelStyle":4,"shape":null,"layoutText":null}],"allPortLabels":[],"mainLabel":496},"pathStyle":428,"paths":[],"properties":{"id":"8a7ee3312548d1127bd62ede1146b06f"},"reference":null},{"@id":497,"ports":[300,73],"labelManager":{"innerLabels":[{"type":"textLabel","@id":498,"inputText":"Levi","labelStyle":4,"shape":null,"layoutText":null}],"allPortLabels":[],"mainLabel":498},"pathStyle":428,"paths":[],"properties":{"id":"0c9772f27d58d3acf77e9b6c176bc878"},"reference":null},{"@id":499,"ports":[34,121],"labelManager":{"innerLabels":[{"type":"textLabel","@id":500,"inputText":"Adrian","labelStyle":4,"shape":null,"layoutText":null}],"allPortLabels":[],"mainLabel":500},"pathStyle":428,"paths":[],"properties":{"id":"ffe79a5a7a260aac8b945b5fe75b3687"},"reference":null},{"@id":501,"ports":[335,9],"labelManager":{"innerLabels":[{"type":"textLabel","@id":502,"inputText":"Raphael","labelStyle":4,"shape":null,"layoutText":null}],"allPortLabels":[],"mainLabel":502},"pathStyle":428,"paths":[],"properties":{"id":"e1e29b7e5064243ca23ca5602c7e80d6"},"reference":null},{"@id":503,"ports":[343,9],"labelManager":{"innerLabels":[{"type":"textLabel","@id":504,"inputText":"Linus","labelStyle":4,"shape":null,"layoutText":null}],"allPortLabels":[],"mainLabel":504},"pathStyle":428,"paths":[],"properties":{"id":"260c49d941e43266864aec1e66b54752"},"reference":null},{"@id":505,"ports":[254,227],"labelManager":{"innerLabels":[{"type":"textLabel","@id":506,"inputText":"Adam","labelStyle":4,"shape":null,"layoutText":null}],"allPortLabels":[],"mainLabel":506},"pathStyle":428,"paths":[],"properties":{"id":"c233700dbbc0166b232008236ead3076"},"reference":null},{"@id":507,"ports":[175,347],"labelManager":{"innerLabels":[{"type":"textLabel","@id":508,"inputText":"Tobias","labelStyle":4,"shape":null,"layoutText":null}],"allPortLabels":[],"mainLabel":508},"pathStyle":428,"paths":[],"properties":{"id":"fac44c9d07c3278be2a72147af412688"},"reference":null},{"@id":509,"ports":[375,184],"labelManager":{"innerLabels":[{"type":"textLabel","@id":510,"inputText":"Fritz","labelStyle":19,"shape":null,"layoutText":null}],"allPortLabels":[],"mainLabel":510},"pathStyle":{"@id":511,"description":"default path style","thickness":-1.0,"color":{"argb":"ff000000"}},"paths":[],"properties":{},"reference":null},{"@id":512,"ports":[291,233],"labelManager":{"innerLabels":[{"type":"textLabel","@id":513,"inputText":"Erik","labelStyle":19,"shape":null,"layoutText":null}],"allPortLabels":[],"mainLabel":513},"pathStyle":511,"paths":[],"properties":{},"reference":null},{"@id":514,"ports":[404,370],"labelManager":{"innerLabels":[{"type":"textLabel","@id":515,"inputText":"Lucas","labelStyle":19,"shape":null,"layoutText":null}],"allPortLabels":[],"mainLabel":515},"pathStyle":511,"paths":[],"properties":{},"reference":null},{"@id":516,"ports":[161,365],"labelManager":{"innerLabels":[{"type":"textLabel","@id":517,"inputText":"Konstantin","labelStyle":19,"shape":null,"layoutText":null}],"allPortLabels":[],"mainLabel":517},"pathStyle":511,"paths":[],"properties":{},"reference":null},{"@id":518,"ports":[77,394],"labelManager":{"innerLabels":[{"type":"textLabel","@id":519,"inputText":"Till","labelStyle":19,"shape":null,"layoutText":null}],"allPortLabels":[],"mainLabel":519},"pathStyle":511,"paths":[],"properties":{},"reference":null},{"@id":520,"ports":[360,198],"labelManager":{"innerLabels":[{"type":"textLabel","@id":521,"inputText":"Yusuf","labelStyle":19,"shape":null,"layoutText":null}],"allPortLabels":[],"mainLabel":521},"pathStyle":511,"paths":[],"properties":{},"reference":null},{"@id":522,"ports":[179,380],"labelManager":{"innerLabels":[{"type":"textLabel","@id":523,"inputText":"Timo","labelStyle":19,"shape":null,"layoutText":null}],"allPortLabels":[],"mainLabel":523},"pathStyle":511,"paths":[],"properties":{},"reference":null},{"@id":524,"ports":[156,392],"labelManager":{"innerLabels":[{"type":"textLabel","@id":525,"inputText":"Fynn","labelStyle":19,"shape":null,"layoutText":null}],"allPortLabels":[],"mainLabel":525},"pathStyle":511,"paths":[],"properties":{},"reference":null},{"@id":526,"ports":[273,291],"labelManager":{"innerLabels":[{"type":"textLabel","@id":527,"inputText":"Josef","labelStyle":19,"shape":null,"layoutText":null}],"allPortLabels":[],"mainLabel":527},"pathStyle":511,"paths":[],"properties":{},"reference":null},{"@id":528,"ports":[156,147],"labelManager":{"innerLabels":[{"type":"textLabel","@id":529,"inputText":"Justus","labelStyle":19,"shape":null,"layoutText":null}],"allPortLabels":[],"mainLabel":529},"pathStyle":511,"paths":[],"properties":{},"reference":null},{"@id":530,"ports":[203,123,307,129,125],"labelManager":{"innerLabels":[{"type":"textLabel","@id":531,"inputText":"Malik","labelStyle":19,"shape":null,"layoutText":null}],"allPortLabels":[],"mainLabel":531},"pathStyle":511,"paths":[],"properties":{},"reference":null},{"@id":532,"ports":[285,41,47,36],"labelManager":{"innerLabels":[{"type":"textLabel","@id":533,"inputText":"Emilio","labelStyle":19,"shape":null,"layoutText":null}],"allPortLabels":[],"mainLabel":533},"pathStyle":511,"paths":[],"properties":{},"reference":null},{"@id":534,"ports":[90,151,145],"labelManager":{"innerLabels":[{"type":"textLabel","@id":535,"inputText":"Muhammed","labelStyle":19,"shape":null,"layoutText":null}],"allPortLabels":[],"mainLabel":535},"pathStyle":511,"paths":[],"properties":{},"reference":null}],"edgeBundles":[]}