{"vertices":[{"@id":1,"shape":{"type":"rect","xposition":"NaN","yposition":"NaN","width":"NaN","height":"NaN","shapeStyle":{"@id":2,"description":"default shape style","color":{"argb":"ff000000"}}},"labelManager":{"labels":[{"type":"textLabel","@id":3,"inputText":"Leo","labelStyle":{"@id":4,"description":"default text label style","font":{"fontName":"SansSerif","style":0,"size":10},"noBreak":false,"color":{"argb":"ff000000"},"showLabel":true,"placement":"FREE","horizontalPlacement":"FREE","verticalPlacement":"FREE"},"shape":null,"layoutText":null}],"mainLabel":3},"portCompositions":[{"type":"port","@id":5,"shape":{"type":"rect","xposition":"NaN","yposition":"NaN","width":"NaN","height":"NaN","shapeStyle":2},"labelManager":{"labels":[{"type":"textLabel","@id":6,"inputText":"1","labelStyle":4,"shape":null,"layoutText":null}],"mainLabel":6},"properties":{"id":"6878e9108abbbf2c35859ae1c6862832"},"orientationAtVertex":"FREE","reference":null}],"properties":{"id":"89f4c36222531c31884128ddf5109cd1","type":"splice"},"reference":null},{"@id":7,"shape":{"type":"rect","xposition":"NaN","yposition":"NaN","width":"NaN","height":"NaN","shapeStyle":2},"labelManager":{"labels":[{"type":"textLabel","@id":8,"inputText":"Emil","labelStyle":4,"shape":null,"layoutText":null}],"mainLabel":8},"portCompositions":[{"type":"portGroup","@id":9,"ordered":false,"portCompositions":[{"type":"port","@id":10,"shape":{"type":"rect","xposition":"NaN","yposition":"NaN","width":"NaN","height":"NaN","shapeStyle":2},"labelManager":{"labels":[{"type":"textLabel","@id":11,"inputText":"2","labelStyle":4,"shape":null,"layoutText":null}],"mainLabel":11},"properties":{"id":"706de77003c44e7d4e55a7e005d3dbf7"},"orientationAtVertex":"FREE","reference":null},{"type":"port","@id":12,"shape":{"type":"rect","xposition":"NaN","yposition":"NaN","width":"NaN","height":"NaN","shapeStyle":2},"labelManager":{"labels":[{"type":"textLabel","@id":13,"inputText":"1","labelStyle":4,"shape":null,"layoutText":null}],"mainLabel":13},"properties":{"id":"da01dec907f0b7705a63c03617803452"},"orientationAtVertex":"FREE","reference":null}],"properties":{},"reference":null}],"properties":{"id":"d5ea58963785f28d5e39d7628ceca1b1","type":"plug"},"reference":null},{"@id":14,"shape":{"type":"rect","xposition":"NaN","yposition":"NaN","width":"NaN","height":"NaN","shapeStyle":2},"labelManager":{"labels":[{"type":"textLabel","@id":15,"inputText":"Jonas","labelStyle":4,"shape":null,"layoutText":null}],"mainLabel":15},"portCompositions":[{"type":"portGroup","@id":16,"ordered":false,"portCompositions":[{"type":"port","@id":17,"shape":{"type":"rect","xposition":"NaN","yposition":"NaN","width":"NaN","height":"NaN","shapeStyle":2},"labelManager":{"labels":[{"type":"textLabel","@id":18,"inputText":"2","labelStyle":4,"shape":null,"layoutText":null}],"mainLabel":18},"properties":{"id":"4c3b46583b7faf3511b85e72b9067c07"},"orientationAtVertex":"FREE","reference":null},{"type":"port","@id":19,"shape":{"type":"rect","xposition":"NaN","yposition":"NaN","width":"NaN","height":"NaN","shapeStyle":2},"labelManager":{"labels":[{"type":"textLabel","@id":20,"inputText":"1","labelStyle":4,"shape":null,"layoutText":null}],"mainLabel":20},"properties":{"id":"8a490417c7ab20538fdcab432b0e66f0"},"orientationAtVertex":"FREE","reference":null}],"properties":{},"reference":null}],"properties":{"id":"e7f5eff39c9e2288fcea5a9496e3b667","type":"plug"},"reference":null},{"@id":21,"shape":{"type":"rect","xposition":"NaN","yposition":"NaN","width":"NaN","height":"NaN","shapeStyle":2},"labelManager":{"labels":[{"type":"textLabel","@id":22,"inputText":"Luis","labelStyle":4,"shape":null,"layoutText":null}],"mainLabel":22},"portCompositions":[{"type":"portGroup","@id":23,"ordered":false,"portCompositions":[],"properties":{},"reference":null},{"type":"portGroup","@id":24,"ordered":false,"portCompositions":[{"type":"port","@id":25,"shape":{"type":"rect","xposition":"NaN","yposition":"NaN","width":"NaN","height":"NaN","shapeStyle":2},"labelManager":{"labels":[{"type":"textLabel","@id":26,"inputText":"1","labelStyle":4,"shape":null,"layoutText":null}],"mainLabel":26},"properties":{"id":"483501027344c7d46ca8c17e68ec676c"},"orientationAtVertex":"FREE","reference":null}],"properties":{},"reference":null}],"properties":{"id":"468f92c30c83f855c3c8ff3459be40e9","type":"device"},"reference":null},{"@id":27,"shape":{"type":"rect","xposition":"NaN","yposition":"NaN","width":"NaN","height":"NaN","shapeStyle":2},"labelManager":{"labels":[{"type":"textLabel","@id":28,"inputText":"Noah","labelStyle":4,"shape":null,"layoutText":null}],"mainLabel":28},"portCompositions":[{"type":"portGroup","@id":29,"ordered":false,"portCompositions":[{"type":"port","@id":30,"shape":{"type":"rect","xposition":"NaN","yposition":"NaN","width":"NaN","height":"NaN","shapeStyle":2},"labelManager":{"labels":[{"type":"textLabel","@id":31,"inputText":"1","labelStyle":4,"shape":null,"layoutText":null}],"mainLabel":31},"properties":{"id":"c6c2d8bab2ecb59fd5d8a15144057cdb"},"orientationAtVertex":"FREE","reference":null}],"properties":{},"reference":null}],"properties":{"id":"595c84199508458cd15fca8d882e61bc","type":"socket"},"reference":null},{"@id":32,"shape":{"type":"rect","xposition":"NaN","yposition":"NaN","width":"NaN","height":"NaN","shapeStyle":2},"labelManager":{"labels":[{"type":"textLabel","@id":33,"inputText":"Louis","labelStyle":4,"shape":null,"layoutText":null}],"mainLabel":33},"portCompositions":[{"type":"portGroup","@id":34,"ordered":false,"portCompositions":[{"type":"port","@id":35,"shape":{"type":"rect","xposition":"NaN","yposition":"NaN","width":"NaN","height":"NaN","shapeStyle":2},"labelManager":{"labels":[{"type":"textLabel","@id":36,"inputText":"1","labelStyle":4,"shape":null,"layoutText":null}],"mainLabel":36},"properties":{"id":"6cecfdebec57f517ed26e578c67e4876"},"orientationAtVertex":"FREE","reference":null}],"properties":{},"reference":null}],"properties":{"id":"21f2d5981f3ca7706e1f332299e0d658","type":"plug"},"reference":null},{"@id":37,"shape":{"type":"rect","xposition":"NaN","yposition":"NaN","width":"NaN","height":"NaN","shapeStyle":2},"labelManager":{"labels":[{"type":"textLabel","@id":38,"inputText":"Felix","labelStyle":4,"shape":null,"layoutText":null}],"mainLabel":38},"portCompositions":[{"type":"portGroup","@id":39,"ordered":false,"portCompositions":[{"type":"port","@id":40,"shape":{"type":"rect","xposition":"NaN","yposition":"NaN","width":"NaN","height":"NaN","shapeStyle":2},"labelManager":{"labels":[{"type":"textLabel","@id":41,"inputText":"1","labelStyle":4,"shape":null,"layoutText":null}],"mainLabel":41},"properties":{"id":"189faeaeb5988788d55483641ada5844"},"orientationAtVertex":"FREE","reference":null}],"properties":{},"reference":null}],"properties":{"id":"162da098ff9d2baca523abba523e8311","type":"plug"},"reference":null},{"@id":42,"shape":{"type":"rect","xposition":"NaN","yposition":"NaN","width":"NaN","height":"NaN","shapeStyle":2},"labelManager":{"labels":[{"type":"textLabel","@id":43,"inputText":"Finn","labelStyle":4,"shape":null,"layoutText":null}],"mainLabel":43},"portCompositions":[{"type":"portGroup","@id":44,"ordered":false,"portCompositions":[{"type":"port","@id":45,"shape":{"type":"rect","xposition":"NaN","yposition":"NaN","width":"NaN","height":"NaN","shapeStyle":2},"labelManager":{"labels":[{"type":"textLabel","@id":46,"inputText":"1","labelStyle":4,"shape":null,"layoutText":null}],"mainLabel":46},"properties":{"id":"4cae2d59351d4509a3f742fe133284d1"},"orientationAtVertex":"FREE","reference":null}],"properties":{},"reference":null}],"properties":{"id":"c2124f44059f022a36f53667dc1d5c1b","type":"plug"},"reference":null},{"@id":47,"shape":{"type":"rect","xposition":"NaN","yposition":"NaN","width":"NaN","height":"NaN","shapeStyle":2},"labelManager":{"labels":[{"type":"textLabel","@id":48,"inputText":"Luca","labelStyle":4,"shape":null,"layoutText":null}],"mainLabel":48},"portCompositions":[{"type":"portGroup","@id":49,"ordered":false,"portCompositions":[{"type":"port","@id":50,"shape":{"type":"rect","xposition":"NaN","yposition":"NaN","width":"NaN","height":"NaN","shapeStyle":2},"labelManager":{"labels":[{"type":"textLabel","@id":51,"inputText":"1","labelStyle":4,"shape":null,"layoutText":null}],"mainLabel":51},"properties":{"id":"b4798efb51a6d6c664b375a08b41722e"},"orientationAtVertex":"FREE","reference":null}],"properties":{},"reference":null}],"properties":{"id":"393ebcd817a55fd452b2933be049f918","type":"plug"},"reference":null},{"@id":52,"shape":{"type":"rect","xposition":"NaN","yposition":"NaN","width":"NaN","height":"NaN","shapeStyle":2},"labelManager":{"labels":[{"type":"textLabel","@id":53,"inputText":"Anton","labelStyle":4,"shape":null,"layoutText":null}],"mainLabel":53},"portCompositions":[{"type":"portGroup","@id":54,"ordered":false,"portCompositions":[{"type":"port","@id":55,"shape":{"type":"rect","xposition":"NaN","yposition":"NaN","width":"NaN","height":"NaN","shapeStyle":2},"labelManager":{"labels":[{"type":"textLabel","@id":56,"inputText":"1","labelStyle":4,"shape":null,"layoutText":null}],"mainLabel":56},"properties":{"id":"b5386f6eb1eea40f041302faebaadd45"},"orientationAtVertex":"FREE","reference":null}],"properties":{},"reference":null}],"properties":{"id":"04f3996994c79d4d95e2302c64bc968f","type":"plug"},"reference":null},{"@id":57,"shape":{"type":"rect","xposition":"NaN","yposition":"NaN","width":"NaN","height":"NaN","shapeStyle":2},"labelManager":{"labels":[{"type":"textLabel","@id":58,"inputText":"Maximilian","labelStyle":4,"shape":null,"layoutText":null}],"mainLabel":58},"portCompositions":[{"type":"portGroup","@id":59,"ordered":false,"portCompositions":[{"type":"port","@id":60,"shape":{"type":"rect","xposition":"NaN","yposition":"NaN","width":"NaN","height":"NaN","shapeStyle":2},"labelManager":{"labels":[{"type":"textLabel","@id":61,"inputText":"1","labelStyle":4,"shape":null,"layoutText":null}],"mainLabel":61},"properties":{"id":"0d7a9217d8487ccb65bdff2add1b4096"},"orientationAtVertex":"FREE","reference":null}],"properties":{},"reference":null}],"properties":{"id":"f8660eb8602043878b52655206929ed8","type":"plug"},"reference":null},{"@id":62,"shape":{"type":"rect","xposition":"NaN","yposition":"NaN","width":"NaN","height":"NaN","shapeStyle":2},"labelManager":{"labels":[{"type":"textLabel","@id":63,"inputText":"Leon","labelStyle":4,"shape":null,"layoutText":null}],"mainLabel":63},"portCompositions":[{"type":"portGroup","@id":64,"ordered":false,"portCompositions":[{"type":"port","@id":65,"shape":{"type":"rect","xposition":"NaN","yposition":"NaN","width":"NaN","height":"NaN","shapeStyle":2},"labelManager":{"labels":[{"type":"textLabel","@id":66,"inputText":"1","labelStyle":4,"shape":null,"layoutText":null}],"mainLabel":66},"properties":{"id":"410cc11986ecbb6b312913c62bd9c25f"},"orientationAtVertex":"FREE","reference":null},{"type":"port","@id":67,"shape":{"type":"rect","xposition":"NaN","yposition":"NaN","width":"NaN","height":"NaN","shapeStyle":{"@id":68,"description":"default shape style","color":{"argb":"ff000000"}}},"labelManager":{"labels":[{"type":"textLabel","@id":69,"inputText":"2","labelStyle":{"@id":70,"description":"default text label style","font":{"fontName":"SansSerif","style":0,"size":10},"noBreak":false,"color":{"argb":"ff000000"},"showLabel":true,"placement":"FREE","horizontalPlacement":"FREE","verticalPlacement":"FREE"},"shape":null,"layoutText":null}],"mainLabel":69},"properties":{},"orientationAtVertex":"FREE","reference":null}],"properties":{},"reference":null}],"properties":{"id":"0aa7e5d919c6268126e4d390430c1ab0","type":"plug"},"reference":null},{"@id":71,"shape":{"type":"rect","xposition":"NaN","yposition":"NaN","width":"NaN","height":"NaN","shapeStyle":2},"labelManager":{"labels":[{"type":"textLabel","@id":72,"inputText":"Jakob","labelStyle":4,"shape":null,"layoutText":null}],"mainLabel":72},"portCompositions":[{"type":"portGroup","@id":73,"ordered":false,"portCompositions":[{"type":"port","@id":74,"shape":{"type":"rect","xposition":"NaN","yposition":"NaN","width":"NaN","height":"NaN","shapeStyle":2},"labelManager":{"labels":[{"type":"textLabel","@id":75,"inputText":"1","labelStyle":4,"shape":null,"layoutText":null}],"mainLabel":75},"properties":{"id":"b9e9fb7ff8385fcd76805b35b16e8cbb"},"orientationAtVertex":"FREE","reference":null},{"type":"port","@id":76,"shape":{"type":"rect","xposition":"NaN","yposition":"NaN","width":"NaN","height":"NaN","shapeStyle":68},"labelManager":{"labels":[{"type":"textLabel","@id":77,"inputText":"2","labelStyle":70,"shape":null,"layoutText":null}],"mainLabel":77},"properties":{},"orientationAtVertex":"FREE","reference":null}],"properties":{},"reference":null}],"properties":{"id":"b1882876c90b10c1c083531a13d9b366","type":"plug"},"reference":null},{"@id":78,"shape":{"type":"rect","xposition":"NaN","yposition":"NaN","width":"NaN","height":"NaN","shapeStyle":2},"labelManager":{"labels":[{"type":"textLabel","@id":79,"inputText":"Johannes","labelStyle":4,"shape":null,"layoutText":null}],"mainLabel":79},"portCompositions":[{"type":"port","@id":80,"shape":{"type":"rect","xposition":"NaN","yposition":"NaN","width":"NaN","height":"NaN","shapeStyle":2},"labelManager":{"labels":[{"type":"textLabel","@id":81,"inputText":"1","labelStyle":4,"shape":null,"layoutText":null}],"mainLabel":81},"properties":{"id":"0683a36733536bf7f28494e93de4260a"},"orientationAtVertex":"FREE","reference":null}],"properties":{"id":"d256b27f6ed2eb17a480dbad92a0ec8e","type":"splice"},"reference":null},{"@id":82,"shape":{"type":"rect","xposition":"NaN","yposition":"NaN","width":"NaN","height":"NaN","shapeStyle":2},"labelManager":{"labels":[{"type":"textLabel","@id":83,"inputText":"Julian","labelStyle":4,"shape":null,"layoutText":null}],"mainLabel":83},"portCompositions":[{"type":"portGroup","@id":84,"ordered":false,"portCompositions":[{"type":"port","@id":85,"shape":{"type":"rect","xposition":"NaN","yposition":"NaN","width":"NaN","height":"NaN","shapeStyle":2},"labelManager":{"labels":[{"type":"textLabel","@id":86,"inputText":"1","labelStyle":4,"shape":null,"layoutText":null}],"mainLabel":86},"properties":{"id":"954e73a2f1584feac413cb42d8faaf3e"},"orientationAtVertex":"FREE","reference":null},{"type":"port","@id":87,"shape":{"type":"rect","xposition":"NaN","yposition":"NaN","width":"NaN","height":"NaN","shapeStyle":68},"labelManager":{"labels":[{"type":"textLabel","@id":88,"inputText":"2","labelStyle":70,"shape":null,"layoutText":null}],"mainLabel":88},"properties":{},"orientationAtVertex":"FREE","reference":null}],"properties":{},"reference":null}],"properties":{"id":"b291257b8d2e4c9b0a4b90f2e09a8753","type":"device"},"reference":null},{"@id":89,"shape":{"type":"rect","xposition":"NaN","yposition":"NaN","width":"NaN","height":"NaN","shapeStyle":2},"labelManager":{"labels":[{"type":"textLabel","@id":90,"inputText":"Oskar","labelStyle":4,"shape":null,"layoutText":null}],"mainLabel":90},"portCompositions":[{"type":"portGroup","@id":91,"ordered":false,"portCompositions":[{"type":"port","@id":92,"shape":{"type":"rect","xposition":"NaN","yposition":"NaN","width":"NaN","height":"NaN","shapeStyle":2},"labelManager":{"labels":[{"type":"textLabel","@id":93,"inputText":"1","labelStyle":4,"shape":null,"layoutText":null}],"mainLabel":93},"properties":{"id":"005aba9fe71d17412105e8228bacd23a"},"orientationAtVertex":"FREE","reference":null},{"type":"port","@id":94,"shape":{"type":"rect","xposition":"NaN","yposition":"NaN","width":"NaN","height":"NaN","shapeStyle":68},"labelManager":{"labels":[{"type":"textLabel","@id":95,"inputText":"2","labelStyle":70,"shape":null,"layoutText":null}],"mainLabel":95},"properties":{},"orientationAtVertex":"FREE","reference":null}],"properties":{},"reference":null}],"properties":{"id":"dcbf6815af5c11e0c2a9044b7ccecf17","type":"socket"},"reference":null},{"@id":96,"shape":{"type":"rect","xposition":"NaN","yposition":"NaN","width":"NaN","height":"NaN","shapeStyle":2},"labelManager":{"labels":[{"type":"textLabel","@id":97,"inputText":"Jan","labelStyle":4,"shape":null,"layoutText":null}],"mainLabel":97},"portCompositions":[{"type":"portGroup","@id":98,"ordered":false,"portCompositions":[{"type":"port","@id":99,"shape":{"type":"rect","xposition":"NaN","yposition":"NaN","width":"NaN","height":"NaN","shapeStyle":2},"labelManager":{"labels":[{"type":"textLabel","@id":100,"inputText":"1","labelStyle":4,"shape":null,"layoutText":null}],"mainLabel":100},"properties":{"id":"c7cbe736cac60b2728be5e44a89226bc"},"orientationAtVertex":"FREE","reference":null}],"properties":{},"reference":null}],"properties":{"id":"ca2f470feb7880f6de44f3e5ee2e3c7f","type":"plug"},"reference":null},{"@id":101,"shape":{"type":"rect","xposition":"NaN","yposition":"NaN","width":"NaN","height":"NaN","shapeStyle":2},"labelManager":{"labels":[{"type":"textLabel","@id":102,"inputText":"Max","labelStyle":4,"shape":null,"layoutText":null}],"mainLabel":102},"portCompositions":[{"type":"portGroup","@id":103,"ordered":false,"portCompositions":[{"type":"port","@id":104,"shape":{"type":"rect","xposition":"NaN","yposition":"NaN","width":"NaN","height":"NaN","shapeStyle":2},"labelManager":{"labels":[{"type":"textLabel","@id":105,"inputText":"1","labelStyle":4,"shape":null,"layoutText":null}],"mainLabel":105},"properties":{"id":"946f894904fb6187aa778737b4f920c7"},"orientationAtVertex":"FREE","reference":null}],"properties":{},"reference":null}],"properties":{"id":"4c0ccb5ac61ee8a1ea409956d7777e6c","type":"plug"},"reference":null},{"@id":106,"shape":{"type":"rect","xposition":"NaN","yposition":"NaN","width":"NaN","height":"NaN","shapeStyle":2},"labelManager":{"labels":[{"type":"textLabel","@id":107,"inputText":"David","labelStyle":4,"shape":null,"layoutText":null}],"mainLabel":107},"portCompositions":[{"type":"port","@id":108,"shape":{"type":"rect","xposition":"NaN","yposition":"NaN","width":"NaN","height":"NaN","shapeStyle":2},"labelManager":{"labels":[{"type":"textLabel","@id":109,"inputText":"1","labelStyle":4,"shape":null,"layoutText":null}],"mainLabel":109},"properties":{"id":"1248f1d507eed719bcc41fd56d7257d6"},"orientationAtVertex":"FREE","reference":null}],"properties":{"id":"6a2b60b66d1703ce0fddcb3ba200052a","type":"splice"},"reference":null},{"@id":110,"shape":{"type":"rect","xposition":"NaN","yposition":"NaN","width":"NaN","height":"NaN","shapeStyle":2},"labelManager":{"labels":[{"type":"textLabel","@id":111,"inputText":"Benjamin","labelStyle":4,"shape":null,"layoutText":null}],"mainLabel":111},"portCompositions":[{"type":"port","@id":112,"shape":{"type":"rect","xposition":"NaN","yposition":"NaN","width":"NaN","height":"NaN","shapeStyle":2},"labelManager":{"labels":[{"type":"textLabel","@id":113,"inputText":"1","labelStyle":4,"shape":null,"layoutText":null}],"mainLabel":113},"properties":{"id":"2ccdd31dce19d1265a0b6c45139f0a84"},"orientationAtVertex":"FREE","reference":null}],"properties":{"id":"2cac16586ee2fbb1fabf66d6766a01ef","type":"splice"},"reference":null},{"@id":114,"shape":{"type":"rect","xposition":"NaN","yposition":"NaN","width":"NaN","height":"NaN","shapeStyle":2},"labelManager":{"labels":[{"type":"textLabel","@id":115,"inputText":"Ben","labelStyle":4,"shape":null,"layoutText":null}],"mainLabel":115},"portCompositions":[{"type":"portGroup","@id":116,"ordered":false,"portCompositions":[{"type":"port","@id":117,"shape":{"type":"rect","xposition":"NaN","yposition":"NaN","width":"NaN","height":"NaN","shapeStyle":2},"labelManager":{"labels":[{"type":"textLabel","@id":118,"inputText":"2","labelStyle":4,"shape":null,"layoutText":null}],"mainLabel":118},"properties":{"id":"98bbbeb4899c889d237089475e608014"},"orientationAtVertex":"FREE","reference":null},{"type":"port","@id":119,"shape":{"type":"rect","xposition":"NaN","yposition":"NaN","width":"NaN","height":"NaN","shapeStyle":68},"labelManager":{"labels":[{"type":"textLabel","@id":120,"inputText":"1","labelStyle":70,"shape":null,"layoutText":null}],"mainLabel":120},"properties":{},"orientationAtVertex":"FREE","reference":null}],"properties":{},"reference":null}],"properties":{"id":"2172e680846356acd10ef512c0e81156","type":"plug"},"reference":null},{"@id":121,"shape":{"type":"rect","xposition":"NaN","yposition":"NaN","width":"NaN","height":"NaN","shapeStyle":2},"labelManager":{"labels":[{"type":"textLabel","@id":122,"inputText":"Mats","labelStyle":4,"shape":null,"layoutText":null}],"mainLabel":122},"portCompositions":[{"type":"portGroup","@id":123,"ordered":false,"portCompositions":[{"type":"port","@id":124,"shape":{"type":"rect","xposition":"NaN","yposition":"NaN","width":"NaN","height":"NaN","shapeStyle":2},"labelManager":{"labels":[{"type":"textLabel","@id":125,"inputText":"2","labelStyle":4,"shape":null,"layoutText":null}],"mainLabel":125},"properties":{"id":"88b436fde8a16b3478e4af720003142c"},"orientationAtVertex":"FREE","reference":null},{"type":"port","@id":126,"shape":{"type":"rect","xposition":"NaN","yposition":"NaN","width":"NaN","height":"NaN","shapeStyle":68},"labelManager":{"labels":[{"type":"textLabel","@id":127,"inputText":"1","labelStyle":70,"shape":null,"layoutText":null}],"mainLabel":127},"properties":{},"orientationAtVertex":"FREE","reference":null}],"properties":{},"reference":null}],"properties":{"id":"b51047e74357f15490317e8f0c436337","type":"plug"},"reference":null},{"@id":128,"shape":{"type":"rect","xposition":"NaN","yposition":"NaN","width":"NaN","height":"NaN","shapeStyle":2},"labelManager":{"labels":[{"type":"textLabel","@id":129,"inputText":"Samuel","labelStyle":4,"shape":null,"layoutText":null}],"mainLabel":129},"portCompositions":[{"type":"portGroup","@id":130,"ordered":false,"portCompositions":[{"type":"port","@id":131,"shape":{"type":"rect","xposition":"NaN","yposition":"NaN","width":"NaN","height":"NaN","shapeStyle":2},"labelManager":{"labels":[{"type":"textLabel","@id":132,"inputText":"1","labelStyle":4,"shape":null,"layoutText":null}],"mainLabel":132},"properties":{"id":"88b695ff0a0ee4dcdbb25e777f30112c"},"orientationAtVertex":"FREE","reference":null}],"properties":{},"reference":null}],"properties":{"id":"271c489464a00f31c0ea7a03e2ffef1f","type":"plug"},"reference":null},{"@id":133,"shape":{"type":"rect","xposition":"NaN","yposition":"NaN","width":"NaN","height":"NaN","shapeStyle":2},"labelManager":{"labels":[{"type":"textLabel","@id":134,"inputText":"Elias","labelStyle":4,"shape":null,"layoutText":null}],"mainLabel":134},"portCompositions":[{"type":"portGroup","@id":135,"ordered":false,"portCompositions":[{"type":"port","@id":136,"shape":{"type":"rect","xposition":"NaN","yposition":"NaN","width":"NaN","height":"NaN","shapeStyle":2},"labelManager":{"labels":[{"type":"textLabel","@id":137,"inputText":"1","labelStyle":4,"shape":null,"layoutText":null}],"mainLabel":137},"properties":{"id":"34e5e3126a1abdd796616546b21c5ec8"},"orientationAtVertex":"FREE","reference":null}],"properties":{},"reference":null}],"properties":{"id":"d46255e2b3a04971b443221f19f202b7","type":"plug"},"reference":null},{"@id":138,"shape":{"type":"rect","xposition":"NaN","yposition":"NaN","width":"NaN","height":"NaN","shapeStyle":2},"labelManager":{"labels":[{"type":"textLabel","@id":139,"inputText":"Lukas","labelStyle":4,"shape":null,"layoutText":null}],"mainLabel":139},"portCompositions":[{"type":"portGroup","@id":140,"ordered":false,"portCompositions":[{"type":"port","@id":141,"shape":{"type":"rect","xposition":"NaN","yposition":"NaN","width":"NaN","height":"NaN","shapeStyle":2},"labelManager":{"labels":[{"type":"textLabel","@id":142,"inputText":"2","labelStyle":4,"shape":null,"layoutText":null}],"mainLabel":142},"properties":{"id":"4227131d071d3d3303a682e25e756512"},"orientationAtVertex":"FREE","reference":null},{"type":"port","@id":143,"shape":{"type":"rect","xposition":"NaN","yposition":"NaN","width":"NaN","height":"NaN","shapeStyle":68},"labelManager":{"labels":[{"type":"textLabel","@id":144,"inputText":"1","labelStyle":70,"shape":null,"layoutText":null}],"mainLabel":144},"properties":{},"orientationAtVertex":"FREE","reference":null}],"properties":{},"reference":null}],"properties":{"id":"3860cb966efecc682ad298e6c46518ef","type":"device"},"reference":null},{"@id":145,"shape":{"type":"rect","xposition":"NaN","yposition":"NaN","width":"NaN","height":"NaN","shapeStyle":2},"labelManager":{"labels":[{"type":"textLabel","@id":146,"inputText":"Moritz","labelStyle":4,"shape":null,"layoutText":null}],"mainLabel":146},"portCompositions":[{"type":"portGroup","@id":147,"ordered":false,"portCompositions":[{"type":"port","@id":148,"shape":{"type":"rect","xposition":"NaN","yposition":"NaN","width":"NaN","height":"NaN","shapeStyle":2},"labelManager":{"labels":[{"type":"textLabel","@id":149,"inputText":"2","labelStyle":4,"shape":null,"layoutText":null}],"mainLabel":149},"properties":{"id":"4d79ffcf0c69d9a2c8f7d247717008bf"},"orientationAtVertex":"FREE","reference":null},{"type":"port","@id":150,"shape":{"type":"rect","xposition":"NaN","yposition":"NaN","width":"NaN","height":"NaN","shapeStyle":68},"labelManager":{"labels":[{"type":"textLabel","@id":151,"inputText":"1","labelStyle":70,"shape":null,"layoutText":null}],"mainLabel":151},"properties":{},"orientationAtVertex":"FREE","reference":null}],"properties":{},"reference":null}],"properties":{"id":"68cc3e10ad229ef13e4876db199c2586","type":"socket"},"reference":null},{"@id":152,"shape":{"type":"rect","xposition":"NaN","yposition":"NaN","width":"NaN","height":"NaN","shapeStyle":2},"labelManager":{"labels":[{"type":"textLabel","@id":153,"inputText":"Julius","labelStyle":4,"shape":null,"layoutText":null}],"mainLabel":153},"portCompositions":[{"type":"port","@id":154,"shape":{"type":"rect","xposition":"NaN","yposition":"NaN","width":"NaN","height":"NaN","shapeStyle":2},"labelManager":{"labels":[{"type":"textLabel","@id":155,"inputText":"1","labelStyle":4,"shape":null,"layoutText":null}],"mainLabel":155},"properties":{"id":"3d2263ffbffcca2d672347cc8ba2fa29"},"orientationAtVertex":"FREE","reference":null}],"properties":{"id":"7ba57231013bf6f0e54f02b99b957137","type":"splice"},"reference":null},{"@id":156,"shape":{"type":"rect","xposition":"NaN","yposition":"NaN","width":"NaN","height":"NaN","shapeStyle":2},"labelManager":{"labels":[{"type":"textLabel","@id":157,"inputText":"Alexander","labelStyle":4,"shape":null,"layoutText":null}],"mainLabel":157},"portCompositions":[{"type":"port","@id":158,"shape":{"type":"rect","xposition":"NaN","yposition":"NaN","width":"NaN","height":"NaN","shapeStyle":2},"labelManager":{"labels":[{"type":"textLabel","@id":159,"inputText":"1","labelStyle":4,"shape":null,"layoutText":null}],"mainLabel":159},"properties":{"id":"7e58684598fa0644ff56416cdd380e92"},"orientationAtVertex":"FREE","reference":null}],"properties":{"id":"cb773b4d3e22d1c8f7be2b7211dc4004","type":"splice"},"reference":null},{"@id":160,"shape":{"type":"rect","xposition":"NaN","yposition":"NaN","width":"NaN","height":"NaN","shapeStyle":2},"labelManager":{"labels":[{"type":"textLabel","@id":161,"inputText":"Henri","labelStyle":4,"shape":null,"layoutText":null}],"mainLabel":161},"portCompositions":[{"type":"portGroup","@id":162,"ordered":false,"portCompositions":[{"type":"port","@id":163,"shape":{"type":"rect","xposition":"NaN","yposition":"NaN","width":"NaN","height":"NaN","shapeStyle":2},"labelManager":{"labels":[{"type":"textLabel","@id":164,"inputText":"1","labelStyle":4,"shape":null,"layoutText":null}],"mainLabel":164},"properties":{"id":"8e5ea0bf5c84ff38a746b7e9ea9011f0"},"orientationAtVertex":"FREE","reference":null},{"type":"port","@id":165,"shape":{"type":"rect","xposition":"NaN","yposition":"NaN","width":"NaN","height":"NaN","shapeStyle":2},"labelManager":{"labels":[{"type":"textLabel","@id":166,"inputText":"2","labelStyle":4,"shape":null,"layoutText":null}],"mainLabel":166},"properties":{"id":"3bc712f3980014e95a8223c70ec9e96f"},"orientationAtVertex":"FREE","reference":null},{"type":"port","@id":167,"shape":{"type":"rect","xposition":"NaN","yposition":"NaN","width":"NaN","height":"NaN","shapeStyle":68},"labelManager":{"labels":[{"type":"textLabel","@id":168,"inputText":"4","labelStyle":70,"shape":null,"layoutText":null}],"mainLabel":168},"properties":{},"orientationAtVertex":"FREE","reference":null},{"type":"port","@id":169,"shape":{"type":"rect","xposition":"NaN","yposition":"NaN","width":"NaN","height":"NaN","shapeStyle":68},"labelManager":{"labels":[{"type":"textLabel","@id":170,"inputText":"3","labelStyle":70,"shape":null,"layoutText":null}],"mainLabel":170},"properties":{},"orientationAtVertex":"FREE","reference":null}],"properties":{},"reference":null}],"properties":{"id":"bacbc54b001fcf6576faacb54a64f582","type":"device"},"reference":null},{"@id":171,"shape":{"type":"rect","xposition":"NaN","yposition":"NaN","width":"NaN","height":"NaN","shapeStyle":2},"labelManager":{"labels":[{"type":"textLabel","@id":172,"inputText":"Philipp","labelStyle":4,"shape":null,"layoutText":null}],"mainLabel":172},"portCompositions":[{"type":"portGroup","@id":173,"ordered":false,"portCompositions":[{"type":"port","@id":174,"shape":{"type":"rect","xposition":"NaN","yposition":"NaN","width":"NaN","height":"NaN","shapeStyle":2},"labelManager":{"labels":[{"type":"textLabel","@id":175,"inputText":"1","labelStyle":4,"shape":null,"layoutText":null}],"mainLabel":175},"properties":{"id":"d6dbb333a6b0bd6e528c02a9bd1146d3"},"orientationAtVertex":"FREE","reference":null},{"type":"port","@id":176,"shape":{"type":"rect","xposition":"NaN","yposition":"NaN","width":"NaN","height":"NaN","shapeStyle":2},"labelManager":{"labels":[{"type":"textLabel","@id":177,"inputText":"2","labelStyle":4,"shape":null,"layoutText":null}],"mainLabel":177},"properties":{"id":"a82bd0f45b55a9ae27031afdcd1dec1a"},"orientationAtVertex":"FREE","reference":null},{"type":"port","@id":178,"shape":{"type":"rect","xposition":"NaN","yposition":"NaN","width":"NaN","height":"NaN","shapeStyle":68},"labelManager":{"labels":[{"type":"textLabel","@id":179,"inputText":"4","labelStyle":70,"shape":null,"layoutText":null}],"mainLabel":179},"properties":{},"orientationAtVertex":"FREE","reference":null},{"type":"port","@id":180,"shape":{"type":"rect","xposition":"NaN","yposition":"NaN","width":"NaN","height":"NaN","shapeStyle":68},"labelManager":{"labels":[{"type":"textLabel","@id":181,"inputText":"3","labelStyle":70,"shape":null,"layoutText":null}],"mainLabel":181},"properties":{},"orientationAtVertex":"FREE","reference":null}],"properties":{},"reference":null}],"properties":{"id":"ae37b224d954f523cd8ca27742bcc0ff","type":"socket"},"reference":null},{"@id":182,"shape":null,"labelManager":{"labels":[{"type":"textLabel","@id":183,"inputText":"Paul","labelStyle":70,"shape":null,"layoutText":null}],"mainLabel":183},"portCompositions":[{"type":"portGroup","@id":184,"ordered":false,"portCompositions":[{"type":"port","@id":185,"shape":{"type":"rect","xposition":"NaN","yposition":"NaN","width":"NaN","height":"NaN","shapeStyle":68},"labelManager":{"labels":[{"type":"textLabel","@id":186,"inputText":"2","labelStyle":70,"shape":null,"layoutText":null}],"mainLabel":186},"properties":{},"orientationAtVertex":"FREE","reference":null},{"type":"port","@id":187,"shape":{"type":"rect","xposition":"NaN","yposition":"NaN","width":"NaN","height":"NaN","shapeStyle":68},"labelManager":{"labels":[{"type":"textLabel","@id":188,"inputText":"1","labelStyle":70,"shape":null,"layoutText":null}],"mainLabel":188},"properties":{},"orientationAtVertex":"FREE","reference":null},{"type":"port","@id":189,"shape":{"type":"rect","xposition":"NaN","yposition":"NaN","width":"NaN","height":"NaN","shapeStyle":68},"labelManager":{"labels":[{"type":"textLabel","@id":190,"inputText":"3","labelStyle":70,"shape":null,"layoutText":null}],"mainLabel":190},"properties":{},"orientationAtVertex":"FREE","reference":null}],"properties":{},"reference":null}],"properties":{},"reference":null},{"@id":191,"shape":null,"labelManager":{"labels":[{"type":"textLabel","@id":192,"inputText":"Tim","labelStyle":70,"shape":null,"layoutText":null}],"mainLabel":192},"portCompositions":[{"type":"portGroup","@id":193,"ordered":false,"portCompositions":[{"type":"port","@id":194,"shape":{"type":"rect","xposition":"NaN","yposition":"NaN","width":"NaN","height":"NaN","shapeStyle":68},"labelManager":{"labels":[{"type":"textLabel","@id":195,"inputText":"2","labelStyle":70,"shape":null,"layoutText":null}],"mainLabel":195},"properties":{},"orientationAtVertex":"FREE","reference":null},{"type":"port","@id":196,"shape":{"type":"rect","xposition":"NaN","yposition":"NaN","width":"NaN","height":"NaN","shapeStyle":68},"labelManager":{"labels":[{"type":"textLabel","@id":197,"inputText":"1","labelStyle":70,"shape":null,"layoutText":null}],"mainLabel":197},"properties":{},"orientationAtVertex":"FREE","reference":null},{"type":"port","@id":198,"shape":{"type":"rect","xposition":"NaN","yposition":"NaN","width":"NaN","height":"NaN","shapeStyle":68},"labelManager":{"labels":[{"type":"textLabel","@id":199,"inputText":"3","labelStyle":70,"shape":null,"layoutText":null}],"mainLabel":199},"properties":{},"orientationAtVertex":"FREE","reference":null}],"properties":{},"reference":null}],"properties":{},"reference":null},{"@id":200,"shape":null,"labelManager":{"labels":[{"type":"textLabel","@id":201,"inputText":"Tom","labelStyle":70,"shape":null,"layoutText":null}],"mainLabel":201},"portCompositions":[{"type":"portGroup","@id":202,"ordered":false,"portCompositions":[{"type":"port","@id":203,"shape":{"type":"rect","xposition":"NaN","yposition":"NaN","width":"NaN","height":"NaN","shapeStyle":68},"labelManager":{"labels":[{"type":"textLabel","@id":204,"inputText":"1","labelStyle":70,"shape":null,"layoutText":null}],"mainLabel":204},"properties":{},"orientationAtVertex":"FREE","reference":null}],"properties":{},"reference":null}],"properties":{},"reference":null},{"@id":205,"shape":null,"labelManager":{"labels":[{"type":"textLabel","@id":206,"inputText":"Jonathan","labelStyle":70,"shape":null,"layoutText":null}],"mainLabel":206},"portCompositions":[{"type":"portGroup","@id":207,"ordered":false,"portCompositions":[{"type":"port","@id":208,"shape":{"type":"rect","xposition":"NaN","yposition":"NaN","width":"NaN","height":"NaN","shapeStyle":68},"labelManager":{"labels":[{"type":"textLabel","@id":209,"inputText":"1","labelStyle":70,"shape":null,"layoutText":null}],"mainLabel":209},"properties":{},"orientationAtVertex":"FREE","reference":null}],"properties":{},"reference":null}],"properties":{},"reference":null}],"vertexGroups":[{"@id":210,"drawnFrame":false,"labelManager":{"labels":[],"mainLabel":null},"shape":null,"containedVertices":[7,14],"containedVertexGroups":[],"touchingPairs":[{"vertex0":7,"horizontalPlacementVertex0":"FREE","verticalPlacementVertex0":"TOP","vertex1":14,"horizontalPlacementVertex1":"FREE","verticalPlacementVertex1":"FREE"}],"portPairings":[{"port0":10,"port1":17},{"port0":12,"port1":19}],"properties":{},"reference":null},{"@id":211,"drawnFrame":false,"labelManager":{"labels":[],"mainLabel":null},"shape":null,"containedVertices":[21,27],"containedVertexGroups":[],"touchingPairs":[{"vertex0":21,"horizontalPlacementVertex0":"FREE","verticalPlacementVertex0":"TOP","vertex1":27,"horizontalPlacementVertex1":"FREE","verticalPlacementVertex1":"FREE"}],"portPairings":[{"port0":25,"port1":30}],"properties":{},"reference":null},{"@id":212,"drawnFrame":false,"labelManager":{"labels":[],"mainLabel":null},"shape":null,"containedVertices":[32,37],"containedVertexGroups":[],"touchingPairs":[{"vertex0":32,"horizontalPlacementVertex0":"FREE","verticalPlacementVertex0":"TOP","vertex1":37,"horizontalPlacementVertex1":"FREE","verticalPlacementVertex1":"FREE"}],"portPairings":[{"port0":35,"port1":40}],"properties":{},"reference":null},{"@id":213,"drawnFrame":false,"labelManager":{"labels":[],"mainLabel":null},"shape":null,"containedVertices":[42,47],"containedVertexGroups":[],"touchingPairs":[{"vertex0":42,"horizontalPlacementVertex0":"FREE","verticalPlacementVertex0":"TOP","vertex1":47,"horizontalPlacementVertex1":"FREE","verticalPlacementVertex1":"FREE"}],"portPairings":[{"port0":45,"port1":50}],"properties":{},"reference":null},{"@id":214,"drawnFrame":false,"labelManager":{"labels":[],"mainLabel":null},"shape":null,"containedVertices":[52,57],"containedVertexGroups":[],"touchingPairs":[{"vertex0":52,"horizontalPlacementVertex0":"FREE","verticalPlacementVertex0":"TOP","vertex1":57,"horizontalPlacementVertex1":"FREE","verticalPlacementVertex1":"FREE"}],"portPairings":[{"port0":55,"port1":60}],"properties":{},"reference":null},{"@id":215,"drawnFrame":false,"labelManager":{"labels":[],"mainLabel":null},"shape":null,"containedVertices":[62,71],"containedVertexGroups":[],"touchingPairs":[{"vertex0":62,"horizontalPlacementVertex0":"FREE","verticalPlacementVertex0":"TOP","vertex1":71,"horizontalPlacementVertex1":"FREE","verticalPlacementVertex1":"FREE"}],"portPairings":[{"port0":65,"port1":74},{"port0":67,"port1":76}],"properties":{},"reference":null},{"@id":216,"drawnFrame":false,"labelManager":{"labels":[],"mainLabel":null},"shape":null,"containedVertices":[82,89],"containedVertexGroups":[],"touchingPairs":[{"vertex0":82,"horizontalPlacementVertex0":"FREE","verticalPlacementVertex0":"TOP","vertex1":89,"horizontalPlacementVertex1":"FREE","verticalPlacementVertex1":"FREE"}],"portPairings":[{"port0":85,"port1":92},{"port0":87,"port1":94}],"properties":{},"reference":null},{"@id":217,"drawnFrame":false,"labelManager":{"labels":[],"mainLabel":null},"shape":null,"containedVertices":[96,101],"containedVertexGroups":[],"touchingPairs":[{"vertex0":96,"horizontalPlacementVertex0":"FREE","verticalPlacementVertex0":"TOP","vertex1":101,"horizontalPlacementVertex1":"FREE","verticalPlacementVertex1":"FREE"}],"portPairings":[{"port0":99,"port1":104}],"properties":{},"reference":null},{"@id":218,"drawnFrame":false,"labelManager":{"labels":[],"mainLabel":null},"shape":null,"containedVertices":[114,121],"containedVertexGroups":[],"touchingPairs":[{"vertex0":114,"horizontalPlacementVertex0":"FREE","verticalPlacementVertex0":"TOP","vertex1":121,"horizontalPlacementVertex1":"FREE","verticalPlacementVertex1":"FREE"}],"portPairings":[{"port0":117,"port1":124},{"port0":119,"port1":126}],"properties":{},"reference":null},{"@id":219,"drawnFrame":false,"labelManager":{"labels":[],"mainLabel":null},"shape":null,"containedVertices":[128,133],"containedVertexGroups":[],"touchingPairs":[{"vertex0":128,"horizontalPlacementVertex0":"FREE","verticalPlacementVertex0":"TOP","vertex1":133,"horizontalPlacementVertex1":"FREE","verticalPlacementVertex1":"FREE"}],"portPairings":[{"port0":131,"port1":136}],"properties":{},"reference":null},{"@id":220,"drawnFrame":false,"labelManager":{"labels":[],"mainLabel":null},"shape":null,"containedVertices":[138,145],"containedVertexGroups":[],"touchingPairs":[{"vertex0":138,"horizontalPlacementVertex0":"FREE","verticalPlacementVertex0":"TOP","vertex1":145,"horizontalPlacementVertex1":"FREE","verticalPlacementVertex1":"FREE"}],"portPairings":[{"port0":141,"port1":148},{"port0":143,"port1":150}],"properties":{},"reference":null},{"@id":221,"drawnFrame":false,"labelManager":{"labels":[],"mainLabel":null},"shape":null,"containedVertices":[160,171],"containedVertexGroups":[],"touchingPairs":[{"vertex0":160,"horizontalPlacementVertex0":"FREE","verticalPlacementVertex0":"TOP","vertex1":171,"horizontalPlacementVertex1":"FREE","verticalPlacementVertex1":"FREE"}],"portPairings":[{"port0":163,"port1":174},{"port0":165,"port1":176},{"port0":167,"port1":178},{"port0":169,"port1":180}],"properties":{},"reference":null},{"@id":222,"drawnFrame":false,"labelManager":{"labels":[],"mainLabel":null},"shape":null,"containedVertices":[182,191],"containedVertexGroups":[],"touchingPairs":[{"vertex0":182,"horizontalPlacementVertex0":"FREE","verticalPlacementVertex0":"FREE","vertex1":191,"horizontalPlacementVertex1":"FREE","verticalPlacementVertex1":"FREE"}],"portPairings":[{"port0":185,"port1":194},{"port0":187,"port1":196},{"port0":189,"port1":198}],"properties":{},"reference":null},{"@id":223,"drawnFrame":false,"labelManager":{"labels":[],"mainLabel":null},"shape":null,"containedVertices":[200,205],"containedVertexGroups":[],"touchingPairs":[{"vertex0":200,"horizontalPlacementVertex0":"FREE","verticalPlacementVertex0":"FREE","vertex1":205,"horizontalPlacementVertex1":"FREE","verticalPlacementVertex1":"FREE"}],"portPairings":[{"port0":203,"port1":208}],"properties":{},"reference":null}],"edges":[{"@id":224,"ports":[112,131],"labelManager":{"innerLabels":[{"type":"textLabel","@id":225,"inputText":"Michael","labelStyle":4,"shape":null,"layoutText":null}],"allPortLabels":[],"mainLabel":225},"pathStyle":{"@id":226,"description":"default path style","thickness":-1.0,"color":{"argb":"ff000000"}},"paths":[],"properties":{"id":"a027ca81c440064ef49b4df6b8365564"},"reference":null},{"@id":227,"ports":[65,174],"labelManager":{"innerLabels":[{"type":"textLabel","@id":228,"inputText":"Karl","labelStyle":4,"shape":null,"layoutText":null}],"allPortLabels":[],"mainLabel":228},"pathStyle":226,"paths":[],"properties":{"id":"e726be18f0869cee8f82b4679d906560"},"reference":null},{"@id":229,"ports":[80,104,45],"labelManager":{"innerLabels":[{"type":"textLabel","@id":230,"inputText":"Joel","labelStyle":4,"shape":null,"layoutText":null}],"allPortLabels":[],"mainLabel":230},"pathStyle":226,"paths":[],"properties":{"id":"cf4c30f89ba10c64635cf692c25bc303"},"reference":null},{"@id":231,"ports":[35,74],"labelManager":{"innerLabels":[{"type":"textLabel","@id":232,"inputText":"Daniel","labelStyle":4,"shape":null,"layoutText":null}],"allPortLabels":[],"mainLabel":232},"pathStyle":226,"paths":[],"properties":{"id":"c807c1d805545a0a78505628bf9ac74b"},"reference":null},{"@id":233,"ports":[5,10],"labelManager":{"innerLabels":[{"type":"textLabel","@id":234,"inputText":"Levi","labelStyle":4,"shape":null,"layoutText":null}],"allPortLabels":[],"mainLabel":234},"pathStyle":226,"paths":[],"properties":{"id":"86cfd66a63bb551d520a3188b7149e76"},"reference":null},{"@id":235,"ports":[30,50],"labelManager":{"innerLabels":[{"type":"textLabel","@id":236,"inputText":"Can","labelStyle":4,"shape":null,"layoutText":null}],"allPortLabels":[],"mainLabel":236},"pathStyle":226,"paths":[],"properties":{"id":"e4319addae3b738711b7e6f0ec80105e"},"reference":null},{"@id":237,"ports":[124,108],"labelManager":{"innerLabels":[{"type":"textLabel","@id":238,"inputText":"Henry","labelStyle":4,"shape":null,"layoutText":null}],"allPortLabels":[],"mainLabel":238},"pathStyle":226,"paths":[],"properties":{"id":"2f519e1345a9b3deeccc814f6ae569af"},"reference":null},{"@id":239,"ports":[40,99],"labelManager":{"innerLabels":[{"type":"textLabel","@id":240,"inputText":"Mika","labelStyle":4,"shape":null,"layoutText":null}],"allPortLabels":[],"mainLabel":240},"pathStyle":226,"paths":[],"properties":{"id":"d22436d14b3774a2d8f5caed7082e344"},"reference":null},{"@id":241,"ports":[148,108],"labelManager":{"innerLabels":[{"type":"textLabel","@id":242,"inputText":"Ali","labelStyle":4,"shape":null,"layoutText":null}],"allPortLabels":[],"mainLabel":242},"pathStyle":226,"paths":[],"properties":{"id":"34ad200f22b2562ad0fc80edcb871bc3"},"reference":null},{"@id":243,"ports":[119,208],"labelManager":{"innerLabels":[{"type":"textLabel","@id":244,"inputText":"Niklas","labelStyle":70,"shape":null,"layoutText":null}],"allPortLabels":[],"mainLabel":244},"pathStyle":{"@id":245,"description":"default path style","thickness":-1.0,"color":{"argb":"ff000000"}},"paths":[],"properties":{},"reference":null},{"@id":246,"ports":[136,150],"labelManager":{"innerLabels":[{"type":"textLabel","@id":247,"inputText":"Muhammed","labelStyle":70,"shape":null,"layoutText":null}],"allPortLabels":[],"mainLabel":247},"pathStyle":245,"paths":[],"properties":{},"reference":null},{"@id":248,"ports":[76,55],"labelManager":{"innerLabels":[{"type":"textLabel","@id":249,"inputText":"Johann","labelStyle":70,"shape":null,"layoutText":null}],"allPortLabels":[],"mainLabel":249},"pathStyle":245,"paths":[],"properties":{},"reference":null},{"@id":250,"ports":[176,154],"labelManager":{"innerLabels":[{"type":"textLabel","@id":251,"inputText":"Frederik","labelStyle":70,"shape":null,"layoutText":null}],"allPortLabels":[],"mainLabel":251},"pathStyle":245,"paths":[],"properties":{},"reference":null},{"@id":252,"ports":[158,117],"labelManager":{"innerLabels":[{"type":"textLabel","@id":253,"inputText":"Valentin","labelStyle":70,"shape":null,"layoutText":null}],"allPortLabels":[],"mainLabel":253},"pathStyle":245,"paths":[],"properties":{},"reference":null},{"@id":254,"ports":[126,92],"labelManager":{"innerLabels":[{"type":"textLabel","@id":255,"inputText":"Simon","labelStyle":70,"shape":null,"layoutText":null}],"allPortLabels":[],"mainLabel":255},"pathStyle":245,"paths":[],"properties":{},"reference":null},{"@id":256,"ports":[12,178],"labelManager":{"innerLabels":[{"type":"textLabel","@id":257,"inputText":"Vincent","labelStyle":70,"shape":null,"layoutText":null}],"allPortLabels":[],"mainLabel":257},"pathStyle":245,"paths":[],"properties":{},"reference":null},{"@id":258,"ports":[94,17],"labelManager":{"innerLabels":[{"type":"textLabel","@id":259,"inputText":"Justus","labelStyle":70,"shape":null,"layoutText":null}],"allPortLabels":[],"mainLabel":259},"pathStyle":245,"paths":[],"properties":{},"reference":null},{"@id":260,"ports":[198,19],"labelManager":{"innerLabels":[{"type":"textLabel","@id":261,"inputText":"Milan","labelStyle":70,"shape":null,"layoutText":null}],"allPortLabels":[],"mainLabel":261},"pathStyle":245,"paths":[],"properties":{},"reference":null},{"@id":262,"ports":[194,196,67],"labelManager":{"innerLabels":[{"type":"textLabel","@id":263,"inputText":"Theo","labelStyle":70,"shape":null,"layoutText":null}],"allPortLabels":[],"mainLabel":263},"pathStyle":245,"paths":[],"properties":{},"reference":null}],"edgeBundles":[]}