{"vertices":[{"@id":1,"shape":{"type":"rect","xposition":"NaN","yposition":"NaN","width":"NaN","height":"NaN","shapeStyle":{"@id":2,"description":"default shape style","color":{"argb":"ff000000"}}},"labelManager":{"labels":[{"type":"textLabel","@id":3,"inputText":"David","labelStyle":{"@id":4,"description":"default text label style","font":{"fontName":"SansSerif","style":0,"size":10},"noBreak":false,"color":{"argb":"ff000000"},"showLabel":true,"placement":"FREE","horizontalPlacement":"FREE","verticalPlacement":"FREE"},"shape":null,"layoutText":null}],"mainLabel":3},"portCompositions":[{"type":"portGroup","@id":5,"ordered":false,"portCompositions":[{"type":"port","@id":6,"shape":{"type":"rect","xposition":"NaN","yposition":"NaN","width":"NaN","height":"NaN","shapeStyle":2},"labelManager":{"labels":[{"type":"textLabel","@id":7,"inputText":"1","labelStyle":4,"shape":null,"layoutText":null}],"mainLabel":7},"properties":{"id":"657105739890020710396a7552fdfb94"},"orientationAtVertex":"FREE","reference":null},{"type":"port","@id":8,"shape":{"type":"rect","xposition":"NaN","yposition":"NaN","width":"NaN","height":"NaN","shapeStyle":2},"labelManager":{"labels":[{"type":"textLabel","@id":9,"inputText":"2","labelStyle":4,"shape":null,"layoutText":null}],"mainLabel":9},"properties":{"id":"54770da9a9eaa4266edf0dc347326409"},"orientationAtVertex":"FREE","reference":null}],"properties":{},"reference":null}],"properties":{"id":"77ac5b92ce1849bf6b2ae1bb7ef3c693","type":"plug"},"reference":null},{"@id":10,"shape":{"type":"rect","xposition":"NaN","yposition":"NaN","width":"NaN","height":"NaN","shapeStyle":2},"labelManager":{"labels":[{"type":"textLabel","@id":11,"inputText":"Jonas","labelStyle":4,"shape":null,"layoutText":null}],"mainLabel":11},"portCompositions":[{"type":"portGroup","@id":12,"ordered":false,"portCompositions":[{"type":"port","@id":13,"shape":{"type":"rect","xposition":"NaN","yposition":"NaN","width":"NaN","height":"NaN","shapeStyle":2},"labelManager":{"labels":[{"type":"textLabel","@id":14,"inputText":"1","labelStyle":4,"shape":null,"layoutText":null}],"mainLabel":14},"properties":{"id":"385fbfe73452024a8eaea0d426f32bd3"},"orientationAtVertex":"FREE","reference":null},{"type":"port","@id":15,"shape":{"type":"rect","xposition":"NaN","yposition":"NaN","width":"NaN","height":"NaN","shapeStyle":2},"labelManager":{"labels":[{"type":"textLabel","@id":16,"inputText":"2","labelStyle":4,"shape":null,"layoutText":null}],"mainLabel":16},"properties":{"id":"6f73e689050c8650d12ee5393c5e7c0a"},"orientationAtVertex":"FREE","reference":null}],"properties":{},"reference":null}],"properties":{"id":"25c74d4083c3c655f76e6581b820a062","type":"plug"},"reference":null},{"@id":17,"shape":{"type":"rect","xposition":"NaN","yposition":"NaN","width":"NaN","height":"NaN","shapeStyle":2},"labelManager":{"labels":[{"type":"textLabel","@id":18,"inputText":"Moritz","labelStyle":4,"shape":null,"layoutText":null}],"mainLabel":18},"portCompositions":[{"type":"port","@id":19,"shape":{"type":"rect","xposition":"NaN","yposition":"NaN","width":"NaN","height":"NaN","shapeStyle":2},"labelManager":{"labels":[{"type":"textLabel","@id":20,"inputText":"1","labelStyle":4,"shape":null,"layoutText":null}],"mainLabel":20},"properties":{"id":"53ad3c52bb1346e62d08d295343d2e56"},"orientationAtVertex":"FREE","reference":null}],"properties":{"id":"980e25ea9b76f40560aa81d85e960c8e","type":"splice"},"reference":null},{"@id":21,"shape":{"type":"rect","xposition":"NaN","yposition":"NaN","width":"NaN","height":"NaN","shapeStyle":2},"labelManager":{"labels":[{"type":"textLabel","@id":22,"inputText":"Anton","labelStyle":4,"shape":null,"layoutText":null}],"mainLabel":22},"portCompositions":[{"type":"port","@id":23,"shape":{"type":"rect","xposition":"NaN","yposition":"NaN","width":"NaN","height":"NaN","shapeStyle":2},"labelManager":{"labels":[{"type":"textLabel","@id":24,"inputText":"1","labelStyle":4,"shape":null,"layoutText":null}],"mainLabel":24},"properties":{"id":"40abf9bc054d25c933f305df3cb8874f"},"orientationAtVertex":"FREE","reference":null}],"properties":{"id":"2120d44323f7ab919d1d52cbb517cfde","type":"splice"},"reference":null},{"@id":25,"shape":{"type":"rect","xposition":"NaN","yposition":"NaN","width":"NaN","height":"NaN","shapeStyle":2},"labelManager":{"labels":[{"type":"textLabel","@id":26,"inputText":"Niklas","labelStyle":4,"shape":null,"layoutText":null}],"mainLabel":26},"portCompositions":[{"type":"port","@id":27,"shape":{"type":"rect","xposition":"NaN","yposition":"NaN","width":"NaN","height":"NaN","shapeStyle":2},"labelManager":{"labels":[{"type":"textLabel","@id":28,"inputText":"1","labelStyle":4,"shape":null,"layoutText":null}],"mainLabel":28},"properties":{"id":"5f1dac7e749a9cbf9c502d6aead87a1f"},"orientationAtVertex":"FREE","reference":null}],"properties":{"id":"1aca1554ce16c8dd0111a3a5b0cf1a2c","type":"splice"},"reference":null},{"@id":29,"shape":{"type":"rect","xposition":"NaN","yposition":"NaN","width":"NaN","height":"NaN","shapeStyle":2},"labelManager":{"labels":[{"type":"textLabel","@id":30,"inputText":"Julian","labelStyle":4,"shape":null,"layoutText":null}],"mainLabel":30},"portCompositions":[{"type":"portGroup","@id":31,"ordered":false,"portCompositions":[{"type":"port","@id":32,"shape":{"type":"rect","xposition":"NaN","yposition":"NaN","width":"NaN","height":"NaN","shapeStyle":2},"labelManager":{"labels":[{"type":"textLabel","@id":33,"inputText":"1","labelStyle":4,"shape":null,"layoutText":null}],"mainLabel":33},"properties":{"id":"bce94778e06b6c07e02f1047cf0c6368"},"orientationAtVertex":"FREE","reference":null},{"type":"port","@id":34,"shape":{"type":"rect","xposition":"NaN","yposition":"NaN","width":"NaN","height":"NaN","shapeStyle":{"@id":35,"description":"default shape style","color":{"argb":"ff000000"}}},"labelManager":{"labels":[{"type":"textLabel","@id":36,"inputText":"2","labelStyle":{"@id":37,"description":"default text label style","font":{"fontName":"SansSerif","style":0,"size":10},"noBreak":false,"color":{"argb":"ff000000"},"showLabel":true,"placement":"FREE","horizontalPlacement":"FREE","verticalPlacement":"FREE"},"shape":null,"layoutText":null}],"mainLabel":36},"properties":{},"orientationAtVertex":"FREE","reference":null}],"properties":{},"reference":null}],"properties":{"id":"5fa2380541889db8cd3487cefbbd603f","type":"plug"},"reference":null},{"@id":38,"shape":{"type":"rect","xposition":"NaN","yposition":"NaN","width":"NaN","height":"NaN","shapeStyle":2},"labelManager":{"labels":[{"type":"textLabel","@id":39,"inputText":"Johannes","labelStyle":4,"shape":null,"layoutText":null}],"mainLabel":39},"portCompositions":[{"type":"portGroup","@id":40,"ordered":false,"portCompositions":[{"type":"port","@id":41,"shape":{"type":"rect","xposition":"NaN","yposition":"NaN","width":"NaN","height":"NaN","shapeStyle":2},"labelManager":{"labels":[{"type":"textLabel","@id":42,"inputText":"1","labelStyle":4,"shape":null,"layoutText":null}],"mainLabel":42},"properties":{"id":"344a01e43e309008f61473debcfb343c"},"orientationAtVertex":"FREE","reference":null},{"type":"port","@id":43,"shape":{"type":"rect","xposition":"NaN","yposition":"NaN","width":"NaN","height":"NaN","shapeStyle":35},"labelManager":{"labels":[{"type":"textLabel","@id":44,"inputText":"2","labelStyle":37,"shape":null,"layoutText":null}],"mainLabel":44},"properties":{},"orientationAtVertex":"FREE","reference":null}],"properties":{},"reference":null}],"properties":{"id":"db053797197770e7ee1ab056c279ca73","type":"plug"},"reference":null},{"@id":45,"shape":{"type":"rect","xposition":"NaN","yposition":"NaN","width":"NaN","height":"NaN","shapeStyle":2},"labelManager":{"labels":[{"type":"textLabel","@id":46,"inputText":"Theo","labelStyle":4,"shape":null,"layoutText":null}],"mainLabel":46},"portCompositions":[{"type":"port","@id":47,"shape":{"type":"rect","xposition":"NaN","yposition":"NaN","width":"NaN","height":"NaN","shapeStyle":2},"labelManager":{"labels":[{"type":"textLabel","@id":48,"inputText":"1","labelStyle":4,"shape":null,"layoutText":null}],"mainLabel":48},"properties":{"id":"191fee5a08145624046d5c253f56bbcf"},"orientationAtVertex":"FREE","reference":null}],"properties":{"id":"484a1e33b08c42c550779f744558408d","type":"splice"},"reference":null},{"@id":49,"shape":{"type":"rect","xposition":"NaN","yposition":"NaN","width":"NaN","height":"NaN","shapeStyle":2},"labelManager":{"labels":[{"type":"textLabel","@id":50,"inputText":"Julius","labelStyle":4,"shape":null,"layoutText":null}],"mainLabel":50},"portCompositions":[{"type":"port","@id":51,"shape":{"type":"rect","xposition":"NaN","yposition":"NaN","width":"NaN","height":"NaN","shapeStyle":2},"labelManager":{"labels":[{"type":"textLabel","@id":52,"inputText":"1","labelStyle":4,"shape":null,"layoutText":null}],"mainLabel":52},"properties":{"id":"0784dfe0f050bced9728ab3ef905d99e"},"orientationAtVertex":"FREE","reference":null}],"properties":{"id":"320276f059c9f72c6cff22587c889595","type":"splice"},"reference":null},{"@id":53,"shape":{"type":"rect","xposition":"NaN","yposition":"NaN","width":"NaN","height":"NaN","shapeStyle":2},"labelManager":{"labels":[{"type":"textLabel","@id":54,"inputText":"Levi","labelStyle":4,"shape":null,"layoutText":null}],"mainLabel":54},"portCompositions":[{"type":"port","@id":55,"shape":{"type":"rect","xposition":"NaN","yposition":"NaN","width":"NaN","height":"NaN","shapeStyle":2},"labelManager":{"labels":[{"type":"textLabel","@id":56,"inputText":"1","labelStyle":4,"shape":null,"layoutText":null}],"mainLabel":56},"properties":{"id":"13998210761cd0677b69245c66af10f6"},"orientationAtVertex":"FREE","reference":null}],"properties":{"id":"1d8cd2d1911d6fafba1a977064117083","type":"splice"},"reference":null},{"@id":57,"shape":{"type":"rect","xposition":"NaN","yposition":"NaN","width":"NaN","height":"NaN","shapeStyle":2},"labelManager":{"labels":[{"type":"textLabel","@id":58,"inputText":"Paul","labelStyle":4,"shape":null,"layoutText":null}],"mainLabel":58},"portCompositions":[{"type":"port","@id":59,"shape":{"type":"rect","xposition":"NaN","yposition":"NaN","width":"NaN","height":"NaN","shapeStyle":2},"labelManager":{"labels":[{"type":"textLabel","@id":60,"inputText":"1","labelStyle":4,"shape":null,"layoutText":null}],"mainLabel":60},"properties":{"id":"df203af394574fcad033fb660681a639"},"orientationAtVertex":"FREE","reference":null}],"properties":{"id":"fd5c8560f67638284dca47051b949edb","type":"splice"},"reference":null},{"@id":61,"shape":{"type":"rect","xposition":"NaN","yposition":"NaN","width":"NaN","height":"NaN","shapeStyle":2},"labelManager":{"labels":[{"type":"textLabel","@id":62,"inputText":"Alexander","labelStyle":4,"shape":null,"layoutText":null}],"mainLabel":62},"portCompositions":[{"type":"portGroup","@id":63,"ordered":false,"portCompositions":[{"type":"port","@id":64,"shape":{"type":"rect","xposition":"NaN","yposition":"NaN","width":"NaN","height":"NaN","shapeStyle":2},"labelManager":{"labels":[{"type":"textLabel","@id":65,"inputText":"4","labelStyle":4,"shape":null,"layoutText":null}],"mainLabel":65},"properties":{"id":"deeddd9fe5994609986533b49fb554e4"},"orientationAtVertex":"FREE","reference":null},{"type":"port","@id":66,"shape":{"type":"rect","xposition":"NaN","yposition":"NaN","width":"NaN","height":"NaN","shapeStyle":2},"labelManager":{"labels":[{"type":"textLabel","@id":67,"inputText":"3","labelStyle":4,"shape":null,"layoutText":null}],"mainLabel":67},"properties":{"id":"b4cdea2996f7d143de0a98c53b9967b7"},"orientationAtVertex":"FREE","reference":null},{"type":"port","@id":68,"shape":{"type":"rect","xposition":"NaN","yposition":"NaN","width":"NaN","height":"NaN","shapeStyle":35},"labelManager":{"labels":[{"type":"textLabel","@id":69,"inputText":"2","labelStyle":37,"shape":null,"layoutText":null}],"mainLabel":69},"properties":{},"orientationAtVertex":"FREE","reference":null},{"type":"port","@id":70,"shape":{"type":"rect","xposition":"NaN","yposition":"NaN","width":"NaN","height":"NaN","shapeStyle":35},"labelManager":{"labels":[{"type":"textLabel","@id":71,"inputText":"1","labelStyle":37,"shape":null,"layoutText":null}],"mainLabel":71},"properties":{},"orientationAtVertex":"FREE","reference":null}],"properties":{},"reference":null}],"properties":{"id":"95378c50e041f5ebe291c5f192ae8beb","type":"device"},"reference":null},{"@id":72,"shape":{"type":"rect","xposition":"NaN","yposition":"NaN","width":"NaN","height":"NaN","shapeStyle":2},"labelManager":{"labels":[{"type":"textLabel","@id":73,"inputText":"Ben","labelStyle":4,"shape":null,"layoutText":null}],"mainLabel":73},"portCompositions":[{"type":"portGroup","@id":74,"ordered":false,"portCompositions":[{"type":"port","@id":75,"shape":{"type":"rect","xposition":"NaN","yposition":"NaN","width":"NaN","height":"NaN","shapeStyle":2},"labelManager":{"labels":[{"type":"textLabel","@id":76,"inputText":"4","labelStyle":4,"shape":null,"layoutText":null}],"mainLabel":76},"properties":{"id":"a35fdfffb71540d6ec92ab7fb2a8ef32"},"orientationAtVertex":"FREE","reference":null},{"type":"port","@id":77,"shape":{"type":"rect","xposition":"NaN","yposition":"NaN","width":"NaN","height":"NaN","shapeStyle":2},"labelManager":{"labels":[{"type":"textLabel","@id":78,"inputText":"3","labelStyle":4,"shape":null,"layoutText":null}],"mainLabel":78},"properties":{"id":"3833b9cf56d4270d2ee011a61a7a2f41"},"orientationAtVertex":"FREE","reference":null},{"type":"port","@id":79,"shape":{"type":"rect","xposition":"NaN","yposition":"NaN","width":"NaN","height":"NaN","shapeStyle":35},"labelManager":{"labels":[{"type":"textLabel","@id":80,"inputText":"2","labelStyle":37,"shape":null,"layoutText":null}],"mainLabel":80},"properties":{},"orientationAtVertex":"FREE","reference":null},{"type":"port","@id":81,"shape":{"type":"rect","xposition":"NaN","yposition":"NaN","width":"NaN","height":"NaN","shapeStyle":35},"labelManager":{"labels":[{"type":"textLabel","@id":82,"inputText":"1","labelStyle":37,"shape":null,"layoutText":null}],"mainLabel":82},"properties":{},"orientationAtVertex":"FREE","reference":null}],"properties":{},"reference":null}],"properties":{"id":"ba2001555e69f9fb65b3f2f39c96641c","type":"socket"},"reference":null},{"@id":83,"shape":{"type":"rect","xposition":"NaN","yposition":"NaN","width":"NaN","height":"NaN","shapeStyle":2},"labelManager":{"labels":[{"type":"textLabel","@id":84,"inputText":"Philipp","labelStyle":4,"shape":null,"layoutText":null}],"mainLabel":84},"portCompositions":[{"type":"port","@id":85,"shape":{"type":"rect","xposition":"NaN","yposition":"NaN","width":"NaN","height":"NaN","shapeStyle":2},"labelManager":{"labels":[{"type":"textLabel","@id":86,"inputText":"1","labelStyle":4,"shape":null,"layoutText":null}],"mainLabel":86},"properties":{"id":"ab5793171f776cef8ab1d169c5f55f0d"},"orientationAtVertex":"FREE","reference":null}],"properties":{"id":"cf9ada24e176bae861af2da3bd99f52e","type":"splice"},"reference":null},{"@id":87,"shape":{"type":"rect","xposition":"NaN","yposition":"NaN","width":"NaN","height":"NaN","shapeStyle":2},"labelManager":{"labels":[{"type":"textLabel","@id":88,"inputText":"Lukas","labelStyle":4,"shape":null,"layoutText":null}],"mainLabel":88},"portCompositions":[{"type":"portGroup","@id":89,"ordered":false,"portCompositions":[{"type":"port","@id":90,"shape":{"type":"rect","xposition":"NaN","yposition":"NaN","width":"NaN","height":"NaN","shapeStyle":2},"labelManager":{"labels":[{"type":"textLabel","@id":91,"inputText":"2","labelStyle":4,"shape":null,"layoutText":null}],"mainLabel":91},"properties":{"id":"33dbd1684469b387969303472236625e"},"orientationAtVertex":"FREE","reference":null},{"type":"port","@id":92,"shape":{"type":"rect","xposition":"NaN","yposition":"NaN","width":"NaN","height":"NaN","shapeStyle":35},"labelManager":{"labels":[{"type":"textLabel","@id":93,"inputText":"1","labelStyle":37,"shape":null,"layoutText":null}],"mainLabel":93},"properties":{},"orientationAtVertex":"FREE","reference":null},{"type":"port","@id":94,"shape":{"type":"rect","xposition":"NaN","yposition":"NaN","width":"NaN","height":"NaN","shapeStyle":35},"labelManager":{"labels":[{"type":"textLabel","@id":95,"inputText":"3","labelStyle":37,"shape":null,"layoutText":null}],"mainLabel":95},"properties":{},"orientationAtVertex":"FREE","reference":null}],"properties":{},"reference":null}],"properties":{"id":"ca5be94d05b4d731d8fa97c572bf64c0","type":"plug"},"reference":null},{"@id":96,"shape":{"type":"rect","xposition":"NaN","yposition":"NaN","width":"NaN","height":"NaN","shapeStyle":2},"labelManager":{"labels":[{"type":"textLabel","@id":97,"inputText":"Christian","labelStyle":4,"shape":null,"layoutText":null}],"mainLabel":97},"portCompositions":[{"type":"portGroup","@id":98,"ordered":false,"portCompositions":[{"type":"port","@id":99,"shape":{"type":"rect","xposition":"NaN","yposition":"NaN","width":"NaN","height":"NaN","shapeStyle":2},"labelManager":{"labels":[{"type":"textLabel","@id":100,"inputText":"2","labelStyle":4,"shape":null,"layoutText":null}],"mainLabel":100},"properties":{"id":"a087bccabacd6af63a57bda3c2c76aae"},"orientationAtVertex":"FREE","reference":null},{"type":"port","@id":101,"shape":{"type":"rect","xposition":"NaN","yposition":"NaN","width":"NaN","height":"NaN","shapeStyle":35},"labelManager":{"labels":[{"type":"textLabel","@id":102,"inputText":"1","labelStyle":37,"shape":null,"layoutText":null}],"mainLabel":102},"properties":{},"orientationAtVertex":"FREE","reference":null},{"type":"port","@id":103,"shape":{"type":"rect","xposition":"NaN","yposition":"NaN","width":"NaN","height":"NaN","shapeStyle":35},"labelManager":{"labels":[{"type":"textLabel","@id":104,"inputText":"3","labelStyle":37,"shape":null,"layoutText":null}],"mainLabel":104},"properties":{},"orientationAtVertex":"FREE","reference":null}],"properties":{},"reference":null}],"properties":{"id":"da956b0db14d167ef7c4092a59b46ad2","type":"plug"},"reference":null},{"@id":105,"shape":{"type":"rect","xposition":"NaN","yposition":"NaN","width":"NaN","height":"NaN","shapeStyle":2},"labelManager":{"labels":[{"type":"textLabel","@id":106,"inputText":"Leo","labelStyle":4,"shape":null,"layoutText":null}],"mainLabel":106},"portCompositions":[{"type":"port","@id":107,"shape":{"type":"rect","xposition":"NaN","yposition":"NaN","width":"NaN","height":"NaN","shapeStyle":2},"labelManager":{"labels":[{"type":"textLabel","@id":108,"inputText":"1","labelStyle":4,"shape":null,"layoutText":null}],"mainLabel":108},"properties":{"id":"e70d25b2c7eaefe695446c2a550b4c28"},"orientationAtVertex":"FREE","reference":null}],"properties":{"id":"7324855061eb64baec3c161ccdf76df2","type":"splice"},"reference":null},{"@id":109,"shape":{"type":"rect","xposition":"NaN","yposition":"NaN","width":"NaN","height":"NaN","shapeStyle":2},"labelManager":{"labels":[{"type":"textLabel","@id":110,"inputText":"Benjamin","labelStyle":4,"shape":null,"layoutText":null}],"mainLabel":110},"portCompositions":[{"type":"portGroup","@id":111,"ordered":false,"portCompositions":[{"type":"port","@id":112,"shape":{"type":"rect","xposition":"NaN","yposition":"NaN","width":"NaN","height":"NaN","shapeStyle":2},"labelManager":{"labels":[{"type":"textLabel","@id":113,"inputText":"2","labelStyle":4,"shape":null,"layoutText":null}],"mainLabel":113},"properties":{"id":"2a9af3acc7d819d419b5d1c929a82b24"},"orientationAtVertex":"FREE","reference":null},{"type":"port","@id":114,"shape":{"type":"rect","xposition":"NaN","yposition":"NaN","width":"NaN","height":"NaN","shapeStyle":35},"labelManager":{"labels":[{"type":"textLabel","@id":115,"inputText":"1","labelStyle":37,"shape":null,"layoutText":null}],"mainLabel":115},"properties":{},"orientationAtVertex":"FREE","reference":null}],"properties":{},"reference":null}],"properties":{"id":"b9a1e4e9ea4b0778c23e94f00bce1026","type":"plug"},"reference":null},{"@id":116,"shape":{"type":"rect","xposition":"NaN","yposition":"NaN","width":"NaN","height":"NaN","shapeStyle":2},"labelManager":{"labels":[{"type":"textLabel","@id":117,"inputText":"Maximilian","labelStyle":4,"shape":null,"layoutText":null}],"mainLabel":117},"portCompositions":[{"type":"portGroup","@id":118,"ordered":false,"portCompositions":[{"type":"port","@id":119,"shape":{"type":"rect","xposition":"NaN","yposition":"NaN","width":"NaN","height":"NaN","shapeStyle":2},"labelManager":{"labels":[{"type":"textLabel","@id":120,"inputText":"2","labelStyle":4,"shape":null,"layoutText":null}],"mainLabel":120},"properties":{"id":"c39220c4a38edc5bc7f6954444a34ad8"},"orientationAtVertex":"FREE","reference":null},{"type":"port","@id":121,"shape":{"type":"rect","xposition":"NaN","yposition":"NaN","width":"NaN","height":"NaN","shapeStyle":35},"labelManager":{"labels":[{"type":"textLabel","@id":122,"inputText":"1","labelStyle":37,"shape":null,"layoutText":null}],"mainLabel":122},"properties":{},"orientationAtVertex":"FREE","reference":null}],"properties":{},"reference":null}],"properties":{"id":"35d9b04ead60935ea5d27eccaa6aff6c","type":"plug"},"reference":null},{"@id":123,"shape":{"type":"rect","xposition":"NaN","yposition":"NaN","width":"NaN","height":"NaN","shapeStyle":2},"labelManager":{"labels":[{"type":"textLabel","@id":124,"inputText":"Henri","labelStyle":4,"shape":null,"layoutText":null}],"mainLabel":124},"portCompositions":[{"type":"portGroup","@id":125,"ordered":false,"portCompositions":[{"type":"port","@id":126,"shape":{"type":"rect","xposition":"NaN","yposition":"NaN","width":"NaN","height":"NaN","shapeStyle":2},"labelManager":{"labels":[{"type":"textLabel","@id":127,"inputText":"1","labelStyle":4,"shape":null,"layoutText":null}],"mainLabel":127},"properties":{"id":"18ead3eed901ffb801427e7c5d38750f"},"orientationAtVertex":"FREE","reference":null},{"type":"port","@id":128,"shape":{"type":"rect","xposition":"NaN","yposition":"NaN","width":"NaN","height":"NaN","shapeStyle":2},"labelManager":{"labels":[{"type":"textLabel","@id":129,"inputText":"2","labelStyle":4,"shape":null,"layoutText":null}],"mainLabel":129},"properties":{"id":"558b0d3210e63033ff2c33145250038e"},"orientationAtVertex":"FREE","reference":null}],"properties":{},"reference":null}],"properties":{"id":"e3f206769398a9177d41ff37233d481e","type":"plug"},"reference":null},{"@id":130,"shape":{"type":"rect","xposition":"NaN","yposition":"NaN","width":"NaN","height":"NaN","shapeStyle":2},"labelManager":{"labels":[{"type":"textLabel","@id":131,"inputText":"Mats","labelStyle":4,"shape":null,"layoutText":null}],"mainLabel":131},"portCompositions":[{"type":"portGroup","@id":132,"ordered":false,"portCompositions":[{"type":"port","@id":133,"shape":{"type":"rect","xposition":"NaN","yposition":"NaN","width":"NaN","height":"NaN","shapeStyle":2},"labelManager":{"labels":[{"type":"textLabel","@id":134,"inputText":"1","labelStyle":4,"shape":null,"layoutText":null}],"mainLabel":134},"properties":{"id":"ecfb09e205b75a9572ec2220f9964ac5"},"orientationAtVertex":"FREE","reference":null},{"type":"port","@id":135,"shape":{"type":"rect","xposition":"NaN","yposition":"NaN","width":"NaN","height":"NaN","shapeStyle":2},"labelManager":{"labels":[{"type":"textLabel","@id":136,"inputText":"2","labelStyle":4,"shape":null,"layoutText":null}],"mainLabel":136},"properties":{"id":"336c8cfae42cfaf89f22540829c75941"},"orientationAtVertex":"FREE","reference":null}],"properties":{},"reference":null}],"properties":{"id":"c74d9f15fe72dd0a8cdeb8592918af29","type":"plug"},"reference":null},{"@id":137,"shape":{"type":"rect","xposition":"NaN","yposition":"NaN","width":"NaN","height":"NaN","shapeStyle":2},"labelManager":{"labels":[{"type":"textLabel","@id":138,"inputText":"Finn","labelStyle":4,"shape":null,"layoutText":null}],"mainLabel":138},"portCompositions":[{"type":"port","@id":139,"shape":{"type":"rect","xposition":"NaN","yposition":"NaN","width":"NaN","height":"NaN","shapeStyle":2},"labelManager":{"labels":[{"type":"textLabel","@id":140,"inputText":"1","labelStyle":4,"shape":null,"layoutText":null}],"mainLabel":140},"properties":{"id":"f0ad8e30cdde45fc6706b3880efb0f80"},"orientationAtVertex":"FREE","reference":null}],"properties":{"id":"f4a3d71e43780ebca7c9284d7c22c59d","type":"splice"},"reference":null},{"@id":141,"shape":{"type":"rect","xposition":"NaN","yposition":"NaN","width":"NaN","height":"NaN","shapeStyle":2},"labelManager":{"labels":[{"type":"textLabel","@id":142,"inputText":"Jonathan","labelStyle":4,"shape":null,"layoutText":null}],"mainLabel":142},"portCompositions":[{"type":"portGroup","@id":143,"ordered":false,"portCompositions":[{"type":"port","@id":144,"shape":{"type":"rect","xposition":"NaN","yposition":"NaN","width":"NaN","height":"NaN","shapeStyle":2},"labelManager":{"labels":[{"type":"textLabel","@id":145,"inputText":"3","labelStyle":4,"shape":null,"layoutText":null}],"mainLabel":145},"properties":{"id":"612ebe54b120ea6a2390f0efe971525e"},"orientationAtVertex":"FREE","reference":null},{"type":"port","@id":146,"shape":{"type":"rect","xposition":"NaN","yposition":"NaN","width":"NaN","height":"NaN","shapeStyle":2},"labelManager":{"labels":[{"type":"textLabel","@id":147,"inputText":"4","labelStyle":4,"shape":null,"layoutText":null}],"mainLabel":147},"properties":{"id":"774b7d81d4b0ac2166ad6f6c4d34df33"},"orientationAtVertex":"FREE","reference":null},{"type":"port","@id":148,"shape":{"type":"rect","xposition":"NaN","yposition":"NaN","width":"NaN","height":"NaN","shapeStyle":35},"labelManager":{"labels":[{"type":"textLabel","@id":149,"inputText":"2","labelStyle":37,"shape":null,"layoutText":null}],"mainLabel":149},"properties":{},"orientationAtVertex":"FREE","reference":null},{"type":"port","@id":150,"shape":{"type":"rect","xposition":"NaN","yposition":"NaN","width":"NaN","height":"NaN","shapeStyle":35},"labelManager":{"labels":[{"type":"textLabel","@id":151,"inputText":"5","labelStyle":37,"shape":null,"layoutText":null}],"mainLabel":151},"properties":{},"orientationAtVertex":"FREE","reference":null},{"type":"port","@id":152,"shape":{"type":"rect","xposition":"NaN","yposition":"NaN","width":"NaN","height":"NaN","shapeStyle":35},"labelManager":{"labels":[{"type":"textLabel","@id":153,"inputText":"1","labelStyle":37,"shape":null,"layoutText":null}],"mainLabel":153},"properties":{},"orientationAtVertex":"FREE","reference":null}],"properties":{},"reference":null}],"properties":{"id":"23a46709b32d39279b7e75ed797cb7c6","type":"device"},"reference":null},{"@id":154,"shape":{"type":"rect","xposition":"NaN","yposition":"NaN","width":"NaN","height":"NaN","shapeStyle":2},"labelManager":{"labels":[{"type":"textLabel","@id":155,"inputText":"Tom","labelStyle":4,"shape":null,"layoutText":null}],"mainLabel":155},"portCompositions":[{"type":"portGroup","@id":156,"ordered":false,"portCompositions":[{"type":"port","@id":157,"shape":{"type":"rect","xposition":"NaN","yposition":"NaN","width":"NaN","height":"NaN","shapeStyle":2},"labelManager":{"labels":[{"type":"textLabel","@id":158,"inputText":"3","labelStyle":4,"shape":null,"layoutText":null}],"mainLabel":158},"properties":{"id":"647200cc7d1de522f51bb97bad5dca9c"},"orientationAtVertex":"FREE","reference":null},{"type":"port","@id":159,"shape":{"type":"rect","xposition":"NaN","yposition":"NaN","width":"NaN","height":"NaN","shapeStyle":2},"labelManager":{"labels":[{"type":"textLabel","@id":160,"inputText":"4","labelStyle":4,"shape":null,"layoutText":null}],"mainLabel":160},"properties":{"id":"00c3609cb4eb7d64e2a5ec78157db1be"},"orientationAtVertex":"FREE","reference":null}],"properties":{},"reference":null}],"properties":{"id":"275d61f15425edb524a4902fc42c5511","type":"socket"},"reference":null},{"@id":161,"shape":{"type":"rect","xposition":"NaN","yposition":"NaN","width":"NaN","height":"NaN","shapeStyle":2},"labelManager":{"labels":[{"type":"textLabel","@id":162,"inputText":"Max","labelStyle":4,"shape":null,"layoutText":null}],"mainLabel":162},"portCompositions":[{"type":"portGroup","@id":163,"ordered":false,"portCompositions":[{"type":"port","@id":164,"shape":{"type":"rect","xposition":"NaN","yposition":"NaN","width":"NaN","height":"NaN","shapeStyle":2},"labelManager":{"labels":[{"type":"textLabel","@id":165,"inputText":"5","labelStyle":4,"shape":null,"layoutText":null}],"mainLabel":165},"properties":{"id":"002edbc61adcbaff4c0afd544dcae933"},"orientationAtVertex":"FREE","reference":null},{"type":"port","@id":166,"shape":{"type":"rect","xposition":"NaN","yposition":"NaN","width":"NaN","height":"NaN","shapeStyle":2},"labelManager":{"labels":[{"type":"textLabel","@id":167,"inputText":"3","labelStyle":4,"shape":null,"layoutText":null}],"mainLabel":167},"properties":{"id":"8e54d1851e5db2e7c51ba69b16d1a8f5"},"orientationAtVertex":"FREE","reference":null},{"type":"port","@id":168,"shape":{"type":"rect","xposition":"NaN","yposition":"NaN","width":"NaN","height":"NaN","shapeStyle":2},"labelManager":{"labels":[{"type":"textLabel","@id":169,"inputText":"4","labelStyle":4,"shape":null,"layoutText":null}],"mainLabel":169},"properties":{"id":"7e819f81320f63c2fd56dec0323de517"},"orientationAtVertex":"FREE","reference":null},{"type":"port","@id":170,"shape":{"type":"rect","xposition":"NaN","yposition":"NaN","width":"NaN","height":"NaN","shapeStyle":2},"labelManager":{"labels":[{"type":"textLabel","@id":171,"inputText":"1","labelStyle":4,"shape":null,"layoutText":null}],"mainLabel":171},"properties":{"id":"0c1aa68d6ef09a71d27be6d7ec91018c"},"orientationAtVertex":"FREE","reference":null},{"type":"port","@id":172,"shape":{"type":"rect","xposition":"NaN","yposition":"NaN","width":"NaN","height":"NaN","shapeStyle":35},"labelManager":{"labels":[{"type":"textLabel","@id":173,"inputText":"2","labelStyle":37,"shape":null,"layoutText":null}],"mainLabel":173},"properties":{},"orientationAtVertex":"FREE","reference":null},{"type":"port","@id":174,"shape":{"type":"rect","xposition":"NaN","yposition":"NaN","width":"NaN","height":"NaN","shapeStyle":35},"labelManager":{"labels":[{"type":"textLabel","@id":175,"inputText":"6","labelStyle":37,"shape":null,"layoutText":null}],"mainLabel":175},"properties":{},"orientationAtVertex":"FREE","reference":null}],"properties":{},"reference":null}],"properties":{"id":"5f9e6f575b6cccb2e865b2c5b5f6db5e","type":"device"},"reference":null},{"@id":176,"shape":{"type":"rect","xposition":"NaN","yposition":"NaN","width":"NaN","height":"NaN","shapeStyle":2},"labelManager":{"labels":[{"type":"textLabel","@id":177,"inputText":"Tim","labelStyle":4,"shape":null,"layoutText":null}],"mainLabel":177},"portCompositions":[{"type":"portGroup","@id":178,"ordered":false,"portCompositions":[{"type":"port","@id":179,"shape":{"type":"rect","xposition":"NaN","yposition":"NaN","width":"NaN","height":"NaN","shapeStyle":2},"labelManager":{"labels":[{"type":"textLabel","@id":180,"inputText":"5","labelStyle":4,"shape":null,"layoutText":null}],"mainLabel":180},"properties":{"id":"d0937903a5d9b0c54ce68b489701e84f"},"orientationAtVertex":"FREE","reference":null},{"type":"port","@id":181,"shape":{"type":"rect","xposition":"NaN","yposition":"NaN","width":"NaN","height":"NaN","shapeStyle":2},"labelManager":{"labels":[{"type":"textLabel","@id":182,"inputText":"3","labelStyle":4,"shape":null,"layoutText":null}],"mainLabel":182},"properties":{"id":"de126567f7f7ffd82eef79aa7a2233bb"},"orientationAtVertex":"FREE","reference":null},{"type":"port","@id":183,"shape":{"type":"rect","xposition":"NaN","yposition":"NaN","width":"NaN","height":"NaN","shapeStyle":2},"labelManager":{"labels":[{"type":"textLabel","@id":184,"inputText":"4","labelStyle":4,"shape":null,"layoutText":null}],"mainLabel":184},"properties":{"id":"2a0fcc5b14dd1231597edecce5fbbf85"},"orientationAtVertex":"FREE","reference":null},{"type":"port","@id":185,"shape":{"type":"rect","xposition":"NaN","yposition":"NaN","width":"NaN","height":"NaN","shapeStyle":2},"labelManager":{"labels":[{"type":"textLabel","@id":186,"inputText":"1","labelStyle":4,"shape":null,"layoutText":null}],"mainLabel":186},"properties":{"id":"9e79cad1306367404fdec979469235d4"},"orientationAtVertex":"FREE","reference":null},{"type":"port","@id":187,"shape":{"type":"rect","xposition":"NaN","yposition":"NaN","width":"NaN","height":"NaN","shapeStyle":35},"labelManager":{"labels":[{"type":"textLabel","@id":188,"inputText":"6","labelStyle":37,"shape":null,"layoutText":null}],"mainLabel":188},"properties":{},"orientationAtVertex":"FREE","reference":null}],"properties":{},"reference":null}],"properties":{"id":"191423218007c2942159b322ad9f2c67","type":"socket"},"reference":null},{"@id":189,"shape":{"type":"rect","xposition":"NaN","yposition":"NaN","width":"NaN","height":"NaN","shapeStyle":2},"labelManager":{"labels":[{"type":"textLabel","@id":190,"inputText":"Simon","labelStyle":4,"shape":null,"layoutText":null}],"mainLabel":190},"portCompositions":[{"type":"port","@id":191,"shape":{"type":"rect","xposition":"NaN","yposition":"NaN","width":"NaN","height":"NaN","shapeStyle":2},"labelManager":{"labels":[{"type":"textLabel","@id":192,"inputText":"1","labelStyle":4,"shape":null,"layoutText":null}],"mainLabel":192},"properties":{"id":"26ba9526cfe317eb98f6f7dadb8cebee"},"orientationAtVertex":"FREE","reference":null}],"properties":{"id":"dd1044a4237a41a04bc8be37ad7db1f4","type":"splice"},"reference":null},{"@id":193,"shape":{"type":"rect","xposition":"NaN","yposition":"NaN","width":"NaN","height":"NaN","shapeStyle":2},"labelManager":{"labels":[{"type":"textLabel","@id":194,"inputText":"Emil","labelStyle":4,"shape":null,"layoutText":null}],"mainLabel":194},"portCompositions":[{"type":"portGroup","@id":195,"ordered":false,"portCompositions":[{"type":"port","@id":196,"shape":{"type":"rect","xposition":"NaN","yposition":"NaN","width":"NaN","height":"NaN","shapeStyle":2},"labelManager":{"labels":[{"type":"textLabel","@id":197,"inputText":"2","labelStyle":4,"shape":null,"layoutText":null}],"mainLabel":197},"properties":{"id":"15775ce0ea9879147d7517ef0182b6bd"},"orientationAtVertex":"FREE","reference":null},{"type":"port","@id":198,"shape":{"type":"rect","xposition":"NaN","yposition":"NaN","width":"NaN","height":"NaN","shapeStyle":2},"labelManager":{"labels":[{"type":"textLabel","@id":199,"inputText":"1","labelStyle":4,"shape":null,"layoutText":null}],"mainLabel":199},"properties":{"id":"2a7997a66c571888c5e896ce26120e9b"},"orientationAtVertex":"FREE","reference":null},{"type":"port","@id":200,"shape":{"type":"rect","xposition":"NaN","yposition":"NaN","width":"NaN","height":"NaN","shapeStyle":35},"labelManager":{"labels":[{"type":"textLabel","@id":201,"inputText":"3","labelStyle":37,"shape":null,"layoutText":null}],"mainLabel":201},"properties":{},"orientationAtVertex":"FREE","reference":null}],"properties":{},"reference":null}],"properties":{"id":"0f2a591354a5fe169138e97c6a65dd67","type":"device"},"reference":null},{"@id":202,"shape":{"type":"rect","xposition":"NaN","yposition":"NaN","width":"NaN","height":"NaN","shapeStyle":2},"labelManager":{"labels":[{"type":"textLabel","@id":203,"inputText":"Luis","labelStyle":4,"shape":null,"layoutText":null}],"mainLabel":203},"portCompositions":[{"type":"portGroup","@id":204,"ordered":false,"portCompositions":[{"type":"port","@id":205,"shape":{"type":"rect","xposition":"NaN","yposition":"NaN","width":"NaN","height":"NaN","shapeStyle":2},"labelManager":{"labels":[{"type":"textLabel","@id":206,"inputText":"2","labelStyle":4,"shape":null,"layoutText":null}],"mainLabel":206},"properties":{"id":"c7ca574c7f0e16b291d01fb3c9220fab"},"orientationAtVertex":"FREE","reference":null},{"type":"port","@id":207,"shape":{"type":"rect","xposition":"NaN","yposition":"NaN","width":"NaN","height":"NaN","shapeStyle":2},"labelManager":{"labels":[{"type":"textLabel","@id":208,"inputText":"1","labelStyle":4,"shape":null,"layoutText":null}],"mainLabel":208},"properties":{"id":"08459a3baad82afa484905f46730c24f"},"orientationAtVertex":"FREE","reference":null},{"type":"port","@id":209,"shape":{"type":"rect","xposition":"NaN","yposition":"NaN","width":"NaN","height":"NaN","shapeStyle":35},"labelManager":{"labels":[{"type":"textLabel","@id":210,"inputText":"3","labelStyle":37,"shape":null,"layoutText":null}],"mainLabel":210},"properties":{},"orientationAtVertex":"FREE","reference":null}],"properties":{},"reference":null}],"properties":{"id":"ba8f1ee9e490c4c129e98d107b09f062","type":"socket"},"reference":null},{"@id":211,"shape":{"type":"rect","xposition":"NaN","yposition":"NaN","width":"NaN","height":"NaN","shapeStyle":2},"labelManager":{"labels":[{"type":"textLabel","@id":212,"inputText":"Henry","labelStyle":4,"shape":null,"layoutText":null}],"mainLabel":212},"portCompositions":[{"type":"portGroup","@id":213,"ordered":false,"portCompositions":[{"type":"port","@id":214,"shape":{"type":"rect","xposition":"NaN","yposition":"NaN","width":"NaN","height":"NaN","shapeStyle":2},"labelManager":{"labels":[{"type":"textLabel","@id":215,"inputText":"1","labelStyle":4,"shape":null,"layoutText":null}],"mainLabel":215},"properties":{"id":"c46aef97296133c4f5dd9af6c40dc6ca"},"orientationAtVertex":"FREE","reference":null}],"properties":{},"reference":null}],"properties":{"id":"6db1049faf56dcd03ab1cca6528abbfd","type":"plug"},"reference":null},{"@id":216,"shape":{"type":"rect","xposition":"NaN","yposition":"NaN","width":"NaN","height":"NaN","shapeStyle":2},"labelManager":{"labels":[{"type":"textLabel","@id":217,"inputText":"Samuel","labelStyle":4,"shape":null,"layoutText":null}],"mainLabel":217},"portCompositions":[{"type":"portGroup","@id":218,"ordered":false,"portCompositions":[{"type":"port","@id":219,"shape":{"type":"rect","xposition":"NaN","yposition":"NaN","width":"NaN","height":"NaN","shapeStyle":2},"labelManager":{"labels":[{"type":"textLabel","@id":220,"inputText":"1","labelStyle":4,"shape":null,"layoutText":null}],"mainLabel":220},"properties":{"id":"ec303fb6149224ca10119fe4a33eae94"},"orientationAtVertex":"FREE","reference":null}],"properties":{},"reference":null}],"properties":{"id":"e85d84c7bda007303d22ec9c46bb47e7","type":"plug"},"reference":null},{"@id":221,"shape":{"type":"rect","xposition":"NaN","yposition":"NaN","width":"NaN","height":"NaN","shapeStyle":2},"labelManager":{"labels":[{"type":"textLabel","@id":222,"inputText":"Jakob","labelStyle":4,"shape":null,"layoutText":null}],"mainLabel":222},"portCompositions":[{"type":"portGroup","@id":223,"ordered":false,"portCompositions":[{"type":"port","@id":224,"shape":{"type":"rect","xposition":"NaN","yposition":"NaN","width":"NaN","height":"NaN","shapeStyle":2},"labelManager":{"labels":[{"type":"textLabel","@id":225,"inputText":"1","labelStyle":4,"shape":null,"layoutText":null}],"mainLabel":225},"properties":{"id":"bde3b059d2343b1fe011d67ea020343a"},"orientationAtVertex":"FREE","reference":null}],"properties":{},"reference":null}],"properties":{"id":"5a688a9abb00a5a062133a24f8872df7","type":"plug"},"reference":null},{"@id":226,"shape":{"type":"rect","xposition":"NaN","yposition":"NaN","width":"NaN","height":"NaN","shapeStyle":2},"labelManager":{"labels":[{"type":"textLabel","@id":227,"inputText":"Michael","labelStyle":4,"shape":null,"layoutText":null}],"mainLabel":227},"portCompositions":[{"type":"portGroup","@id":228,"ordered":false,"portCompositions":[{"type":"port","@id":229,"shape":{"type":"rect","xposition":"NaN","yposition":"NaN","width":"NaN","height":"NaN","shapeStyle":2},"labelManager":{"labels":[{"type":"textLabel","@id":230,"inputText":"1","labelStyle":4,"shape":null,"layoutText":null}],"mainLabel":230},"properties":{"id":"89b67e1b1628630c0d70c715a468e9d7"},"orientationAtVertex":"FREE","reference":null}],"properties":{},"reference":null}],"properties":{"id":"8a64c612a4fea495a8cfd9812ca39d90","type":"plug"},"reference":null},{"@id":231,"shape":{"type":"rect","xposition":"NaN","yposition":"NaN","width":"NaN","height":"NaN","shapeStyle":2},"labelManager":{"labels":[{"type":"textLabel","@id":232,"inputText":"Frederik","labelStyle":4,"shape":null,"layoutText":null}],"mainLabel":232},"portCompositions":[{"type":"port","@id":233,"shape":{"type":"rect","xposition":"NaN","yposition":"NaN","width":"NaN","height":"NaN","shapeStyle":2},"labelManager":{"labels":[{"type":"textLabel","@id":234,"inputText":"1","labelStyle":4,"shape":null,"layoutText":null}],"mainLabel":234},"properties":{"id":"4b7b9fbd3b02eb7e48f2f075b40a8ca1"},"orientationAtVertex":"FREE","reference":null}],"properties":{"id":"1170d3f3d576628e29d69b9f1f7e905a","type":"splice"},"reference":null},{"@id":235,"shape":{"type":"rect","xposition":"NaN","yposition":"NaN","width":"NaN","height":"NaN","shapeStyle":2},"labelManager":{"labels":[{"type":"textLabel","@id":236,"inputText":"Joel","labelStyle":4,"shape":null,"layoutText":null}],"mainLabel":236},"portCompositions":[{"type":"port","@id":237,"shape":{"type":"rect","xposition":"NaN","yposition":"NaN","width":"NaN","height":"NaN","shapeStyle":2},"labelManager":{"labels":[{"type":"textLabel","@id":238,"inputText":"1","labelStyle":4,"shape":null,"layoutText":null}],"mainLabel":238},"properties":{"id":"196e70444e3946c21ebaa8172e06af08"},"orientationAtVertex":"FREE","reference":null}],"properties":{"id":"b0acdafffc18d4906a9948299d149f7f","type":"splice"},"reference":null},{"@id":239,"shape":{"type":"rect","xposition":"NaN","yposition":"NaN","width":"NaN","height":"NaN","shapeStyle":2},"labelManager":{"labels":[{"type":"textLabel","@id":240,"inputText":"Johann","labelStyle":4,"shape":null,"layoutText":null}],"mainLabel":240},"portCompositions":[{"type":"port","@id":241,"shape":{"type":"rect","xposition":"NaN","yposition":"NaN","width":"NaN","height":"NaN","shapeStyle":2},"labelManager":{"labels":[{"type":"textLabel","@id":242,"inputText":"1","labelStyle":4,"shape":null,"layoutText":null}],"mainLabel":242},"properties":{"id":"1dc992c925515205aacbdcc33ea64994"},"orientationAtVertex":"FREE","reference":null}],"properties":{"id":"a81ef6fdbb8eaa0a57912666017851de","type":"splice"},"reference":null},{"@id":243,"shape":{"type":"rect","xposition":"NaN","yposition":"NaN","width":"NaN","height":"NaN","shapeStyle":2},"labelManager":{"labels":[{"type":"textLabel","@id":244,"inputText":"Vincent","labelStyle":4,"shape":null,"layoutText":null}],"mainLabel":244},"portCompositions":[{"type":"port","@id":245,"shape":{"type":"rect","xposition":"NaN","yposition":"NaN","width":"NaN","height":"NaN","shapeStyle":2},"labelManager":{"labels":[{"type":"textLabel","@id":246,"inputText":"1","labelStyle":4,"shape":null,"layoutText":null}],"mainLabel":246},"properties":{"id":"399e2600bf4f190a77d1ffca2f136f88"},"orientationAtVertex":"FREE","reference":null}],"properties":{"id":"5b358e30e9a583d03775dbc153201085","type":"splice"},"reference":null},{"@id":247,"shape":{"type":"rect","xposition":"NaN","yposition":"NaN","width":"NaN","height":"NaN","shapeStyle":2},"labelManager":{"labels":[{"type":"textLabel","@id":248,"inputText":"Florian","labelStyle":4,"shape":null,"layoutText":null}],"mainLabel":248},"portCompositions":[{"type":"portGroup","@id":249,"ordered":false,"portCompositions":[{"type":"port","@id":250,"shape":{"type":"rect","xposition":"NaN","yposition":"NaN","width":"NaN","height":"NaN","shapeStyle":2},"labelManager":{"labels":[{"type":"textLabel","@id":251,"inputText":"2","labelStyle":4,"shape":null,"layoutText":null}],"mainLabel":251},"properties":{"id":"95f3baacf7725e6a7ed82c3e0625a657"},"orientationAtVertex":"FREE","reference":null},{"type":"port","@id":252,"shape":{"type":"rect","xposition":"NaN","yposition":"NaN","width":"NaN","height":"NaN","shapeStyle":35},"labelManager":{"labels":[{"type":"textLabel","@id":253,"inputText":"1","labelStyle":37,"shape":null,"layoutText":null}],"mainLabel":253},"properties":{},"orientationAtVertex":"FREE","reference":null}],"properties":{},"reference":null}],"properties":{"id":"638cd86c39f01d8321612bac33cae3f8","type":"plug"},"reference":null},{"@id":254,"shape":{"type":"rect","xposition":"NaN","yposition":"NaN","width":"NaN","height":"NaN","shapeStyle":2},"labelManager":{"labels":[{"type":"textLabel","@id":255,"inputText":"Leonard","labelStyle":4,"shape":null,"layoutText":null}],"mainLabel":255},"portCompositions":[{"type":"portGroup","@id":256,"ordered":false,"portCompositions":[{"type":"port","@id":257,"shape":{"type":"rect","xposition":"NaN","yposition":"NaN","width":"NaN","height":"NaN","shapeStyle":2},"labelManager":{"labels":[{"type":"textLabel","@id":258,"inputText":"2","labelStyle":4,"shape":null,"layoutText":null}],"mainLabel":258},"properties":{"id":"43f8a3bf0820df60ae746cbb5aef9ab8"},"orientationAtVertex":"FREE","reference":null},{"type":"port","@id":259,"shape":{"type":"rect","xposition":"NaN","yposition":"NaN","width":"NaN","height":"NaN","shapeStyle":35},"labelManager":{"labels":[{"type":"textLabel","@id":260,"inputText":"1","labelStyle":37,"shape":null,"layoutText":null}],"mainLabel":260},"properties":{},"orientationAtVertex":"FREE","reference":null}],"properties":{},"reference":null}],"properties":{"id":"bd4e37d83fa3b841bbacbcd0e02dee1d","type":"plug"},"reference":null},{"@id":261,"shape":{"type":"rect","xposition":"NaN","yposition":"NaN","width":"NaN","height":"NaN","shapeStyle":2},"labelManager":{"labels":[{"type":"textLabel","@id":262,"inputText":"Muhammed","labelStyle":4,"shape":null,"layoutText":null}],"mainLabel":262},"portCompositions":[{"type":"portGroup","@id":263,"ordered":false,"portCompositions":[{"type":"port","@id":264,"shape":{"type":"rect","xposition":"NaN","yposition":"NaN","width":"NaN","height":"NaN","shapeStyle":2},"labelManager":{"labels":[{"type":"textLabel","@id":265,"inputText":"1","labelStyle":4,"shape":null,"layoutText":null}],"mainLabel":265},"properties":{"id":"4f066cc42963312aff644be2577e5c7d"},"orientationAtVertex":"FREE","reference":null}],"properties":{},"reference":null}],"properties":{"id":"5a8192e45972acea0a5288524e201bc0","type":"plug"},"reference":null},{"@id":266,"shape":{"type":"rect","xposition":"NaN","yposition":"NaN","width":"NaN","height":"NaN","shapeStyle":2},"labelManager":{"labels":[{"type":"textLabel","@id":267,"inputText":"Noah","labelStyle":4,"shape":null,"layoutText":null}],"mainLabel":267},"portCompositions":[{"type":"portGroup","@id":268,"ordered":false,"portCompositions":[{"type":"port","@id":269,"shape":{"type":"rect","xposition":"NaN","yposition":"NaN","width":"NaN","height":"NaN","shapeStyle":2},"labelManager":{"labels":[{"type":"textLabel","@id":270,"inputText":"1","labelStyle":4,"shape":null,"layoutText":null}],"mainLabel":270},"properties":{"id":"65f0d39fff0a21cd0331b573476735eb"},"orientationAtVertex":"FREE","reference":null}],"properties":{},"reference":null}],"properties":{"id":"89567b62cab77e895948c852efe40173","type":"plug"},"reference":null},{"@id":271,"shape":{"type":"rect","xposition":"NaN","yposition":"NaN","width":"NaN","height":"NaN","shapeStyle":2},"labelManager":{"labels":[{"type":"textLabel","@id":272,"inputText":"Daniel","labelStyle":4,"shape":null,"layoutText":null}],"mainLabel":272},"portCompositions":[{"type":"portGroup","@id":273,"ordered":false,"portCompositions":[{"type":"port","@id":274,"shape":{"type":"rect","xposition":"NaN","yposition":"NaN","width":"NaN","height":"NaN","shapeStyle":2},"labelManager":{"labels":[{"type":"textLabel","@id":275,"inputText":"1","labelStyle":4,"shape":null,"layoutText":null}],"mainLabel":275},"properties":{"id":"6a467e87fae8824b9b23f079327f700b"},"orientationAtVertex":"FREE","reference":null},{"type":"port","@id":276,"shape":{"type":"rect","xposition":"NaN","yposition":"NaN","width":"NaN","height":"NaN","shapeStyle":2},"labelManager":{"labels":[{"type":"textLabel","@id":277,"inputText":"5","labelStyle":4,"shape":null,"layoutText":null}],"mainLabel":277},"properties":{"id":"bf510f9c99c1cd312170db7d1ecf1747"},"orientationAtVertex":"FREE","reference":null},{"type":"port","@id":278,"shape":{"type":"rect","xposition":"NaN","yposition":"NaN","width":"NaN","height":"NaN","shapeStyle":2},"labelManager":{"labels":[{"type":"textLabel","@id":279,"inputText":"4","labelStyle":4,"shape":null,"layoutText":null}],"mainLabel":279},"properties":{"id":"5018b43735c24148261d86f197f4d464"},"orientationAtVertex":"FREE","reference":null},{"type":"port","@id":280,"shape":{"type":"rect","xposition":"NaN","yposition":"NaN","width":"NaN","height":"NaN","shapeStyle":2},"labelManager":{"labels":[{"type":"textLabel","@id":281,"inputText":"2","labelStyle":4,"shape":null,"layoutText":null}],"mainLabel":281},"properties":{"id":"c4d8336f1635607c7114a899347c0f73"},"orientationAtVertex":"FREE","reference":null},{"type":"port","@id":282,"shape":{"type":"rect","xposition":"NaN","yposition":"NaN","width":"NaN","height":"NaN","shapeStyle":35},"labelManager":{"labels":[{"type":"textLabel","@id":283,"inputText":"7","labelStyle":37,"shape":null,"layoutText":null}],"mainLabel":283},"properties":{},"orientationAtVertex":"FREE","reference":null},{"type":"port","@id":284,"shape":{"type":"rect","xposition":"NaN","yposition":"NaN","width":"NaN","height":"NaN","shapeStyle":35},"labelManager":{"labels":[{"type":"textLabel","@id":285,"inputText":"6","labelStyle":37,"shape":null,"layoutText":null}],"mainLabel":285},"properties":{},"orientationAtVertex":"FREE","reference":null},{"type":"port","@id":286,"shape":{"type":"rect","xposition":"NaN","yposition":"NaN","width":"NaN","height":"NaN","shapeStyle":35},"labelManager":{"labels":[{"type":"textLabel","@id":287,"inputText":"3","labelStyle":37,"shape":null,"layoutText":null}],"mainLabel":287},"properties":{},"orientationAtVertex":"FREE","reference":null}],"properties":{},"reference":null},{"type":"portGroup","@id":288,"ordered":false,"portCompositions":[],"properties":{},"reference":null}],"properties":{"id":"9bce1c06fc80964565d72b25f8147452","type":"device"},"reference":null},{"@id":289,"shape":{"type":"rect","xposition":"NaN","yposition":"NaN","width":"NaN","height":"NaN","shapeStyle":2},"labelManager":{"labels":[{"type":"textLabel","@id":290,"inputText":"Felix","labelStyle":4,"shape":null,"layoutText":null}],"mainLabel":290},"portCompositions":[{"type":"portGroup","@id":291,"ordered":false,"portCompositions":[{"type":"port","@id":292,"shape":{"type":"rect","xposition":"NaN","yposition":"NaN","width":"NaN","height":"NaN","shapeStyle":2},"labelManager":{"labels":[{"type":"textLabel","@id":293,"inputText":"1","labelStyle":4,"shape":null,"layoutText":null}],"mainLabel":293},"properties":{"id":"1fa640393b1b81cf010aafc4d50ae94c"},"orientationAtVertex":"FREE","reference":null},{"type":"port","@id":294,"shape":{"type":"rect","xposition":"NaN","yposition":"NaN","width":"NaN","height":"NaN","shapeStyle":2},"labelManager":{"labels":[{"type":"textLabel","@id":295,"inputText":"5","labelStyle":4,"shape":null,"layoutText":null}],"mainLabel":295},"properties":{"id":"7db3e87d1dc5149e190942ced789f1e5"},"orientationAtVertex":"FREE","reference":null},{"type":"port","@id":296,"shape":{"type":"rect","xposition":"NaN","yposition":"NaN","width":"NaN","height":"NaN","shapeStyle":2},"labelManager":{"labels":[{"type":"textLabel","@id":297,"inputText":"4","labelStyle":4,"shape":null,"layoutText":null}],"mainLabel":297},"properties":{"id":"89e414c0995462d7a93aaf2b1532620d"},"orientationAtVertex":"FREE","reference":null},{"type":"port","@id":298,"shape":{"type":"rect","xposition":"NaN","yposition":"NaN","width":"NaN","height":"NaN","shapeStyle":2},"labelManager":{"labels":[{"type":"textLabel","@id":299,"inputText":"2","labelStyle":4,"shape":null,"layoutText":null}],"mainLabel":299},"properties":{"id":"5b352100a7dbac630eb5364cdee74aee"},"orientationAtVertex":"FREE","reference":null},{"type":"port","@id":300,"shape":{"type":"rect","xposition":"NaN","yposition":"NaN","width":"NaN","height":"NaN","shapeStyle":35},"labelManager":{"labels":[{"type":"textLabel","@id":301,"inputText":"3","labelStyle":37,"shape":null,"layoutText":null}],"mainLabel":301},"properties":{},"orientationAtVertex":"FREE","reference":null}],"properties":{},"reference":null}],"properties":{"id":"21919f699c1446d5ddbfaee36f83986c","type":"socket"},"reference":null},{"@id":302,"shape":{"type":"rect","xposition":"NaN","yposition":"NaN","width":"NaN","height":"NaN","shapeStyle":2},"labelManager":{"labels":[{"type":"textLabel","@id":303,"inputText":"Louis","labelStyle":4,"shape":null,"layoutText":null}],"mainLabel":303},"portCompositions":[{"type":"portGroup","@id":304,"ordered":false,"portCompositions":[{"type":"port","@id":305,"shape":{"type":"rect","xposition":"NaN","yposition":"NaN","width":"NaN","height":"NaN","shapeStyle":2},"labelManager":{"labels":[{"type":"textLabel","@id":306,"inputText":"1","labelStyle":4,"shape":null,"layoutText":null}],"mainLabel":306},"properties":{"id":"ff0c3d6aeefa299cbcbdc89b607c690b"},"orientationAtVertex":"FREE","reference":null},{"type":"port","@id":307,"shape":{"type":"rect","xposition":"NaN","yposition":"NaN","width":"NaN","height":"NaN","shapeStyle":2},"labelManager":{"labels":[{"type":"textLabel","@id":308,"inputText":"3","labelStyle":4,"shape":null,"layoutText":null}],"mainLabel":308},"properties":{"id":"a0fbe5cd8c0c233c3dc132d42ed506a1"},"orientationAtVertex":"FREE","reference":null},{"type":"port","@id":309,"shape":{"type":"rect","xposition":"NaN","yposition":"NaN","width":"NaN","height":"NaN","shapeStyle":2},"labelManager":{"labels":[{"type":"textLabel","@id":310,"inputText":"4","labelStyle":4,"shape":null,"layoutText":null}],"mainLabel":310},"properties":{"id":"546c3c9f5f40707df25a1556a90ff39a"},"orientationAtVertex":"FREE","reference":null},{"type":"port","@id":311,"shape":{"type":"rect","xposition":"NaN","yposition":"NaN","width":"NaN","height":"NaN","shapeStyle":35},"labelManager":{"labels":[{"type":"textLabel","@id":312,"inputText":"2","labelStyle":37,"shape":null,"layoutText":null}],"mainLabel":312},"properties":{},"orientationAtVertex":"FREE","reference":null}],"properties":{},"reference":null}],"properties":{"id":"37a8990974d4f481a9a5300223b5e9ae","type":"device"},"reference":null},{"@id":313,"shape":{"type":"rect","xposition":"NaN","yposition":"NaN","width":"NaN","height":"NaN","shapeStyle":2},"labelManager":{"labels":[{"type":"textLabel","@id":314,"inputText":"Elias","labelStyle":4,"shape":null,"layoutText":null}],"mainLabel":314},"portCompositions":[{"type":"portGroup","@id":315,"ordered":false,"portCompositions":[{"type":"port","@id":316,"shape":{"type":"rect","xposition":"NaN","yposition":"NaN","width":"NaN","height":"NaN","shapeStyle":2},"labelManager":{"labels":[{"type":"textLabel","@id":317,"inputText":"1","labelStyle":4,"shape":null,"layoutText":null}],"mainLabel":317},"properties":{"id":"f4dc4e41e50149a18c18ba35d307f071"},"orientationAtVertex":"FREE","reference":null},{"type":"port","@id":318,"shape":{"type":"rect","xposition":"NaN","yposition":"NaN","width":"NaN","height":"NaN","shapeStyle":2},"labelManager":{"labels":[{"type":"textLabel","@id":319,"inputText":"3","labelStyle":4,"shape":null,"layoutText":null}],"mainLabel":319},"properties":{"id":"3493f48f1a1164f2025605a395a50a6e"},"orientationAtVertex":"FREE","reference":null},{"type":"port","@id":320,"shape":{"type":"rect","xposition":"NaN","yposition":"NaN","width":"NaN","height":"NaN","shapeStyle":2},"labelManager":{"labels":[{"type":"textLabel","@id":321,"inputText":"4","labelStyle":4,"shape":null,"layoutText":null}],"mainLabel":321},"properties":{"id":"473114d0fd59dff2a0a29f84df116918"},"orientationAtVertex":"FREE","reference":null},{"type":"port","@id":322,"shape":{"type":"rect","xposition":"NaN","yposition":"NaN","width":"NaN","height":"NaN","shapeStyle":35},"labelManager":{"labels":[{"type":"textLabel","@id":323,"inputText":"2","labelStyle":37,"shape":null,"layoutText":null}],"mainLabel":323},"properties":{},"orientationAtVertex":"FREE","reference":null}],"properties":{},"reference":null}],"properties":{"id":"f81e146be82e202b0617c1aa17b7cba0","type":"socket"},"reference":null},{"@id":324,"shape":{"type":"rect","xposition":"NaN","yposition":"NaN","width":"NaN","height":"NaN","shapeStyle":2},"labelManager":{"labels":[{"type":"textLabel","@id":325,"inputText":"Valentin","labelStyle":4,"shape":null,"layoutText":null}],"mainLabel":325},"portCompositions":[{"type":"portGroup","@id":326,"ordered":false,"portCompositions":[{"type":"port","@id":327,"shape":{"type":"rect","xposition":"NaN","yposition":"NaN","width":"NaN","height":"NaN","shapeStyle":2},"labelManager":{"labels":[{"type":"textLabel","@id":328,"inputText":"2","labelStyle":4,"shape":null,"layoutText":null}],"mainLabel":328},"properties":{"id":"404f878a1a3282fda9ab463eefe14375"},"orientationAtVertex":"FREE","reference":null},{"type":"port","@id":329,"shape":{"type":"rect","xposition":"NaN","yposition":"NaN","width":"NaN","height":"NaN","shapeStyle":2},"labelManager":{"labels":[{"type":"textLabel","@id":330,"inputText":"4","labelStyle":4,"shape":null,"layoutText":null}],"mainLabel":330},"properties":{"id":"e57c2382ad77fb882c91c54cb28b66c3"},"orientationAtVertex":"FREE","reference":null},{"type":"port","@id":331,"shape":{"type":"rect","xposition":"NaN","yposition":"NaN","width":"NaN","height":"NaN","shapeStyle":2},"labelManager":{"labels":[{"type":"textLabel","@id":332,"inputText":"3","labelStyle":4,"shape":null,"layoutText":null}],"mainLabel":332},"properties":{"id":"a74bbd1129d70f65003c2e921e9cb123"},"orientationAtVertex":"FREE","reference":null},{"type":"port","@id":333,"shape":{"type":"rect","xposition":"NaN","yposition":"NaN","width":"NaN","height":"NaN","shapeStyle":35},"labelManager":{"labels":[{"type":"textLabel","@id":334,"inputText":"1","labelStyle":37,"shape":null,"layoutText":null}],"mainLabel":334},"properties":{},"orientationAtVertex":"FREE","reference":null}],"properties":{},"reference":null}],"properties":{"id":"0c315e91622914e8cd785331bda3539f","type":"device"},"reference":null},{"@id":335,"shape":{"type":"rect","xposition":"NaN","yposition":"NaN","width":"NaN","height":"NaN","shapeStyle":2},"labelManager":{"labels":[{"type":"textLabel","@id":336,"inputText":"Jan","labelStyle":4,"shape":null,"layoutText":null}],"mainLabel":336},"portCompositions":[{"type":"portGroup","@id":337,"ordered":false,"portCompositions":[{"type":"port","@id":338,"shape":{"type":"rect","xposition":"NaN","yposition":"NaN","width":"NaN","height":"NaN","shapeStyle":2},"labelManager":{"labels":[{"type":"textLabel","@id":339,"inputText":"2","labelStyle":4,"shape":null,"layoutText":null}],"mainLabel":339},"properties":{"id":"55424a37e8fb021474881863ed2580c3"},"orientationAtVertex":"FREE","reference":null},{"type":"port","@id":340,"shape":{"type":"rect","xposition":"NaN","yposition":"NaN","width":"NaN","height":"NaN","shapeStyle":2},"labelManager":{"labels":[{"type":"textLabel","@id":341,"inputText":"4","labelStyle":4,"shape":null,"layoutText":null}],"mainLabel":341},"properties":{"id":"8834bcc2906b8419647f287c33c9b3e0"},"orientationAtVertex":"FREE","reference":null},{"type":"port","@id":342,"shape":{"type":"rect","xposition":"NaN","yposition":"NaN","width":"NaN","height":"NaN","shapeStyle":2},"labelManager":{"labels":[{"type":"textLabel","@id":343,"inputText":"3","labelStyle":4,"shape":null,"layoutText":null}],"mainLabel":343},"properties":{"id":"7aa007615e9ad4037e5b0e239908c360"},"orientationAtVertex":"FREE","reference":null},{"type":"port","@id":344,"shape":{"type":"rect","xposition":"NaN","yposition":"NaN","width":"NaN","height":"NaN","shapeStyle":35},"labelManager":{"labels":[{"type":"textLabel","@id":345,"inputText":"1","labelStyle":37,"shape":null,"layoutText":null}],"mainLabel":345},"properties":{},"orientationAtVertex":"FREE","reference":null}],"properties":{},"reference":null}],"properties":{"id":"2c437454977518e4758295e2ac19a9e9","type":"socket"},"reference":null},{"@id":346,"shape":null,"labelManager":{"labels":[{"type":"textLabel","@id":347,"inputText":"Liam","labelStyle":37,"shape":null,"layoutText":null}],"mainLabel":347},"portCompositions":[{"type":"portGroup","@id":348,"ordered":false,"portCompositions":[{"type":"port","@id":349,"shape":{"type":"rect","xposition":"NaN","yposition":"NaN","width":"NaN","height":"NaN","shapeStyle":35},"labelManager":{"labels":[{"type":"textLabel","@id":350,"inputText":"1","labelStyle":37,"shape":null,"layoutText":null}],"mainLabel":350},"properties":{},"orientationAtVertex":"FREE","reference":null}],"properties":{},"reference":null}],"properties":{},"reference":null},{"@id":351,"shape":null,"labelManager":{"labels":[{"type":"textLabel","@id":352,"inputText":"Peter","labelStyle":37,"shape":null,"layoutText":null}],"mainLabel":352},"portCompositions":[{"type":"portGroup","@id":353,"ordered":false,"portCompositions":[{"type":"port","@id":354,"shape":{"type":"rect","xposition":"NaN","yposition":"NaN","width":"NaN","height":"NaN","shapeStyle":35},"labelManager":{"labels":[{"type":"textLabel","@id":355,"inputText":"1","labelStyle":37,"shape":null,"layoutText":null}],"mainLabel":355},"properties":{},"orientationAtVertex":"FREE","reference":null}],"properties":{},"reference":null}],"properties":{},"reference":null},{"@id":356,"shape":null,"labelManager":{"labels":[{"type":"textLabel","@id":357,"inputText":"Ali","labelStyle":37,"shape":null,"layoutText":null}],"mainLabel":357},"portCompositions":[{"type":"portGroup","@id":358,"ordered":false,"portCompositions":[{"type":"port","@id":359,"shape":{"type":"rect","xposition":"NaN","yposition":"NaN","width":"NaN","height":"NaN","shapeStyle":35},"labelManager":{"labels":[{"type":"textLabel","@id":360,"inputText":"1","labelStyle":37,"shape":null,"layoutText":null}],"mainLabel":360},"properties":{},"orientationAtVertex":"FREE","reference":null}],"properties":{},"reference":null}],"properties":{},"reference":null},{"@id":361,"shape":null,"labelManager":{"labels":[{"type":"textLabel","@id":362,"inputText":"Leon","labelStyle":37,"shape":null,"layoutText":null}],"mainLabel":362},"portCompositions":[{"type":"portGroup","@id":363,"ordered":false,"portCompositions":[{"type":"port","@id":364,"shape":{"type":"rect","xposition":"NaN","yposition":"NaN","width":"NaN","height":"NaN","shapeStyle":35},"labelManager":{"labels":[{"type":"textLabel","@id":365,"inputText":"1","labelStyle":37,"shape":null,"layoutText":null}],"mainLabel":365},"properties":{},"orientationAtVertex":"FREE","reference":null}],"properties":{},"reference":null}],"properties":{},"reference":null},{"@id":366,"shape":null,"labelManager":{"labels":[{"type":"textLabel","@id":367,"inputText":"Luca","labelStyle":37,"shape":null,"layoutText":null}],"mainLabel":367},"portCompositions":[{"type":"portGroup","@id":368,"ordered":false,"portCompositions":[{"type":"port","@id":369,"shape":{"type":"rect","xposition":"NaN","yposition":"NaN","width":"NaN","height":"NaN","shapeStyle":35},"labelManager":{"labels":[{"type":"textLabel","@id":370,"inputText":"1","labelStyle":37,"shape":null,"layoutText":null}],"mainLabel":370},"properties":{},"orientationAtVertex":"FREE","reference":null}],"properties":{},"reference":null}],"properties":{},"reference":null},{"@id":371,"shape":null,"labelManager":{"labels":[{"type":"textLabel","@id":372,"inputText":"Milan","labelStyle":37,"shape":null,"layoutText":null}],"mainLabel":372},"portCompositions":[{"type":"portGroup","@id":373,"ordered":false,"portCompositions":[{"type":"port","@id":374,"shape":{"type":"rect","xposition":"NaN","yposition":"NaN","width":"NaN","height":"NaN","shapeStyle":35},"labelManager":{"labels":[{"type":"textLabel","@id":375,"inputText":"1","labelStyle":37,"shape":null,"layoutText":null}],"mainLabel":375},"properties":{},"orientationAtVertex":"FREE","reference":null}],"properties":{},"reference":null}],"properties":{},"reference":null},{"@id":376,"shape":null,"labelManager":{"labels":[{"type":"textLabel","@id":377,"inputText":"Oskar","labelStyle":37,"shape":null,"layoutText":null}],"mainLabel":377},"portCompositions":[{"type":"portGroup","@id":378,"ordered":false,"portCompositions":[{"type":"port","@id":379,"shape":{"type":"rect","xposition":"NaN","yposition":"NaN","width":"NaN","height":"NaN","shapeStyle":35},"labelManager":{"labels":[{"type":"textLabel","@id":380,"inputText":"2","labelStyle":37,"shape":null,"layoutText":null}],"mainLabel":380},"properties":{},"orientationAtVertex":"FREE","reference":null}],"properties":{},"reference":null}],"properties":{},"reference":null},{"@id":381,"shape":null,"labelManager":{"labels":[{"type":"textLabel","@id":382,"inputText":"Karl","labelStyle":37,"shape":null,"layoutText":null}],"mainLabel":382},"portCompositions":[{"type":"portGroup","@id":383,"ordered":false,"portCompositions":[{"type":"port","@id":384,"shape":{"type":"rect","xposition":"NaN","yposition":"NaN","width":"NaN","height":"NaN","shapeStyle":35},"labelManager":{"labels":[{"type":"textLabel","@id":385,"inputText":"7","labelStyle":37,"shape":null,"layoutText":null}],"mainLabel":385},"properties":{},"orientationAtVertex":"FREE","reference":null},{"type":"port","@id":386,"shape":{"type":"rect","xposition":"NaN","yposition":"NaN","width":"NaN","height":"NaN","shapeStyle":35},"labelManager":{"labels":[{"type":"textLabel","@id":387,"inputText":"6","labelStyle":37,"shape":null,"layoutText":null}],"mainLabel":387},"properties":{},"orientationAtVertex":"FREE","reference":null}],"properties":{},"reference":null}],"properties":{},"reference":null},{"@id":388,"shape":null,"labelManager":{"labels":[{"type":"textLabel","@id":389,"inputText":"Gabriel","labelStyle":37,"shape":null,"layoutText":null}],"mainLabel":389},"portCompositions":[{"type":"portGroup","@id":390,"ordered":false,"portCompositions":[{"type":"port","@id":391,"shape":{"type":"rect","xposition":"NaN","yposition":"NaN","width":"NaN","height":"NaN","shapeStyle":35},"labelManager":{"labels":[{"type":"textLabel","@id":392,"inputText":"5","labelStyle":37,"shape":null,"layoutText":null}],"mainLabel":392},"properties":{},"orientationAtVertex":"FREE","reference":null}],"properties":{},"reference":null}],"properties":{},"reference":null},{"@id":393,"shape":null,"labelManager":{"labels":[{"type":"textLabel","@id":394,"inputText":"Oskar","labelStyle":37,"shape":null,"layoutText":null}],"mainLabel":394},"portCompositions":[{"type":"portGroup","@id":395,"ordered":false,"portCompositions":[{"type":"port","@id":396,"shape":{"type":"rect","xposition":"NaN","yposition":"NaN","width":"NaN","height":"NaN","shapeStyle":35},"labelManager":{"labels":[{"type":"textLabel","@id":397,"inputText":"1","labelStyle":37,"shape":null,"layoutText":null}],"mainLabel":397},"properties":{},"orientationAtVertex":"FREE","reference":null}],"properties":{},"reference":null}],"properties":{},"reference":null},{"@id":398,"shape":null,"labelManager":{"labels":[{"type":"textLabel","@id":399,"inputText":"Michael","labelStyle":37,"shape":null,"layoutText":null}],"mainLabel":399},"portCompositions":[{"type":"portGroup","@id":400,"ordered":false,"portCompositions":[{"type":"port","@id":401,"shape":{"type":"rect","xposition":"NaN","yposition":"NaN","width":"NaN","height":"NaN","shapeStyle":35},"labelManager":{"labels":[{"type":"textLabel","@id":402,"inputText":"2","labelStyle":37,"shape":null,"layoutText":null}],"mainLabel":402},"properties":{},"orientationAtVertex":"FREE","reference":null}],"properties":{},"reference":null}],"properties":{},"reference":null}],"vertexGroups":[{"@id":403,"drawnFrame":false,"labelManager":{"labels":[],"mainLabel":null},"shape":null,"containedVertices":[1,10],"containedVertexGroups":[],"touchingPairs":[{"vertex0":1,"horizontalPlacementVertex0":"FREE","verticalPlacementVertex0":"TOP","vertex1":10,"horizontalPlacementVertex1":"FREE","verticalPlacementVertex1":"FREE"}],"portPairings":[{"port0":8,"port1":15},{"port0":6,"port1":13}],"properties":{},"reference":null},{"@id":404,"drawnFrame":false,"labelManager":{"labels":[],"mainLabel":null},"shape":null,"containedVertices":[29,38],"containedVertexGroups":[],"touchingPairs":[{"vertex0":29,"horizontalPlacementVertex0":"FREE","verticalPlacementVertex0":"TOP","vertex1":38,"horizontalPlacementVertex1":"FREE","verticalPlacementVertex1":"FREE"}],"portPairings":[{"port0":32,"port1":41},{"port0":34,"port1":43}],"properties":{},"reference":null},{"@id":405,"drawnFrame":false,"labelManager":{"labels":[],"mainLabel":null},"shape":null,"containedVertices":[61,72],"containedVertexGroups":[],"touchingPairs":[{"vertex0":61,"horizontalPlacementVertex0":"FREE","verticalPlacementVertex0":"TOP","vertex1":72,"horizontalPlacementVertex1":"FREE","verticalPlacementVertex1":"FREE"}],"portPairings":[{"port0":64,"port1":75},{"port0":66,"port1":77},{"port0":68,"port1":79},{"port0":70,"port1":81}],"properties":{},"reference":null},{"@id":406,"drawnFrame":false,"labelManager":{"labels":[],"mainLabel":null},"shape":null,"containedVertices":[87,96],"containedVertexGroups":[],"touchingPairs":[{"vertex0":87,"horizontalPlacementVertex0":"FREE","verticalPlacementVertex0":"TOP","vertex1":96,"horizontalPlacementVertex1":"FREE","verticalPlacementVertex1":"FREE"}],"portPairings":[{"port0":90,"port1":99},{"port0":92,"port1":101},{"port0":94,"port1":103}],"properties":{},"reference":null},{"@id":407,"drawnFrame":false,"labelManager":{"labels":[],"mainLabel":null},"shape":null,"containedVertices":[109,116],"containedVertexGroups":[],"touchingPairs":[{"vertex0":109,"horizontalPlacementVertex0":"FREE","verticalPlacementVertex0":"TOP","vertex1":116,"horizontalPlacementVertex1":"FREE","verticalPlacementVertex1":"FREE"}],"portPairings":[{"port0":112,"port1":119},{"port0":114,"port1":121}],"properties":{},"reference":null},{"@id":408,"drawnFrame":false,"labelManager":{"labels":[],"mainLabel":null},"shape":null,"containedVertices":[123,130],"containedVertexGroups":[],"touchingPairs":[{"vertex0":123,"horizontalPlacementVertex0":"FREE","verticalPlacementVertex0":"TOP","vertex1":130,"horizontalPlacementVertex1":"FREE","verticalPlacementVertex1":"FREE"}],"portPairings":[{"port0":128,"port1":135},{"port0":126,"port1":133}],"properties":{},"reference":null},{"@id":409,"drawnFrame":false,"labelManager":{"labels":[],"mainLabel":null},"shape":null,"containedVertices":[141,154,376,388,393],"containedVertexGroups":[],"touchingPairs":[{"vertex0":141,"horizontalPlacementVertex0":"FREE","verticalPlacementVertex0":"TOP","vertex1":154,"horizontalPlacementVertex1":"FREE","verticalPlacementVertex1":"FREE"},{"vertex0":141,"horizontalPlacementVertex0":"FREE","verticalPlacementVertex0":"FREE","vertex1":376,"horizontalPlacementVertex1":"FREE","verticalPlacementVertex1":"FREE"},{"vertex0":141,"horizontalPlacementVertex0":"FREE","verticalPlacementVertex0":"FREE","vertex1":388,"horizontalPlacementVertex1":"FREE","verticalPlacementVertex1":"FREE"},{"vertex0":141,"horizontalPlacementVertex0":"FREE","verticalPlacementVertex0":"FREE","vertex1":393,"horizontalPlacementVertex1":"FREE","verticalPlacementVertex1":"FREE"}],"portPairings":[{"port0":144,"port1":157},{"port0":146,"port1":159},{"port0":148,"port1":379},{"port0":150,"port1":391},{"port0":152,"port1":396}],"properties":{},"reference":null},{"@id":410,"drawnFrame":false,"labelManager":{"labels":[],"mainLabel":null},"shape":null,"containedVertices":[161,176,398],"containedVertexGroups":[],"touchingPairs":[{"vertex0":161,"horizontalPlacementVertex0":"FREE","verticalPlacementVertex0":"TOP","vertex1":176,"horizontalPlacementVertex1":"FREE","verticalPlacementVertex1":"FREE"},{"vertex0":161,"horizontalPlacementVertex0":"FREE","verticalPlacementVertex0":"FREE","vertex1":398,"horizontalPlacementVertex1":"FREE","verticalPlacementVertex1":"FREE"}],"portPairings":[{"port0":164,"port1":179},{"port0":166,"port1":181},{"port0":168,"port1":183},{"port0":170,"port1":185},{"port0":172,"port1":401},{"port0":174,"port1":187}],"properties":{},"reference":null},{"@id":411,"drawnFrame":false,"labelManager":{"labels":[],"mainLabel":null},"shape":null,"containedVertices":[193,202],"containedVertexGroups":[],"touchingPairs":[{"vertex0":193,"horizontalPlacementVertex0":"FREE","verticalPlacementVertex0":"TOP","vertex1":202,"horizontalPlacementVertex1":"FREE","verticalPlacementVertex1":"FREE"}],"portPairings":[{"port0":196,"port1":205},{"port0":198,"port1":207},{"port0":200,"port1":209}],"properties":{},"reference":null},{"@id":412,"drawnFrame":false,"labelManager":{"labels":[],"mainLabel":null},"shape":null,"containedVertices":[211,216],"containedVertexGroups":[],"touchingPairs":[{"vertex0":211,"horizontalPlacementVertex0":"FREE","verticalPlacementVertex0":"TOP","vertex1":216,"horizontalPlacementVertex1":"FREE","verticalPlacementVertex1":"FREE"}],"portPairings":[{"port0":214,"port1":219}],"properties":{},"reference":null},{"@id":413,"drawnFrame":false,"labelManager":{"labels":[],"mainLabel":null},"shape":null,"containedVertices":[221,226],"containedVertexGroups":[],"touchingPairs":[{"vertex0":221,"horizontalPlacementVertex0":"FREE","verticalPlacementVertex0":"TOP","vertex1":226,"horizontalPlacementVertex1":"FREE","verticalPlacementVertex1":"FREE"}],"portPairings":[{"port0":224,"port1":229}],"properties":{},"reference":null},{"@id":414,"drawnFrame":false,"labelManager":{"labels":[],"mainLabel":null},"shape":null,"containedVertices":[247,254],"containedVertexGroups":[],"touchingPairs":[{"vertex0":247,"horizontalPlacementVertex0":"FREE","verticalPlacementVertex0":"TOP","vertex1":254,"horizontalPlacementVertex1":"FREE","verticalPlacementVertex1":"FREE"}],"portPairings":[{"port0":250,"port1":257},{"port0":252,"port1":259}],"properties":{},"reference":null},{"@id":415,"drawnFrame":false,"labelManager":{"labels":[],"mainLabel":null},"shape":null,"containedVertices":[261,266],"containedVertexGroups":[],"touchingPairs":[{"vertex0":261,"horizontalPlacementVertex0":"FREE","verticalPlacementVertex0":"TOP","vertex1":266,"horizontalPlacementVertex1":"FREE","verticalPlacementVertex1":"FREE"}],"portPairings":[{"port0":264,"port1":269}],"properties":{},"reference":null},{"@id":416,"drawnFrame":false,"labelManager":{"labels":[],"mainLabel":null},"shape":null,"containedVertices":[271,289,381],"containedVertexGroups":[],"touchingPairs":[{"vertex0":271,"horizontalPlacementVertex0":"FREE","verticalPlacementVertex0":"TOP","vertex1":289,"horizontalPlacementVertex1":"FREE","verticalPlacementVertex1":"FREE"},{"vertex0":271,"horizontalPlacementVertex0":"FREE","verticalPlacementVertex0":"FREE","vertex1":381,"horizontalPlacementVertex1":"FREE","verticalPlacementVertex1":"FREE"}],"portPairings":[{"port0":274,"port1":292},{"port0":280,"port1":298},{"port0":276,"port1":294},{"port0":278,"port1":296},{"port0":282,"port1":384},{"port0":284,"port1":386},{"port0":286,"port1":300}],"properties":{},"reference":null},{"@id":417,"drawnFrame":false,"labelManager":{"labels":[],"mainLabel":null},"shape":null,"containedVertices":[302,313],"containedVertexGroups":[],"touchingPairs":[{"vertex0":302,"horizontalPlacementVertex0":"FREE","verticalPlacementVertex0":"TOP","vertex1":313,"horizontalPlacementVertex1":"FREE","verticalPlacementVertex1":"FREE"}],"portPairings":[{"port0":305,"port1":316},{"port0":307,"port1":318},{"port0":309,"port1":320},{"port0":311,"port1":322}],"properties":{},"reference":null},{"@id":418,"drawnFrame":false,"labelManager":{"labels":[],"mainLabel":null},"shape":null,"containedVertices":[324,335],"containedVertexGroups":[],"touchingPairs":[{"vertex0":324,"horizontalPlacementVertex0":"FREE","verticalPlacementVertex0":"TOP","vertex1":335,"horizontalPlacementVertex1":"FREE","verticalPlacementVertex1":"FREE"}],"portPairings":[{"port0":327,"port1":338},{"port0":329,"port1":340},{"port0":331,"port1":342},{"port0":333,"port1":344}],"properties":{},"reference":null},{"@id":419,"drawnFrame":false,"labelManager":{"labels":[],"mainLabel":null},"shape":null,"containedVertices":[346,351],"containedVertexGroups":[],"touchingPairs":[{"vertex0":346,"horizontalPlacementVertex0":"FREE","verticalPlacementVertex0":"FREE","vertex1":351,"horizontalPlacementVertex1":"FREE","verticalPlacementVertex1":"FREE"}],"portPairings":[{"port0":349,"port1":354}],"properties":{},"reference":null},{"@id":420,"drawnFrame":false,"labelManager":{"labels":[],"mainLabel":null},"shape":null,"containedVertices":[356,361],"containedVertexGroups":[],"touchingPairs":[{"vertex0":356,"horizontalPlacementVertex0":"FREE","verticalPlacementVertex0":"FREE","vertex1":361,"horizontalPlacementVertex1":"FREE","verticalPlacementVertex1":"FREE"}],"portPairings":[{"port0":359,"port1":364}],"properties":{},"reference":null},{"@id":421,"drawnFrame":false,"labelManager":{"labels":[],"mainLabel":null},"shape":null,"containedVertices":[366,371],"containedVertexGroups":[],"touchingPairs":[{"vertex0":366,"horizontalPlacementVertex0":"FREE","verticalPlacementVertex0":"FREE","vertex1":371,"horizontalPlacementVertex1":"FREE","verticalPlacementVertex1":"FREE"}],"portPairings":[{"port0":369,"port1":374}],"properties":{},"reference":null}],"edges":[{"@id":422,"ports":[112,318],"labelManager":{"innerLabels":[{"type":"textLabel","@id":423,"inputText":"Malik","labelStyle":4,"shape":null,"layoutText":null}],"allPortLabels":[],"mainLabel":423},"pathStyle":{"@id":424,"description":"default path style","thickness":-1.0,"color":{"argb":"ff000000"}},"paths":[],"properties":{"id":"48e7b2ffe4ee6dfefcec86f3d0640495"},"reference":null},{"@id":425,"ports":[23,207],"labelManager":{"innerLabels":[{"type":"textLabel","@id":426,"inputText":"Mika","labelStyle":4,"shape":null,"layoutText":null}],"allPortLabels":[],"mainLabel":426},"pathStyle":424,"paths":[],"properties":{"id":"c800d365792de5dad2396fed45b250a5"},"reference":null},{"@id":427,"ports":[237,23],"labelManager":{"innerLabels":[{"type":"textLabel","@id":428,"inputText":"Jonah","labelStyle":4,"shape":null,"layoutText":null}],"allPortLabels":[],"mainLabel":428},"pathStyle":424,"paths":[],"properties":{"id":"1ef0bdfac2eb9d9ef24575ceffe84ff7"},"reference":null},{"@id":429,"ports":[292,224],"labelManager":{"innerLabels":[{"type":"textLabel","@id":430,"inputText":"Ole","labelStyle":4,"shape":null,"layoutText":null}],"allPortLabels":[],"mainLabel":430},"pathStyle":424,"paths":[],"properties":{"id":"db493ac20642cc6a954460083a95364c"},"reference":null},{"@id":431,"ports":[298,13],"labelManager":{"innerLabels":[{"type":"textLabel","@id":432,"inputText":"Hannes","labelStyle":4,"shape":null,"layoutText":null}],"allPortLabels":[],"mainLabel":432},"pathStyle":424,"paths":[],"properties":{"id":"37b1f1733a65e375a977527fc4897129"},"reference":null},{"@id":433,"ports":[183,55],"labelManager":{"innerLabels":[{"type":"textLabel","@id":434,"inputText":"Aaron","labelStyle":4,"shape":null,"layoutText":null}],"allPortLabels":[],"mainLabel":434},"pathStyle":424,"paths":[],"properties":{"id":"438a75090c6caa596c996ad0ce3c4d6e"},"reference":null},{"@id":435,"ports":[237,264],"labelManager":{"innerLabels":[{"type":"textLabel","@id":436,"inputText":"Emir","labelStyle":4,"shape":null,"layoutText":null}],"allPortLabels":[],"mainLabel":436},"pathStyle":424,"paths":[],"properties":{"id":"d81dd750f9f37398931aeeb3d2bd2d8c"},"reference":null},{"@id":437,"ports":[219,139],"labelManager":{"innerLabels":[{"type":"textLabel","@id":438,"inputText":"Sebastian","labelStyle":4,"shape":null,"layoutText":null}],"allPortLabels":[],"mainLabel":438},"pathStyle":424,"paths":[],"properties":{"id":"0288361faae9fa8208f2b7d97b2efd71"},"reference":null},{"@id":439,"ports":[19,159],"labelManager":{"innerLabels":[{"type":"textLabel","@id":440,"inputText":"Nick","labelStyle":4,"shape":null,"layoutText":null}],"allPortLabels":[],"mainLabel":440},"pathStyle":424,"paths":[],"properties":{"id":"8251663509da6f05ad357a3973cb37a7"},"reference":null},{"@id":441,"ports":[205,229],"labelManager":{"innerLabels":[{"type":"textLabel","@id":442,"inputText":"Maxim","labelStyle":4,"shape":null,"layoutText":null}],"allPortLabels":[],"mainLabel":442},"pathStyle":424,"paths":[],"properties":{"id":"544e76999ec8d3f23e89c5ee985dfc85"},"reference":null},{"@id":443,"ports":[185,47],"labelManager":{"innerLabels":[{"type":"textLabel","@id":444,"inputText":"Lennard","labelStyle":4,"shape":null,"layoutText":null}],"allPortLabels":[],"mainLabel":444},"pathStyle":424,"paths":[],"properties":{"id":"52bb3e639a788f442681764e232d855b"},"reference":null},{"@id":445,"ports":[191,181],"labelManager":{"innerLabels":[{"type":"textLabel","@id":446,"inputText":"Jona","labelStyle":4,"shape":null,"layoutText":null}],"allPortLabels":[],"mainLabel":446},"pathStyle":424,"paths":[],"properties":{"id":"a7a7f5a5a17ec5e17b284fc2cf76973d"},"reference":null},{"@id":447,"ports":[90,320],"labelManager":{"innerLabels":[{"type":"textLabel","@id":448,"inputText":"Robin","labelStyle":4,"shape":null,"layoutText":null}],"allPortLabels":[],"mainLabel":448},"pathStyle":424,"paths":[],"properties":{"id":"314ebf4e7ce789acee70f25afb1ab7bb"},"reference":null},{"@id":449,"ports":[241,27],"labelManager":{"innerLabels":[{"type":"textLabel","@id":450,"inputText":"Adrian","labelStyle":4,"shape":null,"layoutText":null}],"allPortLabels":[],"mainLabel":450},"pathStyle":424,"paths":[],"properties":{"id":"ac8e433cd508b7f082f0af8a61775434"},"reference":null},{"@id":451,"ports":[19,41],"labelManager":{"innerLabels":[{"type":"textLabel","@id":452,"inputText":"Fritz","labelStyle":4,"shape":null,"layoutText":null}],"allPortLabels":[],"mainLabel":452},"pathStyle":424,"paths":[],"properties":{"id":"dc8863aa92a96d37e5ce560c5da8d408"},"reference":null},{"@id":453,"ports":[179,27],"labelManager":{"innerLabels":[{"type":"textLabel","@id":454,"inputText":"Friedrich","labelStyle":4,"shape":null,"layoutText":null}],"allPortLabels":[],"mainLabel":454},"pathStyle":424,"paths":[],"properties":{"id":"f79076faa8571a3d3405d82532ff93df"},"reference":null},{"@id":455,"ports":[340,233],"labelManager":{"innerLabels":[{"type":"textLabel","@id":456,"inputText":"Thomas","labelStyle":4,"shape":null,"layoutText":null}],"allPortLabels":[],"mainLabel":456},"pathStyle":424,"paths":[],"properties":{"id":"41531b6087260d90f7e3bac5d4c19f9a"},"reference":null},{"@id":457,"ports":[338,191],"labelManager":{"innerLabels":[{"type":"textLabel","@id":458,"inputText":"Jasper","labelStyle":4,"shape":null,"layoutText":null}],"allPortLabels":[],"mainLabel":458},"pathStyle":424,"paths":[],"properties":{"id":"fe2e5a328f4e3e84bff218388e2b47b9"},"reference":null},{"@id":459,"ports":[257,191],"labelManager":{"innerLabels":[{"type":"textLabel","@id":460,"inputText":"Erik","labelStyle":4,"shape":null,"layoutText":null}],"allPortLabels":[],"mainLabel":460},"pathStyle":424,"paths":[],"properties":{"id":"eb672b26467273ecebc4ba59dd23f24c"},"reference":null},{"@id":461,"ports":[342,55],"labelManager":{"innerLabels":[{"type":"textLabel","@id":462,"inputText":"Yusuf","labelStyle":4,"shape":null,"layoutText":null}],"allPortLabels":[],"mainLabel":462},"pathStyle":424,"paths":[],"properties":{"id":"3bcefde7ffea7575147980bc4c56824f"},"reference":null},{"@id":463,"ports":[294,15],"labelManager":{"innerLabels":[{"type":"textLabel","@id":464,"inputText":"Wilhelm","labelStyle":4,"shape":null,"layoutText":null}],"allPortLabels":[],"mainLabel":464},"pathStyle":424,"paths":[],"properties":{"id":"7afa824577340df0e8dc4d23db2ca6af"},"reference":null},{"@id":465,"ports":[121,59],"labelManager":{"innerLabels":[{"type":"textLabel","@id":466,"inputText":"Josef","labelStyle":37,"shape":null,"layoutText":null}],"allPortLabels":[],"mainLabel":466},"pathStyle":{"@id":467,"description":"default path style","thickness":-1.0,"color":{"argb":"ff000000"}},"paths":[],"properties":{},"reference":null},{"@id":468,"ports":[384,349],"labelManager":{"innerLabels":[{"type":"textLabel","@id":469,"inputText":"Martin","labelStyle":37,"shape":null,"layoutText":null}],"allPortLabels":[],"mainLabel":469},"pathStyle":467,"paths":[],"properties":{},"reference":null},{"@id":470,"ports":[51,401],"labelManager":{"innerLabels":[{"type":"textLabel","@id":471,"inputText":"Kaan","labelStyle":37,"shape":null,"layoutText":null}],"allPortLabels":[],"mainLabel":471},"pathStyle":467,"paths":[],"properties":{},"reference":null},{"@id":472,"ports":[85,81],"labelManager":{"innerLabels":[{"type":"textLabel","@id":473,"inputText":"Timo","labelStyle":37,"shape":null,"layoutText":null}],"allPortLabels":[],"mainLabel":473},"pathStyle":467,"paths":[],"properties":{},"reference":null},{"@id":474,"ports":[344,94],"labelManager":{"innerLabels":[{"type":"textLabel","@id":475,"inputText":"Tobias","labelStyle":37,"shape":null,"layoutText":null}],"allPortLabels":[],"mainLabel":475},"pathStyle":467,"paths":[],"properties":{},"reference":null},{"@id":476,"ports":[107,322],"labelManager":{"innerLabels":[{"type":"textLabel","@id":477,"inputText":"Joshua","labelStyle":37,"shape":null,"layoutText":null}],"allPortLabels":[],"mainLabel":477},"pathStyle":467,"paths":[],"properties":{},"reference":null},{"@id":478,"ports":[359,369],"labelManager":{"innerLabels":[{"type":"textLabel","@id":479,"inputText":"Constantin","labelStyle":37,"shape":null,"layoutText":null}],"allPortLabels":[],"mainLabel":479},"pathStyle":467,"paths":[],"properties":{},"reference":null},{"@id":480,"ports":[379,75],"labelManager":{"innerLabels":[{"type":"textLabel","@id":481,"inputText":"Adam","labelStyle":37,"shape":null,"layoutText":null}],"allPortLabels":[],"mainLabel":481},"pathStyle":467,"paths":[],"properties":{},"reference":null},{"@id":482,"ports":[135,364],"labelManager":{"innerLabels":[{"type":"textLabel","@id":483,"inputText":"Matteo","labelStyle":37,"shape":null,"layoutText":null}],"allPortLabels":[],"mainLabel":483},"pathStyle":467,"paths":[],"properties":{},"reference":null},{"@id":484,"ports":[374,245],"labelManager":{"innerLabels":[{"type":"textLabel","@id":485,"inputText":"Raphael","labelStyle":37,"shape":null,"layoutText":null}],"allPortLabels":[],"mainLabel":485},"pathStyle":467,"paths":[],"properties":{},"reference":null},{"@id":486,"ports":[34,214],"labelManager":{"innerLabels":[{"type":"textLabel","@id":487,"inputText":"Theodor","labelStyle":37,"shape":null,"layoutText":null}],"allPortLabels":[],"mainLabel":487},"pathStyle":467,"paths":[],"properties":{},"reference":null},{"@id":488,"ports":[391,133],"labelManager":{"innerLabels":[{"type":"textLabel","@id":489,"inputText":"Linus","labelStyle":37,"shape":null,"layoutText":null}],"allPortLabels":[],"mainLabel":489},"pathStyle":467,"paths":[],"properties":{},"reference":null},{"@id":490,"ports":[250,128],"labelManager":{"innerLabels":[{"type":"textLabel","@id":491,"inputText":"Noel","labelStyle":37,"shape":null,"layoutText":null}],"allPortLabels":[],"mainLabel":491},"pathStyle":467,"paths":[],"properties":{},"reference":null},{"@id":492,"ports":[269,252],"labelManager":{"innerLabels":[{"type":"textLabel","@id":493,"inputText":"Ferdinand","labelStyle":37,"shape":null,"layoutText":null}],"allPortLabels":[],"mainLabel":493},"pathStyle":467,"paths":[],"properties":{},"reference":null},{"@id":494,"ports":[209,99,8,6,119,103,187],"labelManager":{"innerLabels":[{"type":"textLabel","@id":495,"inputText":"Jasper","labelStyle":37,"shape":null,"layoutText":null}],"allPortLabels":[],"mainLabel":495},"pathStyle":467,"paths":[],"properties":{},"reference":null},{"@id":496,"ports":[209,187,79,354,8,6],"labelManager":{"innerLabels":[{"type":"textLabel","@id":497,"inputText":"Linus","labelStyle":37,"shape":null,"layoutText":null}],"allPortLabels":[],"mainLabel":497},"pathStyle":467,"paths":[],"properties":{},"reference":null},{"@id":498,"ports":[119,126,157],"labelManager":{"innerLabels":[{"type":"textLabel","@id":499,"inputText":"Noel","labelStyle":37,"shape":null,"layoutText":null}],"allPortLabels":[],"mainLabel":499},"pathStyle":467,"paths":[],"properties":{},"reference":null},{"@id":500,"ports":[119,126,354],"labelManager":{"innerLabels":[{"type":"textLabel","@id":501,"inputText":"Aaron","labelStyle":37,"shape":null,"layoutText":null}],"allPortLabels":[],"mainLabel":501},"pathStyle":467,"paths":[],"properties":{},"reference":null},{"@id":502,"ports":[259,296,43],"labelManager":{"innerLabels":[{"type":"textLabel","@id":503,"inputText":"Timo","labelStyle":37,"shape":null,"layoutText":null}],"allPortLabels":[],"mainLabel":503},"pathStyle":467,"paths":[],"properties":{},"reference":null},{"@id":504,"ports":[396,32,296],"labelManager":{"innerLabels":[{"type":"textLabel","@id":505,"inputText":"Emilio","labelStyle":37,"shape":null,"layoutText":null}],"allPortLabels":[],"mainLabel":505},"pathStyle":467,"paths":[],"properties":{},"reference":null}],"edgeBundles":[]}