{"vertices":[{"@id":1,"shape":{"type":"rect","xposition":"NaN","yposition":"NaN","width":"NaN","height":"NaN","shapeStyle":{"@id":2,"description":"default shape style","color":{"argb":"ff000000"}}},"labelManager":{"labels":[{"type":"textLabel","@id":3,"inputText":"Jonathan","labelStyle":{"@id":4,"description":"default text label style","font":{"fontName":"SansSerif","style":0,"size":10},"noBreak":false,"color":{"argb":"ff000000"},"showLabel":true,"placement":"FREE","horizontalPlacement":"FREE","verticalPlacement":"FREE"},"shape":null,"layoutText":null}],"mainLabel":3},"portCompositions":[{"type":"port","@id":5,"shape":{"type":"rect","xposition":"NaN","yposition":"NaN","width":"NaN","height":"NaN","shapeStyle":2},"labelManager":{"labels":[{"type":"textLabel","@id":6,"inputText":"1","labelStyle":4,"shape":null,"layoutText":null}],"mainLabel":6},"properties":{"id":"6878e9108abbbf2c35859ae1c6862832"},"orientationAtVertex":"FREE","reference":null}],"properties":{"id":"89f4c36222531c31884128ddf5109cd1","type":"splice"},"reference":null},{"@id":7,"shape":{"type":"rect","xposition":"NaN","yposition":"NaN","width":"NaN","height":"NaN","shapeStyle":2},"labelManager":{"labels":[{"type":"textLabel","@id":8,"inputText":"Gabriel","labelStyle":4,"shape":null,"layoutText":null}],"mainLabel":8},"portCompositions":[{"type":"portGroup","@id":9,"ordered":false,"portCompositions":[{"type":"port","@id":10,"shape":{"type":"rect","xposition":"NaN","yposition":"NaN","width":"NaN","height":"NaN","shapeStyle":2},"labelManager":{"labels":[{"type":"textLabel","@id":11,"inputText":"2","labelStyle":4,"shape":null,"layoutText":null}],"mainLabel":11},"properties":{"id":"2222227ad6af6cd3f6ccc0dfc53c54ef"},"orientationAtVertex":"FREE","reference":null},{"type":"port","@id":12,"shape":{"type":"rect","xposition":"NaN","yposition":"NaN","width":"NaN","height":"NaN","shapeStyle":2},"labelManager":{"labels":[{"type":"textLabel","@id":13,"inputText":"1","labelStyle":4,"shape":null,"layoutText":null}],"mainLabel":13},"properties":{"id":"6d3205cdf271ae9302b598b75408fc23"},"orientationAtVertex":"FREE","reference":null}],"properties":{},"reference":null}],"properties":{"id":"8c2b550a2c10d23daf74d68aceef5339","type":"plug"},"reference":null},{"@id":14,"shape":{"type":"rect","xposition":"NaN","yposition":"NaN","width":"NaN","height":"NaN","shapeStyle":2},"labelManager":{"labels":[{"type":"textLabel","@id":15,"inputText":"Niklas","labelStyle":4,"shape":null,"layoutText":null}],"mainLabel":15},"portCompositions":[{"type":"portGroup","@id":16,"ordered":false,"portCompositions":[{"type":"port","@id":17,"shape":{"type":"rect","xposition":"NaN","yposition":"NaN","width":"NaN","height":"NaN","shapeStyle":2},"labelManager":{"labels":[{"type":"textLabel","@id":18,"inputText":"2","labelStyle":4,"shape":null,"layoutText":null}],"mainLabel":18},"properties":{"id":"9c764e57d05caff1aa9de8d70d1440d3"},"orientationAtVertex":"FREE","reference":null},{"type":"port","@id":19,"shape":{"type":"rect","xposition":"NaN","yposition":"NaN","width":"NaN","height":"NaN","shapeStyle":2},"labelManager":{"labels":[{"type":"textLabel","@id":20,"inputText":"1","labelStyle":4,"shape":null,"layoutText":null}],"mainLabel":20},"properties":{"id":"bd91aacf09f5db00bbf5f35148d7a06b"},"orientationAtVertex":"FREE","reference":null}],"properties":{},"reference":null}],"properties":{"id":"959a3c0b02f17c458a369389e57c5a52","type":"plug"},"reference":null},{"@id":21,"shape":{"type":"rect","xposition":"NaN","yposition":"NaN","width":"NaN","height":"NaN","shapeStyle":2},"labelManager":{"labels":[{"type":"textLabel","@id":22,"inputText":"Leonard","labelStyle":4,"shape":null,"layoutText":null}],"mainLabel":22},"portCompositions":[{"type":"portGroup","@id":23,"ordered":false,"portCompositions":[{"type":"port","@id":24,"shape":{"type":"rect","xposition":"NaN","yposition":"NaN","width":"NaN","height":"NaN","shapeStyle":2},"labelManager":{"labels":[{"type":"textLabel","@id":25,"inputText":"1","labelStyle":4,"shape":null,"layoutText":null}],"mainLabel":25},"properties":{"id":"4f79b56a6df8230e74e497509cb2e3f9"},"orientationAtVertex":"FREE","reference":null},{"type":"port","@id":26,"shape":{"type":"rect","xposition":"NaN","yposition":"NaN","width":"NaN","height":"NaN","shapeStyle":2},"labelManager":{"labels":[{"type":"textLabel","@id":27,"inputText":"3","labelStyle":4,"shape":null,"layoutText":null}],"mainLabel":27},"properties":{"id":"e4ae4d1be3a92e306341984d31389dd9"},"orientationAtVertex":"FREE","reference":null},{"type":"port","@id":28,"shape":{"type":"rect","xposition":"NaN","yposition":"NaN","width":"NaN","height":"NaN","shapeStyle":{"@id":29,"description":"default shape style","color":{"argb":"ff000000"}}},"labelManager":{"labels":[{"type":"textLabel","@id":30,"inputText":"2","labelStyle":{"@id":31,"description":"default text label style","font":{"fontName":"SansSerif","style":0,"size":10},"noBreak":false,"color":{"argb":"ff000000"},"showLabel":true,"placement":"FREE","horizontalPlacement":"FREE","verticalPlacement":"FREE"},"shape":null,"layoutText":null}],"mainLabel":30},"properties":{},"orientationAtVertex":"FREE","reference":null}],"properties":{},"reference":null}],"properties":{"id":"3454365cf05fcb12a08fb3c6781e0aeb","type":"plug"},"reference":null},{"@id":32,"shape":{"type":"rect","xposition":"NaN","yposition":"NaN","width":"NaN","height":"NaN","shapeStyle":2},"labelManager":{"labels":[{"type":"textLabel","@id":33,"inputText":"Vincent","labelStyle":4,"shape":null,"layoutText":null}],"mainLabel":33},"portCompositions":[{"type":"portGroup","@id":34,"ordered":false,"portCompositions":[{"type":"port","@id":35,"shape":{"type":"rect","xposition":"NaN","yposition":"NaN","width":"NaN","height":"NaN","shapeStyle":2},"labelManager":{"labels":[{"type":"textLabel","@id":36,"inputText":"1","labelStyle":4,"shape":null,"layoutText":null}],"mainLabel":36},"properties":{"id":"a2a9d9b6de43c42cc7725e227b59064c"},"orientationAtVertex":"FREE","reference":null},{"type":"port","@id":37,"shape":{"type":"rect","xposition":"NaN","yposition":"NaN","width":"NaN","height":"NaN","shapeStyle":2},"labelManager":{"labels":[{"type":"textLabel","@id":38,"inputText":"3","labelStyle":4,"shape":null,"layoutText":null}],"mainLabel":38},"properties":{"id":"a7601bd40e92424373d070796630e313"},"orientationAtVertex":"FREE","reference":null},{"type":"port","@id":39,"shape":{"type":"rect","xposition":"NaN","yposition":"NaN","width":"NaN","height":"NaN","shapeStyle":29},"labelManager":{"labels":[{"type":"textLabel","@id":40,"inputText":"2","labelStyle":31,"shape":null,"layoutText":null}],"mainLabel":40},"properties":{},"orientationAtVertex":"FREE","reference":null}],"properties":{},"reference":null}],"properties":{"id":"ce8a3ad56019962c2339bdb2378205ef","type":"plug"},"reference":null},{"@id":41,"shape":{"type":"rect","xposition":"NaN","yposition":"NaN","width":"NaN","height":"NaN","shapeStyle":2},"labelManager":{"labels":[{"type":"textLabel","@id":42,"inputText":"Elias","labelStyle":4,"shape":null,"layoutText":null}],"mainLabel":42},"portCompositions":[{"type":"port","@id":43,"shape":{"type":"rect","xposition":"NaN","yposition":"NaN","width":"NaN","height":"NaN","shapeStyle":2},"labelManager":{"labels":[{"type":"textLabel","@id":44,"inputText":"1","labelStyle":4,"shape":null,"layoutText":null}],"mainLabel":44},"properties":{"id":"a437a0b4253ef1f1e49384bbcc485347"},"orientationAtVertex":"FREE","reference":null}],"properties":{"id":"9577cd3001fc2fdfbeb2f6a90cc093a2","type":"splice"},"reference":null},{"@id":45,"shape":{"type":"rect","xposition":"NaN","yposition":"NaN","width":"NaN","height":"NaN","shapeStyle":2},"labelManager":{"labels":[{"type":"textLabel","@id":46,"inputText":"Jan","labelStyle":4,"shape":null,"layoutText":null}],"mainLabel":46},"portCompositions":[{"type":"portGroup","@id":47,"ordered":false,"portCompositions":[{"type":"port","@id":48,"shape":{"type":"rect","xposition":"NaN","yposition":"NaN","width":"NaN","height":"NaN","shapeStyle":2},"labelManager":{"labels":[{"type":"textLabel","@id":49,"inputText":"2","labelStyle":4,"shape":null,"layoutText":null}],"mainLabel":49},"properties":{"id":"32223272bb139fd8565f53679d32d292"},"orientationAtVertex":"FREE","reference":null},{"type":"port","@id":50,"shape":{"type":"rect","xposition":"NaN","yposition":"NaN","width":"NaN","height":"NaN","shapeStyle":2},"labelManager":{"labels":[{"type":"textLabel","@id":51,"inputText":"1","labelStyle":4,"shape":null,"layoutText":null}],"mainLabel":51},"properties":{"id":"d5fc23c34c8d9b5887ce8c2c95ec41b5"},"orientationAtVertex":"FREE","reference":null},{"type":"port","@id":52,"shape":{"type":"rect","xposition":"NaN","yposition":"NaN","width":"NaN","height":"NaN","shapeStyle":29},"labelManager":{"labels":[{"type":"textLabel","@id":53,"inputText":"3","labelStyle":31,"shape":null,"layoutText":null}],"mainLabel":53},"properties":{},"orientationAtVertex":"FREE","reference":null}],"properties":{},"reference":null}],"properties":{"id":"e1e11aeb5ea1fa1475eaa67bdb97b613","type":"plug"},"reference":null},{"@id":54,"shape":{"type":"rect","xposition":"NaN","yposition":"NaN","width":"NaN","height":"NaN","shapeStyle":2},"labelManager":{"labels":[{"type":"textLabel","@id":55,"inputText":"Liam","labelStyle":4,"shape":null,"layoutText":null}],"mainLabel":55},"portCompositions":[{"type":"portGroup","@id":56,"ordered":false,"portCompositions":[{"type":"port","@id":57,"shape":{"type":"rect","xposition":"NaN","yposition":"NaN","width":"NaN","height":"NaN","shapeStyle":2},"labelManager":{"labels":[{"type":"textLabel","@id":58,"inputText":"2","labelStyle":4,"shape":null,"layoutText":null}],"mainLabel":58},"properties":{"id":"ae3ab91e8ddd792c4fa1adb6e861ea9e"},"orientationAtVertex":"FREE","reference":null},{"type":"port","@id":59,"shape":{"type":"rect","xposition":"NaN","yposition":"NaN","width":"NaN","height":"NaN","shapeStyle":2},"labelManager":{"labels":[{"type":"textLabel","@id":60,"inputText":"1","labelStyle":4,"shape":null,"layoutText":null}],"mainLabel":60},"properties":{"id":"9cc6518cb0929013f4b898a04f0655e2"},"orientationAtVertex":"FREE","reference":null},{"type":"port","@id":61,"shape":{"type":"rect","xposition":"NaN","yposition":"NaN","width":"NaN","height":"NaN","shapeStyle":29},"labelManager":{"labels":[{"type":"textLabel","@id":62,"inputText":"3","labelStyle":31,"shape":null,"layoutText":null}],"mainLabel":62},"properties":{},"orientationAtVertex":"FREE","reference":null}],"properties":{},"reference":null}],"properties":{"id":"bd0e7e78f072211e0ecc0aab0f75b281","type":"plug"},"reference":null},{"@id":63,"shape":{"type":"rect","xposition":"NaN","yposition":"NaN","width":"NaN","height":"NaN","shapeStyle":2},"labelManager":{"labels":[{"type":"textLabel","@id":64,"inputText":"Julian","labelStyle":4,"shape":null,"layoutText":null}],"mainLabel":64},"portCompositions":[{"type":"portGroup","@id":65,"ordered":false,"portCompositions":[{"type":"port","@id":66,"shape":{"type":"rect","xposition":"NaN","yposition":"NaN","width":"NaN","height":"NaN","shapeStyle":2},"labelManager":{"labels":[{"type":"textLabel","@id":67,"inputText":"1","labelStyle":4,"shape":null,"layoutText":null}],"mainLabel":67},"properties":{"id":"17c83d0b10c19b13a8e7f3f5026cc7f7"},"orientationAtVertex":"FREE","reference":null}],"properties":{},"reference":null}],"properties":{"id":"b8fc5e4ad05f47d3fa04d08215e46896","type":"device"},"reference":null},{"@id":68,"shape":{"type":"rect","xposition":"NaN","yposition":"NaN","width":"NaN","height":"NaN","shapeStyle":2},"labelManager":{"labels":[{"type":"textLabel","@id":69,"inputText":"Christian","labelStyle":4,"shape":null,"layoutText":null}],"mainLabel":69},"portCompositions":[{"type":"portGroup","@id":70,"ordered":false,"portCompositions":[{"type":"port","@id":71,"shape":{"type":"rect","xposition":"NaN","yposition":"NaN","width":"NaN","height":"NaN","shapeStyle":2},"labelManager":{"labels":[{"type":"textLabel","@id":72,"inputText":"1","labelStyle":4,"shape":null,"layoutText":null}],"mainLabel":72},"properties":{"id":"3b9cee1c9a749170950a032a118b77f3"},"orientationAtVertex":"FREE","reference":null}],"properties":{},"reference":null}],"properties":{"id":"44c769e9eae1db20436daf3f1d325586","type":"socket"},"reference":null},{"@id":73,"shape":{"type":"rect","xposition":"NaN","yposition":"NaN","width":"NaN","height":"NaN","shapeStyle":2},"labelManager":{"labels":[{"type":"textLabel","@id":74,"inputText":"Noah","labelStyle":4,"shape":null,"layoutText":null}],"mainLabel":74},"portCompositions":[{"type":"portGroup","@id":75,"ordered":false,"portCompositions":[{"type":"port","@id":76,"shape":{"type":"rect","xposition":"NaN","yposition":"NaN","width":"NaN","height":"NaN","shapeStyle":2},"labelManager":{"labels":[{"type":"textLabel","@id":77,"inputText":"3","labelStyle":4,"shape":null,"layoutText":null}],"mainLabel":77},"properties":{"id":"0ed1626ebfca49d1c6caed1664eaa872"},"orientationAtVertex":"FREE","reference":null},{"type":"port","@id":78,"shape":{"type":"rect","xposition":"NaN","yposition":"NaN","width":"NaN","height":"NaN","shapeStyle":2},"labelManager":{"labels":[{"type":"textLabel","@id":79,"inputText":"1","labelStyle":4,"shape":null,"layoutText":null}],"mainLabel":79},"properties":{"id":"7ef0b45260153e99311b75d4a8a26dfe"},"orientationAtVertex":"FREE","reference":null},{"type":"port","@id":80,"shape":{"type":"rect","xposition":"NaN","yposition":"NaN","width":"NaN","height":"NaN","shapeStyle":2},"labelManager":{"labels":[{"type":"textLabel","@id":81,"inputText":"2","labelStyle":4,"shape":null,"layoutText":null}],"mainLabel":81},"properties":{"id":"65cea0329065c63affee4577cc9cec18"},"orientationAtVertex":"FREE","reference":null}],"properties":{},"reference":null}],"properties":{"id":"efb519451239705a50e9d828e6b4cbcf","type":"device"},"reference":null},{"@id":82,"shape":{"type":"rect","xposition":"NaN","yposition":"NaN","width":"NaN","height":"NaN","shapeStyle":2},"labelManager":{"labels":[{"type":"textLabel","@id":83,"inputText":"Mats","labelStyle":4,"shape":null,"layoutText":null}],"mainLabel":83},"portCompositions":[{"type":"portGroup","@id":84,"ordered":false,"portCompositions":[{"type":"port","@id":85,"shape":{"type":"rect","xposition":"NaN","yposition":"NaN","width":"NaN","height":"NaN","shapeStyle":2},"labelManager":{"labels":[{"type":"textLabel","@id":86,"inputText":"3","labelStyle":4,"shape":null,"layoutText":null}],"mainLabel":86},"properties":{"id":"0477943af303347aab63759b84e4d725"},"orientationAtVertex":"FREE","reference":null},{"type":"port","@id":87,"shape":{"type":"rect","xposition":"NaN","yposition":"NaN","width":"NaN","height":"NaN","shapeStyle":2},"labelManager":{"labels":[{"type":"textLabel","@id":88,"inputText":"1","labelStyle":4,"shape":null,"layoutText":null}],"mainLabel":88},"properties":{"id":"80c285f628cb73e658a5b31d4e6927f8"},"orientationAtVertex":"FREE","reference":null},{"type":"port","@id":89,"shape":{"type":"rect","xposition":"NaN","yposition":"NaN","width":"NaN","height":"NaN","shapeStyle":2},"labelManager":{"labels":[{"type":"textLabel","@id":90,"inputText":"2","labelStyle":4,"shape":null,"layoutText":null}],"mainLabel":90},"properties":{"id":"e325187ecf05a454e641b7e14ed20639"},"orientationAtVertex":"FREE","reference":null}],"properties":{},"reference":null}],"properties":{"id":"c8f239196ae5533c8112ac99da79b9cf","type":"socket"},"reference":null},{"@id":91,"shape":{"type":"rect","xposition":"NaN","yposition":"NaN","width":"NaN","height":"NaN","shapeStyle":2},"labelManager":{"labels":[{"type":"textLabel","@id":92,"inputText":"Emil","labelStyle":4,"shape":null,"layoutText":null}],"mainLabel":92},"portCompositions":[{"type":"port","@id":93,"shape":{"type":"rect","xposition":"NaN","yposition":"NaN","width":"NaN","height":"NaN","shapeStyle":2},"labelManager":{"labels":[{"type":"textLabel","@id":94,"inputText":"1","labelStyle":4,"shape":null,"layoutText":null}],"mainLabel":94},"properties":{"id":"e5cef8c509f34222926b397fb47c5a3d"},"orientationAtVertex":"FREE","reference":null}],"properties":{"id":"766672d2a937c57acf1414b4b42fec3c","type":"splice"},"reference":null},{"@id":95,"shape":{"type":"rect","xposition":"NaN","yposition":"NaN","width":"NaN","height":"NaN","shapeStyle":2},"labelManager":{"labels":[{"type":"textLabel","@id":96,"inputText":"Jonas","labelStyle":4,"shape":null,"layoutText":null}],"mainLabel":96},"portCompositions":[{"type":"portGroup","@id":97,"ordered":false,"portCompositions":[{"type":"port","@id":98,"shape":{"type":"rect","xposition":"NaN","yposition":"NaN","width":"NaN","height":"NaN","shapeStyle":2},"labelManager":{"labels":[{"type":"textLabel","@id":99,"inputText":"3","labelStyle":4,"shape":null,"layoutText":null}],"mainLabel":99},"properties":{"id":"04c939d5bc96f726f354ec72f45c0250"},"orientationAtVertex":"FREE","reference":null},{"type":"port","@id":100,"shape":{"type":"rect","xposition":"NaN","yposition":"NaN","width":"NaN","height":"NaN","shapeStyle":2},"labelManager":{"labels":[{"type":"textLabel","@id":101,"inputText":"5","labelStyle":4,"shape":null,"layoutText":null}],"mainLabel":101},"properties":{"id":"5dd4f5d415ec079e005475166799bef8"},"orientationAtVertex":"FREE","reference":null},{"type":"port","@id":102,"shape":{"type":"rect","xposition":"NaN","yposition":"NaN","width":"NaN","height":"NaN","shapeStyle":2},"labelManager":{"labels":[{"type":"textLabel","@id":103,"inputText":"1","labelStyle":4,"shape":null,"layoutText":null}],"mainLabel":103},"properties":{"id":"d17b172637de8a28489b724a740d845d"},"orientationAtVertex":"FREE","reference":null},{"type":"port","@id":104,"shape":{"type":"rect","xposition":"NaN","yposition":"NaN","width":"NaN","height":"NaN","shapeStyle":2},"labelManager":{"labels":[{"type":"textLabel","@id":105,"inputText":"2","labelStyle":4,"shape":null,"layoutText":null}],"mainLabel":105},"properties":{"id":"740e9a346bf856d0917b7acbeb627a24"},"orientationAtVertex":"FREE","reference":null},{"type":"port","@id":106,"shape":{"type":"rect","xposition":"NaN","yposition":"NaN","width":"NaN","height":"NaN","shapeStyle":29},"labelManager":{"labels":[{"type":"textLabel","@id":107,"inputText":"6","labelStyle":31,"shape":null,"layoutText":null}],"mainLabel":107},"properties":{},"orientationAtVertex":"FREE","reference":null},{"type":"port","@id":108,"shape":{"type":"rect","xposition":"NaN","yposition":"NaN","width":"NaN","height":"NaN","shapeStyle":29},"labelManager":{"labels":[{"type":"textLabel","@id":109,"inputText":"4","labelStyle":31,"shape":null,"layoutText":null}],"mainLabel":109},"properties":{},"orientationAtVertex":"FREE","reference":null}],"properties":{},"reference":null}],"properties":{"id":"c85f369bc266d37852eeb65c8258064d","type":"plug"},"reference":null},{"@id":110,"shape":{"type":"rect","xposition":"NaN","yposition":"NaN","width":"NaN","height":"NaN","shapeStyle":2},"labelManager":{"labels":[{"type":"textLabel","@id":111,"inputText":"Theo","labelStyle":4,"shape":null,"layoutText":null}],"mainLabel":111},"portCompositions":[{"type":"portGroup","@id":112,"ordered":false,"portCompositions":[{"type":"port","@id":113,"shape":{"type":"rect","xposition":"NaN","yposition":"NaN","width":"NaN","height":"NaN","shapeStyle":2},"labelManager":{"labels":[{"type":"textLabel","@id":114,"inputText":"3","labelStyle":4,"shape":null,"layoutText":null}],"mainLabel":114},"properties":{"id":"c29cb3bdb2960afd211e785a9bd0420e"},"orientationAtVertex":"FREE","reference":null},{"type":"port","@id":115,"shape":{"type":"rect","xposition":"NaN","yposition":"NaN","width":"NaN","height":"NaN","shapeStyle":2},"labelManager":{"labels":[{"type":"textLabel","@id":116,"inputText":"5","labelStyle":4,"shape":null,"layoutText":null}],"mainLabel":116},"properties":{"id":"f3fb8f6d41b7d230180951419c2ba4a3"},"orientationAtVertex":"FREE","reference":null},{"type":"port","@id":117,"shape":{"type":"rect","xposition":"NaN","yposition":"NaN","width":"NaN","height":"NaN","shapeStyle":2},"labelManager":{"labels":[{"type":"textLabel","@id":118,"inputText":"1","labelStyle":4,"shape":null,"layoutText":null}],"mainLabel":118},"properties":{"id":"ba8512e9ec15aec27c58186ade5d525a"},"orientationAtVertex":"FREE","reference":null},{"type":"port","@id":119,"shape":{"type":"rect","xposition":"NaN","yposition":"NaN","width":"NaN","height":"NaN","shapeStyle":2},"labelManager":{"labels":[{"type":"textLabel","@id":120,"inputText":"2","labelStyle":4,"shape":null,"layoutText":null}],"mainLabel":120},"properties":{"id":"3eb03836323745faa1fcc84e303a91dd"},"orientationAtVertex":"FREE","reference":null},{"type":"port","@id":121,"shape":{"type":"rect","xposition":"NaN","yposition":"NaN","width":"NaN","height":"NaN","shapeStyle":29},"labelManager":{"labels":[{"type":"textLabel","@id":122,"inputText":"6","labelStyle":31,"shape":null,"layoutText":null}],"mainLabel":122},"properties":{},"orientationAtVertex":"FREE","reference":null},{"type":"port","@id":123,"shape":{"type":"rect","xposition":"NaN","yposition":"NaN","width":"NaN","height":"NaN","shapeStyle":29},"labelManager":{"labels":[{"type":"textLabel","@id":124,"inputText":"4","labelStyle":31,"shape":null,"layoutText":null}],"mainLabel":124},"properties":{},"orientationAtVertex":"FREE","reference":null}],"properties":{},"reference":null}],"properties":{"id":"1a419281135dba90a5cbbd16f40ba01b","type":"plug"},"reference":null},{"@id":125,"shape":{"type":"rect","xposition":"NaN","yposition":"NaN","width":"NaN","height":"NaN","shapeStyle":2},"labelManager":{"labels":[{"type":"textLabel","@id":126,"inputText":"Anton","labelStyle":4,"shape":null,"layoutText":null}],"mainLabel":126},"portCompositions":[{"type":"portGroup","@id":127,"ordered":false,"portCompositions":[{"type":"port","@id":128,"shape":{"type":"rect","xposition":"NaN","yposition":"NaN","width":"NaN","height":"NaN","shapeStyle":2},"labelManager":{"labels":[{"type":"textLabel","@id":129,"inputText":"2","labelStyle":4,"shape":null,"layoutText":null}],"mainLabel":129},"properties":{"id":"954e73a2f1584feac413cb42d8faaf3e"},"orientationAtVertex":"FREE","reference":null},{"type":"port","@id":130,"shape":{"type":"rect","xposition":"NaN","yposition":"NaN","width":"NaN","height":"NaN","shapeStyle":29},"labelManager":{"labels":[{"type":"textLabel","@id":131,"inputText":"1","labelStyle":31,"shape":null,"layoutText":null}],"mainLabel":131},"properties":{},"orientationAtVertex":"FREE","reference":null}],"properties":{},"reference":null}],"properties":{"id":"b291257b8d2e4c9b0a4b90f2e09a8753","type":"device"},"reference":null},{"@id":132,"shape":{"type":"rect","xposition":"NaN","yposition":"NaN","width":"NaN","height":"NaN","shapeStyle":2},"labelManager":{"labels":[{"type":"textLabel","@id":133,"inputText":"Lukas","labelStyle":4,"shape":null,"layoutText":null}],"mainLabel":133},"portCompositions":[{"type":"portGroup","@id":134,"ordered":false,"portCompositions":[{"type":"port","@id":135,"shape":{"type":"rect","xposition":"NaN","yposition":"NaN","width":"NaN","height":"NaN","shapeStyle":2},"labelManager":{"labels":[{"type":"textLabel","@id":136,"inputText":"2","labelStyle":4,"shape":null,"layoutText":null}],"mainLabel":136},"properties":{"id":"005aba9fe71d17412105e8228bacd23a"},"orientationAtVertex":"FREE","reference":null},{"type":"port","@id":137,"shape":{"type":"rect","xposition":"NaN","yposition":"NaN","width":"NaN","height":"NaN","shapeStyle":29},"labelManager":{"labels":[{"type":"textLabel","@id":138,"inputText":"1","labelStyle":31,"shape":null,"layoutText":null}],"mainLabel":138},"properties":{},"orientationAtVertex":"FREE","reference":null}],"properties":{},"reference":null}],"properties":{"id":"dcbf6815af5c11e0c2a9044b7ccecf17","type":"socket"},"reference":null},{"@id":139,"shape":{"type":"rect","xposition":"NaN","yposition":"NaN","width":"NaN","height":"NaN","shapeStyle":2},"labelManager":{"labels":[{"type":"textLabel","@id":140,"inputText":"Henry","labelStyle":4,"shape":null,"layoutText":null}],"mainLabel":140},"portCompositions":[{"type":"port","@id":141,"shape":{"type":"rect","xposition":"NaN","yposition":"NaN","width":"NaN","height":"NaN","shapeStyle":2},"labelManager":{"labels":[{"type":"textLabel","@id":142,"inputText":"1","labelStyle":4,"shape":null,"layoutText":null}],"mainLabel":142},"properties":{"id":"977d4e55a82ace9fcac2ec5c81479759"},"orientationAtVertex":"FREE","reference":null}],"properties":{"id":"357affceda84f88732561abe37a17c3f","type":"splice"},"reference":null},{"@id":143,"shape":{"type":"rect","xposition":"NaN","yposition":"NaN","width":"NaN","height":"NaN","shapeStyle":2},"labelManager":{"labels":[{"type":"textLabel","@id":144,"inputText":"Finn","labelStyle":4,"shape":null,"layoutText":null}],"mainLabel":144},"portCompositions":[{"type":"portGroup","@id":145,"ordered":false,"portCompositions":[{"type":"port","@id":146,"shape":{"type":"rect","xposition":"NaN","yposition":"NaN","width":"NaN","height":"NaN","shapeStyle":2},"labelManager":{"labels":[{"type":"textLabel","@id":147,"inputText":"4","labelStyle":4,"shape":null,"layoutText":null}],"mainLabel":147},"properties":{"id":"acfac612392ccf9ce22031100209ac6c"},"orientationAtVertex":"FREE","reference":null},{"type":"port","@id":148,"shape":{"type":"rect","xposition":"NaN","yposition":"NaN","width":"NaN","height":"NaN","shapeStyle":2},"labelManager":{"labels":[{"type":"textLabel","@id":149,"inputText":"7","labelStyle":4,"shape":null,"layoutText":null}],"mainLabel":149},"properties":{"id":"65ed298240266c9670d47f04c9bdd7b5"},"orientationAtVertex":"FREE","reference":null},{"type":"port","@id":150,"shape":{"type":"rect","xposition":"NaN","yposition":"NaN","width":"NaN","height":"NaN","shapeStyle":2},"labelManager":{"labels":[{"type":"textLabel","@id":151,"inputText":"3","labelStyle":4,"shape":null,"layoutText":null}],"mainLabel":151},"properties":{"id":"73f2d2cfdb5838aba86298323a419232"},"orientationAtVertex":"FREE","reference":null},{"type":"port","@id":152,"shape":{"type":"rect","xposition":"NaN","yposition":"NaN","width":"NaN","height":"NaN","shapeStyle":2},"labelManager":{"labels":[{"type":"textLabel","@id":153,"inputText":"5","labelStyle":4,"shape":null,"layoutText":null}],"mainLabel":153},"properties":{"id":"dcfcd2b5fec97b492aabfef3c1a570ef"},"orientationAtVertex":"FREE","reference":null},{"type":"port","@id":154,"shape":{"type":"rect","xposition":"NaN","yposition":"NaN","width":"NaN","height":"NaN","shapeStyle":2},"labelManager":{"labels":[{"type":"textLabel","@id":155,"inputText":"6","labelStyle":4,"shape":null,"layoutText":null}],"mainLabel":155},"properties":{"id":"b88c9178bf1cf8f0f90f99ca7317900e"},"orientationAtVertex":"FREE","reference":null},{"type":"port","@id":156,"shape":{"type":"rect","xposition":"NaN","yposition":"NaN","width":"NaN","height":"NaN","shapeStyle":2},"labelManager":{"labels":[{"type":"textLabel","@id":157,"inputText":"2","labelStyle":4,"shape":null,"layoutText":null}],"mainLabel":157},"properties":{"id":"5fb52c3f240d9ca2c20178b3a5c79519"},"orientationAtVertex":"FREE","reference":null},{"type":"port","@id":158,"shape":{"type":"rect","xposition":"NaN","yposition":"NaN","width":"NaN","height":"NaN","shapeStyle":29},"labelManager":{"labels":[{"type":"textLabel","@id":159,"inputText":"1","labelStyle":31,"shape":null,"layoutText":null}],"mainLabel":159},"properties":{},"orientationAtVertex":"FREE","reference":null}],"properties":{},"reference":null}],"properties":{"id":"c0827a14cf800c153a6bd5f495f29c90","type":"device"},"reference":null},{"@id":160,"shape":{"type":"rect","xposition":"NaN","yposition":"NaN","width":"NaN","height":"NaN","shapeStyle":2},"labelManager":{"labels":[{"type":"textLabel","@id":161,"inputText":"Moritz","labelStyle":4,"shape":null,"layoutText":null}],"mainLabel":161},"portCompositions":[{"type":"portGroup","@id":162,"ordered":false,"portCompositions":[{"type":"port","@id":163,"shape":{"type":"rect","xposition":"NaN","yposition":"NaN","width":"NaN","height":"NaN","shapeStyle":2},"labelManager":{"labels":[{"type":"textLabel","@id":164,"inputText":"4","labelStyle":4,"shape":null,"layoutText":null}],"mainLabel":164},"properties":{"id":"4975a262bf49b42d3c2cb2a4cfb80f1f"},"orientationAtVertex":"FREE","reference":null},{"type":"port","@id":165,"shape":{"type":"rect","xposition":"NaN","yposition":"NaN","width":"NaN","height":"NaN","shapeStyle":2},"labelManager":{"labels":[{"type":"textLabel","@id":166,"inputText":"7","labelStyle":4,"shape":null,"layoutText":null}],"mainLabel":166},"properties":{"id":"b278a28ed243983b51ef8373bd9f4626"},"orientationAtVertex":"FREE","reference":null},{"type":"port","@id":167,"shape":{"type":"rect","xposition":"NaN","yposition":"NaN","width":"NaN","height":"NaN","shapeStyle":2},"labelManager":{"labels":[{"type":"textLabel","@id":168,"inputText":"3","labelStyle":4,"shape":null,"layoutText":null}],"mainLabel":168},"properties":{"id":"d8e001ae97d429cffd337c54968ee132"},"orientationAtVertex":"FREE","reference":null},{"type":"port","@id":169,"shape":{"type":"rect","xposition":"NaN","yposition":"NaN","width":"NaN","height":"NaN","shapeStyle":2},"labelManager":{"labels":[{"type":"textLabel","@id":170,"inputText":"5","labelStyle":4,"shape":null,"layoutText":null}],"mainLabel":170},"properties":{"id":"f499fc98e656e9b086c681d9186923c5"},"orientationAtVertex":"FREE","reference":null},{"type":"port","@id":171,"shape":{"type":"rect","xposition":"NaN","yposition":"NaN","width":"NaN","height":"NaN","shapeStyle":2},"labelManager":{"labels":[{"type":"textLabel","@id":172,"inputText":"6","labelStyle":4,"shape":null,"layoutText":null}],"mainLabel":172},"properties":{"id":"6cbfb2dc8c6f9e41e9350c7e45e042f4"},"orientationAtVertex":"FREE","reference":null},{"type":"port","@id":173,"shape":{"type":"rect","xposition":"NaN","yposition":"NaN","width":"NaN","height":"NaN","shapeStyle":2},"labelManager":{"labels":[{"type":"textLabel","@id":174,"inputText":"2","labelStyle":4,"shape":null,"layoutText":null}],"mainLabel":174},"properties":{"id":"3bd952714f7f5ad75aace8e5c0c288d7"},"orientationAtVertex":"FREE","reference":null},{"type":"port","@id":175,"shape":{"type":"rect","xposition":"NaN","yposition":"NaN","width":"NaN","height":"NaN","shapeStyle":29},"labelManager":{"labels":[{"type":"textLabel","@id":176,"inputText":"1","labelStyle":31,"shape":null,"layoutText":null}],"mainLabel":176},"properties":{},"orientationAtVertex":"FREE","reference":null}],"properties":{},"reference":null}],"properties":{"id":"6d462175daca521b71a5d8fbd69302fe","type":"socket"},"reference":null},{"@id":177,"shape":{"type":"rect","xposition":"NaN","yposition":"NaN","width":"NaN","height":"NaN","shapeStyle":2},"labelManager":{"labels":[{"type":"textLabel","@id":178,"inputText":"Tom","labelStyle":4,"shape":null,"layoutText":null}],"mainLabel":178},"portCompositions":[{"type":"port","@id":179,"shape":{"type":"rect","xposition":"NaN","yposition":"NaN","width":"NaN","height":"NaN","shapeStyle":2},"labelManager":{"labels":[{"type":"textLabel","@id":180,"inputText":"1","labelStyle":4,"shape":null,"layoutText":null}],"mainLabel":180},"properties":{"id":"4a26841b2a76b7ac3a24bdd03ef5efa5"},"orientationAtVertex":"FREE","reference":null}],"properties":{"id":"832fee327747dfeed927e0e54aa148f5","type":"splice"},"reference":null},{"@id":181,"shape":{"type":"rect","xposition":"NaN","yposition":"NaN","width":"NaN","height":"NaN","shapeStyle":2},"labelManager":{"labels":[{"type":"textLabel","@id":182,"inputText":"Louis","labelStyle":4,"shape":null,"layoutText":null}],"mainLabel":182},"portCompositions":[{"type":"port","@id":183,"shape":{"type":"rect","xposition":"NaN","yposition":"NaN","width":"NaN","height":"NaN","shapeStyle":2},"labelManager":{"labels":[{"type":"textLabel","@id":184,"inputText":"1","labelStyle":4,"shape":null,"layoutText":null}],"mainLabel":184},"properties":{"id":"a36a387679edb9289d0a9358400ba3fc"},"orientationAtVertex":"FREE","reference":null}],"properties":{"id":"0cc33b8113ef904fdb07bb70933421dc","type":"splice"},"reference":null},{"@id":185,"shape":{"type":"rect","xposition":"NaN","yposition":"NaN","width":"NaN","height":"NaN","shapeStyle":2},"labelManager":{"labels":[{"type":"textLabel","@id":186,"inputText":"Julius","labelStyle":4,"shape":null,"layoutText":null}],"mainLabel":186},"portCompositions":[{"type":"portGroup","@id":187,"ordered":false,"portCompositions":[{"type":"port","@id":188,"shape":{"type":"rect","xposition":"NaN","yposition":"NaN","width":"NaN","height":"NaN","shapeStyle":2},"labelManager":{"labels":[{"type":"textLabel","@id":189,"inputText":"2","labelStyle":4,"shape":null,"layoutText":null}],"mainLabel":189},"properties":{"id":"2ba2715e19de36ded8f9036bd437979f"},"orientationAtVertex":"FREE","reference":null},{"type":"port","@id":190,"shape":{"type":"rect","xposition":"NaN","yposition":"NaN","width":"NaN","height":"NaN","shapeStyle":2},"labelManager":{"labels":[{"type":"textLabel","@id":191,"inputText":"1","labelStyle":4,"shape":null,"layoutText":null}],"mainLabel":191},"properties":{"id":"f96a9dbea15b5eb418b146b092943f24"},"orientationAtVertex":"FREE","reference":null},{"type":"port","@id":192,"shape":{"type":"rect","xposition":"NaN","yposition":"NaN","width":"NaN","height":"NaN","shapeStyle":2},"labelManager":{"labels":[{"type":"textLabel","@id":193,"inputText":"4","labelStyle":4,"shape":null,"layoutText":null}],"mainLabel":193},"properties":{"id":"7ea435e16c17f27ab448bb7e698dc36f"},"orientationAtVertex":"FREE","reference":null},{"type":"port","@id":194,"shape":{"type":"rect","xposition":"NaN","yposition":"NaN","width":"NaN","height":"NaN","shapeStyle":2},"labelManager":{"labels":[{"type":"textLabel","@id":195,"inputText":"5","labelStyle":4,"shape":null,"layoutText":null}],"mainLabel":195},"properties":{"id":"10fa9e8bd6d8e3f67a8d26cd5129db7d"},"orientationAtVertex":"FREE","reference":null},{"type":"port","@id":196,"shape":{"type":"rect","xposition":"NaN","yposition":"NaN","width":"NaN","height":"NaN","shapeStyle":29},"labelManager":{"labels":[{"type":"textLabel","@id":197,"inputText":"3","labelStyle":31,"shape":null,"layoutText":null}],"mainLabel":197},"properties":{},"orientationAtVertex":"FREE","reference":null}],"properties":{},"reference":null}],"properties":{"id":"c07864228aa4d110cb272d059abae639","type":"plug"},"reference":null},{"@id":198,"shape":{"type":"rect","xposition":"NaN","yposition":"NaN","width":"NaN","height":"NaN","shapeStyle":2},"labelManager":{"labels":[{"type":"textLabel","@id":199,"inputText":"Peter","labelStyle":4,"shape":null,"layoutText":null}],"mainLabel":199},"portCompositions":[{"type":"portGroup","@id":200,"ordered":false,"portCompositions":[{"type":"port","@id":201,"shape":{"type":"rect","xposition":"NaN","yposition":"NaN","width":"NaN","height":"NaN","shapeStyle":2},"labelManager":{"labels":[{"type":"textLabel","@id":202,"inputText":"2","labelStyle":4,"shape":null,"layoutText":null}],"mainLabel":202},"properties":{"id":"608cbd496d1831fdd58dbe1509bf65a0"},"orientationAtVertex":"FREE","reference":null},{"type":"port","@id":203,"shape":{"type":"rect","xposition":"NaN","yposition":"NaN","width":"NaN","height":"NaN","shapeStyle":2},"labelManager":{"labels":[{"type":"textLabel","@id":204,"inputText":"1","labelStyle":4,"shape":null,"layoutText":null}],"mainLabel":204},"properties":{"id":"937039482a00249481c9c208061dabc9"},"orientationAtVertex":"FREE","reference":null},{"type":"port","@id":205,"shape":{"type":"rect","xposition":"NaN","yposition":"NaN","width":"NaN","height":"NaN","shapeStyle":2},"labelManager":{"labels":[{"type":"textLabel","@id":206,"inputText":"4","labelStyle":4,"shape":null,"layoutText":null}],"mainLabel":206},"properties":{"id":"d367dceeec253aa835d2656130bb74d6"},"orientationAtVertex":"FREE","reference":null},{"type":"port","@id":207,"shape":{"type":"rect","xposition":"NaN","yposition":"NaN","width":"NaN","height":"NaN","shapeStyle":2},"labelManager":{"labels":[{"type":"textLabel","@id":208,"inputText":"5","labelStyle":4,"shape":null,"layoutText":null}],"mainLabel":208},"properties":{"id":"91f3c44f4f76cb394db28919a36739a5"},"orientationAtVertex":"FREE","reference":null},{"type":"port","@id":209,"shape":{"type":"rect","xposition":"NaN","yposition":"NaN","width":"NaN","height":"NaN","shapeStyle":29},"labelManager":{"labels":[{"type":"textLabel","@id":210,"inputText":"3","labelStyle":31,"shape":null,"layoutText":null}],"mainLabel":210},"properties":{},"orientationAtVertex":"FREE","reference":null}],"properties":{},"reference":null}],"properties":{"id":"b503832b9f41826239412ff9d5627c46","type":"plug"},"reference":null},{"@id":211,"shape":{"type":"rect","xposition":"NaN","yposition":"NaN","width":"NaN","height":"NaN","shapeStyle":2},"labelManager":{"labels":[{"type":"textLabel","@id":212,"inputText":"Maximilian","labelStyle":4,"shape":null,"layoutText":null}],"mainLabel":212},"portCompositions":[{"type":"portGroup","@id":213,"ordered":false,"portCompositions":[{"type":"port","@id":214,"shape":{"type":"rect","xposition":"NaN","yposition":"NaN","width":"NaN","height":"NaN","shapeStyle":2},"labelManager":{"labels":[{"type":"textLabel","@id":215,"inputText":"1","labelStyle":4,"shape":null,"layoutText":null}],"mainLabel":215},"properties":{"id":"9d3e7456955e93b961b280f1a12515c9"},"orientationAtVertex":"FREE","reference":null},{"type":"port","@id":216,"shape":{"type":"rect","xposition":"NaN","yposition":"NaN","width":"NaN","height":"NaN","shapeStyle":2},"labelManager":{"labels":[{"type":"textLabel","@id":217,"inputText":"2","labelStyle":4,"shape":null,"layoutText":null}],"mainLabel":217},"properties":{"id":"62535a510d0774a31d385f100e50cb39"},"orientationAtVertex":"FREE","reference":null}],"properties":{},"reference":null}],"properties":{"id":"18a64776955871fa3f148b44b605b0c7","type":"plug"},"reference":null},{"@id":218,"shape":{"type":"rect","xposition":"NaN","yposition":"NaN","width":"NaN","height":"NaN","shapeStyle":2},"labelManager":{"labels":[{"type":"textLabel","@id":219,"inputText":"Valentin","labelStyle":4,"shape":null,"layoutText":null}],"mainLabel":219},"portCompositions":[{"type":"portGroup","@id":220,"ordered":false,"portCompositions":[{"type":"port","@id":221,"shape":{"type":"rect","xposition":"NaN","yposition":"NaN","width":"NaN","height":"NaN","shapeStyle":2},"labelManager":{"labels":[{"type":"textLabel","@id":222,"inputText":"1","labelStyle":4,"shape":null,"layoutText":null}],"mainLabel":222},"properties":{"id":"5fdedcd4715a27b3a8e86bc7dcc6d1d6"},"orientationAtVertex":"FREE","reference":null},{"type":"port","@id":223,"shape":{"type":"rect","xposition":"NaN","yposition":"NaN","width":"NaN","height":"NaN","shapeStyle":2},"labelManager":{"labels":[{"type":"textLabel","@id":224,"inputText":"2","labelStyle":4,"shape":null,"layoutText":null}],"mainLabel":224},"properties":{"id":"954feb3a5b5eb556afa1830af4fbd22a"},"orientationAtVertex":"FREE","reference":null}],"properties":{},"reference":null}],"properties":{"id":"fea9a7f896a1b33165519e16eff7cba5","type":"plug"},"reference":null},{"@id":225,"shape":{"type":"rect","xposition":"NaN","yposition":"NaN","width":"NaN","height":"NaN","shapeStyle":2},"labelManager":{"labels":[{"type":"textLabel","@id":226,"inputText":"Paul","labelStyle":4,"shape":null,"layoutText":null}],"mainLabel":226},"portCompositions":[{"type":"port","@id":227,"shape":{"type":"rect","xposition":"NaN","yposition":"NaN","width":"NaN","height":"NaN","shapeStyle":2},"labelManager":{"labels":[{"type":"textLabel","@id":228,"inputText":"1","labelStyle":4,"shape":null,"layoutText":null}],"mainLabel":228},"properties":{"id":"7e58684598fa0644ff56416cdd380e92"},"orientationAtVertex":"FREE","reference":null}],"properties":{"id":"cb773b4d3e22d1c8f7be2b7211dc4004","type":"splice"},"reference":null},{"@id":229,"shape":{"type":"rect","xposition":"NaN","yposition":"NaN","width":"NaN","height":"NaN","shapeStyle":2},"labelManager":{"labels":[{"type":"textLabel","@id":230,"inputText":"Tim","labelStyle":4,"shape":null,"layoutText":null}],"mainLabel":230},"portCompositions":[{"type":"port","@id":231,"shape":{"type":"rect","xposition":"NaN","yposition":"NaN","width":"NaN","height":"NaN","shapeStyle":2},"labelManager":{"labels":[{"type":"textLabel","@id":232,"inputText":"1","labelStyle":4,"shape":null,"layoutText":null}],"mainLabel":232},"properties":{"id":"ea09026a7fa1adc5844ff4fd59a31eb5"},"orientationAtVertex":"FREE","reference":null}],"properties":{"id":"2c6e238b5cbb15e1f33e576458dc4a03","type":"splice"},"reference":null},{"@id":233,"shape":{"type":"rect","xposition":"NaN","yposition":"NaN","width":"NaN","height":"NaN","shapeStyle":2},"labelManager":{"labels":[{"type":"textLabel","@id":234,"inputText":"Leon","labelStyle":4,"shape":null,"layoutText":null}],"mainLabel":234},"portCompositions":[{"type":"portGroup","@id":235,"ordered":false,"portCompositions":[{"type":"port","@id":236,"shape":{"type":"rect","xposition":"NaN","yposition":"NaN","width":"NaN","height":"NaN","shapeStyle":2},"labelManager":{"labels":[{"type":"textLabel","@id":237,"inputText":"1","labelStyle":4,"shape":null,"layoutText":null}],"mainLabel":237},"properties":{"id":"ca3bbaff5b580a6b981f678a9a3b132f"},"orientationAtVertex":"FREE","reference":null}],"properties":{},"reference":null}],"properties":{"id":"50c39e3a71ee57143299fc86cbddd2dd","type":"device"},"reference":null},{"@id":238,"shape":{"type":"rect","xposition":"NaN","yposition":"NaN","width":"NaN","height":"NaN","shapeStyle":2},"labelManager":{"labels":[{"type":"textLabel","@id":239,"inputText":"Benjamin","labelStyle":4,"shape":null,"layoutText":null}],"mainLabel":239},"portCompositions":[{"type":"portGroup","@id":240,"ordered":false,"portCompositions":[{"type":"port","@id":241,"shape":{"type":"rect","xposition":"NaN","yposition":"NaN","width":"NaN","height":"NaN","shapeStyle":2},"labelManager":{"labels":[{"type":"textLabel","@id":242,"inputText":"1","labelStyle":4,"shape":null,"layoutText":null}],"mainLabel":242},"properties":{"id":"92ef870e1ab53e77e71bbc91fae79172"},"orientationAtVertex":"FREE","reference":null}],"properties":{},"reference":null}],"properties":{"id":"b4faa89d030940fda7d60fb8356cf44d","type":"socket"},"reference":null},{"@id":243,"shape":{"type":"rect","xposition":"NaN","yposition":"NaN","width":"NaN","height":"NaN","shapeStyle":2},"labelManager":{"labels":[{"type":"textLabel","@id":244,"inputText":"Leo","labelStyle":4,"shape":null,"layoutText":null}],"mainLabel":244},"portCompositions":[{"type":"port","@id":245,"shape":{"type":"rect","xposition":"NaN","yposition":"NaN","width":"NaN","height":"NaN","shapeStyle":2},"labelManager":{"labels":[{"type":"textLabel","@id":246,"inputText":"1","labelStyle":4,"shape":null,"layoutText":null}],"mainLabel":246},"properties":{"id":"1d612812c6f1979a2ffe441686847041"},"orientationAtVertex":"FREE","reference":null}],"properties":{"id":"1cf6085218c367014586987abce25cfe","type":"splice"},"reference":null},{"@id":247,"shape":{"type":"rect","xposition":"NaN","yposition":"NaN","width":"NaN","height":"NaN","shapeStyle":2},"labelManager":{"labels":[{"type":"textLabel","@id":248,"inputText":"Daniel","labelStyle":4,"shape":null,"layoutText":null}],"mainLabel":248},"portCompositions":[{"type":"portGroup","@id":249,"ordered":false,"portCompositions":[{"type":"port","@id":250,"shape":{"type":"rect","xposition":"NaN","yposition":"NaN","width":"NaN","height":"NaN","shapeStyle":2},"labelManager":{"labels":[{"type":"textLabel","@id":251,"inputText":"2","labelStyle":4,"shape":null,"layoutText":null}],"mainLabel":251},"properties":{"id":"706de77003c44e7d4e55a7e005d3dbf7"},"orientationAtVertex":"FREE","reference":null},{"type":"port","@id":252,"shape":{"type":"rect","xposition":"NaN","yposition":"NaN","width":"NaN","height":"NaN","shapeStyle":2},"labelManager":{"labels":[{"type":"textLabel","@id":253,"inputText":"5","labelStyle":4,"shape":null,"layoutText":null}],"mainLabel":253},"properties":{"id":"da01dec907f0b7705a63c03617803452"},"orientationAtVertex":"FREE","reference":null},{"type":"port","@id":254,"shape":{"type":"rect","xposition":"NaN","yposition":"NaN","width":"NaN","height":"NaN","shapeStyle":2},"labelManager":{"labels":[{"type":"textLabel","@id":255,"inputText":"4","labelStyle":4,"shape":null,"layoutText":null}],"mainLabel":255},"properties":{"id":"16fcf12809d6e9c445634eb42449dac9"},"orientationAtVertex":"FREE","reference":null},{"type":"port","@id":256,"shape":{"type":"rect","xposition":"NaN","yposition":"NaN","width":"NaN","height":"NaN","shapeStyle":2},"labelManager":{"labels":[{"type":"textLabel","@id":257,"inputText":"1","labelStyle":4,"shape":null,"layoutText":null}],"mainLabel":257},"properties":{"id":"514a62b9a7b337b95c1bbc2c86374f07"},"orientationAtVertex":"FREE","reference":null},{"type":"port","@id":258,"shape":{"type":"rect","xposition":"NaN","yposition":"NaN","width":"NaN","height":"NaN","shapeStyle":29},"labelManager":{"labels":[{"type":"textLabel","@id":259,"inputText":"3","labelStyle":31,"shape":null,"layoutText":null}],"mainLabel":259},"properties":{},"orientationAtVertex":"FREE","reference":null}],"properties":{},"reference":null}],"properties":{"id":"d5ea58963785f28d5e39d7628ceca1b1","type":"plug"},"reference":null},{"@id":260,"shape":{"type":"rect","xposition":"NaN","yposition":"NaN","width":"NaN","height":"NaN","shapeStyle":2},"labelManager":{"labels":[{"type":"textLabel","@id":261,"inputText":"Ali","labelStyle":4,"shape":null,"layoutText":null}],"mainLabel":261},"portCompositions":[{"type":"portGroup","@id":262,"ordered":false,"portCompositions":[{"type":"port","@id":263,"shape":{"type":"rect","xposition":"NaN","yposition":"NaN","width":"NaN","height":"NaN","shapeStyle":2},"labelManager":{"labels":[{"type":"textLabel","@id":264,"inputText":"2","labelStyle":4,"shape":null,"layoutText":null}],"mainLabel":264},"properties":{"id":"4c3b46583b7faf3511b85e72b9067c07"},"orientationAtVertex":"FREE","reference":null},{"type":"port","@id":265,"shape":{"type":"rect","xposition":"NaN","yposition":"NaN","width":"NaN","height":"NaN","shapeStyle":2},"labelManager":{"labels":[{"type":"textLabel","@id":266,"inputText":"5","labelStyle":4,"shape":null,"layoutText":null}],"mainLabel":266},"properties":{"id":"8a490417c7ab20538fdcab432b0e66f0"},"orientationAtVertex":"FREE","reference":null},{"type":"port","@id":267,"shape":{"type":"rect","xposition":"NaN","yposition":"NaN","width":"NaN","height":"NaN","shapeStyle":2},"labelManager":{"labels":[{"type":"textLabel","@id":268,"inputText":"4","labelStyle":4,"shape":null,"layoutText":null}],"mainLabel":268},"properties":{"id":"4bce3a871a19665cc6288f3b7b43c17f"},"orientationAtVertex":"FREE","reference":null},{"type":"port","@id":269,"shape":{"type":"rect","xposition":"NaN","yposition":"NaN","width":"NaN","height":"NaN","shapeStyle":2},"labelManager":{"labels":[{"type":"textLabel","@id":270,"inputText":"1","labelStyle":4,"shape":null,"layoutText":null}],"mainLabel":270},"properties":{"id":"361fb41c80449cb57120a1d72df23b3b"},"orientationAtVertex":"FREE","reference":null},{"type":"port","@id":271,"shape":{"type":"rect","xposition":"NaN","yposition":"NaN","width":"NaN","height":"NaN","shapeStyle":29},"labelManager":{"labels":[{"type":"textLabel","@id":272,"inputText":"3","labelStyle":31,"shape":null,"layoutText":null}],"mainLabel":272},"properties":{},"orientationAtVertex":"FREE","reference":null}],"properties":{},"reference":null}],"properties":{"id":"e7f5eff39c9e2288fcea5a9496e3b667","type":"plug"},"reference":null},{"@id":273,"shape":{"type":"rect","xposition":"NaN","yposition":"NaN","width":"NaN","height":"NaN","shapeStyle":2},"labelManager":{"labels":[{"type":"textLabel","@id":274,"inputText":"Max","labelStyle":4,"shape":null,"layoutText":null}],"mainLabel":274},"portCompositions":[{"type":"portGroup","@id":275,"ordered":false,"portCompositions":[{"type":"port","@id":276,"shape":{"type":"rect","xposition":"NaN","yposition":"NaN","width":"NaN","height":"NaN","shapeStyle":2},"labelManager":{"labels":[{"type":"textLabel","@id":277,"inputText":"3","labelStyle":4,"shape":null,"layoutText":null}],"mainLabel":277},"properties":{"id":"44cf7ec1710f5cdd7c8f3212137c3051"},"orientationAtVertex":"FREE","reference":null},{"type":"port","@id":278,"shape":{"type":"rect","xposition":"NaN","yposition":"NaN","width":"NaN","height":"NaN","shapeStyle":2},"labelManager":{"labels":[{"type":"textLabel","@id":279,"inputText":"8","labelStyle":4,"shape":null,"layoutText":null}],"mainLabel":279},"properties":{"id":"d6626816e15b9fe1544826b8051825b5"},"orientationAtVertex":"FREE","reference":null},{"type":"port","@id":280,"shape":{"type":"rect","xposition":"NaN","yposition":"NaN","width":"NaN","height":"NaN","shapeStyle":2},"labelManager":{"labels":[{"type":"textLabel","@id":281,"inputText":"6","labelStyle":4,"shape":null,"layoutText":null}],"mainLabel":281},"properties":{"id":"3e4dc78512e4d6a95bfc3739aa48265b"},"orientationAtVertex":"FREE","reference":null},{"type":"port","@id":282,"shape":{"type":"rect","xposition":"NaN","yposition":"NaN","width":"NaN","height":"NaN","shapeStyle":2},"labelManager":{"labels":[{"type":"textLabel","@id":283,"inputText":"4","labelStyle":4,"shape":null,"layoutText":null}],"mainLabel":283},"properties":{"id":"817e9c37a8d1ce0c28c3694caea06606"},"orientationAtVertex":"FREE","reference":null},{"type":"port","@id":284,"shape":{"type":"rect","xposition":"NaN","yposition":"NaN","width":"NaN","height":"NaN","shapeStyle":2},"labelManager":{"labels":[{"type":"textLabel","@id":285,"inputText":"5","labelStyle":4,"shape":null,"layoutText":null}],"mainLabel":285},"properties":{"id":"c979c38870f26ad28b0de546f11cbf59"},"orientationAtVertex":"FREE","reference":null},{"type":"port","@id":286,"shape":{"type":"rect","xposition":"NaN","yposition":"NaN","width":"NaN","height":"NaN","shapeStyle":2},"labelManager":{"labels":[{"type":"textLabel","@id":287,"inputText":"7","labelStyle":4,"shape":null,"layoutText":null}],"mainLabel":287},"properties":{"id":"812460fc93a39cebd3f2ccd53dfd7682"},"orientationAtVertex":"FREE","reference":null},{"type":"port","@id":288,"shape":{"type":"rect","xposition":"NaN","yposition":"NaN","width":"NaN","height":"NaN","shapeStyle":2},"labelManager":{"labels":[{"type":"textLabel","@id":289,"inputText":"2","labelStyle":4,"shape":null,"layoutText":null}],"mainLabel":289},"properties":{"id":"f55943c5e11753e53c339e74a14f3f80"},"orientationAtVertex":"FREE","reference":null},{"type":"port","@id":290,"shape":{"type":"rect","xposition":"NaN","yposition":"NaN","width":"NaN","height":"NaN","shapeStyle":29},"labelManager":{"labels":[{"type":"textLabel","@id":291,"inputText":"1","labelStyle":31,"shape":null,"layoutText":null}],"mainLabel":291},"properties":{},"orientationAtVertex":"FREE","reference":null}],"properties":{},"reference":null}],"properties":{"id":"468f92c30c83f855c3c8ff3459be40e9","type":"device"},"reference":null},{"@id":292,"shape":{"type":"rect","xposition":"NaN","yposition":"NaN","width":"NaN","height":"NaN","shapeStyle":2},"labelManager":{"labels":[{"type":"textLabel","@id":293,"inputText":"Jakob","labelStyle":4,"shape":null,"layoutText":null}],"mainLabel":293},"portCompositions":[{"type":"portGroup","@id":294,"ordered":false,"portCompositions":[{"type":"port","@id":295,"shape":{"type":"rect","xposition":"NaN","yposition":"NaN","width":"NaN","height":"NaN","shapeStyle":2},"labelManager":{"labels":[{"type":"textLabel","@id":296,"inputText":"3","labelStyle":4,"shape":null,"layoutText":null}],"mainLabel":296},"properties":{"id":"1556d1ab136bfaf38e0aa87e878aea53"},"orientationAtVertex":"FREE","reference":null},{"type":"port","@id":297,"shape":{"type":"rect","xposition":"NaN","yposition":"NaN","width":"NaN","height":"NaN","shapeStyle":2},"labelManager":{"labels":[{"type":"textLabel","@id":298,"inputText":"8","labelStyle":4,"shape":null,"layoutText":null}],"mainLabel":298},"properties":{"id":"b01059bd65d5c48db7767017afa2bc9f"},"orientationAtVertex":"FREE","reference":null},{"type":"port","@id":299,"shape":{"type":"rect","xposition":"NaN","yposition":"NaN","width":"NaN","height":"NaN","shapeStyle":2},"labelManager":{"labels":[{"type":"textLabel","@id":300,"inputText":"6","labelStyle":4,"shape":null,"layoutText":null}],"mainLabel":300},"properties":{"id":"752d85c13653af07586405b2bb5d0744"},"orientationAtVertex":"FREE","reference":null},{"type":"port","@id":301,"shape":{"type":"rect","xposition":"NaN","yposition":"NaN","width":"NaN","height":"NaN","shapeStyle":2},"labelManager":{"labels":[{"type":"textLabel","@id":302,"inputText":"4","labelStyle":4,"shape":null,"layoutText":null}],"mainLabel":302},"properties":{"id":"a630acdfd91737ea2b372067e3531100"},"orientationAtVertex":"FREE","reference":null},{"type":"port","@id":303,"shape":{"type":"rect","xposition":"NaN","yposition":"NaN","width":"NaN","height":"NaN","shapeStyle":2},"labelManager":{"labels":[{"type":"textLabel","@id":304,"inputText":"5","labelStyle":4,"shape":null,"layoutText":null}],"mainLabel":304},"properties":{"id":"c27ba36280e43a43e63d7dcd9a4cccd6"},"orientationAtVertex":"FREE","reference":null},{"type":"port","@id":305,"shape":{"type":"rect","xposition":"NaN","yposition":"NaN","width":"NaN","height":"NaN","shapeStyle":2},"labelManager":{"labels":[{"type":"textLabel","@id":306,"inputText":"7","labelStyle":4,"shape":null,"layoutText":null}],"mainLabel":306},"properties":{"id":"44f758f10116bbc70ee7490649466981"},"orientationAtVertex":"FREE","reference":null},{"type":"port","@id":307,"shape":{"type":"rect","xposition":"NaN","yposition":"NaN","width":"NaN","height":"NaN","shapeStyle":2},"labelManager":{"labels":[{"type":"textLabel","@id":308,"inputText":"2","labelStyle":4,"shape":null,"layoutText":null}],"mainLabel":308},"properties":{"id":"bb16bcfd608796f63e72543d7e572c2b"},"orientationAtVertex":"FREE","reference":null},{"type":"port","@id":309,"shape":{"type":"rect","xposition":"NaN","yposition":"NaN","width":"NaN","height":"NaN","shapeStyle":29},"labelManager":{"labels":[{"type":"textLabel","@id":310,"inputText":"1","labelStyle":31,"shape":null,"layoutText":null}],"mainLabel":310},"properties":{},"orientationAtVertex":"FREE","reference":null}],"properties":{},"reference":null}],"properties":{"id":"41f73c8a4fe7ad82d4c919e40434836e","type":"socket"},"reference":null},{"@id":311,"shape":{"type":"rect","xposition":"NaN","yposition":"NaN","width":"NaN","height":"NaN","shapeStyle":2},"labelManager":{"labels":[{"type":"textLabel","@id":312,"inputText":"Simon","labelStyle":4,"shape":null,"layoutText":null}],"mainLabel":312},"portCompositions":[{"type":"port","@id":313,"shape":{"type":"rect","xposition":"NaN","yposition":"NaN","width":"NaN","height":"NaN","shapeStyle":2},"labelManager":{"labels":[{"type":"textLabel","@id":314,"inputText":"1","labelStyle":4,"shape":null,"layoutText":null}],"mainLabel":314},"properties":{"id":"2ccdd31dce19d1265a0b6c45139f0a84"},"orientationAtVertex":"FREE","reference":null}],"properties":{"id":"2cac16586ee2fbb1fabf66d6766a01ef","type":"splice"},"reference":null},{"@id":315,"shape":{"type":"rect","xposition":"NaN","yposition":"NaN","width":"NaN","height":"NaN","shapeStyle":2},"labelManager":{"labels":[{"type":"textLabel","@id":316,"inputText":"Henri","labelStyle":4,"shape":null,"layoutText":null}],"mainLabel":316},"portCompositions":[{"type":"port","@id":317,"shape":{"type":"rect","xposition":"NaN","yposition":"NaN","width":"NaN","height":"NaN","shapeStyle":2},"labelManager":{"labels":[{"type":"textLabel","@id":318,"inputText":"1","labelStyle":4,"shape":null,"layoutText":null}],"mainLabel":318},"properties":{"id":"cdcbe7f6f82d3cf91b882ff2d995f414"},"orientationAtVertex":"FREE","reference":null}],"properties":{"id":"01297376d27dd9c24134b6be55ad8fba","type":"splice"},"reference":null},{"@id":319,"shape":{"type":"rect","xposition":"NaN","yposition":"NaN","width":"NaN","height":"NaN","shapeStyle":2},"labelManager":{"labels":[{"type":"textLabel","@id":320,"inputText":"Luca","labelStyle":4,"shape":null,"layoutText":null}],"mainLabel":320},"portCompositions":[{"type":"port","@id":321,"shape":{"type":"rect","xposition":"NaN","yposition":"NaN","width":"NaN","height":"NaN","shapeStyle":2},"labelManager":{"labels":[{"type":"textLabel","@id":322,"inputText":"1","labelStyle":4,"shape":null,"layoutText":null}],"mainLabel":322},"properties":{"id":"3d2263ffbffcca2d672347cc8ba2fa29"},"orientationAtVertex":"FREE","reference":null}],"properties":{"id":"7ba57231013bf6f0e54f02b99b957137","type":"splice"},"reference":null},{"@id":323,"shape":{"type":"rect","xposition":"NaN","yposition":"NaN","width":"NaN","height":"NaN","shapeStyle":2},"labelManager":{"labels":[{"type":"textLabel","@id":324,"inputText":"Johann","labelStyle":4,"shape":null,"layoutText":null}],"mainLabel":324},"portCompositions":[{"type":"port","@id":325,"shape":{"type":"rect","xposition":"NaN","yposition":"NaN","width":"NaN","height":"NaN","shapeStyle":2},"labelManager":{"labels":[{"type":"textLabel","@id":326,"inputText":"1","labelStyle":4,"shape":null,"layoutText":null}],"mainLabel":326},"properties":{"id":"7435be46f6be0e1cfdd52c7ae1179e4e"},"orientationAtVertex":"FREE","reference":null}],"properties":{"id":"558f8d4b0eab4339bfcc6467e012a919","type":"splice"},"reference":null},{"@id":327,"shape":{"type":"rect","xposition":"NaN","yposition":"NaN","width":"NaN","height":"NaN","shapeStyle":2},"labelManager":{"labels":[{"type":"textLabel","@id":328,"inputText":"Samuel","labelStyle":4,"shape":null,"layoutText":null}],"mainLabel":328},"portCompositions":[{"type":"port","@id":329,"shape":{"type":"rect","xposition":"NaN","yposition":"NaN","width":"NaN","height":"NaN","shapeStyle":2},"labelManager":{"labels":[{"type":"textLabel","@id":330,"inputText":"1","labelStyle":4,"shape":null,"layoutText":null}],"mainLabel":330},"properties":{"id":"c9e7bcd8d1c63728f40aa0ac45553403"},"orientationAtVertex":"FREE","reference":null}],"properties":{"id":"9a4948c58b05f2cee18572dde7ec71e6","type":"splice"},"reference":null},{"@id":331,"shape":{"type":"rect","xposition":"NaN","yposition":"NaN","width":"NaN","height":"NaN","shapeStyle":2},"labelManager":{"labels":[{"type":"textLabel","@id":332,"inputText":"Luis","labelStyle":4,"shape":null,"layoutText":null}],"mainLabel":332},"portCompositions":[{"type":"portGroup","@id":333,"ordered":false,"portCompositions":[{"type":"port","@id":334,"shape":{"type":"rect","xposition":"NaN","yposition":"NaN","width":"NaN","height":"NaN","shapeStyle":2},"labelManager":{"labels":[{"type":"textLabel","@id":335,"inputText":"2","labelStyle":4,"shape":null,"layoutText":null}],"mainLabel":335},"properties":{"id":"21b50f73e6c5a8327c398e9d3e084857"},"orientationAtVertex":"FREE","reference":null},{"type":"port","@id":336,"shape":{"type":"rect","xposition":"NaN","yposition":"NaN","width":"NaN","height":"NaN","shapeStyle":2},"labelManager":{"labels":[{"type":"textLabel","@id":337,"inputText":"1","labelStyle":4,"shape":null,"layoutText":null}],"mainLabel":337},"properties":{"id":"0ce90cb60b2a9de399008cf2260678e1"},"orientationAtVertex":"FREE","reference":null},{"type":"port","@id":338,"shape":{"type":"rect","xposition":"NaN","yposition":"NaN","width":"NaN","height":"NaN","shapeStyle":2},"labelManager":{"labels":[{"type":"textLabel","@id":339,"inputText":"4","labelStyle":4,"shape":null,"layoutText":null}],"mainLabel":339},"properties":{"id":"07d66797b113612c66e0de2039d34c9d"},"orientationAtVertex":"FREE","reference":null},{"type":"port","@id":340,"shape":{"type":"rect","xposition":"NaN","yposition":"NaN","width":"NaN","height":"NaN","shapeStyle":2},"labelManager":{"labels":[{"type":"textLabel","@id":341,"inputText":"3","labelStyle":4,"shape":null,"layoutText":null}],"mainLabel":341},"properties":{"id":"ae6ba75e62e88c9c70d0df352ed95270"},"orientationAtVertex":"FREE","reference":null}],"properties":{},"reference":null}],"properties":{"id":"652d7937e3d2a43fa45c1bdfb47729db","type":"plug"},"reference":null},{"@id":342,"shape":{"type":"rect","xposition":"NaN","yposition":"NaN","width":"NaN","height":"NaN","shapeStyle":2},"labelManager":{"labels":[{"type":"textLabel","@id":343,"inputText":"Johannes","labelStyle":4,"shape":null,"layoutText":null}],"mainLabel":343},"portCompositions":[{"type":"portGroup","@id":344,"ordered":false,"portCompositions":[{"type":"port","@id":345,"shape":{"type":"rect","xposition":"NaN","yposition":"NaN","width":"NaN","height":"NaN","shapeStyle":2},"labelManager":{"labels":[{"type":"textLabel","@id":346,"inputText":"2","labelStyle":4,"shape":null,"layoutText":null}],"mainLabel":346},"properties":{"id":"9e26d2bfbac1e85edc191fb8a9c094a4"},"orientationAtVertex":"FREE","reference":null},{"type":"port","@id":347,"shape":{"type":"rect","xposition":"NaN","yposition":"NaN","width":"NaN","height":"NaN","shapeStyle":2},"labelManager":{"labels":[{"type":"textLabel","@id":348,"inputText":"1","labelStyle":4,"shape":null,"layoutText":null}],"mainLabel":348},"properties":{"id":"b9ac3df4a58b6db8000da50cc9e208de"},"orientationAtVertex":"FREE","reference":null},{"type":"port","@id":349,"shape":{"type":"rect","xposition":"NaN","yposition":"NaN","width":"NaN","height":"NaN","shapeStyle":2},"labelManager":{"labels":[{"type":"textLabel","@id":350,"inputText":"4","labelStyle":4,"shape":null,"layoutText":null}],"mainLabel":350},"properties":{"id":"c0ee183eb53e4e4c6106b01039cbd9b9"},"orientationAtVertex":"FREE","reference":null},{"type":"port","@id":351,"shape":{"type":"rect","xposition":"NaN","yposition":"NaN","width":"NaN","height":"NaN","shapeStyle":2},"labelManager":{"labels":[{"type":"textLabel","@id":352,"inputText":"3","labelStyle":4,"shape":null,"layoutText":null}],"mainLabel":352},"properties":{"id":"e81af04672aef9389be85da91273962d"},"orientationAtVertex":"FREE","reference":null}],"properties":{},"reference":null}],"properties":{"id":"55bf4a8d53779a78b44110d617af5c82","type":"plug"},"reference":null},{"@id":353,"shape":null,"labelManager":{"labels":[{"type":"textLabel","@id":354,"inputText":"Felix","labelStyle":31,"shape":null,"layoutText":null}],"mainLabel":354},"portCompositions":[{"type":"portGroup","@id":355,"ordered":false,"portCompositions":[{"type":"port","@id":356,"shape":{"type":"rect","xposition":"NaN","yposition":"NaN","width":"NaN","height":"NaN","shapeStyle":29},"labelManager":{"labels":[{"type":"textLabel","@id":357,"inputText":"2","labelStyle":31,"shape":null,"layoutText":null}],"mainLabel":357},"properties":{},"orientationAtVertex":"FREE","reference":null},{"type":"port","@id":358,"shape":{"type":"rect","xposition":"NaN","yposition":"NaN","width":"NaN","height":"NaN","shapeStyle":29},"labelManager":{"labels":[{"type":"textLabel","@id":359,"inputText":"1","labelStyle":31,"shape":null,"layoutText":null}],"mainLabel":359},"properties":{},"orientationAtVertex":"FREE","reference":null},{"type":"port","@id":360,"shape":{"type":"rect","xposition":"NaN","yposition":"NaN","width":"NaN","height":"NaN","shapeStyle":29},"labelManager":{"labels":[{"type":"textLabel","@id":361,"inputText":"4","labelStyle":31,"shape":null,"layoutText":null}],"mainLabel":361},"properties":{},"orientationAtVertex":"FREE","reference":null},{"type":"port","@id":362,"shape":{"type":"rect","xposition":"NaN","yposition":"NaN","width":"NaN","height":"NaN","shapeStyle":29},"labelManager":{"labels":[{"type":"textLabel","@id":363,"inputText":"3","labelStyle":31,"shape":null,"layoutText":null}],"mainLabel":363},"properties":{},"orientationAtVertex":"FREE","reference":null}],"properties":{},"reference":null}],"properties":{},"reference":null},{"@id":364,"shape":null,"labelManager":{"labels":[{"type":"textLabel","@id":365,"inputText":"Karl","labelStyle":31,"shape":null,"layoutText":null}],"mainLabel":365},"portCompositions":[{"type":"portGroup","@id":366,"ordered":false,"portCompositions":[{"type":"port","@id":367,"shape":{"type":"rect","xposition":"NaN","yposition":"NaN","width":"NaN","height":"NaN","shapeStyle":29},"labelManager":{"labels":[{"type":"textLabel","@id":368,"inputText":"4","labelStyle":31,"shape":null,"layoutText":null}],"mainLabel":368},"properties":{},"orientationAtVertex":"FREE","reference":null},{"type":"port","@id":369,"shape":{"type":"rect","xposition":"NaN","yposition":"NaN","width":"NaN","height":"NaN","shapeStyle":29},"labelManager":{"labels":[{"type":"textLabel","@id":370,"inputText":"2","labelStyle":31,"shape":null,"layoutText":null}],"mainLabel":370},"properties":{},"orientationAtVertex":"FREE","reference":null},{"type":"port","@id":371,"shape":{"type":"rect","xposition":"NaN","yposition":"NaN","width":"NaN","height":"NaN","shapeStyle":29},"labelManager":{"labels":[{"type":"textLabel","@id":372,"inputText":"1","labelStyle":31,"shape":null,"layoutText":null}],"mainLabel":372},"properties":{},"orientationAtVertex":"FREE","reference":null},{"type":"port","@id":373,"shape":{"type":"rect","xposition":"NaN","yposition":"NaN","width":"NaN","height":"NaN","shapeStyle":29},"labelManager":{"labels":[{"type":"textLabel","@id":374,"inputText":"3","labelStyle":31,"shape":null,"layoutText":null}],"mainLabel":374},"properties":{},"orientationAtVertex":"FREE","reference":null}],"properties":{},"reference":null}],"properties":{},"reference":null},{"@id":375,"shape":null,"labelManager":{"labels":[{"type":"textLabel","@id":376,"inputText":"David","labelStyle":31,"shape":null,"layoutText":null}],"mainLabel":376},"portCompositions":[{"type":"portGroup","@id":377,"ordered":false,"portCompositions":[{"type":"port","@id":378,"shape":{"type":"rect","xposition":"NaN","yposition":"NaN","width":"NaN","height":"NaN","shapeStyle":29},"labelManager":{"labels":[{"type":"textLabel","@id":379,"inputText":"4","labelStyle":31,"shape":null,"layoutText":null}],"mainLabel":379},"properties":{},"orientationAtVertex":"FREE","reference":null},{"type":"port","@id":380,"shape":{"type":"rect","xposition":"NaN","yposition":"NaN","width":"NaN","height":"NaN","shapeStyle":29},"labelManager":{"labels":[{"type":"textLabel","@id":381,"inputText":"2","labelStyle":31,"shape":null,"layoutText":null}],"mainLabel":381},"properties":{},"orientationAtVertex":"FREE","reference":null},{"type":"port","@id":382,"shape":{"type":"rect","xposition":"NaN","yposition":"NaN","width":"NaN","height":"NaN","shapeStyle":29},"labelManager":{"labels":[{"type":"textLabel","@id":383,"inputText":"1","labelStyle":31,"shape":null,"layoutText":null}],"mainLabel":383},"properties":{},"orientationAtVertex":"FREE","reference":null},{"type":"port","@id":384,"shape":{"type":"rect","xposition":"NaN","yposition":"NaN","width":"NaN","height":"NaN","shapeStyle":29},"labelManager":{"labels":[{"type":"textLabel","@id":385,"inputText":"3","labelStyle":31,"shape":null,"layoutText":null}],"mainLabel":385},"properties":{},"orientationAtVertex":"FREE","reference":null}],"properties":{},"reference":null}],"properties":{},"reference":null},{"@id":386,"shape":null,"labelManager":{"labels":[{"type":"textLabel","@id":387,"inputText":"Ben","labelStyle":31,"shape":null,"layoutText":null}],"mainLabel":387},"portCompositions":[{"type":"portGroup","@id":388,"ordered":false,"portCompositions":[{"type":"port","@id":389,"shape":{"type":"rect","xposition":"NaN","yposition":"NaN","width":"NaN","height":"NaN","shapeStyle":29},"labelManager":{"labels":[{"type":"textLabel","@id":390,"inputText":"1","labelStyle":31,"shape":null,"layoutText":null}],"mainLabel":390},"properties":{},"orientationAtVertex":"FREE","reference":null}],"properties":{},"reference":null}],"properties":{},"reference":null},{"@id":391,"shape":null,"labelManager":{"labels":[{"type":"textLabel","@id":392,"inputText":"Oskar","labelStyle":31,"shape":null,"layoutText":null}],"mainLabel":392},"portCompositions":[{"type":"portGroup","@id":393,"ordered":false,"portCompositions":[{"type":"port","@id":394,"shape":{"type":"rect","xposition":"NaN","yposition":"NaN","width":"NaN","height":"NaN","shapeStyle":29},"labelManager":{"labels":[{"type":"textLabel","@id":395,"inputText":"1","labelStyle":31,"shape":null,"layoutText":null}],"mainLabel":395},"properties":{},"orientationAtVertex":"FREE","reference":null}],"properties":{},"reference":null}],"properties":{},"reference":null},{"@id":396,"shape":null,"labelManager":{"labels":[{"type":"textLabel","@id":397,"inputText":"Philipp","labelStyle":31,"shape":null,"layoutText":null}],"mainLabel":397},"portCompositions":[{"type":"portGroup","@id":398,"ordered":false,"portCompositions":[{"type":"port","@id":399,"shape":{"type":"rect","xposition":"NaN","yposition":"NaN","width":"NaN","height":"NaN","shapeStyle":29},"labelManager":{"labels":[{"type":"textLabel","@id":400,"inputText":"2","labelStyle":31,"shape":null,"layoutText":null}],"mainLabel":400},"properties":{},"orientationAtVertex":"FREE","reference":null},{"type":"port","@id":401,"shape":{"type":"rect","xposition":"NaN","yposition":"NaN","width":"NaN","height":"NaN","shapeStyle":29},"labelManager":{"labels":[{"type":"textLabel","@id":402,"inputText":"1","labelStyle":31,"shape":null,"layoutText":null}],"mainLabel":402},"properties":{},"orientationAtVertex":"FREE","reference":null}],"properties":{},"reference":null}],"properties":{},"reference":null},{"@id":403,"shape":null,"labelManager":{"labels":[{"type":"textLabel","@id":404,"inputText":"Alexander","labelStyle":31,"shape":null,"layoutText":null}],"mainLabel":404},"portCompositions":[{"type":"portGroup","@id":405,"ordered":false,"portCompositions":[{"type":"port","@id":406,"shape":{"type":"rect","xposition":"NaN","yposition":"NaN","width":"NaN","height":"NaN","shapeStyle":29},"labelManager":{"labels":[{"type":"textLabel","@id":407,"inputText":"2","labelStyle":31,"shape":null,"layoutText":null}],"mainLabel":407},"properties":{},"orientationAtVertex":"FREE","reference":null},{"type":"port","@id":408,"shape":{"type":"rect","xposition":"NaN","yposition":"NaN","width":"NaN","height":"NaN","shapeStyle":29},"labelManager":{"labels":[{"type":"textLabel","@id":409,"inputText":"1","labelStyle":31,"shape":null,"layoutText":null}],"mainLabel":409},"properties":{},"orientationAtVertex":"FREE","reference":null}],"properties":{},"reference":null}],"properties":{},"reference":null},{"@id":410,"shape":null,"labelManager":{"labels":[{"type":"textLabel","@id":411,"inputText":"Jan","labelStyle":31,"shape":null,"layoutText":null}],"mainLabel":411},"portCompositions":[{"type":"portGroup","@id":412,"ordered":false,"portCompositions":[{"type":"port","@id":413,"shape":{"type":"rect","xposition":"NaN","yposition":"NaN","width":"NaN","height":"NaN","shapeStyle":29},"labelManager":{"labels":[{"type":"textLabel","@id":414,"inputText":"1","labelStyle":31,"shape":null,"layoutText":null}],"mainLabel":414},"properties":{},"orientationAtVertex":"FREE","reference":null}],"properties":{},"reference":null}],"properties":{},"reference":null},{"@id":415,"shape":null,"labelManager":{"labels":[{"type":"textLabel","@id":416,"inputText":"Moritz","labelStyle":31,"shape":null,"layoutText":null}],"mainLabel":416},"portCompositions":[{"type":"portGroup","@id":417,"ordered":false,"portCompositions":[{"type":"port","@id":418,"shape":{"type":"rect","xposition":"NaN","yposition":"NaN","width":"NaN","height":"NaN","shapeStyle":29},"labelManager":{"labels":[{"type":"textLabel","@id":419,"inputText":"1","labelStyle":31,"shape":null,"layoutText":null}],"mainLabel":419},"properties":{},"orientationAtVertex":"FREE","reference":null}],"properties":{},"reference":null}],"properties":{},"reference":null}],"vertexGroups":[{"@id":420,"drawnFrame":false,"labelManager":{"labels":[],"mainLabel":null},"shape":null,"containedVertices":[7,14],"containedVertexGroups":[],"touchingPairs":[{"vertex0":7,"horizontalPlacementVertex0":"FREE","verticalPlacementVertex0":"TOP","vertex1":14,"horizontalPlacementVertex1":"FREE","verticalPlacementVertex1":"FREE"}],"portPairings":[{"port0":10,"port1":17},{"port0":12,"port1":19}],"properties":{},"reference":null},{"@id":421,"drawnFrame":false,"labelManager":{"labels":[],"mainLabel":null},"shape":null,"containedVertices":[21,32],"containedVertexGroups":[],"touchingPairs":[{"vertex0":21,"horizontalPlacementVertex0":"FREE","verticalPlacementVertex0":"TOP","vertex1":32,"horizontalPlacementVertex1":"FREE","verticalPlacementVertex1":"FREE"}],"portPairings":[{"port0":24,"port1":35},{"port0":26,"port1":37},{"port0":28,"port1":39}],"properties":{},"reference":null},{"@id":422,"drawnFrame":false,"labelManager":{"labels":[],"mainLabel":null},"shape":null,"containedVertices":[45,54],"containedVertexGroups":[],"touchingPairs":[{"vertex0":45,"horizontalPlacementVertex0":"FREE","verticalPlacementVertex0":"TOP","vertex1":54,"horizontalPlacementVertex1":"FREE","verticalPlacementVertex1":"FREE"}],"portPairings":[{"port0":48,"port1":57},{"port0":50,"port1":59},{"port0":52,"port1":61}],"properties":{},"reference":null},{"@id":423,"drawnFrame":false,"labelManager":{"labels":[],"mainLabel":null},"shape":null,"containedVertices":[63,68],"containedVertexGroups":[],"touchingPairs":[{"vertex0":63,"horizontalPlacementVertex0":"FREE","verticalPlacementVertex0":"TOP","vertex1":68,"horizontalPlacementVertex1":"FREE","verticalPlacementVertex1":"FREE"}],"portPairings":[{"port0":66,"port1":71}],"properties":{},"reference":null},{"@id":424,"drawnFrame":false,"labelManager":{"labels":[],"mainLabel":null},"shape":null,"containedVertices":[73,82],"containedVertexGroups":[],"touchingPairs":[{"vertex0":73,"horizontalPlacementVertex0":"FREE","verticalPlacementVertex0":"TOP","vertex1":82,"horizontalPlacementVertex1":"FREE","verticalPlacementVertex1":"FREE"}],"portPairings":[{"port0":78,"port1":87},{"port0":80,"port1":89},{"port0":76,"port1":85}],"properties":{},"reference":null},{"@id":425,"drawnFrame":false,"labelManager":{"labels":[],"mainLabel":null},"shape":null,"containedVertices":[95,110],"containedVertexGroups":[],"touchingPairs":[{"vertex0":95,"horizontalPlacementVertex0":"FREE","verticalPlacementVertex0":"TOP","vertex1":110,"horizontalPlacementVertex1":"FREE","verticalPlacementVertex1":"FREE"}],"portPairings":[{"port0":104,"port1":119},{"port0":102,"port1":117},{"port0":98,"port1":113},{"port0":100,"port1":115},{"port0":106,"port1":121},{"port0":108,"port1":123}],"properties":{},"reference":null},{"@id":426,"drawnFrame":false,"labelManager":{"labels":[],"mainLabel":null},"shape":null,"containedVertices":[125,132],"containedVertexGroups":[],"touchingPairs":[{"vertex0":125,"horizontalPlacementVertex0":"FREE","verticalPlacementVertex0":"TOP","vertex1":132,"horizontalPlacementVertex1":"FREE","verticalPlacementVertex1":"FREE"}],"portPairings":[{"port0":128,"port1":135},{"port0":130,"port1":137}],"properties":{},"reference":null},{"@id":427,"drawnFrame":false,"labelManager":{"labels":[],"mainLabel":null},"shape":null,"containedVertices":[143,160],"containedVertexGroups":[],"touchingPairs":[{"vertex0":143,"horizontalPlacementVertex0":"FREE","verticalPlacementVertex0":"TOP","vertex1":160,"horizontalPlacementVertex1":"FREE","verticalPlacementVertex1":"FREE"}],"portPairings":[{"port0":154,"port1":171},{"port0":148,"port1":165},{"port0":152,"port1":169},{"port0":150,"port1":167},{"port0":146,"port1":163},{"port0":156,"port1":173},{"port0":158,"port1":175}],"properties":{},"reference":null},{"@id":428,"drawnFrame":false,"labelManager":{"labels":[],"mainLabel":null},"shape":null,"containedVertices":[185,198],"containedVertexGroups":[],"touchingPairs":[{"vertex0":185,"horizontalPlacementVertex0":"FREE","verticalPlacementVertex0":"TOP","vertex1":198,"horizontalPlacementVertex1":"FREE","verticalPlacementVertex1":"FREE"}],"portPairings":[{"port0":194,"port1":207},{"port0":192,"port1":205},{"port0":188,"port1":201},{"port0":190,"port1":203},{"port0":196,"port1":209}],"properties":{},"reference":null},{"@id":429,"drawnFrame":false,"labelManager":{"labels":[],"mainLabel":null},"shape":null,"containedVertices":[211,218],"containedVertexGroups":[],"touchingPairs":[{"vertex0":211,"horizontalPlacementVertex0":"FREE","verticalPlacementVertex0":"TOP","vertex1":218,"horizontalPlacementVertex1":"FREE","verticalPlacementVertex1":"FREE"}],"portPairings":[{"port0":214,"port1":221},{"port0":216,"port1":223}],"properties":{},"reference":null},{"@id":430,"drawnFrame":false,"labelManager":{"labels":[],"mainLabel":null},"shape":null,"containedVertices":[233,238],"containedVertexGroups":[],"touchingPairs":[{"vertex0":233,"horizontalPlacementVertex0":"FREE","verticalPlacementVertex0":"TOP","vertex1":238,"horizontalPlacementVertex1":"FREE","verticalPlacementVertex1":"FREE"}],"portPairings":[{"port0":236,"port1":241}],"properties":{},"reference":null},{"@id":431,"drawnFrame":false,"labelManager":{"labels":[],"mainLabel":null},"shape":null,"containedVertices":[247,260],"containedVertexGroups":[],"touchingPairs":[{"vertex0":247,"horizontalPlacementVertex0":"FREE","verticalPlacementVertex0":"TOP","vertex1":260,"horizontalPlacementVertex1":"FREE","verticalPlacementVertex1":"FREE"}],"portPairings":[{"port0":256,"port1":269},{"port0":252,"port1":265},{"port0":254,"port1":267},{"port0":250,"port1":263},{"port0":258,"port1":271}],"properties":{},"reference":null},{"@id":432,"drawnFrame":false,"labelManager":{"labels":[],"mainLabel":null},"shape":null,"containedVertices":[273,292],"containedVertexGroups":[],"touchingPairs":[{"vertex0":273,"horizontalPlacementVertex0":"FREE","verticalPlacementVertex0":"TOP","vertex1":292,"horizontalPlacementVertex1":"FREE","verticalPlacementVertex1":"FREE"}],"portPairings":[{"port0":288,"port1":307},{"port0":278,"port1":297},{"port0":286,"port1":305},{"port0":280,"port1":299},{"port0":282,"port1":301},{"port0":276,"port1":295},{"port0":284,"port1":303},{"port0":290,"port1":309}],"properties":{},"reference":null},{"@id":433,"drawnFrame":false,"labelManager":{"labels":[],"mainLabel":null},"shape":null,"containedVertices":[331,342],"containedVertexGroups":[],"touchingPairs":[{"vertex0":331,"horizontalPlacementVertex0":"FREE","verticalPlacementVertex0":"TOP","vertex1":342,"horizontalPlacementVertex1":"FREE","verticalPlacementVertex1":"FREE"}],"portPairings":[{"port0":334,"port1":345},{"port0":340,"port1":351},{"port0":338,"port1":349},{"port0":336,"port1":347}],"properties":{},"reference":null},{"@id":434,"drawnFrame":false,"labelManager":{"labels":[],"mainLabel":null},"shape":null,"containedVertices":[364,375],"containedVertexGroups":[],"touchingPairs":[{"vertex0":364,"horizontalPlacementVertex0":"FREE","verticalPlacementVertex0":"FREE","vertex1":375,"horizontalPlacementVertex1":"FREE","verticalPlacementVertex1":"FREE"}],"portPairings":[{"port0":367,"port1":378},{"port0":369,"port1":380},{"port0":371,"port1":382},{"port0":373,"port1":384}],"properties":{},"reference":null},{"@id":435,"drawnFrame":false,"labelManager":{"labels":[],"mainLabel":null},"shape":null,"containedVertices":[386,391],"containedVertexGroups":[],"touchingPairs":[{"vertex0":386,"horizontalPlacementVertex0":"FREE","verticalPlacementVertex0":"FREE","vertex1":391,"horizontalPlacementVertex1":"FREE","verticalPlacementVertex1":"FREE"}],"portPairings":[{"port0":389,"port1":394}],"properties":{},"reference":null},{"@id":436,"drawnFrame":false,"labelManager":{"labels":[],"mainLabel":null},"shape":null,"containedVertices":[396,403],"containedVertexGroups":[],"touchingPairs":[{"vertex0":396,"horizontalPlacementVertex0":"FREE","verticalPlacementVertex0":"FREE","vertex1":403,"horizontalPlacementVertex1":"FREE","verticalPlacementVertex1":"FREE"}],"portPairings":[{"port0":399,"port1":406},{"port0":401,"port1":408}],"properties":{},"reference":null},{"@id":437,"drawnFrame":false,"labelManager":{"labels":[],"mainLabel":null},"shape":null,"containedVertices":[410,415],"containedVertexGroups":[],"touchingPairs":[{"vertex0":410,"horizontalPlacementVertex0":"FREE","verticalPlacementVertex0":"FREE","vertex1":415,"horizontalPlacementVertex1":"FREE","verticalPlacementVertex1":"FREE"}],"portPairings":[{"port0":413,"port1":418}],"properties":{},"reference":null}],"edges":[{"@id":438,"ports":[167,317],"labelManager":{"innerLabels":[{"type":"textLabel","@id":439,"inputText":"Michael","labelStyle":4,"shape":null,"layoutText":null}],"allPortLabels":[],"mainLabel":439},"pathStyle":{"@id":440,"description":"default path style","thickness":-1.0,"color":{"argb":"ff000000"}},"paths":[],"properties":{"id":"2dcdd8a38271ef1a8848e2896a99e85f"},"reference":null},{"@id":441,"ports":[194,10,245],"labelManager":{"innerLabels":[{"type":"textLabel","@id":442,"inputText":"Timo","labelStyle":4,"shape":null,"layoutText":null}],"allPortLabels":[],"mainLabel":442},"pathStyle":440,"paths":[],"properties":{"id":"6a79c5373b8583d9073c8ab6aa28a718"},"reference":null},{"@id":443,"ports":[37,141],"labelManager":{"innerLabels":[{"type":"textLabel","@id":444,"inputText":"Robin","labelStyle":4,"shape":null,"layoutText":null}],"allPortLabels":[],"mainLabel":444},"pathStyle":440,"paths":[],"properties":{"id":"457bb5358a503eb01aeae3c6b9bdda6a"},"reference":null},{"@id":445,"ports":[5,250],"labelManager":{"innerLabels":[{"type":"textLabel","@id":446,"inputText":"Theodor","labelStyle":4,"shape":null,"layoutText":null}],"allPortLabels":[],"mainLabel":446},"pathStyle":440,"paths":[],"properties":{"id":"86cfd66a63bb551d520a3188b7149e76"},"reference":null},{"@id":447,"ports":[188,102],"labelManager":{"innerLabels":[{"type":"textLabel","@id":448,"inputText":"Adam","labelStyle":4,"shape":null,"layoutText":null}],"allPortLabels":[],"mainLabel":448},"pathStyle":440,"paths":[],"properties":{"id":"acb65c79e99ca6ca9ff64f7585fe4f44"},"reference":null},{"@id":449,"ports":[313,305],"labelManager":{"innerLabels":[{"type":"textLabel","@id":450,"inputText":"Alessio","labelStyle":4,"shape":null,"layoutText":null}],"allPortLabels":[],"mainLabel":450},"pathStyle":440,"paths":[],"properties":{"id":"d1649fd653e8409dd2bff28a5ba70f99"},"reference":null},{"@id":451,"ports":[207,89],"labelManager":{"innerLabels":[{"type":"textLabel","@id":452,"inputText":"Joel","labelStyle":4,"shape":null,"layoutText":null}],"allPortLabels":[],"mainLabel":452},"pathStyle":440,"paths":[],"properties":{"id":"9ec2f36b07882bef1406343f9dfc6740"},"reference":null},{"@id":453,"ports":[87,325],"labelManager":{"innerLabels":[{"type":"textLabel","@id":454,"inputText":"Erik","labelStyle":4,"shape":null,"layoutText":null}],"allPortLabels":[],"mainLabel":454},"pathStyle":440,"paths":[],"properties":{"id":"cf921f11a4dcafa264a6a1bacf4a1742"},"reference":null},{"@id":455,"ports":[340,165],"labelManager":{"innerLabels":[{"type":"textLabel","@id":456,"inputText":"Hannes","labelStyle":4,"shape":null,"layoutText":null}],"allPortLabels":[],"mainLabel":456},"pathStyle":440,"paths":[],"properties":{"id":"f5cebdd688d56ee50d4ec18c3e25e2ad"},"reference":null},{"@id":457,"ports":[93,173],"labelManager":{"innerLabels":[{"type":"textLabel","@id":458,"inputText":"Aaron","labelStyle":4,"shape":null,"layoutText":null}],"allPortLabels":[],"mainLabel":458},"pathStyle":440,"paths":[],"properties":{"id":"6c78c632af8a78872fae62cf24e38b3b"},"reference":null},{"@id":459,"ports":[17,93],"labelManager":{"innerLabels":[{"type":"textLabel","@id":460,"inputText":"Deniz","labelStyle":4,"shape":null,"layoutText":null}],"allPortLabels":[],"mainLabel":460},"pathStyle":440,"paths":[],"properties":{"id":"7b92fa4bf181664b84ba2b068abe0cee"},"reference":null},{"@id":461,"ports":[329,171],"labelManager":{"innerLabels":[{"type":"textLabel","@id":462,"inputText":"Lennard","labelStyle":4,"shape":null,"layoutText":null}],"allPortLabels":[],"mainLabel":462},"pathStyle":440,"paths":[],"properties":{"id":"f0fc6791462ba6ea9095e3d9abfdc849"},"reference":null},{"@id":463,"ports":[119,317],"labelManager":{"innerLabels":[{"type":"textLabel","@id":464,"inputText":"Florian","labelStyle":4,"shape":null,"layoutText":null}],"allPortLabels":[],"mainLabel":464},"pathStyle":440,"paths":[],"properties":{"id":"e2693f6ffb06274579d7b2cb3aa9f645"},"reference":null},{"@id":465,"ports":[313,252],"labelManager":{"innerLabels":[{"type":"textLabel","@id":466,"inputText":"Joshua","labelStyle":4,"shape":null,"layoutText":null}],"allPortLabels":[],"mainLabel":466},"pathStyle":440,"paths":[],"properties":{"id":"824e3a6685488d4a46fb4c861acd0658"},"reference":null},{"@id":467,"ports":[313,301],"labelManager":{"innerLabels":[{"type":"textLabel","@id":468,"inputText":"Jasper","labelStyle":4,"shape":null,"layoutText":null}],"allPortLabels":[],"mainLabel":468},"pathStyle":440,"paths":[],"properties":{"id":"8c45da82d89b6f6ed9cc5440be1be87b"},"reference":null},{"@id":469,"ports":[43,297],"labelManager":{"innerLabels":[{"type":"textLabel","@id":470,"inputText":"Thomas","labelStyle":4,"shape":null,"layoutText":null}],"allPortLabels":[],"mainLabel":470},"pathStyle":440,"paths":[],"properties":{"id":"b5e2f6d9bc079bf88b268b79482d038c"},"reference":null},{"@id":471,"ports":[256,183],"labelManager":{"innerLabels":[{"type":"textLabel","@id":472,"inputText":"Muhammed","labelStyle":4,"shape":null,"layoutText":null}],"allPortLabels":[],"mainLabel":472},"pathStyle":440,"paths":[],"properties":{"id":"a2839185f3a6376d830e7c4fb2f17b34"},"reference":null},{"@id":473,"ports":[329,163],"labelManager":{"innerLabels":[{"type":"textLabel","@id":474,"inputText":"Maxim","labelStyle":4,"shape":null,"layoutText":null}],"allPortLabels":[],"mainLabel":474},"pathStyle":440,"paths":[],"properties":{"id":"4b22630b8d976532dd64451fb48c9e12"},"reference":null},{"@id":475,"ports":[43,254],"labelManager":{"innerLabels":[{"type":"textLabel","@id":476,"inputText":"Oemer","labelStyle":4,"shape":null,"layoutText":null}],"allPortLabels":[],"mainLabel":476},"pathStyle":440,"paths":[],"properties":{"id":"1be53f0571aa77f44011a394a084f776"},"reference":null},{"@id":477,"ports":[231,169],"labelManager":{"innerLabels":[{"type":"textLabel","@id":478,"inputText":"Matteo","labelStyle":4,"shape":null,"layoutText":null}],"allPortLabels":[],"mainLabel":478},"pathStyle":440,"paths":[],"properties":{"id":"07d55f47c4632a8624f6c5a8bd3ee627"},"reference":null},{"@id":479,"ports":[313,295],"labelManager":{"innerLabels":[{"type":"textLabel","@id":480,"inputText":"Carl","labelStyle":4,"shape":null,"layoutText":null}],"allPortLabels":[],"mainLabel":480},"pathStyle":440,"paths":[],"properties":{"id":"dbbdf6aed22477f51a5acb3f4127e3d1"},"reference":null},{"@id":481,"ports":[325,201],"labelManager":{"innerLabels":[{"type":"textLabel","@id":482,"inputText":"Can","labelStyle":4,"shape":null,"layoutText":null}],"allPortLabels":[],"mainLabel":482},"pathStyle":440,"paths":[],"properties":{"id":"79aa85793a5ff55058ca250e54fbdac0"},"reference":null},{"@id":483,"ports":[231,117],"labelManager":{"innerLabels":[{"type":"textLabel","@id":484,"inputText":"Ole","labelStyle":4,"shape":null,"layoutText":null}],"allPortLabels":[],"mainLabel":484},"pathStyle":440,"paths":[],"properties":{"id":"3cad8edaaae1babc281199e1c6ab45ba"},"reference":null},{"@id":485,"ports":[329,338],"labelManager":{"innerLabels":[{"type":"textLabel","@id":486,"inputText":"Bruno","labelStyle":4,"shape":null,"layoutText":null}],"allPortLabels":[],"mainLabel":486},"pathStyle":440,"paths":[],"properties":{"id":"7765c84c2cc63e899edc3b250f015bf5"},"reference":null},{"@id":487,"ports":[307,183],"labelManager":{"innerLabels":[{"type":"textLabel","@id":488,"inputText":"Benedikt","labelStyle":4,"shape":null,"layoutText":null}],"allPortLabels":[],"mainLabel":488},"pathStyle":440,"paths":[],"properties":{"id":"7a19f8b6f10fab09e0f5706a0f889d2a"},"reference":null},{"@id":489,"ports":[299,5],"labelManager":{"innerLabels":[{"type":"textLabel","@id":490,"inputText":"Yusuf","labelStyle":4,"shape":null,"layoutText":null}],"allPortLabels":[],"mainLabel":490},"pathStyle":440,"paths":[],"properties":{"id":"40b0aec08a89fdd5adabb35d4d6a2d3d"},"reference":null},{"@id":491,"ports":[115,336],"labelManager":{"innerLabels":[{"type":"textLabel","@id":492,"inputText":"Malik","labelStyle":4,"shape":null,"layoutText":null}],"allPortLabels":[],"mainLabel":492},"pathStyle":440,"paths":[],"properties":{"id":"924d2f2c0213ceeb86bf6cc9511b2845"},"reference":null},{"@id":493,"ports":[223,57],"labelManager":{"innerLabels":[{"type":"textLabel","@id":494,"inputText":"Friedrich","labelStyle":4,"shape":null,"layoutText":null}],"allPortLabels":[],"mainLabel":494},"pathStyle":440,"paths":[],"properties":{"id":"f5749e33823020da7e5fcdadbab5db5c"},"reference":null},{"@id":495,"ports":[100,24],"labelManager":{"innerLabels":[{"type":"textLabel","@id":496,"inputText":"Jonah","labelStyle":4,"shape":null,"layoutText":null}],"allPortLabels":[],"mainLabel":496},"pathStyle":440,"paths":[],"properties":{"id":"d2f537be5ac0182e2fdf1a6f7d19884a"},"reference":null},{"@id":497,"ports":[205,179],"labelManager":{"innerLabels":[{"type":"textLabel","@id":498,"inputText":"Tobias","labelStyle":4,"shape":null,"layoutText":null}],"allPortLabels":[],"mainLabel":498},"pathStyle":440,"paths":[],"properties":{"id":"59c62f54b87c12a075aad0031ccd9c24"},"reference":null},{"@id":499,"ports":[267,192],"labelManager":{"innerLabels":[{"type":"textLabel","@id":500,"inputText":"Linus","labelStyle":4,"shape":null,"layoutText":null}],"allPortLabels":[],"mainLabel":500},"pathStyle":440,"paths":[],"properties":{"id":"5795583b808cd566ef0871b7ceb6620a"},"reference":null},{"@id":501,"ports":[85,179],"labelManager":{"innerLabels":[{"type":"textLabel","@id":502,"inputText":"Damian","labelStyle":4,"shape":null,"layoutText":null}],"allPortLabels":[],"mainLabel":502},"pathStyle":440,"paths":[],"properties":{"id":"39c373df0085305aff66a3329984c869"},"reference":null},{"@id":503,"ports":[214,241],"labelManager":{"innerLabels":[{"type":"textLabel","@id":504,"inputText":"Justus","labelStyle":4,"shape":null,"layoutText":null}],"allPortLabels":[],"mainLabel":504},"pathStyle":440,"paths":[],"properties":{"id":"be9bc5ced087dcc5429ff533647e5178"},"reference":null},{"@id":505,"ports":[59,221],"labelManager":{"innerLabels":[{"type":"textLabel","@id":506,"inputText":"Fritz","labelStyle":4,"shape":null,"layoutText":null}],"allPortLabels":[],"mainLabel":506},"pathStyle":440,"paths":[],"properties":{"id":"64fa5093e8ba0d56f0c3dfdca0a6f80a"},"reference":null},{"@id":507,"ports":[358,380],"labelManager":{"innerLabels":[{"type":"textLabel","@id":508,"inputText":"Nico","labelStyle":31,"shape":null,"layoutText":null}],"allPortLabels":[],"mainLabel":508},"pathStyle":{"@id":509,"description":"default path style","thickness":-1.0,"color":{"argb":"ff000000"}},"paths":[],"properties":{},"reference":null},{"@id":510,"ports":[61,135],"labelManager":{"innerLabels":[{"type":"textLabel","@id":511,"inputText":"Constantin","labelStyle":31,"shape":null,"layoutText":null}],"allPortLabels":[],"mainLabel":511},"pathStyle":509,"paths":[],"properties":{},"reference":null},{"@id":512,"ports":[265,378],"labelManager":{"innerLabels":[{"type":"textLabel","@id":513,"inputText":"Raphael","labelStyle":31,"shape":null,"layoutText":null}],"allPortLabels":[],"mainLabel":513},"pathStyle":509,"paths":[],"properties":{},"reference":null},{"@id":514,"ports":[394,216],"labelManager":{"innerLabels":[{"type":"textLabel","@id":515,"inputText":"Noel","labelStyle":31,"shape":null,"layoutText":null}],"allPortLabels":[],"mainLabel":515},"pathStyle":509,"paths":[],"properties":{},"reference":null},{"@id":516,"ports":[309,418],"labelManager":{"innerLabels":[{"type":"textLabel","@id":517,"inputText":"Mattis","labelStyle":31,"shape":null,"layoutText":null}],"allPortLabels":[],"mainLabel":517},"pathStyle":509,"paths":[],"properties":{},"reference":null},{"@id":518,"ports":[406,52],"labelManager":{"innerLabels":[{"type":"textLabel","@id":519,"inputText":"Nils","labelStyle":31,"shape":null,"layoutText":null}],"allPortLabels":[],"mainLabel":519},"pathStyle":509,"paths":[],"properties":{},"reference":null},{"@id":520,"ports":[227,66],"labelManager":{"innerLabels":[{"type":"textLabel","@id":521,"inputText":"Levi","labelStyle":31,"shape":null,"layoutText":null}],"allPortLabels":[],"mainLabel":521},"pathStyle":509,"paths":[],"properties":{},"reference":null},{"@id":522,"ports":[351,227],"labelManager":{"innerLabels":[{"type":"textLabel","@id":523,"inputText":"Mert","labelStyle":31,"shape":null,"layoutText":null}],"allPortLabels":[],"mainLabel":523},"pathStyle":509,"paths":[],"properties":{},"reference":null},{"@id":524,"ports":[137,321],"labelManager":{"innerLabels":[{"type":"textLabel","@id":525,"inputText":"Adrian","labelStyle":31,"shape":null,"layoutText":null}],"allPortLabels":[],"mainLabel":525},"pathStyle":509,"paths":[],"properties":{},"reference":null},{"@id":526,"ports":[39,48],"labelManager":{"innerLabels":[{"type":"textLabel","@id":527,"inputText":"Frederik","labelStyle":31,"shape":null,"layoutText":null}],"allPortLabels":[],"mainLabel":527},"pathStyle":509,"paths":[],"properties":{},"reference":null},{"@id":528,"ports":[356,269,98,108,345,263,104],"labelManager":{"innerLabels":[{"type":"textLabel","@id":529,"inputText":"Constantin","labelStyle":31,"shape":null,"layoutText":null}],"allPortLabels":[],"mainLabel":529},"pathStyle":509,"paths":[],"properties":{},"reference":null},{"@id":530,"ports":[123,334,382,190,269],"labelManager":{"innerLabels":[{"type":"textLabel","@id":531,"inputText":"Noel","labelStyle":31,"shape":null,"layoutText":null}],"allPortLabels":[],"mainLabel":531},"pathStyle":509,"paths":[],"properties":{},"reference":null},{"@id":532,"ports":[271,203,196],"labelManager":{"innerLabels":[{"type":"textLabel","@id":533,"inputText":"Emir","labelStyle":31,"shape":null,"layoutText":null}],"allPortLabels":[],"mainLabel":533},"pathStyle":509,"paths":[],"properties":{},"reference":null},{"@id":534,"ports":[28,113],"labelManager":{"innerLabels":[{"type":"textLabel","@id":535,"inputText":"Milan","labelStyle":31,"shape":null,"layoutText":null}],"allPortLabels":[],"mainLabel":535},"pathStyle":509,"paths":[],"properties":{},"reference":null},{"@id":536,"ports":[347,269],"labelManager":{"innerLabels":[{"type":"textLabel","@id":537,"inputText":"Linus","labelStyle":31,"shape":null,"layoutText":null}],"allPortLabels":[],"mainLabel":537},"pathStyle":509,"paths":[],"properties":{},"reference":null},{"@id":538,"ports":[98,35],"labelManager":{"innerLabels":[{"type":"textLabel","@id":539,"inputText":"Muhammed","labelStyle":31,"shape":null,"layoutText":null}],"allPortLabels":[],"mainLabel":539},"pathStyle":509,"paths":[],"properties":{},"reference":null}],"edgeBundles":[]}