{"vertices":[{"@id":1,"shape":{"type":"rect","xposition":"NaN","yposition":"NaN","width":"NaN","height":"NaN","shapeStyle":{"@id":2,"description":"default shape style","color":{"argb":"ff000000"}}},"labelManager":{"labels":[{"type":"textLabel","@id":3,"inputText":"Luca","labelStyle":{"@id":4,"description":"default text label style","font":{"fontName":"SansSerif","style":0,"size":10},"noBreak":false,"color":{"argb":"ff000000"},"showLabel":true,"placement":"FREE","horizontalPlacement":"FREE","verticalPlacement":"FREE"},"shape":null,"layoutText":null}],"mainLabel":3},"portCompositions":[{"type":"port","@id":5,"shape":{"type":"rect","xposition":"NaN","yposition":"NaN","width":"NaN","height":"NaN","shapeStyle":2},"labelManager":{"labels":[{"type":"textLabel","@id":6,"inputText":"1","labelStyle":4,"shape":null,"layoutText":null}],"mainLabel":6},"properties":{"id":"7403b9fee03c6a4dca62632fb774e020"},"orientationAtVertex":"FREE","reference":null}],"properties":{"id":"0ef69cf2fb3df66d8181f035d70f1919","type":"splice"},"reference":null},{"@id":7,"shape":{"type":"rect","xposition":"NaN","yposition":"NaN","width":"NaN","height":"NaN","shapeStyle":2},"labelManager":{"labels":[{"type":"textLabel","@id":8,"inputText":"Felix","labelStyle":4,"shape":null,"layoutText":null}],"mainLabel":8},"portCompositions":[{"type":"port","@id":9,"shape":{"type":"rect","xposition":"NaN","yposition":"NaN","width":"NaN","height":"NaN","shapeStyle":2},"labelManager":{"labels":[{"type":"textLabel","@id":10,"inputText":"1","labelStyle":4,"shape":null,"layoutText":null}],"mainLabel":10},"properties":{"id":"3b8d741ddf60bea1057db01ea44ee227"},"orientationAtVertex":"FREE","reference":null}],"properties":{"id":"d212eded857deac4b4a60bb3b64ed57a","type":"splice"},"reference":null},{"@id":11,"shape":{"type":"rect","xposition":"NaN","yposition":"NaN","width":"NaN","height":"NaN","shapeStyle":2},"labelManager":{"labels":[{"type":"textLabel","@id":12,"inputText":"Niklas","labelStyle":4,"shape":null,"layoutText":null}],"mainLabel":12},"portCompositions":[{"type":"portGroup","@id":13,"ordered":false,"portCompositions":[{"type":"port","@id":14,"shape":{"type":"rect","xposition":"NaN","yposition":"NaN","width":"NaN","height":"NaN","shapeStyle":2},"labelManager":{"labels":[{"type":"textLabel","@id":15,"inputText":"1","labelStyle":4,"shape":null,"layoutText":null}],"mainLabel":15},"properties":{"id":"589f84581938e0e079a38f859d6c786a"},"orientationAtVertex":"FREE","reference":null},{"type":"port","@id":16,"shape":{"type":"rect","xposition":"NaN","yposition":"NaN","width":"NaN","height":"NaN","shapeStyle":2},"labelManager":{"labels":[{"type":"textLabel","@id":17,"inputText":"2","labelStyle":4,"shape":null,"layoutText":null}],"mainLabel":17},"properties":{"id":"669c8d04a378351833f52d97b4bbae57"},"orientationAtVertex":"FREE","reference":null}],"properties":{},"reference":null}],"properties":{"id":"61bb8877a8471c99e7194fac741ae0fd","type":"plug"},"reference":null},{"@id":18,"shape":{"type":"rect","xposition":"NaN","yposition":"NaN","width":"NaN","height":"NaN","shapeStyle":2},"labelManager":{"labels":[{"type":"textLabel","@id":19,"inputText":"Jonas","labelStyle":4,"shape":null,"layoutText":null}],"mainLabel":19},"portCompositions":[{"type":"portGroup","@id":20,"ordered":false,"portCompositions":[{"type":"port","@id":21,"shape":{"type":"rect","xposition":"NaN","yposition":"NaN","width":"NaN","height":"NaN","shapeStyle":2},"labelManager":{"labels":[{"type":"textLabel","@id":22,"inputText":"1","labelStyle":4,"shape":null,"layoutText":null}],"mainLabel":22},"properties":{"id":"4c5fd4909a281071e177a42c15fa00a3"},"orientationAtVertex":"FREE","reference":null},{"type":"port","@id":23,"shape":{"type":"rect","xposition":"NaN","yposition":"NaN","width":"NaN","height":"NaN","shapeStyle":2},"labelManager":{"labels":[{"type":"textLabel","@id":24,"inputText":"2","labelStyle":4,"shape":null,"layoutText":null}],"mainLabel":24},"properties":{"id":"66f849599ab50640607fa4d3c5a51747"},"orientationAtVertex":"FREE","reference":null}],"properties":{},"reference":null}],"properties":{"id":"e3010c5ce3736e83cda6f575b833e09f","type":"plug"},"reference":null},{"@id":25,"shape":{"type":"rect","xposition":"NaN","yposition":"NaN","width":"NaN","height":"NaN","shapeStyle":2},"labelManager":{"labels":[{"type":"textLabel","@id":26,"inputText":"Luis","labelStyle":4,"shape":null,"layoutText":null}],"mainLabel":26},"portCompositions":[{"type":"port","@id":27,"shape":{"type":"rect","xposition":"NaN","yposition":"NaN","width":"NaN","height":"NaN","shapeStyle":2},"labelManager":{"labels":[{"type":"textLabel","@id":28,"inputText":"1","labelStyle":4,"shape":null,"layoutText":null}],"mainLabel":28},"properties":{"id":"4620a18bc90d11caaef03ff375969438"},"orientationAtVertex":"FREE","reference":null}],"properties":{"id":"906fb9a8210c6582202909c7e8d88720","type":"splice"},"reference":null},{"@id":29,"shape":{"type":"rect","xposition":"NaN","yposition":"NaN","width":"NaN","height":"NaN","shapeStyle":2},"labelManager":{"labels":[{"type":"textLabel","@id":30,"inputText":"Tim","labelStyle":4,"shape":null,"layoutText":null}],"mainLabel":30},"portCompositions":[{"type":"portGroup","@id":31,"ordered":false,"portCompositions":[{"type":"port","@id":32,"shape":{"type":"rect","xposition":"NaN","yposition":"NaN","width":"NaN","height":"NaN","shapeStyle":2},"labelManager":{"labels":[{"type":"textLabel","@id":33,"inputText":"1","labelStyle":4,"shape":null,"layoutText":null}],"mainLabel":33},"properties":{"id":"1b22eb96a1cb90b0c556d0afc6e75952"},"orientationAtVertex":"FREE","reference":null},{"type":"port","@id":34,"shape":{"type":"rect","xposition":"NaN","yposition":"NaN","width":"NaN","height":"NaN","shapeStyle":2},"labelManager":{"labels":[{"type":"textLabel","@id":35,"inputText":"3","labelStyle":4,"shape":null,"layoutText":null}],"mainLabel":35},"properties":{"id":"96cee3bdbb94412425864f7f8fa51879"},"orientationAtVertex":"FREE","reference":null},{"type":"port","@id":36,"shape":{"type":"rect","xposition":"NaN","yposition":"NaN","width":"NaN","height":"NaN","shapeStyle":2},"labelManager":{"labels":[{"type":"textLabel","@id":37,"inputText":"2","labelStyle":4,"shape":null,"layoutText":null}],"mainLabel":37},"properties":{"id":"592867cc62d8bdde61cbf4768c8136b5"},"orientationAtVertex":"FREE","reference":null}],"properties":{},"reference":null}],"properties":{"id":"ae354c33c16ee98ac67933f528f4b648","type":"plug"},"reference":null},{"@id":38,"shape":{"type":"rect","xposition":"NaN","yposition":"NaN","width":"NaN","height":"NaN","shapeStyle":2},"labelManager":{"labels":[{"type":"textLabel","@id":39,"inputText":"Philipp","labelStyle":4,"shape":null,"layoutText":null}],"mainLabel":39},"portCompositions":[{"type":"portGroup","@id":40,"ordered":false,"portCompositions":[{"type":"port","@id":41,"shape":{"type":"rect","xposition":"NaN","yposition":"NaN","width":"NaN","height":"NaN","shapeStyle":2},"labelManager":{"labels":[{"type":"textLabel","@id":42,"inputText":"1","labelStyle":4,"shape":null,"layoutText":null}],"mainLabel":42},"properties":{"id":"27e4691cdc52b655bad9ca6ac539eead"},"orientationAtVertex":"FREE","reference":null},{"type":"port","@id":43,"shape":{"type":"rect","xposition":"NaN","yposition":"NaN","width":"NaN","height":"NaN","shapeStyle":2},"labelManager":{"labels":[{"type":"textLabel","@id":44,"inputText":"3","labelStyle":4,"shape":null,"layoutText":null}],"mainLabel":44},"properties":{"id":"f9adf6040dc859b7330c3db94f48f9a7"},"orientationAtVertex":"FREE","reference":null},{"type":"port","@id":45,"shape":{"type":"rect","xposition":"NaN","yposition":"NaN","width":"NaN","height":"NaN","shapeStyle":2},"labelManager":{"labels":[{"type":"textLabel","@id":46,"inputText":"2","labelStyle":4,"shape":null,"layoutText":null}],"mainLabel":46},"properties":{"id":"06bbfcbeded921639dceebf96f7170d3"},"orientationAtVertex":"FREE","reference":null}],"properties":{},"reference":null}],"properties":{"id":"8672a303f1e22839c74c50ce66120589","type":"plug"},"reference":null},{"@id":47,"shape":{"type":"rect","xposition":"NaN","yposition":"NaN","width":"NaN","height":"NaN","shapeStyle":2},"labelManager":{"labels":[{"type":"textLabel","@id":48,"inputText":"Daniel","labelStyle":4,"shape":null,"layoutText":null}],"mainLabel":48},"portCompositions":[{"type":"port","@id":49,"shape":{"type":"rect","xposition":"NaN","yposition":"NaN","width":"NaN","height":"NaN","shapeStyle":2},"labelManager":{"labels":[{"type":"textLabel","@id":50,"inputText":"1","labelStyle":4,"shape":null,"layoutText":null}],"mainLabel":50},"properties":{"id":"0f7ef58aa135ccb4997f30997e0f5cbc"},"orientationAtVertex":"FREE","reference":null}],"properties":{"id":"e7f3ab5e96e65061b84d1729f6df568a","type":"splice"},"reference":null},{"@id":51,"shape":{"type":"rect","xposition":"NaN","yposition":"NaN","width":"NaN","height":"NaN","shapeStyle":2},"labelManager":{"labels":[{"type":"textLabel","@id":52,"inputText":"Leonard","labelStyle":4,"shape":null,"layoutText":null}],"mainLabel":52},"portCompositions":[{"type":"port","@id":53,"shape":{"type":"rect","xposition":"NaN","yposition":"NaN","width":"NaN","height":"NaN","shapeStyle":2},"labelManager":{"labels":[{"type":"textLabel","@id":54,"inputText":"1","labelStyle":4,"shape":null,"layoutText":null}],"mainLabel":54},"properties":{"id":"cd6cda05398e0ce51d901a62c9754434"},"orientationAtVertex":"FREE","reference":null}],"properties":{"id":"818cceb66ba9644e8f144779aa561d45","type":"splice"},"reference":null},{"@id":55,"shape":{"type":"rect","xposition":"NaN","yposition":"NaN","width":"NaN","height":"NaN","shapeStyle":2},"labelManager":{"labels":[{"type":"textLabel","@id":56,"inputText":"Anton","labelStyle":4,"shape":null,"layoutText":null}],"mainLabel":56},"portCompositions":[{"type":"portGroup","@id":57,"ordered":false,"portCompositions":[{"type":"port","@id":58,"shape":{"type":"rect","xposition":"NaN","yposition":"NaN","width":"NaN","height":"NaN","shapeStyle":2},"labelManager":{"labels":[{"type":"textLabel","@id":59,"inputText":"3","labelStyle":4,"shape":null,"layoutText":null}],"mainLabel":59},"properties":{"id":"112b809b157972a634cfa987354b0a5f"},"orientationAtVertex":"FREE","reference":null},{"type":"port","@id":60,"shape":{"type":"rect","xposition":"NaN","yposition":"NaN","width":"NaN","height":"NaN","shapeStyle":2},"labelManager":{"labels":[{"type":"textLabel","@id":61,"inputText":"2","labelStyle":4,"shape":null,"layoutText":null}],"mainLabel":61},"properties":{"id":"86d8a629e915612145c9c3f4e6fd57ee"},"orientationAtVertex":"FREE","reference":null},{"type":"port","@id":62,"shape":{"type":"rect","xposition":"NaN","yposition":"NaN","width":"NaN","height":"NaN","shapeStyle":2},"labelManager":{"labels":[{"type":"textLabel","@id":63,"inputText":"1","labelStyle":4,"shape":null,"layoutText":null}],"mainLabel":63},"properties":{"id":"ebf0994d7d22eec5073f3175826af086"},"orientationAtVertex":"FREE","reference":null}],"properties":{},"reference":null}],"properties":{"id":"a14605a659d6da865e3e00d264ef6896","type":"plug"},"reference":null},{"@id":64,"shape":{"type":"rect","xposition":"NaN","yposition":"NaN","width":"NaN","height":"NaN","shapeStyle":2},"labelManager":{"labels":[{"type":"textLabel","@id":65,"inputText":"Jonathan","labelStyle":4,"shape":null,"layoutText":null}],"mainLabel":65},"portCompositions":[{"type":"portGroup","@id":66,"ordered":false,"portCompositions":[{"type":"port","@id":67,"shape":{"type":"rect","xposition":"NaN","yposition":"NaN","width":"NaN","height":"NaN","shapeStyle":2},"labelManager":{"labels":[{"type":"textLabel","@id":68,"inputText":"3","labelStyle":4,"shape":null,"layoutText":null}],"mainLabel":68},"properties":{"id":"0e6990cbe4bb877d5ad0b6ff98c87479"},"orientationAtVertex":"FREE","reference":null},{"type":"port","@id":69,"shape":{"type":"rect","xposition":"NaN","yposition":"NaN","width":"NaN","height":"NaN","shapeStyle":2},"labelManager":{"labels":[{"type":"textLabel","@id":70,"inputText":"2","labelStyle":4,"shape":null,"layoutText":null}],"mainLabel":70},"properties":{"id":"5fc9d1017ec586951b0349d0ad8a200a"},"orientationAtVertex":"FREE","reference":null},{"type":"port","@id":71,"shape":{"type":"rect","xposition":"NaN","yposition":"NaN","width":"NaN","height":"NaN","shapeStyle":2},"labelManager":{"labels":[{"type":"textLabel","@id":72,"inputText":"1","labelStyle":4,"shape":null,"layoutText":null}],"mainLabel":72},"properties":{"id":"ed3aea20d515b05ec4d5c8c79e179b93"},"orientationAtVertex":"FREE","reference":null}],"properties":{},"reference":null}],"properties":{"id":"486505b638c874723ce8658dd66eb4bf","type":"plug"},"reference":null},{"@id":73,"shape":{"type":"rect","xposition":"NaN","yposition":"NaN","width":"NaN","height":"NaN","shapeStyle":2},"labelManager":{"labels":[{"type":"textLabel","@id":74,"inputText":"Elias","labelStyle":4,"shape":null,"layoutText":null}],"mainLabel":74},"portCompositions":[{"type":"portGroup","@id":75,"ordered":false,"portCompositions":[{"type":"port","@id":76,"shape":{"type":"rect","xposition":"NaN","yposition":"NaN","width":"NaN","height":"NaN","shapeStyle":2},"labelManager":{"labels":[{"type":"textLabel","@id":77,"inputText":"4","labelStyle":4,"shape":null,"layoutText":null}],"mainLabel":77},"properties":{"id":"516ac4184b8671df34461c261b40779c"},"orientationAtVertex":"FREE","reference":null},{"type":"port","@id":78,"shape":{"type":"rect","xposition":"NaN","yposition":"NaN","width":"NaN","height":"NaN","shapeStyle":2},"labelManager":{"labels":[{"type":"textLabel","@id":79,"inputText":"3","labelStyle":4,"shape":null,"layoutText":null}],"mainLabel":79},"properties":{"id":"4a89d0c8314801041e37bdc9cf582cc2"},"orientationAtVertex":"FREE","reference":null},{"type":"port","@id":80,"shape":{"type":"rect","xposition":"NaN","yposition":"NaN","width":"NaN","height":"NaN","shapeStyle":2},"labelManager":{"labels":[{"type":"textLabel","@id":81,"inputText":"6","labelStyle":4,"shape":null,"layoutText":null}],"mainLabel":81},"properties":{"id":"042be9fd4209a8afae1e43fd16b62cac"},"orientationAtVertex":"FREE","reference":null},{"type":"port","@id":82,"shape":{"type":"rect","xposition":"NaN","yposition":"NaN","width":"NaN","height":"NaN","shapeStyle":2},"labelManager":{"labels":[{"type":"textLabel","@id":83,"inputText":"2","labelStyle":4,"shape":null,"layoutText":null}],"mainLabel":83},"properties":{"id":"b111202f5213fbb9b9c5616925a03d47"},"orientationAtVertex":"FREE","reference":null},{"type":"port","@id":84,"shape":{"type":"rect","xposition":"NaN","yposition":"NaN","width":"NaN","height":"NaN","shapeStyle":{"@id":85,"description":"default shape style","color":{"argb":"ff000000"}}},"labelManager":{"labels":[{"type":"textLabel","@id":86,"inputText":"5","labelStyle":{"@id":87,"description":"default text label style","font":{"fontName":"SansSerif","style":0,"size":10},"noBreak":false,"color":{"argb":"ff000000"},"showLabel":true,"placement":"FREE","horizontalPlacement":"FREE","verticalPlacement":"FREE"},"shape":null,"layoutText":null}],"mainLabel":86},"properties":{},"orientationAtVertex":"FREE","reference":null},{"type":"port","@id":88,"shape":{"type":"rect","xposition":"NaN","yposition":"NaN","width":"NaN","height":"NaN","shapeStyle":85},"labelManager":{"labels":[{"type":"textLabel","@id":89,"inputText":"7","labelStyle":87,"shape":null,"layoutText":null}],"mainLabel":89},"properties":{},"orientationAtVertex":"FREE","reference":null},{"type":"port","@id":90,"shape":{"type":"rect","xposition":"NaN","yposition":"NaN","width":"NaN","height":"NaN","shapeStyle":85},"labelManager":{"labels":[{"type":"textLabel","@id":91,"inputText":"1","labelStyle":87,"shape":null,"layoutText":null}],"mainLabel":91},"properties":{},"orientationAtVertex":"FREE","reference":null}],"properties":{},"reference":null}],"properties":{"id":"beab7aef4db4f62b186bb7e039294d59","type":"plug"},"reference":null},{"@id":92,"shape":{"type":"rect","xposition":"NaN","yposition":"NaN","width":"NaN","height":"NaN","shapeStyle":2},"labelManager":{"labels":[{"type":"textLabel","@id":93,"inputText":"Emil","labelStyle":4,"shape":null,"layoutText":null}],"mainLabel":93},"portCompositions":[{"type":"portGroup","@id":94,"ordered":false,"portCompositions":[{"type":"port","@id":95,"shape":{"type":"rect","xposition":"NaN","yposition":"NaN","width":"NaN","height":"NaN","shapeStyle":2},"labelManager":{"labels":[{"type":"textLabel","@id":96,"inputText":"4","labelStyle":4,"shape":null,"layoutText":null}],"mainLabel":96},"properties":{"id":"442703e989b58c0c00d3523a882149ac"},"orientationAtVertex":"FREE","reference":null},{"type":"port","@id":97,"shape":{"type":"rect","xposition":"NaN","yposition":"NaN","width":"NaN","height":"NaN","shapeStyle":2},"labelManager":{"labels":[{"type":"textLabel","@id":98,"inputText":"3","labelStyle":4,"shape":null,"layoutText":null}],"mainLabel":98},"properties":{"id":"23d8825c6e70c9b0ffb26d657df11f11"},"orientationAtVertex":"FREE","reference":null},{"type":"port","@id":99,"shape":{"type":"rect","xposition":"NaN","yposition":"NaN","width":"NaN","height":"NaN","shapeStyle":2},"labelManager":{"labels":[{"type":"textLabel","@id":100,"inputText":"6","labelStyle":4,"shape":null,"layoutText":null}],"mainLabel":100},"properties":{"id":"a24ac32e0408fc8e5d604d329039ea18"},"orientationAtVertex":"FREE","reference":null},{"type":"port","@id":101,"shape":{"type":"rect","xposition":"NaN","yposition":"NaN","width":"NaN","height":"NaN","shapeStyle":2},"labelManager":{"labels":[{"type":"textLabel","@id":102,"inputText":"2","labelStyle":4,"shape":null,"layoutText":null}],"mainLabel":102},"properties":{"id":"d27d37a34bcc89a4b7eab7d391980312"},"orientationAtVertex":"FREE","reference":null},{"type":"port","@id":103,"shape":{"type":"rect","xposition":"NaN","yposition":"NaN","width":"NaN","height":"NaN","shapeStyle":85},"labelManager":{"labels":[{"type":"textLabel","@id":104,"inputText":"5","labelStyle":87,"shape":null,"layoutText":null}],"mainLabel":104},"properties":{},"orientationAtVertex":"FREE","reference":null},{"type":"port","@id":105,"shape":{"type":"rect","xposition":"NaN","yposition":"NaN","width":"NaN","height":"NaN","shapeStyle":85},"labelManager":{"labels":[{"type":"textLabel","@id":106,"inputText":"7","labelStyle":87,"shape":null,"layoutText":null}],"mainLabel":106},"properties":{},"orientationAtVertex":"FREE","reference":null},{"type":"port","@id":107,"shape":{"type":"rect","xposition":"NaN","yposition":"NaN","width":"NaN","height":"NaN","shapeStyle":85},"labelManager":{"labels":[{"type":"textLabel","@id":108,"inputText":"1","labelStyle":87,"shape":null,"layoutText":null}],"mainLabel":108},"properties":{},"orientationAtVertex":"FREE","reference":null}],"properties":{},"reference":null}],"properties":{"id":"df0affb71f30fa346a2edbe50b9c7019","type":"plug"},"reference":null},{"@id":109,"shape":{"type":"rect","xposition":"NaN","yposition":"NaN","width":"NaN","height":"NaN","shapeStyle":2},"labelManager":{"labels":[{"type":"textLabel","@id":110,"inputText":"Oskar","labelStyle":4,"shape":null,"layoutText":null}],"mainLabel":110},"portCompositions":[{"type":"portGroup","@id":111,"ordered":false,"portCompositions":[{"type":"port","@id":112,"shape":{"type":"rect","xposition":"NaN","yposition":"NaN","width":"NaN","height":"NaN","shapeStyle":2},"labelManager":{"labels":[{"type":"textLabel","@id":113,"inputText":"2","labelStyle":4,"shape":null,"layoutText":null}],"mainLabel":113},"properties":{"id":"a5a7ac44453f6b4f7e151ac1f7c574c8"},"orientationAtVertex":"FREE","reference":null},{"type":"port","@id":114,"shape":{"type":"rect","xposition":"NaN","yposition":"NaN","width":"NaN","height":"NaN","shapeStyle":85},"labelManager":{"labels":[{"type":"textLabel","@id":115,"inputText":"1","labelStyle":87,"shape":null,"layoutText":null}],"mainLabel":115},"properties":{},"orientationAtVertex":"FREE","reference":null}],"properties":{},"reference":null},{"type":"portGroup","@id":116,"ordered":false,"portCompositions":[],"properties":{},"reference":null}],"properties":{"id":"d96bfb06a9d99f8001db9657798a51a4","type":"device"},"reference":null},{"@id":117,"shape":{"type":"rect","xposition":"NaN","yposition":"NaN","width":"NaN","height":"NaN","shapeStyle":2},"labelManager":{"labels":[{"type":"textLabel","@id":118,"inputText":"Julius","labelStyle":4,"shape":null,"layoutText":null}],"mainLabel":118},"portCompositions":[{"type":"portGroup","@id":119,"ordered":false,"portCompositions":[{"type":"port","@id":120,"shape":{"type":"rect","xposition":"NaN","yposition":"NaN","width":"NaN","height":"NaN","shapeStyle":2},"labelManager":{"labels":[{"type":"textLabel","@id":121,"inputText":"2","labelStyle":4,"shape":null,"layoutText":null}],"mainLabel":121},"properties":{"id":"2b495fbe0eb637a8f71bb1f790b1aff8"},"orientationAtVertex":"FREE","reference":null},{"type":"port","@id":122,"shape":{"type":"rect","xposition":"NaN","yposition":"NaN","width":"NaN","height":"NaN","shapeStyle":85},"labelManager":{"labels":[{"type":"textLabel","@id":123,"inputText":"1","labelStyle":87,"shape":null,"layoutText":null}],"mainLabel":123},"properties":{},"orientationAtVertex":"FREE","reference":null}],"properties":{},"reference":null}],"properties":{"id":"e8619255948e97830d777cc5a69b0268","type":"socket"},"reference":null},{"@id":124,"shape":{"type":"rect","xposition":"NaN","yposition":"NaN","width":"NaN","height":"NaN","shapeStyle":2},"labelManager":{"labels":[{"type":"textLabel","@id":125,"inputText":"Leo","labelStyle":4,"shape":null,"layoutText":null}],"mainLabel":125},"portCompositions":[{"type":"portGroup","@id":126,"ordered":false,"portCompositions":[{"type":"port","@id":127,"shape":{"type":"rect","xposition":"NaN","yposition":"NaN","width":"NaN","height":"NaN","shapeStyle":2},"labelManager":{"labels":[{"type":"textLabel","@id":128,"inputText":"2","labelStyle":4,"shape":null,"layoutText":null}],"mainLabel":128},"properties":{"id":"683cf94b5228fa7c12ff1568e7186ebe"},"orientationAtVertex":"FREE","reference":null},{"type":"port","@id":129,"shape":{"type":"rect","xposition":"NaN","yposition":"NaN","width":"NaN","height":"NaN","shapeStyle":2},"labelManager":{"labels":[{"type":"textLabel","@id":130,"inputText":"1","labelStyle":4,"shape":null,"layoutText":null}],"mainLabel":130},"properties":{"id":"3e212940fd3144ee8b48e7fa360a09fd"},"orientationAtVertex":"FREE","reference":null}],"properties":{},"reference":null}],"properties":{"id":"9ffbe1d54e02d2f588819cfb03eee404","type":"plug"},"reference":null},{"@id":131,"shape":{"type":"rect","xposition":"NaN","yposition":"NaN","width":"NaN","height":"NaN","shapeStyle":2},"labelManager":{"labels":[{"type":"textLabel","@id":132,"inputText":"David","labelStyle":4,"shape":null,"layoutText":null}],"mainLabel":132},"portCompositions":[{"type":"portGroup","@id":133,"ordered":false,"portCompositions":[{"type":"port","@id":134,"shape":{"type":"rect","xposition":"NaN","yposition":"NaN","width":"NaN","height":"NaN","shapeStyle":2},"labelManager":{"labels":[{"type":"textLabel","@id":135,"inputText":"2","labelStyle":4,"shape":null,"layoutText":null}],"mainLabel":135},"properties":{"id":"707f7fe97b506b4f350291f1629e5301"},"orientationAtVertex":"FREE","reference":null},{"type":"port","@id":136,"shape":{"type":"rect","xposition":"NaN","yposition":"NaN","width":"NaN","height":"NaN","shapeStyle":2},"labelManager":{"labels":[{"type":"textLabel","@id":137,"inputText":"1","labelStyle":4,"shape":null,"layoutText":null}],"mainLabel":137},"properties":{"id":"46376764a4a64335b7752ed235c6f205"},"orientationAtVertex":"FREE","reference":null}],"properties":{},"reference":null}],"properties":{"id":"5643d3a28209ab5b04b160c008deb283","type":"plug"},"reference":null},{"@id":138,"shape":{"type":"rect","xposition":"NaN","yposition":"NaN","width":"NaN","height":"NaN","shapeStyle":2},"labelManager":{"labels":[{"type":"textLabel","@id":139,"inputText":"Julian","labelStyle":4,"shape":null,"layoutText":null}],"mainLabel":139},"portCompositions":[{"type":"portGroup","@id":140,"ordered":false,"portCompositions":[{"type":"port","@id":141,"shape":{"type":"rect","xposition":"NaN","yposition":"NaN","width":"NaN","height":"NaN","shapeStyle":2},"labelManager":{"labels":[{"type":"textLabel","@id":142,"inputText":"1","labelStyle":4,"shape":null,"layoutText":null}],"mainLabel":142},"properties":{"id":"5ba9d194b68768b40817f9d33230ead4"},"orientationAtVertex":"FREE","reference":null},{"type":"port","@id":143,"shape":{"type":"rect","xposition":"NaN","yposition":"NaN","width":"NaN","height":"NaN","shapeStyle":85},"labelManager":{"labels":[{"type":"textLabel","@id":144,"inputText":"2","labelStyle":87,"shape":null,"layoutText":null}],"mainLabel":144},"properties":{},"orientationAtVertex":"FREE","reference":null}],"properties":{},"reference":null}],"properties":{"id":"ad39e0ce2fa451ccd6ac8f849fd7d8c3","type":"plug"},"reference":null},{"@id":145,"shape":{"type":"rect","xposition":"NaN","yposition":"NaN","width":"NaN","height":"NaN","shapeStyle":2},"labelManager":{"labels":[{"type":"textLabel","@id":146,"inputText":"Benjamin","labelStyle":4,"shape":null,"layoutText":null}],"mainLabel":146},"portCompositions":[{"type":"portGroup","@id":147,"ordered":false,"portCompositions":[{"type":"port","@id":148,"shape":{"type":"rect","xposition":"NaN","yposition":"NaN","width":"NaN","height":"NaN","shapeStyle":2},"labelManager":{"labels":[{"type":"textLabel","@id":149,"inputText":"1","labelStyle":4,"shape":null,"layoutText":null}],"mainLabel":149},"properties":{"id":"2535edb61dae8a843f03b6df6628c433"},"orientationAtVertex":"FREE","reference":null},{"type":"port","@id":150,"shape":{"type":"rect","xposition":"NaN","yposition":"NaN","width":"NaN","height":"NaN","shapeStyle":85},"labelManager":{"labels":[{"type":"textLabel","@id":151,"inputText":"2","labelStyle":87,"shape":null,"layoutText":null}],"mainLabel":151},"properties":{},"orientationAtVertex":"FREE","reference":null}],"properties":{},"reference":null}],"properties":{"id":"00106d8d3b67ce1de0ab39c3ede2b409","type":"plug"},"reference":null},{"@id":152,"shape":{"type":"rect","xposition":"NaN","yposition":"NaN","width":"NaN","height":"NaN","shapeStyle":2},"labelManager":{"labels":[{"type":"textLabel","@id":153,"inputText":"Max","labelStyle":4,"shape":null,"layoutText":null}],"mainLabel":153},"portCompositions":[{"type":"portGroup","@id":154,"ordered":false,"portCompositions":[{"type":"port","@id":155,"shape":{"type":"rect","xposition":"NaN","yposition":"NaN","width":"NaN","height":"NaN","shapeStyle":2},"labelManager":{"labels":[{"type":"textLabel","@id":156,"inputText":"1","labelStyle":4,"shape":null,"layoutText":null}],"mainLabel":156},"properties":{"id":"351381447b8fca6c275e8e97ccb48362"},"orientationAtVertex":"FREE","reference":null},{"type":"port","@id":157,"shape":{"type":"rect","xposition":"NaN","yposition":"NaN","width":"NaN","height":"NaN","shapeStyle":2},"labelManager":{"labels":[{"type":"textLabel","@id":158,"inputText":"5","labelStyle":4,"shape":null,"layoutText":null}],"mainLabel":158},"properties":{"id":"5d1f9a73423b2691ba8512298678a416"},"orientationAtVertex":"FREE","reference":null},{"type":"port","@id":159,"shape":{"type":"rect","xposition":"NaN","yposition":"NaN","width":"NaN","height":"NaN","shapeStyle":2},"labelManager":{"labels":[{"type":"textLabel","@id":160,"inputText":"2","labelStyle":4,"shape":null,"layoutText":null}],"mainLabel":160},"properties":{"id":"866d363405e7ccefdf1fbdbd5d10aeba"},"orientationAtVertex":"FREE","reference":null},{"type":"port","@id":161,"shape":{"type":"rect","xposition":"NaN","yposition":"NaN","width":"NaN","height":"NaN","shapeStyle":85},"labelManager":{"labels":[{"type":"textLabel","@id":162,"inputText":"4","labelStyle":87,"shape":null,"layoutText":null}],"mainLabel":162},"properties":{},"orientationAtVertex":"FREE","reference":null},{"type":"port","@id":163,"shape":{"type":"rect","xposition":"NaN","yposition":"NaN","width":"NaN","height":"NaN","shapeStyle":85},"labelManager":{"labels":[{"type":"textLabel","@id":164,"inputText":"3","labelStyle":87,"shape":null,"layoutText":null}],"mainLabel":164},"properties":{},"orientationAtVertex":"FREE","reference":null}],"properties":{},"reference":null}],"properties":{"id":"88b7effc6d7221523d542ec1ccac320a","type":"plug"},"reference":null},{"@id":165,"shape":{"type":"rect","xposition":"NaN","yposition":"NaN","width":"NaN","height":"NaN","shapeStyle":2},"labelManager":{"labels":[{"type":"textLabel","@id":166,"inputText":"Alexander","labelStyle":4,"shape":null,"layoutText":null}],"mainLabel":166},"portCompositions":[{"type":"portGroup","@id":167,"ordered":false,"portCompositions":[{"type":"port","@id":168,"shape":{"type":"rect","xposition":"NaN","yposition":"NaN","width":"NaN","height":"NaN","shapeStyle":2},"labelManager":{"labels":[{"type":"textLabel","@id":169,"inputText":"1","labelStyle":4,"shape":null,"layoutText":null}],"mainLabel":169},"properties":{"id":"049d1bc0c42470e6d747194aade4e4d1"},"orientationAtVertex":"FREE","reference":null},{"type":"port","@id":170,"shape":{"type":"rect","xposition":"NaN","yposition":"NaN","width":"NaN","height":"NaN","shapeStyle":2},"labelManager":{"labels":[{"type":"textLabel","@id":171,"inputText":"5","labelStyle":4,"shape":null,"layoutText":null}],"mainLabel":171},"properties":{"id":"5112b4986dd469d99f33cd4a156d2a61"},"orientationAtVertex":"FREE","reference":null},{"type":"port","@id":172,"shape":{"type":"rect","xposition":"NaN","yposition":"NaN","width":"NaN","height":"NaN","shapeStyle":2},"labelManager":{"labels":[{"type":"textLabel","@id":173,"inputText":"2","labelStyle":4,"shape":null,"layoutText":null}],"mainLabel":173},"properties":{"id":"773774cd27a120d70da649217fd283a4"},"orientationAtVertex":"FREE","reference":null},{"type":"port","@id":174,"shape":{"type":"rect","xposition":"NaN","yposition":"NaN","width":"NaN","height":"NaN","shapeStyle":85},"labelManager":{"labels":[{"type":"textLabel","@id":175,"inputText":"4","labelStyle":87,"shape":null,"layoutText":null}],"mainLabel":175},"properties":{},"orientationAtVertex":"FREE","reference":null},{"type":"port","@id":176,"shape":{"type":"rect","xposition":"NaN","yposition":"NaN","width":"NaN","height":"NaN","shapeStyle":85},"labelManager":{"labels":[{"type":"textLabel","@id":177,"inputText":"3","labelStyle":87,"shape":null,"layoutText":null}],"mainLabel":177},"properties":{},"orientationAtVertex":"FREE","reference":null}],"properties":{},"reference":null}],"properties":{"id":"2c527f62708740ea80a0b67fec7f0cd0","type":"plug"},"reference":null},{"@id":178,"shape":{"type":"rect","xposition":"NaN","yposition":"NaN","width":"NaN","height":"NaN","shapeStyle":2},"labelManager":{"labels":[{"type":"textLabel","@id":179,"inputText":"Tom","labelStyle":4,"shape":null,"layoutText":null}],"mainLabel":179},"portCompositions":[{"type":"port","@id":180,"shape":{"type":"rect","xposition":"NaN","yposition":"NaN","width":"NaN","height":"NaN","shapeStyle":2},"labelManager":{"labels":[{"type":"textLabel","@id":181,"inputText":"1","labelStyle":4,"shape":null,"layoutText":null}],"mainLabel":181},"properties":{"id":"7a4ca1eeeacb05b4c43b8389c14d62ae"},"orientationAtVertex":"FREE","reference":null}],"properties":{"id":"a43c1f19c080c495653d358d783c33b1","type":"splice"},"reference":null},{"@id":182,"shape":{"type":"rect","xposition":"NaN","yposition":"NaN","width":"NaN","height":"NaN","shapeStyle":2},"labelManager":{"labels":[{"type":"textLabel","@id":183,"inputText":"Henri","labelStyle":4,"shape":null,"layoutText":null}],"mainLabel":183},"portCompositions":[{"type":"portGroup","@id":184,"ordered":false,"portCompositions":[{"type":"port","@id":185,"shape":{"type":"rect","xposition":"NaN","yposition":"NaN","width":"NaN","height":"NaN","shapeStyle":2},"labelManager":{"labels":[{"type":"textLabel","@id":186,"inputText":"2","labelStyle":4,"shape":null,"layoutText":null}],"mainLabel":186},"properties":{"id":"85fff950fc26592c263bb94d61084add"},"orientationAtVertex":"FREE","reference":null},{"type":"port","@id":187,"shape":{"type":"rect","xposition":"NaN","yposition":"NaN","width":"NaN","height":"NaN","shapeStyle":2},"labelManager":{"labels":[{"type":"textLabel","@id":188,"inputText":"1","labelStyle":4,"shape":null,"layoutText":null}],"mainLabel":188},"properties":{"id":"8877cb89d87176ec4e579553f6d75f43"},"orientationAtVertex":"FREE","reference":null},{"type":"port","@id":189,"shape":{"type":"rect","xposition":"NaN","yposition":"NaN","width":"NaN","height":"NaN","shapeStyle":2},"labelManager":{"labels":[{"type":"textLabel","@id":190,"inputText":"3","labelStyle":4,"shape":null,"layoutText":null}],"mainLabel":190},"properties":{"id":"c10cd240f585e4a251c4c6f6d56dff93"},"orientationAtVertex":"FREE","reference":null}],"properties":{},"reference":null}],"properties":{"id":"f3bb93742f9befdfcec1f72faf7b3418","type":"plug"},"reference":null},{"@id":191,"shape":{"type":"rect","xposition":"NaN","yposition":"NaN","width":"NaN","height":"NaN","shapeStyle":2},"labelManager":{"labels":[{"type":"textLabel","@id":192,"inputText":"Louis","labelStyle":4,"shape":null,"layoutText":null}],"mainLabel":192},"portCompositions":[{"type":"portGroup","@id":193,"ordered":false,"portCompositions":[{"type":"port","@id":194,"shape":{"type":"rect","xposition":"NaN","yposition":"NaN","width":"NaN","height":"NaN","shapeStyle":2},"labelManager":{"labels":[{"type":"textLabel","@id":195,"inputText":"2","labelStyle":4,"shape":null,"layoutText":null}],"mainLabel":195},"properties":{"id":"64fa24572a36550d71999631c36e25d7"},"orientationAtVertex":"FREE","reference":null},{"type":"port","@id":196,"shape":{"type":"rect","xposition":"NaN","yposition":"NaN","width":"NaN","height":"NaN","shapeStyle":2},"labelManager":{"labels":[{"type":"textLabel","@id":197,"inputText":"1","labelStyle":4,"shape":null,"layoutText":null}],"mainLabel":197},"properties":{"id":"bd21e076692d411f012b3340c5499f89"},"orientationAtVertex":"FREE","reference":null},{"type":"port","@id":198,"shape":{"type":"rect","xposition":"NaN","yposition":"NaN","width":"NaN","height":"NaN","shapeStyle":2},"labelManager":{"labels":[{"type":"textLabel","@id":199,"inputText":"3","labelStyle":4,"shape":null,"layoutText":null}],"mainLabel":199},"properties":{"id":"24ebfdfc502dd7084963e234cac8f83c"},"orientationAtVertex":"FREE","reference":null}],"properties":{},"reference":null}],"properties":{"id":"b6a48b38284cebda3fe21675bae6e4ec","type":"plug"},"reference":null},{"@id":200,"shape":{"type":"rect","xposition":"NaN","yposition":"NaN","width":"NaN","height":"NaN","shapeStyle":2},"labelManager":{"labels":[{"type":"textLabel","@id":201,"inputText":"Jakob","labelStyle":4,"shape":null,"layoutText":null}],"mainLabel":201},"portCompositions":[{"type":"port","@id":202,"shape":{"type":"rect","xposition":"NaN","yposition":"NaN","width":"NaN","height":"NaN","shapeStyle":2},"labelManager":{"labels":[{"type":"textLabel","@id":203,"inputText":"1","labelStyle":4,"shape":null,"layoutText":null}],"mainLabel":203},"properties":{"id":"1c9e879815d0c5729f5b8d4cf76d0985"},"orientationAtVertex":"FREE","reference":null}],"properties":{"id":"6bb1c3c1ba40de169432a2028cc918b3","type":"splice"},"reference":null},{"@id":204,"shape":{"type":"rect","xposition":"NaN","yposition":"NaN","width":"NaN","height":"NaN","shapeStyle":2},"labelManager":{"labels":[{"type":"textLabel","@id":205,"inputText":"Ali","labelStyle":4,"shape":null,"layoutText":null}],"mainLabel":205},"portCompositions":[{"type":"port","@id":206,"shape":{"type":"rect","xposition":"NaN","yposition":"NaN","width":"NaN","height":"NaN","shapeStyle":2},"labelManager":{"labels":[{"type":"textLabel","@id":207,"inputText":"1","labelStyle":4,"shape":null,"layoutText":null}],"mainLabel":207},"properties":{"id":"03b2ecd661087ab5c3b9e03295ca817b"},"orientationAtVertex":"FREE","reference":null}],"properties":{"id":"98ade3b6a1ae3185b2488b2882db33ec","type":"splice"},"reference":null},{"@id":208,"shape":{"type":"rect","xposition":"NaN","yposition":"NaN","width":"NaN","height":"NaN","shapeStyle":2},"labelManager":{"labels":[{"type":"textLabel","@id":209,"inputText":"Paul","labelStyle":4,"shape":null,"layoutText":null}],"mainLabel":209},"portCompositions":[{"type":"portGroup","@id":210,"ordered":false,"portCompositions":[{"type":"port","@id":211,"shape":{"type":"rect","xposition":"NaN","yposition":"NaN","width":"NaN","height":"NaN","shapeStyle":2},"labelManager":{"labels":[{"type":"textLabel","@id":212,"inputText":"5","labelStyle":4,"shape":null,"layoutText":null}],"mainLabel":212},"properties":{"id":"6692e2ff173b360f3fd81176e8174ab1"},"orientationAtVertex":"FREE","reference":null},{"type":"port","@id":213,"shape":{"type":"rect","xposition":"NaN","yposition":"NaN","width":"NaN","height":"NaN","shapeStyle":2},"labelManager":{"labels":[{"type":"textLabel","@id":214,"inputText":"3","labelStyle":4,"shape":null,"layoutText":null}],"mainLabel":214},"properties":{"id":"e67d5c2c219d65d41db8265df5cf0bba"},"orientationAtVertex":"FREE","reference":null},{"type":"port","@id":215,"shape":{"type":"rect","xposition":"NaN","yposition":"NaN","width":"NaN","height":"NaN","shapeStyle":85},"labelManager":{"labels":[{"type":"textLabel","@id":216,"inputText":"2","labelStyle":87,"shape":null,"layoutText":null}],"mainLabel":216},"properties":{},"orientationAtVertex":"FREE","reference":null},{"type":"port","@id":217,"shape":{"type":"rect","xposition":"NaN","yposition":"NaN","width":"NaN","height":"NaN","shapeStyle":85},"labelManager":{"labels":[{"type":"textLabel","@id":218,"inputText":"1","labelStyle":87,"shape":null,"layoutText":null}],"mainLabel":218},"properties":{},"orientationAtVertex":"FREE","reference":null},{"type":"port","@id":219,"shape":{"type":"rect","xposition":"NaN","yposition":"NaN","width":"NaN","height":"NaN","shapeStyle":85},"labelManager":{"labels":[{"type":"textLabel","@id":220,"inputText":"4","labelStyle":87,"shape":null,"layoutText":null}],"mainLabel":220},"properties":{},"orientationAtVertex":"FREE","reference":null}],"properties":{},"reference":null}],"properties":{"id":"3863409adfcc92f0dad774b10ec9dca9","type":"device"},"reference":null},{"@id":221,"shape":{"type":"rect","xposition":"NaN","yposition":"NaN","width":"NaN","height":"NaN","shapeStyle":2},"labelManager":{"labels":[{"type":"textLabel","@id":222,"inputText":"Jan","labelStyle":4,"shape":null,"layoutText":null}],"mainLabel":222},"portCompositions":[{"type":"portGroup","@id":223,"ordered":false,"portCompositions":[{"type":"port","@id":224,"shape":{"type":"rect","xposition":"NaN","yposition":"NaN","width":"NaN","height":"NaN","shapeStyle":2},"labelManager":{"labels":[{"type":"textLabel","@id":225,"inputText":"5","labelStyle":4,"shape":null,"layoutText":null}],"mainLabel":225},"properties":{"id":"9ff104232ad5b8cff91266f00aadf3a2"},"orientationAtVertex":"FREE","reference":null},{"type":"port","@id":226,"shape":{"type":"rect","xposition":"NaN","yposition":"NaN","width":"NaN","height":"NaN","shapeStyle":2},"labelManager":{"labels":[{"type":"textLabel","@id":227,"inputText":"3","labelStyle":4,"shape":null,"layoutText":null}],"mainLabel":227},"properties":{"id":"11e6eb5f15d6c6b63104c9c10ac0d71d"},"orientationAtVertex":"FREE","reference":null}],"properties":{},"reference":null}],"properties":{"id":"be53e01cb2048ba0ea912c17387c38b9","type":"socket"},"reference":null},{"@id":228,"shape":{"type":"rect","xposition":"NaN","yposition":"NaN","width":"NaN","height":"NaN","shapeStyle":2},"labelManager":{"labels":[{"type":"textLabel","@id":229,"inputText":"Lukas","labelStyle":4,"shape":null,"layoutText":null}],"mainLabel":229},"portCompositions":[{"type":"portGroup","@id":230,"ordered":false,"portCompositions":[{"type":"port","@id":231,"shape":{"type":"rect","xposition":"NaN","yposition":"NaN","width":"NaN","height":"NaN","shapeStyle":2},"labelManager":{"labels":[{"type":"textLabel","@id":232,"inputText":"3","labelStyle":4,"shape":null,"layoutText":null}],"mainLabel":232},"properties":{"id":"00d41eeec89f0c4119fbe835f4c5bd88"},"orientationAtVertex":"FREE","reference":null},{"type":"port","@id":233,"shape":{"type":"rect","xposition":"NaN","yposition":"NaN","width":"NaN","height":"NaN","shapeStyle":2},"labelManager":{"labels":[{"type":"textLabel","@id":234,"inputText":"4","labelStyle":4,"shape":null,"layoutText":null}],"mainLabel":234},"properties":{"id":"50ea903f5e8f9362f88371451da85bd1"},"orientationAtVertex":"FREE","reference":null},{"type":"port","@id":235,"shape":{"type":"rect","xposition":"NaN","yposition":"NaN","width":"NaN","height":"NaN","shapeStyle":2},"labelManager":{"labels":[{"type":"textLabel","@id":236,"inputText":"2","labelStyle":4,"shape":null,"layoutText":null}],"mainLabel":236},"properties":{"id":"0582fe53880b331d9cc6a241de3bb71d"},"orientationAtVertex":"FREE","reference":null},{"type":"port","@id":237,"shape":{"type":"rect","xposition":"NaN","yposition":"NaN","width":"NaN","height":"NaN","shapeStyle":2},"labelManager":{"labels":[{"type":"textLabel","@id":238,"inputText":"5","labelStyle":4,"shape":null,"layoutText":null}],"mainLabel":238},"properties":{"id":"afeccc114896f25aca4f8f06461272a6"},"orientationAtVertex":"FREE","reference":null},{"type":"port","@id":239,"shape":{"type":"rect","xposition":"NaN","yposition":"NaN","width":"NaN","height":"NaN","shapeStyle":85},"labelManager":{"labels":[{"type":"textLabel","@id":240,"inputText":"1","labelStyle":87,"shape":null,"layoutText":null}],"mainLabel":240},"properties":{},"orientationAtVertex":"FREE","reference":null}],"properties":{},"reference":null}],"properties":{"id":"b427c9718a5c0e76bda5a8b83d436e04","type":"plug"},"reference":null},{"@id":241,"shape":{"type":"rect","xposition":"NaN","yposition":"NaN","width":"NaN","height":"NaN","shapeStyle":2},"labelManager":{"labels":[{"type":"textLabel","@id":242,"inputText":"Noah","labelStyle":4,"shape":null,"layoutText":null}],"mainLabel":242},"portCompositions":[{"type":"portGroup","@id":243,"ordered":false,"portCompositions":[{"type":"port","@id":244,"shape":{"type":"rect","xposition":"NaN","yposition":"NaN","width":"NaN","height":"NaN","shapeStyle":2},"labelManager":{"labels":[{"type":"textLabel","@id":245,"inputText":"3","labelStyle":4,"shape":null,"layoutText":null}],"mainLabel":245},"properties":{"id":"94f8a53550180ae2dfbf436e93f2822f"},"orientationAtVertex":"FREE","reference":null},{"type":"port","@id":246,"shape":{"type":"rect","xposition":"NaN","yposition":"NaN","width":"NaN","height":"NaN","shapeStyle":2},"labelManager":{"labels":[{"type":"textLabel","@id":247,"inputText":"4","labelStyle":4,"shape":null,"layoutText":null}],"mainLabel":247},"properties":{"id":"bfb6230144d9a045517d60c3a9ea2a1d"},"orientationAtVertex":"FREE","reference":null},{"type":"port","@id":248,"shape":{"type":"rect","xposition":"NaN","yposition":"NaN","width":"NaN","height":"NaN","shapeStyle":2},"labelManager":{"labels":[{"type":"textLabel","@id":249,"inputText":"2","labelStyle":4,"shape":null,"layoutText":null}],"mainLabel":249},"properties":{"id":"318ad05fee05de84870cbc66126b7fc9"},"orientationAtVertex":"FREE","reference":null},{"type":"port","@id":250,"shape":{"type":"rect","xposition":"NaN","yposition":"NaN","width":"NaN","height":"NaN","shapeStyle":2},"labelManager":{"labels":[{"type":"textLabel","@id":251,"inputText":"5","labelStyle":4,"shape":null,"layoutText":null}],"mainLabel":251},"properties":{"id":"0066608abac9139cd327a2bf14c64c3e"},"orientationAtVertex":"FREE","reference":null},{"type":"port","@id":252,"shape":{"type":"rect","xposition":"NaN","yposition":"NaN","width":"NaN","height":"NaN","shapeStyle":85},"labelManager":{"labels":[{"type":"textLabel","@id":253,"inputText":"1","labelStyle":87,"shape":null,"layoutText":null}],"mainLabel":253},"properties":{},"orientationAtVertex":"FREE","reference":null}],"properties":{},"reference":null}],"properties":{"id":"85d712f3a004ecc4a16b73d349fdebc3","type":"plug"},"reference":null},{"@id":254,"shape":{"type":"rect","xposition":"NaN","yposition":"NaN","width":"NaN","height":"NaN","shapeStyle":2},"labelManager":{"labels":[{"type":"textLabel","@id":255,"inputText":"Samuel","labelStyle":4,"shape":null,"layoutText":null}],"mainLabel":255},"portCompositions":[{"type":"portGroup","@id":256,"ordered":false,"portCompositions":[{"type":"port","@id":257,"shape":{"type":"rect","xposition":"NaN","yposition":"NaN","width":"NaN","height":"NaN","shapeStyle":2},"labelManager":{"labels":[{"type":"textLabel","@id":258,"inputText":"1","labelStyle":4,"shape":null,"layoutText":null}],"mainLabel":258},"properties":{"id":"d1c7ceb85e1dc659a09fa0852b85dd16"},"orientationAtVertex":"FREE","reference":null}],"properties":{},"reference":null}],"properties":{"id":"51697139c6fff33ab40deb0b159eafd0","type":"plug"},"reference":null},{"@id":259,"shape":{"type":"rect","xposition":"NaN","yposition":"NaN","width":"NaN","height":"NaN","shapeStyle":2},"labelManager":{"labels":[{"type":"textLabel","@id":260,"inputText":"Leon","labelStyle":4,"shape":null,"layoutText":null}],"mainLabel":260},"portCompositions":[{"type":"portGroup","@id":261,"ordered":false,"portCompositions":[{"type":"port","@id":262,"shape":{"type":"rect","xposition":"NaN","yposition":"NaN","width":"NaN","height":"NaN","shapeStyle":2},"labelManager":{"labels":[{"type":"textLabel","@id":263,"inputText":"1","labelStyle":4,"shape":null,"layoutText":null}],"mainLabel":263},"properties":{"id":"dbd7ac9b930cdbad81dab456cbf03453"},"orientationAtVertex":"FREE","reference":null}],"properties":{},"reference":null}],"properties":{"id":"efb15aad3de828079315a647adcc6cf6","type":"plug"},"reference":null},{"@id":264,"shape":{"type":"rect","xposition":"NaN","yposition":"NaN","width":"NaN","height":"NaN","shapeStyle":2},"labelManager":{"labels":[{"type":"textLabel","@id":265,"inputText":"Henry","labelStyle":4,"shape":null,"layoutText":null}],"mainLabel":265},"portCompositions":[{"type":"portGroup","@id":266,"ordered":false,"portCompositions":[{"type":"port","@id":267,"shape":{"type":"rect","xposition":"NaN","yposition":"NaN","width":"NaN","height":"NaN","shapeStyle":2},"labelManager":{"labels":[{"type":"textLabel","@id":268,"inputText":"2","labelStyle":4,"shape":null,"layoutText":null}],"mainLabel":268},"properties":{"id":"4d3cb13393db2124abef3380cddd3e16"},"orientationAtVertex":"FREE","reference":null},{"type":"port","@id":269,"shape":{"type":"rect","xposition":"NaN","yposition":"NaN","width":"NaN","height":"NaN","shapeStyle":2},"labelManager":{"labels":[{"type":"textLabel","@id":270,"inputText":"1","labelStyle":4,"shape":null,"layoutText":null}],"mainLabel":270},"properties":{"id":"e23375dc716a62f0d247de6f308af96e"},"orientationAtVertex":"FREE","reference":null},{"type":"port","@id":271,"shape":{"type":"rect","xposition":"NaN","yposition":"NaN","width":"NaN","height":"NaN","shapeStyle":2},"labelManager":{"labels":[{"type":"textLabel","@id":272,"inputText":"3","labelStyle":4,"shape":null,"layoutText":null}],"mainLabel":272},"properties":{"id":"4d0646ddca614a0f1129afe2c107883f"},"orientationAtVertex":"FREE","reference":null}],"properties":{},"reference":null}],"properties":{"id":"13035e45482c6ffd7a05577d6ed7b1cc","type":"plug"},"reference":null},{"@id":273,"shape":{"type":"rect","xposition":"NaN","yposition":"NaN","width":"NaN","height":"NaN","shapeStyle":2},"labelManager":{"labels":[{"type":"textLabel","@id":274,"inputText":"Johann","labelStyle":4,"shape":null,"layoutText":null}],"mainLabel":274},"portCompositions":[{"type":"portGroup","@id":275,"ordered":false,"portCompositions":[{"type":"port","@id":276,"shape":{"type":"rect","xposition":"NaN","yposition":"NaN","width":"NaN","height":"NaN","shapeStyle":2},"labelManager":{"labels":[{"type":"textLabel","@id":277,"inputText":"2","labelStyle":4,"shape":null,"layoutText":null}],"mainLabel":277},"properties":{"id":"8595fc4d89ea9873cdab8e6ff07116c4"},"orientationAtVertex":"FREE","reference":null},{"type":"port","@id":278,"shape":{"type":"rect","xposition":"NaN","yposition":"NaN","width":"NaN","height":"NaN","shapeStyle":2},"labelManager":{"labels":[{"type":"textLabel","@id":279,"inputText":"1","labelStyle":4,"shape":null,"layoutText":null}],"mainLabel":279},"properties":{"id":"2a30bd7f35a3eeb039d44c6c5addc546"},"orientationAtVertex":"FREE","reference":null},{"type":"port","@id":280,"shape":{"type":"rect","xposition":"NaN","yposition":"NaN","width":"NaN","height":"NaN","shapeStyle":2},"labelManager":{"labels":[{"type":"textLabel","@id":281,"inputText":"3","labelStyle":4,"shape":null,"layoutText":null}],"mainLabel":281},"properties":{"id":"d52dd8b7bff379f3e632eb56361aad1e"},"orientationAtVertex":"FREE","reference":null}],"properties":{},"reference":null}],"properties":{"id":"f9be8af871edb59b4a49480d3c1e8231","type":"plug"},"reference":null},{"@id":282,"shape":{"type":"rect","xposition":"NaN","yposition":"NaN","width":"NaN","height":"NaN","shapeStyle":2},"labelManager":{"labels":[{"type":"textLabel","@id":283,"inputText":"Gabriel","labelStyle":4,"shape":null,"layoutText":null}],"mainLabel":283},"portCompositions":[{"type":"portGroup","@id":284,"ordered":false,"portCompositions":[{"type":"port","@id":285,"shape":{"type":"rect","xposition":"NaN","yposition":"NaN","width":"NaN","height":"NaN","shapeStyle":2},"labelManager":{"labels":[{"type":"textLabel","@id":286,"inputText":"2","labelStyle":4,"shape":null,"layoutText":null}],"mainLabel":286},"properties":{"id":"1cca72b6fe0074ae45c27453fe9677c9"},"orientationAtVertex":"FREE","reference":null},{"type":"port","@id":287,"shape":{"type":"rect","xposition":"NaN","yposition":"NaN","width":"NaN","height":"NaN","shapeStyle":2},"labelManager":{"labels":[{"type":"textLabel","@id":288,"inputText":"6","labelStyle":4,"shape":null,"layoutText":null}],"mainLabel":288},"properties":{"id":"7974718dbbe00ea1e2d36b761f92e454"},"orientationAtVertex":"FREE","reference":null},{"type":"port","@id":289,"shape":{"type":"rect","xposition":"NaN","yposition":"NaN","width":"NaN","height":"NaN","shapeStyle":2},"labelManager":{"labels":[{"type":"textLabel","@id":290,"inputText":"7","labelStyle":4,"shape":null,"layoutText":null}],"mainLabel":290},"properties":{"id":"3b6f466b4023e3347f79853a22a49cfa"},"orientationAtVertex":"FREE","reference":null},{"type":"port","@id":291,"shape":{"type":"rect","xposition":"NaN","yposition":"NaN","width":"NaN","height":"NaN","shapeStyle":2},"labelManager":{"labels":[{"type":"textLabel","@id":292,"inputText":"3","labelStyle":4,"shape":null,"layoutText":null}],"mainLabel":292},"properties":{"id":"ffed73a8a750f0ff5d3898bf21fa4e54"},"orientationAtVertex":"FREE","reference":null},{"type":"port","@id":293,"shape":{"type":"rect","xposition":"NaN","yposition":"NaN","width":"NaN","height":"NaN","shapeStyle":2},"labelManager":{"labels":[{"type":"textLabel","@id":294,"inputText":"4","labelStyle":4,"shape":null,"layoutText":null}],"mainLabel":294},"properties":{"id":"bee2c4998420876facd72806cd781459"},"orientationAtVertex":"FREE","reference":null},{"type":"port","@id":295,"shape":{"type":"rect","xposition":"NaN","yposition":"NaN","width":"NaN","height":"NaN","shapeStyle":2},"labelManager":{"labels":[{"type":"textLabel","@id":296,"inputText":"1","labelStyle":4,"shape":null,"layoutText":null}],"mainLabel":296},"properties":{"id":"72c7dbbcec0d03c19dad6e7fa0fd4053"},"orientationAtVertex":"FREE","reference":null},{"type":"port","@id":297,"shape":{"type":"rect","xposition":"NaN","yposition":"NaN","width":"NaN","height":"NaN","shapeStyle":2},"labelManager":{"labels":[{"type":"textLabel","@id":298,"inputText":"5","labelStyle":4,"shape":null,"layoutText":null}],"mainLabel":298},"properties":{"id":"8ae77b8df32b25cd7a6f371f7ed16b2f"},"orientationAtVertex":"FREE","reference":null},{"type":"port","@id":299,"shape":{"type":"rect","xposition":"NaN","yposition":"NaN","width":"NaN","height":"NaN","shapeStyle":85},"labelManager":{"labels":[{"type":"textLabel","@id":300,"inputText":"8","labelStyle":87,"shape":null,"layoutText":null}],"mainLabel":300},"properties":{},"orientationAtVertex":"FREE","reference":null},{"type":"port","@id":301,"shape":{"type":"rect","xposition":"NaN","yposition":"NaN","width":"NaN","height":"NaN","shapeStyle":85},"labelManager":{"labels":[{"type":"textLabel","@id":302,"inputText":"9","labelStyle":87,"shape":null,"layoutText":null}],"mainLabel":302},"properties":{},"orientationAtVertex":"FREE","reference":null}],"properties":{},"reference":null}],"properties":{"id":"aa1f25476d0a35242beaee544bf2cfb8","type":"device"},"reference":null},{"@id":303,"shape":{"type":"rect","xposition":"NaN","yposition":"NaN","width":"NaN","height":"NaN","shapeStyle":2},"labelManager":{"labels":[{"type":"textLabel","@id":304,"inputText":"Moritz","labelStyle":4,"shape":null,"layoutText":null}],"mainLabel":304},"portCompositions":[{"type":"portGroup","@id":305,"ordered":false,"portCompositions":[{"type":"port","@id":306,"shape":{"type":"rect","xposition":"NaN","yposition":"NaN","width":"NaN","height":"NaN","shapeStyle":2},"labelManager":{"labels":[{"type":"textLabel","@id":307,"inputText":"2","labelStyle":4,"shape":null,"layoutText":null}],"mainLabel":307},"properties":{"id":"434a7a45b0f9719f789bd86dd8eb087b"},"orientationAtVertex":"FREE","reference":null},{"type":"port","@id":308,"shape":{"type":"rect","xposition":"NaN","yposition":"NaN","width":"NaN","height":"NaN","shapeStyle":2},"labelManager":{"labels":[{"type":"textLabel","@id":309,"inputText":"6","labelStyle":4,"shape":null,"layoutText":null}],"mainLabel":309},"properties":{"id":"f62be7e626cce821c312f60c280ecd25"},"orientationAtVertex":"FREE","reference":null},{"type":"port","@id":310,"shape":{"type":"rect","xposition":"NaN","yposition":"NaN","width":"NaN","height":"NaN","shapeStyle":2},"labelManager":{"labels":[{"type":"textLabel","@id":311,"inputText":"7","labelStyle":4,"shape":null,"layoutText":null}],"mainLabel":311},"properties":{"id":"6c97df480fb202f7813415757705bfc0"},"orientationAtVertex":"FREE","reference":null},{"type":"port","@id":312,"shape":{"type":"rect","xposition":"NaN","yposition":"NaN","width":"NaN","height":"NaN","shapeStyle":2},"labelManager":{"labels":[{"type":"textLabel","@id":313,"inputText":"3","labelStyle":4,"shape":null,"layoutText":null}],"mainLabel":313},"properties":{"id":"ad75ac75c2358fb143e71b7878566aa7"},"orientationAtVertex":"FREE","reference":null},{"type":"port","@id":314,"shape":{"type":"rect","xposition":"NaN","yposition":"NaN","width":"NaN","height":"NaN","shapeStyle":2},"labelManager":{"labels":[{"type":"textLabel","@id":315,"inputText":"4","labelStyle":4,"shape":null,"layoutText":null}],"mainLabel":315},"properties":{"id":"d42e147a59b04c3db2d4cbbb1d19e938"},"orientationAtVertex":"FREE","reference":null},{"type":"port","@id":316,"shape":{"type":"rect","xposition":"NaN","yposition":"NaN","width":"NaN","height":"NaN","shapeStyle":2},"labelManager":{"labels":[{"type":"textLabel","@id":317,"inputText":"1","labelStyle":4,"shape":null,"layoutText":null}],"mainLabel":317},"properties":{"id":"dd3c5438313e99b54d6e33d236ecbbd4"},"orientationAtVertex":"FREE","reference":null},{"type":"port","@id":318,"shape":{"type":"rect","xposition":"NaN","yposition":"NaN","width":"NaN","height":"NaN","shapeStyle":2},"labelManager":{"labels":[{"type":"textLabel","@id":319,"inputText":"5","labelStyle":4,"shape":null,"layoutText":null}],"mainLabel":319},"properties":{"id":"ed9ca18b7bafd853207bba49523e6c0e"},"orientationAtVertex":"FREE","reference":null},{"type":"port","@id":320,"shape":{"type":"rect","xposition":"NaN","yposition":"NaN","width":"NaN","height":"NaN","shapeStyle":85},"labelManager":{"labels":[{"type":"textLabel","@id":321,"inputText":"8","labelStyle":87,"shape":null,"layoutText":null}],"mainLabel":321},"properties":{},"orientationAtVertex":"FREE","reference":null},{"type":"port","@id":322,"shape":{"type":"rect","xposition":"NaN","yposition":"NaN","width":"NaN","height":"NaN","shapeStyle":85},"labelManager":{"labels":[{"type":"textLabel","@id":323,"inputText":"9","labelStyle":87,"shape":null,"layoutText":null}],"mainLabel":323},"properties":{},"orientationAtVertex":"FREE","reference":null}],"properties":{},"reference":null}],"properties":{"id":"14992b6240155b286b378f7b3045b0b3","type":"socket"},"reference":null},{"@id":324,"shape":{"type":"rect","xposition":"NaN","yposition":"NaN","width":"NaN","height":"NaN","shapeStyle":2},"labelManager":{"labels":[{"type":"textLabel","@id":325,"inputText":"Ben","labelStyle":4,"shape":null,"layoutText":null}],"mainLabel":325},"portCompositions":[{"type":"port","@id":326,"shape":{"type":"rect","xposition":"NaN","yposition":"NaN","width":"NaN","height":"NaN","shapeStyle":2},"labelManager":{"labels":[{"type":"textLabel","@id":327,"inputText":"1","labelStyle":4,"shape":null,"layoutText":null}],"mainLabel":327},"properties":{"id":"a7b628d9fd189e514728aa41ac26bc51"},"orientationAtVertex":"FREE","reference":null}],"properties":{"id":"3d17e6be3d6b93790ca6e276066f333b","type":"splice"},"reference":null},{"@id":328,"shape":null,"labelManager":{"labels":[{"type":"textLabel","@id":329,"inputText":"Finn","labelStyle":87,"shape":null,"layoutText":null}],"mainLabel":329},"portCompositions":[{"type":"portGroup","@id":330,"ordered":false,"portCompositions":[{"type":"port","@id":331,"shape":{"type":"rect","xposition":"NaN","yposition":"NaN","width":"NaN","height":"NaN","shapeStyle":85},"labelManager":{"labels":[{"type":"textLabel","@id":332,"inputText":"1","labelStyle":87,"shape":null,"layoutText":null}],"mainLabel":332},"properties":{},"orientationAtVertex":"FREE","reference":null}],"properties":{},"reference":null}],"properties":{},"reference":null},{"@id":333,"shape":null,"labelManager":{"labels":[{"type":"textLabel","@id":334,"inputText":"Johannes","labelStyle":87,"shape":null,"layoutText":null}],"mainLabel":334},"portCompositions":[{"type":"portGroup","@id":335,"ordered":false,"portCompositions":[{"type":"port","@id":336,"shape":{"type":"rect","xposition":"NaN","yposition":"NaN","width":"NaN","height":"NaN","shapeStyle":85},"labelManager":{"labels":[{"type":"textLabel","@id":337,"inputText":"1","labelStyle":87,"shape":null,"layoutText":null}],"mainLabel":337},"properties":{},"orientationAtVertex":"FREE","reference":null}],"properties":{},"reference":null}],"properties":{},"reference":null},{"@id":338,"shape":null,"labelManager":{"labels":[{"type":"textLabel","@id":339,"inputText":"Vincent","labelStyle":87,"shape":null,"layoutText":null}],"mainLabel":339},"portCompositions":[{"type":"portGroup","@id":340,"ordered":false,"portCompositions":[{"type":"port","@id":341,"shape":{"type":"rect","xposition":"NaN","yposition":"NaN","width":"NaN","height":"NaN","shapeStyle":85},"labelManager":{"labels":[{"type":"textLabel","@id":342,"inputText":"1","labelStyle":87,"shape":null,"layoutText":null}],"mainLabel":342},"properties":{},"orientationAtVertex":"FREE","reference":null}],"properties":{},"reference":null}],"properties":{},"reference":null},{"@id":343,"shape":null,"labelManager":{"labels":[{"type":"textLabel","@id":344,"inputText":"Maximilian","labelStyle":87,"shape":null,"layoutText":null}],"mainLabel":344},"portCompositions":[{"type":"portGroup","@id":345,"ordered":false,"portCompositions":[{"type":"port","@id":346,"shape":{"type":"rect","xposition":"NaN","yposition":"NaN","width":"NaN","height":"NaN","shapeStyle":85},"labelManager":{"labels":[{"type":"textLabel","@id":347,"inputText":"2","labelStyle":87,"shape":null,"layoutText":null}],"mainLabel":347},"properties":{},"orientationAtVertex":"FREE","reference":null}],"properties":{},"reference":null}],"properties":{},"reference":null},{"@id":348,"shape":null,"labelManager":{"labels":[{"type":"textLabel","@id":349,"inputText":"Mats","labelStyle":87,"shape":null,"layoutText":null}],"mainLabel":349},"portCompositions":[{"type":"portGroup","@id":350,"ordered":false,"portCompositions":[{"type":"port","@id":351,"shape":{"type":"rect","xposition":"NaN","yposition":"NaN","width":"NaN","height":"NaN","shapeStyle":85},"labelManager":{"labels":[{"type":"textLabel","@id":352,"inputText":"1","labelStyle":87,"shape":null,"layoutText":null}],"mainLabel":352},"properties":{},"orientationAtVertex":"FREE","reference":null},{"type":"port","@id":353,"shape":{"type":"rect","xposition":"NaN","yposition":"NaN","width":"NaN","height":"NaN","shapeStyle":85},"labelManager":{"labels":[{"type":"textLabel","@id":354,"inputText":"4","labelStyle":87,"shape":null,"layoutText":null}],"mainLabel":354},"properties":{},"orientationAtVertex":"FREE","reference":null}],"properties":{},"reference":null}],"properties":{},"reference":null}],"vertexGroups":[{"@id":355,"drawnFrame":false,"labelManager":{"labels":[],"mainLabel":null},"shape":null,"containedVertices":[11,18],"containedVertexGroups":[],"touchingPairs":[{"vertex0":11,"horizontalPlacementVertex0":"FREE","verticalPlacementVertex0":"TOP","vertex1":18,"horizontalPlacementVertex1":"FREE","verticalPlacementVertex1":"FREE"}],"portPairings":[{"port0":14,"port1":21},{"port0":16,"port1":23}],"properties":{},"reference":null},{"@id":356,"drawnFrame":false,"labelManager":{"labels":[],"mainLabel":null},"shape":null,"containedVertices":[29,38],"containedVertexGroups":[],"touchingPairs":[{"vertex0":29,"horizontalPlacementVertex0":"FREE","verticalPlacementVertex0":"TOP","vertex1":38,"horizontalPlacementVertex1":"FREE","verticalPlacementVertex1":"FREE"}],"portPairings":[{"port0":36,"port1":45},{"port0":32,"port1":41},{"port0":34,"port1":43}],"properties":{},"reference":null},{"@id":357,"drawnFrame":false,"labelManager":{"labels":[],"mainLabel":null},"shape":null,"containedVertices":[55,64],"containedVertexGroups":[],"touchingPairs":[{"vertex0":55,"horizontalPlacementVertex0":"FREE","verticalPlacementVertex0":"TOP","vertex1":64,"horizontalPlacementVertex1":"FREE","verticalPlacementVertex1":"FREE"}],"portPairings":[{"port0":60,"port1":69},{"port0":62,"port1":71},{"port0":58,"port1":67}],"properties":{},"reference":null},{"@id":358,"drawnFrame":false,"labelManager":{"labels":[],"mainLabel":null},"shape":null,"containedVertices":[73,92],"containedVertexGroups":[],"touchingPairs":[{"vertex0":73,"horizontalPlacementVertex0":"FREE","verticalPlacementVertex0":"TOP","vertex1":92,"horizontalPlacementVertex1":"FREE","verticalPlacementVertex1":"FREE"}],"portPairings":[{"port0":78,"port1":97},{"port0":82,"port1":101},{"port0":80,"port1":99},{"port0":76,"port1":95},{"port0":84,"port1":103},{"port0":88,"port1":105},{"port0":90,"port1":107}],"properties":{},"reference":null},{"@id":359,"drawnFrame":false,"labelManager":{"labels":[],"mainLabel":null},"shape":null,"containedVertices":[109,117],"containedVertexGroups":[],"touchingPairs":[{"vertex0":109,"horizontalPlacementVertex0":"FREE","verticalPlacementVertex0":"TOP","vertex1":117,"horizontalPlacementVertex1":"FREE","verticalPlacementVertex1":"FREE"}],"portPairings":[{"port0":112,"port1":120},{"port0":114,"port1":122}],"properties":{},"reference":null},{"@id":360,"drawnFrame":false,"labelManager":{"labels":[],"mainLabel":null},"shape":null,"containedVertices":[124,131],"containedVertexGroups":[],"touchingPairs":[{"vertex0":124,"horizontalPlacementVertex0":"FREE","verticalPlacementVertex0":"TOP","vertex1":131,"horizontalPlacementVertex1":"FREE","verticalPlacementVertex1":"FREE"}],"portPairings":[{"port0":127,"port1":134},{"port0":129,"port1":136}],"properties":{},"reference":null},{"@id":361,"drawnFrame":false,"labelManager":{"labels":[],"mainLabel":null},"shape":null,"containedVertices":[138,145],"containedVertexGroups":[],"touchingPairs":[{"vertex0":138,"horizontalPlacementVertex0":"FREE","verticalPlacementVertex0":"TOP","vertex1":145,"horizontalPlacementVertex1":"FREE","verticalPlacementVertex1":"FREE"}],"portPairings":[{"port0":141,"port1":148},{"port0":143,"port1":150}],"properties":{},"reference":null},{"@id":362,"drawnFrame":false,"labelManager":{"labels":[],"mainLabel":null},"shape":null,"containedVertices":[152,165],"containedVertexGroups":[],"touchingPairs":[{"vertex0":152,"horizontalPlacementVertex0":"FREE","verticalPlacementVertex0":"TOP","vertex1":165,"horizontalPlacementVertex1":"FREE","verticalPlacementVertex1":"FREE"}],"portPairings":[{"port0":155,"port1":168},{"port0":157,"port1":170},{"port0":159,"port1":172},{"port0":161,"port1":174},{"port0":163,"port1":176}],"properties":{},"reference":null},{"@id":363,"drawnFrame":false,"labelManager":{"labels":[],"mainLabel":null},"shape":null,"containedVertices":[182,191],"containedVertexGroups":[],"touchingPairs":[{"vertex0":182,"horizontalPlacementVertex0":"FREE","verticalPlacementVertex0":"TOP","vertex1":191,"horizontalPlacementVertex1":"FREE","verticalPlacementVertex1":"FREE"}],"portPairings":[{"port0":187,"port1":196},{"port0":189,"port1":198},{"port0":185,"port1":194}],"properties":{},"reference":null},{"@id":364,"drawnFrame":false,"labelManager":{"labels":[],"mainLabel":null},"shape":null,"containedVertices":[208,221,343,348],"containedVertexGroups":[],"touchingPairs":[{"vertex0":208,"horizontalPlacementVertex0":"FREE","verticalPlacementVertex0":"TOP","vertex1":221,"horizontalPlacementVertex1":"FREE","verticalPlacementVertex1":"FREE"},{"vertex0":208,"horizontalPlacementVertex0":"FREE","verticalPlacementVertex0":"FREE","vertex1":343,"horizontalPlacementVertex1":"FREE","verticalPlacementVertex1":"FREE"},{"vertex0":208,"horizontalPlacementVertex0":"FREE","verticalPlacementVertex0":"FREE","vertex1":348,"horizontalPlacementVertex1":"FREE","verticalPlacementVertex1":"FREE"}],"portPairings":[{"port0":213,"port1":226},{"port0":211,"port1":224},{"port0":215,"port1":346},{"port0":217,"port1":351},{"port0":219,"port1":353}],"properties":{},"reference":null},{"@id":365,"drawnFrame":false,"labelManager":{"labels":[],"mainLabel":null},"shape":null,"containedVertices":[228,241],"containedVertexGroups":[],"touchingPairs":[{"vertex0":228,"horizontalPlacementVertex0":"FREE","verticalPlacementVertex0":"TOP","vertex1":241,"horizontalPlacementVertex1":"FREE","verticalPlacementVertex1":"FREE"}],"portPairings":[{"port0":237,"port1":250},{"port0":235,"port1":248},{"port0":233,"port1":246},{"port0":231,"port1":244},{"port0":239,"port1":252}],"properties":{},"reference":null},{"@id":366,"drawnFrame":false,"labelManager":{"labels":[],"mainLabel":null},"shape":null,"containedVertices":[254,259],"containedVertexGroups":[],"touchingPairs":[{"vertex0":254,"horizontalPlacementVertex0":"FREE","verticalPlacementVertex0":"TOP","vertex1":259,"horizontalPlacementVertex1":"FREE","verticalPlacementVertex1":"FREE"}],"portPairings":[{"port0":257,"port1":262}],"properties":{},"reference":null},{"@id":367,"drawnFrame":false,"labelManager":{"labels":[],"mainLabel":null},"shape":null,"containedVertices":[264,273],"containedVertexGroups":[],"touchingPairs":[{"vertex0":264,"horizontalPlacementVertex0":"FREE","verticalPlacementVertex0":"TOP","vertex1":273,"horizontalPlacementVertex1":"FREE","verticalPlacementVertex1":"FREE"}],"portPairings":[{"port0":267,"port1":276},{"port0":269,"port1":278},{"port0":271,"port1":280}],"properties":{},"reference":null},{"@id":368,"drawnFrame":false,"labelManager":{"labels":[],"mainLabel":null},"shape":null,"containedVertices":[282,303],"containedVertexGroups":[],"touchingPairs":[{"vertex0":282,"horizontalPlacementVertex0":"FREE","verticalPlacementVertex0":"TOP","vertex1":303,"horizontalPlacementVertex1":"FREE","verticalPlacementVertex1":"FREE"}],"portPairings":[{"port0":291,"port1":312},{"port0":289,"port1":310},{"port0":295,"port1":316},{"port0":285,"port1":306},{"port0":287,"port1":308},{"port0":293,"port1":314},{"port0":297,"port1":318},{"port0":299,"port1":320},{"port0":301,"port1":322}],"properties":{},"reference":null},{"@id":369,"drawnFrame":false,"labelManager":{"labels":[],"mainLabel":null},"shape":null,"containedVertices":[333,338],"containedVertexGroups":[],"touchingPairs":[{"vertex0":333,"horizontalPlacementVertex0":"FREE","verticalPlacementVertex0":"FREE","vertex1":338,"horizontalPlacementVertex1":"FREE","verticalPlacementVertex1":"FREE"}],"portPairings":[{"port0":336,"port1":341}],"properties":{},"reference":null}],"edges":[{"@id":370,"ports":[67,71],"labelManager":{"innerLabels":[{"type":"textLabel","@id":371,"inputText":"Robin","labelStyle":4,"shape":null,"layoutText":null}],"allPortLabels":[],"mainLabel":371},"pathStyle":{"@id":372,"description":"default path style","thickness":-1.0,"color":{"argb":"ff000000"}},"paths":[],"properties":{"id":"acf8627d60214780643d23079022bab6"},"reference":null},{"@id":373,"ports":[53,21],"labelManager":{"innerLabels":[{"type":"textLabel","@id":374,"inputText":"Ole","labelStyle":4,"shape":null,"layoutText":null}],"allPortLabels":[],"mainLabel":374},"pathStyle":372,"paths":[],"properties":{"id":"88d191922c5f8a4c30df96b2504e5ded"},"reference":null},{"@id":375,"ports":[136,9],"labelManager":{"innerLabels":[{"type":"textLabel","@id":376,"inputText":"Frederik","labelStyle":4,"shape":null,"layoutText":null}],"allPortLabels":[],"mainLabel":376},"pathStyle":372,"paths":[],"properties":{"id":"f2b61f20c6c91162a84765cd44f70e4d"},"reference":null},{"@id":377,"ports":[41,157],"labelManager":{"innerLabels":[{"type":"textLabel","@id":378,"inputText":"Fritz","labelStyle":4,"shape":null,"layoutText":null}],"allPortLabels":[],"mainLabel":378},"pathStyle":372,"paths":[],"properties":{"id":"cf0c8d6380ef3ac9a79afa9bcca0464a"},"reference":null},{"@id":379,"ports":[224,262],"labelManager":{"innerLabels":[{"type":"textLabel","@id":380,"inputText":"Valentin","labelStyle":4,"shape":null,"layoutText":null}],"allPortLabels":[],"mainLabel":380},"pathStyle":372,"paths":[],"properties":{"id":"f44394cfa7d65a45b312246ebe8e9a5f"},"reference":null},{"@id":381,"ports":[134,9],"labelManager":{"innerLabels":[{"type":"textLabel","@id":382,"inputText":"Mika","labelStyle":4,"shape":null,"layoutText":null}],"allPortLabels":[],"mainLabel":382},"pathStyle":372,"paths":[],"properties":{"id":"06e05b64e6931b31befb42c29cd740f2"},"reference":null},{"@id":383,"ports":[314,9],"labelManager":{"innerLabels":[{"type":"textLabel","@id":384,"inputText":"Muhammed","labelStyle":4,"shape":null,"layoutText":null}],"allPortLabels":[],"mainLabel":384},"pathStyle":372,"paths":[],"properties":{"id":"c0cf37b6f42bc40fdbb8e0d5774ddeb8"},"reference":null},{"@id":385,"ports":[129,148,127,49],"labelManager":{"innerLabels":[{"type":"textLabel","@id":386,"inputText":"Emir","labelStyle":4,"shape":null,"layoutText":null}],"allPortLabels":[],"mainLabel":386},"pathStyle":372,"paths":[],"properties":{"id":"21738ee807bceb80871f5216f3698761"},"reference":null},{"@id":387,"ports":[14,99],"labelManager":{"innerLabels":[{"type":"textLabel","@id":388,"inputText":"Yusuf","labelStyle":4,"shape":null,"layoutText":null}],"allPortLabels":[],"mainLabel":388},"pathStyle":372,"paths":[],"properties":{"id":"503a1c0fb09b6955875bae37b9631c2b"},"reference":null},{"@id":389,"ports":[159,43],"labelManager":{"innerLabels":[{"type":"textLabel","@id":390,"inputText":"Matteo","labelStyle":4,"shape":null,"layoutText":null}],"allPortLabels":[],"mainLabel":390},"pathStyle":372,"paths":[],"properties":{"id":"7eb8b87a7760fc9b9052e1ec7a6594a8"},"reference":null},{"@id":391,"ports":[141,180],"labelManager":{"innerLabels":[{"type":"textLabel","@id":392,"inputText":"Jona","labelStyle":4,"shape":null,"layoutText":null}],"allPortLabels":[],"mainLabel":392},"pathStyle":372,"paths":[],"properties":{"id":"aaf439491b7118a129d7ca1fa4d287c6"},"reference":null},{"@id":393,"ports":[32,36],"labelManager":{"innerLabels":[{"type":"textLabel","@id":394,"inputText":"Aaron","labelStyle":4,"shape":null,"layoutText":null}],"allPortLabels":[],"mainLabel":394},"pathStyle":372,"paths":[],"properties":{"id":"6df78aef2e04df0704b8bcf66e94b615"},"reference":null},{"@id":395,"ports":[32,5],"labelManager":{"innerLabels":[{"type":"textLabel","@id":396,"inputText":"Jonah","labelStyle":4,"shape":null,"layoutText":null}],"allPortLabels":[],"mainLabel":396},"pathStyle":372,"paths":[],"properties":{"id":"339a867d40f1fc5896f1f45870f6ddc7"},"reference":null},{"@id":397,"ports":[82,248],"labelManager":{"innerLabels":[{"type":"textLabel","@id":398,"inputText":"Emilio","labelStyle":4,"shape":null,"layoutText":null}],"allPortLabels":[],"mainLabel":398},"pathStyle":372,"paths":[],"properties":{"id":"515af19fdb624ad2663cad5cfb5d35d3"},"reference":null},{"@id":399,"ports":[318,9],"labelManager":{"innerLabels":[{"type":"textLabel","@id":400,"inputText":"Thomas","labelStyle":4,"shape":null,"layoutText":null}],"allPortLabels":[],"mainLabel":400},"pathStyle":372,"paths":[],"properties":{"id":"90171c83e6a76cbb4c3b7411071ad0ed"},"reference":null},{"@id":401,"ports":[194,97],"labelManager":{"innerLabels":[{"type":"textLabel","@id":402,"inputText":"Joshua","labelStyle":4,"shape":null,"layoutText":null}],"allPortLabels":[],"mainLabel":402},"pathStyle":372,"paths":[],"properties":{"id":"b1c03fbc16cfb7073d7f0e4039e80105"},"reference":null},{"@id":403,"ports":[172,310],"labelManager":{"innerLabels":[{"type":"textLabel","@id":404,"inputText":"Nick","labelStyle":4,"shape":null,"layoutText":null}],"allPortLabels":[],"mainLabel":404},"pathStyle":372,"paths":[],"properties":{"id":"dfc314219f43348088c9435bbfb05e16"},"reference":null},{"@id":405,"ports":[155,267],"labelManager":{"innerLabels":[{"type":"textLabel","@id":406,"inputText":"Martin","labelStyle":4,"shape":null,"layoutText":null}],"allPortLabels":[],"mainLabel":406},"pathStyle":372,"paths":[],"properties":{"id":"11ab9ae011f2b80083a76f88bf5d06b2"},"reference":null},{"@id":407,"ports":[36,5],"labelManager":{"innerLabels":[{"type":"textLabel","@id":408,"inputText":"Christian","labelStyle":4,"shape":null,"layoutText":null}],"allPortLabels":[],"mainLabel":408},"pathStyle":372,"paths":[],"properties":{"id":"9e574685953a568808e7c3dc6b4a3781"},"reference":null},{"@id":409,"ports":[202,308],"labelManager":{"innerLabels":[{"type":"textLabel","@id":410,"inputText":"Matthias","labelStyle":4,"shape":null,"layoutText":null}],"allPortLabels":[],"mainLabel":410},"pathStyle":372,"paths":[],"properties":{"id":"024b603acd91663d6983e25a2ec0f601"},"reference":null},{"@id":411,"ports":[244,76],"labelManager":{"innerLabels":[{"type":"textLabel","@id":412,"inputText":"Erik","labelStyle":4,"shape":null,"layoutText":null}],"allPortLabels":[],"mainLabel":412},"pathStyle":372,"paths":[],"properties":{"id":"d172d110f3799c4b4697546f369b39f2"},"reference":null},{"@id":413,"ports":[34,27],"labelManager":{"innerLabels":[{"type":"textLabel","@id":414,"inputText":"Simon","labelStyle":4,"shape":null,"layoutText":null}],"allPortLabels":[],"mainLabel":414},"pathStyle":372,"paths":[],"properties":{"id":"df99f4db6ad6cadcc7a6b716546b06df"},"reference":null},{"@id":415,"ports":[231,58],"labelManager":{"innerLabels":[{"type":"textLabel","@id":416,"inputText":"Raphael","labelStyle":4,"shape":null,"layoutText":null}],"allPortLabels":[],"mainLabel":416},"pathStyle":372,"paths":[],"properties":{"id":"a7c882f2f891a6172dd2b22615e72daa"},"reference":null},{"@id":417,"ports":[196,101],"labelManager":{"innerLabels":[{"type":"textLabel","@id":418,"inputText":"Adrian","labelStyle":4,"shape":null,"layoutText":null}],"allPortLabels":[],"mainLabel":418},"pathStyle":372,"paths":[],"properties":{"id":"208921d20771aa43225ba34efcf93e45"},"reference":null},{"@id":419,"ports":[250,80],"labelManager":{"innerLabels":[{"type":"textLabel","@id":420,"inputText":"Jasper","labelStyle":4,"shape":null,"layoutText":null}],"allPortLabels":[],"mainLabel":420},"pathStyle":372,"paths":[],"properties":{"id":"8a7ee3312548d1127bd62ede1146b06f"},"reference":null},{"@id":421,"ports":[269,45],"labelManager":{"innerLabels":[{"type":"textLabel","@id":422,"inputText":"Carl","labelStyle":4,"shape":null,"layoutText":null}],"allPortLabels":[],"mainLabel":422},"pathStyle":372,"paths":[],"properties":{"id":"0c9772f27d58d3acf77e9b6c176bc878"},"reference":null},{"@id":423,"ports":[95,16],"labelManager":{"innerLabels":[{"type":"textLabel","@id":424,"inputText":"Joel","labelStyle":4,"shape":null,"layoutText":null}],"allPortLabels":[],"mainLabel":424},"pathStyle":372,"paths":[],"properties":{"id":"ffe79a5a7a260aac8b945b5fe75b3687"},"reference":null},{"@id":425,"ports":[312,9],"labelManager":{"innerLabels":[{"type":"textLabel","@id":426,"inputText":"Josef","labelStyle":4,"shape":null,"layoutText":null}],"allPortLabels":[],"mainLabel":426},"pathStyle":372,"paths":[],"properties":{"id":"260c49d941e43266864aec1e66b54752"},"reference":null},{"@id":427,"ports":[170,316],"labelManager":{"innerLabels":[{"type":"textLabel","@id":428,"inputText":"Bruno","labelStyle":4,"shape":null,"layoutText":null}],"allPortLabels":[],"mainLabel":428},"pathStyle":372,"paths":[],"properties":{"id":"fac44c9d07c3278be2a72147af412688"},"reference":null},{"@id":429,"ports":[168,257],"labelManager":{"innerLabels":[{"type":"textLabel","@id":430,"inputText":"Konstantin","labelStyle":4,"shape":null,"layoutText":null}],"allPortLabels":[],"mainLabel":430},"pathStyle":372,"paths":[],"properties":{"id":"7344668cacd99fdebaeaee9bf53c6aaa"},"reference":null},{"@id":431,"ports":[163,62],"labelManager":{"innerLabels":[{"type":"textLabel","@id":432,"inputText":"Timo","labelStyle":87,"shape":null,"layoutText":null}],"allPortLabels":[],"mainLabel":432},"pathStyle":{"@id":433,"description":"default path style","thickness":-1.0,"color":{"argb":"ff000000"}},"paths":[],"properties":{},"reference":null},{"@id":434,"ports":[206,331],"labelManager":{"innerLabels":[{"type":"textLabel","@id":435,"inputText":"Noel","labelStyle":87,"shape":null,"layoutText":null}],"allPortLabels":[],"mainLabel":435},"pathStyle":433,"paths":[],"properties":{},"reference":null},{"@id":436,"ports":[326,206],"labelManager":{"innerLabels":[{"type":"textLabel","@id":437,"inputText":"Florian","labelStyle":87,"shape":null,"layoutText":null}],"allPortLabels":[],"mainLabel":437},"pathStyle":433,"paths":[],"properties":{},"reference":null},{"@id":438,"ports":[326,252],"labelManager":{"innerLabels":[{"type":"textLabel","@id":439,"inputText":"Maxim","labelStyle":87,"shape":null,"layoutText":null}],"allPortLabels":[],"mainLabel":439},"pathStyle":433,"paths":[],"properties":{},"reference":null},{"@id":440,"ports":[120,233],"labelManager":{"innerLabels":[{"type":"textLabel","@id":441,"inputText":"Fabian","labelStyle":87,"shape":null,"layoutText":null}],"allPortLabels":[],"mainLabel":441},"pathStyle":433,"paths":[],"properties":{},"reference":null},{"@id":442,"ports":[341,187],"labelManager":{"innerLabels":[{"type":"textLabel","@id":443,"inputText":"Ferdinand","labelStyle":87,"shape":null,"layoutText":null}],"allPortLabels":[],"mainLabel":443},"pathStyle":433,"paths":[],"properties":{},"reference":null},{"@id":444,"ports":[161,90,88,78,60],"labelManager":{"innerLabels":[{"type":"textLabel","@id":445,"inputText":"Justus","labelStyle":87,"shape":null,"layoutText":null}],"allPortLabels":[],"mainLabel":445},"pathStyle":433,"paths":[],"properties":{},"reference":null},{"@id":446,"ports":[84,246],"labelManager":{"innerLabels":[{"type":"textLabel","@id":447,"inputText":"Emir","labelStyle":87,"shape":null,"layoutText":null}],"allPortLabels":[],"mainLabel":447},"pathStyle":433,"paths":[],"properties":{},"reference":null},{"@id":448,"ports":[322,174],"labelManager":{"innerLabels":[{"type":"textLabel","@id":449,"inputText":"Christian","labelStyle":87,"shape":null,"layoutText":null}],"allPortLabels":[],"mainLabel":449},"pathStyle":433,"paths":[],"properties":{},"reference":null},{"@id":450,"ports":[122,239],"labelManager":{"innerLabels":[{"type":"textLabel","@id":451,"inputText":"Theodor","labelStyle":87,"shape":null,"layoutText":null}],"allPortLabels":[],"mainLabel":451},"pathStyle":433,"paths":[],"properties":{},"reference":null},{"@id":452,"ports":[103,198],"labelManager":{"innerLabels":[{"type":"textLabel","@id":453,"inputText":"Yusuf","labelStyle":87,"shape":null,"layoutText":null}],"allPortLabels":[],"mainLabel":453},"pathStyle":433,"paths":[],"properties":{},"reference":null},{"@id":454,"ports":[306,320],"labelManager":{"innerLabels":[{"type":"textLabel","@id":455,"inputText":"Ole","labelStyle":87,"shape":null,"layoutText":null}],"allPortLabels":[],"mainLabel":455},"pathStyle":433,"paths":[],"properties":{},"reference":null},{"@id":456,"ports":[189,185],"labelManager":{"innerLabels":[{"type":"textLabel","@id":457,"inputText":"Adrian","labelStyle":87,"shape":null,"layoutText":null}],"allPortLabels":[],"mainLabel":457},"pathStyle":433,"paths":[],"properties":{},"reference":null},{"@id":458,"ports":[280,276],"labelManager":{"innerLabels":[{"type":"textLabel","@id":459,"inputText":"Carl","labelStyle":87,"shape":null,"layoutText":null}],"allPortLabels":[],"mainLabel":459},"pathStyle":433,"paths":[],"properties":{},"reference":null},{"@id":460,"ports":[107,105],"labelManager":{"innerLabels":[{"type":"textLabel","@id":461,"inputText":"Adam","labelStyle":87,"shape":null,"layoutText":null}],"allPortLabels":[],"mainLabel":461},"pathStyle":433,"paths":[],"properties":{},"reference":null},{"@id":462,"ports":[235,271],"labelManager":{"innerLabels":[{"type":"textLabel","@id":463,"inputText":"Emilio","labelStyle":87,"shape":null,"layoutText":null}],"allPortLabels":[],"mainLabel":463},"pathStyle":433,"paths":[],"properties":{},"reference":null}],"edgeBundles":[]}