{"vertices":[{"@id":1,"shape":{"type":"rect","xposition":"NaN","yposition":"NaN","width":"NaN","height":"NaN","shapeStyle":{"@id":2,"description":"default shape style","color":{"argb":"ff000000"}}},"labelManager":{"labels":[{"type":"textLabel","@id":3,"inputText":"Johannes","labelStyle":{"@id":4,"description":"default text label style","font":{"fontName":"SansSerif","style":0,"size":10},"noBreak":false,"color":{"argb":"ff000000"},"showLabel":true,"placement":"FREE","horizontalPlacement":"FREE","verticalPlacement":"FREE"},"shape":null,"layoutText":null}],"mainLabel":3},"portCompositions":[{"type":"portGroup","@id":5,"ordered":false,"portCompositions":[{"type":"port","@id":6,"shape":{"type":"rect","xposition":"NaN","yposition":"NaN","width":"NaN","height":"NaN","shapeStyle":2},"labelManager":{"labels":[{"type":"textLabel","@id":7,"inputText":"6","labelStyle":4,"shape":null,"layoutText":null}],"mainLabel":7},"properties":{"id":"7b4e5ceb3d93da9c7b6b76b6697fba00"},"orientationAtVertex":"FREE","reference":null},{"type":"port","@id":8,"shape":{"type":"rect","xposition":"NaN","yposition":"NaN","width":"NaN","height":"NaN","shapeStyle":2},"labelManager":{"labels":[{"type":"textLabel","@id":9,"inputText":"2","labelStyle":4,"shape":null,"layoutText":null}],"mainLabel":9},"properties":{"id":"b40d0e5debbd8831048b1a7aab3e9f8a"},"orientationAtVertex":"FREE","reference":null},{"type":"port","@id":10,"shape":{"type":"rect","xposition":"NaN","yposition":"NaN","width":"NaN","height":"NaN","shapeStyle":2},"labelManager":{"labels":[{"type":"textLabel","@id":11,"inputText":"4","labelStyle":4,"shape":null,"layoutText":null}],"mainLabel":11},"properties":{"id":"b6e7add3a3b350ad578ad301e02c5b5d"},"orientationAtVertex":"FREE","reference":null},{"type":"port","@id":12,"shape":{"type":"rect","xposition":"NaN","yposition":"NaN","width":"NaN","height":"NaN","shapeStyle":2},"labelManager":{"labels":[{"type":"textLabel","@id":13,"inputText":"3","labelStyle":4,"shape":null,"layoutText":null}],"mainLabel":13},"properties":{"id":"af8087a0bc3d9c20bac9ee640e5fc236"},"orientationAtVertex":"FREE","reference":null},{"type":"port","@id":14,"shape":{"type":"rect","xposition":"NaN","yposition":"NaN","width":"NaN","height":"NaN","shapeStyle":2},"labelManager":{"labels":[{"type":"textLabel","@id":15,"inputText":"1","labelStyle":4,"shape":null,"layoutText":null}],"mainLabel":15},"properties":{"id":"b89c687faca73becd2a1a812378d3123"},"orientationAtVertex":"FREE","reference":null},{"type":"port","@id":16,"shape":{"type":"rect","xposition":"NaN","yposition":"NaN","width":"NaN","height":"NaN","shapeStyle":2},"labelManager":{"labels":[{"type":"textLabel","@id":17,"inputText":"5","labelStyle":4,"shape":null,"layoutText":null}],"mainLabel":17},"properties":{"id":"12472bdc6da22166c86fb93e5e7db125"},"orientationAtVertex":"FREE","reference":null}],"properties":{},"reference":null}],"properties":{"id":"7b705f1ec81d569d1474d9ad627e98fa","type":"plug"},"reference":null},{"@id":18,"shape":{"type":"rect","xposition":"NaN","yposition":"NaN","width":"NaN","height":"NaN","shapeStyle":2},"labelManager":{"labels":[{"type":"textLabel","@id":19,"inputText":"Lukas","labelStyle":4,"shape":null,"layoutText":null}],"mainLabel":19},"portCompositions":[{"type":"portGroup","@id":20,"ordered":false,"portCompositions":[{"type":"port","@id":21,"shape":{"type":"rect","xposition":"NaN","yposition":"NaN","width":"NaN","height":"NaN","shapeStyle":2},"labelManager":{"labels":[{"type":"textLabel","@id":22,"inputText":"6","labelStyle":4,"shape":null,"layoutText":null}],"mainLabel":22},"properties":{"id":"1c2c164d6c8a2111097d112b82299fa9"},"orientationAtVertex":"FREE","reference":null},{"type":"port","@id":23,"shape":{"type":"rect","xposition":"NaN","yposition":"NaN","width":"NaN","height":"NaN","shapeStyle":2},"labelManager":{"labels":[{"type":"textLabel","@id":24,"inputText":"2","labelStyle":4,"shape":null,"layoutText":null}],"mainLabel":24},"properties":{"id":"48cd874d2dea29fc9cc1d3b95ea92a5e"},"orientationAtVertex":"FREE","reference":null},{"type":"port","@id":25,"shape":{"type":"rect","xposition":"NaN","yposition":"NaN","width":"NaN","height":"NaN","shapeStyle":2},"labelManager":{"labels":[{"type":"textLabel","@id":26,"inputText":"4","labelStyle":4,"shape":null,"layoutText":null}],"mainLabel":26},"properties":{"id":"8ca34edde60e5cf0aec3ed01841cccf0"},"orientationAtVertex":"FREE","reference":null},{"type":"port","@id":27,"shape":{"type":"rect","xposition":"NaN","yposition":"NaN","width":"NaN","height":"NaN","shapeStyle":2},"labelManager":{"labels":[{"type":"textLabel","@id":28,"inputText":"3","labelStyle":4,"shape":null,"layoutText":null}],"mainLabel":28},"properties":{"id":"30a070c2eff9e0fa06995ed60cef339b"},"orientationAtVertex":"FREE","reference":null},{"type":"port","@id":29,"shape":{"type":"rect","xposition":"NaN","yposition":"NaN","width":"NaN","height":"NaN","shapeStyle":2},"labelManager":{"labels":[{"type":"textLabel","@id":30,"inputText":"1","labelStyle":4,"shape":null,"layoutText":null}],"mainLabel":30},"properties":{"id":"14a43b7c297071dae46e4c779c766565"},"orientationAtVertex":"FREE","reference":null},{"type":"port","@id":31,"shape":{"type":"rect","xposition":"NaN","yposition":"NaN","width":"NaN","height":"NaN","shapeStyle":2},"labelManager":{"labels":[{"type":"textLabel","@id":32,"inputText":"5","labelStyle":4,"shape":null,"layoutText":null}],"mainLabel":32},"properties":{"id":"9aed192006a5e4f2c1b3032086c50e58"},"orientationAtVertex":"FREE","reference":null}],"properties":{},"reference":null}],"properties":{"id":"2385860360e841a6fe14d12f23aa16e5","type":"plug"},"reference":null},{"@id":33,"shape":{"type":"rect","xposition":"NaN","yposition":"NaN","width":"NaN","height":"NaN","shapeStyle":2},"labelManager":{"labels":[{"type":"textLabel","@id":34,"inputText":"Henri","labelStyle":4,"shape":null,"layoutText":null}],"mainLabel":34},"portCompositions":[{"type":"portGroup","@id":35,"ordered":false,"portCompositions":[],"properties":{},"reference":null},{"type":"portGroup","@id":36,"ordered":false,"portCompositions":[{"type":"port","@id":37,"shape":{"type":"rect","xposition":"NaN","yposition":"NaN","width":"NaN","height":"NaN","shapeStyle":2},"labelManager":{"labels":[{"type":"textLabel","@id":38,"inputText":"3","labelStyle":4,"shape":null,"layoutText":null}],"mainLabel":38},"properties":{"id":"ec24aa61026ed2a738c51b8964eb4a2d"},"orientationAtVertex":"FREE","reference":null},{"type":"port","@id":39,"shape":{"type":"rect","xposition":"NaN","yposition":"NaN","width":"NaN","height":"NaN","shapeStyle":{"@id":40,"description":"default shape style","color":{"argb":"ff000000"}}},"labelManager":{"labels":[{"type":"textLabel","@id":41,"inputText":"2","labelStyle":{"@id":42,"description":"default text label style","font":{"fontName":"SansSerif","style":0,"size":10},"noBreak":false,"color":{"argb":"ff000000"},"showLabel":true,"placement":"FREE","horizontalPlacement":"FREE","verticalPlacement":"FREE"},"shape":null,"layoutText":null}],"mainLabel":41},"properties":{},"orientationAtVertex":"FREE","reference":null},{"type":"port","@id":43,"shape":{"type":"rect","xposition":"NaN","yposition":"NaN","width":"NaN","height":"NaN","shapeStyle":40},"labelManager":{"labels":[{"type":"textLabel","@id":44,"inputText":"1","labelStyle":42,"shape":null,"layoutText":null}],"mainLabel":44},"properties":{},"orientationAtVertex":"FREE","reference":null}],"properties":{},"reference":null}],"properties":{"id":"97187a156e4ee5bcba591b6ad0a4b3a9","type":"device"},"reference":null},{"@id":45,"shape":{"type":"rect","xposition":"NaN","yposition":"NaN","width":"NaN","height":"NaN","shapeStyle":2},"labelManager":{"labels":[{"type":"textLabel","@id":46,"inputText":"Leonard","labelStyle":4,"shape":null,"layoutText":null}],"mainLabel":46},"portCompositions":[{"type":"portGroup","@id":47,"ordered":false,"portCompositions":[{"type":"port","@id":48,"shape":{"type":"rect","xposition":"NaN","yposition":"NaN","width":"NaN","height":"NaN","shapeStyle":2},"labelManager":{"labels":[{"type":"textLabel","@id":49,"inputText":"3","labelStyle":4,"shape":null,"layoutText":null}],"mainLabel":49},"properties":{"id":"357bf3f12d418275aa7f4677d359d53c"},"orientationAtVertex":"FREE","reference":null}],"properties":{},"reference":null}],"properties":{"id":"655b5166df0929a1ec10b5b4ccf85710","type":"socket"},"reference":null},{"@id":50,"shape":{"type":"rect","xposition":"NaN","yposition":"NaN","width":"NaN","height":"NaN","shapeStyle":2},"labelManager":{"labels":[{"type":"textLabel","@id":51,"inputText":"Julius","labelStyle":4,"shape":null,"layoutText":null}],"mainLabel":51},"portCompositions":[{"type":"portGroup","@id":52,"ordered":false,"portCompositions":[{"type":"port","@id":53,"shape":{"type":"rect","xposition":"NaN","yposition":"NaN","width":"NaN","height":"NaN","shapeStyle":2},"labelManager":{"labels":[{"type":"textLabel","@id":54,"inputText":"2","labelStyle":4,"shape":null,"layoutText":null}],"mainLabel":54},"properties":{"id":"3291f5c8a05b2af3c4606b85e4acd160"},"orientationAtVertex":"FREE","reference":null},{"type":"port","@id":55,"shape":{"type":"rect","xposition":"NaN","yposition":"NaN","width":"NaN","height":"NaN","shapeStyle":40},"labelManager":{"labels":[{"type":"textLabel","@id":56,"inputText":"3","labelStyle":42,"shape":null,"layoutText":null}],"mainLabel":56},"properties":{},"orientationAtVertex":"FREE","reference":null},{"type":"port","@id":57,"shape":{"type":"rect","xposition":"NaN","yposition":"NaN","width":"NaN","height":"NaN","shapeStyle":40},"labelManager":{"labels":[{"type":"textLabel","@id":58,"inputText":"1","labelStyle":42,"shape":null,"layoutText":null}],"mainLabel":58},"properties":{},"orientationAtVertex":"FREE","reference":null}],"properties":{},"reference":null}],"properties":{"id":"abef878c3836e19f331a8ee257d7b57a","type":"plug"},"reference":null},{"@id":59,"shape":{"type":"rect","xposition":"NaN","yposition":"NaN","width":"NaN","height":"NaN","shapeStyle":2},"labelManager":{"labels":[{"type":"textLabel","@id":60,"inputText":"Emil","labelStyle":4,"shape":null,"layoutText":null}],"mainLabel":60},"portCompositions":[{"type":"portGroup","@id":61,"ordered":false,"portCompositions":[{"type":"port","@id":62,"shape":{"type":"rect","xposition":"NaN","yposition":"NaN","width":"NaN","height":"NaN","shapeStyle":2},"labelManager":{"labels":[{"type":"textLabel","@id":63,"inputText":"2","labelStyle":4,"shape":null,"layoutText":null}],"mainLabel":63},"properties":{"id":"0bacb393a534134663332a45b6db1e3c"},"orientationAtVertex":"FREE","reference":null},{"type":"port","@id":64,"shape":{"type":"rect","xposition":"NaN","yposition":"NaN","width":"NaN","height":"NaN","shapeStyle":40},"labelManager":{"labels":[{"type":"textLabel","@id":65,"inputText":"3","labelStyle":42,"shape":null,"layoutText":null}],"mainLabel":65},"properties":{},"orientationAtVertex":"FREE","reference":null},{"type":"port","@id":66,"shape":{"type":"rect","xposition":"NaN","yposition":"NaN","width":"NaN","height":"NaN","shapeStyle":40},"labelManager":{"labels":[{"type":"textLabel","@id":67,"inputText":"1","labelStyle":42,"shape":null,"layoutText":null}],"mainLabel":67},"properties":{},"orientationAtVertex":"FREE","reference":null}],"properties":{},"reference":null}],"properties":{"id":"8467095abad1f6f669909ac8d0ac7faf","type":"plug"},"reference":null},{"@id":68,"shape":{"type":"rect","xposition":"NaN","yposition":"NaN","width":"NaN","height":"NaN","shapeStyle":2},"labelManager":{"labels":[{"type":"textLabel","@id":69,"inputText":"Henry","labelStyle":4,"shape":null,"layoutText":null}],"mainLabel":69},"portCompositions":[{"type":"portGroup","@id":70,"ordered":false,"portCompositions":[{"type":"port","@id":71,"shape":{"type":"rect","xposition":"NaN","yposition":"NaN","width":"NaN","height":"NaN","shapeStyle":40},"labelManager":{"labels":[{"type":"textLabel","@id":72,"inputText":"1","labelStyle":42,"shape":null,"layoutText":null}],"mainLabel":72},"properties":{},"orientationAtVertex":"FREE","reference":null}],"properties":{},"reference":null},{"type":"portGroup","@id":73,"ordered":false,"portCompositions":[{"type":"port","@id":74,"shape":{"type":"rect","xposition":"NaN","yposition":"NaN","width":"NaN","height":"NaN","shapeStyle":2},"labelManager":{"labels":[{"type":"textLabel","@id":75,"inputText":"2","labelStyle":4,"shape":null,"layoutText":null}],"mainLabel":75},"properties":{"id":"29f6f39a060869177701cada666a45fe"},"orientationAtVertex":"FREE","reference":null}],"properties":{},"reference":null}],"properties":{"id":"ad5bf8fa2ebeeb927575b281c37b625c","type":"device"},"reference":null},{"@id":76,"shape":{"type":"rect","xposition":"NaN","yposition":"NaN","width":"NaN","height":"NaN","shapeStyle":2},"labelManager":{"labels":[{"type":"textLabel","@id":77,"inputText":"Ben","labelStyle":4,"shape":null,"layoutText":null}],"mainLabel":77},"portCompositions":[{"type":"portGroup","@id":78,"ordered":false,"portCompositions":[{"type":"port","@id":79,"shape":{"type":"rect","xposition":"NaN","yposition":"NaN","width":"NaN","height":"NaN","shapeStyle":2},"labelManager":{"labels":[{"type":"textLabel","@id":80,"inputText":"2","labelStyle":4,"shape":null,"layoutText":null}],"mainLabel":80},"properties":{"id":"b0295a8a8e87387d415cd129875c9438"},"orientationAtVertex":"FREE","reference":null},{"type":"port","@id":81,"shape":{"type":"rect","xposition":"NaN","yposition":"NaN","width":"NaN","height":"NaN","shapeStyle":40},"labelManager":{"labels":[{"type":"textLabel","@id":82,"inputText":"1","labelStyle":42,"shape":null,"layoutText":null}],"mainLabel":82},"properties":{},"orientationAtVertex":"FREE","reference":null}],"properties":{},"reference":null}],"properties":{"id":"93e0fa34a54a46b98631b48decca0f12","type":"socket"},"reference":null},{"@id":83,"shape":{"type":"rect","xposition":"NaN","yposition":"NaN","width":"NaN","height":"NaN","shapeStyle":2},"labelManager":{"labels":[{"type":"textLabel","@id":84,"inputText":"Jonas","labelStyle":4,"shape":null,"layoutText":null}],"mainLabel":84},"portCompositions":[{"type":"portGroup","@id":85,"ordered":false,"portCompositions":[{"type":"port","@id":86,"shape":{"type":"rect","xposition":"NaN","yposition":"NaN","width":"NaN","height":"NaN","shapeStyle":2},"labelManager":{"labels":[{"type":"textLabel","@id":87,"inputText":"4","labelStyle":4,"shape":null,"layoutText":null}],"mainLabel":87},"properties":{"id":"25a1f5f3302025ec9c788847583af06f"},"orientationAtVertex":"FREE","reference":null},{"type":"port","@id":88,"shape":{"type":"rect","xposition":"NaN","yposition":"NaN","width":"NaN","height":"NaN","shapeStyle":2},"labelManager":{"labels":[{"type":"textLabel","@id":89,"inputText":"1","labelStyle":4,"shape":null,"layoutText":null}],"mainLabel":89},"properties":{"id":"8ee82e7ad4538694d5d7fb8d84f6aea6"},"orientationAtVertex":"FREE","reference":null},{"type":"port","@id":90,"shape":{"type":"rect","xposition":"NaN","yposition":"NaN","width":"NaN","height":"NaN","shapeStyle":2},"labelManager":{"labels":[{"type":"textLabel","@id":91,"inputText":"2","labelStyle":4,"shape":null,"layoutText":null}],"mainLabel":91},"properties":{"id":"90cbb61043ad4dd981846c14a46f2173"},"orientationAtVertex":"FREE","reference":null},{"type":"port","@id":92,"shape":{"type":"rect","xposition":"NaN","yposition":"NaN","width":"NaN","height":"NaN","shapeStyle":40},"labelManager":{"labels":[{"type":"textLabel","@id":93,"inputText":"3","labelStyle":42,"shape":null,"layoutText":null}],"mainLabel":93},"properties":{},"orientationAtVertex":"FREE","reference":null}],"properties":{},"reference":null}],"properties":{"id":"44f2ae95245aefc8e3d92a87a28aae8e","type":"device"},"reference":null},{"@id":94,"shape":{"type":"rect","xposition":"NaN","yposition":"NaN","width":"NaN","height":"NaN","shapeStyle":2},"labelManager":{"labels":[{"type":"textLabel","@id":95,"inputText":"Luca","labelStyle":4,"shape":null,"layoutText":null}],"mainLabel":95},"portCompositions":[{"type":"portGroup","@id":96,"ordered":false,"portCompositions":[{"type":"port","@id":97,"shape":{"type":"rect","xposition":"NaN","yposition":"NaN","width":"NaN","height":"NaN","shapeStyle":2},"labelManager":{"labels":[{"type":"textLabel","@id":98,"inputText":"4","labelStyle":4,"shape":null,"layoutText":null}],"mainLabel":98},"properties":{"id":"3c550211e8419a7701dcc2d4f5f04414"},"orientationAtVertex":"FREE","reference":null},{"type":"port","@id":99,"shape":{"type":"rect","xposition":"NaN","yposition":"NaN","width":"NaN","height":"NaN","shapeStyle":2},"labelManager":{"labels":[{"type":"textLabel","@id":100,"inputText":"1","labelStyle":4,"shape":null,"layoutText":null}],"mainLabel":100},"properties":{"id":"9982f007b52d9de12106d87ddb7646e0"},"orientationAtVertex":"FREE","reference":null},{"type":"port","@id":101,"shape":{"type":"rect","xposition":"NaN","yposition":"NaN","width":"NaN","height":"NaN","shapeStyle":2},"labelManager":{"labels":[{"type":"textLabel","@id":102,"inputText":"2","labelStyle":4,"shape":null,"layoutText":null}],"mainLabel":102},"properties":{"id":"de13b8b120cfea07c60c60b0643471e5"},"orientationAtVertex":"FREE","reference":null}],"properties":{},"reference":null}],"properties":{"id":"652ea7df4c71462e1afd96fde1252056","type":"socket"},"reference":null},{"@id":103,"shape":{"type":"rect","xposition":"NaN","yposition":"NaN","width":"NaN","height":"NaN","shapeStyle":2},"labelManager":{"labels":[{"type":"textLabel","@id":104,"inputText":"Niklas","labelStyle":4,"shape":null,"layoutText":null}],"mainLabel":104},"portCompositions":[{"type":"portGroup","@id":105,"ordered":false,"portCompositions":[{"type":"port","@id":106,"shape":{"type":"rect","xposition":"NaN","yposition":"NaN","width":"NaN","height":"NaN","shapeStyle":2},"labelManager":{"labels":[{"type":"textLabel","@id":107,"inputText":"2","labelStyle":4,"shape":null,"layoutText":null}],"mainLabel":107},"properties":{"id":"a2d66f4cb3b02853120a62ef028137cf"},"orientationAtVertex":"FREE","reference":null},{"type":"port","@id":108,"shape":{"type":"rect","xposition":"NaN","yposition":"NaN","width":"NaN","height":"NaN","shapeStyle":2},"labelManager":{"labels":[{"type":"textLabel","@id":109,"inputText":"3","labelStyle":4,"shape":null,"layoutText":null}],"mainLabel":109},"properties":{"id":"8f112541596a43ac367de77babadf1a1"},"orientationAtVertex":"FREE","reference":null},{"type":"port","@id":110,"shape":{"type":"rect","xposition":"NaN","yposition":"NaN","width":"NaN","height":"NaN","shapeStyle":40},"labelManager":{"labels":[{"type":"textLabel","@id":111,"inputText":"1","labelStyle":42,"shape":null,"layoutText":null}],"mainLabel":111},"properties":{},"orientationAtVertex":"FREE","reference":null}],"properties":{},"reference":null}],"properties":{"id":"0b4157e7f569b065426af7327b3247ac","type":"device"},"reference":null},{"@id":112,"shape":{"type":"rect","xposition":"NaN","yposition":"NaN","width":"NaN","height":"NaN","shapeStyle":2},"labelManager":{"labels":[{"type":"textLabel","@id":113,"inputText":"Elias","labelStyle":4,"shape":null,"layoutText":null}],"mainLabel":113},"portCompositions":[{"type":"portGroup","@id":114,"ordered":false,"portCompositions":[{"type":"port","@id":115,"shape":{"type":"rect","xposition":"NaN","yposition":"NaN","width":"NaN","height":"NaN","shapeStyle":2},"labelManager":{"labels":[{"type":"textLabel","@id":116,"inputText":"1","labelStyle":4,"shape":null,"layoutText":null}],"mainLabel":116},"properties":{"id":"f05ece8d27686e8b4ffc4a87865e0ece"},"orientationAtVertex":"FREE","reference":null},{"type":"port","@id":117,"shape":{"type":"rect","xposition":"NaN","yposition":"NaN","width":"NaN","height":"NaN","shapeStyle":40},"labelManager":{"labels":[{"type":"textLabel","@id":118,"inputText":"2","labelStyle":42,"shape":null,"layoutText":null}],"mainLabel":118},"properties":{},"orientationAtVertex":"FREE","reference":null}],"properties":{},"reference":null}],"properties":{"id":"c74d9f15fe72dd0a8cdeb8592918af29","type":"plug"},"reference":null},{"@id":119,"shape":{"type":"rect","xposition":"NaN","yposition":"NaN","width":"NaN","height":"NaN","shapeStyle":2},"labelManager":{"labels":[{"type":"textLabel","@id":120,"inputText":"Moritz","labelStyle":4,"shape":null,"layoutText":null}],"mainLabel":120},"portCompositions":[{"type":"portGroup","@id":121,"ordered":false,"portCompositions":[{"type":"port","@id":122,"shape":{"type":"rect","xposition":"NaN","yposition":"NaN","width":"NaN","height":"NaN","shapeStyle":2},"labelManager":{"labels":[{"type":"textLabel","@id":123,"inputText":"1","labelStyle":4,"shape":null,"layoutText":null}],"mainLabel":123},"properties":{"id":"6d2f13a193fd1c04f83c2c9f25c921de"},"orientationAtVertex":"FREE","reference":null},{"type":"port","@id":124,"shape":{"type":"rect","xposition":"NaN","yposition":"NaN","width":"NaN","height":"NaN","shapeStyle":40},"labelManager":{"labels":[{"type":"textLabel","@id":125,"inputText":"2","labelStyle":42,"shape":null,"layoutText":null}],"mainLabel":125},"properties":{},"orientationAtVertex":"FREE","reference":null}],"properties":{},"reference":null}],"properties":{"id":"e3f206769398a9177d41ff37233d481e","type":"plug"},"reference":null},{"@id":126,"shape":{"type":"rect","xposition":"NaN","yposition":"NaN","width":"NaN","height":"NaN","shapeStyle":2},"labelManager":{"labels":[{"type":"textLabel","@id":127,"inputText":"Leo","labelStyle":4,"shape":null,"layoutText":null}],"mainLabel":127},"portCompositions":[{"type":"portGroup","@id":128,"ordered":false,"portCompositions":[],"properties":{},"reference":null},{"type":"portGroup","@id":129,"ordered":false,"portCompositions":[{"type":"port","@id":130,"shape":{"type":"rect","xposition":"NaN","yposition":"NaN","width":"NaN","height":"NaN","shapeStyle":2},"labelManager":{"labels":[{"type":"textLabel","@id":131,"inputText":"10","labelStyle":4,"shape":null,"layoutText":null}],"mainLabel":131},"properties":{"id":"3ab4e205e2dc088e6603aba95837cbd6"},"orientationAtVertex":"FREE","reference":null},{"type":"port","@id":132,"shape":{"type":"rect","xposition":"NaN","yposition":"NaN","width":"NaN","height":"NaN","shapeStyle":2},"labelManager":{"labels":[{"type":"textLabel","@id":133,"inputText":"5","labelStyle":4,"shape":null,"layoutText":null}],"mainLabel":133},"properties":{"id":"95f9d9687a49359f14b5162831771fe4"},"orientationAtVertex":"FREE","reference":null},{"type":"port","@id":134,"shape":{"type":"rect","xposition":"NaN","yposition":"NaN","width":"NaN","height":"NaN","shapeStyle":2},"labelManager":{"labels":[{"type":"textLabel","@id":135,"inputText":"2","labelStyle":4,"shape":null,"layoutText":null}],"mainLabel":135},"properties":{"id":"a18fd28e9712c9fa7dd59ba9bc27e9f5"},"orientationAtVertex":"FREE","reference":null},{"type":"port","@id":136,"shape":{"type":"rect","xposition":"NaN","yposition":"NaN","width":"NaN","height":"NaN","shapeStyle":2},"labelManager":{"labels":[{"type":"textLabel","@id":137,"inputText":"3","labelStyle":4,"shape":null,"layoutText":null}],"mainLabel":137},"properties":{"id":"ece72371d01aa4517874963aacb9d3c7"},"orientationAtVertex":"FREE","reference":null},{"type":"port","@id":138,"shape":{"type":"rect","xposition":"NaN","yposition":"NaN","width":"NaN","height":"NaN","shapeStyle":2},"labelManager":{"labels":[{"type":"textLabel","@id":139,"inputText":"8","labelStyle":4,"shape":null,"layoutText":null}],"mainLabel":139},"properties":{"id":"12ce90d49b9c22667b1e7716371f184a"},"orientationAtVertex":"FREE","reference":null},{"type":"port","@id":140,"shape":{"type":"rect","xposition":"NaN","yposition":"NaN","width":"NaN","height":"NaN","shapeStyle":2},"labelManager":{"labels":[{"type":"textLabel","@id":141,"inputText":"9","labelStyle":4,"shape":null,"layoutText":null}],"mainLabel":141},"properties":{"id":"1477e82a8e9fd8df285ea0465cd0d1c3"},"orientationAtVertex":"FREE","reference":null},{"type":"port","@id":142,"shape":{"type":"rect","xposition":"NaN","yposition":"NaN","width":"NaN","height":"NaN","shapeStyle":40},"labelManager":{"labels":[{"type":"textLabel","@id":143,"inputText":"6","labelStyle":42,"shape":null,"layoutText":null}],"mainLabel":143},"properties":{},"orientationAtVertex":"FREE","reference":null},{"type":"port","@id":144,"shape":{"type":"rect","xposition":"NaN","yposition":"NaN","width":"NaN","height":"NaN","shapeStyle":40},"labelManager":{"labels":[{"type":"textLabel","@id":145,"inputText":"7","labelStyle":42,"shape":null,"layoutText":null}],"mainLabel":145},"properties":{},"orientationAtVertex":"FREE","reference":null},{"type":"port","@id":146,"shape":{"type":"rect","xposition":"NaN","yposition":"NaN","width":"NaN","height":"NaN","shapeStyle":40},"labelManager":{"labels":[{"type":"textLabel","@id":147,"inputText":"4","labelStyle":42,"shape":null,"layoutText":null}],"mainLabel":147},"properties":{},"orientationAtVertex":"FREE","reference":null},{"type":"port","@id":148,"shape":{"type":"rect","xposition":"NaN","yposition":"NaN","width":"NaN","height":"NaN","shapeStyle":40},"labelManager":{"labels":[{"type":"textLabel","@id":149,"inputText":"1","labelStyle":42,"shape":null,"layoutText":null}],"mainLabel":149},"properties":{},"orientationAtVertex":"FREE","reference":null}],"properties":{},"reference":null},{"type":"portGroup","@id":150,"ordered":false,"portCompositions":[],"properties":{},"reference":null}],"properties":{"id":"fb50309bbf8b32316bb66d70838a7f45","type":"device"},"reference":null},{"@id":151,"shape":{"type":"rect","xposition":"NaN","yposition":"NaN","width":"NaN","height":"NaN","shapeStyle":2},"labelManager":{"labels":[{"type":"textLabel","@id":152,"inputText":"Tim","labelStyle":4,"shape":null,"layoutText":null}],"mainLabel":152},"portCompositions":[{"type":"portGroup","@id":153,"ordered":false,"portCompositions":[{"type":"port","@id":154,"shape":{"type":"rect","xposition":"NaN","yposition":"NaN","width":"NaN","height":"NaN","shapeStyle":2},"labelManager":{"labels":[{"type":"textLabel","@id":155,"inputText":"10","labelStyle":4,"shape":null,"layoutText":null}],"mainLabel":155},"properties":{"id":"cd307b9668fd52588c81dc395e792bc8"},"orientationAtVertex":"FREE","reference":null},{"type":"port","@id":156,"shape":{"type":"rect","xposition":"NaN","yposition":"NaN","width":"NaN","height":"NaN","shapeStyle":2},"labelManager":{"labels":[{"type":"textLabel","@id":157,"inputText":"5","labelStyle":4,"shape":null,"layoutText":null}],"mainLabel":157},"properties":{"id":"7dc4770f4e7e2264b5df1e181ac86d35"},"orientationAtVertex":"FREE","reference":null},{"type":"port","@id":158,"shape":{"type":"rect","xposition":"NaN","yposition":"NaN","width":"NaN","height":"NaN","shapeStyle":2},"labelManager":{"labels":[{"type":"textLabel","@id":159,"inputText":"2","labelStyle":4,"shape":null,"layoutText":null}],"mainLabel":159},"properties":{"id":"242226c9fd3421edc8d153cfac68002c"},"orientationAtVertex":"FREE","reference":null},{"type":"port","@id":160,"shape":{"type":"rect","xposition":"NaN","yposition":"NaN","width":"NaN","height":"NaN","shapeStyle":2},"labelManager":{"labels":[{"type":"textLabel","@id":161,"inputText":"3","labelStyle":4,"shape":null,"layoutText":null}],"mainLabel":161},"properties":{"id":"5bfb696be69230b648d1b94fd6973616"},"orientationAtVertex":"FREE","reference":null},{"type":"port","@id":162,"shape":{"type":"rect","xposition":"NaN","yposition":"NaN","width":"NaN","height":"NaN","shapeStyle":2},"labelManager":{"labels":[{"type":"textLabel","@id":163,"inputText":"8","labelStyle":4,"shape":null,"layoutText":null}],"mainLabel":163},"properties":{"id":"0daae134e42ba30ac1e794b645e84d2d"},"orientationAtVertex":"FREE","reference":null},{"type":"port","@id":164,"shape":{"type":"rect","xposition":"NaN","yposition":"NaN","width":"NaN","height":"NaN","shapeStyle":2},"labelManager":{"labels":[{"type":"textLabel","@id":165,"inputText":"9","labelStyle":4,"shape":null,"layoutText":null}],"mainLabel":165},"properties":{"id":"51fc4d0ddbf320d49940efea7cef3509"},"orientationAtVertex":"FREE","reference":null}],"properties":{},"reference":null}],"properties":{"id":"889e540ae74b47c838a69d05efd1d0e8","type":"socket"},"reference":null},{"@id":166,"shape":{"type":"rect","xposition":"NaN","yposition":"NaN","width":"NaN","height":"NaN","shapeStyle":2},"labelManager":{"labels":[{"type":"textLabel","@id":167,"inputText":"Felix","labelStyle":4,"shape":null,"layoutText":null}],"mainLabel":167},"portCompositions":[{"type":"port","@id":168,"shape":{"type":"rect","xposition":"NaN","yposition":"NaN","width":"NaN","height":"NaN","shapeStyle":2},"labelManager":{"labels":[{"type":"textLabel","@id":169,"inputText":"1","labelStyle":4,"shape":null,"layoutText":null}],"mainLabel":169},"properties":{"id":"dbdda081db2526346953732bd9f8e324"},"orientationAtVertex":"FREE","reference":null}],"properties":{"id":"ff81a797a4169044bff77fe9d96c088c","type":"splice"},"reference":null},{"@id":170,"shape":{"type":"rect","xposition":"NaN","yposition":"NaN","width":"NaN","height":"NaN","shapeStyle":2},"labelManager":{"labels":[{"type":"textLabel","@id":171,"inputText":"Noah","labelStyle":4,"shape":null,"layoutText":null}],"mainLabel":171},"portCompositions":[{"type":"portGroup","@id":172,"ordered":false,"portCompositions":[],"properties":{},"reference":null},{"type":"portGroup","@id":173,"ordered":false,"portCompositions":[{"type":"port","@id":174,"shape":{"type":"rect","xposition":"NaN","yposition":"NaN","width":"NaN","height":"NaN","shapeStyle":2},"labelManager":{"labels":[{"type":"textLabel","@id":175,"inputText":"1","labelStyle":4,"shape":null,"layoutText":null}],"mainLabel":175},"properties":{"id":"35892aef5364328557a73bd22e13aac7"},"orientationAtVertex":"FREE","reference":null}],"properties":{},"reference":null}],"properties":{"id":"244c302df939055c16782d613d6f183d","type":"device"},"reference":null},{"@id":176,"shape":{"type":"rect","xposition":"NaN","yposition":"NaN","width":"NaN","height":"NaN","shapeStyle":2},"labelManager":{"labels":[{"type":"textLabel","@id":177,"inputText":"Jonathan","labelStyle":4,"shape":null,"layoutText":null}],"mainLabel":177},"portCompositions":[{"type":"portGroup","@id":178,"ordered":false,"portCompositions":[{"type":"port","@id":179,"shape":{"type":"rect","xposition":"NaN","yposition":"NaN","width":"NaN","height":"NaN","shapeStyle":2},"labelManager":{"labels":[{"type":"textLabel","@id":180,"inputText":"1","labelStyle":4,"shape":null,"layoutText":null}],"mainLabel":180},"properties":{"id":"efc5a48b5118eef769ed905a60612fef"},"orientationAtVertex":"FREE","reference":null}],"properties":{},"reference":null}],"properties":{"id":"77add39a3b4d53318564fb816b9947fc","type":"socket"},"reference":null},{"@id":181,"shape":{"type":"rect","xposition":"NaN","yposition":"NaN","width":"NaN","height":"NaN","shapeStyle":2},"labelManager":{"labels":[{"type":"textLabel","@id":182,"inputText":"Mats","labelStyle":4,"shape":null,"layoutText":null}],"mainLabel":182},"portCompositions":[{"type":"portGroup","@id":183,"ordered":false,"portCompositions":[{"type":"port","@id":184,"shape":{"type":"rect","xposition":"NaN","yposition":"NaN","width":"NaN","height":"NaN","shapeStyle":2},"labelManager":{"labels":[{"type":"textLabel","@id":185,"inputText":"1","labelStyle":4,"shape":null,"layoutText":null}],"mainLabel":185},"properties":{"id":"7a1c6ff589ca3a84df184ca56c5c0bd8"},"orientationAtVertex":"FREE","reference":null}],"properties":{},"reference":null}],"properties":{"id":"c437d440bb8374b379d4456f750a971c","type":"plug"},"reference":null},{"@id":186,"shape":{"type":"rect","xposition":"NaN","yposition":"NaN","width":"NaN","height":"NaN","shapeStyle":2},"labelManager":{"labels":[{"type":"textLabel","@id":187,"inputText":"Vincent","labelStyle":4,"shape":null,"layoutText":null}],"mainLabel":187},"portCompositions":[{"type":"portGroup","@id":188,"ordered":false,"portCompositions":[{"type":"port","@id":189,"shape":{"type":"rect","xposition":"NaN","yposition":"NaN","width":"NaN","height":"NaN","shapeStyle":2},"labelManager":{"labels":[{"type":"textLabel","@id":190,"inputText":"1","labelStyle":4,"shape":null,"layoutText":null}],"mainLabel":190},"properties":{"id":"b268615ab62c286e723af6fe3df89f43"},"orientationAtVertex":"FREE","reference":null}],"properties":{},"reference":null}],"properties":{"id":"832f7b1fb12c0264490878a3ece759e5","type":"plug"},"reference":null},{"@id":191,"shape":{"type":"rect","xposition":"NaN","yposition":"NaN","width":"NaN","height":"NaN","shapeStyle":2},"labelManager":{"labels":[{"type":"textLabel","@id":192,"inputText":"Julian","labelStyle":4,"shape":null,"layoutText":null}],"mainLabel":192},"portCompositions":[{"type":"portGroup","@id":193,"ordered":false,"portCompositions":[{"type":"port","@id":194,"shape":{"type":"rect","xposition":"NaN","yposition":"NaN","width":"NaN","height":"NaN","shapeStyle":2},"labelManager":{"labels":[{"type":"textLabel","@id":195,"inputText":"1","labelStyle":4,"shape":null,"layoutText":null}],"mainLabel":195},"properties":{"id":"db7bf1745f1bff4ad9fa179798641850"},"orientationAtVertex":"FREE","reference":null}],"properties":{},"reference":null}],"properties":{"id":"ec902f4238baa917b6c748831fbbe966","type":"device"},"reference":null},{"@id":196,"shape":{"type":"rect","xposition":"NaN","yposition":"NaN","width":"NaN","height":"NaN","shapeStyle":2},"labelManager":{"labels":[{"type":"textLabel","@id":197,"inputText":"Max","labelStyle":4,"shape":null,"layoutText":null}],"mainLabel":197},"portCompositions":[{"type":"portGroup","@id":198,"ordered":false,"portCompositions":[{"type":"port","@id":199,"shape":{"type":"rect","xposition":"NaN","yposition":"NaN","width":"NaN","height":"NaN","shapeStyle":2},"labelManager":{"labels":[{"type":"textLabel","@id":200,"inputText":"1","labelStyle":4,"shape":null,"layoutText":null}],"mainLabel":200},"properties":{"id":"1c9e8231953d4dde6d9ad92e6598c265"},"orientationAtVertex":"FREE","reference":null},{"type":"port","@id":201,"shape":{"type":"rect","xposition":"NaN","yposition":"NaN","width":"NaN","height":"NaN","shapeStyle":40},"labelManager":{"labels":[{"type":"textLabel","@id":202,"inputText":"5","labelStyle":42,"shape":null,"layoutText":null}],"mainLabel":202},"properties":{},"orientationAtVertex":"FREE","reference":null},{"type":"port","@id":203,"shape":{"type":"rect","xposition":"NaN","yposition":"NaN","width":"NaN","height":"NaN","shapeStyle":40},"labelManager":{"labels":[{"type":"textLabel","@id":204,"inputText":"4","labelStyle":42,"shape":null,"layoutText":null}],"mainLabel":204},"properties":{},"orientationAtVertex":"FREE","reference":null},{"type":"port","@id":205,"shape":{"type":"rect","xposition":"NaN","yposition":"NaN","width":"NaN","height":"NaN","shapeStyle":40},"labelManager":{"labels":[{"type":"textLabel","@id":206,"inputText":"3","labelStyle":42,"shape":null,"layoutText":null}],"mainLabel":206},"properties":{},"orientationAtVertex":"FREE","reference":null},{"type":"port","@id":207,"shape":{"type":"rect","xposition":"NaN","yposition":"NaN","width":"NaN","height":"NaN","shapeStyle":40},"labelManager":{"labels":[{"type":"textLabel","@id":208,"inputText":"2","labelStyle":42,"shape":null,"layoutText":null}],"mainLabel":208},"properties":{},"orientationAtVertex":"FREE","reference":null}],"properties":{},"reference":null}],"properties":{"id":"9bce1c06fc80964565d72b25f8147452","type":"device"},"reference":null},{"@id":209,"shape":{"type":"rect","xposition":"NaN","yposition":"NaN","width":"NaN","height":"NaN","shapeStyle":2},"labelManager":{"labels":[{"type":"textLabel","@id":210,"inputText":"Leon","labelStyle":4,"shape":null,"layoutText":null}],"mainLabel":210},"portCompositions":[{"type":"portGroup","@id":211,"ordered":false,"portCompositions":[{"type":"port","@id":212,"shape":{"type":"rect","xposition":"NaN","yposition":"NaN","width":"NaN","height":"NaN","shapeStyle":2},"labelManager":{"labels":[{"type":"textLabel","@id":213,"inputText":"1","labelStyle":4,"shape":null,"layoutText":null}],"mainLabel":213},"properties":{"id":"782f09dcf42fd1c623ab15407e7e7e04"},"orientationAtVertex":"FREE","reference":null}],"properties":{},"reference":null}],"properties":{"id":"f9127a1998af2e7d61f1ab7b19c601e9","type":"socket"},"reference":null},{"@id":214,"shape":{"type":"rect","xposition":"NaN","yposition":"NaN","width":"NaN","height":"NaN","shapeStyle":2},"labelManager":{"labels":[{"type":"textLabel","@id":215,"inputText":"Alexander","labelStyle":4,"shape":null,"layoutText":null}],"mainLabel":215},"portCompositions":[{"type":"portGroup","@id":216,"ordered":false,"portCompositions":[{"type":"port","@id":217,"shape":{"type":"rect","xposition":"NaN","yposition":"NaN","width":"NaN","height":"NaN","shapeStyle":2},"labelManager":{"labels":[{"type":"textLabel","@id":218,"inputText":"1","labelStyle":4,"shape":null,"layoutText":null}],"mainLabel":218},"properties":{"id":"694160051d90848e9cb3cc430ff24df7"},"orientationAtVertex":"FREE","reference":null},{"type":"port","@id":219,"shape":{"type":"rect","xposition":"NaN","yposition":"NaN","width":"NaN","height":"NaN","shapeStyle":40},"labelManager":{"labels":[{"type":"textLabel","@id":220,"inputText":"2","labelStyle":42,"shape":null,"layoutText":null}],"mainLabel":220},"properties":{},"orientationAtVertex":"FREE","reference":null}],"properties":{},"reference":null}],"properties":{"id":"0969cb78b4088719abeef926ac512600","type":"plug"},"reference":null},{"@id":221,"shape":{"type":"rect","xposition":"NaN","yposition":"NaN","width":"NaN","height":"NaN","shapeStyle":2},"labelManager":{"labels":[{"type":"textLabel","@id":222,"inputText":"Louis","labelStyle":4,"shape":null,"layoutText":null}],"mainLabel":222},"portCompositions":[{"type":"portGroup","@id":223,"ordered":false,"portCompositions":[{"type":"port","@id":224,"shape":{"type":"rect","xposition":"NaN","yposition":"NaN","width":"NaN","height":"NaN","shapeStyle":2},"labelManager":{"labels":[{"type":"textLabel","@id":225,"inputText":"1","labelStyle":4,"shape":null,"layoutText":null}],"mainLabel":225},"properties":{"id":"c250e8006b3f825455bb10d32fe63895"},"orientationAtVertex":"FREE","reference":null},{"type":"port","@id":226,"shape":{"type":"rect","xposition":"NaN","yposition":"NaN","width":"NaN","height":"NaN","shapeStyle":40},"labelManager":{"labels":[{"type":"textLabel","@id":227,"inputText":"2","labelStyle":42,"shape":null,"layoutText":null}],"mainLabel":227},"properties":{},"orientationAtVertex":"FREE","reference":null}],"properties":{},"reference":null}],"properties":{"id":"b1e71244bc6740f5efd74de291a99f8c","type":"plug"},"reference":null},{"@id":228,"shape":{"type":"rect","xposition":"NaN","yposition":"NaN","width":"NaN","height":"NaN","shapeStyle":2},"labelManager":{"labels":[{"type":"textLabel","@id":229,"inputText":"Finn","labelStyle":4,"shape":null,"layoutText":null}],"mainLabel":229},"portCompositions":[{"type":"port","@id":230,"shape":{"type":"rect","xposition":"NaN","yposition":"NaN","width":"NaN","height":"NaN","shapeStyle":2},"labelManager":{"labels":[{"type":"textLabel","@id":231,"inputText":"1","labelStyle":4,"shape":null,"layoutText":null}],"mainLabel":231},"properties":{"id":"4e10493456928ef15f23680c97e1f4c5"},"orientationAtVertex":"FREE","reference":null}],"properties":{"id":"ca6434ad9a9ea03d150cf50f40522b5e","type":"splice"},"reference":null},{"@id":232,"shape":{"type":"rect","xposition":"NaN","yposition":"NaN","width":"NaN","height":"NaN","shapeStyle":2},"labelManager":{"labels":[{"type":"textLabel","@id":233,"inputText":"Benjamin","labelStyle":4,"shape":null,"layoutText":null}],"mainLabel":233},"portCompositions":[{"type":"port","@id":234,"shape":{"type":"rect","xposition":"NaN","yposition":"NaN","width":"NaN","height":"NaN","shapeStyle":2},"labelManager":{"labels":[{"type":"textLabel","@id":235,"inputText":"1","labelStyle":4,"shape":null,"layoutText":null}],"mainLabel":235},"properties":{"id":"52d9211f85fa14d513ddfedba181eef7"},"orientationAtVertex":"FREE","reference":null}],"properties":{"id":"0ce205f59e5cef796c2a93057558136a","type":"splice"},"reference":null},{"@id":236,"shape":{"type":"rect","xposition":"NaN","yposition":"NaN","width":"NaN","height":"NaN","shapeStyle":2},"labelManager":{"labels":[{"type":"textLabel","@id":237,"inputText":"Paul","labelStyle":4,"shape":null,"layoutText":null}],"mainLabel":237},"portCompositions":[{"type":"portGroup","@id":238,"ordered":false,"portCompositions":[{"type":"port","@id":239,"shape":{"type":"rect","xposition":"NaN","yposition":"NaN","width":"NaN","height":"NaN","shapeStyle":2},"labelManager":{"labels":[{"type":"textLabel","@id":240,"inputText":"3","labelStyle":4,"shape":null,"layoutText":null}],"mainLabel":240},"properties":{"id":"c73a56989b08aee39e794938fbf33c2a"},"orientationAtVertex":"FREE","reference":null},{"type":"port","@id":241,"shape":{"type":"rect","xposition":"NaN","yposition":"NaN","width":"NaN","height":"NaN","shapeStyle":40},"labelManager":{"labels":[{"type":"textLabel","@id":242,"inputText":"2","labelStyle":42,"shape":null,"layoutText":null}],"mainLabel":242},"properties":{},"orientationAtVertex":"FREE","reference":null},{"type":"port","@id":243,"shape":{"type":"rect","xposition":"NaN","yposition":"NaN","width":"NaN","height":"NaN","shapeStyle":40},"labelManager":{"labels":[{"type":"textLabel","@id":244,"inputText":"1","labelStyle":42,"shape":null,"layoutText":null}],"mainLabel":244},"properties":{},"orientationAtVertex":"FREE","reference":null}],"properties":{},"reference":null},{"type":"portGroup","@id":245,"ordered":false,"portCompositions":[],"properties":{},"reference":null}],"properties":{"id":"9d2fa28143407bb5c3862fb8db484832","type":"device"},"reference":null},{"@id":246,"shape":{"type":"rect","xposition":"NaN","yposition":"NaN","width":"NaN","height":"NaN","shapeStyle":2},"labelManager":{"labels":[{"type":"textLabel","@id":247,"inputText":"Samuel","labelStyle":4,"shape":null,"layoutText":null}],"mainLabel":247},"portCompositions":[{"type":"portGroup","@id":248,"ordered":false,"portCompositions":[{"type":"port","@id":249,"shape":{"type":"rect","xposition":"NaN","yposition":"NaN","width":"NaN","height":"NaN","shapeStyle":2},"labelManager":{"labels":[{"type":"textLabel","@id":250,"inputText":"3","labelStyle":4,"shape":null,"layoutText":null}],"mainLabel":250},"properties":{"id":"19f6da36a54459eac02a2ff83a0e6c5b"},"orientationAtVertex":"FREE","reference":null}],"properties":{},"reference":null}],"properties":{"id":"096be40857c858bdf2f4d7e4053d86e2","type":"socket"},"reference":null},{"@id":251,"shape":{"type":"rect","xposition":"NaN","yposition":"NaN","width":"NaN","height":"NaN","shapeStyle":2},"labelManager":{"labels":[{"type":"textLabel","@id":252,"inputText":"Anton","labelStyle":4,"shape":null,"layoutText":null}],"mainLabel":252},"portCompositions":[{"type":"port","@id":253,"shape":{"type":"rect","xposition":"NaN","yposition":"NaN","width":"NaN","height":"NaN","shapeStyle":2},"labelManager":{"labels":[{"type":"textLabel","@id":254,"inputText":"1","labelStyle":4,"shape":null,"layoutText":null}],"mainLabel":254},"properties":{"id":"bdf2c883e30df6a1afe477105fef47de"},"orientationAtVertex":"FREE","reference":null}],"properties":{"id":"38c8fc97355f0cf0de8422a3f6b45bbc","type":"splice"},"reference":null},{"@id":255,"shape":{"type":"rect","xposition":"NaN","yposition":"NaN","width":"NaN","height":"NaN","shapeStyle":2},"labelManager":{"labels":[{"type":"textLabel","@id":256,"inputText":"Jakob","labelStyle":4,"shape":null,"layoutText":null}],"mainLabel":256},"portCompositions":[{"type":"portGroup","@id":257,"ordered":false,"portCompositions":[{"type":"port","@id":258,"shape":{"type":"rect","xposition":"NaN","yposition":"NaN","width":"NaN","height":"NaN","shapeStyle":2},"labelManager":{"labels":[{"type":"textLabel","@id":259,"inputText":"2","labelStyle":4,"shape":null,"layoutText":null}],"mainLabel":259},"properties":{"id":"ed0e6827f3c9f9d552ba9ba127c9390f"},"orientationAtVertex":"FREE","reference":null},{"type":"port","@id":260,"shape":{"type":"rect","xposition":"NaN","yposition":"NaN","width":"NaN","height":"NaN","shapeStyle":2},"labelManager":{"labels":[{"type":"textLabel","@id":261,"inputText":"1","labelStyle":4,"shape":null,"layoutText":null}],"mainLabel":261},"properties":{"id":"65621acb70866da47560b823c6b96f9b"},"orientationAtVertex":"FREE","reference":null}],"properties":{},"reference":null}],"properties":{"id":"ff8e34faa69979670158fcb2a104c084","type":"device"},"reference":null},{"@id":262,"shape":{"type":"rect","xposition":"NaN","yposition":"NaN","width":"NaN","height":"NaN","shapeStyle":2},"labelManager":{"labels":[{"type":"textLabel","@id":263,"inputText":"Oskar","labelStyle":4,"shape":null,"layoutText":null}],"mainLabel":263},"portCompositions":[{"type":"portGroup","@id":264,"ordered":false,"portCompositions":[{"type":"port","@id":265,"shape":{"type":"rect","xposition":"NaN","yposition":"NaN","width":"NaN","height":"NaN","shapeStyle":2},"labelManager":{"labels":[{"type":"textLabel","@id":266,"inputText":"2","labelStyle":4,"shape":null,"layoutText":null}],"mainLabel":266},"properties":{"id":"8ca02f5129e31236b2758bf3b470a2eb"},"orientationAtVertex":"FREE","reference":null},{"type":"port","@id":267,"shape":{"type":"rect","xposition":"NaN","yposition":"NaN","width":"NaN","height":"NaN","shapeStyle":2},"labelManager":{"labels":[{"type":"textLabel","@id":268,"inputText":"1","labelStyle":4,"shape":null,"layoutText":null}],"mainLabel":268},"properties":{"id":"1dc03ee3b4f983c7f5fd12cb88eabc94"},"orientationAtVertex":"FREE","reference":null}],"properties":{},"reference":null}],"properties":{"id":"6c5876e68391e62bae8d4aca5aa76fb8","type":"socket"},"reference":null},{"@id":269,"shape":null,"labelManager":{"labels":[{"type":"textLabel","@id":270,"inputText":"Daniel","labelStyle":42,"shape":null,"layoutText":null}],"mainLabel":270},"portCompositions":[{"type":"portGroup","@id":271,"ordered":false,"portCompositions":[{"type":"port","@id":272,"shape":{"type":"rect","xposition":"NaN","yposition":"NaN","width":"NaN","height":"NaN","shapeStyle":40},"labelManager":{"labels":[{"type":"textLabel","@id":273,"inputText":"1","labelStyle":42,"shape":null,"layoutText":null}],"mainLabel":273},"properties":{},"orientationAtVertex":"FREE","reference":null}],"properties":{},"reference":null}],"properties":{},"reference":null},{"@id":274,"shape":null,"labelManager":{"labels":[{"type":"textLabel","@id":275,"inputText":"Maximilian","labelStyle":42,"shape":null,"layoutText":null}],"mainLabel":275},"portCompositions":[{"type":"portGroup","@id":276,"ordered":false,"portCompositions":[{"type":"port","@id":277,"shape":{"type":"rect","xposition":"NaN","yposition":"NaN","width":"NaN","height":"NaN","shapeStyle":40},"labelManager":{"labels":[{"type":"textLabel","@id":278,"inputText":"6","labelStyle":42,"shape":null,"layoutText":null}],"mainLabel":278},"properties":{},"orientationAtVertex":"FREE","reference":null}],"properties":{},"reference":null}],"properties":{},"reference":null},{"@id":279,"shape":null,"labelManager":{"labels":[{"type":"textLabel","@id":280,"inputText":"Gabriel","labelStyle":42,"shape":null,"layoutText":null}],"mainLabel":280},"portCompositions":[{"type":"portGroup","@id":281,"ordered":false,"portCompositions":[{"type":"port","@id":282,"shape":{"type":"rect","xposition":"NaN","yposition":"NaN","width":"NaN","height":"NaN","shapeStyle":40},"labelManager":{"labels":[{"type":"textLabel","@id":283,"inputText":"3","labelStyle":42,"shape":null,"layoutText":null}],"mainLabel":283},"properties":{},"orientationAtVertex":"FREE","reference":null}],"properties":{},"reference":null}],"properties":{},"reference":null},{"@id":284,"shape":null,"labelManager":{"labels":[{"type":"textLabel","@id":285,"inputText":"David","labelStyle":42,"shape":null,"layoutText":null}],"mainLabel":285},"portCompositions":[{"type":"portGroup","@id":286,"ordered":false,"portCompositions":[{"type":"port","@id":287,"shape":{"type":"rect","xposition":"NaN","yposition":"NaN","width":"NaN","height":"NaN","shapeStyle":40},"labelManager":{"labels":[{"type":"textLabel","@id":288,"inputText":"5","labelStyle":42,"shape":null,"layoutText":null}],"mainLabel":288},"properties":{},"orientationAtVertex":"FREE","reference":null}],"properties":{},"reference":null}],"properties":{},"reference":null},{"@id":289,"shape":null,"labelManager":{"labels":[{"type":"textLabel","@id":290,"inputText":"Karl","labelStyle":42,"shape":null,"layoutText":null}],"mainLabel":290},"portCompositions":[{"type":"portGroup","@id":291,"ordered":false,"portCompositions":[{"type":"port","@id":292,"shape":{"type":"rect","xposition":"NaN","yposition":"NaN","width":"NaN","height":"NaN","shapeStyle":40},"labelManager":{"labels":[{"type":"textLabel","@id":293,"inputText":"4","labelStyle":42,"shape":null,"layoutText":null}],"mainLabel":293},"properties":{},"orientationAtVertex":"FREE","reference":null},{"type":"port","@id":294,"shape":{"type":"rect","xposition":"NaN","yposition":"NaN","width":"NaN","height":"NaN","shapeStyle":40},"labelManager":{"labels":[{"type":"textLabel","@id":295,"inputText":"2","labelStyle":42,"shape":null,"layoutText":null}],"mainLabel":295},"properties":{},"orientationAtVertex":"FREE","reference":null}],"properties":{},"reference":null}],"properties":{},"reference":null},{"@id":296,"shape":null,"labelManager":{"labels":[{"type":"textLabel","@id":297,"inputText":"Philipp","labelStyle":42,"shape":null,"layoutText":null}],"mainLabel":297},"portCompositions":[{"type":"portGroup","@id":298,"ordered":false,"portCompositions":[{"type":"port","@id":299,"shape":{"type":"rect","xposition":"NaN","yposition":"NaN","width":"NaN","height":"NaN","shapeStyle":40},"labelManager":{"labels":[{"type":"textLabel","@id":300,"inputText":"2","labelStyle":42,"shape":null,"layoutText":null}],"mainLabel":300},"properties":{},"orientationAtVertex":"FREE","reference":null},{"type":"port","@id":301,"shape":{"type":"rect","xposition":"NaN","yposition":"NaN","width":"NaN","height":"NaN","shapeStyle":40},"labelManager":{"labels":[{"type":"textLabel","@id":302,"inputText":"1","labelStyle":42,"shape":null,"layoutText":null}],"mainLabel":302},"properties":{},"orientationAtVertex":"FREE","reference":null}],"properties":{},"reference":null}],"properties":{},"reference":null},{"@id":303,"shape":null,"labelManager":{"labels":[{"type":"textLabel","@id":304,"inputText":"Jan","labelStyle":42,"shape":null,"layoutText":null}],"mainLabel":304},"portCompositions":[{"type":"portGroup","@id":305,"ordered":false,"portCompositions":[{"type":"port","@id":306,"shape":{"type":"rect","xposition":"NaN","yposition":"NaN","width":"NaN","height":"NaN","shapeStyle":40},"labelManager":{"labels":[{"type":"textLabel","@id":307,"inputText":"2","labelStyle":42,"shape":null,"layoutText":null}],"mainLabel":307},"properties":{},"orientationAtVertex":"FREE","reference":null},{"type":"port","@id":308,"shape":{"type":"rect","xposition":"NaN","yposition":"NaN","width":"NaN","height":"NaN","shapeStyle":40},"labelManager":{"labels":[{"type":"textLabel","@id":309,"inputText":"1","labelStyle":42,"shape":null,"layoutText":null}],"mainLabel":309},"properties":{},"orientationAtVertex":"FREE","reference":null}],"properties":{},"reference":null}],"properties":{},"reference":null},{"@id":310,"shape":null,"labelManager":{"labels":[{"type":"textLabel","@id":311,"inputText":"Tom","labelStyle":42,"shape":null,"layoutText":null}],"mainLabel":311},"portCompositions":[{"type":"portGroup","@id":312,"ordered":false,"portCompositions":[{"type":"port","@id":313,"shape":{"type":"rect","xposition":"NaN","yposition":"NaN","width":"NaN","height":"NaN","shapeStyle":40},"labelManager":{"labels":[{"type":"textLabel","@id":314,"inputText":"7","labelStyle":42,"shape":null,"layoutText":null}],"mainLabel":314},"properties":{},"orientationAtVertex":"FREE","reference":null},{"type":"port","@id":315,"shape":{"type":"rect","xposition":"NaN","yposition":"NaN","width":"NaN","height":"NaN","shapeStyle":40},"labelManager":{"labels":[{"type":"textLabel","@id":316,"inputText":"4","labelStyle":42,"shape":null,"layoutText":null}],"mainLabel":316},"properties":{},"orientationAtVertex":"FREE","reference":null},{"type":"port","@id":317,"shape":{"type":"rect","xposition":"NaN","yposition":"NaN","width":"NaN","height":"NaN","shapeStyle":40},"labelManager":{"labels":[{"type":"textLabel","@id":318,"inputText":"1","labelStyle":42,"shape":null,"layoutText":null}],"mainLabel":318},"properties":{},"orientationAtVertex":"FREE","reference":null}],"properties":{},"reference":null}],"properties":{},"reference":null},{"@id":319,"shape":null,"labelManager":{"labels":[{"type":"textLabel","@id":320,"inputText":"Ali","labelStyle":42,"shape":null,"layoutText":null}],"mainLabel":320},"portCompositions":[{"type":"portGroup","@id":321,"ordered":false,"portCompositions":[{"type":"port","@id":322,"shape":{"type":"rect","xposition":"NaN","yposition":"NaN","width":"NaN","height":"NaN","shapeStyle":40},"labelManager":{"labels":[{"type":"textLabel","@id":323,"inputText":"3","labelStyle":42,"shape":null,"layoutText":null}],"mainLabel":323},"properties":{},"orientationAtVertex":"FREE","reference":null}],"properties":{},"reference":null}],"properties":{},"reference":null}],"vertexGroups":[{"@id":324,"drawnFrame":false,"labelManager":{"labels":[],"mainLabel":null},"shape":null,"containedVertices":[1,18],"containedVertexGroups":[],"touchingPairs":[{"vertex0":1,"horizontalPlacementVertex0":"FREE","verticalPlacementVertex0":"TOP","vertex1":18,"horizontalPlacementVertex1":"FREE","verticalPlacementVertex1":"FREE"}],"portPairings":[{"port0":6,"port1":21},{"port0":14,"port1":29},{"port0":8,"port1":23},{"port0":12,"port1":27},{"port0":10,"port1":25},{"port0":16,"port1":31}],"properties":{},"reference":null},{"@id":325,"drawnFrame":false,"labelManager":{"labels":[],"mainLabel":null},"shape":null,"containedVertices":[33,45,303],"containedVertexGroups":[],"touchingPairs":[{"vertex0":33,"horizontalPlacementVertex0":"FREE","verticalPlacementVertex0":"TOP","vertex1":45,"horizontalPlacementVertex1":"FREE","verticalPlacementVertex1":"FREE"},{"vertex0":33,"horizontalPlacementVertex0":"FREE","verticalPlacementVertex0":"FREE","vertex1":303,"horizontalPlacementVertex1":"FREE","verticalPlacementVertex1":"FREE"}],"portPairings":[{"port0":37,"port1":48},{"port0":39,"port1":306},{"port0":43,"port1":308}],"properties":{},"reference":null},{"@id":326,"drawnFrame":false,"labelManager":{"labels":[],"mainLabel":null},"shape":null,"containedVertices":[50,59],"containedVertexGroups":[],"touchingPairs":[{"vertex0":50,"horizontalPlacementVertex0":"FREE","verticalPlacementVertex0":"TOP","vertex1":59,"horizontalPlacementVertex1":"FREE","verticalPlacementVertex1":"FREE"}],"portPairings":[{"port0":53,"port1":62},{"port0":55,"port1":64},{"port0":57,"port1":66}],"properties":{},"reference":null},{"@id":327,"drawnFrame":false,"labelManager":{"labels":[],"mainLabel":null},"shape":null,"containedVertices":[68,76],"containedVertexGroups":[],"touchingPairs":[{"vertex0":68,"horizontalPlacementVertex0":"FREE","verticalPlacementVertex0":"TOP","vertex1":76,"horizontalPlacementVertex1":"FREE","verticalPlacementVertex1":"FREE"}],"portPairings":[{"port0":74,"port1":79},{"port0":71,"port1":81}],"properties":{},"reference":null},{"@id":328,"drawnFrame":false,"labelManager":{"labels":[],"mainLabel":null},"shape":null,"containedVertices":[83,94,279],"containedVertexGroups":[],"touchingPairs":[{"vertex0":83,"horizontalPlacementVertex0":"FREE","verticalPlacementVertex0":"TOP","vertex1":94,"horizontalPlacementVertex1":"FREE","verticalPlacementVertex1":"FREE"},{"vertex0":83,"horizontalPlacementVertex0":"FREE","verticalPlacementVertex0":"FREE","vertex1":279,"horizontalPlacementVertex1":"FREE","verticalPlacementVertex1":"FREE"}],"portPairings":[{"port0":86,"port1":97},{"port0":88,"port1":99},{"port0":90,"port1":101},{"port0":92,"port1":282}],"properties":{},"reference":null},{"@id":329,"drawnFrame":false,"labelManager":{"labels":[],"mainLabel":null},"shape":null,"containedVertices":[112,119],"containedVertexGroups":[],"touchingPairs":[{"vertex0":112,"horizontalPlacementVertex0":"FREE","verticalPlacementVertex0":"TOP","vertex1":119,"horizontalPlacementVertex1":"FREE","verticalPlacementVertex1":"FREE"}],"portPairings":[{"port0":115,"port1":122},{"port0":117,"port1":124}],"properties":{},"reference":null},{"@id":330,"drawnFrame":false,"labelManager":{"labels":[],"mainLabel":null},"shape":null,"containedVertices":[126,151,274,310],"containedVertexGroups":[],"touchingPairs":[{"vertex0":126,"horizontalPlacementVertex0":"FREE","verticalPlacementVertex0":"TOP","vertex1":151,"horizontalPlacementVertex1":"FREE","verticalPlacementVertex1":"FREE"},{"vertex0":126,"horizontalPlacementVertex0":"FREE","verticalPlacementVertex0":"FREE","vertex1":274,"horizontalPlacementVertex1":"FREE","verticalPlacementVertex1":"FREE"},{"vertex0":126,"horizontalPlacementVertex0":"FREE","verticalPlacementVertex0":"FREE","vertex1":310,"horizontalPlacementVertex1":"FREE","verticalPlacementVertex1":"FREE"}],"portPairings":[{"port0":138,"port1":162},{"port0":136,"port1":160},{"port0":132,"port1":156},{"port0":134,"port1":158},{"port0":130,"port1":154},{"port0":140,"port1":164},{"port0":142,"port1":277},{"port0":144,"port1":313},{"port0":146,"port1":315},{"port0":148,"port1":317}],"properties":{},"reference":null},{"@id":331,"drawnFrame":false,"labelManager":{"labels":[],"mainLabel":null},"shape":null,"containedVertices":[170,176],"containedVertexGroups":[],"touchingPairs":[{"vertex0":170,"horizontalPlacementVertex0":"FREE","verticalPlacementVertex0":"TOP","vertex1":176,"horizontalPlacementVertex1":"FREE","verticalPlacementVertex1":"FREE"}],"portPairings":[{"port0":174,"port1":179}],"properties":{},"reference":null},{"@id":332,"drawnFrame":false,"labelManager":{"labels":[],"mainLabel":null},"shape":null,"containedVertices":[181,186],"containedVertexGroups":[],"touchingPairs":[{"vertex0":181,"horizontalPlacementVertex0":"FREE","verticalPlacementVertex0":"TOP","vertex1":186,"horizontalPlacementVertex1":"FREE","verticalPlacementVertex1":"FREE"}],"portPairings":[{"port0":184,"port1":189}],"properties":{},"reference":null},{"@id":333,"drawnFrame":false,"labelManager":{"labels":[],"mainLabel":null},"shape":null,"containedVertices":[196,209,284,289,319],"containedVertexGroups":[],"touchingPairs":[{"vertex0":196,"horizontalPlacementVertex0":"FREE","verticalPlacementVertex0":"TOP","vertex1":209,"horizontalPlacementVertex1":"FREE","verticalPlacementVertex1":"FREE"},{"vertex0":196,"horizontalPlacementVertex0":"FREE","verticalPlacementVertex0":"FREE","vertex1":284,"horizontalPlacementVertex1":"FREE","verticalPlacementVertex1":"FREE"},{"vertex0":196,"horizontalPlacementVertex0":"FREE","verticalPlacementVertex0":"FREE","vertex1":289,"horizontalPlacementVertex1":"FREE","verticalPlacementVertex1":"FREE"},{"vertex0":196,"horizontalPlacementVertex0":"FREE","verticalPlacementVertex0":"FREE","vertex1":319,"horizontalPlacementVertex1":"FREE","verticalPlacementVertex1":"FREE"}],"portPairings":[{"port0":199,"port1":212},{"port0":201,"port1":287},{"port0":203,"port1":292},{"port0":205,"port1":322},{"port0":207,"port1":294}],"properties":{},"reference":null},{"@id":334,"drawnFrame":false,"labelManager":{"labels":[],"mainLabel":null},"shape":null,"containedVertices":[214,221],"containedVertexGroups":[],"touchingPairs":[{"vertex0":214,"horizontalPlacementVertex0":"FREE","verticalPlacementVertex0":"TOP","vertex1":221,"horizontalPlacementVertex1":"FREE","verticalPlacementVertex1":"FREE"}],"portPairings":[{"port0":217,"port1":224},{"port0":219,"port1":226}],"properties":{},"reference":null},{"@id":335,"drawnFrame":false,"labelManager":{"labels":[],"mainLabel":null},"shape":null,"containedVertices":[236,246,296],"containedVertexGroups":[],"touchingPairs":[{"vertex0":236,"horizontalPlacementVertex0":"FREE","verticalPlacementVertex0":"TOP","vertex1":246,"horizontalPlacementVertex1":"FREE","verticalPlacementVertex1":"FREE"},{"vertex0":236,"horizontalPlacementVertex0":"FREE","verticalPlacementVertex0":"FREE","vertex1":296,"horizontalPlacementVertex1":"FREE","verticalPlacementVertex1":"FREE"}],"portPairings":[{"port0":239,"port1":249},{"port0":241,"port1":299},{"port0":243,"port1":301}],"properties":{},"reference":null},{"@id":336,"drawnFrame":false,"labelManager":{"labels":[],"mainLabel":null},"shape":null,"containedVertices":[255,262],"containedVertexGroups":[],"touchingPairs":[{"vertex0":255,"horizontalPlacementVertex0":"FREE","verticalPlacementVertex0":"TOP","vertex1":262,"horizontalPlacementVertex1":"FREE","verticalPlacementVertex1":"FREE"}],"portPairings":[{"port0":258,"port1":265},{"port0":260,"port1":267}],"properties":{},"reference":null}],"edges":[{"@id":337,"ports":[10,230],"labelManager":{"innerLabels":[{"type":"textLabel","@id":338,"inputText":"Carl","labelStyle":4,"shape":null,"layoutText":null}],"allPortLabels":[],"mainLabel":338},"pathStyle":{"@id":339,"description":"default path style","thickness":-1.0,"color":{"argb":"ff000000"}},"paths":[],"properties":{"id":"83a95ed9874ef6d7da7f32b509e60115"},"reference":null},{"@id":340,"ports":[101,179],"labelManager":{"innerLabels":[{"type":"textLabel","@id":341,"inputText":"Liam","labelStyle":4,"shape":null,"layoutText":null}],"allPortLabels":[],"mainLabel":341},"pathStyle":339,"paths":[],"properties":{"id":"425797f54511a0e35fda8a10223ec1d4"},"reference":null},{"@id":342,"ports":[212,115],"labelManager":{"innerLabels":[{"type":"textLabel","@id":343,"inputText":"Adam","labelStyle":4,"shape":null,"layoutText":null}],"allPortLabels":[],"mainLabel":343},"pathStyle":339,"paths":[],"properties":{"id":"8116aae29a37ad559c454101b101638d"},"reference":null},{"@id":344,"ports":[106,162],"labelManager":{"innerLabels":[{"type":"textLabel","@id":345,"inputText":"Aaron","labelStyle":4,"shape":null,"layoutText":null}],"allPortLabels":[],"mainLabel":345},"pathStyle":339,"paths":[],"properties":{"id":"ce2935d5a85a85076f428e4f36517bf3"},"reference":null},{"@id":346,"ports":[168,97],"labelManager":{"innerLabels":[{"type":"textLabel","@id":347,"inputText":"Milan","labelStyle":4,"shape":null,"layoutText":null}],"allPortLabels":[],"mainLabel":347},"pathStyle":339,"paths":[],"properties":{"id":"ff06a7d5de7a8c226d791587f542e741"},"reference":null},{"@id":348,"ports":[108,160],"labelManager":{"innerLabels":[{"type":"textLabel","@id":349,"inputText":"Konstantin","labelStyle":4,"shape":null,"layoutText":null}],"allPortLabels":[],"mainLabel":349},"pathStyle":339,"paths":[],"properties":{"id":"d5c877ab69e923ca232a7e5b90a967da"},"reference":null},{"@id":350,"ports":[184,217],"labelManager":{"innerLabels":[{"type":"textLabel","@id":351,"inputText":"Fabian","labelStyle":4,"shape":null,"layoutText":null}],"allPortLabels":[],"mainLabel":351},"pathStyle":339,"paths":[],"properties":{"id":"945845bf918bf64be9f59936a21d26ea"},"reference":null},{"@id":352,"ports":[249,23],"labelManager":{"innerLabels":[{"type":"textLabel","@id":353,"inputText":"Levi","labelStyle":4,"shape":null,"layoutText":null}],"allPortLabels":[],"mainLabel":353},"pathStyle":339,"paths":[],"properties":{"id":"443c8bb44e49749b21356d7c16c638f8"},"reference":null},{"@id":354,"ports":[168,27],"labelManager":{"innerLabels":[{"type":"textLabel","@id":355,"inputText":"Christian","labelStyle":4,"shape":null,"layoutText":null}],"allPortLabels":[],"mainLabel":355},"pathStyle":339,"paths":[],"properties":{"id":"0c783b03148c0843ea8d91d5f3c1ed60"},"reference":null},{"@id":356,"ports":[48,253],"labelManager":{"innerLabels":[{"type":"textLabel","@id":357,"inputText":"Friedrich","labelStyle":4,"shape":null,"layoutText":null}],"allPortLabels":[],"mainLabel":357},"pathStyle":339,"paths":[],"properties":{"id":"b8acb8f9a60e206b467aeb2510c01886"},"reference":null},{"@id":358,"ports":[267,253],"labelManager":{"innerLabels":[{"type":"textLabel","@id":359,"inputText":"Michael","labelStyle":4,"shape":null,"layoutText":null}],"allPortLabels":[],"mainLabel":359},"pathStyle":339,"paths":[],"properties":{"id":"a57d735dfc658f4e866139af25364193"},"reference":null},{"@id":360,"ports":[194,164],"labelManager":{"innerLabels":[{"type":"textLabel","@id":361,"inputText":"Mika","labelStyle":4,"shape":null,"layoutText":null}],"allPortLabels":[],"mainLabel":361},"pathStyle":339,"paths":[],"properties":{"id":"cee4c8a1abe74e0592db017ac28c0d5f"},"reference":null},{"@id":362,"ports":[6,62],"labelManager":{"innerLabels":[{"type":"textLabel","@id":363,"inputText":"Erik","labelStyle":4,"shape":null,"layoutText":null}],"allPortLabels":[],"mainLabel":363},"pathStyle":339,"paths":[],"properties":{"id":"ff2d259a6ebfa87219d017ec013fb365"},"reference":null},{"@id":364,"ports":[272,308],"labelManager":{"innerLabels":[{"type":"textLabel","@id":365,"inputText":"Adrian","labelStyle":42,"shape":null,"layoutText":null}],"allPortLabels":[],"mainLabel":365},"pathStyle":{"@id":366,"description":"default path style","thickness":-1.0,"color":{"argb":"ff000000"}},"paths":[],"properties":{},"reference":null},{"@id":367,"ports":[189,81],"labelManager":{"innerLabels":[{"type":"textLabel","@id":368,"inputText":"Florian","labelStyle":42,"shape":null,"layoutText":null}],"allPortLabels":[],"mainLabel":368},"pathStyle":366,"paths":[],"properties":{},"reference":null},{"@id":369,"ports":[292,234],"labelManager":{"innerLabels":[{"type":"textLabel","@id":370,"inputText":"Martin","labelStyle":42,"shape":null,"layoutText":null}],"allPortLabels":[],"mainLabel":370},"pathStyle":366,"paths":[],"properties":{},"reference":null},{"@id":371,"ports":[99,265],"labelManager":{"innerLabels":[{"type":"textLabel","@id":372,"inputText":"Simon","labelStyle":42,"shape":null,"layoutText":null}],"allPortLabels":[],"mainLabel":372},"pathStyle":366,"paths":[],"properties":{},"reference":null},{"@id":373,"ports":[156,53],"labelManager":{"innerLabels":[{"type":"textLabel","@id":374,"inputText":"Justus","labelStyle":42,"shape":null,"layoutText":null}],"allPortLabels":[],"mainLabel":374},"pathStyle":366,"paths":[],"properties":{},"reference":null},{"@id":375,"ports":[226,124],"labelManager":{"innerLabels":[{"type":"textLabel","@id":376,"inputText":"Joel","labelStyle":42,"shape":null,"layoutText":null}],"allPortLabels":[],"mainLabel":376},"pathStyle":366,"paths":[],"properties":{},"reference":null},{"@id":377,"ports":[64,224],"labelManager":{"innerLabels":[{"type":"textLabel","@id":378,"inputText":"Matteo","labelStyle":42,"shape":null,"layoutText":null}],"allPortLabels":[],"mainLabel":378},"pathStyle":366,"paths":[],"properties":{},"reference":null},{"@id":379,"ports":[317,313,315],"labelManager":{"innerLabels":[{"type":"textLabel","@id":380,"inputText":"Raphael","labelStyle":42,"shape":null,"layoutText":null}],"allPortLabels":[],"mainLabel":380},"pathStyle":366,"paths":[],"properties":{},"reference":null},{"@id":381,"ports":[25,294],"labelManager":{"innerLabels":[{"type":"textLabel","@id":382,"inputText":"Yusuf","labelStyle":42,"shape":null,"layoutText":null}],"allPortLabels":[],"mainLabel":382},"pathStyle":366,"paths":[],"properties":{},"reference":null},{"@id":383,"ports":[154,57],"labelManager":{"innerLabels":[{"type":"textLabel","@id":384,"inputText":"Raphael","labelStyle":42,"shape":null,"layoutText":null}],"allPortLabels":[],"mainLabel":384},"pathStyle":366,"paths":[],"properties":{},"reference":null},{"@id":385,"ports":[79,66],"labelManager":{"innerLabels":[{"type":"textLabel","@id":386,"inputText":"Milan","labelStyle":42,"shape":null,"layoutText":null}],"allPortLabels":[],"mainLabel":386},"pathStyle":366,"paths":[],"properties":{},"reference":null},{"@id":387,"ports":[14,277],"labelManager":{"innerLabels":[{"type":"textLabel","@id":388,"inputText":"Christian","labelStyle":42,"shape":null,"layoutText":null}],"allPortLabels":[],"mainLabel":388},"pathStyle":366,"paths":[],"properties":{},"reference":null},{"@id":389,"ports":[122,301],"labelManager":{"innerLabels":[{"type":"textLabel","@id":390,"inputText":"Michael","labelStyle":42,"shape":null,"layoutText":null}],"allPortLabels":[],"mainLabel":390},"pathStyle":366,"paths":[],"properties":{},"reference":null},{"@id":391,"ports":[122,301],"labelManager":{"innerLabels":[{"type":"textLabel","@id":392,"inputText":"Peter","labelStyle":42,"shape":null,"layoutText":null}],"allPortLabels":[],"mainLabel":392},"pathStyle":366,"paths":[],"properties":{},"reference":null},{"@id":393,"ports":[322,117],"labelManager":{"innerLabels":[{"type":"textLabel","@id":394,"inputText":"Josef","labelStyle":42,"shape":null,"layoutText":null}],"allPortLabels":[],"mainLabel":394},"pathStyle":366,"paths":[],"properties":{},"reference":null},{"@id":395,"ports":[8,55],"labelManager":{"innerLabels":[{"type":"textLabel","@id":396,"inputText":"Levi","labelStyle":42,"shape":null,"layoutText":null}],"allPortLabels":[],"mainLabel":396},"pathStyle":366,"paths":[],"properties":{},"reference":null},{"@id":397,"ports":[287,158],"labelManager":{"innerLabels":[{"type":"textLabel","@id":398,"inputText":"Muhammed","labelStyle":42,"shape":null,"layoutText":null}],"allPortLabels":[],"mainLabel":398},"pathStyle":366,"paths":[],"properties":{},"reference":null},{"@id":399,"ports":[21,12],"labelManager":{"innerLabels":[{"type":"textLabel","@id":400,"inputText":"Michael","labelStyle":42,"shape":null,"layoutText":null}],"allPortLabels":[],"mainLabel":400},"pathStyle":366,"paths":[],"properties":{},"reference":null},{"@id":401,"ports":[21,16],"labelManager":{"innerLabels":[{"type":"textLabel","@id":402,"inputText":"Joel","labelStyle":42,"shape":null,"layoutText":null}],"allPortLabels":[],"mainLabel":402},"pathStyle":366,"paths":[],"properties":{},"reference":null},{"@id":403,"ports":[31,315],"labelManager":{"innerLabels":[{"type":"textLabel","@id":404,"inputText":"Raphael","labelStyle":42,"shape":null,"layoutText":null}],"allPortLabels":[],"mainLabel":404},"pathStyle":366,"paths":[],"properties":{},"reference":null},{"@id":405,"ports":[110,306],"labelManager":{"innerLabels":[{"type":"textLabel","@id":406,"inputText":"Adam","labelStyle":42,"shape":null,"layoutText":null}],"allPortLabels":[],"mainLabel":406},"pathStyle":366,"paths":[],"properties":{},"reference":null}],"edgeBundles":[]}