{"vertices":[{"@id":1,"shape":{"type":"rect","xposition":"NaN","yposition":"NaN","width":"NaN","height":"NaN","shapeStyle":{"@id":2,"description":"default shape style","color":{"argb":"ff000000"}}},"labelManager":{"labels":[{"type":"textLabel","@id":3,"inputText":"Johannes","labelStyle":{"@id":4,"description":"default text label style","font":{"fontName":"SansSerif","style":0,"size":10},"noBreak":false,"color":{"argb":"ff000000"},"showLabel":true,"placement":"FREE","horizontalPlacement":"FREE","verticalPlacement":"FREE"},"shape":null,"layoutText":null}],"mainLabel":3},"portCompositions":[{"type":"portGroup","@id":5,"ordered":false,"portCompositions":[{"type":"port","@id":6,"shape":{"type":"rect","xposition":"NaN","yposition":"NaN","width":"NaN","height":"NaN","shapeStyle":2},"labelManager":{"labels":[{"type":"textLabel","@id":7,"inputText":"1","labelStyle":4,"shape":null,"layoutText":null}],"mainLabel":7},"properties":{"id":"4c467c7c56d0e22ecdcc26e9fe6369c5"},"orientationAtVertex":"FREE","reference":null},{"type":"port","@id":8,"shape":{"type":"rect","xposition":"NaN","yposition":"NaN","width":"NaN","height":"NaN","shapeStyle":2},"labelManager":{"labels":[{"type":"textLabel","@id":9,"inputText":"2","labelStyle":4,"shape":null,"layoutText":null}],"mainLabel":9},"properties":{"id":"92e48edf8103adb0cccd435676223263"},"orientationAtVertex":"FREE","reference":null},{"type":"port","@id":10,"shape":{"type":"rect","xposition":"NaN","yposition":"NaN","width":"NaN","height":"NaN","shapeStyle":2},"labelManager":{"labels":[{"type":"textLabel","@id":11,"inputText":"5","labelStyle":4,"shape":null,"layoutText":null}],"mainLabel":11},"properties":{"id":"eebb8516c45ec9419ce4af1f26ad0a03"},"orientationAtVertex":"FREE","reference":null},{"type":"port","@id":12,"shape":{"type":"rect","xposition":"NaN","yposition":"NaN","width":"NaN","height":"NaN","shapeStyle":2},"labelManager":{"labels":[{"type":"textLabel","@id":13,"inputText":"3","labelStyle":4,"shape":null,"layoutText":null}],"mainLabel":13},"properties":{"id":"2e7ccca6295639445e6cc0ad6caac13b"},"orientationAtVertex":"FREE","reference":null},{"type":"port","@id":14,"shape":{"type":"rect","xposition":"NaN","yposition":"NaN","width":"NaN","height":"NaN","shapeStyle":{"@id":15,"description":"default shape style","color":{"argb":"ff000000"}}},"labelManager":{"labels":[{"type":"textLabel","@id":16,"inputText":"6","labelStyle":{"@id":17,"description":"default text label style","font":{"fontName":"SansSerif","style":0,"size":10},"noBreak":false,"color":{"argb":"ff000000"},"showLabel":true,"placement":"FREE","horizontalPlacement":"FREE","verticalPlacement":"FREE"},"shape":null,"layoutText":null}],"mainLabel":16},"properties":{},"orientationAtVertex":"FREE","reference":null},{"type":"port","@id":18,"shape":{"type":"rect","xposition":"NaN","yposition":"NaN","width":"NaN","height":"NaN","shapeStyle":15},"labelManager":{"labels":[{"type":"textLabel","@id":19,"inputText":"4","labelStyle":17,"shape":null,"layoutText":null}],"mainLabel":19},"properties":{},"orientationAtVertex":"FREE","reference":null}],"properties":{},"reference":null}],"properties":{"id":"6f4826f89409ad7a99c10d265e515c24","type":"device"},"reference":null},{"@id":20,"shape":{"type":"rect","xposition":"NaN","yposition":"NaN","width":"NaN","height":"NaN","shapeStyle":2},"labelManager":{"labels":[{"type":"textLabel","@id":21,"inputText":"Julian","labelStyle":4,"shape":null,"layoutText":null}],"mainLabel":21},"portCompositions":[{"type":"portGroup","@id":22,"ordered":false,"portCompositions":[{"type":"port","@id":23,"shape":{"type":"rect","xposition":"NaN","yposition":"NaN","width":"NaN","height":"NaN","shapeStyle":2},"labelManager":{"labels":[{"type":"textLabel","@id":24,"inputText":"1","labelStyle":4,"shape":null,"layoutText":null}],"mainLabel":24},"properties":{"id":"8d1ff74fc76d9f9019b3eb8c7d0690d9"},"orientationAtVertex":"FREE","reference":null},{"type":"port","@id":25,"shape":{"type":"rect","xposition":"NaN","yposition":"NaN","width":"NaN","height":"NaN","shapeStyle":2},"labelManager":{"labels":[{"type":"textLabel","@id":26,"inputText":"2","labelStyle":4,"shape":null,"layoutText":null}],"mainLabel":26},"properties":{"id":"fce18e67fdcb10a08cb92304b2eac31c"},"orientationAtVertex":"FREE","reference":null},{"type":"port","@id":27,"shape":{"type":"rect","xposition":"NaN","yposition":"NaN","width":"NaN","height":"NaN","shapeStyle":2},"labelManager":{"labels":[{"type":"textLabel","@id":28,"inputText":"5","labelStyle":4,"shape":null,"layoutText":null}],"mainLabel":28},"properties":{"id":"f4efe9c616878a532f28acf63b9cca73"},"orientationAtVertex":"FREE","reference":null},{"type":"port","@id":29,"shape":{"type":"rect","xposition":"NaN","yposition":"NaN","width":"NaN","height":"NaN","shapeStyle":2},"labelManager":{"labels":[{"type":"textLabel","@id":30,"inputText":"3","labelStyle":4,"shape":null,"layoutText":null}],"mainLabel":30},"properties":{"id":"bd767787bcbfd9d635ad6e97dd6f7f35"},"orientationAtVertex":"FREE","reference":null},{"type":"port","@id":31,"shape":{"type":"rect","xposition":"NaN","yposition":"NaN","width":"NaN","height":"NaN","shapeStyle":15},"labelManager":{"labels":[{"type":"textLabel","@id":32,"inputText":"6","labelStyle":17,"shape":null,"layoutText":null}],"mainLabel":32},"properties":{},"orientationAtVertex":"FREE","reference":null},{"type":"port","@id":33,"shape":{"type":"rect","xposition":"NaN","yposition":"NaN","width":"NaN","height":"NaN","shapeStyle":15},"labelManager":{"labels":[{"type":"textLabel","@id":34,"inputText":"4","labelStyle":17,"shape":null,"layoutText":null}],"mainLabel":34},"properties":{},"orientationAtVertex":"FREE","reference":null}],"properties":{},"reference":null}],"properties":{"id":"15a060ea275e7b0cb9ae9a4d6b4fe716","type":"socket"},"reference":null},{"@id":35,"shape":{"type":"rect","xposition":"NaN","yposition":"NaN","width":"NaN","height":"NaN","shapeStyle":2},"labelManager":{"labels":[{"type":"textLabel","@id":36,"inputText":"Tim","labelStyle":4,"shape":null,"layoutText":null}],"mainLabel":36},"portCompositions":[{"type":"portGroup","@id":37,"ordered":false,"portCompositions":[{"type":"port","@id":38,"shape":{"type":"rect","xposition":"NaN","yposition":"NaN","width":"NaN","height":"NaN","shapeStyle":2},"labelManager":{"labels":[{"type":"textLabel","@id":39,"inputText":"5","labelStyle":4,"shape":null,"layoutText":null}],"mainLabel":39},"properties":{"id":"b56c93b7963b41f3c3aa0e09b1914a6b"},"orientationAtVertex":"FREE","reference":null},{"type":"port","@id":40,"shape":{"type":"rect","xposition":"NaN","yposition":"NaN","width":"NaN","height":"NaN","shapeStyle":2},"labelManager":{"labels":[{"type":"textLabel","@id":41,"inputText":"3","labelStyle":4,"shape":null,"layoutText":null}],"mainLabel":41},"properties":{"id":"c74c84c424c5bda8bf815539fa103c24"},"orientationAtVertex":"FREE","reference":null},{"type":"port","@id":42,"shape":{"type":"rect","xposition":"NaN","yposition":"NaN","width":"NaN","height":"NaN","shapeStyle":2},"labelManager":{"labels":[{"type":"textLabel","@id":43,"inputText":"1","labelStyle":4,"shape":null,"layoutText":null}],"mainLabel":43},"properties":{"id":"ff84cc579397787e2a5da87ff155d5f2"},"orientationAtVertex":"FREE","reference":null},{"type":"port","@id":44,"shape":{"type":"rect","xposition":"NaN","yposition":"NaN","width":"NaN","height":"NaN","shapeStyle":2},"labelManager":{"labels":[{"type":"textLabel","@id":45,"inputText":"2","labelStyle":4,"shape":null,"layoutText":null}],"mainLabel":45},"properties":{"id":"17774d6f7dfa1f56730b10e122bdc533"},"orientationAtVertex":"FREE","reference":null},{"type":"port","@id":46,"shape":{"type":"rect","xposition":"NaN","yposition":"NaN","width":"NaN","height":"NaN","shapeStyle":2},"labelManager":{"labels":[{"type":"textLabel","@id":47,"inputText":"4","labelStyle":4,"shape":null,"layoutText":null}],"mainLabel":47},"properties":{"id":"37750d0aa426593c182928d1f32b19d4"},"orientationAtVertex":"FREE","reference":null}],"properties":{},"reference":null}],"properties":{"id":"5d2eb0629afa03ea71ed493f41fd0564","type":"plug"},"reference":null},{"@id":48,"shape":{"type":"rect","xposition":"NaN","yposition":"NaN","width":"NaN","height":"NaN","shapeStyle":2},"labelManager":{"labels":[{"type":"textLabel","@id":49,"inputText":"Leo","labelStyle":4,"shape":null,"layoutText":null}],"mainLabel":49},"portCompositions":[{"type":"portGroup","@id":50,"ordered":false,"portCompositions":[{"type":"port","@id":51,"shape":{"type":"rect","xposition":"NaN","yposition":"NaN","width":"NaN","height":"NaN","shapeStyle":2},"labelManager":{"labels":[{"type":"textLabel","@id":52,"inputText":"5","labelStyle":4,"shape":null,"layoutText":null}],"mainLabel":52},"properties":{"id":"2201921f4a232d779845b9f42569634b"},"orientationAtVertex":"FREE","reference":null},{"type":"port","@id":53,"shape":{"type":"rect","xposition":"NaN","yposition":"NaN","width":"NaN","height":"NaN","shapeStyle":2},"labelManager":{"labels":[{"type":"textLabel","@id":54,"inputText":"3","labelStyle":4,"shape":null,"layoutText":null}],"mainLabel":54},"properties":{"id":"6978a3e01eee82680389f36aa49974fc"},"orientationAtVertex":"FREE","reference":null},{"type":"port","@id":55,"shape":{"type":"rect","xposition":"NaN","yposition":"NaN","width":"NaN","height":"NaN","shapeStyle":2},"labelManager":{"labels":[{"type":"textLabel","@id":56,"inputText":"1","labelStyle":4,"shape":null,"layoutText":null}],"mainLabel":56},"properties":{"id":"1d3890d42a5d66f61b6dde9eac54798a"},"orientationAtVertex":"FREE","reference":null},{"type":"port","@id":57,"shape":{"type":"rect","xposition":"NaN","yposition":"NaN","width":"NaN","height":"NaN","shapeStyle":2},"labelManager":{"labels":[{"type":"textLabel","@id":58,"inputText":"2","labelStyle":4,"shape":null,"layoutText":null}],"mainLabel":58},"properties":{"id":"60f5b4ab4f7bc51d78a79b601ec1d4ee"},"orientationAtVertex":"FREE","reference":null},{"type":"port","@id":59,"shape":{"type":"rect","xposition":"NaN","yposition":"NaN","width":"NaN","height":"NaN","shapeStyle":2},"labelManager":{"labels":[{"type":"textLabel","@id":60,"inputText":"4","labelStyle":4,"shape":null,"layoutText":null}],"mainLabel":60},"properties":{"id":"c73fc00f3070aac9784b408e9efeacb3"},"orientationAtVertex":"FREE","reference":null}],"properties":{},"reference":null}],"properties":{"id":"41a6c9daba419f98d7eed6fa6e6480d3","type":"plug"},"reference":null},{"@id":61,"shape":{"type":"rect","xposition":"NaN","yposition":"NaN","width":"NaN","height":"NaN","shapeStyle":2},"labelManager":{"labels":[{"type":"textLabel","@id":62,"inputText":"Henri","labelStyle":4,"shape":null,"layoutText":null}],"mainLabel":62},"portCompositions":[{"type":"portGroup","@id":63,"ordered":false,"portCompositions":[{"type":"port","@id":64,"shape":{"type":"rect","xposition":"NaN","yposition":"NaN","width":"NaN","height":"NaN","shapeStyle":2},"labelManager":{"labels":[{"type":"textLabel","@id":65,"inputText":"2","labelStyle":4,"shape":null,"layoutText":null}],"mainLabel":65},"properties":{"id":"2c0f2de153e179dd72b07ec9ccc1b0a3"},"orientationAtVertex":"FREE","reference":null},{"type":"port","@id":66,"shape":{"type":"rect","xposition":"NaN","yposition":"NaN","width":"NaN","height":"NaN","shapeStyle":15},"labelManager":{"labels":[{"type":"textLabel","@id":67,"inputText":"1","labelStyle":17,"shape":null,"layoutText":null}],"mainLabel":67},"properties":{},"orientationAtVertex":"FREE","reference":null}],"properties":{},"reference":null}],"properties":{"id":"0b6159985ccdccba82cd05c7bf74ae19","type":"plug"},"reference":null},{"@id":68,"shape":{"type":"rect","xposition":"NaN","yposition":"NaN","width":"NaN","height":"NaN","shapeStyle":2},"labelManager":{"labels":[{"type":"textLabel","@id":69,"inputText":"Luis","labelStyle":4,"shape":null,"layoutText":null}],"mainLabel":69},"portCompositions":[{"type":"portGroup","@id":70,"ordered":false,"portCompositions":[{"type":"port","@id":71,"shape":{"type":"rect","xposition":"NaN","yposition":"NaN","width":"NaN","height":"NaN","shapeStyle":2},"labelManager":{"labels":[{"type":"textLabel","@id":72,"inputText":"2","labelStyle":4,"shape":null,"layoutText":null}],"mainLabel":72},"properties":{"id":"eaadb9f5cf5acbdf3f62241616f122d4"},"orientationAtVertex":"FREE","reference":null},{"type":"port","@id":73,"shape":{"type":"rect","xposition":"NaN","yposition":"NaN","width":"NaN","height":"NaN","shapeStyle":15},"labelManager":{"labels":[{"type":"textLabel","@id":74,"inputText":"1","labelStyle":17,"shape":null,"layoutText":null}],"mainLabel":74},"properties":{},"orientationAtVertex":"FREE","reference":null}],"properties":{},"reference":null}],"properties":{"id":"9ccb1cea432fb56812a05071e5dd0c45","type":"plug"},"reference":null},{"@id":75,"shape":{"type":"rect","xposition":"NaN","yposition":"NaN","width":"NaN","height":"NaN","shapeStyle":2},"labelManager":{"labels":[{"type":"textLabel","@id":76,"inputText":"Anton","labelStyle":4,"shape":null,"layoutText":null}],"mainLabel":76},"portCompositions":[{"type":"portGroup","@id":77,"ordered":false,"portCompositions":[{"type":"port","@id":78,"shape":{"type":"rect","xposition":"NaN","yposition":"NaN","width":"NaN","height":"NaN","shapeStyle":2},"labelManager":{"labels":[{"type":"textLabel","@id":79,"inputText":"2","labelStyle":4,"shape":null,"layoutText":null}],"mainLabel":79},"properties":{"id":"1e9bdf3f4f92432f907a2bdd16758b10"},"orientationAtVertex":"FREE","reference":null},{"type":"port","@id":80,"shape":{"type":"rect","xposition":"NaN","yposition":"NaN","width":"NaN","height":"NaN","shapeStyle":2},"labelManager":{"labels":[{"type":"textLabel","@id":81,"inputText":"1","labelStyle":4,"shape":null,"layoutText":null}],"mainLabel":81},"properties":{"id":"962e95127b9ac5bbc4fd7790ea8ac84c"},"orientationAtVertex":"FREE","reference":null}],"properties":{},"reference":null}],"properties":{"id":"863bca8ec33864890fc580125668427a","type":"plug"},"reference":null},{"@id":82,"shape":{"type":"rect","xposition":"NaN","yposition":"NaN","width":"NaN","height":"NaN","shapeStyle":2},"labelManager":{"labels":[{"type":"textLabel","@id":83,"inputText":"Jonathan","labelStyle":4,"shape":null,"layoutText":null}],"mainLabel":83},"portCompositions":[{"type":"portGroup","@id":84,"ordered":false,"portCompositions":[{"type":"port","@id":85,"shape":{"type":"rect","xposition":"NaN","yposition":"NaN","width":"NaN","height":"NaN","shapeStyle":2},"labelManager":{"labels":[{"type":"textLabel","@id":86,"inputText":"2","labelStyle":4,"shape":null,"layoutText":null}],"mainLabel":86},"properties":{"id":"8b1b8cbaba1534860583f1daa56b8e6e"},"orientationAtVertex":"FREE","reference":null},{"type":"port","@id":87,"shape":{"type":"rect","xposition":"NaN","yposition":"NaN","width":"NaN","height":"NaN","shapeStyle":2},"labelManager":{"labels":[{"type":"textLabel","@id":88,"inputText":"1","labelStyle":4,"shape":null,"layoutText":null}],"mainLabel":88},"properties":{"id":"ca5bfb430d54b4f2474593707beb71fe"},"orientationAtVertex":"FREE","reference":null}],"properties":{},"reference":null}],"properties":{"id":"5d88be5707e415330bda1094532b2433","type":"plug"},"reference":null},{"@id":89,"shape":{"type":"rect","xposition":"NaN","yposition":"NaN","width":"NaN","height":"NaN","shapeStyle":2},"labelManager":{"labels":[{"type":"textLabel","@id":90,"inputText":"Mats","labelStyle":4,"shape":null,"layoutText":null}],"mainLabel":90},"portCompositions":[{"type":"port","@id":91,"shape":{"type":"rect","xposition":"NaN","yposition":"NaN","width":"NaN","height":"NaN","shapeStyle":2},"labelManager":{"labels":[{"type":"textLabel","@id":92,"inputText":"1","labelStyle":4,"shape":null,"layoutText":null}],"mainLabel":92},"properties":{"id":"ece77d69a8a503e4e50bd944783427a4"},"orientationAtVertex":"FREE","reference":null}],"properties":{"id":"586eac4fb54cfa5a9ed9647d5f398926","type":"splice"},"reference":null},{"@id":93,"shape":{"type":"rect","xposition":"NaN","yposition":"NaN","width":"NaN","height":"NaN","shapeStyle":2},"labelManager":{"labels":[{"type":"textLabel","@id":94,"inputText":"Samuel","labelStyle":4,"shape":null,"layoutText":null}],"mainLabel":94},"portCompositions":[{"type":"port","@id":95,"shape":{"type":"rect","xposition":"NaN","yposition":"NaN","width":"NaN","height":"NaN","shapeStyle":2},"labelManager":{"labels":[{"type":"textLabel","@id":96,"inputText":"1","labelStyle":4,"shape":null,"layoutText":null}],"mainLabel":96},"properties":{"id":"54aa4466ae8109447bab9007ab54b624"},"orientationAtVertex":"FREE","reference":null}],"properties":{"id":"faad24a611ece1a9f6a238c7e2c7ec80","type":"splice"},"reference":null},{"@id":97,"shape":{"type":"rect","xposition":"NaN","yposition":"NaN","width":"NaN","height":"NaN","shapeStyle":2},"labelManager":{"labels":[{"type":"textLabel","@id":98,"inputText":"Luca","labelStyle":4,"shape":null,"layoutText":null}],"mainLabel":98},"portCompositions":[{"type":"port","@id":99,"shape":{"type":"rect","xposition":"NaN","yposition":"NaN","width":"NaN","height":"NaN","shapeStyle":2},"labelManager":{"labels":[{"type":"textLabel","@id":100,"inputText":"1","labelStyle":4,"shape":null,"layoutText":null}],"mainLabel":100},"properties":{"id":"b9647447b55f1e4483247d84fd830c15"},"orientationAtVertex":"FREE","reference":null}],"properties":{"id":"ae79fbfb541596f98e0f2e4f7703d320","type":"splice"},"reference":null},{"@id":101,"shape":{"type":"rect","xposition":"NaN","yposition":"NaN","width":"NaN","height":"NaN","shapeStyle":2},"labelManager":{"labels":[{"type":"textLabel","@id":102,"inputText":"Elias","labelStyle":4,"shape":null,"layoutText":null}],"mainLabel":102},"portCompositions":[{"type":"portGroup","@id":103,"ordered":false,"portCompositions":[{"type":"port","@id":104,"shape":{"type":"rect","xposition":"NaN","yposition":"NaN","width":"NaN","height":"NaN","shapeStyle":2},"labelManager":{"labels":[{"type":"textLabel","@id":105,"inputText":"2","labelStyle":4,"shape":null,"layoutText":null}],"mainLabel":105},"properties":{"id":"99c1429073a63ae1120c1ce1843494dd"},"orientationAtVertex":"FREE","reference":null},{"type":"port","@id":106,"shape":{"type":"rect","xposition":"NaN","yposition":"NaN","width":"NaN","height":"NaN","shapeStyle":2},"labelManager":{"labels":[{"type":"textLabel","@id":107,"inputText":"1","labelStyle":4,"shape":null,"layoutText":null}],"mainLabel":107},"properties":{"id":"2d900b7a8e4df674d216b47293317470"},"orientationAtVertex":"FREE","reference":null}],"properties":{},"reference":null}],"properties":{"id":"9b719da2effd2db97613884aa2a1111e","type":"plug"},"reference":null},{"@id":108,"shape":{"type":"rect","xposition":"NaN","yposition":"NaN","width":"NaN","height":"NaN","shapeStyle":2},"labelManager":{"labels":[{"type":"textLabel","@id":109,"inputText":"Alexander","labelStyle":4,"shape":null,"layoutText":null}],"mainLabel":109},"portCompositions":[{"type":"portGroup","@id":110,"ordered":false,"portCompositions":[{"type":"port","@id":111,"shape":{"type":"rect","xposition":"NaN","yposition":"NaN","width":"NaN","height":"NaN","shapeStyle":2},"labelManager":{"labels":[{"type":"textLabel","@id":112,"inputText":"2","labelStyle":4,"shape":null,"layoutText":null}],"mainLabel":112},"properties":{"id":"d56c0f0611ae8b4844489c99d76b41a2"},"orientationAtVertex":"FREE","reference":null},{"type":"port","@id":113,"shape":{"type":"rect","xposition":"NaN","yposition":"NaN","width":"NaN","height":"NaN","shapeStyle":2},"labelManager":{"labels":[{"type":"textLabel","@id":114,"inputText":"1","labelStyle":4,"shape":null,"layoutText":null}],"mainLabel":114},"properties":{"id":"27a12fbbd45ca53c58946492859e4019"},"orientationAtVertex":"FREE","reference":null}],"properties":{},"reference":null}],"properties":{"id":"8ef3cf7c17e12b019cff195c1575ccbb","type":"plug"},"reference":null},{"@id":115,"shape":{"type":"rect","xposition":"NaN","yposition":"NaN","width":"NaN","height":"NaN","shapeStyle":2},"labelManager":{"labels":[{"type":"textLabel","@id":116,"inputText":"Benjamin","labelStyle":4,"shape":null,"layoutText":null}],"mainLabel":116},"portCompositions":[{"type":"portGroup","@id":117,"ordered":false,"portCompositions":[{"type":"port","@id":118,"shape":{"type":"rect","xposition":"NaN","yposition":"NaN","width":"NaN","height":"NaN","shapeStyle":2},"labelManager":{"labels":[{"type":"textLabel","@id":119,"inputText":"1","labelStyle":4,"shape":null,"layoutText":null}],"mainLabel":119},"properties":{"id":"9651b99e79faab47c21bc4b2be3f441c"},"orientationAtVertex":"FREE","reference":null},{"type":"port","@id":120,"shape":{"type":"rect","xposition":"NaN","yposition":"NaN","width":"NaN","height":"NaN","shapeStyle":2},"labelManager":{"labels":[{"type":"textLabel","@id":121,"inputText":"2","labelStyle":4,"shape":null,"layoutText":null}],"mainLabel":121},"properties":{"id":"99ac8a2dbc37c9e1cdeaf9ceb6d2413f"},"orientationAtVertex":"FREE","reference":null}],"properties":{},"reference":null}],"properties":{"id":"de4513c290fdea5b32f4d97ce50cbca4","type":"device"},"reference":null},{"@id":122,"shape":{"type":"rect","xposition":"NaN","yposition":"NaN","width":"NaN","height":"NaN","shapeStyle":2},"labelManager":{"labels":[{"type":"textLabel","@id":123,"inputText":"Felix","labelStyle":4,"shape":null,"layoutText":null}],"mainLabel":123},"portCompositions":[{"type":"portGroup","@id":124,"ordered":false,"portCompositions":[{"type":"port","@id":125,"shape":{"type":"rect","xposition":"NaN","yposition":"NaN","width":"NaN","height":"NaN","shapeStyle":2},"labelManager":{"labels":[{"type":"textLabel","@id":126,"inputText":"1","labelStyle":4,"shape":null,"layoutText":null}],"mainLabel":126},"properties":{"id":"0052bcb6ff535f5df109396c6b575388"},"orientationAtVertex":"FREE","reference":null},{"type":"port","@id":127,"shape":{"type":"rect","xposition":"NaN","yposition":"NaN","width":"NaN","height":"NaN","shapeStyle":2},"labelManager":{"labels":[{"type":"textLabel","@id":128,"inputText":"2","labelStyle":4,"shape":null,"layoutText":null}],"mainLabel":128},"properties":{"id":"4b1d2fb27d4ee7d787d227fdfe82d830"},"orientationAtVertex":"FREE","reference":null}],"properties":{},"reference":null}],"properties":{"id":"7a64b420307577a2224fbdf083a1fb5f","type":"socket"},"reference":null},{"@id":129,"shape":{"type":"rect","xposition":"NaN","yposition":"NaN","width":"NaN","height":"NaN","shapeStyle":2},"labelManager":{"labels":[{"type":"textLabel","@id":130,"inputText":"Paul","labelStyle":4,"shape":null,"layoutText":null}],"mainLabel":130},"portCompositions":[{"type":"port","@id":131,"shape":{"type":"rect","xposition":"NaN","yposition":"NaN","width":"NaN","height":"NaN","shapeStyle":2},"labelManager":{"labels":[{"type":"textLabel","@id":132,"inputText":"1","labelStyle":4,"shape":null,"layoutText":null}],"mainLabel":132},"properties":{"id":"8e19c486dec40f7dc8dd651df95e52d1"},"orientationAtVertex":"FREE","reference":null}],"properties":{"id":"315fdfa51248f28816f29d6f14f17e66","type":"splice"},"reference":null},{"@id":133,"shape":{"type":"rect","xposition":"NaN","yposition":"NaN","width":"NaN","height":"NaN","shapeStyle":2},"labelManager":{"labels":[{"type":"textLabel","@id":134,"inputText":"Max","labelStyle":4,"shape":null,"layoutText":null}],"mainLabel":134},"portCompositions":[{"type":"portGroup","@id":135,"ordered":false,"portCompositions":[],"properties":{},"reference":null},{"type":"portGroup","@id":136,"ordered":false,"portCompositions":[{"type":"port","@id":137,"shape":{"type":"rect","xposition":"NaN","yposition":"NaN","width":"NaN","height":"NaN","shapeStyle":2},"labelManager":{"labels":[{"type":"textLabel","@id":138,"inputText":"3","labelStyle":4,"shape":null,"layoutText":null}],"mainLabel":138},"properties":{"id":"6db3177e3adaa034f499fae8fc20702e"},"orientationAtVertex":"FREE","reference":null},{"type":"port","@id":139,"shape":{"type":"rect","xposition":"NaN","yposition":"NaN","width":"NaN","height":"NaN","shapeStyle":2},"labelManager":{"labels":[{"type":"textLabel","@id":140,"inputText":"1","labelStyle":4,"shape":null,"layoutText":null}],"mainLabel":140},"properties":{"id":"116aa7f77d99290b2ecdbfc5c08643c3"},"orientationAtVertex":"FREE","reference":null},{"type":"port","@id":141,"shape":{"type":"rect","xposition":"NaN","yposition":"NaN","width":"NaN","height":"NaN","shapeStyle":15},"labelManager":{"labels":[{"type":"textLabel","@id":142,"inputText":"2","labelStyle":17,"shape":null,"layoutText":null}],"mainLabel":142},"properties":{},"orientationAtVertex":"FREE","reference":null}],"properties":{},"reference":null}],"properties":{"id":"f0a9c942fcbb2cd5cff3d9b87d3cdf64","type":"device"},"reference":null},{"@id":143,"shape":{"type":"rect","xposition":"NaN","yposition":"NaN","width":"NaN","height":"NaN","shapeStyle":2},"labelManager":{"labels":[{"type":"textLabel","@id":144,"inputText":"Leon","labelStyle":4,"shape":null,"layoutText":null}],"mainLabel":144},"portCompositions":[{"type":"portGroup","@id":145,"ordered":false,"portCompositions":[{"type":"port","@id":146,"shape":{"type":"rect","xposition":"NaN","yposition":"NaN","width":"NaN","height":"NaN","shapeStyle":2},"labelManager":{"labels":[{"type":"textLabel","@id":147,"inputText":"3","labelStyle":4,"shape":null,"layoutText":null}],"mainLabel":147},"properties":{"id":"c550b78e763643e0203f90dc11d13fd1"},"orientationAtVertex":"FREE","reference":null},{"type":"port","@id":148,"shape":{"type":"rect","xposition":"NaN","yposition":"NaN","width":"NaN","height":"NaN","shapeStyle":2},"labelManager":{"labels":[{"type":"textLabel","@id":149,"inputText":"1","labelStyle":4,"shape":null,"layoutText":null}],"mainLabel":149},"properties":{"id":"10f38066ad799c781502777e5beefe8f"},"orientationAtVertex":"FREE","reference":null},{"type":"port","@id":150,"shape":{"type":"rect","xposition":"NaN","yposition":"NaN","width":"NaN","height":"NaN","shapeStyle":15},"labelManager":{"labels":[{"type":"textLabel","@id":151,"inputText":"2","labelStyle":17,"shape":null,"layoutText":null}],"mainLabel":151},"properties":{},"orientationAtVertex":"FREE","reference":null}],"properties":{},"reference":null}],"properties":{"id":"bb195d512ad59841aba0d8c4a3f9bb58","type":"socket"},"reference":null},{"@id":152,"shape":{"type":"rect","xposition":"NaN","yposition":"NaN","width":"NaN","height":"NaN","shapeStyle":2},"labelManager":{"labels":[{"type":"textLabel","@id":153,"inputText":"Lukas","labelStyle":4,"shape":null,"layoutText":null}],"mainLabel":153},"portCompositions":[{"type":"portGroup","@id":154,"ordered":false,"portCompositions":[{"type":"port","@id":155,"shape":{"type":"rect","xposition":"NaN","yposition":"NaN","width":"NaN","height":"NaN","shapeStyle":2},"labelManager":{"labels":[{"type":"textLabel","@id":156,"inputText":"1","labelStyle":4,"shape":null,"layoutText":null}],"mainLabel":156},"properties":{"id":"988c6cadbebff25b263f3f36b1f719fc"},"orientationAtVertex":"FREE","reference":null},{"type":"port","@id":157,"shape":{"type":"rect","xposition":"NaN","yposition":"NaN","width":"NaN","height":"NaN","shapeStyle":15},"labelManager":{"labels":[{"type":"textLabel","@id":158,"inputText":"2","labelStyle":17,"shape":null,"layoutText":null}],"mainLabel":158},"properties":{},"orientationAtVertex":"FREE","reference":null}],"properties":{},"reference":null}],"properties":{"id":"c88ea4ac0474d8226d0e1ab517796943","type":"plug"},"reference":null},{"@id":159,"shape":{"type":"rect","xposition":"NaN","yposition":"NaN","width":"NaN","height":"NaN","shapeStyle":2},"labelManager":{"labels":[{"type":"textLabel","@id":160,"inputText":"Leonard","labelStyle":4,"shape":null,"layoutText":null}],"mainLabel":160},"portCompositions":[{"type":"portGroup","@id":161,"ordered":false,"portCompositions":[{"type":"port","@id":162,"shape":{"type":"rect","xposition":"NaN","yposition":"NaN","width":"NaN","height":"NaN","shapeStyle":2},"labelManager":{"labels":[{"type":"textLabel","@id":163,"inputText":"1","labelStyle":4,"shape":null,"layoutText":null}],"mainLabel":163},"properties":{"id":"8c65f89e112b487de04f48d24bec6949"},"orientationAtVertex":"FREE","reference":null},{"type":"port","@id":164,"shape":{"type":"rect","xposition":"NaN","yposition":"NaN","width":"NaN","height":"NaN","shapeStyle":15},"labelManager":{"labels":[{"type":"textLabel","@id":165,"inputText":"2","labelStyle":17,"shape":null,"layoutText":null}],"mainLabel":165},"properties":{},"orientationAtVertex":"FREE","reference":null}],"properties":{},"reference":null}],"properties":{"id":"3cd3dc4d2175e6c83771c3332af63b57","type":"plug"},"reference":null},{"@id":166,"shape":{"type":"rect","xposition":"NaN","yposition":"NaN","width":"NaN","height":"NaN","shapeStyle":2},"labelManager":{"labels":[{"type":"textLabel","@id":167,"inputText":"Moritz","labelStyle":4,"shape":null,"layoutText":null}],"mainLabel":167},"portCompositions":[{"type":"portGroup","@id":168,"ordered":false,"portCompositions":[{"type":"port","@id":169,"shape":{"type":"rect","xposition":"NaN","yposition":"NaN","width":"NaN","height":"NaN","shapeStyle":2},"labelManager":{"labels":[{"type":"textLabel","@id":170,"inputText":"1","labelStyle":4,"shape":null,"layoutText":null}],"mainLabel":170},"properties":{"id":"7ef757bc0ba4d6484f995ef9e72dbd4d"},"orientationAtVertex":"FREE","reference":null},{"type":"port","@id":171,"shape":{"type":"rect","xposition":"NaN","yposition":"NaN","width":"NaN","height":"NaN","shapeStyle":2},"labelManager":{"labels":[{"type":"textLabel","@id":172,"inputText":"4","labelStyle":4,"shape":null,"layoutText":null}],"mainLabel":172},"properties":{"id":"dc3f484075e5971ca84af92e0272fa84"},"orientationAtVertex":"FREE","reference":null},{"type":"port","@id":173,"shape":{"type":"rect","xposition":"NaN","yposition":"NaN","width":"NaN","height":"NaN","shapeStyle":2},"labelManager":{"labels":[{"type":"textLabel","@id":174,"inputText":"2","labelStyle":4,"shape":null,"layoutText":null}],"mainLabel":174},"properties":{"id":"7c05ab05143fd55a4028e664bf3d67a9"},"orientationAtVertex":"FREE","reference":null},{"type":"port","@id":175,"shape":{"type":"rect","xposition":"NaN","yposition":"NaN","width":"NaN","height":"NaN","shapeStyle":15},"labelManager":{"labels":[{"type":"textLabel","@id":176,"inputText":"3","labelStyle":17,"shape":null,"layoutText":null}],"mainLabel":176},"properties":{},"orientationAtVertex":"FREE","reference":null}],"properties":{},"reference":null}],"properties":{"id":"2c4afedbc638274898be56a39c0c0e55","type":"plug"},"reference":null},{"@id":177,"shape":{"type":"rect","xposition":"NaN","yposition":"NaN","width":"NaN","height":"NaN","shapeStyle":2},"labelManager":{"labels":[{"type":"textLabel","@id":178,"inputText":"David","labelStyle":4,"shape":null,"layoutText":null}],"mainLabel":178},"portCompositions":[{"type":"portGroup","@id":179,"ordered":false,"portCompositions":[{"type":"port","@id":180,"shape":{"type":"rect","xposition":"NaN","yposition":"NaN","width":"NaN","height":"NaN","shapeStyle":2},"labelManager":{"labels":[{"type":"textLabel","@id":181,"inputText":"1","labelStyle":4,"shape":null,"layoutText":null}],"mainLabel":181},"properties":{"id":"d12f60d9e37f7f1ff7022e86f6315cb1"},"orientationAtVertex":"FREE","reference":null},{"type":"port","@id":182,"shape":{"type":"rect","xposition":"NaN","yposition":"NaN","width":"NaN","height":"NaN","shapeStyle":2},"labelManager":{"labels":[{"type":"textLabel","@id":183,"inputText":"4","labelStyle":4,"shape":null,"layoutText":null}],"mainLabel":183},"properties":{"id":"f3d651aee517a0554e80299fb43892bc"},"orientationAtVertex":"FREE","reference":null},{"type":"port","@id":184,"shape":{"type":"rect","xposition":"NaN","yposition":"NaN","width":"NaN","height":"NaN","shapeStyle":2},"labelManager":{"labels":[{"type":"textLabel","@id":185,"inputText":"2","labelStyle":4,"shape":null,"layoutText":null}],"mainLabel":185},"properties":{"id":"762e0434db87e54199472715270e6e4b"},"orientationAtVertex":"FREE","reference":null},{"type":"port","@id":186,"shape":{"type":"rect","xposition":"NaN","yposition":"NaN","width":"NaN","height":"NaN","shapeStyle":15},"labelManager":{"labels":[{"type":"textLabel","@id":187,"inputText":"3","labelStyle":17,"shape":null,"layoutText":null}],"mainLabel":187},"properties":{},"orientationAtVertex":"FREE","reference":null}],"properties":{},"reference":null}],"properties":{"id":"717d2950ef6727a4f15c6a5d7710d9e2","type":"plug"},"reference":null},{"@id":188,"shape":{"type":"rect","xposition":"NaN","yposition":"NaN","width":"NaN","height":"NaN","shapeStyle":2},"labelManager":{"labels":[{"type":"textLabel","@id":189,"inputText":"Finn","labelStyle":4,"shape":null,"layoutText":null}],"mainLabel":189},"portCompositions":[{"type":"portGroup","@id":190,"ordered":false,"portCompositions":[{"type":"port","@id":191,"shape":{"type":"rect","xposition":"NaN","yposition":"NaN","width":"NaN","height":"NaN","shapeStyle":2},"labelManager":{"labels":[{"type":"textLabel","@id":192,"inputText":"1","labelStyle":4,"shape":null,"layoutText":null}],"mainLabel":192},"properties":{"id":"fbbbfb6172f12097da06b2c0182772ed"},"orientationAtVertex":"FREE","reference":null}],"properties":{},"reference":null}],"properties":{"id":"7d0163fe6077e7e4f9d991b47bf588f8","type":"device"},"reference":null},{"@id":193,"shape":{"type":"rect","xposition":"NaN","yposition":"NaN","width":"NaN","height":"NaN","shapeStyle":2},"labelManager":{"labels":[{"type":"textLabel","@id":194,"inputText":"Maximilian","labelStyle":4,"shape":null,"layoutText":null}],"mainLabel":194},"portCompositions":[{"type":"portGroup","@id":195,"ordered":false,"portCompositions":[{"type":"port","@id":196,"shape":{"type":"rect","xposition":"NaN","yposition":"NaN","width":"NaN","height":"NaN","shapeStyle":2},"labelManager":{"labels":[{"type":"textLabel","@id":197,"inputText":"1","labelStyle":4,"shape":null,"layoutText":null}],"mainLabel":197},"properties":{"id":"2a7393e1e7526804c244201e18affe56"},"orientationAtVertex":"FREE","reference":null}],"properties":{},"reference":null}],"properties":{"id":"eefe747520abce8f63999a53676f11d6","type":"socket"},"reference":null},{"@id":198,"shape":{"type":"rect","xposition":"NaN","yposition":"NaN","width":"NaN","height":"NaN","shapeStyle":2},"labelManager":{"labels":[{"type":"textLabel","@id":199,"inputText":"Julius","labelStyle":4,"shape":null,"layoutText":null}],"mainLabel":199},"portCompositions":[{"type":"port","@id":200,"shape":{"type":"rect","xposition":"NaN","yposition":"NaN","width":"NaN","height":"NaN","shapeStyle":2},"labelManager":{"labels":[{"type":"textLabel","@id":201,"inputText":"1","labelStyle":4,"shape":null,"layoutText":null}],"mainLabel":201},"properties":{"id":"116b5e9afab63668702a761fcc19e763"},"orientationAtVertex":"FREE","reference":null}],"properties":{"id":"97a606a6522cba3bdb0d89e055feb4c5","type":"splice"},"reference":null},{"@id":202,"shape":{"type":"rect","xposition":"NaN","yposition":"NaN","width":"NaN","height":"NaN","shapeStyle":2},"labelManager":{"labels":[{"type":"textLabel","@id":203,"inputText":"Louis","labelStyle":4,"shape":null,"layoutText":null}],"mainLabel":203},"portCompositions":[{"type":"portGroup","@id":204,"ordered":false,"portCompositions":[{"type":"port","@id":205,"shape":{"type":"rect","xposition":"NaN","yposition":"NaN","width":"NaN","height":"NaN","shapeStyle":2},"labelManager":{"labels":[{"type":"textLabel","@id":206,"inputText":"2","labelStyle":4,"shape":null,"layoutText":null}],"mainLabel":206},"properties":{"id":"d9721a20ad2def0c002493562bdc7d6a"},"orientationAtVertex":"FREE","reference":null},{"type":"port","@id":207,"shape":{"type":"rect","xposition":"NaN","yposition":"NaN","width":"NaN","height":"NaN","shapeStyle":15},"labelManager":{"labels":[{"type":"textLabel","@id":208,"inputText":"1","labelStyle":17,"shape":null,"layoutText":null}],"mainLabel":208},"properties":{},"orientationAtVertex":"FREE","reference":null}],"properties":{},"reference":null}],"properties":{"id":"f023652a852083c5fa4b3b0cf68ddfe8","type":"device"},"reference":null},{"@id":209,"shape":{"type":"rect","xposition":"NaN","yposition":"NaN","width":"NaN","height":"NaN","shapeStyle":2},"labelManager":{"labels":[{"type":"textLabel","@id":210,"inputText":"Noah","labelStyle":4,"shape":null,"layoutText":null}],"mainLabel":210},"portCompositions":[{"type":"portGroup","@id":211,"ordered":false,"portCompositions":[{"type":"port","@id":212,"shape":{"type":"rect","xposition":"NaN","yposition":"NaN","width":"NaN","height":"NaN","shapeStyle":2},"labelManager":{"labels":[{"type":"textLabel","@id":213,"inputText":"2","labelStyle":4,"shape":null,"layoutText":null}],"mainLabel":213},"properties":{"id":"40a6fb0b255b34921d5d5797c6486763"},"orientationAtVertex":"FREE","reference":null},{"type":"port","@id":214,"shape":{"type":"rect","xposition":"NaN","yposition":"NaN","width":"NaN","height":"NaN","shapeStyle":15},"labelManager":{"labels":[{"type":"textLabel","@id":215,"inputText":"1","labelStyle":17,"shape":null,"layoutText":null}],"mainLabel":215},"properties":{},"orientationAtVertex":"FREE","reference":null}],"properties":{},"reference":null}],"properties":{"id":"6cc77bf1993b52bdba919abfb0fdc034","type":"socket"},"reference":null},{"@id":216,"shape":{"type":"rect","xposition":"NaN","yposition":"NaN","width":"NaN","height":"NaN","shapeStyle":2},"labelManager":{"labels":[{"type":"textLabel","@id":217,"inputText":"Jakob","labelStyle":4,"shape":null,"layoutText":null}],"mainLabel":217},"portCompositions":[{"type":"port","@id":218,"shape":{"type":"rect","xposition":"NaN","yposition":"NaN","width":"NaN","height":"NaN","shapeStyle":2},"labelManager":{"labels":[{"type":"textLabel","@id":219,"inputText":"1","labelStyle":4,"shape":null,"layoutText":null}],"mainLabel":219},"properties":{"id":"cc44e73ed60430c224676a86c86623fc"},"orientationAtVertex":"FREE","reference":null}],"properties":{"id":"f1ab031e71da62b2364a5b77176a242a","type":"splice"},"reference":null},{"@id":220,"shape":null,"labelManager":{"labels":[{"type":"textLabel","@id":221,"inputText":"Jan","labelStyle":17,"shape":null,"layoutText":null}],"mainLabel":221},"portCompositions":[{"type":"portGroup","@id":222,"ordered":false,"portCompositions":[{"type":"port","@id":223,"shape":{"type":"rect","xposition":"NaN","yposition":"NaN","width":"NaN","height":"NaN","shapeStyle":15},"labelManager":{"labels":[{"type":"textLabel","@id":224,"inputText":"1","labelStyle":17,"shape":null,"layoutText":null}],"mainLabel":224},"properties":{},"orientationAtVertex":"FREE","reference":null}],"properties":{},"reference":null}],"properties":{},"reference":null},{"@id":225,"shape":null,"labelManager":{"labels":[{"type":"textLabel","@id":226,"inputText":"Jonas","labelStyle":17,"shape":null,"layoutText":null}],"mainLabel":226},"portCompositions":[{"type":"portGroup","@id":227,"ordered":false,"portCompositions":[{"type":"port","@id":228,"shape":{"type":"rect","xposition":"NaN","yposition":"NaN","width":"NaN","height":"NaN","shapeStyle":15},"labelManager":{"labels":[{"type":"textLabel","@id":229,"inputText":"1","labelStyle":17,"shape":null,"layoutText":null}],"mainLabel":229},"properties":{},"orientationAtVertex":"FREE","reference":null}],"properties":{},"reference":null}],"properties":{},"reference":null},{"@id":230,"shape":null,"labelManager":{"labels":[{"type":"textLabel","@id":231,"inputText":"Emil","labelStyle":17,"shape":null,"layoutText":null}],"mainLabel":231},"portCompositions":[{"type":"portGroup","@id":232,"ordered":false,"portCompositions":[{"type":"port","@id":233,"shape":{"type":"rect","xposition":"NaN","yposition":"NaN","width":"NaN","height":"NaN","shapeStyle":15},"labelManager":{"labels":[{"type":"textLabel","@id":234,"inputText":"1","labelStyle":17,"shape":null,"layoutText":null}],"mainLabel":234},"properties":{},"orientationAtVertex":"FREE","reference":null}],"properties":{},"reference":null}],"properties":{},"reference":null},{"@id":235,"shape":null,"labelManager":{"labels":[{"type":"textLabel","@id":236,"inputText":"Philipp","labelStyle":17,"shape":null,"layoutText":null}],"mainLabel":236},"portCompositions":[{"type":"portGroup","@id":237,"ordered":false,"portCompositions":[{"type":"port","@id":238,"shape":{"type":"rect","xposition":"NaN","yposition":"NaN","width":"NaN","height":"NaN","shapeStyle":15},"labelManager":{"labels":[{"type":"textLabel","@id":239,"inputText":"1","labelStyle":17,"shape":null,"layoutText":null}],"mainLabel":239},"properties":{},"orientationAtVertex":"FREE","reference":null},{"type":"port","@id":240,"shape":{"type":"rect","xposition":"NaN","yposition":"NaN","width":"NaN","height":"NaN","shapeStyle":15},"labelManager":{"labels":[{"type":"textLabel","@id":241,"inputText":"2","labelStyle":17,"shape":null,"layoutText":null}],"mainLabel":241},"properties":{},"orientationAtVertex":"FREE","reference":null}],"properties":{},"reference":null}],"properties":{},"reference":null},{"@id":242,"shape":null,"labelManager":{"labels":[{"type":"textLabel","@id":243,"inputText":"Tom","labelStyle":17,"shape":null,"layoutText":null}],"mainLabel":243},"portCompositions":[{"type":"portGroup","@id":244,"ordered":false,"portCompositions":[{"type":"port","@id":245,"shape":{"type":"rect","xposition":"NaN","yposition":"NaN","width":"NaN","height":"NaN","shapeStyle":15},"labelManager":{"labels":[{"type":"textLabel","@id":246,"inputText":"1","labelStyle":17,"shape":null,"layoutText":null}],"mainLabel":246},"properties":{},"orientationAtVertex":"FREE","reference":null},{"type":"port","@id":247,"shape":{"type":"rect","xposition":"NaN","yposition":"NaN","width":"NaN","height":"NaN","shapeStyle":15},"labelManager":{"labels":[{"type":"textLabel","@id":248,"inputText":"2","labelStyle":17,"shape":null,"layoutText":null}],"mainLabel":248},"properties":{},"orientationAtVertex":"FREE","reference":null}],"properties":{},"reference":null}],"properties":{},"reference":null},{"@id":249,"shape":null,"labelManager":{"labels":[{"type":"textLabel","@id":250,"inputText":"Ben","labelStyle":17,"shape":null,"layoutText":null}],"mainLabel":250},"portCompositions":[{"type":"portGroup","@id":251,"ordered":false,"portCompositions":[{"type":"port","@id":252,"shape":{"type":"rect","xposition":"NaN","yposition":"NaN","width":"NaN","height":"NaN","shapeStyle":15},"labelManager":{"labels":[{"type":"textLabel","@id":253,"inputText":"1","labelStyle":17,"shape":null,"layoutText":null}],"mainLabel":253},"properties":{},"orientationAtVertex":"FREE","reference":null}],"properties":{},"reference":null}],"properties":{},"reference":null},{"@id":254,"shape":null,"labelManager":{"labels":[{"type":"textLabel","@id":255,"inputText":"Henri","labelStyle":17,"shape":null,"layoutText":null}],"mainLabel":255},"portCompositions":[{"type":"portGroup","@id":256,"ordered":false,"portCompositions":[{"type":"port","@id":257,"shape":{"type":"rect","xposition":"NaN","yposition":"NaN","width":"NaN","height":"NaN","shapeStyle":15},"labelManager":{"labels":[{"type":"textLabel","@id":258,"inputText":"1","labelStyle":17,"shape":null,"layoutText":null}],"mainLabel":258},"properties":{},"orientationAtVertex":"FREE","reference":null}],"properties":{},"reference":null}],"properties":{},"reference":null}],"vertexGroups":[{"@id":259,"drawnFrame":false,"labelManager":{"labels":[],"mainLabel":null},"shape":null,"containedVertices":[1,20],"containedVertexGroups":[],"touchingPairs":[{"vertex0":1,"horizontalPlacementVertex0":"FREE","verticalPlacementVertex0":"TOP","vertex1":20,"horizontalPlacementVertex1":"FREE","verticalPlacementVertex1":"FREE"}],"portPairings":[{"port0":8,"port1":25},{"port0":12,"port1":29},{"port0":10,"port1":27},{"port0":6,"port1":23},{"port0":14,"port1":31},{"port0":18,"port1":33}],"properties":{},"reference":null},{"@id":260,"drawnFrame":false,"labelManager":{"labels":[],"mainLabel":null},"shape":null,"containedVertices":[35,48],"containedVertexGroups":[],"touchingPairs":[{"vertex0":35,"horizontalPlacementVertex0":"FREE","verticalPlacementVertex0":"TOP","vertex1":48,"horizontalPlacementVertex1":"FREE","verticalPlacementVertex1":"FREE"}],"portPairings":[{"port0":38,"port1":51},{"port0":46,"port1":59},{"port0":40,"port1":53},{"port0":44,"port1":57},{"port0":42,"port1":55}],"properties":{},"reference":null},{"@id":261,"drawnFrame":false,"labelManager":{"labels":[],"mainLabel":null},"shape":null,"containedVertices":[61,68],"containedVertexGroups":[],"touchingPairs":[{"vertex0":61,"horizontalPlacementVertex0":"FREE","verticalPlacementVertex0":"TOP","vertex1":68,"horizontalPlacementVertex1":"FREE","verticalPlacementVertex1":"FREE"}],"portPairings":[{"port0":64,"port1":71},{"port0":66,"port1":73}],"properties":{},"reference":null},{"@id":262,"drawnFrame":false,"labelManager":{"labels":[],"mainLabel":null},"shape":null,"containedVertices":[75,82],"containedVertexGroups":[],"touchingPairs":[{"vertex0":75,"horizontalPlacementVertex0":"FREE","verticalPlacementVertex0":"TOP","vertex1":82,"horizontalPlacementVertex1":"FREE","verticalPlacementVertex1":"FREE"}],"portPairings":[{"port0":80,"port1":87},{"port0":78,"port1":85}],"properties":{},"reference":null},{"@id":263,"drawnFrame":false,"labelManager":{"labels":[],"mainLabel":null},"shape":null,"containedVertices":[101,108],"containedVertexGroups":[],"touchingPairs":[{"vertex0":101,"horizontalPlacementVertex0":"FREE","verticalPlacementVertex0":"TOP","vertex1":108,"horizontalPlacementVertex1":"FREE","verticalPlacementVertex1":"FREE"}],"portPairings":[{"port0":104,"port1":111},{"port0":106,"port1":113}],"properties":{},"reference":null},{"@id":264,"drawnFrame":false,"labelManager":{"labels":[],"mainLabel":null},"shape":null,"containedVertices":[115,122],"containedVertexGroups":[],"touchingPairs":[{"vertex0":115,"horizontalPlacementVertex0":"FREE","verticalPlacementVertex0":"TOP","vertex1":122,"horizontalPlacementVertex1":"FREE","verticalPlacementVertex1":"FREE"}],"portPairings":[{"port0":118,"port1":125},{"port0":120,"port1":127}],"properties":{},"reference":null},{"@id":265,"drawnFrame":false,"labelManager":{"labels":[],"mainLabel":null},"shape":null,"containedVertices":[133,143],"containedVertexGroups":[],"touchingPairs":[{"vertex0":133,"horizontalPlacementVertex0":"FREE","verticalPlacementVertex0":"TOP","vertex1":143,"horizontalPlacementVertex1":"FREE","verticalPlacementVertex1":"FREE"}],"portPairings":[{"port0":137,"port1":146},{"port0":139,"port1":148},{"port0":141,"port1":150}],"properties":{},"reference":null},{"@id":266,"drawnFrame":false,"labelManager":{"labels":[],"mainLabel":null},"shape":null,"containedVertices":[152,159],"containedVertexGroups":[],"touchingPairs":[{"vertex0":152,"horizontalPlacementVertex0":"FREE","verticalPlacementVertex0":"TOP","vertex1":159,"horizontalPlacementVertex1":"FREE","verticalPlacementVertex1":"FREE"}],"portPairings":[{"port0":155,"port1":162},{"port0":157,"port1":164}],"properties":{},"reference":null},{"@id":267,"drawnFrame":false,"labelManager":{"labels":[],"mainLabel":null},"shape":null,"containedVertices":[166,177],"containedVertexGroups":[],"touchingPairs":[{"vertex0":166,"horizontalPlacementVertex0":"FREE","verticalPlacementVertex0":"TOP","vertex1":177,"horizontalPlacementVertex1":"FREE","verticalPlacementVertex1":"FREE"}],"portPairings":[{"port0":171,"port1":182},{"port0":169,"port1":180},{"port0":173,"port1":184},{"port0":175,"port1":186}],"properties":{},"reference":null},{"@id":268,"drawnFrame":false,"labelManager":{"labels":[],"mainLabel":null},"shape":null,"containedVertices":[188,193],"containedVertexGroups":[],"touchingPairs":[{"vertex0":188,"horizontalPlacementVertex0":"FREE","verticalPlacementVertex0":"TOP","vertex1":193,"horizontalPlacementVertex1":"FREE","verticalPlacementVertex1":"FREE"}],"portPairings":[{"port0":191,"port1":196}],"properties":{},"reference":null},{"@id":269,"drawnFrame":false,"labelManager":{"labels":[],"mainLabel":null},"shape":null,"containedVertices":[202,209],"containedVertexGroups":[],"touchingPairs":[{"vertex0":202,"horizontalPlacementVertex0":"FREE","verticalPlacementVertex0":"TOP","vertex1":209,"horizontalPlacementVertex1":"FREE","verticalPlacementVertex1":"FREE"}],"portPairings":[{"port0":205,"port1":212},{"port0":207,"port1":214}],"properties":{},"reference":null},{"@id":270,"drawnFrame":false,"labelManager":{"labels":[],"mainLabel":null},"shape":null,"containedVertices":[225,230],"containedVertexGroups":[],"touchingPairs":[{"vertex0":225,"horizontalPlacementVertex0":"FREE","verticalPlacementVertex0":"FREE","vertex1":230,"horizontalPlacementVertex1":"FREE","verticalPlacementVertex1":"FREE"}],"portPairings":[{"port0":228,"port1":233}],"properties":{},"reference":null},{"@id":271,"drawnFrame":false,"labelManager":{"labels":[],"mainLabel":null},"shape":null,"containedVertices":[235,242],"containedVertexGroups":[],"touchingPairs":[{"vertex0":235,"horizontalPlacementVertex0":"FREE","verticalPlacementVertex0":"FREE","vertex1":242,"horizontalPlacementVertex1":"FREE","verticalPlacementVertex1":"FREE"}],"portPairings":[{"port0":238,"port1":245},{"port0":240,"port1":247}],"properties":{},"reference":null},{"@id":272,"drawnFrame":false,"labelManager":{"labels":[],"mainLabel":null},"shape":null,"containedVertices":[249,254],"containedVertexGroups":[],"touchingPairs":[{"vertex0":249,"horizontalPlacementVertex0":"FREE","verticalPlacementVertex0":"FREE","vertex1":254,"horizontalPlacementVertex1":"FREE","verticalPlacementVertex1":"FREE"}],"portPairings":[{"port0":252,"port1":257}],"properties":{},"reference":null}],"edges":[{"@id":273,"ports":[46,91],"labelManager":{"innerLabels":[{"type":"textLabel","@id":274,"inputText":"Johann","labelStyle":4,"shape":null,"layoutText":null}],"allPortLabels":[],"mainLabel":274},"pathStyle":{"@id":275,"description":"default path style","thickness":-1.0,"color":{"argb":"ff000000"}},"paths":[],"properties":{"id":"77a63db3e52e89098f1fce4e057d567b"},"reference":null},{"@id":276,"ports":[113,180],"labelManager":{"innerLabels":[{"type":"textLabel","@id":277,"inputText":"Simon","labelStyle":4,"shape":null,"layoutText":null}],"allPortLabels":[],"mainLabel":277},"pathStyle":275,"paths":[],"properties":{"id":"58abacd5041a0a36f0dbc7bde95e2766"},"reference":null},{"@id":278,"ports":[146,155],"labelManager":{"innerLabels":[{"type":"textLabel","@id":279,"inputText":"Matteo","labelStyle":4,"shape":null,"layoutText":null}],"allPortLabels":[],"mainLabel":279},"pathStyle":275,"paths":[],"properties":{"id":"f0c18984b27c4223b4ec8c589c9f2357"},"reference":null},{"@id":280,"ports":[85,131],"labelManager":{"innerLabels":[{"type":"textLabel","@id":281,"inputText":"Frederik","labelStyle":4,"shape":null,"layoutText":null}],"allPortLabels":[],"mainLabel":281},"pathStyle":275,"paths":[],"properties":{"id":"7c97cfaa089f429fd2f363cd4de75036"},"reference":null},{"@id":282,"ports":[182,111],"labelManager":{"innerLabels":[{"type":"textLabel","@id":283,"inputText":"Florian","labelStyle":4,"shape":null,"layoutText":null}],"allPortLabels":[],"mainLabel":283},"pathStyle":275,"paths":[],"properties":{"id":"c4814acc8f29acac6e0168fd59c0797a"},"reference":null},{"@id":284,"ports":[44,23],"labelManager":{"innerLabels":[{"type":"textLabel","@id":285,"inputText":"Niklas","labelStyle":4,"shape":null,"layoutText":null}],"allPortLabels":[],"mainLabel":285},"pathStyle":275,"paths":[],"properties":{"id":"93f2fad96ad9bae9265af868b6844df7"},"reference":null},{"@id":286,"ports":[38,27],"labelManager":{"innerLabels":[{"type":"textLabel","@id":287,"inputText":"Gabriel","labelStyle":4,"shape":null,"layoutText":null}],"allPortLabels":[],"mainLabel":287},"pathStyle":275,"paths":[],"properties":{"id":"a027ca81c440064ef49b4df6b8365564"},"reference":null},{"@id":288,"ports":[87,71],"labelManager":{"innerLabels":[{"type":"textLabel","@id":289,"inputText":"Milan","labelStyle":4,"shape":null,"layoutText":null}],"allPortLabels":[],"mainLabel":289},"pathStyle":275,"paths":[],"properties":{"id":"b40b0a71ac0bfa5b5d1ee321bf76f24b"},"reference":null},{"@id":290,"ports":[200,184],"labelManager":{"innerLabels":[{"type":"textLabel","@id":291,"inputText":"Christian","labelStyle":4,"shape":null,"layoutText":null}],"allPortLabels":[],"mainLabel":291},"pathStyle":275,"paths":[],"properties":{"id":"2c0c0929a746076241038386c0f59a4e"},"reference":null},{"@id":292,"ports":[40,104],"labelManager":{"innerLabels":[{"type":"textLabel","@id":293,"inputText":"Justus","labelStyle":4,"shape":null,"layoutText":null}],"allPortLabels":[],"mainLabel":293},"pathStyle":275,"paths":[],"properties":{"id":"3aa73a30a4375bfd26806efe4e95d093"},"reference":null},{"@id":294,"ports":[99,131],"labelManager":{"innerLabels":[{"type":"textLabel","@id":295,"inputText":"Joel","labelStyle":4,"shape":null,"layoutText":null}],"allPortLabels":[],"mainLabel":295},"pathStyle":275,"paths":[],"properties":{"id":"63afc02229027eb901c9ae1ec4617493"},"reference":null},{"@id":296,"ports":[95,212],"labelManager":{"innerLabels":[{"type":"textLabel","@id":297,"inputText":"Henry","labelStyle":4,"shape":null,"layoutText":null}],"allPortLabels":[],"mainLabel":297},"pathStyle":275,"paths":[],"properties":{"id":"cd65b95067ccf48cd00c23b8cced0ee8"},"reference":null},{"@id":298,"ports":[42,99],"labelManager":{"innerLabels":[{"type":"textLabel","@id":299,"inputText":"Karl","labelStyle":4,"shape":null,"layoutText":null}],"allPortLabels":[],"mainLabel":299},"pathStyle":275,"paths":[],"properties":{"id":"0856b3e5f2292cc70239ec3ef4d935e1"},"reference":null},{"@id":300,"ports":[200,64],"labelManager":{"innerLabels":[{"type":"textLabel","@id":301,"inputText":"Theodor","labelStyle":4,"shape":null,"layoutText":null}],"allPortLabels":[],"mainLabel":301},"pathStyle":275,"paths":[],"properties":{"id":"15248adbe6dd0fd6972234c298456a4e"},"reference":null},{"@id":302,"ports":[25,91],"labelManager":{"innerLabels":[{"type":"textLabel","@id":303,"inputText":"Peter","labelStyle":4,"shape":null,"layoutText":null}],"allPortLabels":[],"mainLabel":303},"pathStyle":275,"paths":[],"properties":{"id":"f9f8643c1913e2cef57c1b7e4cce618e"},"reference":null},{"@id":304,"ports":[53,148],"labelManager":{"innerLabels":[{"type":"textLabel","@id":305,"inputText":"Emir","labelStyle":4,"shape":null,"layoutText":null}],"allPortLabels":[],"mainLabel":305},"pathStyle":275,"paths":[],"properties":{"id":"33b3255ab3326d070957309dc0318980"},"reference":null},{"@id":306,"ports":[214,247],"labelManager":{"innerLabels":[{"type":"textLabel","@id":307,"inputText":"Vincent","labelStyle":17,"shape":null,"layoutText":null}],"allPortLabels":[],"mainLabel":307},"pathStyle":{"@id":308,"description":"default path style","thickness":-1.0,"color":{"argb":"ff000000"}},"paths":[],"properties":{},"reference":null},{"@id":309,"ports":[257,223],"labelManager":{"innerLabels":[{"type":"textLabel","@id":310,"inputText":"Levi","labelStyle":17,"shape":null,"layoutText":null}],"allPortLabels":[],"mainLabel":310},"pathStyle":308,"paths":[],"properties":{},"reference":null},{"@id":311,"ports":[218,257],"labelManager":{"innerLabels":[{"type":"textLabel","@id":312,"inputText":"Noel","labelStyle":17,"shape":null,"layoutText":null}],"allPortLabels":[],"mainLabel":312},"pathStyle":308,"paths":[],"properties":{},"reference":null},{"@id":313,"ports":[245,218],"labelManager":{"innerLabels":[{"type":"textLabel","@id":314,"inputText":"Carl","labelStyle":17,"shape":null,"layoutText":null}],"allPortLabels":[],"mainLabel":314},"pathStyle":308,"paths":[],"properties":{},"reference":null},{"@id":315,"ports":[212,191],"labelManager":{"innerLabels":[{"type":"textLabel","@id":316,"inputText":"Michael","labelStyle":17,"shape":null,"layoutText":null}],"allPortLabels":[],"mainLabel":316},"pathStyle":308,"paths":[],"properties":{},"reference":null},{"@id":317,"ports":[212,228],"labelManager":{"innerLabels":[{"type":"textLabel","@id":318,"inputText":"Valentin","labelStyle":17,"shape":null,"layoutText":null}],"allPortLabels":[],"mainLabel":318},"pathStyle":308,"paths":[],"properties":{},"reference":null},{"@id":319,"ports":[127,173],"labelManager":{"innerLabels":[{"type":"textLabel","@id":320,"inputText":"Muhammed","labelStyle":17,"shape":null,"layoutText":null}],"allPortLabels":[],"mainLabel":320},"pathStyle":308,"paths":[],"properties":{},"reference":null},{"@id":321,"ports":[233,175],"labelManager":{"innerLabels":[{"type":"textLabel","@id":322,"inputText":"Ali","labelStyle":17,"shape":null,"layoutText":null}],"allPortLabels":[],"mainLabel":322},"pathStyle":308,"paths":[],"properties":{},"reference":null},{"@id":323,"ports":[150,157],"labelManager":{"innerLabels":[{"type":"textLabel","@id":324,"inputText":"Henry","labelStyle":17,"shape":null,"layoutText":null}],"allPortLabels":[],"mainLabel":324},"pathStyle":308,"paths":[],"properties":{},"reference":null},{"@id":325,"ports":[125,171],"labelManager":{"innerLabels":[{"type":"textLabel","@id":326,"inputText":"Karl","labelStyle":17,"shape":null,"layoutText":null}],"allPortLabels":[],"mainLabel":326},"pathStyle":308,"paths":[],"properties":{},"reference":null},{"@id":327,"ports":[59,150],"labelManager":{"innerLabels":[{"type":"textLabel","@id":328,"inputText":"Simon","labelStyle":17,"shape":null,"layoutText":null}],"allPortLabels":[],"mainLabel":328},"pathStyle":308,"paths":[],"properties":{},"reference":null},{"@id":329,"ports":[59,171],"labelManager":{"innerLabels":[{"type":"textLabel","@id":330,"inputText":"Emir","labelStyle":17,"shape":null,"layoutText":null}],"allPortLabels":[],"mainLabel":330},"pathStyle":308,"paths":[],"properties":{},"reference":null},{"@id":331,"ports":[51,169],"labelManager":{"innerLabels":[{"type":"textLabel","@id":332,"inputText":"Daniel","labelStyle":17,"shape":null,"layoutText":null}],"allPortLabels":[],"mainLabel":332},"pathStyle":308,"paths":[],"properties":{},"reference":null},{"@id":333,"ports":[66,73],"labelManager":{"innerLabels":[{"type":"textLabel","@id":334,"inputText":"Theodor","labelStyle":17,"shape":null,"layoutText":null}],"allPortLabels":[],"mainLabel":334},"pathStyle":308,"paths":[],"properties":{},"reference":null}],"edgeBundles":[]}