{"vertices":[{"@id":1,"shape":{"type":"rect","xposition":"NaN","yposition":"NaN","width":"NaN","height":"NaN","shapeStyle":{"@id":2,"description":"default shape style","color":{"argb":"ff000000"}}},"labelManager":{"labels":[{"type":"textLabel","@id":3,"inputText":"Lukas","labelStyle":{"@id":4,"description":"default text label style","font":{"fontName":"SansSerif","style":0,"size":10},"noBreak":false,"color":{"argb":"ff000000"},"showLabel":true,"placement":"FREE","horizontalPlacement":"FREE","verticalPlacement":"FREE"},"shape":null,"layoutText":null}],"mainLabel":3},"portCompositions":[{"type":"portGroup","@id":5,"ordered":false,"portCompositions":[{"type":"port","@id":6,"shape":{"type":"rect","xposition":"NaN","yposition":"NaN","width":"NaN","height":"NaN","shapeStyle":2},"labelManager":{"labels":[{"type":"textLabel","@id":7,"inputText":"3","labelStyle":4,"shape":null,"layoutText":null}],"mainLabel":7},"properties":{"id":"6fd95a67df1fec4c405ee875d82881a5"},"orientationAtVertex":"FREE","reference":null},{"type":"port","@id":8,"shape":{"type":"rect","xposition":"NaN","yposition":"NaN","width":"NaN","height":"NaN","shapeStyle":2},"labelManager":{"labels":[{"type":"textLabel","@id":9,"inputText":"2","labelStyle":4,"shape":null,"layoutText":null}],"mainLabel":9},"properties":{"id":"2840a93bc23d6a83a26aa53e0f2f29f0"},"orientationAtVertex":"FREE","reference":null},{"type":"port","@id":10,"shape":{"type":"rect","xposition":"NaN","yposition":"NaN","width":"NaN","height":"NaN","shapeStyle":2},"labelManager":{"labels":[{"type":"textLabel","@id":11,"inputText":"1","labelStyle":4,"shape":null,"layoutText":null}],"mainLabel":11},"properties":{"id":"c2bd7a531489124e76c63fadc9dec152"},"orientationAtVertex":"FREE","reference":null}],"properties":{},"reference":null}],"properties":{"id":"b390b9819ccabe0f17fedeeedbb9bab5","type":"plug"},"reference":null},{"@id":12,"shape":{"type":"rect","xposition":"NaN","yposition":"NaN","width":"NaN","height":"NaN","shapeStyle":2},"labelManager":{"labels":[{"type":"textLabel","@id":13,"inputText":"Leon","labelStyle":4,"shape":null,"layoutText":null}],"mainLabel":13},"portCompositions":[{"type":"portGroup","@id":14,"ordered":false,"portCompositions":[{"type":"port","@id":15,"shape":{"type":"rect","xposition":"NaN","yposition":"NaN","width":"NaN","height":"NaN","shapeStyle":2},"labelManager":{"labels":[{"type":"textLabel","@id":16,"inputText":"3","labelStyle":4,"shape":null,"layoutText":null}],"mainLabel":16},"properties":{"id":"5a18934c28527e5631d235a154ddc5a8"},"orientationAtVertex":"FREE","reference":null},{"type":"port","@id":17,"shape":{"type":"rect","xposition":"NaN","yposition":"NaN","width":"NaN","height":"NaN","shapeStyle":2},"labelManager":{"labels":[{"type":"textLabel","@id":18,"inputText":"2","labelStyle":4,"shape":null,"layoutText":null}],"mainLabel":18},"properties":{"id":"36711b9593fa4bd392285c92278876be"},"orientationAtVertex":"FREE","reference":null},{"type":"port","@id":19,"shape":{"type":"rect","xposition":"NaN","yposition":"NaN","width":"NaN","height":"NaN","shapeStyle":2},"labelManager":{"labels":[{"type":"textLabel","@id":20,"inputText":"1","labelStyle":4,"shape":null,"layoutText":null}],"mainLabel":20},"properties":{"id":"f877bff0a9c237ab50f4d5f18ecd9054"},"orientationAtVertex":"FREE","reference":null}],"properties":{},"reference":null}],"properties":{"id":"a286e4c074f2165f3025d4a43241a5fb","type":"plug"},"reference":null},{"@id":21,"shape":{"type":"rect","xposition":"NaN","yposition":"NaN","width":"NaN","height":"NaN","shapeStyle":2},"labelManager":{"labels":[{"type":"textLabel","@id":22,"inputText":"Benjamin","labelStyle":4,"shape":null,"layoutText":null}],"mainLabel":22},"portCompositions":[{"type":"portGroup","@id":23,"ordered":false,"portCompositions":[{"type":"port","@id":24,"shape":{"type":"rect","xposition":"NaN","yposition":"NaN","width":"NaN","height":"NaN","shapeStyle":2},"labelManager":{"labels":[{"type":"textLabel","@id":25,"inputText":"2","labelStyle":4,"shape":null,"layoutText":null}],"mainLabel":25},"properties":{"id":"9b8eba2a7f63cf92dd8f45c711095fd3"},"orientationAtVertex":"FREE","reference":null},{"type":"port","@id":26,"shape":{"type":"rect","xposition":"NaN","yposition":"NaN","width":"NaN","height":"NaN","shapeStyle":2},"labelManager":{"labels":[{"type":"textLabel","@id":27,"inputText":"4","labelStyle":4,"shape":null,"layoutText":null}],"mainLabel":27},"properties":{"id":"2b216e0213070c4ecce559e6cab7755d"},"orientationAtVertex":"FREE","reference":null},{"type":"port","@id":28,"shape":{"type":"rect","xposition":"NaN","yposition":"NaN","width":"NaN","height":"NaN","shapeStyle":2},"labelManager":{"labels":[{"type":"textLabel","@id":29,"inputText":"1","labelStyle":4,"shape":null,"layoutText":null}],"mainLabel":29},"properties":{"id":"ff0b9c3cdf6f6c16a008c5b1a2adeca2"},"orientationAtVertex":"FREE","reference":null},{"type":"port","@id":30,"shape":{"type":"rect","xposition":"NaN","yposition":"NaN","width":"NaN","height":"NaN","shapeStyle":{"@id":31,"description":"default shape style","color":{"argb":"ff000000"}}},"labelManager":{"labels":[{"type":"textLabel","@id":32,"inputText":"3","labelStyle":{"@id":33,"description":"default text label style","font":{"fontName":"SansSerif","style":0,"size":10},"noBreak":false,"color":{"argb":"ff000000"},"showLabel":true,"placement":"FREE","horizontalPlacement":"FREE","verticalPlacement":"FREE"},"shape":null,"layoutText":null}],"mainLabel":32},"properties":{},"orientationAtVertex":"FREE","reference":null}],"properties":{},"reference":null}],"properties":{"id":"f2ff219223349543ff17d515678373fd","type":"device"},"reference":null},{"@id":34,"shape":{"type":"rect","xposition":"NaN","yposition":"NaN","width":"NaN","height":"NaN","shapeStyle":2},"labelManager":{"labels":[{"type":"textLabel","@id":35,"inputText":"Leonard","labelStyle":4,"shape":null,"layoutText":null}],"mainLabel":35},"portCompositions":[{"type":"portGroup","@id":36,"ordered":false,"portCompositions":[{"type":"port","@id":37,"shape":{"type":"rect","xposition":"NaN","yposition":"NaN","width":"NaN","height":"NaN","shapeStyle":2},"labelManager":{"labels":[{"type":"textLabel","@id":38,"inputText":"2","labelStyle":4,"shape":null,"layoutText":null}],"mainLabel":38},"properties":{"id":"fa98c0659138f8da8658770366277818"},"orientationAtVertex":"FREE","reference":null},{"type":"port","@id":39,"shape":{"type":"rect","xposition":"NaN","yposition":"NaN","width":"NaN","height":"NaN","shapeStyle":2},"labelManager":{"labels":[{"type":"textLabel","@id":40,"inputText":"4","labelStyle":4,"shape":null,"layoutText":null}],"mainLabel":40},"properties":{"id":"94d8a73b9353b218be20693950e841f7"},"orientationAtVertex":"FREE","reference":null},{"type":"port","@id":41,"shape":{"type":"rect","xposition":"NaN","yposition":"NaN","width":"NaN","height":"NaN","shapeStyle":2},"labelManager":{"labels":[{"type":"textLabel","@id":42,"inputText":"1","labelStyle":4,"shape":null,"layoutText":null}],"mainLabel":42},"properties":{"id":"b071c18b3259289a3e28092dda405112"},"orientationAtVertex":"FREE","reference":null},{"type":"port","@id":43,"shape":{"type":"rect","xposition":"NaN","yposition":"NaN","width":"NaN","height":"NaN","shapeStyle":31},"labelManager":{"labels":[{"type":"textLabel","@id":44,"inputText":"3","labelStyle":33,"shape":null,"layoutText":null}],"mainLabel":44},"properties":{},"orientationAtVertex":"FREE","reference":null}],"properties":{},"reference":null}],"properties":{"id":"dfc5d798ca66df61332b25a9cbfcf000","type":"socket"},"reference":null},{"@id":45,"shape":{"type":"rect","xposition":"NaN","yposition":"NaN","width":"NaN","height":"NaN","shapeStyle":2},"labelManager":{"labels":[{"type":"textLabel","@id":46,"inputText":"Elias","labelStyle":4,"shape":null,"layoutText":null}],"mainLabel":46},"portCompositions":[{"type":"portGroup","@id":47,"ordered":false,"portCompositions":[{"type":"port","@id":48,"shape":{"type":"rect","xposition":"NaN","yposition":"NaN","width":"NaN","height":"NaN","shapeStyle":2},"labelManager":{"labels":[{"type":"textLabel","@id":49,"inputText":"3","labelStyle":4,"shape":null,"layoutText":null}],"mainLabel":49},"properties":{"id":"ad1153031447fb8619ea73aa1f258211"},"orientationAtVertex":"FREE","reference":null},{"type":"port","@id":50,"shape":{"type":"rect","xposition":"NaN","yposition":"NaN","width":"NaN","height":"NaN","shapeStyle":31},"labelManager":{"labels":[{"type":"textLabel","@id":51,"inputText":"2","labelStyle":33,"shape":null,"layoutText":null}],"mainLabel":51},"properties":{},"orientationAtVertex":"FREE","reference":null},{"type":"port","@id":52,"shape":{"type":"rect","xposition":"NaN","yposition":"NaN","width":"NaN","height":"NaN","shapeStyle":31},"labelManager":{"labels":[{"type":"textLabel","@id":53,"inputText":"1","labelStyle":33,"shape":null,"layoutText":null}],"mainLabel":53},"properties":{},"orientationAtVertex":"FREE","reference":null}],"properties":{},"reference":null}],"properties":{"id":"2744d6f402e5ecb5fec59ca9fa9b2fd4","type":"device"},"reference":null},{"@id":54,"shape":{"type":"rect","xposition":"NaN","yposition":"NaN","width":"NaN","height":"NaN","shapeStyle":2},"labelManager":{"labels":[{"type":"textLabel","@id":55,"inputText":"Felix","labelStyle":4,"shape":null,"layoutText":null}],"mainLabel":55},"portCompositions":[{"type":"portGroup","@id":56,"ordered":false,"portCompositions":[{"type":"port","@id":57,"shape":{"type":"rect","xposition":"NaN","yposition":"NaN","width":"NaN","height":"NaN","shapeStyle":2},"labelManager":{"labels":[{"type":"textLabel","@id":58,"inputText":"3","labelStyle":4,"shape":null,"layoutText":null}],"mainLabel":58},"properties":{"id":"efc208e9f7e4584de94079a52a7cf9ce"},"orientationAtVertex":"FREE","reference":null},{"type":"port","@id":59,"shape":{"type":"rect","xposition":"NaN","yposition":"NaN","width":"NaN","height":"NaN","shapeStyle":31},"labelManager":{"labels":[{"type":"textLabel","@id":60,"inputText":"2","labelStyle":33,"shape":null,"layoutText":null}],"mainLabel":60},"properties":{},"orientationAtVertex":"FREE","reference":null},{"type":"port","@id":61,"shape":{"type":"rect","xposition":"NaN","yposition":"NaN","width":"NaN","height":"NaN","shapeStyle":31},"labelManager":{"labels":[{"type":"textLabel","@id":62,"inputText":"1","labelStyle":33,"shape":null,"layoutText":null}],"mainLabel":62},"properties":{},"orientationAtVertex":"FREE","reference":null}],"properties":{},"reference":null}],"properties":{"id":"43d05dcd141ac3f6cccf51e43ed8d619","type":"socket"},"reference":null},{"@id":63,"shape":{"type":"rect","xposition":"NaN","yposition":"NaN","width":"NaN","height":"NaN","shapeStyle":2},"labelManager":{"labels":[{"type":"textLabel","@id":64,"inputText":"Maximilian","labelStyle":4,"shape":null,"layoutText":null}],"mainLabel":64},"portCompositions":[{"type":"portGroup","@id":65,"ordered":false,"portCompositions":[{"type":"port","@id":66,"shape":{"type":"rect","xposition":"NaN","yposition":"NaN","width":"NaN","height":"NaN","shapeStyle":2},"labelManager":{"labels":[{"type":"textLabel","@id":67,"inputText":"1","labelStyle":4,"shape":null,"layoutText":null}],"mainLabel":67},"properties":{"id":"055ff4064a4bea22877287364d9161f0"},"orientationAtVertex":"FREE","reference":null},{"type":"port","@id":68,"shape":{"type":"rect","xposition":"NaN","yposition":"NaN","width":"NaN","height":"NaN","shapeStyle":31},"labelManager":{"labels":[{"type":"textLabel","@id":69,"inputText":"2","labelStyle":33,"shape":null,"layoutText":null}],"mainLabel":69},"properties":{},"orientationAtVertex":"FREE","reference":null}],"properties":{},"reference":null}],"properties":{"id":"7843fbab76d971493e66f12c6336f717","type":"plug"},"reference":null},{"@id":70,"shape":{"type":"rect","xposition":"NaN","yposition":"NaN","width":"NaN","height":"NaN","shapeStyle":2},"labelManager":{"labels":[{"type":"textLabel","@id":71,"inputText":"Jonas","labelStyle":4,"shape":null,"layoutText":null}],"mainLabel":71},"portCompositions":[{"type":"portGroup","@id":72,"ordered":false,"portCompositions":[{"type":"port","@id":73,"shape":{"type":"rect","xposition":"NaN","yposition":"NaN","width":"NaN","height":"NaN","shapeStyle":2},"labelManager":{"labels":[{"type":"textLabel","@id":74,"inputText":"1","labelStyle":4,"shape":null,"layoutText":null}],"mainLabel":74},"properties":{"id":"5a2f21f1a7ef4d7b1d87a418a19be5de"},"orientationAtVertex":"FREE","reference":null},{"type":"port","@id":75,"shape":{"type":"rect","xposition":"NaN","yposition":"NaN","width":"NaN","height":"NaN","shapeStyle":31},"labelManager":{"labels":[{"type":"textLabel","@id":76,"inputText":"2","labelStyle":33,"shape":null,"layoutText":null}],"mainLabel":76},"properties":{},"orientationAtVertex":"FREE","reference":null}],"properties":{},"reference":null}],"properties":{"id":"55660e1aaeb26fa1cd201ca0412ee596","type":"plug"},"reference":null},{"@id":77,"shape":{"type":"rect","xposition":"NaN","yposition":"NaN","width":"NaN","height":"NaN","shapeStyle":2},"labelManager":{"labels":[{"type":"textLabel","@id":78,"inputText":"Jonathan","labelStyle":4,"shape":null,"layoutText":null}],"mainLabel":78},"portCompositions":[{"type":"port","@id":79,"shape":{"type":"rect","xposition":"NaN","yposition":"NaN","width":"NaN","height":"NaN","shapeStyle":2},"labelManager":{"labels":[{"type":"textLabel","@id":80,"inputText":"1","labelStyle":4,"shape":null,"layoutText":null}],"mainLabel":80},"properties":{"id":"e189880a44be03332e05c83d5a503081"},"orientationAtVertex":"FREE","reference":null}],"properties":{"id":"5708b1df23ac2ad56165b006cfa5176f","type":"splice"},"reference":null},{"@id":81,"shape":{"type":"rect","xposition":"NaN","yposition":"NaN","width":"NaN","height":"NaN","shapeStyle":2},"labelManager":{"labels":[{"type":"textLabel","@id":82,"inputText":"Julian","labelStyle":4,"shape":null,"layoutText":null}],"mainLabel":82},"portCompositions":[{"type":"port","@id":83,"shape":{"type":"rect","xposition":"NaN","yposition":"NaN","width":"NaN","height":"NaN","shapeStyle":2},"labelManager":{"labels":[{"type":"textLabel","@id":84,"inputText":"1","labelStyle":4,"shape":null,"layoutText":null}],"mainLabel":84},"properties":{"id":"1c6d142112416824035f905fbc9b0a21"},"orientationAtVertex":"FREE","reference":null}],"properties":{"id":"25c560f36ff4c0e28c7d9a93e53cea76","type":"splice"},"reference":null},{"@id":85,"shape":{"type":"rect","xposition":"NaN","yposition":"NaN","width":"NaN","height":"NaN","shapeStyle":2},"labelManager":{"labels":[{"type":"textLabel","@id":86,"inputText":"Jan","labelStyle":4,"shape":null,"layoutText":null}],"mainLabel":86},"portCompositions":[{"type":"portGroup","@id":87,"ordered":false,"portCompositions":[{"type":"port","@id":88,"shape":{"type":"rect","xposition":"NaN","yposition":"NaN","width":"NaN","height":"NaN","shapeStyle":2},"labelManager":{"labels":[{"type":"textLabel","@id":89,"inputText":"1","labelStyle":4,"shape":null,"layoutText":null}],"mainLabel":89},"properties":{"id":"8cc384d143838c25a5cee6e27f7558df"},"orientationAtVertex":"FREE","reference":null},{"type":"port","@id":90,"shape":{"type":"rect","xposition":"NaN","yposition":"NaN","width":"NaN","height":"NaN","shapeStyle":31},"labelManager":{"labels":[{"type":"textLabel","@id":91,"inputText":"2","labelStyle":33,"shape":null,"layoutText":null}],"mainLabel":91},"properties":{},"orientationAtVertex":"FREE","reference":null}],"properties":{},"reference":null},{"type":"portGroup","@id":92,"ordered":false,"portCompositions":[],"properties":{},"reference":null}],"properties":{"id":"ad9a6f7c6f40a9b9a28d25c22466e0e1","type":"device"},"reference":null},{"@id":93,"shape":{"type":"rect","xposition":"NaN","yposition":"NaN","width":"NaN","height":"NaN","shapeStyle":2},"labelManager":{"labels":[{"type":"textLabel","@id":94,"inputText":"Anton","labelStyle":4,"shape":null,"layoutText":null}],"mainLabel":94},"portCompositions":[{"type":"portGroup","@id":95,"ordered":false,"portCompositions":[{"type":"port","@id":96,"shape":{"type":"rect","xposition":"NaN","yposition":"NaN","width":"NaN","height":"NaN","shapeStyle":2},"labelManager":{"labels":[{"type":"textLabel","@id":97,"inputText":"1","labelStyle":4,"shape":null,"layoutText":null}],"mainLabel":97},"properties":{"id":"c9f9bb8156d96d6637233e18f60f5b30"},"orientationAtVertex":"FREE","reference":null},{"type":"port","@id":98,"shape":{"type":"rect","xposition":"NaN","yposition":"NaN","width":"NaN","height":"NaN","shapeStyle":31},"labelManager":{"labels":[{"type":"textLabel","@id":99,"inputText":"2","labelStyle":33,"shape":null,"layoutText":null}],"mainLabel":99},"properties":{},"orientationAtVertex":"FREE","reference":null}],"properties":{},"reference":null}],"properties":{"id":"17a0d18887f877d4406483006493b723","type":"socket"},"reference":null},{"@id":100,"shape":{"type":"rect","xposition":"NaN","yposition":"NaN","width":"NaN","height":"NaN","shapeStyle":2},"labelManager":{"labels":[{"type":"textLabel","@id":101,"inputText":"Luca","labelStyle":4,"shape":null,"layoutText":null}],"mainLabel":101},"portCompositions":[{"type":"portGroup","@id":102,"ordered":false,"portCompositions":[{"type":"port","@id":103,"shape":{"type":"rect","xposition":"NaN","yposition":"NaN","width":"NaN","height":"NaN","shapeStyle":2},"labelManager":{"labels":[{"type":"textLabel","@id":104,"inputText":"3","labelStyle":4,"shape":null,"layoutText":null}],"mainLabel":104},"properties":{"id":"d7f47f7b3b5326555069d8f0a9ce004e"},"orientationAtVertex":"FREE","reference":null},{"type":"port","@id":105,"shape":{"type":"rect","xposition":"NaN","yposition":"NaN","width":"NaN","height":"NaN","shapeStyle":2},"labelManager":{"labels":[{"type":"textLabel","@id":106,"inputText":"4","labelStyle":4,"shape":null,"layoutText":null}],"mainLabel":106},"properties":{"id":"6dbe72f75e6108738a722712f68ad683"},"orientationAtVertex":"FREE","reference":null},{"type":"port","@id":107,"shape":{"type":"rect","xposition":"NaN","yposition":"NaN","width":"NaN","height":"NaN","shapeStyle":2},"labelManager":{"labels":[{"type":"textLabel","@id":108,"inputText":"2","labelStyle":4,"shape":null,"layoutText":null}],"mainLabel":108},"properties":{"id":"23972218e625e7be940288391c293480"},"orientationAtVertex":"FREE","reference":null},{"type":"port","@id":109,"shape":{"type":"rect","xposition":"NaN","yposition":"NaN","width":"NaN","height":"NaN","shapeStyle":31},"labelManager":{"labels":[{"type":"textLabel","@id":110,"inputText":"1","labelStyle":33,"shape":null,"layoutText":null}],"mainLabel":110},"properties":{},"orientationAtVertex":"FREE","reference":null}],"properties":{},"reference":null}],"properties":{"id":"16e942d28cf69f9c12ef7316cf480677","type":"device"},"reference":null},{"@id":111,"shape":{"type":"rect","xposition":"NaN","yposition":"NaN","width":"NaN","height":"NaN","shapeStyle":2},"labelManager":{"labels":[{"type":"textLabel","@id":112,"inputText":"Alexander","labelStyle":4,"shape":null,"layoutText":null}],"mainLabel":112},"portCompositions":[{"type":"portGroup","@id":113,"ordered":false,"portCompositions":[{"type":"port","@id":114,"shape":{"type":"rect","xposition":"NaN","yposition":"NaN","width":"NaN","height":"NaN","shapeStyle":2},"labelManager":{"labels":[{"type":"textLabel","@id":115,"inputText":"3","labelStyle":4,"shape":null,"layoutText":null}],"mainLabel":115},"properties":{"id":"1abc90045e331d6edf89012db5501b0f"},"orientationAtVertex":"FREE","reference":null},{"type":"port","@id":116,"shape":{"type":"rect","xposition":"NaN","yposition":"NaN","width":"NaN","height":"NaN","shapeStyle":2},"labelManager":{"labels":[{"type":"textLabel","@id":117,"inputText":"4","labelStyle":4,"shape":null,"layoutText":null}],"mainLabel":117},"properties":{"id":"ec88101a0e02c83862c10daeccdd6e6d"},"orientationAtVertex":"FREE","reference":null},{"type":"port","@id":118,"shape":{"type":"rect","xposition":"NaN","yposition":"NaN","width":"NaN","height":"NaN","shapeStyle":2},"labelManager":{"labels":[{"type":"textLabel","@id":119,"inputText":"2","labelStyle":4,"shape":null,"layoutText":null}],"mainLabel":119},"properties":{"id":"5266af5099a4be0c1906d6e6808f3c9d"},"orientationAtVertex":"FREE","reference":null},{"type":"port","@id":120,"shape":{"type":"rect","xposition":"NaN","yposition":"NaN","width":"NaN","height":"NaN","shapeStyle":31},"labelManager":{"labels":[{"type":"textLabel","@id":121,"inputText":"1","labelStyle":33,"shape":null,"layoutText":null}],"mainLabel":121},"properties":{},"orientationAtVertex":"FREE","reference":null}],"properties":{},"reference":null}],"properties":{"id":"2b62bd10af87dcd71c44e931fb1aa761","type":"socket"},"reference":null},{"@id":122,"shape":{"type":"rect","xposition":"NaN","yposition":"NaN","width":"NaN","height":"NaN","shapeStyle":2},"labelManager":{"labels":[{"type":"textLabel","@id":123,"inputText":"Tom","labelStyle":4,"shape":null,"layoutText":null}],"mainLabel":123},"portCompositions":[{"type":"portGroup","@id":124,"ordered":false,"portCompositions":[{"type":"port","@id":125,"shape":{"type":"rect","xposition":"NaN","yposition":"NaN","width":"NaN","height":"NaN","shapeStyle":2},"labelManager":{"labels":[{"type":"textLabel","@id":126,"inputText":"1","labelStyle":4,"shape":null,"layoutText":null}],"mainLabel":126},"properties":{"id":"a12b552a95f4758669e0bdbfade9d7b6"},"orientationAtVertex":"FREE","reference":null}],"properties":{},"reference":null}],"properties":{"id":"5073061a776d6d7a1323cd532734ab6a","type":"plug"},"reference":null},{"@id":127,"shape":{"type":"rect","xposition":"NaN","yposition":"NaN","width":"NaN","height":"NaN","shapeStyle":2},"labelManager":{"labels":[{"type":"textLabel","@id":128,"inputText":"Jakob","labelStyle":4,"shape":null,"layoutText":null}],"mainLabel":128},"portCompositions":[{"type":"portGroup","@id":129,"ordered":false,"portCompositions":[{"type":"port","@id":130,"shape":{"type":"rect","xposition":"NaN","yposition":"NaN","width":"NaN","height":"NaN","shapeStyle":2},"labelManager":{"labels":[{"type":"textLabel","@id":131,"inputText":"1","labelStyle":4,"shape":null,"layoutText":null}],"mainLabel":131},"properties":{"id":"291dc2d826a05dee14150650003691e4"},"orientationAtVertex":"FREE","reference":null}],"properties":{},"reference":null}],"properties":{"id":"74095b435d315460d28718aa7d130f2a","type":"plug"},"reference":null},{"@id":132,"shape":{"type":"rect","xposition":"NaN","yposition":"NaN","width":"NaN","height":"NaN","shapeStyle":2},"labelManager":{"labels":[{"type":"textLabel","@id":133,"inputText":"Moritz","labelStyle":4,"shape":null,"layoutText":null}],"mainLabel":133},"portCompositions":[{"type":"port","@id":134,"shape":{"type":"rect","xposition":"NaN","yposition":"NaN","width":"NaN","height":"NaN","shapeStyle":2},"labelManager":{"labels":[{"type":"textLabel","@id":135,"inputText":"1","labelStyle":4,"shape":null,"layoutText":null}],"mainLabel":135},"properties":{"id":"a0e900f380cfb765c2cf8bdd1748a401"},"orientationAtVertex":"FREE","reference":null}],"properties":{"id":"b7bd771cb6eb3a605ee982b687420d64","type":"splice"},"reference":null},{"@id":136,"shape":{"type":"rect","xposition":"NaN","yposition":"NaN","width":"NaN","height":"NaN","shapeStyle":2},"labelManager":{"labels":[{"type":"textLabel","@id":137,"inputText":"Max","labelStyle":4,"shape":null,"layoutText":null}],"mainLabel":137},"portCompositions":[{"type":"port","@id":138,"shape":{"type":"rect","xposition":"NaN","yposition":"NaN","width":"NaN","height":"NaN","shapeStyle":2},"labelManager":{"labels":[{"type":"textLabel","@id":139,"inputText":"1","labelStyle":4,"shape":null,"layoutText":null}],"mainLabel":139},"properties":{"id":"84f3a10594c94b7840abf7bf1bc10540"},"orientationAtVertex":"FREE","reference":null}],"properties":{"id":"fcc1faae6f9dcdd3d3fddfb2a8476d10","type":"splice"},"reference":null},{"@id":140,"shape":{"type":"rect","xposition":"NaN","yposition":"NaN","width":"NaN","height":"NaN","shapeStyle":2},"labelManager":{"labels":[{"type":"textLabel","@id":141,"inputText":"Ben","labelStyle":4,"shape":null,"layoutText":null}],"mainLabel":141},"portCompositions":[{"type":"portGroup","@id":142,"ordered":false,"portCompositions":[{"type":"port","@id":143,"shape":{"type":"rect","xposition":"NaN","yposition":"NaN","width":"NaN","height":"NaN","shapeStyle":2},"labelManager":{"labels":[{"type":"textLabel","@id":144,"inputText":"2","labelStyle":4,"shape":null,"layoutText":null}],"mainLabel":144},"properties":{"id":"f9469d7b407ccc2c6d4c102772337cc4"},"orientationAtVertex":"FREE","reference":null},{"type":"port","@id":145,"shape":{"type":"rect","xposition":"NaN","yposition":"NaN","width":"NaN","height":"NaN","shapeStyle":2},"labelManager":{"labels":[{"type":"textLabel","@id":146,"inputText":"1","labelStyle":4,"shape":null,"layoutText":null}],"mainLabel":146},"properties":{"id":"bf61af22ec29cd0fc4ea4d89b2b3d983"},"orientationAtVertex":"FREE","reference":null}],"properties":{},"reference":null}],"properties":{"id":"fb31b09504ae000949bec77ec2eb0c78","type":"plug"},"reference":null},{"@id":147,"shape":{"type":"rect","xposition":"NaN","yposition":"NaN","width":"NaN","height":"NaN","shapeStyle":2},"labelManager":{"labels":[{"type":"textLabel","@id":148,"inputText":"Noah","labelStyle":4,"shape":null,"layoutText":null}],"mainLabel":148},"portCompositions":[{"type":"portGroup","@id":149,"ordered":false,"portCompositions":[{"type":"port","@id":150,"shape":{"type":"rect","xposition":"NaN","yposition":"NaN","width":"NaN","height":"NaN","shapeStyle":2},"labelManager":{"labels":[{"type":"textLabel","@id":151,"inputText":"2","labelStyle":4,"shape":null,"layoutText":null}],"mainLabel":151},"properties":{"id":"68a2db237fddac89951b989a44a09856"},"orientationAtVertex":"FREE","reference":null},{"type":"port","@id":152,"shape":{"type":"rect","xposition":"NaN","yposition":"NaN","width":"NaN","height":"NaN","shapeStyle":2},"labelManager":{"labels":[{"type":"textLabel","@id":153,"inputText":"1","labelStyle":4,"shape":null,"layoutText":null}],"mainLabel":153},"properties":{"id":"67e20c41a2c4659c761773081c52ff8e"},"orientationAtVertex":"FREE","reference":null}],"properties":{},"reference":null}],"properties":{"id":"67446966fbd8b608a350e5aba1da8419","type":"plug"},"reference":null},{"@id":154,"shape":{"type":"rect","xposition":"NaN","yposition":"NaN","width":"NaN","height":"NaN","shapeStyle":2},"labelManager":{"labels":[{"type":"textLabel","@id":155,"inputText":"Leo","labelStyle":4,"shape":null,"layoutText":null}],"mainLabel":155},"portCompositions":[{"type":"portGroup","@id":156,"ordered":false,"portCompositions":[{"type":"port","@id":157,"shape":{"type":"rect","xposition":"NaN","yposition":"NaN","width":"NaN","height":"NaN","shapeStyle":2},"labelManager":{"labels":[{"type":"textLabel","@id":158,"inputText":"1","labelStyle":4,"shape":null,"layoutText":null}],"mainLabel":158},"properties":{"id":"f252549667cd8b0aeb8bb7250fde3199"},"orientationAtVertex":"FREE","reference":null}],"properties":{},"reference":null}],"properties":{"id":"3d395b54384eb455b9797a29b3b36d41","type":"plug"},"reference":null},{"@id":159,"shape":{"type":"rect","xposition":"NaN","yposition":"NaN","width":"NaN","height":"NaN","shapeStyle":2},"labelManager":{"labels":[{"type":"textLabel","@id":160,"inputText":"Louis","labelStyle":4,"shape":null,"layoutText":null}],"mainLabel":160},"portCompositions":[{"type":"portGroup","@id":161,"ordered":false,"portCompositions":[{"type":"port","@id":162,"shape":{"type":"rect","xposition":"NaN","yposition":"NaN","width":"NaN","height":"NaN","shapeStyle":2},"labelManager":{"labels":[{"type":"textLabel","@id":163,"inputText":"1","labelStyle":4,"shape":null,"layoutText":null}],"mainLabel":163},"properties":{"id":"4204185e50a15271cfb218e1aad0e358"},"orientationAtVertex":"FREE","reference":null}],"properties":{},"reference":null}],"properties":{"id":"47e45a04ffe9895bb2410c315a0dde87","type":"plug"},"reference":null},{"@id":164,"shape":null,"labelManager":{"labels":[{"type":"textLabel","@id":165,"inputText":"Finn","labelStyle":33,"shape":null,"layoutText":null}],"mainLabel":165},"portCompositions":[{"type":"portGroup","@id":166,"ordered":false,"portCompositions":[{"type":"port","@id":167,"shape":{"type":"rect","xposition":"NaN","yposition":"NaN","width":"NaN","height":"NaN","shapeStyle":31},"labelManager":{"labels":[{"type":"textLabel","@id":168,"inputText":"1","labelStyle":33,"shape":null,"layoutText":null}],"mainLabel":168},"properties":{},"orientationAtVertex":"FREE","reference":null},{"type":"port","@id":169,"shape":{"type":"rect","xposition":"NaN","yposition":"NaN","width":"NaN","height":"NaN","shapeStyle":31},"labelManager":{"labels":[{"type":"textLabel","@id":170,"inputText":"2","labelStyle":33,"shape":null,"layoutText":null}],"mainLabel":170},"properties":{},"orientationAtVertex":"FREE","reference":null}],"properties":{},"reference":null}],"properties":{},"reference":null},{"@id":171,"shape":null,"labelManager":{"labels":[{"type":"textLabel","@id":172,"inputText":"Paul","labelStyle":33,"shape":null,"layoutText":null}],"mainLabel":172},"portCompositions":[{"type":"portGroup","@id":173,"ordered":false,"portCompositions":[{"type":"port","@id":174,"shape":{"type":"rect","xposition":"NaN","yposition":"NaN","width":"NaN","height":"NaN","shapeStyle":31},"labelManager":{"labels":[{"type":"textLabel","@id":175,"inputText":"1","labelStyle":33,"shape":null,"layoutText":null}],"mainLabel":175},"properties":{},"orientationAtVertex":"FREE","reference":null},{"type":"port","@id":176,"shape":{"type":"rect","xposition":"NaN","yposition":"NaN","width":"NaN","height":"NaN","shapeStyle":31},"labelManager":{"labels":[{"type":"textLabel","@id":177,"inputText":"2","labelStyle":33,"shape":null,"layoutText":null}],"mainLabel":177},"properties":{},"orientationAtVertex":"FREE","reference":null}],"properties":{},"reference":null}],"properties":{},"reference":null},{"@id":178,"shape":null,"labelManager":{"labels":[{"type":"textLabel","@id":179,"inputText":"David","labelStyle":33,"shape":null,"layoutText":null}],"mainLabel":179},"portCompositions":[{"type":"portGroup","@id":180,"ordered":false,"portCompositions":[{"type":"port","@id":181,"shape":{"type":"rect","xposition":"NaN","yposition":"NaN","width":"NaN","height":"NaN","shapeStyle":31},"labelManager":{"labels":[{"type":"textLabel","@id":182,"inputText":"1","labelStyle":33,"shape":null,"layoutText":null}],"mainLabel":182},"properties":{},"orientationAtVertex":"FREE","reference":null}],"properties":{},"reference":null}],"properties":{},"reference":null},{"@id":183,"shape":null,"labelManager":{"labels":[{"type":"textLabel","@id":184,"inputText":"Emil","labelStyle":33,"shape":null,"layoutText":null}],"mainLabel":184},"portCompositions":[{"type":"portGroup","@id":185,"ordered":false,"portCompositions":[{"type":"port","@id":186,"shape":{"type":"rect","xposition":"NaN","yposition":"NaN","width":"NaN","height":"NaN","shapeStyle":31},"labelManager":{"labels":[{"type":"textLabel","@id":187,"inputText":"1","labelStyle":33,"shape":null,"layoutText":null}],"mainLabel":187},"properties":{},"orientationAtVertex":"FREE","reference":null}],"properties":{},"reference":null}],"properties":{},"reference":null},{"@id":188,"shape":null,"labelManager":{"labels":[{"type":"textLabel","@id":189,"inputText":"Julius","labelStyle":33,"shape":null,"layoutText":null}],"mainLabel":189},"portCompositions":[{"type":"portGroup","@id":190,"ordered":false,"portCompositions":[{"type":"port","@id":191,"shape":{"type":"rect","xposition":"NaN","yposition":"NaN","width":"NaN","height":"NaN","shapeStyle":31},"labelManager":{"labels":[{"type":"textLabel","@id":192,"inputText":"1","labelStyle":33,"shape":null,"layoutText":null}],"mainLabel":192},"properties":{},"orientationAtVertex":"FREE","reference":null}],"properties":{},"reference":null}],"properties":{},"reference":null},{"@id":193,"shape":null,"labelManager":{"labels":[{"type":"textLabel","@id":194,"inputText":"Jan","labelStyle":33,"shape":null,"layoutText":null}],"mainLabel":194},"portCompositions":[{"type":"portGroup","@id":195,"ordered":false,"portCompositions":[{"type":"port","@id":196,"shape":{"type":"rect","xposition":"NaN","yposition":"NaN","width":"NaN","height":"NaN","shapeStyle":31},"labelManager":{"labels":[{"type":"textLabel","@id":197,"inputText":"1","labelStyle":33,"shape":null,"layoutText":null}],"mainLabel":197},"properties":{},"orientationAtVertex":"FREE","reference":null}],"properties":{},"reference":null}],"properties":{},"reference":null},{"@id":198,"shape":null,"labelManager":{"labels":[{"type":"textLabel","@id":199,"inputText":"Jonathan","labelStyle":33,"shape":null,"layoutText":null}],"mainLabel":199},"portCompositions":[{"type":"portGroup","@id":200,"ordered":false,"portCompositions":[{"type":"port","@id":201,"shape":{"type":"rect","xposition":"NaN","yposition":"NaN","width":"NaN","height":"NaN","shapeStyle":31},"labelManager":{"labels":[{"type":"textLabel","@id":202,"inputText":"1","labelStyle":33,"shape":null,"layoutText":null}],"mainLabel":202},"properties":{},"orientationAtVertex":"FREE","reference":null}],"properties":{},"reference":null}],"properties":{},"reference":null},{"@id":203,"shape":null,"labelManager":{"labels":[{"type":"textLabel","@id":204,"inputText":"Leonard","labelStyle":33,"shape":null,"layoutText":null}],"mainLabel":204},"portCompositions":[{"type":"portGroup","@id":205,"ordered":false,"portCompositions":[{"type":"port","@id":206,"shape":{"type":"rect","xposition":"NaN","yposition":"NaN","width":"NaN","height":"NaN","shapeStyle":31},"labelManager":{"labels":[{"type":"textLabel","@id":207,"inputText":"1","labelStyle":33,"shape":null,"layoutText":null}],"mainLabel":207},"properties":{},"orientationAtVertex":"FREE","reference":null}],"properties":{},"reference":null}],"properties":{},"reference":null},{"@id":208,"shape":null,"labelManager":{"labels":[{"type":"textLabel","@id":209,"inputText":"Jonas","labelStyle":33,"shape":null,"layoutText":null}],"mainLabel":209},"portCompositions":[{"type":"portGroup","@id":210,"ordered":false,"portCompositions":[{"type":"port","@id":211,"shape":{"type":"rect","xposition":"NaN","yposition":"NaN","width":"NaN","height":"NaN","shapeStyle":31},"labelManager":{"labels":[{"type":"textLabel","@id":212,"inputText":"2","labelStyle":33,"shape":null,"layoutText":null}],"mainLabel":212},"properties":{},"orientationAtVertex":"FREE","reference":null},{"type":"port","@id":213,"shape":{"type":"rect","xposition":"NaN","yposition":"NaN","width":"NaN","height":"NaN","shapeStyle":31},"labelManager":{"labels":[{"type":"textLabel","@id":214,"inputText":"1","labelStyle":33,"shape":null,"layoutText":null}],"mainLabel":214},"properties":{},"orientationAtVertex":"FREE","reference":null}],"properties":{},"reference":null}],"properties":{},"reference":null},{"@id":215,"shape":null,"labelManager":{"labels":[{"type":"textLabel","@id":216,"inputText":"Tom","labelStyle":33,"shape":null,"layoutText":null}],"mainLabel":216},"portCompositions":[{"type":"portGroup","@id":217,"ordered":false,"portCompositions":[{"type":"port","@id":218,"shape":{"type":"rect","xposition":"NaN","yposition":"NaN","width":"NaN","height":"NaN","shapeStyle":31},"labelManager":{"labels":[{"type":"textLabel","@id":219,"inputText":"2","labelStyle":33,"shape":null,"layoutText":null}],"mainLabel":219},"properties":{},"orientationAtVertex":"FREE","reference":null},{"type":"port","@id":220,"shape":{"type":"rect","xposition":"NaN","yposition":"NaN","width":"NaN","height":"NaN","shapeStyle":31},"labelManager":{"labels":[{"type":"textLabel","@id":221,"inputText":"1","labelStyle":33,"shape":null,"layoutText":null}],"mainLabel":221},"properties":{},"orientationAtVertex":"FREE","reference":null}],"properties":{},"reference":null}],"properties":{},"reference":null}],"vertexGroups":[{"@id":222,"drawnFrame":false,"labelManager":{"labels":[],"mainLabel":null},"shape":null,"containedVertices":[1,12],"containedVertexGroups":[],"touchingPairs":[{"vertex0":1,"horizontalPlacementVertex0":"FREE","verticalPlacementVertex0":"TOP","vertex1":12,"horizontalPlacementVertex1":"FREE","verticalPlacementVertex1":"FREE"}],"portPairings":[{"port0":6,"port1":15},{"port0":10,"port1":19},{"port0":8,"port1":17}],"properties":{},"reference":null},{"@id":223,"drawnFrame":false,"labelManager":{"labels":[],"mainLabel":null},"shape":null,"containedVertices":[21,34],"containedVertexGroups":[],"touchingPairs":[{"vertex0":21,"horizontalPlacementVertex0":"FREE","verticalPlacementVertex0":"TOP","vertex1":34,"horizontalPlacementVertex1":"FREE","verticalPlacementVertex1":"FREE"}],"portPairings":[{"port0":24,"port1":37},{"port0":26,"port1":39},{"port0":28,"port1":41},{"port0":30,"port1":43}],"properties":{},"reference":null},{"@id":224,"drawnFrame":false,"labelManager":{"labels":[],"mainLabel":null},"shape":null,"containedVertices":[45,54],"containedVertexGroups":[],"touchingPairs":[{"vertex0":45,"horizontalPlacementVertex0":"FREE","verticalPlacementVertex0":"TOP","vertex1":54,"horizontalPlacementVertex1":"FREE","verticalPlacementVertex1":"FREE"}],"portPairings":[{"port0":48,"port1":57},{"port0":50,"port1":59},{"port0":52,"port1":61}],"properties":{},"reference":null},{"@id":225,"drawnFrame":false,"labelManager":{"labels":[],"mainLabel":null},"shape":null,"containedVertices":[63,70],"containedVertexGroups":[],"touchingPairs":[{"vertex0":63,"horizontalPlacementVertex0":"FREE","verticalPlacementVertex0":"TOP","vertex1":70,"horizontalPlacementVertex1":"FREE","verticalPlacementVertex1":"FREE"}],"portPairings":[{"port0":66,"port1":73},{"port0":68,"port1":75}],"properties":{},"reference":null},{"@id":226,"drawnFrame":false,"labelManager":{"labels":[],"mainLabel":null},"shape":null,"containedVertices":[85,93],"containedVertexGroups":[],"touchingPairs":[{"vertex0":85,"horizontalPlacementVertex0":"FREE","verticalPlacementVertex0":"TOP","vertex1":93,"horizontalPlacementVertex1":"FREE","verticalPlacementVertex1":"FREE"}],"portPairings":[{"port0":88,"port1":96},{"port0":90,"port1":98}],"properties":{},"reference":null},{"@id":227,"drawnFrame":false,"labelManager":{"labels":[],"mainLabel":null},"shape":null,"containedVertices":[100,111],"containedVertexGroups":[],"touchingPairs":[{"vertex0":100,"horizontalPlacementVertex0":"FREE","verticalPlacementVertex0":"TOP","vertex1":111,"horizontalPlacementVertex1":"FREE","verticalPlacementVertex1":"FREE"}],"portPairings":[{"port0":107,"port1":118},{"port0":105,"port1":116},{"port0":103,"port1":114},{"port0":109,"port1":120}],"properties":{},"reference":null},{"@id":228,"drawnFrame":false,"labelManager":{"labels":[],"mainLabel":null},"shape":null,"containedVertices":[122,127],"containedVertexGroups":[],"touchingPairs":[{"vertex0":122,"horizontalPlacementVertex0":"FREE","verticalPlacementVertex0":"TOP","vertex1":127,"horizontalPlacementVertex1":"FREE","verticalPlacementVertex1":"FREE"}],"portPairings":[{"port0":125,"port1":130}],"properties":{},"reference":null},{"@id":229,"drawnFrame":false,"labelManager":{"labels":[],"mainLabel":null},"shape":null,"containedVertices":[140,147],"containedVertexGroups":[],"touchingPairs":[{"vertex0":140,"horizontalPlacementVertex0":"FREE","verticalPlacementVertex0":"TOP","vertex1":147,"horizontalPlacementVertex1":"FREE","verticalPlacementVertex1":"FREE"}],"portPairings":[{"port0":143,"port1":150},{"port0":145,"port1":152}],"properties":{},"reference":null},{"@id":230,"drawnFrame":false,"labelManager":{"labels":[],"mainLabel":null},"shape":null,"containedVertices":[154,159],"containedVertexGroups":[],"touchingPairs":[{"vertex0":154,"horizontalPlacementVertex0":"FREE","verticalPlacementVertex0":"TOP","vertex1":159,"horizontalPlacementVertex1":"FREE","verticalPlacementVertex1":"FREE"}],"portPairings":[{"port0":157,"port1":162}],"properties":{},"reference":null},{"@id":231,"drawnFrame":false,"labelManager":{"labels":[],"mainLabel":null},"shape":null,"containedVertices":[164,171],"containedVertexGroups":[],"touchingPairs":[{"vertex0":164,"horizontalPlacementVertex0":"FREE","verticalPlacementVertex0":"FREE","vertex1":171,"horizontalPlacementVertex1":"FREE","verticalPlacementVertex1":"FREE"}],"portPairings":[{"port0":167,"port1":174},{"port0":169,"port1":176}],"properties":{},"reference":null},{"@id":232,"drawnFrame":false,"labelManager":{"labels":[],"mainLabel":null},"shape":null,"containedVertices":[178,183],"containedVertexGroups":[],"touchingPairs":[{"vertex0":178,"horizontalPlacementVertex0":"FREE","verticalPlacementVertex0":"FREE","vertex1":183,"horizontalPlacementVertex1":"FREE","verticalPlacementVertex1":"FREE"}],"portPairings":[{"port0":181,"port1":186}],"properties":{},"reference":null},{"@id":233,"drawnFrame":false,"labelManager":{"labels":[],"mainLabel":null},"shape":null,"containedVertices":[188,193],"containedVertexGroups":[],"touchingPairs":[{"vertex0":188,"horizontalPlacementVertex0":"FREE","verticalPlacementVertex0":"FREE","vertex1":193,"horizontalPlacementVertex1":"FREE","verticalPlacementVertex1":"FREE"}],"portPairings":[{"port0":191,"port1":196}],"properties":{},"reference":null},{"@id":234,"drawnFrame":false,"labelManager":{"labels":[],"mainLabel":null},"shape":null,"containedVertices":[198,203],"containedVertexGroups":[],"touchingPairs":[{"vertex0":198,"horizontalPlacementVertex0":"FREE","verticalPlacementVertex0":"FREE","vertex1":203,"horizontalPlacementVertex1":"FREE","verticalPlacementVertex1":"FREE"}],"portPairings":[{"port0":201,"port1":206}],"properties":{},"reference":null},{"@id":235,"drawnFrame":false,"labelManager":{"labels":[],"mainLabel":null},"shape":null,"containedVertices":[208,215],"containedVertexGroups":[],"touchingPairs":[{"vertex0":208,"horizontalPlacementVertex0":"FREE","verticalPlacementVertex0":"FREE","vertex1":215,"horizontalPlacementVertex1":"FREE","verticalPlacementVertex1":"FREE"}],"portPairings":[{"port0":211,"port1":218},{"port0":213,"port1":220}],"properties":{},"reference":null}],"edges":[{"@id":236,"ports":[118,73],"labelManager":{"innerLabels":[{"type":"textLabel","@id":237,"inputText":"Johannes","labelStyle":4,"shape":null,"layoutText":null}],"allPortLabels":[],"mainLabel":237},"pathStyle":{"@id":238,"description":"default path style","thickness":-1.0,"color":{"argb":"ff000000"}},"paths":[],"properties":{"id":"52aa07e9e0e4ab5f07eff833f089a462"},"reference":null},{"@id":239,"ports":[19,152],"labelManager":{"innerLabels":[{"type":"textLabel","@id":240,"inputText":"Johann","labelStyle":4,"shape":null,"layoutText":null}],"allPortLabels":[],"mainLabel":240},"pathStyle":238,"paths":[],"properties":{"id":"77143718ad7c8fc248b72ce70825d3f0"},"reference":null},{"@id":241,"ports":[6,134,8],"labelManager":{"innerLabels":[{"type":"textLabel","@id":242,"inputText":"Oskar","labelStyle":4,"shape":null,"layoutText":null}],"allPortLabels":[],"mainLabel":242},"pathStyle":238,"paths":[],"properties":{"id":"d848a4f3e1f1d2c30b171fe131b787a3"},"reference":null},{"@id":243,"ports":[41,17],"labelManager":{"innerLabels":[{"type":"textLabel","@id":244,"inputText":"Henry","labelStyle":4,"shape":null,"layoutText":null}],"allPortLabels":[],"mainLabel":244},"pathStyle":238,"paths":[],"properties":{"id":"e67c27e5e68001ed36ac772106cc1d8c"},"reference":null},{"@id":245,"ports":[145,96],"labelManager":{"innerLabels":[{"type":"textLabel","@id":246,"inputText":"Peter","labelStyle":4,"shape":null,"layoutText":null}],"allPortLabels":[],"mainLabel":246},"pathStyle":238,"paths":[],"properties":{"id":"73922780b25fca9680dd124498542b68"},"reference":null},{"@id":247,"ports":[57,125],"labelManager":{"innerLabels":[{"type":"textLabel","@id":248,"inputText":"Theo","labelStyle":4,"shape":null,"layoutText":null}],"allPortLabels":[],"mainLabel":248},"pathStyle":238,"paths":[],"properties":{"id":"1428f6dc7029c2a769a0f58d3d8c1b01"},"reference":null},{"@id":249,"ports":[83,206],"labelManager":{"innerLabels":[{"type":"textLabel","@id":250,"inputText":"Liam","labelStyle":33,"shape":null,"layoutText":null}],"allPortLabels":[],"mainLabel":250},"pathStyle":{"@id":251,"description":"default path style","thickness":-1.0,"color":{"argb":"ff000000"}},"paths":[],"properties":{},"reference":null},{"@id":252,"ports":[157,191],"labelManager":{"innerLabels":[{"type":"textLabel","@id":253,"inputText":"Ali","labelStyle":33,"shape":null,"layoutText":null}],"allPortLabels":[],"mainLabel":253},"pathStyle":251,"paths":[],"properties":{},"reference":null},{"@id":254,"ports":[59,167],"labelManager":{"innerLabels":[{"type":"textLabel","@id":255,"inputText":"Daniel","labelStyle":33,"shape":null,"layoutText":null}],"allPortLabels":[],"mainLabel":255},"pathStyle":251,"paths":[],"properties":{},"reference":null},{"@id":256,"ports":[79,138],"labelManager":{"innerLabels":[{"type":"textLabel","@id":257,"inputText":"Gabriel","labelStyle":33,"shape":null,"layoutText":null}],"allPortLabels":[],"mainLabel":257},"pathStyle":251,"paths":[],"properties":{},"reference":null},{"@id":258,"ports":[196,218],"labelManager":{"innerLabels":[{"type":"textLabel","@id":259,"inputText":"Henri","labelStyle":33,"shape":null,"layoutText":null}],"allPortLabels":[],"mainLabel":259},"pathStyle":251,"paths":[],"properties":{},"reference":null},{"@id":260,"ports":[79,83],"labelManager":{"innerLabels":[{"type":"textLabel","@id":261,"inputText":"Vincent","labelStyle":33,"shape":null,"layoutText":null}],"allPortLabels":[],"mainLabel":261},"pathStyle":251,"paths":[],"properties":{},"reference":null},{"@id":262,"ports":[220,174],"labelManager":{"innerLabels":[{"type":"textLabel","@id":263,"inputText":"Valentin","labelStyle":33,"shape":null,"layoutText":null}],"allPortLabels":[],"mainLabel":263},"pathStyle":251,"paths":[],"properties":{},"reference":null},{"@id":264,"ports":[61,68],"labelManager":{"innerLabels":[{"type":"textLabel","@id":265,"inputText":"Philipp","labelStyle":33,"shape":null,"layoutText":null}],"allPortLabels":[],"mainLabel":265},"pathStyle":251,"paths":[],"properties":{},"reference":null},{"@id":266,"ports":[186,116],"labelManager":{"innerLabels":[{"type":"textLabel","@id":267,"inputText":"Luis","labelStyle":33,"shape":null,"layoutText":null}],"allPortLabels":[],"mainLabel":267},"pathStyle":251,"paths":[],"properties":{},"reference":null},{"@id":268,"ports":[79,130],"labelManager":{"innerLabels":[{"type":"textLabel","@id":269,"inputText":"Samuel","labelStyle":33,"shape":null,"layoutText":null}],"allPortLabels":[],"mainLabel":269},"pathStyle":251,"paths":[],"properties":{},"reference":null},{"@id":270,"ports":[43,75],"labelManager":{"innerLabels":[{"type":"textLabel","@id":271,"inputText":"Karl","labelStyle":33,"shape":null,"layoutText":null}],"allPortLabels":[],"mainLabel":271},"pathStyle":251,"paths":[],"properties":{},"reference":null},{"@id":272,"ports":[37,120,39,114,98],"labelManager":{"innerLabels":[{"type":"textLabel","@id":273,"inputText":"Luis","labelStyle":33,"shape":null,"layoutText":null}],"allPortLabels":[],"mainLabel":273},"pathStyle":251,"paths":[],"properties":{},"reference":null},{"@id":274,"ports":[15,150,10],"labelManager":{"innerLabels":[{"type":"textLabel","@id":275,"inputText":"Tim","labelStyle":33,"shape":null,"layoutText":null}],"allPortLabels":[],"mainLabel":275},"pathStyle":251,"paths":[],"properties":{},"reference":null},{"@id":276,"ports":[162,176,143],"labelManager":{"innerLabels":[{"type":"textLabel","@id":277,"inputText":"Daniel","labelStyle":33,"shape":null,"layoutText":null}],"allPortLabels":[],"mainLabel":277},"pathStyle":251,"paths":[],"properties":{},"reference":null}],"edgeBundles":[]}