{"vertices":[{"@id":1,"shape":{"type":"rect","xposition":"NaN","yposition":"NaN","width":"NaN","height":"NaN","shapeStyle":{"@id":2,"description":"default shape style","color":{"argb":"ff000000"}}},"labelManager":{"labels":[{"type":"textLabel","@id":3,"inputText":"Julius","labelStyle":{"@id":4,"description":"default text label style","font":{"fontName":"SansSerif","style":0,"size":10},"noBreak":false,"color":{"argb":"ff000000"},"showLabel":true,"placement":"FREE","horizontalPlacement":"FREE","verticalPlacement":"FREE"},"shape":null,"layoutText":null}],"mainLabel":3},"portCompositions":[{"type":"port","@id":5,"shape":{"type":"rect","xposition":"NaN","yposition":"NaN","width":"NaN","height":"NaN","shapeStyle":2},"labelManager":{"labels":[{"type":"textLabel","@id":6,"inputText":"1","labelStyle":4,"shape":null,"layoutText":null}],"mainLabel":6},"properties":{"id":"0f7ef58aa135ccb4997f30997e0f5cbc"},"orientationAtVertex":"FREE","reference":null}],"properties":{"id":"e7f3ab5e96e65061b84d1729f6df568a","type":"splice"},"reference":null},{"@id":7,"shape":{"type":"rect","xposition":"NaN","yposition":"NaN","width":"NaN","height":"NaN","shapeStyle":2},"labelManager":{"labels":[{"type":"textLabel","@id":8,"inputText":"Leonard","labelStyle":4,"shape":null,"layoutText":null}],"mainLabel":8},"portCompositions":[{"type":"portGroup","@id":9,"ordered":false,"portCompositions":[{"type":"port","@id":10,"shape":{"type":"rect","xposition":"NaN","yposition":"NaN","width":"NaN","height":"NaN","shapeStyle":2},"labelManager":{"labels":[{"type":"textLabel","@id":11,"inputText":"1","labelStyle":4,"shape":null,"layoutText":null}],"mainLabel":11},"properties":{"id":"3476f5688c9bc7c54fdaab9e51f714bb"},"orientationAtVertex":"FREE","reference":null},{"type":"port","@id":12,"shape":{"type":"rect","xposition":"NaN","yposition":"NaN","width":"NaN","height":"NaN","shapeStyle":{"@id":13,"description":"default shape style","color":{"argb":"ff000000"}}},"labelManager":{"labels":[{"type":"textLabel","@id":14,"inputText":"2","labelStyle":{"@id":15,"description":"default text label style","font":{"fontName":"SansSerif","style":0,"size":10},"noBreak":false,"color":{"argb":"ff000000"},"showLabel":true,"placement":"FREE","horizontalPlacement":"FREE","verticalPlacement":"FREE"},"shape":null,"layoutText":null}],"mainLabel":14},"properties":{},"orientationAtVertex":"FREE","reference":null}],"properties":{},"reference":null}],"properties":{"id":"9ffbe1d54e02d2f588819cfb03eee404","type":"plug"},"reference":null},{"@id":16,"shape":{"type":"rect","xposition":"NaN","yposition":"NaN","width":"NaN","height":"NaN","shapeStyle":2},"labelManager":{"labels":[{"type":"textLabel","@id":17,"inputText":"Max","labelStyle":4,"shape":null,"layoutText":null}],"mainLabel":17},"portCompositions":[{"type":"portGroup","@id":18,"ordered":false,"portCompositions":[{"type":"port","@id":19,"shape":{"type":"rect","xposition":"NaN","yposition":"NaN","width":"NaN","height":"NaN","shapeStyle":2},"labelManager":{"labels":[{"type":"textLabel","@id":20,"inputText":"1","labelStyle":4,"shape":null,"layoutText":null}],"mainLabel":20},"properties":{"id":"8545e3c6d68f1287de7475027e4d632a"},"orientationAtVertex":"FREE","reference":null},{"type":"port","@id":21,"shape":{"type":"rect","xposition":"NaN","yposition":"NaN","width":"NaN","height":"NaN","shapeStyle":13},"labelManager":{"labels":[{"type":"textLabel","@id":22,"inputText":"2","labelStyle":15,"shape":null,"layoutText":null}],"mainLabel":22},"properties":{},"orientationAtVertex":"FREE","reference":null}],"properties":{},"reference":null}],"properties":{"id":"5643d3a28209ab5b04b160c008deb283","type":"plug"},"reference":null},{"@id":23,"shape":{"type":"rect","xposition":"NaN","yposition":"NaN","width":"NaN","height":"NaN","shapeStyle":2},"labelManager":{"labels":[{"type":"textLabel","@id":24,"inputText":"Anton","labelStyle":4,"shape":null,"layoutText":null}],"mainLabel":24},"portCompositions":[{"type":"portGroup","@id":25,"ordered":false,"portCompositions":[{"type":"port","@id":26,"shape":{"type":"rect","xposition":"NaN","yposition":"NaN","width":"NaN","height":"NaN","shapeStyle":2},"labelManager":{"labels":[{"type":"textLabel","@id":27,"inputText":"2","labelStyle":4,"shape":null,"layoutText":null}],"mainLabel":27},"properties":{"id":"20503d0f78018397718188baf07d59b5"},"orientationAtVertex":"FREE","reference":null},{"type":"port","@id":28,"shape":{"type":"rect","xposition":"NaN","yposition":"NaN","width":"NaN","height":"NaN","shapeStyle":2},"labelManager":{"labels":[{"type":"textLabel","@id":29,"inputText":"1","labelStyle":4,"shape":null,"layoutText":null}],"mainLabel":29},"properties":{"id":"8a30897418060a38daee043946bcc546"},"orientationAtVertex":"FREE","reference":null},{"type":"port","@id":30,"shape":{"type":"rect","xposition":"NaN","yposition":"NaN","width":"NaN","height":"NaN","shapeStyle":2},"labelManager":{"labels":[{"type":"textLabel","@id":31,"inputText":"3","labelStyle":4,"shape":null,"layoutText":null}],"mainLabel":31},"properties":{"id":"0401510679b61e7548020f87e20b0167"},"orientationAtVertex":"FREE","reference":null}],"properties":{},"reference":null}],"properties":{"id":"88b7effc6d7221523d542ec1ccac320a","type":"plug"},"reference":null},{"@id":32,"shape":{"type":"rect","xposition":"NaN","yposition":"NaN","width":"NaN","height":"NaN","shapeStyle":2},"labelManager":{"labels":[{"type":"textLabel","@id":33,"inputText":"Julian","labelStyle":4,"shape":null,"layoutText":null}],"mainLabel":33},"portCompositions":[{"type":"portGroup","@id":34,"ordered":false,"portCompositions":[{"type":"port","@id":35,"shape":{"type":"rect","xposition":"NaN","yposition":"NaN","width":"NaN","height":"NaN","shapeStyle":2},"labelManager":{"labels":[{"type":"textLabel","@id":36,"inputText":"2","labelStyle":4,"shape":null,"layoutText":null}],"mainLabel":36},"properties":{"id":"2b203678c81a44ab08731c47ac5c8b64"},"orientationAtVertex":"FREE","reference":null},{"type":"port","@id":37,"shape":{"type":"rect","xposition":"NaN","yposition":"NaN","width":"NaN","height":"NaN","shapeStyle":2},"labelManager":{"labels":[{"type":"textLabel","@id":38,"inputText":"1","labelStyle":4,"shape":null,"layoutText":null}],"mainLabel":38},"properties":{"id":"9e0bb7aafa22ecf2d0163bbc5c0d290c"},"orientationAtVertex":"FREE","reference":null},{"type":"port","@id":39,"shape":{"type":"rect","xposition":"NaN","yposition":"NaN","width":"NaN","height":"NaN","shapeStyle":2},"labelManager":{"labels":[{"type":"textLabel","@id":40,"inputText":"3","labelStyle":4,"shape":null,"layoutText":null}],"mainLabel":40},"properties":{"id":"804cfe3302b9457cbb9e73913c4313ca"},"orientationAtVertex":"FREE","reference":null}],"properties":{},"reference":null}],"properties":{"id":"2c527f62708740ea80a0b67fec7f0cd0","type":"plug"},"reference":null},{"@id":41,"shape":{"type":"rect","xposition":"NaN","yposition":"NaN","width":"NaN","height":"NaN","shapeStyle":2},"labelManager":{"labels":[{"type":"textLabel","@id":42,"inputText":"Mats","labelStyle":4,"shape":null,"layoutText":null}],"mainLabel":42},"portCompositions":[{"type":"portGroup","@id":43,"ordered":false,"portCompositions":[{"type":"port","@id":44,"shape":{"type":"rect","xposition":"NaN","yposition":"NaN","width":"NaN","height":"NaN","shapeStyle":2},"labelManager":{"labels":[{"type":"textLabel","@id":45,"inputText":"1","labelStyle":4,"shape":null,"layoutText":null}],"mainLabel":45},"properties":{"id":"063e979542c7b12a508b1c7d399b7620"},"orientationAtVertex":"FREE","reference":null},{"type":"port","@id":46,"shape":{"type":"rect","xposition":"NaN","yposition":"NaN","width":"NaN","height":"NaN","shapeStyle":2},"labelManager":{"labels":[{"type":"textLabel","@id":47,"inputText":"2","labelStyle":4,"shape":null,"layoutText":null}],"mainLabel":47},"properties":{"id":"3a12d9d5e7fbba14eb54dc26e0948bc6"},"orientationAtVertex":"FREE","reference":null}],"properties":{},"reference":null}],"properties":{"id":"547bce926d9e52964ebbadab38c820be","type":"plug"},"reference":null},{"@id":48,"shape":{"type":"rect","xposition":"NaN","yposition":"NaN","width":"NaN","height":"NaN","shapeStyle":2},"labelManager":{"labels":[{"type":"textLabel","@id":49,"inputText":"Elias","labelStyle":4,"shape":null,"layoutText":null}],"mainLabel":49},"portCompositions":[{"type":"portGroup","@id":50,"ordered":false,"portCompositions":[{"type":"port","@id":51,"shape":{"type":"rect","xposition":"NaN","yposition":"NaN","width":"NaN","height":"NaN","shapeStyle":2},"labelManager":{"labels":[{"type":"textLabel","@id":52,"inputText":"1","labelStyle":4,"shape":null,"layoutText":null}],"mainLabel":52},"properties":{"id":"0097efd19f125e82dd4ff8528c5a597b"},"orientationAtVertex":"FREE","reference":null},{"type":"port","@id":53,"shape":{"type":"rect","xposition":"NaN","yposition":"NaN","width":"NaN","height":"NaN","shapeStyle":2},"labelManager":{"labels":[{"type":"textLabel","@id":54,"inputText":"2","labelStyle":4,"shape":null,"layoutText":null}],"mainLabel":54},"properties":{"id":"86250775b99bc429a4deb05336c760ba"},"orientationAtVertex":"FREE","reference":null}],"properties":{},"reference":null}],"properties":{"id":"120d8f1ca1e812f370037dbfe3acb303","type":"plug"},"reference":null},{"@id":55,"shape":{"type":"rect","xposition":"NaN","yposition":"NaN","width":"NaN","height":"NaN","shapeStyle":2},"labelManager":{"labels":[{"type":"textLabel","@id":56,"inputText":"Paul","labelStyle":4,"shape":null,"layoutText":null}],"mainLabel":56},"portCompositions":[{"type":"portGroup","@id":57,"ordered":false,"portCompositions":[{"type":"port","@id":58,"shape":{"type":"rect","xposition":"NaN","yposition":"NaN","width":"NaN","height":"NaN","shapeStyle":2},"labelManager":{"labels":[{"type":"textLabel","@id":59,"inputText":"1","labelStyle":4,"shape":null,"layoutText":null}],"mainLabel":59},"properties":{"id":"d234240177c81e6daf5bd2382e814d80"},"orientationAtVertex":"FREE","reference":null}],"properties":{},"reference":null}],"properties":{"id":"f943a3909210473276481428d8a52790","type":"plug"},"reference":null},{"@id":60,"shape":{"type":"rect","xposition":"NaN","yposition":"NaN","width":"NaN","height":"NaN","shapeStyle":2},"labelManager":{"labels":[{"type":"textLabel","@id":61,"inputText":"Felix","labelStyle":4,"shape":null,"layoutText":null}],"mainLabel":61},"portCompositions":[{"type":"portGroup","@id":62,"ordered":false,"portCompositions":[{"type":"port","@id":63,"shape":{"type":"rect","xposition":"NaN","yposition":"NaN","width":"NaN","height":"NaN","shapeStyle":2},"labelManager":{"labels":[{"type":"textLabel","@id":64,"inputText":"1","labelStyle":4,"shape":null,"layoutText":null}],"mainLabel":64},"properties":{"id":"bb8dfa1b361566257827e41006bdf053"},"orientationAtVertex":"FREE","reference":null}],"properties":{},"reference":null}],"properties":{"id":"043993a8b4025e4741de04b0febff9ff","type":"plug"},"reference":null},{"@id":65,"shape":{"type":"rect","xposition":"NaN","yposition":"NaN","width":"NaN","height":"NaN","shapeStyle":2},"labelManager":{"labels":[{"type":"textLabel","@id":66,"inputText":"Emil","labelStyle":4,"shape":null,"layoutText":null}],"mainLabel":66},"portCompositions":[{"type":"portGroup","@id":67,"ordered":false,"portCompositions":[{"type":"port","@id":68,"shape":{"type":"rect","xposition":"NaN","yposition":"NaN","width":"NaN","height":"NaN","shapeStyle":2},"labelManager":{"labels":[{"type":"textLabel","@id":69,"inputText":"1","labelStyle":4,"shape":null,"layoutText":null}],"mainLabel":69},"properties":{"id":"aa95a88e2c928460a1e1144fa6febeae"},"orientationAtVertex":"FREE","reference":null},{"type":"port","@id":70,"shape":{"type":"rect","xposition":"NaN","yposition":"NaN","width":"NaN","height":"NaN","shapeStyle":2},"labelManager":{"labels":[{"type":"textLabel","@id":71,"inputText":"2","labelStyle":4,"shape":null,"layoutText":null}],"mainLabel":71},"properties":{"id":"aa9d05b4c4b0ead8f9cec186b45cad68"},"orientationAtVertex":"FREE","reference":null}],"properties":{},"reference":null}],"properties":{"id":"d52a29f3e50c9d3f8a8c85d847126fd9","type":"plug"},"reference":null},{"@id":72,"shape":{"type":"rect","xposition":"NaN","yposition":"NaN","width":"NaN","height":"NaN","shapeStyle":2},"labelManager":{"labels":[{"type":"textLabel","@id":73,"inputText":"Leo","labelStyle":4,"shape":null,"layoutText":null}],"mainLabel":73},"portCompositions":[{"type":"portGroup","@id":74,"ordered":false,"portCompositions":[{"type":"port","@id":75,"shape":{"type":"rect","xposition":"NaN","yposition":"NaN","width":"NaN","height":"NaN","shapeStyle":2},"labelManager":{"labels":[{"type":"textLabel","@id":76,"inputText":"1","labelStyle":4,"shape":null,"layoutText":null}],"mainLabel":76},"properties":{"id":"e04a5c49832683d17360e8b587932191"},"orientationAtVertex":"FREE","reference":null},{"type":"port","@id":77,"shape":{"type":"rect","xposition":"NaN","yposition":"NaN","width":"NaN","height":"NaN","shapeStyle":2},"labelManager":{"labels":[{"type":"textLabel","@id":78,"inputText":"2","labelStyle":4,"shape":null,"layoutText":null}],"mainLabel":78},"properties":{"id":"0a40d1729c327efb8405e431b7157cf5"},"orientationAtVertex":"FREE","reference":null}],"properties":{},"reference":null}],"properties":{"id":"acbe06a83fb2e813c8e3966cd25e281a","type":"plug"},"reference":null},{"@id":79,"shape":{"type":"rect","xposition":"NaN","yposition":"NaN","width":"NaN","height":"NaN","shapeStyle":2},"labelManager":{"labels":[{"type":"textLabel","@id":80,"inputText":"Jan","labelStyle":4,"shape":null,"layoutText":null}],"mainLabel":80},"portCompositions":[{"type":"portGroup","@id":81,"ordered":false,"portCompositions":[{"type":"port","@id":82,"shape":{"type":"rect","xposition":"NaN","yposition":"NaN","width":"NaN","height":"NaN","shapeStyle":2},"labelManager":{"labels":[{"type":"textLabel","@id":83,"inputText":"2","labelStyle":4,"shape":null,"layoutText":null}],"mainLabel":83},"properties":{"id":"2a2959115378de62a68236b03fcd1654"},"orientationAtVertex":"FREE","reference":null},{"type":"port","@id":84,"shape":{"type":"rect","xposition":"NaN","yposition":"NaN","width":"NaN","height":"NaN","shapeStyle":13},"labelManager":{"labels":[{"type":"textLabel","@id":85,"inputText":"18","labelStyle":15,"shape":null,"layoutText":null}],"mainLabel":85},"properties":{},"orientationAtVertex":"FREE","reference":null},{"type":"port","@id":86,"shape":{"type":"rect","xposition":"NaN","yposition":"NaN","width":"NaN","height":"NaN","shapeStyle":13},"labelManager":{"labels":[{"type":"textLabel","@id":87,"inputText":"4","labelStyle":15,"shape":null,"layoutText":null}],"mainLabel":87},"properties":{},"orientationAtVertex":"FREE","reference":null},{"type":"port","@id":88,"shape":{"type":"rect","xposition":"NaN","yposition":"NaN","width":"NaN","height":"NaN","shapeStyle":13},"labelManager":{"labels":[{"type":"textLabel","@id":89,"inputText":"8","labelStyle":15,"shape":null,"layoutText":null}],"mainLabel":89},"properties":{},"orientationAtVertex":"FREE","reference":null},{"type":"port","@id":90,"shape":{"type":"rect","xposition":"NaN","yposition":"NaN","width":"NaN","height":"NaN","shapeStyle":13},"labelManager":{"labels":[{"type":"textLabel","@id":91,"inputText":"14","labelStyle":15,"shape":null,"layoutText":null}],"mainLabel":91},"properties":{},"orientationAtVertex":"FREE","reference":null},{"type":"port","@id":92,"shape":{"type":"rect","xposition":"NaN","yposition":"NaN","width":"NaN","height":"NaN","shapeStyle":13},"labelManager":{"labels":[{"type":"textLabel","@id":93,"inputText":"15","labelStyle":15,"shape":null,"layoutText":null}],"mainLabel":93},"properties":{},"orientationAtVertex":"FREE","reference":null},{"type":"port","@id":94,"shape":{"type":"rect","xposition":"NaN","yposition":"NaN","width":"NaN","height":"NaN","shapeStyle":13},"labelManager":{"labels":[{"type":"textLabel","@id":95,"inputText":"1","labelStyle":15,"shape":null,"layoutText":null}],"mainLabel":95},"properties":{},"orientationAtVertex":"FREE","reference":null},{"type":"port","@id":96,"shape":{"type":"rect","xposition":"NaN","yposition":"NaN","width":"NaN","height":"NaN","shapeStyle":13},"labelManager":{"labels":[{"type":"textLabel","@id":97,"inputText":"3","labelStyle":15,"shape":null,"layoutText":null}],"mainLabel":97},"properties":{},"orientationAtVertex":"FREE","reference":null},{"type":"port","@id":98,"shape":{"type":"rect","xposition":"NaN","yposition":"NaN","width":"NaN","height":"NaN","shapeStyle":13},"labelManager":{"labels":[{"type":"textLabel","@id":99,"inputText":"5","labelStyle":15,"shape":null,"layoutText":null}],"mainLabel":99},"properties":{},"orientationAtVertex":"FREE","reference":null},{"type":"port","@id":100,"shape":{"type":"rect","xposition":"NaN","yposition":"NaN","width":"NaN","height":"NaN","shapeStyle":13},"labelManager":{"labels":[{"type":"textLabel","@id":101,"inputText":"10","labelStyle":15,"shape":null,"layoutText":null}],"mainLabel":101},"properties":{},"orientationAtVertex":"FREE","reference":null},{"type":"port","@id":102,"shape":{"type":"rect","xposition":"NaN","yposition":"NaN","width":"NaN","height":"NaN","shapeStyle":13},"labelManager":{"labels":[{"type":"textLabel","@id":103,"inputText":"6","labelStyle":15,"shape":null,"layoutText":null}],"mainLabel":103},"properties":{},"orientationAtVertex":"FREE","reference":null},{"type":"port","@id":104,"shape":{"type":"rect","xposition":"NaN","yposition":"NaN","width":"NaN","height":"NaN","shapeStyle":13},"labelManager":{"labels":[{"type":"textLabel","@id":105,"inputText":"16","labelStyle":15,"shape":null,"layoutText":null}],"mainLabel":105},"properties":{},"orientationAtVertex":"FREE","reference":null},{"type":"port","@id":106,"shape":{"type":"rect","xposition":"NaN","yposition":"NaN","width":"NaN","height":"NaN","shapeStyle":13},"labelManager":{"labels":[{"type":"textLabel","@id":107,"inputText":"9","labelStyle":15,"shape":null,"layoutText":null}],"mainLabel":107},"properties":{},"orientationAtVertex":"FREE","reference":null},{"type":"port","@id":108,"shape":{"type":"rect","xposition":"NaN","yposition":"NaN","width":"NaN","height":"NaN","shapeStyle":13},"labelManager":{"labels":[{"type":"textLabel","@id":109,"inputText":"7","labelStyle":15,"shape":null,"layoutText":null}],"mainLabel":109},"properties":{},"orientationAtVertex":"FREE","reference":null},{"type":"port","@id":110,"shape":{"type":"rect","xposition":"NaN","yposition":"NaN","width":"NaN","height":"NaN","shapeStyle":13},"labelManager":{"labels":[{"type":"textLabel","@id":111,"inputText":"13","labelStyle":15,"shape":null,"layoutText":null}],"mainLabel":111},"properties":{},"orientationAtVertex":"FREE","reference":null},{"type":"port","@id":112,"shape":{"type":"rect","xposition":"NaN","yposition":"NaN","width":"NaN","height":"NaN","shapeStyle":13},"labelManager":{"labels":[{"type":"textLabel","@id":113,"inputText":"12","labelStyle":15,"shape":null,"layoutText":null}],"mainLabel":113},"properties":{},"orientationAtVertex":"FREE","reference":null},{"type":"port","@id":114,"shape":{"type":"rect","xposition":"NaN","yposition":"NaN","width":"NaN","height":"NaN","shapeStyle":13},"labelManager":{"labels":[{"type":"textLabel","@id":115,"inputText":"17","labelStyle":15,"shape":null,"layoutText":null}],"mainLabel":115},"properties":{},"orientationAtVertex":"FREE","reference":null},{"type":"port","@id":116,"shape":{"type":"rect","xposition":"NaN","yposition":"NaN","width":"NaN","height":"NaN","shapeStyle":13},"labelManager":{"labels":[{"type":"textLabel","@id":117,"inputText":"11","labelStyle":15,"shape":null,"layoutText":null}],"mainLabel":117},"properties":{},"orientationAtVertex":"FREE","reference":null}],"properties":{},"reference":null}],"properties":{"id":"404a37e78b57cbace7fa77cf9a3fa161","type":"device"},"reference":null},{"@id":118,"shape":{"type":"rect","xposition":"NaN","yposition":"NaN","width":"NaN","height":"NaN","shapeStyle":2},"labelManager":{"labels":[{"type":"textLabel","@id":119,"inputText":"Philipp","labelStyle":4,"shape":null,"layoutText":null}],"mainLabel":119},"portCompositions":[{"type":"portGroup","@id":120,"ordered":false,"portCompositions":[{"type":"port","@id":121,"shape":{"type":"rect","xposition":"NaN","yposition":"NaN","width":"NaN","height":"NaN","shapeStyle":2},"labelManager":{"labels":[{"type":"textLabel","@id":122,"inputText":"2","labelStyle":4,"shape":null,"layoutText":null}],"mainLabel":122},"properties":{"id":"403c7be16af9cbb2fc3c7b8e52b83392"},"orientationAtVertex":"FREE","reference":null}],"properties":{},"reference":null}],"properties":{"id":"231ad5b032561fc257e98243561a3307","type":"socket"},"reference":null},{"@id":123,"shape":{"type":"rect","xposition":"NaN","yposition":"NaN","width":"NaN","height":"NaN","shapeStyle":2},"labelManager":{"labels":[{"type":"textLabel","@id":124,"inputText":"Leon","labelStyle":4,"shape":null,"layoutText":null}],"mainLabel":124},"portCompositions":[{"type":"portGroup","@id":125,"ordered":false,"portCompositions":[{"type":"port","@id":126,"shape":{"type":"rect","xposition":"NaN","yposition":"NaN","width":"NaN","height":"NaN","shapeStyle":2},"labelManager":{"labels":[{"type":"textLabel","@id":127,"inputText":"2","labelStyle":4,"shape":null,"layoutText":null}],"mainLabel":127},"properties":{"id":"836b7e4c724c7e3c8fb7712832906294"},"orientationAtVertex":"FREE","reference":null},{"type":"port","@id":128,"shape":{"type":"rect","xposition":"NaN","yposition":"NaN","width":"NaN","height":"NaN","shapeStyle":13},"labelManager":{"labels":[{"type":"textLabel","@id":129,"inputText":"1","labelStyle":15,"shape":null,"layoutText":null}],"mainLabel":129},"properties":{},"orientationAtVertex":"FREE","reference":null}],"properties":{},"reference":null}],"properties":{"id":"4dda66c7f7ba4c115cf59cd5923bce04","type":"plug"},"reference":null},{"@id":130,"shape":{"type":"rect","xposition":"NaN","yposition":"NaN","width":"NaN","height":"NaN","shapeStyle":2},"labelManager":{"labels":[{"type":"textLabel","@id":131,"inputText":"Tom","labelStyle":4,"shape":null,"layoutText":null}],"mainLabel":131},"portCompositions":[{"type":"portGroup","@id":132,"ordered":false,"portCompositions":[{"type":"port","@id":133,"shape":{"type":"rect","xposition":"NaN","yposition":"NaN","width":"NaN","height":"NaN","shapeStyle":2},"labelManager":{"labels":[{"type":"textLabel","@id":134,"inputText":"2","labelStyle":4,"shape":null,"layoutText":null}],"mainLabel":134},"properties":{"id":"596fe0fa74f75476bfbb6292ea5cc8fd"},"orientationAtVertex":"FREE","reference":null},{"type":"port","@id":135,"shape":{"type":"rect","xposition":"NaN","yposition":"NaN","width":"NaN","height":"NaN","shapeStyle":13},"labelManager":{"labels":[{"type":"textLabel","@id":136,"inputText":"1","labelStyle":15,"shape":null,"layoutText":null}],"mainLabel":136},"properties":{},"orientationAtVertex":"FREE","reference":null}],"properties":{},"reference":null}],"properties":{"id":"f05c8de7932162d67af624cba14ba81e","type":"plug"},"reference":null},{"@id":137,"shape":null,"labelManager":{"labels":[{"type":"textLabel","@id":138,"inputText":"Samuel","labelStyle":15,"shape":null,"layoutText":null}],"mainLabel":138},"portCompositions":[{"type":"portGroup","@id":139,"ordered":false,"portCompositions":[{"type":"port","@id":140,"shape":{"type":"rect","xposition":"NaN","yposition":"NaN","width":"NaN","height":"NaN","shapeStyle":13},"labelManager":{"labels":[{"type":"textLabel","@id":141,"inputText":"1","labelStyle":15,"shape":null,"layoutText":null}],"mainLabel":141},"properties":{},"orientationAtVertex":"FREE","reference":null}],"properties":{},"reference":null}],"properties":{},"reference":null},{"@id":142,"shape":null,"labelManager":{"labels":[{"type":"textLabel","@id":143,"inputText":"Tim","labelStyle":15,"shape":null,"layoutText":null}],"mainLabel":143},"portCompositions":[{"type":"portGroup","@id":144,"ordered":false,"portCompositions":[{"type":"port","@id":145,"shape":{"type":"rect","xposition":"NaN","yposition":"NaN","width":"NaN","height":"NaN","shapeStyle":13},"labelManager":{"labels":[{"type":"textLabel","@id":146,"inputText":"1","labelStyle":15,"shape":null,"layoutText":null}],"mainLabel":146},"properties":{},"orientationAtVertex":"FREE","reference":null}],"properties":{},"reference":null}],"properties":{},"reference":null},{"@id":147,"shape":null,"labelManager":{"labels":[{"type":"textLabel","@id":148,"inputText":"Oskar","labelStyle":15,"shape":null,"layoutText":null}],"mainLabel":148},"portCompositions":[{"type":"portGroup","@id":149,"ordered":false,"portCompositions":[{"type":"port","@id":150,"shape":{"type":"rect","xposition":"NaN","yposition":"NaN","width":"NaN","height":"NaN","shapeStyle":13},"labelManager":{"labels":[{"type":"textLabel","@id":151,"inputText":"1","labelStyle":15,"shape":null,"layoutText":null}],"mainLabel":151},"properties":{},"orientationAtVertex":"FREE","reference":null}],"properties":{},"reference":null}],"properties":{},"reference":null},{"@id":152,"shape":null,"labelManager":{"labels":[{"type":"textLabel","@id":153,"inputText":"Johannes","labelStyle":15,"shape":null,"layoutText":null}],"mainLabel":153},"portCompositions":[{"type":"portGroup","@id":154,"ordered":false,"portCompositions":[{"type":"port","@id":155,"shape":{"type":"rect","xposition":"NaN","yposition":"NaN","width":"NaN","height":"NaN","shapeStyle":13},"labelManager":{"labels":[{"type":"textLabel","@id":156,"inputText":"18","labelStyle":15,"shape":null,"layoutText":null}],"mainLabel":156},"properties":{},"orientationAtVertex":"FREE","reference":null}],"properties":{},"reference":null}],"properties":{},"reference":null},{"@id":157,"shape":null,"labelManager":{"labels":[{"type":"textLabel","@id":158,"inputText":"Louis","labelStyle":15,"shape":null,"layoutText":null}],"mainLabel":158},"portCompositions":[{"type":"portGroup","@id":159,"ordered":false,"portCompositions":[{"type":"port","@id":160,"shape":{"type":"rect","xposition":"NaN","yposition":"NaN","width":"NaN","height":"NaN","shapeStyle":13},"labelManager":{"labels":[{"type":"textLabel","@id":161,"inputText":"4","labelStyle":15,"shape":null,"layoutText":null}],"mainLabel":161},"properties":{},"orientationAtVertex":"FREE","reference":null}],"properties":{},"reference":null}],"properties":{},"reference":null},{"@id":162,"shape":null,"labelManager":{"labels":[{"type":"textLabel","@id":163,"inputText":"David","labelStyle":15,"shape":null,"layoutText":null}],"mainLabel":163},"portCompositions":[{"type":"portGroup","@id":164,"ordered":false,"portCompositions":[{"type":"port","@id":165,"shape":{"type":"rect","xposition":"NaN","yposition":"NaN","width":"NaN","height":"NaN","shapeStyle":13},"labelManager":{"labels":[{"type":"textLabel","@id":166,"inputText":"8","labelStyle":15,"shape":null,"layoutText":null}],"mainLabel":166},"properties":{},"orientationAtVertex":"FREE","reference":null}],"properties":{},"reference":null}],"properties":{},"reference":null},{"@id":167,"shape":null,"labelManager":{"labels":[{"type":"textLabel","@id":168,"inputText":"Maximilian","labelStyle":15,"shape":null,"layoutText":null}],"mainLabel":168},"portCompositions":[{"type":"portGroup","@id":169,"ordered":false,"portCompositions":[{"type":"port","@id":170,"shape":{"type":"rect","xposition":"NaN","yposition":"NaN","width":"NaN","height":"NaN","shapeStyle":13},"labelManager":{"labels":[{"type":"textLabel","@id":171,"inputText":"14","labelStyle":15,"shape":null,"layoutText":null}],"mainLabel":171},"properties":{},"orientationAtVertex":"FREE","reference":null}],"properties":{},"reference":null}],"properties":{},"reference":null},{"@id":172,"shape":null,"labelManager":{"labels":[{"type":"textLabel","@id":173,"inputText":"Jakob","labelStyle":15,"shape":null,"layoutText":null}],"mainLabel":173},"portCompositions":[{"type":"portGroup","@id":174,"ordered":false,"portCompositions":[{"type":"port","@id":175,"shape":{"type":"rect","xposition":"NaN","yposition":"NaN","width":"NaN","height":"NaN","shapeStyle":13},"labelManager":{"labels":[{"type":"textLabel","@id":176,"inputText":"15","labelStyle":15,"shape":null,"layoutText":null}],"mainLabel":176},"properties":{},"orientationAtVertex":"FREE","reference":null}],"properties":{},"reference":null}],"properties":{},"reference":null},{"@id":177,"shape":null,"labelManager":{"labels":[{"type":"textLabel","@id":178,"inputText":"Johann","labelStyle":15,"shape":null,"layoutText":null}],"mainLabel":178},"portCompositions":[{"type":"portGroup","@id":179,"ordered":false,"portCompositions":[{"type":"port","@id":180,"shape":{"type":"rect","xposition":"NaN","yposition":"NaN","width":"NaN","height":"NaN","shapeStyle":13},"labelManager":{"labels":[{"type":"textLabel","@id":181,"inputText":"1","labelStyle":15,"shape":null,"layoutText":null}],"mainLabel":181},"properties":{},"orientationAtVertex":"FREE","reference":null}],"properties":{},"reference":null}],"properties":{},"reference":null},{"@id":182,"shape":null,"labelManager":{"labels":[{"type":"textLabel","@id":183,"inputText":"Luis","labelStyle":15,"shape":null,"layoutText":null}],"mainLabel":183},"portCompositions":[{"type":"portGroup","@id":184,"ordered":false,"portCompositions":[{"type":"port","@id":185,"shape":{"type":"rect","xposition":"NaN","yposition":"NaN","width":"NaN","height":"NaN","shapeStyle":13},"labelManager":{"labels":[{"type":"textLabel","@id":186,"inputText":"3","labelStyle":15,"shape":null,"layoutText":null}],"mainLabel":186},"properties":{},"orientationAtVertex":"FREE","reference":null}],"properties":{},"reference":null}],"properties":{},"reference":null},{"@id":187,"shape":null,"labelManager":{"labels":[{"type":"textLabel","@id":188,"inputText":"Alexander","labelStyle":15,"shape":null,"layoutText":null}],"mainLabel":188},"portCompositions":[{"type":"portGroup","@id":189,"ordered":false,"portCompositions":[{"type":"port","@id":190,"shape":{"type":"rect","xposition":"NaN","yposition":"NaN","width":"NaN","height":"NaN","shapeStyle":13},"labelManager":{"labels":[{"type":"textLabel","@id":191,"inputText":"5","labelStyle":15,"shape":null,"layoutText":null}],"mainLabel":191},"properties":{},"orientationAtVertex":"FREE","reference":null}],"properties":{},"reference":null}],"properties":{},"reference":null},{"@id":192,"shape":null,"labelManager":{"labels":[{"type":"textLabel","@id":193,"inputText":"Moritz","labelStyle":15,"shape":null,"layoutText":null}],"mainLabel":193},"portCompositions":[{"type":"portGroup","@id":194,"ordered":false,"portCompositions":[{"type":"port","@id":195,"shape":{"type":"rect","xposition":"NaN","yposition":"NaN","width":"NaN","height":"NaN","shapeStyle":13},"labelManager":{"labels":[{"type":"textLabel","@id":196,"inputText":"10","labelStyle":15,"shape":null,"layoutText":null}],"mainLabel":196},"properties":{},"orientationAtVertex":"FREE","reference":null}],"properties":{},"reference":null}],"properties":{},"reference":null},{"@id":197,"shape":null,"labelManager":{"labels":[{"type":"textLabel","@id":198,"inputText":"Jonathan","labelStyle":15,"shape":null,"layoutText":null}],"mainLabel":198},"portCompositions":[{"type":"portGroup","@id":199,"ordered":false,"portCompositions":[{"type":"port","@id":200,"shape":{"type":"rect","xposition":"NaN","yposition":"NaN","width":"NaN","height":"NaN","shapeStyle":13},"labelManager":{"labels":[{"type":"textLabel","@id":201,"inputText":"6","labelStyle":15,"shape":null,"layoutText":null}],"mainLabel":201},"properties":{},"orientationAtVertex":"FREE","reference":null}],"properties":{},"reference":null}],"properties":{},"reference":null},{"@id":202,"shape":null,"labelManager":{"labels":[{"type":"textLabel","@id":203,"inputText":"Lukas","labelStyle":15,"shape":null,"layoutText":null}],"mainLabel":203},"portCompositions":[{"type":"portGroup","@id":204,"ordered":false,"portCompositions":[{"type":"port","@id":205,"shape":{"type":"rect","xposition":"NaN","yposition":"NaN","width":"NaN","height":"NaN","shapeStyle":13},"labelManager":{"labels":[{"type":"textLabel","@id":206,"inputText":"16","labelStyle":15,"shape":null,"layoutText":null}],"mainLabel":206},"properties":{},"orientationAtVertex":"FREE","reference":null}],"properties":{},"reference":null}],"properties":{},"reference":null},{"@id":207,"shape":null,"labelManager":{"labels":[{"type":"textLabel","@id":208,"inputText":"Jonas","labelStyle":15,"shape":null,"layoutText":null}],"mainLabel":208},"portCompositions":[{"type":"portGroup","@id":209,"ordered":false,"portCompositions":[{"type":"port","@id":210,"shape":{"type":"rect","xposition":"NaN","yposition":"NaN","width":"NaN","height":"NaN","shapeStyle":13},"labelManager":{"labels":[{"type":"textLabel","@id":211,"inputText":"9","labelStyle":15,"shape":null,"layoutText":null}],"mainLabel":211},"properties":{},"orientationAtVertex":"FREE","reference":null}],"properties":{},"reference":null}],"properties":{},"reference":null},{"@id":212,"shape":null,"labelManager":{"labels":[{"type":"textLabel","@id":213,"inputText":"Ben","labelStyle":15,"shape":null,"layoutText":null}],"mainLabel":213},"portCompositions":[{"type":"portGroup","@id":214,"ordered":false,"portCompositions":[{"type":"port","@id":215,"shape":{"type":"rect","xposition":"NaN","yposition":"NaN","width":"NaN","height":"NaN","shapeStyle":13},"labelManager":{"labels":[{"type":"textLabel","@id":216,"inputText":"7","labelStyle":15,"shape":null,"layoutText":null}],"mainLabel":216},"properties":{},"orientationAtVertex":"FREE","reference":null}],"properties":{},"reference":null}],"properties":{},"reference":null},{"@id":217,"shape":null,"labelManager":{"labels":[{"type":"textLabel","@id":218,"inputText":"Luca","labelStyle":15,"shape":null,"layoutText":null}],"mainLabel":218},"portCompositions":[{"type":"portGroup","@id":219,"ordered":false,"portCompositions":[{"type":"port","@id":220,"shape":{"type":"rect","xposition":"NaN","yposition":"NaN","width":"NaN","height":"NaN","shapeStyle":13},"labelManager":{"labels":[{"type":"textLabel","@id":221,"inputText":"13","labelStyle":15,"shape":null,"layoutText":null}],"mainLabel":221},"properties":{},"orientationAtVertex":"FREE","reference":null}],"properties":{},"reference":null}],"properties":{},"reference":null},{"@id":222,"shape":null,"labelManager":{"labels":[{"type":"textLabel","@id":223,"inputText":"Benjamin","labelStyle":15,"shape":null,"layoutText":null}],"mainLabel":223},"portCompositions":[{"type":"portGroup","@id":224,"ordered":false,"portCompositions":[{"type":"port","@id":225,"shape":{"type":"rect","xposition":"NaN","yposition":"NaN","width":"NaN","height":"NaN","shapeStyle":13},"labelManager":{"labels":[{"type":"textLabel","@id":226,"inputText":"12","labelStyle":15,"shape":null,"layoutText":null}],"mainLabel":226},"properties":{},"orientationAtVertex":"FREE","reference":null}],"properties":{},"reference":null}],"properties":{},"reference":null},{"@id":227,"shape":null,"labelManager":{"labels":[{"type":"textLabel","@id":228,"inputText":"Noah","labelStyle":15,"shape":null,"layoutText":null}],"mainLabel":228},"portCompositions":[{"type":"portGroup","@id":229,"ordered":false,"portCompositions":[{"type":"port","@id":230,"shape":{"type":"rect","xposition":"NaN","yposition":"NaN","width":"NaN","height":"NaN","shapeStyle":13},"labelManager":{"labels":[{"type":"textLabel","@id":231,"inputText":"17","labelStyle":15,"shape":null,"layoutText":null}],"mainLabel":231},"properties":{},"orientationAtVertex":"FREE","reference":null}],"properties":{},"reference":null}],"properties":{},"reference":null},{"@id":232,"shape":null,"labelManager":{"labels":[{"type":"textLabel","@id":233,"inputText":"Finn","labelStyle":15,"shape":null,"layoutText":null}],"mainLabel":233},"portCompositions":[{"type":"portGroup","@id":234,"ordered":false,"portCompositions":[{"type":"port","@id":235,"shape":{"type":"rect","xposition":"NaN","yposition":"NaN","width":"NaN","height":"NaN","shapeStyle":13},"labelManager":{"labels":[{"type":"textLabel","@id":236,"inputText":"11","labelStyle":15,"shape":null,"layoutText":null}],"mainLabel":236},"properties":{},"orientationAtVertex":"FREE","reference":null}],"properties":{},"reference":null}],"properties":{},"reference":null}],"vertexGroups":[{"@id":237,"drawnFrame":false,"labelManager":{"labels":[],"mainLabel":null},"shape":null,"containedVertices":[7,16],"containedVertexGroups":[],"touchingPairs":[{"vertex0":7,"horizontalPlacementVertex0":"FREE","verticalPlacementVertex0":"TOP","vertex1":16,"horizontalPlacementVertex1":"FREE","verticalPlacementVertex1":"FREE"}],"portPairings":[{"port0":10,"port1":19},{"port0":12,"port1":21}],"properties":{},"reference":null},{"@id":238,"drawnFrame":false,"labelManager":{"labels":[],"mainLabel":null},"shape":null,"containedVertices":[23,32],"containedVertexGroups":[],"touchingPairs":[{"vertex0":23,"horizontalPlacementVertex0":"FREE","verticalPlacementVertex0":"TOP","vertex1":32,"horizontalPlacementVertex1":"FREE","verticalPlacementVertex1":"FREE"}],"portPairings":[{"port0":26,"port1":35},{"port0":28,"port1":37},{"port0":30,"port1":39}],"properties":{},"reference":null},{"@id":239,"drawnFrame":false,"labelManager":{"labels":[],"mainLabel":null},"shape":null,"containedVertices":[41,48],"containedVertexGroups":[],"touchingPairs":[{"vertex0":41,"horizontalPlacementVertex0":"FREE","verticalPlacementVertex0":"TOP","vertex1":48,"horizontalPlacementVertex1":"FREE","verticalPlacementVertex1":"FREE"}],"portPairings":[{"port0":44,"port1":51},{"port0":46,"port1":53}],"properties":{},"reference":null},{"@id":240,"drawnFrame":false,"labelManager":{"labels":[],"mainLabel":null},"shape":null,"containedVertices":[55,60],"containedVertexGroups":[],"touchingPairs":[{"vertex0":55,"horizontalPlacementVertex0":"FREE","verticalPlacementVertex0":"TOP","vertex1":60,"horizontalPlacementVertex1":"FREE","verticalPlacementVertex1":"FREE"}],"portPairings":[{"port0":58,"port1":63}],"properties":{},"reference":null},{"@id":241,"drawnFrame":false,"labelManager":{"labels":[],"mainLabel":null},"shape":null,"containedVertices":[65,72],"containedVertexGroups":[],"touchingPairs":[{"vertex0":65,"horizontalPlacementVertex0":"FREE","verticalPlacementVertex0":"TOP","vertex1":72,"horizontalPlacementVertex1":"FREE","verticalPlacementVertex1":"FREE"}],"portPairings":[{"port0":68,"port1":75},{"port0":70,"port1":77}],"properties":{},"reference":null},{"@id":242,"drawnFrame":false,"labelManager":{"labels":[],"mainLabel":null},"shape":null,"containedVertices":[79,118,152,157,162,167,172,177,182,187,192,197,202,207,212,217,222,227,232],"containedVertexGroups":[],"touchingPairs":[{"vertex0":79,"horizontalPlacementVertex0":"FREE","verticalPlacementVertex0":"TOP","vertex1":118,"horizontalPlacementVertex1":"FREE","verticalPlacementVertex1":"FREE"},{"vertex0":79,"horizontalPlacementVertex0":"FREE","verticalPlacementVertex0":"FREE","vertex1":152,"horizontalPlacementVertex1":"FREE","verticalPlacementVertex1":"FREE"},{"vertex0":79,"horizontalPlacementVertex0":"FREE","verticalPlacementVertex0":"FREE","vertex1":157,"horizontalPlacementVertex1":"FREE","verticalPlacementVertex1":"FREE"},{"vertex0":79,"horizontalPlacementVertex0":"FREE","verticalPlacementVertex0":"FREE","vertex1":162,"horizontalPlacementVertex1":"FREE","verticalPlacementVertex1":"FREE"},{"vertex0":79,"horizontalPlacementVertex0":"FREE","verticalPlacementVertex0":"FREE","vertex1":167,"horizontalPlacementVertex1":"FREE","verticalPlacementVertex1":"FREE"},{"vertex0":79,"horizontalPlacementVertex0":"FREE","verticalPlacementVertex0":"FREE","vertex1":172,"horizontalPlacementVertex1":"FREE","verticalPlacementVertex1":"FREE"},{"vertex0":79,"horizontalPlacementVertex0":"FREE","verticalPlacementVertex0":"FREE","vertex1":177,"horizontalPlacementVertex1":"FREE","verticalPlacementVertex1":"FREE"},{"vertex0":79,"horizontalPlacementVertex0":"FREE","verticalPlacementVertex0":"FREE","vertex1":182,"horizontalPlacementVertex1":"FREE","verticalPlacementVertex1":"FREE"},{"vertex0":79,"horizontalPlacementVertex0":"FREE","verticalPlacementVertex0":"FREE","vertex1":187,"horizontalPlacementVertex1":"FREE","verticalPlacementVertex1":"FREE"},{"vertex0":79,"horizontalPlacementVertex0":"FREE","verticalPlacementVertex0":"FREE","vertex1":192,"horizontalPlacementVertex1":"FREE","verticalPlacementVertex1":"FREE"},{"vertex0":79,"horizontalPlacementVertex0":"FREE","verticalPlacementVertex0":"FREE","vertex1":197,"horizontalPlacementVertex1":"FREE","verticalPlacementVertex1":"FREE"},{"vertex0":79,"horizontalPlacementVertex0":"FREE","verticalPlacementVertex0":"FREE","vertex1":202,"horizontalPlacementVertex1":"FREE","verticalPlacementVertex1":"FREE"},{"vertex0":79,"horizontalPlacementVertex0":"FREE","verticalPlacementVertex0":"FREE","vertex1":207,"horizontalPlacementVertex1":"FREE","verticalPlacementVertex1":"FREE"},{"vertex0":79,"horizontalPlacementVertex0":"FREE","verticalPlacementVertex0":"FREE","vertex1":212,"horizontalPlacementVertex1":"FREE","verticalPlacementVertex1":"FREE"},{"vertex0":79,"horizontalPlacementVertex0":"FREE","verticalPlacementVertex0":"FREE","vertex1":217,"horizontalPlacementVertex1":"FREE","verticalPlacementVertex1":"FREE"},{"vertex0":79,"horizontalPlacementVertex0":"FREE","verticalPlacementVertex0":"FREE","vertex1":222,"horizontalPlacementVertex1":"FREE","verticalPlacementVertex1":"FREE"},{"vertex0":79,"horizontalPlacementVertex0":"FREE","verticalPlacementVertex0":"FREE","vertex1":227,"horizontalPlacementVertex1":"FREE","verticalPlacementVertex1":"FREE"},{"vertex0":79,"horizontalPlacementVertex0":"FREE","verticalPlacementVertex0":"FREE","vertex1":232,"horizontalPlacementVertex1":"FREE","verticalPlacementVertex1":"FREE"}],"portPairings":[{"port0":82,"port1":121},{"port0":84,"port1":155},{"port0":86,"port1":160},{"port0":88,"port1":165},{"port0":90,"port1":170},{"port0":92,"port1":175},{"port0":94,"port1":180},{"port0":96,"port1":185},{"port0":98,"port1":190},{"port0":100,"port1":195},{"port0":102,"port1":200},{"port0":104,"port1":205},{"port0":106,"port1":210},{"port0":108,"port1":215},{"port0":110,"port1":220},{"port0":112,"port1":225},{"port0":114,"port1":230},{"port0":116,"port1":235}],"properties":{},"reference":null},{"@id":243,"drawnFrame":false,"labelManager":{"labels":[],"mainLabel":null},"shape":null,"containedVertices":[123,130],"containedVertexGroups":[],"touchingPairs":[{"vertex0":123,"horizontalPlacementVertex0":"FREE","verticalPlacementVertex0":"TOP","vertex1":130,"horizontalPlacementVertex1":"FREE","verticalPlacementVertex1":"FREE"}],"portPairings":[{"port0":126,"port1":133},{"port0":128,"port1":135}],"properties":{},"reference":null},{"@id":244,"drawnFrame":false,"labelManager":{"labels":[],"mainLabel":null},"shape":null,"containedVertices":[142,147],"containedVertexGroups":[],"touchingPairs":[{"vertex0":142,"horizontalPlacementVertex0":"FREE","verticalPlacementVertex0":"FREE","vertex1":147,"horizontalPlacementVertex1":"FREE","verticalPlacementVertex1":"FREE"}],"portPairings":[{"port0":145,"port1":150}],"properties":{},"reference":null}],"edges":[{"@id":245,"ports":[26,126],"labelManager":{"innerLabels":[{"type":"textLabel","@id":246,"inputText":"Joel","labelStyle":4,"shape":null,"layoutText":null}],"allPortLabels":[],"mainLabel":246},"pathStyle":{"@id":247,"description":"default path style","thickness":-1.0,"color":{"argb":"ff000000"}},"paths":[],"properties":{"id":"aea93d8fc552db1051a9e8f8de368e69"},"reference":null},{"@id":248,"ports":[68,37],"labelManager":{"innerLabels":[{"type":"textLabel","@id":249,"inputText":"Niklas","labelStyle":4,"shape":null,"layoutText":null}],"allPortLabels":[],"mainLabel":249},"pathStyle":247,"paths":[],"properties":{"id":"19d2c526f9179ada454d165f5201d229"},"reference":null},{"@id":250,"ports":[63,28],"labelManager":{"innerLabels":[{"type":"textLabel","@id":251,"inputText":"Levi","labelStyle":4,"shape":null,"layoutText":null}],"allPortLabels":[],"mainLabel":251},"pathStyle":247,"paths":[],"properties":{"id":"36e97ccc5edac07f96b1a7f1d9b4b8cf"},"reference":null},{"@id":252,"ports":[70,35],"labelManager":{"innerLabels":[{"type":"textLabel","@id":253,"inputText":"Florian","labelStyle":4,"shape":null,"layoutText":null}],"allPortLabels":[],"mainLabel":253},"pathStyle":247,"paths":[],"properties":{"id":"a708c978f78b3bbe2cf238455731dc47"},"reference":null},{"@id":254,"ports":[140,145],"labelManager":{"innerLabels":[{"type":"textLabel","@id":255,"inputText":"Milan","labelStyle":15,"shape":null,"layoutText":null}],"allPortLabels":[],"mainLabel":255},"pathStyle":{"@id":256,"description":"default path style","thickness":-1.0,"color":{"argb":"ff000000"}},"paths":[],"properties":{},"reference":null},{"@id":257,"ports":[165,51],"labelManager":{"innerLabels":[{"type":"textLabel","@id":258,"inputText":"Can","labelStyle":15,"shape":null,"layoutText":null}],"allPortLabels":[],"mainLabel":258},"pathStyle":256,"paths":[],"properties":{},"reference":null},{"@id":259,"ports":[121,150],"labelManager":{"innerLabels":[{"type":"textLabel","@id":260,"inputText":"Gabriel","labelStyle":15,"shape":null,"layoutText":null}],"allPortLabels":[],"mainLabel":260},"pathStyle":256,"paths":[],"properties":{},"reference":null},{"@id":261,"ports":[30,21],"labelManager":{"innerLabels":[{"type":"textLabel","@id":262,"inputText":"Henry","labelStyle":15,"shape":null,"layoutText":null}],"allPortLabels":[],"mainLabel":262},"pathStyle":256,"paths":[],"properties":{},"reference":null},{"@id":263,"ports":[5,200],"labelManager":{"innerLabels":[{"type":"textLabel","@id":264,"inputText":"Muhammed","labelStyle":15,"shape":null,"layoutText":null}],"allPortLabels":[],"mainLabel":264},"pathStyle":256,"paths":[],"properties":{},"reference":null},{"@id":265,"ports":[155,77],"labelManager":{"innerLabels":[{"type":"textLabel","@id":266,"inputText":"Karl","labelStyle":15,"shape":null,"layoutText":null}],"allPortLabels":[],"mainLabel":266},"pathStyle":256,"paths":[],"properties":{},"reference":null},{"@id":267,"ports":[160,12,10],"labelManager":{"innerLabels":[{"type":"textLabel","@id":268,"inputText":"Liam","labelStyle":15,"shape":null,"layoutText":null}],"allPortLabels":[],"mainLabel":268},"pathStyle":256,"paths":[],"properties":{},"reference":null},{"@id":269,"ports":[46,39,44],"labelManager":{"innerLabels":[{"type":"textLabel","@id":270,"inputText":"Daniel","labelStyle":15,"shape":null,"layoutText":null}],"allPortLabels":[],"mainLabel":270},"pathStyle":256,"paths":[],"properties":{},"reference":null},{"@id":271,"ports":[230,190,195],"labelManager":{"innerLabels":[{"type":"textLabel","@id":272,"inputText":"Gabriel","labelStyle":15,"shape":null,"layoutText":null}],"allPortLabels":[],"mainLabel":272},"pathStyle":256,"paths":[],"properties":{},"reference":null},{"@id":273,"ports":[170,128],"labelManager":{"innerLabels":[{"type":"textLabel","@id":274,"inputText":"Emir","labelStyle":15,"shape":null,"layoutText":null}],"allPortLabels":[],"mainLabel":274},"pathStyle":256,"paths":[],"properties":{},"reference":null},{"@id":275,"ports":[170,135],"labelManager":{"innerLabels":[{"type":"textLabel","@id":276,"inputText":"Liam","labelStyle":15,"shape":null,"layoutText":null}],"allPortLabels":[],"mainLabel":276},"pathStyle":256,"paths":[],"properties":{},"reference":null},{"@id":277,"ports":[215,185],"labelManager":{"innerLabels":[{"type":"textLabel","@id":278,"inputText":"Niklas","labelStyle":15,"shape":null,"layoutText":null}],"allPortLabels":[],"mainLabel":278},"pathStyle":256,"paths":[],"properties":{},"reference":null},{"@id":279,"ports":[235,175],"labelManager":{"innerLabels":[{"type":"textLabel","@id":280,"inputText":"Gabriel","labelStyle":15,"shape":null,"layoutText":null}],"allPortLabels":[],"mainLabel":280},"pathStyle":256,"paths":[],"properties":{},"reference":null},{"@id":281,"ports":[19,205],"labelManager":{"innerLabels":[{"type":"textLabel","@id":282,"inputText":"Gabriel","labelStyle":15,"shape":null,"layoutText":null}],"allPortLabels":[],"mainLabel":282},"pathStyle":256,"paths":[],"properties":{},"reference":null},{"@id":283,"ports":[180,58],"labelManager":{"innerLabels":[{"type":"textLabel","@id":284,"inputText":"Milan","labelStyle":15,"shape":null,"layoutText":null}],"allPortLabels":[],"mainLabel":284},"pathStyle":256,"paths":[],"properties":{},"reference":null},{"@id":285,"ports":[53,160],"labelManager":{"innerLabels":[{"type":"textLabel","@id":286,"inputText":"Can","labelStyle":15,"shape":null,"layoutText":null}],"allPortLabels":[],"mainLabel":286},"pathStyle":256,"paths":[],"properties":{},"reference":null},{"@id":287,"ports":[210,225],"labelManager":{"innerLabels":[{"type":"textLabel","@id":288,"inputText":"Milan","labelStyle":15,"shape":null,"layoutText":null}],"allPortLabels":[],"mainLabel":288},"pathStyle":256,"paths":[],"properties":{},"reference":null}],"edgeBundles":[]}