{"vertices":[{"@id":1,"shape":{"type":"rect","xposition":"NaN","yposition":"NaN","width":"NaN","height":"NaN","shapeStyle":{"@id":2,"description":"default shape style","color":{"argb":"ff000000"}}},"labelManager":{"labels":[{"type":"textLabel","@id":3,"inputText":"Elias","labelStyle":{"@id":4,"description":"default text label style","font":{"fontName":"SansSerif","style":0,"size":10},"noBreak":false,"color":{"argb":"ff000000"},"showLabel":true,"placement":"FREE","horizontalPlacement":"FREE","verticalPlacement":"FREE"},"shape":null,"layoutText":null}],"mainLabel":3},"portCompositions":[{"type":"port","@id":5,"shape":{"type":"rect","xposition":"NaN","yposition":"NaN","width":"NaN","height":"NaN","shapeStyle":2},"labelManager":{"labels":[{"type":"textLabel","@id":6,"inputText":"1","labelStyle":4,"shape":null,"layoutText":null}],"mainLabel":6},"properties":{"id":"06df039c1f207f77147454b13bb5aa42"},"orientationAtVertex":"FREE","reference":null}],"properties":{"id":"fba8b2d7e65e0617027c95480e562334","type":"splice"},"reference":null},{"@id":7,"shape":{"type":"rect","xposition":"NaN","yposition":"NaN","width":"NaN","height":"NaN","shapeStyle":2},"labelManager":{"labels":[{"type":"textLabel","@id":8,"inputText":"Jonathan","labelStyle":4,"shape":null,"layoutText":null}],"mainLabel":8},"portCompositions":[{"type":"portGroup","@id":9,"ordered":false,"portCompositions":[{"type":"port","@id":10,"shape":{"type":"rect","xposition":"NaN","yposition":"NaN","width":"NaN","height":"NaN","shapeStyle":2},"labelManager":{"labels":[{"type":"textLabel","@id":11,"inputText":"1","labelStyle":4,"shape":null,"layoutText":null}],"mainLabel":11},"properties":{"id":"f3aba8c262e40dff905afef2b236853c"},"orientationAtVertex":"FREE","reference":null}],"properties":{},"reference":null}],"properties":{"id":"7886088db03597efbadbe6e58db06a70","type":"device"},"reference":null},{"@id":12,"shape":{"type":"rect","xposition":"NaN","yposition":"NaN","width":"NaN","height":"NaN","shapeStyle":2},"labelManager":{"labels":[{"type":"textLabel","@id":13,"inputText":"Noah","labelStyle":4,"shape":null,"layoutText":null}],"mainLabel":13},"portCompositions":[{"type":"portGroup","@id":14,"ordered":false,"portCompositions":[{"type":"port","@id":15,"shape":{"type":"rect","xposition":"NaN","yposition":"NaN","width":"NaN","height":"NaN","shapeStyle":2},"labelManager":{"labels":[{"type":"textLabel","@id":16,"inputText":"1","labelStyle":4,"shape":null,"layoutText":null}],"mainLabel":16},"properties":{"id":"71f66acc81ad247cb05ca2103671dce5"},"orientationAtVertex":"FREE","reference":null}],"properties":{},"reference":null}],"properties":{"id":"2cdd6b04a6b72c609f29183d3a201979","type":"socket"},"reference":null},{"@id":17,"shape":{"type":"rect","xposition":"NaN","yposition":"NaN","width":"NaN","height":"NaN","shapeStyle":2},"labelManager":{"labels":[{"type":"textLabel","@id":18,"inputText":"Felix","labelStyle":4,"shape":null,"layoutText":null}],"mainLabel":18},"portCompositions":[{"type":"port","@id":19,"shape":{"type":"rect","xposition":"NaN","yposition":"NaN","width":"NaN","height":"NaN","shapeStyle":2},"labelManager":{"labels":[{"type":"textLabel","@id":20,"inputText":"1","labelStyle":4,"shape":null,"layoutText":null}],"mainLabel":20},"properties":{"id":"85c80574f54f9263fa7cd4f6e93b5bc1"},"orientationAtVertex":"FREE","reference":null}],"properties":{"id":"ee9161551668715b8912f5e12e68237f","type":"splice"},"reference":null},{"@id":21,"shape":{"type":"rect","xposition":"NaN","yposition":"NaN","width":"NaN","height":"NaN","shapeStyle":2},"labelManager":{"labels":[{"type":"textLabel","@id":22,"inputText":"David","labelStyle":4,"shape":null,"layoutText":null}],"mainLabel":22},"portCompositions":[{"type":"portGroup","@id":23,"ordered":false,"portCompositions":[{"type":"port","@id":24,"shape":{"type":"rect","xposition":"NaN","yposition":"NaN","width":"NaN","height":"NaN","shapeStyle":2},"labelManager":{"labels":[{"type":"textLabel","@id":25,"inputText":"2","labelStyle":4,"shape":null,"layoutText":null}],"mainLabel":25},"properties":{"id":"b00cc507253cc1ab2c8999b5aaf96f16"},"orientationAtVertex":"FREE","reference":null},{"type":"port","@id":26,"shape":{"type":"rect","xposition":"NaN","yposition":"NaN","width":"NaN","height":"NaN","shapeStyle":{"@id":27,"description":"default shape style","color":{"argb":"ff000000"}}},"labelManager":{"labels":[{"type":"textLabel","@id":28,"inputText":"1","labelStyle":{"@id":29,"description":"default text label style","font":{"fontName":"SansSerif","style":0,"size":10},"noBreak":false,"color":{"argb":"ff000000"},"showLabel":true,"placement":"FREE","horizontalPlacement":"FREE","verticalPlacement":"FREE"},"shape":null,"layoutText":null}],"mainLabel":28},"properties":{},"orientationAtVertex":"FREE","reference":null}],"properties":{},"reference":null}],"properties":{"id":"6e2741fb133b830e077e539b2b36094b","type":"device"},"reference":null},{"@id":30,"shape":{"type":"rect","xposition":"NaN","yposition":"NaN","width":"NaN","height":"NaN","shapeStyle":2},"labelManager":{"labels":[{"type":"textLabel","@id":31,"inputText":"Ali","labelStyle":4,"shape":null,"layoutText":null}],"mainLabel":31},"portCompositions":[{"type":"portGroup","@id":32,"ordered":false,"portCompositions":[{"type":"port","@id":33,"shape":{"type":"rect","xposition":"NaN","yposition":"NaN","width":"NaN","height":"NaN","shapeStyle":2},"labelManager":{"labels":[{"type":"textLabel","@id":34,"inputText":"2","labelStyle":4,"shape":null,"layoutText":null}],"mainLabel":34},"properties":{"id":"000764ca1fd1df0c149d98a6fd3f331f"},"orientationAtVertex":"FREE","reference":null}],"properties":{},"reference":null}],"properties":{"id":"dc71813cddfeb1cbe799b4e28d2b1caa","type":"socket"},"reference":null},{"@id":35,"shape":{"type":"rect","xposition":"NaN","yposition":"NaN","width":"NaN","height":"NaN","shapeStyle":2},"labelManager":{"labels":[{"type":"textLabel","@id":36,"inputText":"Niklas","labelStyle":4,"shape":null,"layoutText":null}],"mainLabel":36},"portCompositions":[{"type":"portGroup","@id":37,"ordered":false,"portCompositions":[{"type":"port","@id":38,"shape":{"type":"rect","xposition":"NaN","yposition":"NaN","width":"NaN","height":"NaN","shapeStyle":2},"labelManager":{"labels":[{"type":"textLabel","@id":39,"inputText":"1","labelStyle":4,"shape":null,"layoutText":null}],"mainLabel":39},"properties":{"id":"c25b149d49ced2c15b3ce6f5d6ff16b5"},"orientationAtVertex":"FREE","reference":null}],"properties":{},"reference":null}],"properties":{"id":"83bd92fc9a725ea52af4041bc259c404","type":"device"},"reference":null},{"@id":40,"shape":{"type":"rect","xposition":"NaN","yposition":"NaN","width":"NaN","height":"NaN","shapeStyle":2},"labelManager":{"labels":[{"type":"textLabel","@id":41,"inputText":"Tim","labelStyle":4,"shape":null,"layoutText":null}],"mainLabel":41},"portCompositions":[{"type":"portGroup","@id":42,"ordered":false,"portCompositions":[{"type":"port","@id":43,"shape":{"type":"rect","xposition":"NaN","yposition":"NaN","width":"NaN","height":"NaN","shapeStyle":2},"labelManager":{"labels":[{"type":"textLabel","@id":44,"inputText":"1","labelStyle":4,"shape":null,"layoutText":null}],"mainLabel":44},"properties":{"id":"1e1bf46ef48b84d521d1e254f22bf82d"},"orientationAtVertex":"FREE","reference":null}],"properties":{},"reference":null}],"properties":{"id":"1c3f25a02029adcdd3e90e06b39b66b6","type":"socket"},"reference":null},{"@id":45,"shape":{"type":"rect","xposition":"NaN","yposition":"NaN","width":"NaN","height":"NaN","shapeStyle":2},"labelManager":{"labels":[{"type":"textLabel","@id":46,"inputText":"Luca","labelStyle":4,"shape":null,"layoutText":null}],"mainLabel":46},"portCompositions":[{"type":"portGroup","@id":47,"ordered":false,"portCompositions":[{"type":"port","@id":48,"shape":{"type":"rect","xposition":"NaN","yposition":"NaN","width":"NaN","height":"NaN","shapeStyle":2},"labelManager":{"labels":[{"type":"textLabel","@id":49,"inputText":"1","labelStyle":4,"shape":null,"layoutText":null}],"mainLabel":49},"properties":{"id":"2dbefaa98f42ad92a8f3cd1e17380d06"},"orientationAtVertex":"FREE","reference":null}],"properties":{},"reference":null}],"properties":{"id":"1233713dd2d8ad531fb71e9a8682a95a","type":"device"},"reference":null},{"@id":50,"shape":{"type":"rect","xposition":"NaN","yposition":"NaN","width":"NaN","height":"NaN","shapeStyle":2},"labelManager":{"labels":[{"type":"textLabel","@id":51,"inputText":"Oskar","labelStyle":4,"shape":null,"layoutText":null}],"mainLabel":51},"portCompositions":[{"type":"portGroup","@id":52,"ordered":false,"portCompositions":[{"type":"port","@id":53,"shape":{"type":"rect","xposition":"NaN","yposition":"NaN","width":"NaN","height":"NaN","shapeStyle":2},"labelManager":{"labels":[{"type":"textLabel","@id":54,"inputText":"1","labelStyle":4,"shape":null,"layoutText":null}],"mainLabel":54},"properties":{"id":"54d42731c84316cce7c9227e55a05865"},"orientationAtVertex":"FREE","reference":null}],"properties":{},"reference":null}],"properties":{"id":"306f8b34561adfd5eae1823daa5d0768","type":"socket"},"reference":null},{"@id":55,"shape":{"type":"rect","xposition":"NaN","yposition":"NaN","width":"NaN","height":"NaN","shapeStyle":2},"labelManager":{"labels":[{"type":"textLabel","@id":56,"inputText":"Benjamin","labelStyle":4,"shape":null,"layoutText":null}],"mainLabel":56},"portCompositions":[{"type":"portGroup","@id":57,"ordered":false,"portCompositions":[{"type":"port","@id":58,"shape":{"type":"rect","xposition":"NaN","yposition":"NaN","width":"NaN","height":"NaN","shapeStyle":2},"labelManager":{"labels":[{"type":"textLabel","@id":59,"inputText":"1","labelStyle":4,"shape":null,"layoutText":null}],"mainLabel":59},"properties":{"id":"c2f03fc2320712f02ca78dd8de4b67fc"},"orientationAtVertex":"FREE","reference":null}],"properties":{},"reference":null}],"properties":{"id":"99d57b58485e2611927c72f7bc3c5e8b","type":"device"},"reference":null},{"@id":60,"shape":{"type":"rect","xposition":"NaN","yposition":"NaN","width":"NaN","height":"NaN","shapeStyle":2},"labelManager":{"labels":[{"type":"textLabel","@id":61,"inputText":"Julius","labelStyle":4,"shape":null,"layoutText":null}],"mainLabel":61},"portCompositions":[{"type":"portGroup","@id":62,"ordered":false,"portCompositions":[{"type":"port","@id":63,"shape":{"type":"rect","xposition":"NaN","yposition":"NaN","width":"NaN","height":"NaN","shapeStyle":2},"labelManager":{"labels":[{"type":"textLabel","@id":64,"inputText":"1","labelStyle":4,"shape":null,"layoutText":null}],"mainLabel":64},"properties":{"id":"956d8b77a2458a57feeb9ca80c1eb6c9"},"orientationAtVertex":"FREE","reference":null}],"properties":{},"reference":null}],"properties":{"id":"7b9b51d971e58f5c54bf433836fa07ef","type":"socket"},"reference":null},{"@id":65,"shape":{"type":"rect","xposition":"NaN","yposition":"NaN","width":"NaN","height":"NaN","shapeStyle":2},"labelManager":{"labels":[{"type":"textLabel","@id":66,"inputText":"Anton","labelStyle":4,"shape":null,"layoutText":null}],"mainLabel":66},"portCompositions":[{"type":"port","@id":67,"shape":{"type":"rect","xposition":"NaN","yposition":"NaN","width":"NaN","height":"NaN","shapeStyle":2},"labelManager":{"labels":[{"type":"textLabel","@id":68,"inputText":"1","labelStyle":4,"shape":null,"layoutText":null}],"mainLabel":68},"properties":{"id":"cd975772e4a2d0ae6ca1f95d6b4082f6"},"orientationAtVertex":"FREE","reference":null}],"properties":{"id":"caef21b21e08da710816fd614c3837ce","type":"splice"},"reference":null},{"@id":69,"shape":{"type":"rect","xposition":"NaN","yposition":"NaN","width":"NaN","height":"NaN","shapeStyle":2},"labelManager":{"labels":[{"type":"textLabel","@id":70,"inputText":"Gabriel","labelStyle":4,"shape":null,"layoutText":null}],"mainLabel":70},"portCompositions":[{"type":"portGroup","@id":71,"ordered":false,"portCompositions":[{"type":"port","@id":72,"shape":{"type":"rect","xposition":"NaN","yposition":"NaN","width":"NaN","height":"NaN","shapeStyle":2},"labelManager":{"labels":[{"type":"textLabel","@id":73,"inputText":"1","labelStyle":4,"shape":null,"layoutText":null}],"mainLabel":73},"properties":{"id":"bf168a66726a23eeebb14e9967ac3a50"},"orientationAtVertex":"FREE","reference":null}],"properties":{},"reference":null}],"properties":{"id":"8f1c7add97a45fbfa48dcecca3d2539d","type":"device"},"reference":null},{"@id":74,"shape":{"type":"rect","xposition":"NaN","yposition":"NaN","width":"NaN","height":"NaN","shapeStyle":2},"labelManager":{"labels":[{"type":"textLabel","@id":75,"inputText":"Lukas","labelStyle":4,"shape":null,"layoutText":null}],"mainLabel":75},"portCompositions":[{"type":"portGroup","@id":76,"ordered":false,"portCompositions":[{"type":"port","@id":77,"shape":{"type":"rect","xposition":"NaN","yposition":"NaN","width":"NaN","height":"NaN","shapeStyle":2},"labelManager":{"labels":[{"type":"textLabel","@id":78,"inputText":"1","labelStyle":4,"shape":null,"layoutText":null}],"mainLabel":78},"properties":{"id":"c93b0b8f9511239485ac1f39394840b3"},"orientationAtVertex":"FREE","reference":null}],"properties":{},"reference":null}],"properties":{"id":"0dfb59676be9d1a6d54cc76af5d39f88","type":"socket"},"reference":null},{"@id":79,"shape":{"type":"rect","xposition":"NaN","yposition":"NaN","width":"NaN","height":"NaN","shapeStyle":2},"labelManager":{"labels":[{"type":"textLabel","@id":80,"inputText":"Alexander","labelStyle":4,"shape":null,"layoutText":null}],"mainLabel":80},"portCompositions":[{"type":"port","@id":81,"shape":{"type":"rect","xposition":"NaN","yposition":"NaN","width":"NaN","height":"NaN","shapeStyle":2},"labelManager":{"labels":[{"type":"textLabel","@id":82,"inputText":"1","labelStyle":4,"shape":null,"layoutText":null}],"mainLabel":82},"properties":{"id":"940fdfd9918d367b73ee59b71b2d1e36"},"orientationAtVertex":"FREE","reference":null}],"properties":{"id":"63d94b0e52cf6d75e824a5e51edaa3d7","type":"splice"},"reference":null},{"@id":83,"shape":{"type":"rect","xposition":"NaN","yposition":"NaN","width":"NaN","height":"NaN","shapeStyle":2},"labelManager":{"labels":[{"type":"textLabel","@id":84,"inputText":"Tom","labelStyle":4,"shape":null,"layoutText":null}],"mainLabel":84},"portCompositions":[{"type":"portGroup","@id":85,"ordered":false,"portCompositions":[{"type":"port","@id":86,"shape":{"type":"rect","xposition":"NaN","yposition":"NaN","width":"NaN","height":"NaN","shapeStyle":2},"labelManager":{"labels":[{"type":"textLabel","@id":87,"inputText":"1","labelStyle":4,"shape":null,"layoutText":null}],"mainLabel":87},"properties":{"id":"6993559d458d47ce520af3f2984a94d0"},"orientationAtVertex":"FREE","reference":null},{"type":"port","@id":88,"shape":{"type":"rect","xposition":"NaN","yposition":"NaN","width":"NaN","height":"NaN","shapeStyle":27},"labelManager":{"labels":[{"type":"textLabel","@id":89,"inputText":"2","labelStyle":29,"shape":null,"layoutText":null}],"mainLabel":89},"properties":{},"orientationAtVertex":"FREE","reference":null}],"properties":{},"reference":null}],"properties":{"id":"faef9537242501cedd49589d40348d93","type":"device"},"reference":null},{"@id":90,"shape":{"type":"rect","xposition":"NaN","yposition":"NaN","width":"NaN","height":"NaN","shapeStyle":2},"labelManager":{"labels":[{"type":"textLabel","@id":91,"inputText":"Vincent","labelStyle":4,"shape":null,"layoutText":null}],"mainLabel":91},"portCompositions":[{"type":"portGroup","@id":92,"ordered":false,"portCompositions":[{"type":"port","@id":93,"shape":{"type":"rect","xposition":"NaN","yposition":"NaN","width":"NaN","height":"NaN","shapeStyle":2},"labelManager":{"labels":[{"type":"textLabel","@id":94,"inputText":"1","labelStyle":4,"shape":null,"layoutText":null}],"mainLabel":94},"properties":{"id":"c33dc518b64a2de166ff49ff3ee25b3d"},"orientationAtVertex":"FREE","reference":null}],"properties":{},"reference":null}],"properties":{"id":"a7718d8b54a5e6035645e34158f5007f","type":"socket"},"reference":null},{"@id":95,"shape":{"type":"rect","xposition":"NaN","yposition":"NaN","width":"NaN","height":"NaN","shapeStyle":2},"labelManager":{"labels":[{"type":"textLabel","@id":96,"inputText":"Finn","labelStyle":4,"shape":null,"layoutText":null}],"mainLabel":96},"portCompositions":[{"type":"port","@id":97,"shape":{"type":"rect","xposition":"NaN","yposition":"NaN","width":"NaN","height":"NaN","shapeStyle":2},"labelManager":{"labels":[{"type":"textLabel","@id":98,"inputText":"1","labelStyle":4,"shape":null,"layoutText":null}],"mainLabel":98},"properties":{"id":"eed99ad162f24a1a91e0f2e27755cba0"},"orientationAtVertex":"FREE","reference":null}],"properties":{"id":"9ce763e9516ae25593bde9448cbef076","type":"splice"},"reference":null},{"@id":99,"shape":{"type":"rect","xposition":"NaN","yposition":"NaN","width":"NaN","height":"NaN","shapeStyle":2},"labelManager":{"labels":[{"type":"textLabel","@id":100,"inputText":"Leo","labelStyle":4,"shape":null,"layoutText":null}],"mainLabel":100},"portCompositions":[{"type":"portGroup","@id":101,"ordered":false,"portCompositions":[{"type":"port","@id":102,"shape":{"type":"rect","xposition":"NaN","yposition":"NaN","width":"NaN","height":"NaN","shapeStyle":2},"labelManager":{"labels":[{"type":"textLabel","@id":103,"inputText":"1","labelStyle":4,"shape":null,"layoutText":null}],"mainLabel":103},"properties":{"id":"31b2f2208e803a8df5c1560886e01266"},"orientationAtVertex":"FREE","reference":null},{"type":"port","@id":104,"shape":{"type":"rect","xposition":"NaN","yposition":"NaN","width":"NaN","height":"NaN","shapeStyle":27},"labelManager":{"labels":[{"type":"textLabel","@id":105,"inputText":"2","labelStyle":29,"shape":null,"layoutText":null}],"mainLabel":105},"properties":{},"orientationAtVertex":"FREE","reference":null}],"properties":{},"reference":null}],"properties":{"id":"a7a826a36420b27c55d27a0bdea4b114","type":"device"},"reference":null},{"@id":106,"shape":{"type":"rect","xposition":"NaN","yposition":"NaN","width":"NaN","height":"NaN","shapeStyle":2},"labelManager":{"labels":[{"type":"textLabel","@id":107,"inputText":"Jonas","labelStyle":4,"shape":null,"layoutText":null}],"mainLabel":107},"portCompositions":[{"type":"portGroup","@id":108,"ordered":false,"portCompositions":[{"type":"port","@id":109,"shape":{"type":"rect","xposition":"NaN","yposition":"NaN","width":"NaN","height":"NaN","shapeStyle":2},"labelManager":{"labels":[{"type":"textLabel","@id":110,"inputText":"1","labelStyle":4,"shape":null,"layoutText":null}],"mainLabel":110},"properties":{"id":"818d29542a39d0c2a6719657eb6cbc05"},"orientationAtVertex":"FREE","reference":null}],"properties":{},"reference":null}],"properties":{"id":"5ac69e61d90400f4b584f946e4ae52c1","type":"socket"},"reference":null},{"@id":111,"shape":{"type":"rect","xposition":"NaN","yposition":"NaN","width":"NaN","height":"NaN","shapeStyle":2},"labelManager":{"labels":[{"type":"textLabel","@id":112,"inputText":"Paul","labelStyle":4,"shape":null,"layoutText":null}],"mainLabel":112},"portCompositions":[{"type":"portGroup","@id":113,"ordered":false,"portCompositions":[{"type":"port","@id":114,"shape":{"type":"rect","xposition":"NaN","yposition":"NaN","width":"NaN","height":"NaN","shapeStyle":2},"labelManager":{"labels":[{"type":"textLabel","@id":115,"inputText":"1","labelStyle":4,"shape":null,"layoutText":null}],"mainLabel":115},"properties":{"id":"ef35c8e3dffc627f62250813cde307e9"},"orientationAtVertex":"FREE","reference":null}],"properties":{},"reference":null}],"properties":{"id":"8450468ddab44900383a4b2e6e8b5c54","type":"device"},"reference":null},{"@id":116,"shape":{"type":"rect","xposition":"NaN","yposition":"NaN","width":"NaN","height":"NaN","shapeStyle":2},"labelManager":{"labels":[{"type":"textLabel","@id":117,"inputText":"Moritz","labelStyle":4,"shape":null,"layoutText":null}],"mainLabel":117},"portCompositions":[{"type":"portGroup","@id":118,"ordered":false,"portCompositions":[{"type":"port","@id":119,"shape":{"type":"rect","xposition":"NaN","yposition":"NaN","width":"NaN","height":"NaN","shapeStyle":2},"labelManager":{"labels":[{"type":"textLabel","@id":120,"inputText":"1","labelStyle":4,"shape":null,"layoutText":null}],"mainLabel":120},"properties":{"id":"181b26b2fa9f2f6e574a06897506dbd0"},"orientationAtVertex":"FREE","reference":null}],"properties":{},"reference":null}],"properties":{"id":"431a9ce7fe285637696126f99fba4400","type":"socket"},"reference":null},{"@id":121,"shape":{"type":"rect","xposition":"NaN","yposition":"NaN","width":"NaN","height":"NaN","shapeStyle":2},"labelManager":{"labels":[{"type":"textLabel","@id":122,"inputText":"Daniel","labelStyle":4,"shape":null,"layoutText":null}],"mainLabel":122},"portCompositions":[{"type":"portGroup","@id":123,"ordered":false,"portCompositions":[{"type":"port","@id":124,"shape":{"type":"rect","xposition":"NaN","yposition":"NaN","width":"NaN","height":"NaN","shapeStyle":2},"labelManager":{"labels":[{"type":"textLabel","@id":125,"inputText":"1","labelStyle":4,"shape":null,"layoutText":null}],"mainLabel":125},"properties":{"id":"3906414a1afcd964a5a59ceb3d35e728"},"orientationAtVertex":"FREE","reference":null},{"type":"port","@id":126,"shape":{"type":"rect","xposition":"NaN","yposition":"NaN","width":"NaN","height":"NaN","shapeStyle":27},"labelManager":{"labels":[{"type":"textLabel","@id":127,"inputText":"2","labelStyle":29,"shape":null,"layoutText":null}],"mainLabel":127},"properties":{},"orientationAtVertex":"FREE","reference":null}],"properties":{},"reference":null}],"properties":{"id":"ee061335477d9b7aea6f8a0a6fc48434","type":"device"},"reference":null},{"@id":128,"shape":{"type":"rect","xposition":"NaN","yposition":"NaN","width":"NaN","height":"NaN","shapeStyle":2},"labelManager":{"labels":[{"type":"textLabel","@id":129,"inputText":"Karl","labelStyle":4,"shape":null,"layoutText":null}],"mainLabel":129},"portCompositions":[{"type":"portGroup","@id":130,"ordered":false,"portCompositions":[{"type":"port","@id":131,"shape":{"type":"rect","xposition":"NaN","yposition":"NaN","width":"NaN","height":"NaN","shapeStyle":2},"labelManager":{"labels":[{"type":"textLabel","@id":132,"inputText":"1","labelStyle":4,"shape":null,"layoutText":null}],"mainLabel":132},"properties":{"id":"b6511ad22c5a11bfe6580f692e9727c0"},"orientationAtVertex":"FREE","reference":null}],"properties":{},"reference":null}],"properties":{"id":"48e94761ba0d14985d81892afb39d9b4","type":"socket"},"reference":null},{"@id":133,"shape":{"type":"rect","xposition":"NaN","yposition":"NaN","width":"NaN","height":"NaN","shapeStyle":2},"labelManager":{"labels":[{"type":"textLabel","@id":134,"inputText":"Leonard","labelStyle":4,"shape":null,"layoutText":null}],"mainLabel":134},"portCompositions":[{"type":"portGroup","@id":135,"ordered":false,"portCompositions":[{"type":"port","@id":136,"shape":{"type":"rect","xposition":"NaN","yposition":"NaN","width":"NaN","height":"NaN","shapeStyle":2},"labelManager":{"labels":[{"type":"textLabel","@id":137,"inputText":"1","labelStyle":4,"shape":null,"layoutText":null}],"mainLabel":137},"properties":{"id":"3a3e148bd9b4651e13a44ebf836ae2bd"},"orientationAtVertex":"FREE","reference":null},{"type":"port","@id":138,"shape":{"type":"rect","xposition":"NaN","yposition":"NaN","width":"NaN","height":"NaN","shapeStyle":27},"labelManager":{"labels":[{"type":"textLabel","@id":139,"inputText":"2","labelStyle":29,"shape":null,"layoutText":null}],"mainLabel":139},"properties":{},"orientationAtVertex":"FREE","reference":null}],"properties":{},"reference":null}],"properties":{"id":"b7ac3a39ceed23f6177b869366d4fee3","type":"device"},"reference":null},{"@id":140,"shape":{"type":"rect","xposition":"NaN","yposition":"NaN","width":"NaN","height":"NaN","shapeStyle":2},"labelManager":{"labels":[{"type":"textLabel","@id":141,"inputText":"Philipp","labelStyle":4,"shape":null,"layoutText":null}],"mainLabel":141},"portCompositions":[{"type":"portGroup","@id":142,"ordered":false,"portCompositions":[{"type":"port","@id":143,"shape":{"type":"rect","xposition":"NaN","yposition":"NaN","width":"NaN","height":"NaN","shapeStyle":2},"labelManager":{"labels":[{"type":"textLabel","@id":144,"inputText":"1","labelStyle":4,"shape":null,"layoutText":null}],"mainLabel":144},"properties":{"id":"dbe6789fe29a8c73fc142f6f93cf4519"},"orientationAtVertex":"FREE","reference":null}],"properties":{},"reference":null}],"properties":{"id":"eef6478422bf37f7a1ac893940ec46a7","type":"socket"},"reference":null},{"@id":145,"shape":{"type":"rect","xposition":"NaN","yposition":"NaN","width":"NaN","height":"NaN","shapeStyle":2},"labelManager":{"labels":[{"type":"textLabel","@id":146,"inputText":"Jan","labelStyle":4,"shape":null,"layoutText":null}],"mainLabel":146},"portCompositions":[{"type":"port","@id":147,"shape":{"type":"rect","xposition":"NaN","yposition":"NaN","width":"NaN","height":"NaN","shapeStyle":2},"labelManager":{"labels":[{"type":"textLabel","@id":148,"inputText":"1","labelStyle":4,"shape":null,"layoutText":null}],"mainLabel":148},"properties":{"id":"434cc7fe42e6ffbe8a1ced1c909e00f3"},"orientationAtVertex":"FREE","reference":null}],"properties":{"id":"d5dea2b9feada4d32dac1b253a709abf","type":"splice"},"reference":null},{"@id":149,"shape":{"type":"rect","xposition":"NaN","yposition":"NaN","width":"NaN","height":"NaN","shapeStyle":2},"labelManager":{"labels":[{"type":"textLabel","@id":150,"inputText":"Max","labelStyle":4,"shape":null,"layoutText":null}],"mainLabel":150},"portCompositions":[{"type":"port","@id":151,"shape":{"type":"rect","xposition":"NaN","yposition":"NaN","width":"NaN","height":"NaN","shapeStyle":2},"labelManager":{"labels":[{"type":"textLabel","@id":152,"inputText":"1","labelStyle":4,"shape":null,"layoutText":null}],"mainLabel":152},"properties":{"id":"4693fb5495992dbbd2ffae0a70740012"},"orientationAtVertex":"FREE","reference":null}],"properties":{"id":"85195231a49dc132b46961665f7197e9","type":"splice"},"reference":null},{"@id":153,"shape":null,"labelManager":{"labels":[{"type":"textLabel","@id":154,"inputText":"Ben","labelStyle":29,"shape":null,"layoutText":null}],"mainLabel":154},"portCompositions":[{"type":"portGroup","@id":155,"ordered":false,"portCompositions":[{"type":"port","@id":156,"shape":{"type":"rect","xposition":"NaN","yposition":"NaN","width":"NaN","height":"NaN","shapeStyle":27},"labelManager":{"labels":[{"type":"textLabel","@id":157,"inputText":"1","labelStyle":29,"shape":null,"layoutText":null}],"mainLabel":157},"properties":{},"orientationAtVertex":"FREE","reference":null}],"properties":{},"reference":null}],"properties":{},"reference":null},{"@id":158,"shape":null,"labelManager":{"labels":[{"type":"textLabel","@id":159,"inputText":"Samuel","labelStyle":29,"shape":null,"layoutText":null}],"mainLabel":159},"portCompositions":[{"type":"portGroup","@id":160,"ordered":false,"portCompositions":[{"type":"port","@id":161,"shape":{"type":"rect","xposition":"NaN","yposition":"NaN","width":"NaN","height":"NaN","shapeStyle":27},"labelManager":{"labels":[{"type":"textLabel","@id":162,"inputText":"1","labelStyle":29,"shape":null,"layoutText":null}],"mainLabel":162},"properties":{},"orientationAtVertex":"FREE","reference":null}],"properties":{},"reference":null}],"properties":{},"reference":null},{"@id":163,"shape":null,"labelManager":{"labels":[{"type":"textLabel","@id":164,"inputText":"Maximilian","labelStyle":29,"shape":null,"layoutText":null}],"mainLabel":164},"portCompositions":[{"type":"portGroup","@id":165,"ordered":false,"portCompositions":[{"type":"port","@id":166,"shape":{"type":"rect","xposition":"NaN","yposition":"NaN","width":"NaN","height":"NaN","shapeStyle":27},"labelManager":{"labels":[{"type":"textLabel","@id":167,"inputText":"1","labelStyle":29,"shape":null,"layoutText":null}],"mainLabel":167},"properties":{},"orientationAtVertex":"FREE","reference":null}],"properties":{},"reference":null}],"properties":{},"reference":null},{"@id":168,"shape":null,"labelManager":{"labels":[{"type":"textLabel","@id":169,"inputText":"Julian","labelStyle":29,"shape":null,"layoutText":null}],"mainLabel":169},"portCompositions":[{"type":"portGroup","@id":170,"ordered":false,"portCompositions":[{"type":"port","@id":171,"shape":{"type":"rect","xposition":"NaN","yposition":"NaN","width":"NaN","height":"NaN","shapeStyle":27},"labelManager":{"labels":[{"type":"textLabel","@id":172,"inputText":"1","labelStyle":29,"shape":null,"layoutText":null}],"mainLabel":172},"properties":{},"orientationAtVertex":"FREE","reference":null}],"properties":{},"reference":null}],"properties":{},"reference":null},{"@id":173,"shape":null,"labelManager":{"labels":[{"type":"textLabel","@id":174,"inputText":"Luis","labelStyle":29,"shape":null,"layoutText":null}],"mainLabel":174},"portCompositions":[{"type":"portGroup","@id":175,"ordered":false,"portCompositions":[{"type":"port","@id":176,"shape":{"type":"rect","xposition":"NaN","yposition":"NaN","width":"NaN","height":"NaN","shapeStyle":27},"labelManager":{"labels":[{"type":"textLabel","@id":177,"inputText":"2","labelStyle":29,"shape":null,"layoutText":null}],"mainLabel":177},"properties":{},"orientationAtVertex":"FREE","reference":null}],"properties":{},"reference":null}],"properties":{},"reference":null},{"@id":178,"shape":null,"labelManager":{"labels":[{"type":"textLabel","@id":179,"inputText":"Henry","labelStyle":29,"shape":null,"layoutText":null}],"mainLabel":179},"portCompositions":[{"type":"portGroup","@id":180,"ordered":false,"portCompositions":[{"type":"port","@id":181,"shape":{"type":"rect","xposition":"NaN","yposition":"NaN","width":"NaN","height":"NaN","shapeStyle":27},"labelManager":{"labels":[{"type":"textLabel","@id":182,"inputText":"2","labelStyle":29,"shape":null,"layoutText":null}],"mainLabel":182},"properties":{},"orientationAtVertex":"FREE","reference":null}],"properties":{},"reference":null}],"properties":{},"reference":null},{"@id":183,"shape":null,"labelManager":{"labels":[{"type":"textLabel","@id":184,"inputText":"Leon","labelStyle":29,"shape":null,"layoutText":null}],"mainLabel":184},"portCompositions":[{"type":"portGroup","@id":185,"ordered":false,"portCompositions":[{"type":"port","@id":186,"shape":{"type":"rect","xposition":"NaN","yposition":"NaN","width":"NaN","height":"NaN","shapeStyle":27},"labelManager":{"labels":[{"type":"textLabel","@id":187,"inputText":"2","labelStyle":29,"shape":null,"layoutText":null}],"mainLabel":187},"properties":{},"orientationAtVertex":"FREE","reference":null}],"properties":{},"reference":null}],"properties":{},"reference":null},{"@id":188,"shape":null,"labelManager":{"labels":[{"type":"textLabel","@id":189,"inputText":"Emil","labelStyle":29,"shape":null,"layoutText":null}],"mainLabel":189},"portCompositions":[{"type":"portGroup","@id":190,"ordered":false,"portCompositions":[{"type":"port","@id":191,"shape":{"type":"rect","xposition":"NaN","yposition":"NaN","width":"NaN","height":"NaN","shapeStyle":27},"labelManager":{"labels":[{"type":"textLabel","@id":192,"inputText":"1","labelStyle":29,"shape":null,"layoutText":null}],"mainLabel":192},"properties":{},"orientationAtVertex":"FREE","reference":null}],"properties":{},"reference":null}],"properties":{},"reference":null},{"@id":193,"shape":null,"labelManager":{"labels":[{"type":"textLabel","@id":194,"inputText":"Johannes","labelStyle":29,"shape":null,"layoutText":null}],"mainLabel":194},"portCompositions":[{"type":"portGroup","@id":195,"ordered":false,"portCompositions":[{"type":"port","@id":196,"shape":{"type":"rect","xposition":"NaN","yposition":"NaN","width":"NaN","height":"NaN","shapeStyle":27},"labelManager":{"labels":[{"type":"textLabel","@id":197,"inputText":"2","labelStyle":29,"shape":null,"layoutText":null}],"mainLabel":197},"properties":{},"orientationAtVertex":"FREE","reference":null}],"properties":{},"reference":null}],"properties":{},"reference":null}],"vertexGroups":[{"@id":198,"drawnFrame":false,"labelManager":{"labels":[],"mainLabel":null},"shape":null,"containedVertices":[7,12],"containedVertexGroups":[],"touchingPairs":[{"vertex0":7,"horizontalPlacementVertex0":"FREE","verticalPlacementVertex0":"TOP","vertex1":12,"horizontalPlacementVertex1":"FREE","verticalPlacementVertex1":"FREE"}],"portPairings":[{"port0":10,"port1":15}],"properties":{},"reference":null},{"@id":199,"drawnFrame":false,"labelManager":{"labels":[],"mainLabel":null},"shape":null,"containedVertices":[21,30,188],"containedVertexGroups":[],"touchingPairs":[{"vertex0":21,"horizontalPlacementVertex0":"FREE","verticalPlacementVertex0":"TOP","vertex1":30,"horizontalPlacementVertex1":"FREE","verticalPlacementVertex1":"FREE"},{"vertex0":21,"horizontalPlacementVertex0":"FREE","verticalPlacementVertex0":"FREE","vertex1":188,"horizontalPlacementVertex1":"FREE","verticalPlacementVertex1":"FREE"}],"portPairings":[{"port0":24,"port1":33},{"port0":26,"port1":191}],"properties":{},"reference":null},{"@id":200,"drawnFrame":false,"labelManager":{"labels":[],"mainLabel":null},"shape":null,"containedVertices":[35,40],"containedVertexGroups":[],"touchingPairs":[{"vertex0":35,"horizontalPlacementVertex0":"FREE","verticalPlacementVertex0":"TOP","vertex1":40,"horizontalPlacementVertex1":"FREE","verticalPlacementVertex1":"FREE"}],"portPairings":[{"port0":38,"port1":43}],"properties":{},"reference":null},{"@id":201,"drawnFrame":false,"labelManager":{"labels":[],"mainLabel":null},"shape":null,"containedVertices":[45,50],"containedVertexGroups":[],"touchingPairs":[{"vertex0":45,"horizontalPlacementVertex0":"FREE","verticalPlacementVertex0":"TOP","vertex1":50,"horizontalPlacementVertex1":"FREE","verticalPlacementVertex1":"FREE"}],"portPairings":[{"port0":48,"port1":53}],"properties":{},"reference":null},{"@id":202,"drawnFrame":false,"labelManager":{"labels":[],"mainLabel":null},"shape":null,"containedVertices":[55,60],"containedVertexGroups":[],"touchingPairs":[{"vertex0":55,"horizontalPlacementVertex0":"FREE","verticalPlacementVertex0":"TOP","vertex1":60,"horizontalPlacementVertex1":"FREE","verticalPlacementVertex1":"FREE"}],"portPairings":[{"port0":58,"port1":63}],"properties":{},"reference":null},{"@id":203,"drawnFrame":false,"labelManager":{"labels":[],"mainLabel":null},"shape":null,"containedVertices":[69,74],"containedVertexGroups":[],"touchingPairs":[{"vertex0":69,"horizontalPlacementVertex0":"FREE","verticalPlacementVertex0":"TOP","vertex1":74,"horizontalPlacementVertex1":"FREE","verticalPlacementVertex1":"FREE"}],"portPairings":[{"port0":72,"port1":77}],"properties":{},"reference":null},{"@id":204,"drawnFrame":false,"labelManager":{"labels":[],"mainLabel":null},"shape":null,"containedVertices":[83,90,173],"containedVertexGroups":[],"touchingPairs":[{"vertex0":83,"horizontalPlacementVertex0":"FREE","verticalPlacementVertex0":"TOP","vertex1":90,"horizontalPlacementVertex1":"FREE","verticalPlacementVertex1":"FREE"},{"vertex0":83,"horizontalPlacementVertex0":"FREE","verticalPlacementVertex0":"FREE","vertex1":173,"horizontalPlacementVertex1":"FREE","verticalPlacementVertex1":"FREE"}],"portPairings":[{"port0":86,"port1":93},{"port0":88,"port1":176}],"properties":{},"reference":null},{"@id":205,"drawnFrame":false,"labelManager":{"labels":[],"mainLabel":null},"shape":null,"containedVertices":[99,106,178],"containedVertexGroups":[],"touchingPairs":[{"vertex0":99,"horizontalPlacementVertex0":"FREE","verticalPlacementVertex0":"TOP","vertex1":106,"horizontalPlacementVertex1":"FREE","verticalPlacementVertex1":"FREE"},{"vertex0":99,"horizontalPlacementVertex0":"FREE","verticalPlacementVertex0":"FREE","vertex1":178,"horizontalPlacementVertex1":"FREE","verticalPlacementVertex1":"FREE"}],"portPairings":[{"port0":102,"port1":109},{"port0":104,"port1":181}],"properties":{},"reference":null},{"@id":206,"drawnFrame":false,"labelManager":{"labels":[],"mainLabel":null},"shape":null,"containedVertices":[111,116],"containedVertexGroups":[],"touchingPairs":[{"vertex0":111,"horizontalPlacementVertex0":"FREE","verticalPlacementVertex0":"TOP","vertex1":116,"horizontalPlacementVertex1":"FREE","verticalPlacementVertex1":"FREE"}],"portPairings":[{"port0":114,"port1":119}],"properties":{},"reference":null},{"@id":207,"drawnFrame":false,"labelManager":{"labels":[],"mainLabel":null},"shape":null,"containedVertices":[121,128,183],"containedVertexGroups":[],"touchingPairs":[{"vertex0":121,"horizontalPlacementVertex0":"FREE","verticalPlacementVertex0":"TOP","vertex1":128,"horizontalPlacementVertex1":"FREE","verticalPlacementVertex1":"FREE"},{"vertex0":121,"horizontalPlacementVertex0":"FREE","verticalPlacementVertex0":"FREE","vertex1":183,"horizontalPlacementVertex1":"FREE","verticalPlacementVertex1":"FREE"}],"portPairings":[{"port0":124,"port1":131},{"port0":126,"port1":186}],"properties":{},"reference":null},{"@id":208,"drawnFrame":false,"labelManager":{"labels":[],"mainLabel":null},"shape":null,"containedVertices":[133,140,193],"containedVertexGroups":[],"touchingPairs":[{"vertex0":133,"horizontalPlacementVertex0":"FREE","verticalPlacementVertex0":"TOP","vertex1":140,"horizontalPlacementVertex1":"FREE","verticalPlacementVertex1":"FREE"},{"vertex0":133,"horizontalPlacementVertex0":"FREE","verticalPlacementVertex0":"FREE","vertex1":193,"horizontalPlacementVertex1":"FREE","verticalPlacementVertex1":"FREE"}],"portPairings":[{"port0":136,"port1":143},{"port0":138,"port1":196}],"properties":{},"reference":null}],"edges":[{"@id":209,"ports":[63,151],"labelManager":{"innerLabels":[{"type":"textLabel","@id":210,"inputText":"Peter","labelStyle":4,"shape":null,"layoutText":null}],"allPortLabels":[],"mainLabel":210},"pathStyle":{"@id":211,"description":"default path style","thickness":-1.0,"color":{"argb":"ff000000"}},"paths":[],"properties":{"id":"1a31aec8f90f537d8c5c8bec3aa6b00c"},"reference":null},{"@id":212,"ports":[97,119],"labelManager":{"innerLabels":[{"type":"textLabel","@id":213,"inputText":"Justus","labelStyle":4,"shape":null,"layoutText":null}],"allPortLabels":[],"mainLabel":213},"pathStyle":211,"paths":[],"properties":{"id":"e1c2d3b0f1b4c25f24bb0abc3934169f"},"reference":null},{"@id":214,"ports":[5,77],"labelManager":{"innerLabels":[{"type":"textLabel","@id":215,"inputText":"Emir","labelStyle":4,"shape":null,"layoutText":null}],"allPortLabels":[],"mainLabel":215},"pathStyle":211,"paths":[],"properties":{"id":"b95d41f70f87176af769d107e5374f9d"},"reference":null},{"@id":216,"ports":[109,19],"labelManager":{"innerLabels":[{"type":"textLabel","@id":217,"inputText":"Michael","labelStyle":4,"shape":null,"layoutText":null}],"allPortLabels":[],"mainLabel":217},"pathStyle":211,"paths":[],"properties":{"id":"d98edf24e99677fa82515a630de68431"},"reference":null},{"@id":218,"ports":[81,131],"labelManager":{"innerLabels":[{"type":"textLabel","@id":219,"inputText":"Theo","labelStyle":4,"shape":null,"layoutText":null}],"allPortLabels":[],"mainLabel":219},"pathStyle":211,"paths":[],"properties":{"id":"66895e4118e69a7d240e17f2ef642a72"},"reference":null},{"@id":220,"ports":[143,151],"labelManager":{"innerLabels":[{"type":"textLabel","@id":221,"inputText":"Simon","labelStyle":4,"shape":null,"layoutText":null}],"allPortLabels":[],"mainLabel":221},"pathStyle":211,"paths":[],"properties":{"id":"117bed5e74ea440abc164338717a6382"},"reference":null},{"@id":222,"ports":[43,171],"labelManager":{"innerLabels":[{"type":"textLabel","@id":223,"inputText":"Carl","labelStyle":29,"shape":null,"layoutText":null}],"allPortLabels":[],"mainLabel":223},"pathStyle":{"@id":224,"description":"default path style","thickness":-1.0,"color":{"argb":"ff000000"}},"paths":[],"properties":{},"reference":null},{"@id":225,"ports":[161,191],"labelManager":{"innerLabels":[{"type":"textLabel","@id":226,"inputText":"Frederik","labelStyle":29,"shape":null,"layoutText":null}],"allPortLabels":[],"mainLabel":226},"pathStyle":224,"paths":[],"properties":{},"reference":null},{"@id":227,"ports":[196,181],"labelManager":{"innerLabels":[{"type":"textLabel","@id":228,"inputText":"Theodor","labelStyle":29,"shape":null,"layoutText":null}],"allPortLabels":[],"mainLabel":228},"pathStyle":224,"paths":[],"properties":{},"reference":null},{"@id":229,"ports":[63,156],"labelManager":{"innerLabels":[{"type":"textLabel","@id":230,"inputText":"Liam","labelStyle":29,"shape":null,"layoutText":null}],"allPortLabels":[],"mainLabel":230},"pathStyle":224,"paths":[],"properties":{},"reference":null},{"@id":231,"ports":[67,119],"labelManager":{"innerLabels":[{"type":"textLabel","@id":232,"inputText":"Muhammed","labelStyle":29,"shape":null,"layoutText":null}],"allPortLabels":[],"mainLabel":232},"pathStyle":224,"paths":[],"properties":{},"reference":null},{"@id":233,"ports":[147,53],"labelManager":{"innerLabels":[{"type":"textLabel","@id":234,"inputText":"Can","labelStyle":29,"shape":null,"layoutText":null}],"allPortLabels":[],"mainLabel":234},"pathStyle":224,"paths":[],"properties":{},"reference":null},{"@id":235,"ports":[93,147],"labelManager":{"innerLabels":[{"type":"textLabel","@id":236,"inputText":"Milan","labelStyle":29,"shape":null,"layoutText":null}],"allPortLabels":[],"mainLabel":236},"pathStyle":224,"paths":[],"properties":{},"reference":null},{"@id":237,"ports":[43,166],"labelManager":{"innerLabels":[{"type":"textLabel","@id":238,"inputText":"Mika","labelStyle":29,"shape":null,"layoutText":null}],"allPortLabels":[],"mainLabel":238},"pathStyle":224,"paths":[],"properties":{},"reference":null},{"@id":239,"ports":[186,33],"labelManager":{"innerLabels":[{"type":"textLabel","@id":240,"inputText":"Konstantin","labelStyle":29,"shape":null,"layoutText":null}],"allPortLabels":[],"mainLabel":240},"pathStyle":224,"paths":[],"properties":{},"reference":null},{"@id":241,"ports":[15,131],"labelManager":{"innerLabels":[{"type":"textLabel","@id":242,"inputText":"Joel","labelStyle":29,"shape":null,"layoutText":null}],"allPortLabels":[],"mainLabel":242},"pathStyle":224,"paths":[],"properties":{},"reference":null},{"@id":243,"ports":[43,67],"labelManager":{"innerLabels":[{"type":"textLabel","@id":244,"inputText":"Valentin","labelStyle":29,"shape":null,"layoutText":null}],"allPortLabels":[],"mainLabel":244},"pathStyle":224,"paths":[],"properties":{},"reference":null},{"@id":245,"ports":[77,63],"labelManager":{"innerLabels":[{"type":"textLabel","@id":246,"inputText":"Levi","labelStyle":29,"shape":null,"layoutText":null}],"allPortLabels":[],"mainLabel":246},"pathStyle":224,"paths":[],"properties":{},"reference":null},{"@id":247,"ports":[15,77],"labelManager":{"innerLabels":[{"type":"textLabel","@id":248,"inputText":"Christian","labelStyle":29,"shape":null,"layoutText":null}],"allPortLabels":[],"mainLabel":248},"pathStyle":224,"paths":[],"properties":{},"reference":null},{"@id":249,"ports":[15,176],"labelManager":{"innerLabels":[{"type":"textLabel","@id":250,"inputText":"Florian","labelStyle":29,"shape":null,"layoutText":null}],"allPortLabels":[],"mainLabel":250},"pathStyle":224,"paths":[],"properties":{},"reference":null},{"@id":251,"ports":[15,43],"labelManager":{"innerLabels":[{"type":"textLabel","@id":252,"inputText":"Michael","labelStyle":29,"shape":null,"layoutText":null}],"allPortLabels":[],"mainLabel":252},"pathStyle":224,"paths":[],"properties":{},"reference":null}],"edgeBundles":[]}