{"vertices":[{"@id":1,"shape":{"type":"rect","xposition":"NaN","yposition":"NaN","width":"NaN","height":"NaN","shapeStyle":{"@id":2,"description":"default shape style","color":{"argb":"ff000000"}}},"labelManager":{"labels":[{"type":"textLabel","@id":3,"inputText":"David","labelStyle":{"@id":4,"description":"default text label style","font":{"fontName":"SansSerif","style":0,"size":10},"noBreak":false,"color":{"argb":"ff000000"},"showLabel":true,"placement":"FREE","horizontalPlacement":"FREE","verticalPlacement":"FREE"},"shape":null,"layoutText":null}],"mainLabel":3},"portCompositions":[{"type":"portGroup","@id":5,"ordered":false,"portCompositions":[{"type":"port","@id":6,"shape":{"type":"rect","xposition":"NaN","yposition":"NaN","width":"NaN","height":"NaN","shapeStyle":2},"labelManager":{"labels":[{"type":"textLabel","@id":7,"inputText":"1","labelStyle":4,"shape":null,"layoutText":null}],"mainLabel":7},"properties":{"id":"60a160db373d3769af729fa145d8b766"},"orientationAtVertex":"FREE","reference":null},{"type":"port","@id":8,"shape":{"type":"rect","xposition":"NaN","yposition":"NaN","width":"NaN","height":"NaN","shapeStyle":{"@id":9,"description":"default shape style","color":{"argb":"ff000000"}}},"labelManager":{"labels":[{"type":"textLabel","@id":10,"inputText":"2","labelStyle":{"@id":11,"description":"default text label style","font":{"fontName":"SansSerif","style":0,"size":10},"noBreak":false,"color":{"argb":"ff000000"},"showLabel":true,"placement":"FREE","horizontalPlacement":"FREE","verticalPlacement":"FREE"},"shape":null,"layoutText":null}],"mainLabel":10},"properties":{},"orientationAtVertex":"FREE","reference":null}],"properties":{},"reference":null}],"properties":{"id":"5d41c413837cfff558074b022fe841e3","type":"plug"},"reference":null},{"@id":12,"shape":{"type":"rect","xposition":"NaN","yposition":"NaN","width":"NaN","height":"NaN","shapeStyle":2},"labelManager":{"labels":[{"type":"textLabel","@id":13,"inputText":"Oskar","labelStyle":4,"shape":null,"layoutText":null}],"mainLabel":13},"portCompositions":[{"type":"portGroup","@id":14,"ordered":false,"portCompositions":[{"type":"port","@id":15,"shape":{"type":"rect","xposition":"NaN","yposition":"NaN","width":"NaN","height":"NaN","shapeStyle":2},"labelManager":{"labels":[{"type":"textLabel","@id":16,"inputText":"1","labelStyle":4,"shape":null,"layoutText":null}],"mainLabel":16},"properties":{"id":"12cd45470a36ab8aeb8c60b83c28e46b"},"orientationAtVertex":"FREE","reference":null},{"type":"port","@id":17,"shape":{"type":"rect","xposition":"NaN","yposition":"NaN","width":"NaN","height":"NaN","shapeStyle":9},"labelManager":{"labels":[{"type":"textLabel","@id":18,"inputText":"2","labelStyle":11,"shape":null,"layoutText":null}],"mainLabel":18},"properties":{},"orientationAtVertex":"FREE","reference":null}],"properties":{},"reference":null}],"properties":{"id":"4ad8087899be38af01f1ab6bcb4430fe","type":"plug"},"reference":null},{"@id":19,"shape":{"type":"rect","xposition":"NaN","yposition":"NaN","width":"NaN","height":"NaN","shapeStyle":2},"labelManager":{"labels":[{"type":"textLabel","@id":20,"inputText":"Tim","labelStyle":4,"shape":null,"layoutText":null}],"mainLabel":20},"portCompositions":[{"type":"portGroup","@id":21,"ordered":false,"portCompositions":[{"type":"port","@id":22,"shape":{"type":"rect","xposition":"NaN","yposition":"NaN","width":"NaN","height":"NaN","shapeStyle":2},"labelManager":{"labels":[{"type":"textLabel","@id":23,"inputText":"1","labelStyle":4,"shape":null,"layoutText":null}],"mainLabel":23},"properties":{"id":"71f843a239fcc0b7669bff03fb037fae"},"orientationAtVertex":"FREE","reference":null}],"properties":{},"reference":null},{"type":"portGroup","@id":24,"ordered":false,"portCompositions":[],"properties":{},"reference":null}],"properties":{"id":"2c990db7967ce4cefb2710982c38a1b7","type":"device"},"reference":null},{"@id":25,"shape":{"type":"rect","xposition":"NaN","yposition":"NaN","width":"NaN","height":"NaN","shapeStyle":2},"labelManager":{"labels":[{"type":"textLabel","@id":26,"inputText":"Theo","labelStyle":4,"shape":null,"layoutText":null}],"mainLabel":26},"portCompositions":[{"type":"portGroup","@id":27,"ordered":false,"portCompositions":[{"type":"port","@id":28,"shape":{"type":"rect","xposition":"NaN","yposition":"NaN","width":"NaN","height":"NaN","shapeStyle":2},"labelManager":{"labels":[{"type":"textLabel","@id":29,"inputText":"1","labelStyle":4,"shape":null,"layoutText":null}],"mainLabel":29},"properties":{"id":"616a92441e9d7564a98d87a70115bb69"},"orientationAtVertex":"FREE","reference":null}],"properties":{},"reference":null}],"properties":{"id":"ba23ca7525327f9961eee6689c56ed80","type":"socket"},"reference":null},{"@id":30,"shape":{"type":"rect","xposition":"NaN","yposition":"NaN","width":"NaN","height":"NaN","shapeStyle":2},"labelManager":{"labels":[{"type":"textLabel","@id":31,"inputText":"Paul","labelStyle":4,"shape":null,"layoutText":null}],"mainLabel":31},"portCompositions":[{"type":"port","@id":32,"shape":{"type":"rect","xposition":"NaN","yposition":"NaN","width":"NaN","height":"NaN","shapeStyle":2},"labelManager":{"labels":[{"type":"textLabel","@id":33,"inputText":"1","labelStyle":4,"shape":null,"layoutText":null}],"mainLabel":33},"properties":{"id":"e3e9e636b10e4177223b0c58694e9f66"},"orientationAtVertex":"FREE","reference":null}],"properties":{"id":"7e5c713f421c5936180707d0434dd7d0","type":"splice"},"reference":null},{"@id":34,"shape":{"type":"rect","xposition":"NaN","yposition":"NaN","width":"NaN","height":"NaN","shapeStyle":2},"labelManager":{"labels":[{"type":"textLabel","@id":35,"inputText":"Maximilian","labelStyle":4,"shape":null,"layoutText":null}],"mainLabel":35},"portCompositions":[{"type":"portGroup","@id":36,"ordered":false,"portCompositions":[{"type":"port","@id":37,"shape":{"type":"rect","xposition":"NaN","yposition":"NaN","width":"NaN","height":"NaN","shapeStyle":2},"labelManager":{"labels":[{"type":"textLabel","@id":38,"inputText":"1","labelStyle":4,"shape":null,"layoutText":null}],"mainLabel":38},"properties":{"id":"87ab2a18f6c1114aa13d3916a77db12e"},"orientationAtVertex":"FREE","reference":null}],"properties":{},"reference":null}],"properties":{"id":"9e55712e2336234d174d70118ab2c36b","type":"plug"},"reference":null},{"@id":39,"shape":{"type":"rect","xposition":"NaN","yposition":"NaN","width":"NaN","height":"NaN","shapeStyle":2},"labelManager":{"labels":[{"type":"textLabel","@id":40,"inputText":"Leon","labelStyle":4,"shape":null,"layoutText":null}],"mainLabel":40},"portCompositions":[{"type":"portGroup","@id":41,"ordered":false,"portCompositions":[{"type":"port","@id":42,"shape":{"type":"rect","xposition":"NaN","yposition":"NaN","width":"NaN","height":"NaN","shapeStyle":2},"labelManager":{"labels":[{"type":"textLabel","@id":43,"inputText":"1","labelStyle":4,"shape":null,"layoutText":null}],"mainLabel":43},"properties":{"id":"953af43d4c3e27d982b5ab78528bca15"},"orientationAtVertex":"FREE","reference":null}],"properties":{},"reference":null}],"properties":{"id":"019aa4c8ed78040440b6dd08326fa67a","type":"plug"},"reference":null},{"@id":44,"shape":{"type":"rect","xposition":"NaN","yposition":"NaN","width":"NaN","height":"NaN","shapeStyle":2},"labelManager":{"labels":[{"type":"textLabel","@id":45,"inputText":"Philipp","labelStyle":4,"shape":null,"layoutText":null}],"mainLabel":45},"portCompositions":[{"type":"port","@id":46,"shape":{"type":"rect","xposition":"NaN","yposition":"NaN","width":"NaN","height":"NaN","shapeStyle":2},"labelManager":{"labels":[{"type":"textLabel","@id":47,"inputText":"1","labelStyle":4,"shape":null,"layoutText":null}],"mainLabel":47},"properties":{"id":"0268eafd5a6a2e8c6c10fa77bdfdd5cb"},"orientationAtVertex":"FREE","reference":null}],"properties":{"id":"67de8f5f6d0c837e7d841089536c4f4b","type":"splice"},"reference":null},{"@id":48,"shape":{"type":"rect","xposition":"NaN","yposition":"NaN","width":"NaN","height":"NaN","shapeStyle":2},"labelManager":{"labels":[{"type":"textLabel","@id":49,"inputText":"Johann","labelStyle":4,"shape":null,"layoutText":null}],"mainLabel":49},"portCompositions":[{"type":"portGroup","@id":50,"ordered":false,"portCompositions":[{"type":"port","@id":51,"shape":{"type":"rect","xposition":"NaN","yposition":"NaN","width":"NaN","height":"NaN","shapeStyle":2},"labelManager":{"labels":[{"type":"textLabel","@id":52,"inputText":"1","labelStyle":4,"shape":null,"layoutText":null}],"mainLabel":52},"properties":{"id":"981bc9e6c572c282ab075d48c5103aaf"},"orientationAtVertex":"FREE","reference":null}],"properties":{},"reference":null}],"properties":{"id":"633aca14cbed7110af1616cc76d75962","type":"plug"},"reference":null},{"@id":53,"shape":{"type":"rect","xposition":"NaN","yposition":"NaN","width":"NaN","height":"NaN","shapeStyle":2},"labelManager":{"labels":[{"type":"textLabel","@id":54,"inputText":"Samuel","labelStyle":4,"shape":null,"layoutText":null}],"mainLabel":54},"portCompositions":[{"type":"portGroup","@id":55,"ordered":false,"portCompositions":[{"type":"port","@id":56,"shape":{"type":"rect","xposition":"NaN","yposition":"NaN","width":"NaN","height":"NaN","shapeStyle":2},"labelManager":{"labels":[{"type":"textLabel","@id":57,"inputText":"1","labelStyle":4,"shape":null,"layoutText":null}],"mainLabel":57},"properties":{"id":"b0454864b4c960d7a817ff48c37d5b0b"},"orientationAtVertex":"FREE","reference":null}],"properties":{},"reference":null}],"properties":{"id":"366e784125a75525b7b62b22ce207d67","type":"plug"},"reference":null},{"@id":58,"shape":{"type":"rect","xposition":"NaN","yposition":"NaN","width":"NaN","height":"NaN","shapeStyle":2},"labelManager":{"labels":[{"type":"textLabel","@id":59,"inputText":"Noah","labelStyle":4,"shape":null,"layoutText":null}],"mainLabel":59},"portCompositions":[{"type":"portGroup","@id":60,"ordered":false,"portCompositions":[{"type":"port","@id":61,"shape":{"type":"rect","xposition":"NaN","yposition":"NaN","width":"NaN","height":"NaN","shapeStyle":2},"labelManager":{"labels":[{"type":"textLabel","@id":62,"inputText":"2","labelStyle":4,"shape":null,"layoutText":null}],"mainLabel":62},"properties":{"id":"e72425e096ae6ebfab6810ca7179f03f"},"orientationAtVertex":"FREE","reference":null},{"type":"port","@id":63,"shape":{"type":"rect","xposition":"NaN","yposition":"NaN","width":"NaN","height":"NaN","shapeStyle":9},"labelManager":{"labels":[{"type":"textLabel","@id":64,"inputText":"1","labelStyle":11,"shape":null,"layoutText":null}],"mainLabel":64},"properties":{},"orientationAtVertex":"FREE","reference":null}],"properties":{},"reference":null},{"type":"portGroup","@id":65,"ordered":false,"portCompositions":[],"properties":{},"reference":null}],"properties":{"id":"97645a1c7c9f7c18f1ddf79a22a01d8d","type":"device"},"reference":null},{"@id":66,"shape":{"type":"rect","xposition":"NaN","yposition":"NaN","width":"NaN","height":"NaN","shapeStyle":2},"labelManager":{"labels":[{"type":"textLabel","@id":67,"inputText":"Jonas","labelStyle":4,"shape":null,"layoutText":null}],"mainLabel":67},"portCompositions":[{"type":"portGroup","@id":68,"ordered":false,"portCompositions":[{"type":"port","@id":69,"shape":{"type":"rect","xposition":"NaN","yposition":"NaN","width":"NaN","height":"NaN","shapeStyle":2},"labelManager":{"labels":[{"type":"textLabel","@id":70,"inputText":"2","labelStyle":4,"shape":null,"layoutText":null}],"mainLabel":70},"properties":{"id":"f789c7f752af3d203169df81a491c063"},"orientationAtVertex":"FREE","reference":null}],"properties":{},"reference":null}],"properties":{"id":"773e80aaf09c75c16e9eda060ea55466","type":"socket"},"reference":null},{"@id":71,"shape":{"type":"rect","xposition":"NaN","yposition":"NaN","width":"NaN","height":"NaN","shapeStyle":2},"labelManager":{"labels":[{"type":"textLabel","@id":72,"inputText":"Elias","labelStyle":4,"shape":null,"layoutText":null}],"mainLabel":72},"portCompositions":[{"type":"portGroup","@id":73,"ordered":false,"portCompositions":[{"type":"port","@id":74,"shape":{"type":"rect","xposition":"NaN","yposition":"NaN","width":"NaN","height":"NaN","shapeStyle":2},"labelManager":{"labels":[{"type":"textLabel","@id":75,"inputText":"3","labelStyle":4,"shape":null,"layoutText":null}],"mainLabel":75},"properties":{"id":"719dfe7154622e1b11e0c7ead06cac17"},"orientationAtVertex":"FREE","reference":null},{"type":"port","@id":76,"shape":{"type":"rect","xposition":"NaN","yposition":"NaN","width":"NaN","height":"NaN","shapeStyle":9},"labelManager":{"labels":[{"type":"textLabel","@id":77,"inputText":"2","labelStyle":11,"shape":null,"layoutText":null}],"mainLabel":77},"properties":{},"orientationAtVertex":"FREE","reference":null},{"type":"port","@id":78,"shape":{"type":"rect","xposition":"NaN","yposition":"NaN","width":"NaN","height":"NaN","shapeStyle":9},"labelManager":{"labels":[{"type":"textLabel","@id":79,"inputText":"1","labelStyle":11,"shape":null,"layoutText":null}],"mainLabel":79},"properties":{},"orientationAtVertex":"FREE","reference":null}],"properties":{},"reference":null}],"properties":{"id":"90ad8f8aa5649018545adf651ffe2806","type":"plug"},"reference":null},{"@id":80,"shape":{"type":"rect","xposition":"NaN","yposition":"NaN","width":"NaN","height":"NaN","shapeStyle":2},"labelManager":{"labels":[{"type":"textLabel","@id":81,"inputText":"Leonard","labelStyle":4,"shape":null,"layoutText":null}],"mainLabel":81},"portCompositions":[{"type":"portGroup","@id":82,"ordered":false,"portCompositions":[{"type":"port","@id":83,"shape":{"type":"rect","xposition":"NaN","yposition":"NaN","width":"NaN","height":"NaN","shapeStyle":2},"labelManager":{"labels":[{"type":"textLabel","@id":84,"inputText":"3","labelStyle":4,"shape":null,"layoutText":null}],"mainLabel":84},"properties":{"id":"cf185fc966a50c8f0f339d43734e0410"},"orientationAtVertex":"FREE","reference":null},{"type":"port","@id":85,"shape":{"type":"rect","xposition":"NaN","yposition":"NaN","width":"NaN","height":"NaN","shapeStyle":9},"labelManager":{"labels":[{"type":"textLabel","@id":86,"inputText":"2","labelStyle":11,"shape":null,"layoutText":null}],"mainLabel":86},"properties":{},"orientationAtVertex":"FREE","reference":null},{"type":"port","@id":87,"shape":{"type":"rect","xposition":"NaN","yposition":"NaN","width":"NaN","height":"NaN","shapeStyle":9},"labelManager":{"labels":[{"type":"textLabel","@id":88,"inputText":"1","labelStyle":11,"shape":null,"layoutText":null}],"mainLabel":88},"properties":{},"orientationAtVertex":"FREE","reference":null}],"properties":{},"reference":null}],"properties":{"id":"8990669d6295aeb9604218d44c7fb463","type":"plug"},"reference":null},{"@id":89,"shape":{"type":"rect","xposition":"NaN","yposition":"NaN","width":"NaN","height":"NaN","shapeStyle":2},"labelManager":{"labels":[{"type":"textLabel","@id":90,"inputText":"Jonathan","labelStyle":4,"shape":null,"layoutText":null}],"mainLabel":90},"portCompositions":[{"type":"port","@id":91,"shape":{"type":"rect","xposition":"NaN","yposition":"NaN","width":"NaN","height":"NaN","shapeStyle":2},"labelManager":{"labels":[{"type":"textLabel","@id":92,"inputText":"1","labelStyle":4,"shape":null,"layoutText":null}],"mainLabel":92},"properties":{"id":"807061bad69f0d5a5e336affde262be4"},"orientationAtVertex":"FREE","reference":null}],"properties":{"id":"9547c917d3eb22ade05f8887ad2e0940","type":"splice"},"reference":null},{"@id":93,"shape":{"type":"rect","xposition":"NaN","yposition":"NaN","width":"NaN","height":"NaN","shapeStyle":2},"labelManager":{"labels":[{"type":"textLabel","@id":94,"inputText":"Alexander","labelStyle":4,"shape":null,"layoutText":null}],"mainLabel":94},"portCompositions":[{"type":"port","@id":95,"shape":{"type":"rect","xposition":"NaN","yposition":"NaN","width":"NaN","height":"NaN","shapeStyle":2},"labelManager":{"labels":[{"type":"textLabel","@id":96,"inputText":"1","labelStyle":4,"shape":null,"layoutText":null}],"mainLabel":96},"properties":{"id":"8ade1811f8452833c4b9557eb56e9e7e"},"orientationAtVertex":"FREE","reference":null}],"properties":{"id":"b63f7bfee636283256c249fe08e9b744","type":"splice"},"reference":null},{"@id":97,"shape":{"type":"rect","xposition":"NaN","yposition":"NaN","width":"NaN","height":"NaN","shapeStyle":2},"labelManager":{"labels":[{"type":"textLabel","@id":98,"inputText":"Anton","labelStyle":4,"shape":null,"layoutText":null}],"mainLabel":98},"portCompositions":[{"type":"portGroup","@id":99,"ordered":false,"portCompositions":[{"type":"port","@id":100,"shape":{"type":"rect","xposition":"NaN","yposition":"NaN","width":"NaN","height":"NaN","shapeStyle":2},"labelManager":{"labels":[{"type":"textLabel","@id":101,"inputText":"3","labelStyle":4,"shape":null,"layoutText":null}],"mainLabel":101},"properties":{"id":"e52e7d60d29e5004ee0c1e45967692a8"},"orientationAtVertex":"FREE","reference":null},{"type":"port","@id":102,"shape":{"type":"rect","xposition":"NaN","yposition":"NaN","width":"NaN","height":"NaN","shapeStyle":9},"labelManager":{"labels":[{"type":"textLabel","@id":103,"inputText":"1","labelStyle":11,"shape":null,"layoutText":null}],"mainLabel":103},"properties":{},"orientationAtVertex":"FREE","reference":null},{"type":"port","@id":104,"shape":{"type":"rect","xposition":"NaN","yposition":"NaN","width":"NaN","height":"NaN","shapeStyle":9},"labelManager":{"labels":[{"type":"textLabel","@id":105,"inputText":"2","labelStyle":11,"shape":null,"layoutText":null}],"mainLabel":105},"properties":{},"orientationAtVertex":"FREE","reference":null}],"properties":{},"reference":null}],"properties":{"id":"72a3e62133de4d46db74ff89c47ed013","type":"plug"},"reference":null},{"@id":106,"shape":{"type":"rect","xposition":"NaN","yposition":"NaN","width":"NaN","height":"NaN","shapeStyle":2},"labelManager":{"labels":[{"type":"textLabel","@id":107,"inputText":"Gabriel","labelStyle":4,"shape":null,"layoutText":null}],"mainLabel":107},"portCompositions":[{"type":"portGroup","@id":108,"ordered":false,"portCompositions":[{"type":"port","@id":109,"shape":{"type":"rect","xposition":"NaN","yposition":"NaN","width":"NaN","height":"NaN","shapeStyle":2},"labelManager":{"labels":[{"type":"textLabel","@id":110,"inputText":"3","labelStyle":4,"shape":null,"layoutText":null}],"mainLabel":110},"properties":{"id":"dc6ac4912b52a2731921bbeb8442857c"},"orientationAtVertex":"FREE","reference":null},{"type":"port","@id":111,"shape":{"type":"rect","xposition":"NaN","yposition":"NaN","width":"NaN","height":"NaN","shapeStyle":9},"labelManager":{"labels":[{"type":"textLabel","@id":112,"inputText":"1","labelStyle":11,"shape":null,"layoutText":null}],"mainLabel":112},"properties":{},"orientationAtVertex":"FREE","reference":null},{"type":"port","@id":113,"shape":{"type":"rect","xposition":"NaN","yposition":"NaN","width":"NaN","height":"NaN","shapeStyle":9},"labelManager":{"labels":[{"type":"textLabel","@id":114,"inputText":"2","labelStyle":11,"shape":null,"layoutText":null}],"mainLabel":114},"properties":{},"orientationAtVertex":"FREE","reference":null}],"properties":{},"reference":null}],"properties":{"id":"91e451ffc4939160e46eb3644d5133dd","type":"plug"},"reference":null},{"@id":115,"shape":{"type":"rect","xposition":"NaN","yposition":"NaN","width":"NaN","height":"NaN","shapeStyle":2},"labelManager":{"labels":[{"type":"textLabel","@id":116,"inputText":"Niklas","labelStyle":4,"shape":null,"layoutText":null}],"mainLabel":116},"portCompositions":[{"type":"portGroup","@id":117,"ordered":false,"portCompositions":[{"type":"port","@id":118,"shape":{"type":"rect","xposition":"NaN","yposition":"NaN","width":"NaN","height":"NaN","shapeStyle":2},"labelManager":{"labels":[{"type":"textLabel","@id":119,"inputText":"2","labelStyle":4,"shape":null,"layoutText":null}],"mainLabel":119},"properties":{"id":"ad207ed39753f3816495f19456b0bdf4"},"orientationAtVertex":"FREE","reference":null},{"type":"port","@id":120,"shape":{"type":"rect","xposition":"NaN","yposition":"NaN","width":"NaN","height":"NaN","shapeStyle":2},"labelManager":{"labels":[{"type":"textLabel","@id":121,"inputText":"1","labelStyle":4,"shape":null,"layoutText":null}],"mainLabel":121},"properties":{"id":"bdfe5f4decaab730059db08f8d8c8db2"},"orientationAtVertex":"FREE","reference":null},{"type":"port","@id":122,"shape":{"type":"rect","xposition":"NaN","yposition":"NaN","width":"NaN","height":"NaN","shapeStyle":2},"labelManager":{"labels":[{"type":"textLabel","@id":123,"inputText":"5","labelStyle":4,"shape":null,"layoutText":null}],"mainLabel":123},"properties":{"id":"df5ce2bfc78a6b8e8570d8c75b42175a"},"orientationAtVertex":"FREE","reference":null},{"type":"port","@id":124,"shape":{"type":"rect","xposition":"NaN","yposition":"NaN","width":"NaN","height":"NaN","shapeStyle":9},"labelManager":{"labels":[{"type":"textLabel","@id":125,"inputText":"4","labelStyle":11,"shape":null,"layoutText":null}],"mainLabel":125},"properties":{},"orientationAtVertex":"FREE","reference":null},{"type":"port","@id":126,"shape":{"type":"rect","xposition":"NaN","yposition":"NaN","width":"NaN","height":"NaN","shapeStyle":9},"labelManager":{"labels":[{"type":"textLabel","@id":127,"inputText":"6","labelStyle":11,"shape":null,"layoutText":null}],"mainLabel":127},"properties":{},"orientationAtVertex":"FREE","reference":null},{"type":"port","@id":128,"shape":{"type":"rect","xposition":"NaN","yposition":"NaN","width":"NaN","height":"NaN","shapeStyle":9},"labelManager":{"labels":[{"type":"textLabel","@id":129,"inputText":"7","labelStyle":11,"shape":null,"layoutText":null}],"mainLabel":129},"properties":{},"orientationAtVertex":"FREE","reference":null},{"type":"port","@id":130,"shape":{"type":"rect","xposition":"NaN","yposition":"NaN","width":"NaN","height":"NaN","shapeStyle":9},"labelManager":{"labels":[{"type":"textLabel","@id":131,"inputText":"3","labelStyle":11,"shape":null,"layoutText":null}],"mainLabel":131},"properties":{},"orientationAtVertex":"FREE","reference":null}],"properties":{},"reference":null}],"properties":{"id":"e6eae9d2bf57c0eed11e3b4561f89990","type":"device"},"reference":null},{"@id":132,"shape":{"type":"rect","xposition":"NaN","yposition":"NaN","width":"NaN","height":"NaN","shapeStyle":2},"labelManager":{"labels":[{"type":"textLabel","@id":133,"inputText":"Lukas","labelStyle":4,"shape":null,"layoutText":null}],"mainLabel":133},"portCompositions":[{"type":"portGroup","@id":134,"ordered":false,"portCompositions":[{"type":"port","@id":135,"shape":{"type":"rect","xposition":"NaN","yposition":"NaN","width":"NaN","height":"NaN","shapeStyle":2},"labelManager":{"labels":[{"type":"textLabel","@id":136,"inputText":"2","labelStyle":4,"shape":null,"layoutText":null}],"mainLabel":136},"properties":{"id":"d81e0cea4dcf60168318b3c99eadf6fd"},"orientationAtVertex":"FREE","reference":null},{"type":"port","@id":137,"shape":{"type":"rect","xposition":"NaN","yposition":"NaN","width":"NaN","height":"NaN","shapeStyle":2},"labelManager":{"labels":[{"type":"textLabel","@id":138,"inputText":"1","labelStyle":4,"shape":null,"layoutText":null}],"mainLabel":138},"properties":{"id":"2a483a39d8f20cb62ae2cfc50e778d88"},"orientationAtVertex":"FREE","reference":null},{"type":"port","@id":139,"shape":{"type":"rect","xposition":"NaN","yposition":"NaN","width":"NaN","height":"NaN","shapeStyle":2},"labelManager":{"labels":[{"type":"textLabel","@id":140,"inputText":"5","labelStyle":4,"shape":null,"layoutText":null}],"mainLabel":140},"properties":{"id":"08f7e150038b3cc5278ac009641aa0bd"},"orientationAtVertex":"FREE","reference":null},{"type":"port","@id":141,"shape":{"type":"rect","xposition":"NaN","yposition":"NaN","width":"NaN","height":"NaN","shapeStyle":9},"labelManager":{"labels":[{"type":"textLabel","@id":142,"inputText":"6","labelStyle":11,"shape":null,"layoutText":null}],"mainLabel":142},"properties":{},"orientationAtVertex":"FREE","reference":null}],"properties":{},"reference":null}],"properties":{"id":"617020405595af652402bb4af7557805","type":"socket"},"reference":null},{"@id":143,"shape":{"type":"rect","xposition":"NaN","yposition":"NaN","width":"NaN","height":"NaN","shapeStyle":2},"labelManager":{"labels":[{"type":"textLabel","@id":144,"inputText":"Simon","labelStyle":4,"shape":null,"layoutText":null}],"mainLabel":144},"portCompositions":[{"type":"portGroup","@id":145,"ordered":false,"portCompositions":[{"type":"port","@id":146,"shape":{"type":"rect","xposition":"NaN","yposition":"NaN","width":"NaN","height":"NaN","shapeStyle":2},"labelManager":{"labels":[{"type":"textLabel","@id":147,"inputText":"2","labelStyle":4,"shape":null,"layoutText":null}],"mainLabel":147},"properties":{"id":"7364d7857a0d5514ab6b5385fb98044d"},"orientationAtVertex":"FREE","reference":null},{"type":"port","@id":148,"shape":{"type":"rect","xposition":"NaN","yposition":"NaN","width":"NaN","height":"NaN","shapeStyle":9},"labelManager":{"labels":[{"type":"textLabel","@id":149,"inputText":"1","labelStyle":11,"shape":null,"layoutText":null}],"mainLabel":149},"properties":{},"orientationAtVertex":"FREE","reference":null}],"properties":{},"reference":null}],"properties":{"id":"8edcf0f5587d0704dcadf45630e07a43","type":"device"},"reference":null},{"@id":150,"shape":{"type":"rect","xposition":"NaN","yposition":"NaN","width":"NaN","height":"NaN","shapeStyle":2},"labelManager":{"labels":[{"type":"textLabel","@id":151,"inputText":"Henri","labelStyle":4,"shape":null,"layoutText":null}],"mainLabel":151},"portCompositions":[{"type":"portGroup","@id":152,"ordered":false,"portCompositions":[{"type":"port","@id":153,"shape":{"type":"rect","xposition":"NaN","yposition":"NaN","width":"NaN","height":"NaN","shapeStyle":2},"labelManager":{"labels":[{"type":"textLabel","@id":154,"inputText":"1","labelStyle":4,"shape":null,"layoutText":null}],"mainLabel":154},"properties":{"id":"505b01cbd5175d91da1a1bcd42542fc3"},"orientationAtVertex":"FREE","reference":null},{"type":"port","@id":155,"shape":{"type":"rect","xposition":"NaN","yposition":"NaN","width":"NaN","height":"NaN","shapeStyle":2},"labelManager":{"labels":[{"type":"textLabel","@id":156,"inputText":"2","labelStyle":4,"shape":null,"layoutText":null}],"mainLabel":156},"properties":{"id":"33e48d8e23f57e05022e4874d2e92928"},"orientationAtVertex":"FREE","reference":null},{"type":"port","@id":157,"shape":{"type":"rect","xposition":"NaN","yposition":"NaN","width":"NaN","height":"NaN","shapeStyle":9},"labelManager":{"labels":[{"type":"textLabel","@id":158,"inputText":"3","labelStyle":11,"shape":null,"layoutText":null}],"mainLabel":158},"properties":{},"orientationAtVertex":"FREE","reference":null}],"properties":{},"reference":null}],"properties":{"id":"7bb3cb3aad0ee02a4880c4be9e21d2b1","type":"device"},"reference":null},{"@id":159,"shape":{"type":"rect","xposition":"NaN","yposition":"NaN","width":"NaN","height":"NaN","shapeStyle":2},"labelManager":{"labels":[{"type":"textLabel","@id":160,"inputText":"Luis","labelStyle":4,"shape":null,"layoutText":null}],"mainLabel":160},"portCompositions":[{"type":"portGroup","@id":161,"ordered":false,"portCompositions":[{"type":"port","@id":162,"shape":{"type":"rect","xposition":"NaN","yposition":"NaN","width":"NaN","height":"NaN","shapeStyle":2},"labelManager":{"labels":[{"type":"textLabel","@id":163,"inputText":"1","labelStyle":4,"shape":null,"layoutText":null}],"mainLabel":163},"properties":{"id":"22285f385ce7002a262ef2ede6e4fa23"},"orientationAtVertex":"FREE","reference":null},{"type":"port","@id":164,"shape":{"type":"rect","xposition":"NaN","yposition":"NaN","width":"NaN","height":"NaN","shapeStyle":2},"labelManager":{"labels":[{"type":"textLabel","@id":165,"inputText":"2","labelStyle":4,"shape":null,"layoutText":null}],"mainLabel":165},"properties":{"id":"03ae525ac2ffaf29aea91494a33f8186"},"orientationAtVertex":"FREE","reference":null}],"properties":{},"reference":null}],"properties":{"id":"ee9742619c530eac8003d2c15958ab53","type":"socket"},"reference":null},{"@id":166,"shape":{"type":"rect","xposition":"NaN","yposition":"NaN","width":"NaN","height":"NaN","shapeStyle":2},"labelManager":{"labels":[{"type":"textLabel","@id":167,"inputText":"Liam","labelStyle":4,"shape":null,"layoutText":null}],"mainLabel":167},"portCompositions":[{"type":"portGroup","@id":168,"ordered":false,"portCompositions":[{"type":"port","@id":169,"shape":{"type":"rect","xposition":"NaN","yposition":"NaN","width":"NaN","height":"NaN","shapeStyle":2},"labelManager":{"labels":[{"type":"textLabel","@id":170,"inputText":"1","labelStyle":4,"shape":null,"layoutText":null}],"mainLabel":170},"properties":{"id":"e8905d5c94d7dd27b321cc6fd414649e"},"orientationAtVertex":"FREE","reference":null}],"properties":{},"reference":null}],"properties":{"id":"89fa70e8bc82828ef8472e6b17aa6bd7","type":"plug"},"reference":null},{"@id":171,"shape":{"type":"rect","xposition":"NaN","yposition":"NaN","width":"NaN","height":"NaN","shapeStyle":2},"labelManager":{"labels":[{"type":"textLabel","@id":172,"inputText":"Christian","labelStyle":4,"shape":null,"layoutText":null}],"mainLabel":172},"portCompositions":[{"type":"portGroup","@id":173,"ordered":false,"portCompositions":[{"type":"port","@id":174,"shape":{"type":"rect","xposition":"NaN","yposition":"NaN","width":"NaN","height":"NaN","shapeStyle":2},"labelManager":{"labels":[{"type":"textLabel","@id":175,"inputText":"1","labelStyle":4,"shape":null,"layoutText":null}],"mainLabel":175},"properties":{"id":"0e18b302a4ecd1050f10dcd62ff34f20"},"orientationAtVertex":"FREE","reference":null}],"properties":{},"reference":null}],"properties":{"id":"387e5e10bdf10688167b784fc5692d32","type":"plug"},"reference":null},{"@id":176,"shape":{"type":"rect","xposition":"NaN","yposition":"NaN","width":"NaN","height":"NaN","shapeStyle":2},"labelManager":{"labels":[{"type":"textLabel","@id":177,"inputText":"Frederik","labelStyle":4,"shape":null,"layoutText":null}],"mainLabel":177},"portCompositions":[{"type":"portGroup","@id":178,"ordered":false,"portCompositions":[{"type":"port","@id":179,"shape":{"type":"rect","xposition":"NaN","yposition":"NaN","width":"NaN","height":"NaN","shapeStyle":2},"labelManager":{"labels":[{"type":"textLabel","@id":180,"inputText":"3","labelStyle":4,"shape":null,"layoutText":null}],"mainLabel":180},"properties":{"id":"2714ebe99d05ddccd9e4d62ebd6e628f"},"orientationAtVertex":"FREE","reference":null},{"type":"port","@id":181,"shape":{"type":"rect","xposition":"NaN","yposition":"NaN","width":"NaN","height":"NaN","shapeStyle":2},"labelManager":{"labels":[{"type":"textLabel","@id":182,"inputText":"2","labelStyle":4,"shape":null,"layoutText":null}],"mainLabel":182},"properties":{"id":"f1d39b07b77ce382fb1b243ec56900b6"},"orientationAtVertex":"FREE","reference":null},{"type":"port","@id":183,"shape":{"type":"rect","xposition":"NaN","yposition":"NaN","width":"NaN","height":"NaN","shapeStyle":9},"labelManager":{"labels":[{"type":"textLabel","@id":184,"inputText":"1","labelStyle":11,"shape":null,"layoutText":null}],"mainLabel":184},"properties":{},"orientationAtVertex":"FREE","reference":null}],"properties":{},"reference":null}],"properties":{"id":"133af19904f156e9d78b4b9aafafabb6","type":"device"},"reference":null},{"@id":185,"shape":{"type":"rect","xposition":"NaN","yposition":"NaN","width":"NaN","height":"NaN","shapeStyle":2},"labelManager":{"labels":[{"type":"textLabel","@id":186,"inputText":"Mats","labelStyle":4,"shape":null,"layoutText":null}],"mainLabel":186},"portCompositions":[{"type":"portGroup","@id":187,"ordered":false,"portCompositions":[{"type":"port","@id":188,"shape":{"type":"rect","xposition":"NaN","yposition":"NaN","width":"NaN","height":"NaN","shapeStyle":2},"labelManager":{"labels":[{"type":"textLabel","@id":189,"inputText":"3","labelStyle":4,"shape":null,"layoutText":null}],"mainLabel":189},"properties":{"id":"1df021c5ec62518f4096b0dda4243b59"},"orientationAtVertex":"FREE","reference":null},{"type":"port","@id":190,"shape":{"type":"rect","xposition":"NaN","yposition":"NaN","width":"NaN","height":"NaN","shapeStyle":2},"labelManager":{"labels":[{"type":"textLabel","@id":191,"inputText":"2","labelStyle":4,"shape":null,"layoutText":null}],"mainLabel":191},"properties":{"id":"115811e23ac1d0dcc059af9bf1bcdb96"},"orientationAtVertex":"FREE","reference":null}],"properties":{},"reference":null}],"properties":{"id":"7067d10c223fb0150916e2ce7f846d27","type":"socket"},"reference":null},{"@id":192,"shape":{"type":"rect","xposition":"NaN","yposition":"NaN","width":"NaN","height":"NaN","shapeStyle":2},"labelManager":{"labels":[{"type":"textLabel","@id":193,"inputText":"Henry","labelStyle":4,"shape":null,"layoutText":null}],"mainLabel":193},"portCompositions":[{"type":"portGroup","@id":194,"ordered":false,"portCompositions":[],"properties":{},"reference":null},{"type":"portGroup","@id":195,"ordered":false,"portCompositions":[{"type":"port","@id":196,"shape":{"type":"rect","xposition":"NaN","yposition":"NaN","width":"NaN","height":"NaN","shapeStyle":2},"labelManager":{"labels":[{"type":"textLabel","@id":197,"inputText":"1","labelStyle":4,"shape":null,"layoutText":null}],"mainLabel":197},"properties":{"id":"6f3c37992d3cb2544693737784ed3cd3"},"orientationAtVertex":"FREE","reference":null},{"type":"port","@id":198,"shape":{"type":"rect","xposition":"NaN","yposition":"NaN","width":"NaN","height":"NaN","shapeStyle":9},"labelManager":{"labels":[{"type":"textLabel","@id":199,"inputText":"2","labelStyle":11,"shape":null,"layoutText":null}],"mainLabel":199},"properties":{},"orientationAtVertex":"FREE","reference":null},{"type":"port","@id":200,"shape":{"type":"rect","xposition":"NaN","yposition":"NaN","width":"NaN","height":"NaN","shapeStyle":9},"labelManager":{"labels":[{"type":"textLabel","@id":201,"inputText":"3","labelStyle":11,"shape":null,"layoutText":null}],"mainLabel":201},"properties":{},"orientationAtVertex":"FREE","reference":null}],"properties":{},"reference":null}],"properties":{"id":"deb4de2365503088e1087d4779fe6c8d","type":"device"},"reference":null},{"@id":202,"shape":{"type":"rect","xposition":"NaN","yposition":"NaN","width":"NaN","height":"NaN","shapeStyle":2},"labelManager":{"labels":[{"type":"textLabel","@id":203,"inputText":"Jan","labelStyle":4,"shape":null,"layoutText":null}],"mainLabel":203},"portCompositions":[{"type":"portGroup","@id":204,"ordered":false,"portCompositions":[{"type":"port","@id":205,"shape":{"type":"rect","xposition":"NaN","yposition":"NaN","width":"NaN","height":"NaN","shapeStyle":2},"labelManager":{"labels":[{"type":"textLabel","@id":206,"inputText":"1","labelStyle":4,"shape":null,"layoutText":null}],"mainLabel":206},"properties":{"id":"9e0ef39cae0ea36f2536c769b23a2ac3"},"orientationAtVertex":"FREE","reference":null},{"type":"port","@id":207,"shape":{"type":"rect","xposition":"NaN","yposition":"NaN","width":"NaN","height":"NaN","shapeStyle":9},"labelManager":{"labels":[{"type":"textLabel","@id":208,"inputText":"3","labelStyle":11,"shape":null,"layoutText":null}],"mainLabel":208},"properties":{},"orientationAtVertex":"FREE","reference":null}],"properties":{},"reference":null}],"properties":{"id":"232b9bbe16fa71001a0fafa2f4b0fef9","type":"socket"},"reference":null},{"@id":209,"shape":{"type":"rect","xposition":"NaN","yposition":"NaN","width":"NaN","height":"NaN","shapeStyle":2},"labelManager":{"labels":[{"type":"textLabel","@id":210,"inputText":"Max","labelStyle":4,"shape":null,"layoutText":null}],"mainLabel":210},"portCompositions":[{"type":"portGroup","@id":211,"ordered":false,"portCompositions":[{"type":"port","@id":212,"shape":{"type":"rect","xposition":"NaN","yposition":"NaN","width":"NaN","height":"NaN","shapeStyle":2},"labelManager":{"labels":[{"type":"textLabel","@id":213,"inputText":"1","labelStyle":4,"shape":null,"layoutText":null}],"mainLabel":213},"properties":{"id":"8c5b0c8acda81db71e82c443ae03c9e2"},"orientationAtVertex":"FREE","reference":null}],"properties":{},"reference":null}],"properties":{"id":"933134797588eb8f533efc3104206d02","type":"device"},"reference":null},{"@id":214,"shape":{"type":"rect","xposition":"NaN","yposition":"NaN","width":"NaN","height":"NaN","shapeStyle":2},"labelManager":{"labels":[{"type":"textLabel","@id":215,"inputText":"Levi","labelStyle":4,"shape":null,"layoutText":null}],"mainLabel":215},"portCompositions":[{"type":"portGroup","@id":216,"ordered":false,"portCompositions":[{"type":"port","@id":217,"shape":{"type":"rect","xposition":"NaN","yposition":"NaN","width":"NaN","height":"NaN","shapeStyle":2},"labelManager":{"labels":[{"type":"textLabel","@id":218,"inputText":"1","labelStyle":4,"shape":null,"layoutText":null}],"mainLabel":218},"properties":{"id":"26235ef71dce372f99e59d15195915f3"},"orientationAtVertex":"FREE","reference":null}],"properties":{},"reference":null}],"properties":{"id":"263a345de021424f4e01290533660731","type":"socket"},"reference":null},{"@id":219,"shape":{"type":"rect","xposition":"NaN","yposition":"NaN","width":"NaN","height":"NaN","shapeStyle":2},"labelManager":{"labels":[{"type":"textLabel","@id":220,"inputText":"Johannes","labelStyle":4,"shape":null,"layoutText":null}],"mainLabel":220},"portCompositions":[{"type":"portGroup","@id":221,"ordered":false,"portCompositions":[{"type":"port","@id":222,"shape":{"type":"rect","xposition":"NaN","yposition":"NaN","width":"NaN","height":"NaN","shapeStyle":2},"labelManager":{"labels":[{"type":"textLabel","@id":223,"inputText":"3","labelStyle":4,"shape":null,"layoutText":null}],"mainLabel":223},"properties":{"id":"8b1ba8322f27bdc10fc82140781f39b2"},"orientationAtVertex":"FREE","reference":null},{"type":"port","@id":224,"shape":{"type":"rect","xposition":"NaN","yposition":"NaN","width":"NaN","height":"NaN","shapeStyle":2},"labelManager":{"labels":[{"type":"textLabel","@id":225,"inputText":"2","labelStyle":4,"shape":null,"layoutText":null}],"mainLabel":225},"properties":{"id":"0f6e88ef1caf1c56c5f292b035365c39"},"orientationAtVertex":"FREE","reference":null},{"type":"port","@id":226,"shape":{"type":"rect","xposition":"NaN","yposition":"NaN","width":"NaN","height":"NaN","shapeStyle":9},"labelManager":{"labels":[{"type":"textLabel","@id":227,"inputText":"1","labelStyle":11,"shape":null,"layoutText":null}],"mainLabel":227},"properties":{},"orientationAtVertex":"FREE","reference":null}],"properties":{},"reference":null}],"properties":{"id":"f86acc274202d71a67089535d7312a94","type":"device"},"reference":null},{"@id":228,"shape":{"type":"rect","xposition":"NaN","yposition":"NaN","width":"NaN","height":"NaN","shapeStyle":2},"labelManager":{"labels":[{"type":"textLabel","@id":229,"inputText":"Valentin","labelStyle":4,"shape":null,"layoutText":null}],"mainLabel":229},"portCompositions":[{"type":"portGroup","@id":230,"ordered":false,"portCompositions":[{"type":"port","@id":231,"shape":{"type":"rect","xposition":"NaN","yposition":"NaN","width":"NaN","height":"NaN","shapeStyle":2},"labelManager":{"labels":[{"type":"textLabel","@id":232,"inputText":"1","labelStyle":4,"shape":null,"layoutText":null}],"mainLabel":232},"properties":{"id":"83ddaaff029c310a050940adab9241aa"},"orientationAtVertex":"FREE","reference":null},{"type":"port","@id":233,"shape":{"type":"rect","xposition":"NaN","yposition":"NaN","width":"NaN","height":"NaN","shapeStyle":2},"labelManager":{"labels":[{"type":"textLabel","@id":234,"inputText":"2","labelStyle":4,"shape":null,"layoutText":null}],"mainLabel":234},"properties":{"id":"1b5067ab22b90d48ce951251c8d9c33d"},"orientationAtVertex":"FREE","reference":null},{"type":"port","@id":235,"shape":{"type":"rect","xposition":"NaN","yposition":"NaN","width":"NaN","height":"NaN","shapeStyle":9},"labelManager":{"labels":[{"type":"textLabel","@id":236,"inputText":"3","labelStyle":11,"shape":null,"layoutText":null}],"mainLabel":236},"properties":{},"orientationAtVertex":"FREE","reference":null}],"properties":{},"reference":null}],"properties":{"id":"9b03bc932207e1775de65d467d8c1ab9","type":"device"},"reference":null},{"@id":237,"shape":{"type":"rect","xposition":"NaN","yposition":"NaN","width":"NaN","height":"NaN","shapeStyle":2},"labelManager":{"labels":[{"type":"textLabel","@id":238,"inputText":"Vincent","labelStyle":4,"shape":null,"layoutText":null}],"mainLabel":238},"portCompositions":[{"type":"portGroup","@id":239,"ordered":false,"portCompositions":[{"type":"port","@id":240,"shape":{"type":"rect","xposition":"NaN","yposition":"NaN","width":"NaN","height":"NaN","shapeStyle":2},"labelManager":{"labels":[{"type":"textLabel","@id":241,"inputText":"1","labelStyle":4,"shape":null,"layoutText":null}],"mainLabel":241},"properties":{"id":"5975ee8d61355c3dd2fb6a6edb6baf33"},"orientationAtVertex":"FREE","reference":null},{"type":"port","@id":242,"shape":{"type":"rect","xposition":"NaN","yposition":"NaN","width":"NaN","height":"NaN","shapeStyle":2},"labelManager":{"labels":[{"type":"textLabel","@id":243,"inputText":"2","labelStyle":4,"shape":null,"layoutText":null}],"mainLabel":243},"properties":{"id":"d20cd27b5758df5c1bd5d62384ed0999"},"orientationAtVertex":"FREE","reference":null},{"type":"port","@id":244,"shape":{"type":"rect","xposition":"NaN","yposition":"NaN","width":"NaN","height":"NaN","shapeStyle":9},"labelManager":{"labels":[{"type":"textLabel","@id":245,"inputText":"3","labelStyle":11,"shape":null,"layoutText":null}],"mainLabel":245},"properties":{},"orientationAtVertex":"FREE","reference":null}],"properties":{},"reference":null}],"properties":{"id":"6275c3ed0ac6dffad0af26209f34be57","type":"socket"},"reference":null},{"@id":246,"shape":{"type":"rect","xposition":"NaN","yposition":"NaN","width":"NaN","height":"NaN","shapeStyle":2},"labelManager":{"labels":[{"type":"textLabel","@id":247,"inputText":"Peter","labelStyle":4,"shape":null,"layoutText":null}],"mainLabel":247},"portCompositions":[{"type":"portGroup","@id":248,"ordered":false,"portCompositions":[{"type":"port","@id":249,"shape":{"type":"rect","xposition":"NaN","yposition":"NaN","width":"NaN","height":"NaN","shapeStyle":2},"labelManager":{"labels":[{"type":"textLabel","@id":250,"inputText":"3","labelStyle":4,"shape":null,"layoutText":null}],"mainLabel":250},"properties":{"id":"8681ad0bd86c1cc1a9a05ab646f94a0e"},"orientationAtVertex":"FREE","reference":null},{"type":"port","@id":251,"shape":{"type":"rect","xposition":"NaN","yposition":"NaN","width":"NaN","height":"NaN","shapeStyle":9},"labelManager":{"labels":[{"type":"textLabel","@id":252,"inputText":"2","labelStyle":11,"shape":null,"layoutText":null}],"mainLabel":252},"properties":{},"orientationAtVertex":"FREE","reference":null},{"type":"port","@id":253,"shape":{"type":"rect","xposition":"NaN","yposition":"NaN","width":"NaN","height":"NaN","shapeStyle":9},"labelManager":{"labels":[{"type":"textLabel","@id":254,"inputText":"1","labelStyle":11,"shape":null,"layoutText":null}],"mainLabel":254},"properties":{},"orientationAtVertex":"FREE","reference":null}],"properties":{},"reference":null},{"type":"portGroup","@id":255,"ordered":false,"portCompositions":[{"type":"port","@id":256,"shape":{"type":"rect","xposition":"NaN","yposition":"NaN","width":"NaN","height":"NaN","shapeStyle":2},"labelManager":{"labels":[{"type":"textLabel","@id":257,"inputText":"4","labelStyle":4,"shape":null,"layoutText":null}],"mainLabel":257},"properties":{"id":"b72cc5a65bd563518c3bdc4df4ba628a"},"orientationAtVertex":"FREE","reference":null}],"properties":{},"reference":null}],"properties":{"id":"8013b13e02c422483c999bf2aeae0947","type":"device"},"reference":null},{"@id":258,"shape":{"type":"rect","xposition":"NaN","yposition":"NaN","width":"NaN","height":"NaN","shapeStyle":2},"labelManager":{"labels":[{"type":"textLabel","@id":259,"inputText":"Moritz","labelStyle":4,"shape":null,"layoutText":null}],"mainLabel":259},"portCompositions":[{"type":"portGroup","@id":260,"ordered":false,"portCompositions":[{"type":"port","@id":261,"shape":{"type":"rect","xposition":"NaN","yposition":"NaN","width":"NaN","height":"NaN","shapeStyle":2},"labelManager":{"labels":[{"type":"textLabel","@id":262,"inputText":"3","labelStyle":4,"shape":null,"layoutText":null}],"mainLabel":262},"properties":{"id":"c6537dacdbc51c65bb2c0baaae2198a5"},"orientationAtVertex":"FREE","reference":null}],"properties":{},"reference":null}],"properties":{"id":"396e899d29a0d5b23c9256fb9a4d94c0","type":"socket"},"reference":null},{"@id":263,"shape":{"type":"rect","xposition":"NaN","yposition":"NaN","width":"NaN","height":"NaN","shapeStyle":2},"labelManager":{"labels":[{"type":"textLabel","@id":264,"inputText":"Joel","labelStyle":4,"shape":null,"layoutText":null}],"mainLabel":264},"portCompositions":[{"type":"portGroup","@id":265,"ordered":false,"portCompositions":[{"type":"port","@id":266,"shape":{"type":"rect","xposition":"NaN","yposition":"NaN","width":"NaN","height":"NaN","shapeStyle":2},"labelManager":{"labels":[{"type":"textLabel","@id":267,"inputText":"4","labelStyle":4,"shape":null,"layoutText":null}],"mainLabel":267},"properties":{"id":"6edca650de99617c55bbf9964b74a323"},"orientationAtVertex":"FREE","reference":null},{"type":"port","@id":268,"shape":{"type":"rect","xposition":"NaN","yposition":"NaN","width":"NaN","height":"NaN","shapeStyle":9},"labelManager":{"labels":[{"type":"textLabel","@id":269,"inputText":"2","labelStyle":11,"shape":null,"layoutText":null}],"mainLabel":269},"properties":{},"orientationAtVertex":"FREE","reference":null},{"type":"port","@id":270,"shape":{"type":"rect","xposition":"NaN","yposition":"NaN","width":"NaN","height":"NaN","shapeStyle":9},"labelManager":{"labels":[{"type":"textLabel","@id":271,"inputText":"1","labelStyle":11,"shape":null,"layoutText":null}],"mainLabel":271},"properties":{},"orientationAtVertex":"FREE","reference":null}],"properties":{},"reference":null}],"properties":{"id":"029b6cbcb3a904011a13064f34d1b8f4","type":"socket"},"reference":null},{"@id":272,"shape":{"type":"rect","xposition":"NaN","yposition":"NaN","width":"NaN","height":"NaN","shapeStyle":2},"labelManager":{"labels":[{"type":"textLabel","@id":273,"inputText":"Daniel","labelStyle":4,"shape":null,"layoutText":null}],"mainLabel":273},"portCompositions":[{"type":"portGroup","@id":274,"ordered":false,"portCompositions":[{"type":"port","@id":275,"shape":{"type":"rect","xposition":"NaN","yposition":"NaN","width":"NaN","height":"NaN","shapeStyle":2},"labelManager":{"labels":[{"type":"textLabel","@id":276,"inputText":"1","labelStyle":4,"shape":null,"layoutText":null}],"mainLabel":276},"properties":{"id":"2470dee23ffa31715310d84c381eee75"},"orientationAtVertex":"FREE","reference":null},{"type":"port","@id":277,"shape":{"type":"rect","xposition":"NaN","yposition":"NaN","width":"NaN","height":"NaN","shapeStyle":9},"labelManager":{"labels":[{"type":"textLabel","@id":278,"inputText":"2","labelStyle":11,"shape":null,"layoutText":null}],"mainLabel":278},"properties":{},"orientationAtVertex":"FREE","reference":null}],"properties":{},"reference":null}],"properties":{"id":"cf381c37516c57e9e6c0ed7133fb184b","type":"device"},"reference":null},{"@id":279,"shape":{"type":"rect","xposition":"NaN","yposition":"NaN","width":"NaN","height":"NaN","shapeStyle":2},"labelManager":{"labels":[{"type":"textLabel","@id":280,"inputText":"Tom","labelStyle":4,"shape":null,"layoutText":null}],"mainLabel":280},"portCompositions":[{"type":"portGroup","@id":281,"ordered":false,"portCompositions":[{"type":"port","@id":282,"shape":{"type":"rect","xposition":"NaN","yposition":"NaN","width":"NaN","height":"NaN","shapeStyle":2},"labelManager":{"labels":[{"type":"textLabel","@id":283,"inputText":"1","labelStyle":4,"shape":null,"layoutText":null}],"mainLabel":283},"properties":{"id":"affac12f41e48aa6431ec61bdde2901c"},"orientationAtVertex":"FREE","reference":null},{"type":"port","@id":284,"shape":{"type":"rect","xposition":"NaN","yposition":"NaN","width":"NaN","height":"NaN","shapeStyle":9},"labelManager":{"labels":[{"type":"textLabel","@id":285,"inputText":"2","labelStyle":11,"shape":null,"layoutText":null}],"mainLabel":285},"properties":{},"orientationAtVertex":"FREE","reference":null}],"properties":{},"reference":null}],"properties":{"id":"8996a479c5232882e93a1a41a88a1bb9","type":"socket"},"reference":null},{"@id":286,"shape":{"type":"rect","xposition":"NaN","yposition":"NaN","width":"NaN","height":"NaN","shapeStyle":2},"labelManager":{"labels":[{"type":"textLabel","@id":287,"inputText":"Julian","labelStyle":4,"shape":null,"layoutText":null}],"mainLabel":287},"portCompositions":[{"type":"portGroup","@id":288,"ordered":false,"portCompositions":[{"type":"port","@id":289,"shape":{"type":"rect","xposition":"NaN","yposition":"NaN","width":"NaN","height":"NaN","shapeStyle":2},"labelManager":{"labels":[{"type":"textLabel","@id":290,"inputText":"1","labelStyle":4,"shape":null,"layoutText":null}],"mainLabel":290},"properties":{"id":"4ab831f787ae07735791c662e682faae"},"orientationAtVertex":"FREE","reference":null},{"type":"port","@id":291,"shape":{"type":"rect","xposition":"NaN","yposition":"NaN","width":"NaN","height":"NaN","shapeStyle":9},"labelManager":{"labels":[{"type":"textLabel","@id":292,"inputText":"2","labelStyle":11,"shape":null,"layoutText":null}],"mainLabel":292},"properties":{},"orientationAtVertex":"FREE","reference":null}],"properties":{},"reference":null}],"properties":{"id":"426ad44215ed8cca4c83d6e761698b39","type":"device"},"reference":null},{"@id":293,"shape":{"type":"rect","xposition":"NaN","yposition":"NaN","width":"NaN","height":"NaN","shapeStyle":2},"labelManager":{"labels":[{"type":"textLabel","@id":294,"inputText":"Karl","labelStyle":4,"shape":null,"layoutText":null}],"mainLabel":294},"portCompositions":[{"type":"portGroup","@id":295,"ordered":false,"portCompositions":[{"type":"port","@id":296,"shape":{"type":"rect","xposition":"NaN","yposition":"NaN","width":"NaN","height":"NaN","shapeStyle":2},"labelManager":{"labels":[{"type":"textLabel","@id":297,"inputText":"1","labelStyle":4,"shape":null,"layoutText":null}],"mainLabel":297},"properties":{"id":"c34053d3bc87e64df13a221144ba9943"},"orientationAtVertex":"FREE","reference":null}],"properties":{},"reference":null}],"properties":{"id":"64fe5c2a5868aa62ad11c42fde923075","type":"socket"},"reference":null},{"@id":298,"shape":{"type":"rect","xposition":"NaN","yposition":"NaN","width":"NaN","height":"NaN","shapeStyle":2},"labelManager":{"labels":[{"type":"textLabel","@id":299,"inputText":"Julius","labelStyle":4,"shape":null,"layoutText":null}],"mainLabel":299},"portCompositions":[{"type":"port","@id":300,"shape":{"type":"rect","xposition":"NaN","yposition":"NaN","width":"NaN","height":"NaN","shapeStyle":2},"labelManager":{"labels":[{"type":"textLabel","@id":301,"inputText":"1","labelStyle":4,"shape":null,"layoutText":null}],"mainLabel":301},"properties":{"id":"f433b9a627696de700d6a5ad2b8d13f1"},"orientationAtVertex":"FREE","reference":null}],"properties":{"id":"c7db162cc9fde32503761a9d85d3f16b","type":"splice"},"reference":null},{"@id":302,"shape":{"type":"rect","xposition":"NaN","yposition":"NaN","width":"NaN","height":"NaN","shapeStyle":2},"labelManager":{"labels":[{"type":"textLabel","@id":303,"inputText":"Luca","labelStyle":4,"shape":null,"layoutText":null}],"mainLabel":303},"portCompositions":[{"type":"port","@id":304,"shape":{"type":"rect","xposition":"NaN","yposition":"NaN","width":"NaN","height":"NaN","shapeStyle":2},"labelManager":{"labels":[{"type":"textLabel","@id":305,"inputText":"1","labelStyle":4,"shape":null,"layoutText":null}],"mainLabel":305},"properties":{"id":"3d0bbd449a5dfcca64935b3390fc538c"},"orientationAtVertex":"FREE","reference":null}],"properties":{"id":"5fae350c51fdbcf141815ad19f8c7029","type":"splice"},"reference":null},{"@id":306,"shape":null,"labelManager":{"labels":[{"type":"textLabel","@id":307,"inputText":"Felix","labelStyle":11,"shape":null,"layoutText":null}],"mainLabel":307},"portCompositions":[{"type":"portGroup","@id":308,"ordered":false,"portCompositions":[{"type":"port","@id":309,"shape":{"type":"rect","xposition":"NaN","yposition":"NaN","width":"NaN","height":"NaN","shapeStyle":9},"labelManager":{"labels":[{"type":"textLabel","@id":310,"inputText":"1","labelStyle":11,"shape":null,"layoutText":null}],"mainLabel":310},"properties":{},"orientationAtVertex":"FREE","reference":null}],"properties":{},"reference":null}],"properties":{},"reference":null},{"@id":311,"shape":null,"labelManager":{"labels":[{"type":"textLabel","@id":312,"inputText":"Ben","labelStyle":11,"shape":null,"layoutText":null}],"mainLabel":312},"portCompositions":[{"type":"portGroup","@id":313,"ordered":false,"portCompositions":[{"type":"port","@id":314,"shape":{"type":"rect","xposition":"NaN","yposition":"NaN","width":"NaN","height":"NaN","shapeStyle":9},"labelManager":{"labels":[{"type":"textLabel","@id":315,"inputText":"1","labelStyle":11,"shape":null,"layoutText":null}],"mainLabel":315},"properties":{},"orientationAtVertex":"FREE","reference":null}],"properties":{},"reference":null}],"properties":{},"reference":null},{"@id":316,"shape":null,"labelManager":{"labels":[{"type":"textLabel","@id":317,"inputText":"Jakob","labelStyle":11,"shape":null,"layoutText":null}],"mainLabel":317},"portCompositions":[{"type":"portGroup","@id":318,"ordered":false,"portCompositions":[{"type":"port","@id":319,"shape":{"type":"rect","xposition":"NaN","yposition":"NaN","width":"NaN","height":"NaN","shapeStyle":9},"labelManager":{"labels":[{"type":"textLabel","@id":320,"inputText":"1","labelStyle":11,"shape":null,"layoutText":null}],"mainLabel":320},"properties":{},"orientationAtVertex":"FREE","reference":null}],"properties":{},"reference":null}],"properties":{},"reference":null},{"@id":321,"shape":null,"labelManager":{"labels":[{"type":"textLabel","@id":322,"inputText":"Finn","labelStyle":11,"shape":null,"layoutText":null}],"mainLabel":322},"portCompositions":[{"type":"portGroup","@id":323,"ordered":false,"portCompositions":[{"type":"port","@id":324,"shape":{"type":"rect","xposition":"NaN","yposition":"NaN","width":"NaN","height":"NaN","shapeStyle":9},"labelManager":{"labels":[{"type":"textLabel","@id":325,"inputText":"2","labelStyle":11,"shape":null,"layoutText":null}],"mainLabel":325},"properties":{},"orientationAtVertex":"FREE","reference":null},{"type":"port","@id":326,"shape":{"type":"rect","xposition":"NaN","yposition":"NaN","width":"NaN","height":"NaN","shapeStyle":9},"labelManager":{"labels":[{"type":"textLabel","@id":327,"inputText":"1","labelStyle":11,"shape":null,"layoutText":null}],"mainLabel":327},"properties":{},"orientationAtVertex":"FREE","reference":null}],"properties":{},"reference":null}],"properties":{},"reference":null},{"@id":328,"shape":null,"labelManager":{"labels":[{"type":"textLabel","@id":329,"inputText":"Michael","labelStyle":11,"shape":null,"layoutText":null}],"mainLabel":329},"portCompositions":[{"type":"portGroup","@id":330,"ordered":false,"portCompositions":[{"type":"port","@id":331,"shape":{"type":"rect","xposition":"NaN","yposition":"NaN","width":"NaN","height":"NaN","shapeStyle":9},"labelManager":{"labels":[{"type":"textLabel","@id":332,"inputText":"2","labelStyle":11,"shape":null,"layoutText":null}],"mainLabel":332},"properties":{},"orientationAtVertex":"FREE","reference":null}],"properties":{},"reference":null}],"properties":{},"reference":null},{"@id":333,"shape":null,"labelManager":{"labels":[{"type":"textLabel","@id":334,"inputText":"Florian","labelStyle":11,"shape":null,"layoutText":null}],"mainLabel":334},"portCompositions":[{"type":"portGroup","@id":335,"ordered":false,"portCompositions":[{"type":"port","@id":336,"shape":{"type":"rect","xposition":"NaN","yposition":"NaN","width":"NaN","height":"NaN","shapeStyle":9},"labelManager":{"labels":[{"type":"textLabel","@id":337,"inputText":"1","labelStyle":11,"shape":null,"layoutText":null}],"mainLabel":337},"properties":{},"orientationAtVertex":"FREE","reference":null}],"properties":{},"reference":null}],"properties":{},"reference":null},{"@id":338,"shape":null,"labelManager":{"labels":[{"type":"textLabel","@id":339,"inputText":"Leo","labelStyle":11,"shape":null,"layoutText":null}],"mainLabel":339},"portCompositions":[{"type":"portGroup","@id":340,"ordered":false,"portCompositions":[{"type":"port","@id":341,"shape":{"type":"rect","xposition":"NaN","yposition":"NaN","width":"NaN","height":"NaN","shapeStyle":9},"labelManager":{"labels":[{"type":"textLabel","@id":342,"inputText":"1","labelStyle":11,"shape":null,"layoutText":null}],"mainLabel":342},"properties":{},"orientationAtVertex":"FREE","reference":null}],"properties":{},"reference":null}],"properties":{},"reference":null},{"@id":343,"shape":null,"labelManager":{"labels":[{"type":"textLabel","@id":344,"inputText":"Ali","labelStyle":11,"shape":null,"layoutText":null}],"mainLabel":344},"portCompositions":[{"type":"portGroup","@id":345,"ordered":false,"portCompositions":[{"type":"port","@id":346,"shape":{"type":"rect","xposition":"NaN","yposition":"NaN","width":"NaN","height":"NaN","shapeStyle":9},"labelManager":{"labels":[{"type":"textLabel","@id":347,"inputText":"4","labelStyle":11,"shape":null,"layoutText":null}],"mainLabel":347},"properties":{},"orientationAtVertex":"FREE","reference":null},{"type":"port","@id":348,"shape":{"type":"rect","xposition":"NaN","yposition":"NaN","width":"NaN","height":"NaN","shapeStyle":9},"labelManager":{"labels":[{"type":"textLabel","@id":349,"inputText":"7","labelStyle":11,"shape":null,"layoutText":null}],"mainLabel":349},"properties":{},"orientationAtVertex":"FREE","reference":null},{"type":"port","@id":350,"shape":{"type":"rect","xposition":"NaN","yposition":"NaN","width":"NaN","height":"NaN","shapeStyle":9},"labelManager":{"labels":[{"type":"textLabel","@id":351,"inputText":"3","labelStyle":11,"shape":null,"layoutText":null}],"mainLabel":351},"properties":{},"orientationAtVertex":"FREE","reference":null}],"properties":{},"reference":null}],"properties":{},"reference":null},{"@id":352,"shape":null,"labelManager":{"labels":[{"type":"textLabel","@id":353,"inputText":"Emil","labelStyle":11,"shape":null,"layoutText":null}],"mainLabel":353},"portCompositions":[{"type":"portGroup","@id":354,"ordered":false,"portCompositions":[{"type":"port","@id":355,"shape":{"type":"rect","xposition":"NaN","yposition":"NaN","width":"NaN","height":"NaN","shapeStyle":9},"labelManager":{"labels":[{"type":"textLabel","@id":356,"inputText":"2","labelStyle":11,"shape":null,"layoutText":null}],"mainLabel":356},"properties":{},"orientationAtVertex":"FREE","reference":null}],"properties":{},"reference":null}],"properties":{},"reference":null},{"@id":357,"shape":null,"labelManager":{"labels":[{"type":"textLabel","@id":358,"inputText":"Benjamin","labelStyle":11,"shape":null,"layoutText":null}],"mainLabel":358},"portCompositions":[{"type":"portGroup","@id":359,"ordered":false,"portCompositions":[{"type":"port","@id":360,"shape":{"type":"rect","xposition":"NaN","yposition":"NaN","width":"NaN","height":"NaN","shapeStyle":9},"labelManager":{"labels":[{"type":"textLabel","@id":361,"inputText":"3","labelStyle":11,"shape":null,"layoutText":null}],"mainLabel":361},"properties":{},"orientationAtVertex":"FREE","reference":null}],"properties":{},"reference":null}],"properties":{},"reference":null},{"@id":362,"shape":null,"labelManager":{"labels":[{"type":"textLabel","@id":363,"inputText":"Louis","labelStyle":11,"shape":null,"layoutText":null}],"mainLabel":363},"portCompositions":[{"type":"portGroup","@id":364,"ordered":false,"portCompositions":[{"type":"port","@id":365,"shape":{"type":"rect","xposition":"NaN","yposition":"NaN","width":"NaN","height":"NaN","shapeStyle":9},"labelManager":{"labels":[{"type":"textLabel","@id":366,"inputText":"2","labelStyle":11,"shape":null,"layoutText":null}],"mainLabel":366},"properties":{},"orientationAtVertex":"FREE","reference":null}],"properties":{},"reference":null}],"properties":{},"reference":null},{"@id":367,"shape":null,"labelManager":{"labels":[{"type":"textLabel","@id":368,"inputText":"Muhammed","labelStyle":11,"shape":null,"layoutText":null}],"mainLabel":368},"portCompositions":[{"type":"portGroup","@id":369,"ordered":false,"portCompositions":[{"type":"port","@id":370,"shape":{"type":"rect","xposition":"NaN","yposition":"NaN","width":"NaN","height":"NaN","shapeStyle":9},"labelManager":{"labels":[{"type":"textLabel","@id":371,"inputText":"1","labelStyle":11,"shape":null,"layoutText":null}],"mainLabel":371},"properties":{},"orientationAtVertex":"FREE","reference":null}],"properties":{},"reference":null}],"properties":{},"reference":null}],"vertexGroups":[{"@id":372,"drawnFrame":false,"labelManager":{"labels":[],"mainLabel":null},"shape":null,"containedVertices":[1,12],"containedVertexGroups":[],"touchingPairs":[{"vertex0":1,"horizontalPlacementVertex0":"FREE","verticalPlacementVertex0":"TOP","vertex1":12,"horizontalPlacementVertex1":"FREE","verticalPlacementVertex1":"FREE"}],"portPairings":[{"port0":6,"port1":15},{"port0":8,"port1":17}],"properties":{},"reference":null},{"@id":373,"drawnFrame":false,"labelManager":{"labels":[],"mainLabel":null},"shape":null,"containedVertices":[19,25],"containedVertexGroups":[],"touchingPairs":[{"vertex0":19,"horizontalPlacementVertex0":"FREE","verticalPlacementVertex0":"TOP","vertex1":25,"horizontalPlacementVertex1":"FREE","verticalPlacementVertex1":"FREE"}],"portPairings":[{"port0":22,"port1":28}],"properties":{},"reference":null},{"@id":374,"drawnFrame":false,"labelManager":{"labels":[],"mainLabel":null},"shape":null,"containedVertices":[34,39],"containedVertexGroups":[],"touchingPairs":[{"vertex0":34,"horizontalPlacementVertex0":"FREE","verticalPlacementVertex0":"TOP","vertex1":39,"horizontalPlacementVertex1":"FREE","verticalPlacementVertex1":"FREE"}],"portPairings":[{"port0":37,"port1":42}],"properties":{},"reference":null},{"@id":375,"drawnFrame":false,"labelManager":{"labels":[],"mainLabel":null},"shape":null,"containedVertices":[48,53],"containedVertexGroups":[],"touchingPairs":[{"vertex0":48,"horizontalPlacementVertex0":"FREE","verticalPlacementVertex0":"TOP","vertex1":53,"horizontalPlacementVertex1":"FREE","verticalPlacementVertex1":"FREE"}],"portPairings":[{"port0":51,"port1":56}],"properties":{},"reference":null},{"@id":376,"drawnFrame":false,"labelManager":{"labels":[],"mainLabel":null},"shape":null,"containedVertices":[58,66,338],"containedVertexGroups":[],"touchingPairs":[{"vertex0":58,"horizontalPlacementVertex0":"FREE","verticalPlacementVertex0":"TOP","vertex1":66,"horizontalPlacementVertex1":"FREE","verticalPlacementVertex1":"FREE"},{"vertex0":58,"horizontalPlacementVertex0":"FREE","verticalPlacementVertex0":"FREE","vertex1":338,"horizontalPlacementVertex1":"FREE","verticalPlacementVertex1":"FREE"}],"portPairings":[{"port0":61,"port1":69},{"port0":63,"port1":341}],"properties":{},"reference":null},{"@id":377,"drawnFrame":false,"labelManager":{"labels":[],"mainLabel":null},"shape":null,"containedVertices":[71,80],"containedVertexGroups":[],"touchingPairs":[{"vertex0":71,"horizontalPlacementVertex0":"FREE","verticalPlacementVertex0":"TOP","vertex1":80,"horizontalPlacementVertex1":"FREE","verticalPlacementVertex1":"FREE"}],"portPairings":[{"port0":74,"port1":83},{"port0":76,"port1":85},{"port0":78,"port1":87}],"properties":{},"reference":null},{"@id":378,"drawnFrame":false,"labelManager":{"labels":[],"mainLabel":null},"shape":null,"containedVertices":[97,106],"containedVertexGroups":[],"touchingPairs":[{"vertex0":97,"horizontalPlacementVertex0":"FREE","verticalPlacementVertex0":"TOP","vertex1":106,"horizontalPlacementVertex1":"FREE","verticalPlacementVertex1":"FREE"}],"portPairings":[{"port0":100,"port1":109},{"port0":102,"port1":111},{"port0":104,"port1":113}],"properties":{},"reference":null},{"@id":379,"drawnFrame":false,"labelManager":{"labels":[],"mainLabel":null},"shape":null,"containedVertices":[115,132,343],"containedVertexGroups":[],"touchingPairs":[{"vertex0":115,"horizontalPlacementVertex0":"FREE","verticalPlacementVertex0":"TOP","vertex1":132,"horizontalPlacementVertex1":"FREE","verticalPlacementVertex1":"FREE"},{"vertex0":115,"horizontalPlacementVertex0":"FREE","verticalPlacementVertex0":"FREE","vertex1":343,"horizontalPlacementVertex1":"FREE","verticalPlacementVertex1":"FREE"}],"portPairings":[{"port0":118,"port1":135},{"port0":120,"port1":137},{"port0":122,"port1":139},{"port0":124,"port1":346},{"port0":126,"port1":141},{"port0":128,"port1":348},{"port0":130,"port1":350}],"properties":{},"reference":null},{"@id":380,"drawnFrame":false,"labelManager":{"labels":[],"mainLabel":null},"shape":null,"containedVertices":[150,159,357],"containedVertexGroups":[],"touchingPairs":[{"vertex0":150,"horizontalPlacementVertex0":"FREE","verticalPlacementVertex0":"TOP","vertex1":159,"horizontalPlacementVertex1":"FREE","verticalPlacementVertex1":"FREE"},{"vertex0":150,"horizontalPlacementVertex0":"FREE","verticalPlacementVertex0":"FREE","vertex1":357,"horizontalPlacementVertex1":"FREE","verticalPlacementVertex1":"FREE"}],"portPairings":[{"port0":153,"port1":162},{"port0":155,"port1":164},{"port0":157,"port1":360}],"properties":{},"reference":null},{"@id":381,"drawnFrame":false,"labelManager":{"labels":[],"mainLabel":null},"shape":null,"containedVertices":[166,171],"containedVertexGroups":[],"touchingPairs":[{"vertex0":166,"horizontalPlacementVertex0":"FREE","verticalPlacementVertex0":"TOP","vertex1":171,"horizontalPlacementVertex1":"FREE","verticalPlacementVertex1":"FREE"}],"portPairings":[{"port0":169,"port1":174}],"properties":{},"reference":null},{"@id":382,"drawnFrame":false,"labelManager":{"labels":[],"mainLabel":null},"shape":null,"containedVertices":[176,185,333],"containedVertexGroups":[],"touchingPairs":[{"vertex0":176,"horizontalPlacementVertex0":"FREE","verticalPlacementVertex0":"TOP","vertex1":185,"horizontalPlacementVertex1":"FREE","verticalPlacementVertex1":"FREE"},{"vertex0":176,"horizontalPlacementVertex0":"FREE","verticalPlacementVertex0":"FREE","vertex1":333,"horizontalPlacementVertex1":"FREE","verticalPlacementVertex1":"FREE"}],"portPairings":[{"port0":179,"port1":188},{"port0":181,"port1":190},{"port0":183,"port1":336}],"properties":{},"reference":null},{"@id":383,"drawnFrame":false,"labelManager":{"labels":[],"mainLabel":null},"shape":null,"containedVertices":[192,202,352],"containedVertexGroups":[],"touchingPairs":[{"vertex0":192,"horizontalPlacementVertex0":"FREE","verticalPlacementVertex0":"TOP","vertex1":202,"horizontalPlacementVertex1":"FREE","verticalPlacementVertex1":"FREE"},{"vertex0":192,"horizontalPlacementVertex0":"FREE","verticalPlacementVertex0":"FREE","vertex1":352,"horizontalPlacementVertex1":"FREE","verticalPlacementVertex1":"FREE"}],"portPairings":[{"port0":196,"port1":205},{"port0":198,"port1":355},{"port0":200,"port1":207}],"properties":{},"reference":null},{"@id":384,"drawnFrame":false,"labelManager":{"labels":[],"mainLabel":null},"shape":null,"containedVertices":[209,214],"containedVertexGroups":[],"touchingPairs":[{"vertex0":209,"horizontalPlacementVertex0":"FREE","verticalPlacementVertex0":"TOP","vertex1":214,"horizontalPlacementVertex1":"FREE","verticalPlacementVertex1":"FREE"}],"portPairings":[{"port0":212,"port1":217}],"properties":{},"reference":null},{"@id":385,"drawnFrame":false,"labelManager":{"labels":[],"mainLabel":null},"shape":null,"containedVertices":[228,237],"containedVertexGroups":[],"touchingPairs":[{"vertex0":228,"horizontalPlacementVertex0":"FREE","verticalPlacementVertex0":"TOP","vertex1":237,"horizontalPlacementVertex1":"FREE","verticalPlacementVertex1":"FREE"}],"portPairings":[{"port0":231,"port1":240},{"port0":233,"port1":242},{"port0":235,"port1":244}],"properties":{},"reference":null},{"@id":386,"drawnFrame":false,"labelManager":{"labels":[],"mainLabel":null},"shape":null,"containedVertices":[246,258,263],"containedVertexGroups":[],"touchingPairs":[{"vertex0":246,"horizontalPlacementVertex0":"FREE","verticalPlacementVertex0":"TOP","vertex1":258,"horizontalPlacementVertex1":"FREE","verticalPlacementVertex1":"FREE"},{"vertex0":246,"horizontalPlacementVertex0":"FREE","verticalPlacementVertex0":"TOP","vertex1":263,"horizontalPlacementVertex1":"FREE","verticalPlacementVertex1":"FREE"}],"portPairings":[{"port0":249,"port1":261},{"port0":256,"port1":266},{"port0":251,"port1":268},{"port0":253,"port1":270}],"properties":{},"reference":null},{"@id":387,"drawnFrame":false,"labelManager":{"labels":[],"mainLabel":null},"shape":null,"containedVertices":[272,279],"containedVertexGroups":[],"touchingPairs":[{"vertex0":272,"horizontalPlacementVertex0":"FREE","verticalPlacementVertex0":"TOP","vertex1":279,"horizontalPlacementVertex1":"FREE","verticalPlacementVertex1":"FREE"}],"portPairings":[{"port0":275,"port1":282},{"port0":277,"port1":284}],"properties":{},"reference":null},{"@id":388,"drawnFrame":false,"labelManager":{"labels":[],"mainLabel":null},"shape":null,"containedVertices":[286,293,362],"containedVertexGroups":[],"touchingPairs":[{"vertex0":286,"horizontalPlacementVertex0":"FREE","verticalPlacementVertex0":"TOP","vertex1":293,"horizontalPlacementVertex1":"FREE","verticalPlacementVertex1":"FREE"},{"vertex0":286,"horizontalPlacementVertex0":"FREE","verticalPlacementVertex0":"FREE","vertex1":362,"horizontalPlacementVertex1":"FREE","verticalPlacementVertex1":"FREE"}],"portPairings":[{"port0":289,"port1":296},{"port0":291,"port1":365}],"properties":{},"reference":null},{"@id":389,"drawnFrame":false,"labelManager":{"labels":[],"mainLabel":null},"shape":null,"containedVertices":[311,316],"containedVertexGroups":[],"touchingPairs":[{"vertex0":311,"horizontalPlacementVertex0":"FREE","verticalPlacementVertex0":"FREE","vertex1":316,"horizontalPlacementVertex1":"FREE","verticalPlacementVertex1":"FREE"}],"portPairings":[{"port0":314,"port1":319}],"properties":{},"reference":null},{"@id":390,"drawnFrame":false,"labelManager":{"labels":[],"mainLabel":null},"shape":null,"containedVertices":[321,328,367],"containedVertexGroups":[],"touchingPairs":[{"vertex0":321,"horizontalPlacementVertex0":"FREE","verticalPlacementVertex0":"FREE","vertex1":328,"horizontalPlacementVertex1":"FREE","verticalPlacementVertex1":"FREE"},{"vertex0":321,"horizontalPlacementVertex0":"FREE","verticalPlacementVertex0":"FREE","vertex1":367,"horizontalPlacementVertex1":"FREE","verticalPlacementVertex1":"FREE"}],"portPairings":[{"port0":324,"port1":331},{"port0":326,"port1":370}],"properties":{},"reference":null}],"edges":[{"@id":391,"ports":[217,300],"labelManager":{"innerLabels":[{"type":"textLabel","@id":392,"inputText":"Emilio","labelStyle":4,"shape":null,"layoutText":null}],"allPortLabels":[],"mainLabel":392},"pathStyle":{"@id":393,"description":"default path style","thickness":-1.0,"color":{"argb":"ff000000"}},"paths":[],"properties":{"id":"e33734d997eba3a1af237154588cfd67"},"reference":null},{"@id":394,"ports":[240,42],"labelManager":{"innerLabels":[{"type":"textLabel","@id":395,"inputText":"Milan","labelStyle":4,"shape":null,"layoutText":null}],"allPortLabels":[],"mainLabel":395},"pathStyle":393,"paths":[],"properties":{"id":"987df6d7e25a715a54f72a126ad2d83e"},"reference":null},{"@id":396,"ports":[304,296],"labelManager":{"innerLabels":[{"type":"textLabel","@id":397,"inputText":"Sebastian","labelStyle":4,"shape":null,"layoutText":null}],"allPortLabels":[],"mainLabel":397},"pathStyle":393,"paths":[],"properties":{"id":"3edec8ab2ba99d50c7422845bed2bd98"},"reference":null},{"@id":398,"ports":[205,300],"labelManager":{"innerLabels":[{"type":"textLabel","@id":399,"inputText":"Jonah","labelStyle":4,"shape":null,"layoutText":null}],"allPortLabels":[],"mainLabel":399},"pathStyle":393,"paths":[],"properties":{"id":"2ff3d2810a66189a97d48b85ac2c715b"},"reference":null},{"@id":400,"ports":[190,300],"labelManager":{"innerLabels":[{"type":"textLabel","@id":401,"inputText":"Mika","labelStyle":4,"shape":null,"layoutText":null}],"allPortLabels":[],"mainLabel":401},"pathStyle":393,"paths":[],"properties":{"id":"ba39db3258eaa10bf6ee261051141028"},"reference":null},{"@id":402,"ports":[95,56],"labelManager":{"innerLabels":[{"type":"textLabel","@id":403,"inputText":"Matthias","labelStyle":4,"shape":null,"layoutText":null}],"allPortLabels":[],"mainLabel":403},"pathStyle":393,"paths":[],"properties":{"id":"b731cf50fd6ff2cef9c85c93dcde52f2"},"reference":null},{"@id":404,"ports":[95,169],"labelManager":{"innerLabels":[{"type":"textLabel","@id":405,"inputText":"Nick","labelStyle":4,"shape":null,"layoutText":null}],"allPortLabels":[],"mainLabel":405},"pathStyle":393,"paths":[],"properties":{"id":"009be0194436b19e0b45eb3c277fa96f"},"reference":null},{"@id":406,"ports":[282,174],"labelManager":{"innerLabels":[{"type":"textLabel","@id":407,"inputText":"Wilhelm","labelStyle":4,"shape":null,"layoutText":null}],"allPortLabels":[],"mainLabel":407},"pathStyle":393,"paths":[],"properties":{"id":"ab3beb1d0b6400a7d509727db800d351"},"reference":null},{"@id":408,"ports":[205,304],"labelManager":{"innerLabels":[{"type":"textLabel","@id":409,"inputText":"Jona","labelStyle":4,"shape":null,"layoutText":null}],"allPortLabels":[],"mainLabel":409},"pathStyle":393,"paths":[],"properties":{"id":"0a43c98ea90f1cb56e68accd79b26de5"},"reference":null},{"@id":410,"ports":[74,242],"labelManager":{"innerLabels":[{"type":"textLabel","@id":411,"inputText":"Ole","labelStyle":4,"shape":null,"layoutText":null}],"allPortLabels":[],"mainLabel":411},"pathStyle":393,"paths":[],"properties":{"id":"599b33c0f94effe08b629e54181af9ab"},"reference":null},{"@id":412,"ports":[51,109],"labelManager":{"innerLabels":[{"type":"textLabel","@id":413,"inputText":"Constantin","labelStyle":4,"shape":null,"layoutText":null}],"allPortLabels":[],"mainLabel":413},"pathStyle":393,"paths":[],"properties":{"id":"1557d6f8557e6f8ba3aaf572632e4b39"},"reference":null},{"@id":414,"ports":[304,266],"labelManager":{"innerLabels":[{"type":"textLabel","@id":415,"inputText":"Konstantin","labelStyle":4,"shape":null,"layoutText":null}],"allPortLabels":[],"mainLabel":415},"pathStyle":393,"paths":[],"properties":{"id":"5df6aac8c412a9373d5086eb62fc89d2"},"reference":null},{"@id":416,"ports":[100,83],"labelManager":{"innerLabels":[{"type":"textLabel","@id":417,"inputText":"Justus","labelStyle":4,"shape":null,"layoutText":null}],"allPortLabels":[],"mainLabel":417},"pathStyle":393,"paths":[],"properties":{"id":"e12d6e1a2b7e7668a99147376b25f2fa"},"reference":null},{"@id":418,"ports":[164,32],"labelManager":{"innerLabels":[{"type":"textLabel","@id":419,"inputText":"Emir","labelStyle":4,"shape":null,"layoutText":null}],"allPortLabels":[],"mainLabel":419},"pathStyle":393,"paths":[],"properties":{"id":"cf49df6341f22c5fcc7d29d9585bb9c3"},"reference":null},{"@id":420,"ports":[46,28],"labelManager":{"innerLabels":[{"type":"textLabel","@id":421,"inputText":"Hannes","labelStyle":11,"shape":null,"layoutText":null}],"allPortLabels":[],"mainLabel":421},"pathStyle":{"@id":422,"description":"default path style","thickness":-1.0,"color":{"argb":"ff000000"}},"paths":[],"properties":{},"reference":null},{"@id":423,"ports":[224,17],"labelManager":{"innerLabels":[{"type":"textLabel","@id":424,"inputText":"Jasper","labelStyle":11,"shape":null,"layoutText":null}],"allPortLabels":[],"mainLabel":424},"pathStyle":422,"paths":[],"properties":{},"reference":null},{"@id":425,"ports":[309,314],"labelManager":{"innerLabels":[{"type":"textLabel","@id":426,"inputText":"Fritz","labelStyle":11,"shape":null,"layoutText":null}],"allPortLabels":[],"mainLabel":426},"pathStyle":422,"paths":[],"properties":{},"reference":null},{"@id":427,"ports":[111,226],"labelManager":{"innerLabels":[{"type":"textLabel","@id":428,"inputText":"Ferdinand","labelStyle":11,"shape":null,"layoutText":null}],"allPortLabels":[],"mainLabel":428},"pathStyle":422,"paths":[],"properties":{},"reference":null},{"@id":429,"ports":[370,319],"labelManager":{"innerLabels":[{"type":"textLabel","@id":430,"inputText":"Joshua","labelStyle":11,"shape":null,"layoutText":null}],"allPortLabels":[],"mainLabel":430},"pathStyle":422,"paths":[],"properties":{},"reference":null},{"@id":431,"ports":[188,162],"labelManager":{"innerLabels":[{"type":"textLabel","@id":432,"inputText":"Linus","labelStyle":11,"shape":null,"layoutText":null}],"allPortLabels":[],"mainLabel":432},"pathStyle":422,"paths":[],"properties":{},"reference":null},{"@id":433,"ports":[336,76],"labelManager":{"innerLabels":[{"type":"textLabel","@id":434,"inputText":"Robin","labelStyle":11,"shape":null,"layoutText":null}],"allPortLabels":[],"mainLabel":434},"pathStyle":422,"paths":[],"properties":{},"reference":null},{"@id":435,"ports":[341,261],"labelManager":{"innerLabels":[{"type":"textLabel","@id":436,"inputText":"Erik","labelStyle":11,"shape":null,"layoutText":null}],"allPortLabels":[],"mainLabel":436},"pathStyle":422,"paths":[],"properties":{},"reference":null},{"@id":437,"ports":[331,148],"labelManager":{"innerLabels":[{"type":"textLabel","@id":438,"inputText":"Aaron","labelStyle":11,"shape":null,"layoutText":null}],"allPortLabels":[],"mainLabel":438},"pathStyle":422,"paths":[],"properties":{},"reference":null},{"@id":439,"ports":[91,146],"labelManager":{"innerLabels":[{"type":"textLabel","@id":440,"inputText":"Can","labelStyle":11,"shape":null,"layoutText":null}],"allPortLabels":[],"mainLabel":440},"pathStyle":422,"paths":[],"properties":{},"reference":null},{"@id":441,"ports":[91,355],"labelManager":{"innerLabels":[{"type":"textLabel","@id":442,"inputText":"Josef","labelStyle":11,"shape":null,"layoutText":null}],"allPortLabels":[],"mainLabel":442},"pathStyle":422,"paths":[],"properties":{},"reference":null},{"@id":443,"ports":[348,69],"labelManager":{"innerLabels":[{"type":"textLabel","@id":444,"inputText":"Kaan","labelStyle":11,"shape":null,"layoutText":null}],"allPortLabels":[],"mainLabel":444},"pathStyle":422,"paths":[],"properties":{},"reference":null},{"@id":445,"ports":[8,46],"labelManager":{"innerLabels":[{"type":"textLabel","@id":446,"inputText":"Tobias","labelStyle":11,"shape":null,"layoutText":null}],"allPortLabels":[],"mainLabel":446},"pathStyle":422,"paths":[],"properties":{},"reference":null},{"@id":447,"ports":[102,87,104],"labelManager":{"innerLabels":[{"type":"textLabel","@id":448,"inputText":"Wilhelm","labelStyle":11,"shape":null,"layoutText":null}],"allPortLabels":[],"mainLabel":448},"pathStyle":422,"paths":[],"properties":{},"reference":null},{"@id":449,"ports":[78,244],"labelManager":{"innerLabels":[{"type":"textLabel","@id":450,"inputText":"Wilhelm","labelStyle":11,"shape":null,"layoutText":null}],"allPortLabels":[],"mainLabel":450},"pathStyle":422,"paths":[],"properties":{},"reference":null},{"@id":451,"ports":[113,222],"labelManager":{"innerLabels":[{"type":"textLabel","@id":452,"inputText":"Jonah","labelStyle":11,"shape":null,"layoutText":null}],"allPortLabels":[],"mainLabel":452},"pathStyle":422,"paths":[],"properties":{},"reference":null},{"@id":453,"ports":[15,270],"labelManager":{"innerLabels":[{"type":"textLabel","@id":454,"inputText":"Nils","labelStyle":11,"shape":null,"layoutText":null}],"allPortLabels":[],"mainLabel":454},"pathStyle":422,"paths":[],"properties":{},"reference":null},{"@id":455,"ports":[139,268],"labelManager":{"innerLabels":[{"type":"textLabel","@id":456,"inputText":"Robin","labelStyle":11,"shape":null,"layoutText":null}],"allPortLabels":[],"mainLabel":456},"pathStyle":422,"paths":[],"properties":{},"reference":null},{"@id":457,"ports":[137,346],"labelManager":{"innerLabels":[{"type":"textLabel","@id":458,"inputText":"Mika","labelStyle":11,"shape":null,"layoutText":null}],"allPortLabels":[],"mainLabel":458},"pathStyle":422,"paths":[],"properties":{},"reference":null},{"@id":459,"ports":[360,365],"labelManager":{"innerLabels":[{"type":"textLabel","@id":460,"inputText":"Milan","labelStyle":11,"shape":null,"layoutText":null}],"allPortLabels":[],"mainLabel":460},"pathStyle":422,"paths":[],"properties":{},"reference":null},{"@id":461,"ports":[350,135],"labelManager":{"innerLabels":[{"type":"textLabel","@id":462,"inputText":"Matteo","labelStyle":11,"shape":null,"layoutText":null}],"allPortLabels":[],"mainLabel":462},"pathStyle":422,"paths":[],"properties":{},"reference":null},{"@id":463,"ports":[102,207],"labelManager":{"innerLabels":[{"type":"textLabel","@id":464,"inputText":"Erik","labelStyle":11,"shape":null,"layoutText":null}],"allPortLabels":[],"mainLabel":464},"pathStyle":422,"paths":[],"properties":{},"reference":null},{"@id":465,"ports":[365,102],"labelManager":{"innerLabels":[{"type":"textLabel","@id":466,"inputText":"Sebastian","labelStyle":11,"shape":null,"layoutText":null}],"allPortLabels":[],"mainLabel":466},"pathStyle":422,"paths":[],"properties":{},"reference":null}],"edgeBundles":[]}