{"vertices":[{"@id":1,"shape":{"type":"rect","xposition":"NaN","yposition":"NaN","width":"NaN","height":"NaN","shapeStyle":{"@id":2,"description":"default shape style","color":{"argb":"ff000000"}}},"labelManager":{"labels":[{"type":"textLabel","@id":3,"inputText":"Tom","labelStyle":{"@id":4,"description":"default text label style","font":{"fontName":"SansSerif","style":0,"size":10},"noBreak":false,"color":{"argb":"ff000000"},"showLabel":true,"placement":"FREE","horizontalPlacement":"FREE","verticalPlacement":"FREE"},"shape":null,"layoutText":null}],"mainLabel":3},"portCompositions":[{"type":"portGroup","@id":5,"ordered":false,"portCompositions":[{"type":"port","@id":6,"shape":{"type":"rect","xposition":"NaN","yposition":"NaN","width":"NaN","height":"NaN","shapeStyle":2},"labelManager":{"labels":[{"type":"textLabel","@id":7,"inputText":"1","labelStyle":4,"shape":null,"layoutText":null}],"mainLabel":7},"properties":{"id":"db504e9d43e2c132c990e9feec2006d4"},"orientationAtVertex":"FREE","reference":null},{"type":"port","@id":8,"shape":{"type":"rect","xposition":"NaN","yposition":"NaN","width":"NaN","height":"NaN","shapeStyle":2},"labelManager":{"labels":[{"type":"textLabel","@id":9,"inputText":"2","labelStyle":4,"shape":null,"layoutText":null}],"mainLabel":9},"properties":{"id":"6788700a1f35f8742473242032e0fb66"},"orientationAtVertex":"FREE","reference":null}],"properties":{},"reference":null}],"properties":{"id":"e0aa89d1d298dcf1763ad075865d8e10","type":"device"},"reference":null},{"@id":10,"shape":{"type":"rect","xposition":"NaN","yposition":"NaN","width":"NaN","height":"NaN","shapeStyle":2},"labelManager":{"labels":[{"type":"textLabel","@id":11,"inputText":"Noah","labelStyle":4,"shape":null,"layoutText":null}],"mainLabel":11},"portCompositions":[{"type":"portGroup","@id":12,"ordered":false,"portCompositions":[{"type":"port","@id":13,"shape":{"type":"rect","xposition":"NaN","yposition":"NaN","width":"NaN","height":"NaN","shapeStyle":2},"labelManager":{"labels":[{"type":"textLabel","@id":14,"inputText":"1","labelStyle":4,"shape":null,"layoutText":null}],"mainLabel":14},"properties":{"id":"855e034a92b617c360ccc98403fff30c"},"orientationAtVertex":"FREE","reference":null},{"type":"port","@id":15,"shape":{"type":"rect","xposition":"NaN","yposition":"NaN","width":"NaN","height":"NaN","shapeStyle":2},"labelManager":{"labels":[{"type":"textLabel","@id":16,"inputText":"2","labelStyle":4,"shape":null,"layoutText":null}],"mainLabel":16},"properties":{"id":"22ab6db4d5b78b029e2e7420bf9b7f8a"},"orientationAtVertex":"FREE","reference":null}],"properties":{},"reference":null}],"properties":{"id":"cbac4eaa2f9f4bcd99fc9eaaa158d83d","type":"socket"},"reference":null},{"@id":17,"shape":{"type":"rect","xposition":"NaN","yposition":"NaN","width":"NaN","height":"NaN","shapeStyle":2},"labelManager":{"labels":[{"type":"textLabel","@id":18,"inputText":"Leon","labelStyle":4,"shape":null,"layoutText":null}],"mainLabel":18},"portCompositions":[{"type":"portGroup","@id":19,"ordered":false,"portCompositions":[{"type":"port","@id":20,"shape":{"type":"rect","xposition":"NaN","yposition":"NaN","width":"NaN","height":"NaN","shapeStyle":2},"labelManager":{"labels":[{"type":"textLabel","@id":21,"inputText":"2","labelStyle":4,"shape":null,"layoutText":null}],"mainLabel":21},"properties":{"id":"336c8cfae42cfaf89f22540829c75941"},"orientationAtVertex":"FREE","reference":null},{"type":"port","@id":22,"shape":{"type":"rect","xposition":"NaN","yposition":"NaN","width":"NaN","height":"NaN","shapeStyle":2},"labelManager":{"labels":[{"type":"textLabel","@id":23,"inputText":"1","labelStyle":4,"shape":null,"layoutText":null}],"mainLabel":23},"properties":{"id":"ecfb09e205b75a9572ec2220f9964ac5"},"orientationAtVertex":"FREE","reference":null}],"properties":{},"reference":null}],"properties":{"id":"c74d9f15fe72dd0a8cdeb8592918af29","type":"plug"},"reference":null},{"@id":24,"shape":{"type":"rect","xposition":"NaN","yposition":"NaN","width":"NaN","height":"NaN","shapeStyle":2},"labelManager":{"labels":[{"type":"textLabel","@id":25,"inputText":"Emil","labelStyle":4,"shape":null,"layoutText":null}],"mainLabel":25},"portCompositions":[{"type":"portGroup","@id":26,"ordered":false,"portCompositions":[{"type":"port","@id":27,"shape":{"type":"rect","xposition":"NaN","yposition":"NaN","width":"NaN","height":"NaN","shapeStyle":2},"labelManager":{"labels":[{"type":"textLabel","@id":28,"inputText":"2","labelStyle":4,"shape":null,"layoutText":null}],"mainLabel":28},"properties":{"id":"558b0d3210e63033ff2c33145250038e"},"orientationAtVertex":"FREE","reference":null},{"type":"port","@id":29,"shape":{"type":"rect","xposition":"NaN","yposition":"NaN","width":"NaN","height":"NaN","shapeStyle":2},"labelManager":{"labels":[{"type":"textLabel","@id":30,"inputText":"1","labelStyle":4,"shape":null,"layoutText":null}],"mainLabel":30},"properties":{"id":"18ead3eed901ffb801427e7c5d38750f"},"orientationAtVertex":"FREE","reference":null}],"properties":{},"reference":null}],"properties":{"id":"e3f206769398a9177d41ff37233d481e","type":"plug"},"reference":null},{"@id":31,"shape":{"type":"rect","xposition":"NaN","yposition":"NaN","width":"NaN","height":"NaN","shapeStyle":2},"labelManager":{"labels":[{"type":"textLabel","@id":32,"inputText":"Elias","labelStyle":4,"shape":null,"layoutText":null}],"mainLabel":32},"portCompositions":[{"type":"portGroup","@id":33,"ordered":false,"portCompositions":[{"type":"port","@id":34,"shape":{"type":"rect","xposition":"NaN","yposition":"NaN","width":"NaN","height":"NaN","shapeStyle":2},"labelManager":{"labels":[{"type":"textLabel","@id":35,"inputText":"1","labelStyle":4,"shape":null,"layoutText":null}],"mainLabel":35},"properties":{"id":"dec9f298ffdcee2d9bde5dba584146ed"},"orientationAtVertex":"FREE","reference":null}],"properties":{},"reference":null}],"properties":{"id":"ca5be94d05b4d731d8fa97c572bf64c0","type":"plug"},"reference":null},{"@id":36,"shape":{"type":"rect","xposition":"NaN","yposition":"NaN","width":"NaN","height":"NaN","shapeStyle":2},"labelManager":{"labels":[{"type":"textLabel","@id":37,"inputText":"Moritz","labelStyle":4,"shape":null,"layoutText":null}],"mainLabel":37},"portCompositions":[{"type":"portGroup","@id":38,"ordered":false,"portCompositions":[{"type":"port","@id":39,"shape":{"type":"rect","xposition":"NaN","yposition":"NaN","width":"NaN","height":"NaN","shapeStyle":2},"labelManager":{"labels":[{"type":"textLabel","@id":40,"inputText":"1","labelStyle":4,"shape":null,"layoutText":null}],"mainLabel":40},"properties":{"id":"3b0d49a34a3abb6353ba354263b5f64f"},"orientationAtVertex":"FREE","reference":null}],"properties":{},"reference":null}],"properties":{"id":"da956b0db14d167ef7c4092a59b46ad2","type":"plug"},"reference":null},{"@id":41,"shape":{"type":"rect","xposition":"NaN","yposition":"NaN","width":"NaN","height":"NaN","shapeStyle":2},"labelManager":{"labels":[{"type":"textLabel","@id":42,"inputText":"Paul","labelStyle":4,"shape":null,"layoutText":null}],"mainLabel":42},"portCompositions":[{"type":"port","@id":43,"shape":{"type":"rect","xposition":"NaN","yposition":"NaN","width":"NaN","height":"NaN","shapeStyle":2},"labelManager":{"labels":[{"type":"textLabel","@id":44,"inputText":"1","labelStyle":4,"shape":null,"layoutText":null}],"mainLabel":44},"properties":{"id":"15a1ce57b37a1fbdde506828d01c9a5c"},"orientationAtVertex":"FREE","reference":null}],"properties":{"id":"e1378dcea6e9bf527b38bba9774b5b1f","type":"splice"},"reference":null},{"@id":45,"shape":{"type":"rect","xposition":"NaN","yposition":"NaN","width":"NaN","height":"NaN","shapeStyle":2},"labelManager":{"labels":[{"type":"textLabel","@id":46,"inputText":"Leo","labelStyle":4,"shape":null,"layoutText":null}],"mainLabel":46},"portCompositions":[{"type":"port","@id":47,"shape":{"type":"rect","xposition":"NaN","yposition":"NaN","width":"NaN","height":"NaN","shapeStyle":2},"labelManager":{"labels":[{"type":"textLabel","@id":48,"inputText":"1","labelStyle":4,"shape":null,"layoutText":null}],"mainLabel":48},"properties":{"id":"a84d5511deb5ebc1a2e954cbb222051f"},"orientationAtVertex":"FREE","reference":null}],"properties":{"id":"23f0c11dd67c3ba35ff22be156bcc941","type":"splice"},"reference":null},{"@id":49,"shape":{"type":"rect","xposition":"NaN","yposition":"NaN","width":"NaN","height":"NaN","shapeStyle":2},"labelManager":{"labels":[{"type":"textLabel","@id":50,"inputText":"Jonathan","labelStyle":4,"shape":null,"layoutText":null}],"mainLabel":50},"portCompositions":[{"type":"portGroup","@id":51,"ordered":false,"portCompositions":[{"type":"port","@id":52,"shape":{"type":"rect","xposition":"NaN","yposition":"NaN","width":"NaN","height":"NaN","shapeStyle":2},"labelManager":{"labels":[{"type":"textLabel","@id":53,"inputText":"1","labelStyle":4,"shape":null,"layoutText":null}],"mainLabel":53},"properties":{"id":"1e3436154d3cf25887d5a6f00e46a8a9"},"orientationAtVertex":"FREE","reference":null}],"properties":{},"reference":null}],"properties":{"id":"35d9b04ead60935ea5d27eccaa6aff6c","type":"plug"},"reference":null},{"@id":54,"shape":{"type":"rect","xposition":"NaN","yposition":"NaN","width":"NaN","height":"NaN","shapeStyle":2},"labelManager":{"labels":[{"type":"textLabel","@id":55,"inputText":"Jakob","labelStyle":4,"shape":null,"layoutText":null}],"mainLabel":55},"portCompositions":[{"type":"portGroup","@id":56,"ordered":false,"portCompositions":[{"type":"port","@id":57,"shape":{"type":"rect","xposition":"NaN","yposition":"NaN","width":"NaN","height":"NaN","shapeStyle":2},"labelManager":{"labels":[{"type":"textLabel","@id":58,"inputText":"1","labelStyle":4,"shape":null,"layoutText":null}],"mainLabel":58},"properties":{"id":"1e8ca10af576c1673afcedd0548c902b"},"orientationAtVertex":"FREE","reference":null}],"properties":{},"reference":null}],"properties":{"id":"b9a1e4e9ea4b0778c23e94f00bce1026","type":"plug"},"reference":null},{"@id":59,"shape":{"type":"rect","xposition":"NaN","yposition":"NaN","width":"NaN","height":"NaN","shapeStyle":2},"labelManager":{"labels":[{"type":"textLabel","@id":60,"inputText":"Alexander","labelStyle":4,"shape":null,"layoutText":null}],"mainLabel":60},"portCompositions":[{"type":"portGroup","@id":61,"ordered":false,"portCompositions":[{"type":"port","@id":62,"shape":{"type":"rect","xposition":"NaN","yposition":"NaN","width":"NaN","height":"NaN","shapeStyle":2},"labelManager":{"labels":[{"type":"textLabel","@id":63,"inputText":"1","labelStyle":4,"shape":null,"layoutText":null}],"mainLabel":63},"properties":{"id":"fd5a872dcba49804a5dcac12597b5056"},"orientationAtVertex":"FREE","reference":null},{"type":"port","@id":64,"shape":{"type":"rect","xposition":"NaN","yposition":"NaN","width":"NaN","height":"NaN","shapeStyle":2},"labelManager":{"labels":[{"type":"textLabel","@id":65,"inputText":"2","labelStyle":4,"shape":null,"layoutText":null}],"mainLabel":65},"properties":{"id":"81e8dfe4ef577e50dacb3f7ebbd299d1"},"orientationAtVertex":"FREE","reference":null}],"properties":{},"reference":null}],"properties":{"id":"edb4f1269e8e227e4a7e4f0311ecaa47","type":"plug"},"reference":null},{"@id":66,"shape":{"type":"rect","xposition":"NaN","yposition":"NaN","width":"NaN","height":"NaN","shapeStyle":2},"labelManager":{"labels":[{"type":"textLabel","@id":67,"inputText":"Maximilian","labelStyle":4,"shape":null,"layoutText":null}],"mainLabel":67},"portCompositions":[{"type":"portGroup","@id":68,"ordered":false,"portCompositions":[{"type":"port","@id":69,"shape":{"type":"rect","xposition":"NaN","yposition":"NaN","width":"NaN","height":"NaN","shapeStyle":2},"labelManager":{"labels":[{"type":"textLabel","@id":70,"inputText":"1","labelStyle":4,"shape":null,"layoutText":null}],"mainLabel":70},"properties":{"id":"28d7c383550ae7b79f55b593485f1ba6"},"orientationAtVertex":"FREE","reference":null},{"type":"port","@id":71,"shape":{"type":"rect","xposition":"NaN","yposition":"NaN","width":"NaN","height":"NaN","shapeStyle":2},"labelManager":{"labels":[{"type":"textLabel","@id":72,"inputText":"2","labelStyle":4,"shape":null,"layoutText":null}],"mainLabel":72},"properties":{"id":"ac1ee47aa4320ff174bf227baf5b8ad7"},"orientationAtVertex":"FREE","reference":null}],"properties":{},"reference":null}],"properties":{"id":"f0d95c336eb851a04437989d03185073","type":"plug"},"reference":null},{"@id":73,"shape":{"type":"rect","xposition":"NaN","yposition":"NaN","width":"NaN","height":"NaN","shapeStyle":2},"labelManager":{"labels":[{"type":"textLabel","@id":74,"inputText":"Felix","labelStyle":4,"shape":null,"layoutText":null}],"mainLabel":74},"portCompositions":[{"type":"portGroup","@id":75,"ordered":false,"portCompositions":[{"type":"port","@id":76,"shape":{"type":"rect","xposition":"NaN","yposition":"NaN","width":"NaN","height":"NaN","shapeStyle":2},"labelManager":{"labels":[{"type":"textLabel","@id":77,"inputText":"1","labelStyle":4,"shape":null,"layoutText":null}],"mainLabel":77},"properties":{"id":"86ab92fe290ddb389da6209d3e4c5df3"},"orientationAtVertex":"FREE","reference":null},{"type":"port","@id":78,"shape":{"type":"rect","xposition":"NaN","yposition":"NaN","width":"NaN","height":"NaN","shapeStyle":2},"labelManager":{"labels":[{"type":"textLabel","@id":79,"inputText":"2","labelStyle":4,"shape":null,"layoutText":null}],"mainLabel":79},"properties":{"id":"fadf4bde7d2c44f0a9f11fcbc4c33b18"},"orientationAtVertex":"FREE","reference":null},{"type":"port","@id":80,"shape":{"type":"rect","xposition":"NaN","yposition":"NaN","width":"NaN","height":"NaN","shapeStyle":2},"labelManager":{"labels":[{"type":"textLabel","@id":81,"inputText":"7","labelStyle":4,"shape":null,"layoutText":null}],"mainLabel":81},"properties":{"id":"5cb5f1c18b4eb501279f2bd0832581ff"},"orientationAtVertex":"FREE","reference":null},{"type":"port","@id":82,"shape":{"type":"rect","xposition":"NaN","yposition":"NaN","width":"NaN","height":"NaN","shapeStyle":2},"labelManager":{"labels":[{"type":"textLabel","@id":83,"inputText":"4","labelStyle":4,"shape":null,"layoutText":null}],"mainLabel":83},"properties":{"id":"cea05976683c06c0aaa771e368aaabde"},"orientationAtVertex":"FREE","reference":null},{"type":"port","@id":84,"shape":{"type":"rect","xposition":"NaN","yposition":"NaN","width":"NaN","height":"NaN","shapeStyle":2},"labelManager":{"labels":[{"type":"textLabel","@id":85,"inputText":"8","labelStyle":4,"shape":null,"layoutText":null}],"mainLabel":85},"properties":{"id":"535aca5ee816e4d8099aa6e3f2c0512a"},"orientationAtVertex":"FREE","reference":null},{"type":"port","@id":86,"shape":{"type":"rect","xposition":"NaN","yposition":"NaN","width":"NaN","height":"NaN","shapeStyle":2},"labelManager":{"labels":[{"type":"textLabel","@id":87,"inputText":"9","labelStyle":4,"shape":null,"layoutText":null}],"mainLabel":87},"properties":{"id":"e4552d673506401b60e5fe89a7bdc19f"},"orientationAtVertex":"FREE","reference":null},{"type":"port","@id":88,"shape":{"type":"rect","xposition":"NaN","yposition":"NaN","width":"NaN","height":"NaN","shapeStyle":{"@id":89,"description":"default shape style","color":{"argb":"ff000000"}}},"labelManager":{"labels":[{"type":"textLabel","@id":90,"inputText":"5","labelStyle":{"@id":91,"description":"default text label style","font":{"fontName":"SansSerif","style":0,"size":10},"noBreak":false,"color":{"argb":"ff000000"},"showLabel":true,"placement":"FREE","horizontalPlacement":"FREE","verticalPlacement":"FREE"},"shape":null,"layoutText":null}],"mainLabel":90},"properties":{},"orientationAtVertex":"FREE","reference":null},{"type":"port","@id":92,"shape":{"type":"rect","xposition":"NaN","yposition":"NaN","width":"NaN","height":"NaN","shapeStyle":89},"labelManager":{"labels":[{"type":"textLabel","@id":93,"inputText":"6","labelStyle":91,"shape":null,"layoutText":null}],"mainLabel":93},"properties":{},"orientationAtVertex":"FREE","reference":null},{"type":"port","@id":94,"shape":{"type":"rect","xposition":"NaN","yposition":"NaN","width":"NaN","height":"NaN","shapeStyle":89},"labelManager":{"labels":[{"type":"textLabel","@id":95,"inputText":"3","labelStyle":91,"shape":null,"layoutText":null}],"mainLabel":95},"properties":{},"orientationAtVertex":"FREE","reference":null},{"type":"port","@id":96,"shape":{"type":"rect","xposition":"NaN","yposition":"NaN","width":"NaN","height":"NaN","shapeStyle":89},"labelManager":{"labels":[{"type":"textLabel","@id":97,"inputText":"10","labelStyle":91,"shape":null,"layoutText":null}],"mainLabel":97},"properties":{},"orientationAtVertex":"FREE","reference":null}],"properties":{},"reference":null}],"properties":{"id":"ac18fd5b67df59b8d8e849a2c559640f","type":"device"},"reference":null},{"@id":98,"shape":{"type":"rect","xposition":"NaN","yposition":"NaN","width":"NaN","height":"NaN","shapeStyle":2},"labelManager":{"labels":[{"type":"textLabel","@id":99,"inputText":"Benjamin","labelStyle":4,"shape":null,"layoutText":null}],"mainLabel":99},"portCompositions":[{"type":"portGroup","@id":100,"ordered":false,"portCompositions":[{"type":"port","@id":101,"shape":{"type":"rect","xposition":"NaN","yposition":"NaN","width":"NaN","height":"NaN","shapeStyle":2},"labelManager":{"labels":[{"type":"textLabel","@id":102,"inputText":"1","labelStyle":4,"shape":null,"layoutText":null}],"mainLabel":102},"properties":{"id":"3af993618307ced196046d3299c59428"},"orientationAtVertex":"FREE","reference":null},{"type":"port","@id":103,"shape":{"type":"rect","xposition":"NaN","yposition":"NaN","width":"NaN","height":"NaN","shapeStyle":2},"labelManager":{"labels":[{"type":"textLabel","@id":104,"inputText":"2","labelStyle":4,"shape":null,"layoutText":null}],"mainLabel":104},"properties":{"id":"e6ee6e57cc9122d7672ff0aefd658d00"},"orientationAtVertex":"FREE","reference":null},{"type":"port","@id":105,"shape":{"type":"rect","xposition":"NaN","yposition":"NaN","width":"NaN","height":"NaN","shapeStyle":2},"labelManager":{"labels":[{"type":"textLabel","@id":106,"inputText":"7","labelStyle":4,"shape":null,"layoutText":null}],"mainLabel":106},"properties":{"id":"5d2f23f7e0cf0abab096d1ca508cd3d7"},"orientationAtVertex":"FREE","reference":null},{"type":"port","@id":107,"shape":{"type":"rect","xposition":"NaN","yposition":"NaN","width":"NaN","height":"NaN","shapeStyle":2},"labelManager":{"labels":[{"type":"textLabel","@id":108,"inputText":"4","labelStyle":4,"shape":null,"layoutText":null}],"mainLabel":108},"properties":{"id":"ea972c0b33e287d634b94c43a1e04a52"},"orientationAtVertex":"FREE","reference":null},{"type":"port","@id":109,"shape":{"type":"rect","xposition":"NaN","yposition":"NaN","width":"NaN","height":"NaN","shapeStyle":2},"labelManager":{"labels":[{"type":"textLabel","@id":110,"inputText":"8","labelStyle":4,"shape":null,"layoutText":null}],"mainLabel":110},"properties":{"id":"a572ee4ed1109bf3733169a5b3e5a827"},"orientationAtVertex":"FREE","reference":null},{"type":"port","@id":111,"shape":{"type":"rect","xposition":"NaN","yposition":"NaN","width":"NaN","height":"NaN","shapeStyle":2},"labelManager":{"labels":[{"type":"textLabel","@id":112,"inputText":"9","labelStyle":4,"shape":null,"layoutText":null}],"mainLabel":112},"properties":{"id":"81da271ef9a65186a0fad2e2a4383418"},"orientationAtVertex":"FREE","reference":null},{"type":"port","@id":113,"shape":{"type":"rect","xposition":"NaN","yposition":"NaN","width":"NaN","height":"NaN","shapeStyle":89},"labelManager":{"labels":[{"type":"textLabel","@id":114,"inputText":"5","labelStyle":91,"shape":null,"layoutText":null}],"mainLabel":114},"properties":{},"orientationAtVertex":"FREE","reference":null},{"type":"port","@id":115,"shape":{"type":"rect","xposition":"NaN","yposition":"NaN","width":"NaN","height":"NaN","shapeStyle":89},"labelManager":{"labels":[{"type":"textLabel","@id":116,"inputText":"6","labelStyle":91,"shape":null,"layoutText":null}],"mainLabel":116},"properties":{},"orientationAtVertex":"FREE","reference":null},{"type":"port","@id":117,"shape":{"type":"rect","xposition":"NaN","yposition":"NaN","width":"NaN","height":"NaN","shapeStyle":89},"labelManager":{"labels":[{"type":"textLabel","@id":118,"inputText":"3","labelStyle":91,"shape":null,"layoutText":null}],"mainLabel":118},"properties":{},"orientationAtVertex":"FREE","reference":null},{"type":"port","@id":119,"shape":{"type":"rect","xposition":"NaN","yposition":"NaN","width":"NaN","height":"NaN","shapeStyle":89},"labelManager":{"labels":[{"type":"textLabel","@id":120,"inputText":"10","labelStyle":91,"shape":null,"layoutText":null}],"mainLabel":120},"properties":{},"orientationAtVertex":"FREE","reference":null}],"properties":{},"reference":null}],"properties":{"id":"6a3f246131212f301451d1b3104bf226","type":"socket"},"reference":null},{"@id":121,"shape":{"type":"rect","xposition":"NaN","yposition":"NaN","width":"NaN","height":"NaN","shapeStyle":2},"labelManager":{"labels":[{"type":"textLabel","@id":122,"inputText":"Julian","labelStyle":4,"shape":null,"layoutText":null}],"mainLabel":122},"portCompositions":[{"type":"portGroup","@id":123,"ordered":false,"portCompositions":[{"type":"port","@id":124,"shape":{"type":"rect","xposition":"NaN","yposition":"NaN","width":"NaN","height":"NaN","shapeStyle":2},"labelManager":{"labels":[{"type":"textLabel","@id":125,"inputText":"1","labelStyle":4,"shape":null,"layoutText":null}],"mainLabel":125},"properties":{"id":"0b7f3154ab387b55a2401559683951f7"},"orientationAtVertex":"FREE","reference":null}],"properties":{},"reference":null}],"properties":{"id":"e85d84c7bda007303d22ec9c46bb47e7","type":"plug"},"reference":null},{"@id":126,"shape":{"type":"rect","xposition":"NaN","yposition":"NaN","width":"NaN","height":"NaN","shapeStyle":2},"labelManager":{"labels":[{"type":"textLabel","@id":127,"inputText":"Ben","labelStyle":4,"shape":null,"layoutText":null}],"mainLabel":127},"portCompositions":[{"type":"portGroup","@id":128,"ordered":false,"portCompositions":[{"type":"port","@id":129,"shape":{"type":"rect","xposition":"NaN","yposition":"NaN","width":"NaN","height":"NaN","shapeStyle":2},"labelManager":{"labels":[{"type":"textLabel","@id":130,"inputText":"1","labelStyle":4,"shape":null,"layoutText":null}],"mainLabel":130},"properties":{"id":"c7198fb7bdc4e5d8d1aeb730261140ec"},"orientationAtVertex":"FREE","reference":null}],"properties":{},"reference":null}],"properties":{"id":"6db1049faf56dcd03ab1cca6528abbfd","type":"plug"},"reference":null},{"@id":131,"shape":{"type":"rect","xposition":"NaN","yposition":"NaN","width":"NaN","height":"NaN","shapeStyle":2},"labelManager":{"labels":[{"type":"textLabel","@id":132,"inputText":"Jonas","labelStyle":4,"shape":null,"layoutText":null}],"mainLabel":132},"portCompositions":[{"type":"port","@id":133,"shape":{"type":"rect","xposition":"NaN","yposition":"NaN","width":"NaN","height":"NaN","shapeStyle":2},"labelManager":{"labels":[{"type":"textLabel","@id":134,"inputText":"1","labelStyle":4,"shape":null,"layoutText":null}],"mainLabel":134},"properties":{"id":"0784dfe0f050bced9728ab3ef905d99e"},"orientationAtVertex":"FREE","reference":null}],"properties":{"id":"320276f059c9f72c6cff22587c889595","type":"splice"},"reference":null},{"@id":135,"shape":{"type":"rect","xposition":"NaN","yposition":"NaN","width":"NaN","height":"NaN","shapeStyle":2},"labelManager":{"labels":[{"type":"textLabel","@id":136,"inputText":"David","labelStyle":4,"shape":null,"layoutText":null}],"mainLabel":136},"portCompositions":[{"type":"portGroup","@id":137,"ordered":false,"portCompositions":[{"type":"port","@id":138,"shape":{"type":"rect","xposition":"NaN","yposition":"NaN","width":"NaN","height":"NaN","shapeStyle":2},"labelManager":{"labels":[{"type":"textLabel","@id":139,"inputText":"1","labelStyle":4,"shape":null,"layoutText":null}],"mainLabel":139},"properties":{"id":"9f1bbb3a8b9d514e0d80388157e4d64f"},"orientationAtVertex":"FREE","reference":null}],"properties":{},"reference":null}],"properties":{"id":"638cd86c39f01d8321612bac33cae3f8","type":"plug"},"reference":null},{"@id":140,"shape":{"type":"rect","xposition":"NaN","yposition":"NaN","width":"NaN","height":"NaN","shapeStyle":2},"labelManager":{"labels":[{"type":"textLabel","@id":141,"inputText":"Lukas","labelStyle":4,"shape":null,"layoutText":null}],"mainLabel":141},"portCompositions":[{"type":"portGroup","@id":142,"ordered":false,"portCompositions":[{"type":"port","@id":143,"shape":{"type":"rect","xposition":"NaN","yposition":"NaN","width":"NaN","height":"NaN","shapeStyle":2},"labelManager":{"labels":[{"type":"textLabel","@id":144,"inputText":"1","labelStyle":4,"shape":null,"layoutText":null}],"mainLabel":144},"properties":{"id":"b67ad776ce210bb10b8e298ace8a2de4"},"orientationAtVertex":"FREE","reference":null}],"properties":{},"reference":null}],"properties":{"id":"bd4e37d83fa3b841bbacbcd0e02dee1d","type":"plug"},"reference":null},{"@id":145,"shape":null,"labelManager":{"labels":[{"type":"textLabel","@id":146,"inputText":"Jan","labelStyle":91,"shape":null,"layoutText":null}],"mainLabel":146},"portCompositions":[{"type":"portGroup","@id":147,"ordered":false,"portCompositions":[{"type":"port","@id":148,"shape":{"type":"rect","xposition":"NaN","yposition":"NaN","width":"NaN","height":"NaN","shapeStyle":89},"labelManager":{"labels":[{"type":"textLabel","@id":149,"inputText":"1","labelStyle":91,"shape":null,"layoutText":null}],"mainLabel":149},"properties":{},"orientationAtVertex":"FREE","reference":null}],"properties":{},"reference":null}],"properties":{},"reference":null},{"@id":150,"shape":null,"labelManager":{"labels":[{"type":"textLabel","@id":151,"inputText":"Louis","labelStyle":91,"shape":null,"layoutText":null}],"mainLabel":151},"portCompositions":[{"type":"portGroup","@id":152,"ordered":false,"portCompositions":[{"type":"port","@id":153,"shape":{"type":"rect","xposition":"NaN","yposition":"NaN","width":"NaN","height":"NaN","shapeStyle":89},"labelManager":{"labels":[{"type":"textLabel","@id":154,"inputText":"1","labelStyle":91,"shape":null,"layoutText":null}],"mainLabel":154},"properties":{},"orientationAtVertex":"FREE","reference":null}],"properties":{},"reference":null}],"properties":{},"reference":null},{"@id":155,"shape":null,"labelManager":{"labels":[{"type":"textLabel","@id":156,"inputText":"Max","labelStyle":91,"shape":null,"layoutText":null}],"mainLabel":156},"portCompositions":[{"type":"portGroup","@id":157,"ordered":false,"portCompositions":[{"type":"port","@id":158,"shape":{"type":"rect","xposition":"NaN","yposition":"NaN","width":"NaN","height":"NaN","shapeStyle":89},"labelManager":{"labels":[{"type":"textLabel","@id":159,"inputText":"1","labelStyle":91,"shape":null,"layoutText":null}],"mainLabel":159},"properties":{},"orientationAtVertex":"FREE","reference":null}],"properties":{},"reference":null}],"properties":{},"reference":null},{"@id":160,"shape":null,"labelManager":{"labels":[{"type":"textLabel","@id":161,"inputText":"Luca","labelStyle":91,"shape":null,"layoutText":null}],"mainLabel":161},"portCompositions":[{"type":"portGroup","@id":162,"ordered":false,"portCompositions":[{"type":"port","@id":163,"shape":{"type":"rect","xposition":"NaN","yposition":"NaN","width":"NaN","height":"NaN","shapeStyle":89},"labelManager":{"labels":[{"type":"textLabel","@id":164,"inputText":"1","labelStyle":91,"shape":null,"layoutText":null}],"mainLabel":164},"properties":{},"orientationAtVertex":"FREE","reference":null}],"properties":{},"reference":null}],"properties":{},"reference":null},{"@id":165,"shape":null,"labelManager":{"labels":[{"type":"textLabel","@id":166,"inputText":"Anton","labelStyle":91,"shape":null,"layoutText":null}],"mainLabel":166},"portCompositions":[{"type":"portGroup","@id":167,"ordered":false,"portCompositions":[{"type":"port","@id":168,"shape":{"type":"rect","xposition":"NaN","yposition":"NaN","width":"NaN","height":"NaN","shapeStyle":89},"labelManager":{"labels":[{"type":"textLabel","@id":169,"inputText":"1","labelStyle":91,"shape":null,"layoutText":null}],"mainLabel":169},"properties":{},"orientationAtVertex":"FREE","reference":null}],"properties":{},"reference":null}],"properties":{},"reference":null},{"@id":170,"shape":null,"labelManager":{"labels":[{"type":"textLabel","@id":171,"inputText":"Felix","labelStyle":91,"shape":null,"layoutText":null}],"mainLabel":171},"portCompositions":[{"type":"portGroup","@id":172,"ordered":false,"portCompositions":[{"type":"port","@id":173,"shape":{"type":"rect","xposition":"NaN","yposition":"NaN","width":"NaN","height":"NaN","shapeStyle":89},"labelManager":{"labels":[{"type":"textLabel","@id":174,"inputText":"1","labelStyle":91,"shape":null,"layoutText":null}],"mainLabel":174},"properties":{},"orientationAtVertex":"FREE","reference":null}],"properties":{},"reference":null}],"properties":{},"reference":null},{"@id":175,"shape":null,"labelManager":{"labels":[{"type":"textLabel","@id":176,"inputText":"Tom","labelStyle":91,"shape":null,"layoutText":null}],"mainLabel":176},"portCompositions":[{"type":"portGroup","@id":177,"ordered":false,"portCompositions":[{"type":"port","@id":178,"shape":{"type":"rect","xposition":"NaN","yposition":"NaN","width":"NaN","height":"NaN","shapeStyle":89},"labelManager":{"labels":[{"type":"textLabel","@id":179,"inputText":"2","labelStyle":91,"shape":null,"layoutText":null}],"mainLabel":179},"properties":{},"orientationAtVertex":"FREE","reference":null},{"type":"port","@id":180,"shape":{"type":"rect","xposition":"NaN","yposition":"NaN","width":"NaN","height":"NaN","shapeStyle":89},"labelManager":{"labels":[{"type":"textLabel","@id":181,"inputText":"1","labelStyle":91,"shape":null,"layoutText":null}],"mainLabel":181},"properties":{},"orientationAtVertex":"FREE","reference":null},{"type":"port","@id":182,"shape":{"type":"rect","xposition":"NaN","yposition":"NaN","width":"NaN","height":"NaN","shapeStyle":89},"labelManager":{"labels":[{"type":"textLabel","@id":183,"inputText":"3","labelStyle":91,"shape":null,"layoutText":null}],"mainLabel":183},"properties":{},"orientationAtVertex":"FREE","reference":null}],"properties":{},"reference":null}],"properties":{},"reference":null},{"@id":184,"shape":null,"labelManager":{"labels":[{"type":"textLabel","@id":185,"inputText":"Ben","labelStyle":91,"shape":null,"layoutText":null}],"mainLabel":185},"portCompositions":[{"type":"portGroup","@id":186,"ordered":false,"portCompositions":[{"type":"port","@id":187,"shape":{"type":"rect","xposition":"NaN","yposition":"NaN","width":"NaN","height":"NaN","shapeStyle":89},"labelManager":{"labels":[{"type":"textLabel","@id":188,"inputText":"2","labelStyle":91,"shape":null,"layoutText":null}],"mainLabel":188},"properties":{},"orientationAtVertex":"FREE","reference":null},{"type":"port","@id":189,"shape":{"type":"rect","xposition":"NaN","yposition":"NaN","width":"NaN","height":"NaN","shapeStyle":89},"labelManager":{"labels":[{"type":"textLabel","@id":190,"inputText":"1","labelStyle":91,"shape":null,"layoutText":null}],"mainLabel":190},"properties":{},"orientationAtVertex":"FREE","reference":null},{"type":"port","@id":191,"shape":{"type":"rect","xposition":"NaN","yposition":"NaN","width":"NaN","height":"NaN","shapeStyle":89},"labelManager":{"labels":[{"type":"textLabel","@id":192,"inputText":"3","labelStyle":91,"shape":null,"layoutText":null}],"mainLabel":192},"properties":{},"orientationAtVertex":"FREE","reference":null}],"properties":{},"reference":null}],"properties":{},"reference":null},{"@id":193,"shape":null,"labelManager":{"labels":[{"type":"textLabel","@id":194,"inputText":"Julian","labelStyle":91,"shape":null,"layoutText":null}],"mainLabel":194},"portCompositions":[{"type":"portGroup","@id":195,"ordered":false,"portCompositions":[{"type":"port","@id":196,"shape":{"type":"rect","xposition":"NaN","yposition":"NaN","width":"NaN","height":"NaN","shapeStyle":89},"labelManager":{"labels":[{"type":"textLabel","@id":197,"inputText":"1","labelStyle":91,"shape":null,"layoutText":null}],"mainLabel":197},"properties":{},"orientationAtVertex":"FREE","reference":null}],"properties":{},"reference":null}],"properties":{},"reference":null},{"@id":198,"shape":null,"labelManager":{"labels":[{"type":"textLabel","@id":199,"inputText":"Luca","labelStyle":91,"shape":null,"layoutText":null}],"mainLabel":199},"portCompositions":[{"type":"portGroup","@id":200,"ordered":false,"portCompositions":[{"type":"port","@id":201,"shape":{"type":"rect","xposition":"NaN","yposition":"NaN","width":"NaN","height":"NaN","shapeStyle":89},"labelManager":{"labels":[{"type":"textLabel","@id":202,"inputText":"1","labelStyle":91,"shape":null,"layoutText":null}],"mainLabel":202},"properties":{},"orientationAtVertex":"FREE","reference":null}],"properties":{},"reference":null}],"properties":{},"reference":null}],"vertexGroups":[{"@id":203,"drawnFrame":false,"labelManager":{"labels":[],"mainLabel":null},"shape":null,"containedVertices":[1,10],"containedVertexGroups":[],"touchingPairs":[{"vertex0":1,"horizontalPlacementVertex0":"FREE","verticalPlacementVertex0":"TOP","vertex1":10,"horizontalPlacementVertex1":"FREE","verticalPlacementVertex1":"FREE"}],"portPairings":[{"port0":6,"port1":13},{"port0":8,"port1":15}],"properties":{},"reference":null},{"@id":204,"drawnFrame":false,"labelManager":{"labels":[],"mainLabel":null},"shape":null,"containedVertices":[17,24],"containedVertexGroups":[],"touchingPairs":[{"vertex0":17,"horizontalPlacementVertex0":"FREE","verticalPlacementVertex0":"TOP","vertex1":24,"horizontalPlacementVertex1":"FREE","verticalPlacementVertex1":"FREE"}],"portPairings":[{"port0":20,"port1":27},{"port0":22,"port1":29}],"properties":{},"reference":null},{"@id":205,"drawnFrame":false,"labelManager":{"labels":[],"mainLabel":null},"shape":null,"containedVertices":[31,36],"containedVertexGroups":[],"touchingPairs":[{"vertex0":31,"horizontalPlacementVertex0":"FREE","verticalPlacementVertex0":"TOP","vertex1":36,"horizontalPlacementVertex1":"FREE","verticalPlacementVertex1":"FREE"}],"portPairings":[{"port0":34,"port1":39}],"properties":{},"reference":null},{"@id":206,"drawnFrame":false,"labelManager":{"labels":[],"mainLabel":null},"shape":null,"containedVertices":[49,54],"containedVertexGroups":[],"touchingPairs":[{"vertex0":49,"horizontalPlacementVertex0":"FREE","verticalPlacementVertex0":"TOP","vertex1":54,"horizontalPlacementVertex1":"FREE","verticalPlacementVertex1":"FREE"}],"portPairings":[{"port0":52,"port1":57}],"properties":{},"reference":null},{"@id":207,"drawnFrame":false,"labelManager":{"labels":[],"mainLabel":null},"shape":null,"containedVertices":[59,66],"containedVertexGroups":[],"touchingPairs":[{"vertex0":59,"horizontalPlacementVertex0":"FREE","verticalPlacementVertex0":"TOP","vertex1":66,"horizontalPlacementVertex1":"FREE","verticalPlacementVertex1":"FREE"}],"portPairings":[{"port0":62,"port1":69},{"port0":64,"port1":71}],"properties":{},"reference":null},{"@id":208,"drawnFrame":false,"labelManager":{"labels":[],"mainLabel":null},"shape":null,"containedVertices":[73,98],"containedVertexGroups":[],"touchingPairs":[{"vertex0":73,"horizontalPlacementVertex0":"FREE","verticalPlacementVertex0":"TOP","vertex1":98,"horizontalPlacementVertex1":"FREE","verticalPlacementVertex1":"FREE"}],"portPairings":[{"port0":84,"port1":109},{"port0":76,"port1":101},{"port0":86,"port1":111},{"port0":82,"port1":107},{"port0":78,"port1":103},{"port0":80,"port1":105},{"port0":88,"port1":113},{"port0":92,"port1":115},{"port0":94,"port1":117},{"port0":96,"port1":119}],"properties":{},"reference":null},{"@id":209,"drawnFrame":false,"labelManager":{"labels":[],"mainLabel":null},"shape":null,"containedVertices":[121,126],"containedVertexGroups":[],"touchingPairs":[{"vertex0":121,"horizontalPlacementVertex0":"FREE","verticalPlacementVertex0":"TOP","vertex1":126,"horizontalPlacementVertex1":"FREE","verticalPlacementVertex1":"FREE"}],"portPairings":[{"port0":124,"port1":129}],"properties":{},"reference":null},{"@id":210,"drawnFrame":false,"labelManager":{"labels":[],"mainLabel":null},"shape":null,"containedVertices":[135,140],"containedVertexGroups":[],"touchingPairs":[{"vertex0":135,"horizontalPlacementVertex0":"FREE","verticalPlacementVertex0":"TOP","vertex1":140,"horizontalPlacementVertex1":"FREE","verticalPlacementVertex1":"FREE"}],"portPairings":[{"port0":138,"port1":143}],"properties":{},"reference":null},{"@id":211,"drawnFrame":false,"labelManager":{"labels":[],"mainLabel":null},"shape":null,"containedVertices":[145,150],"containedVertexGroups":[],"touchingPairs":[{"vertex0":145,"horizontalPlacementVertex0":"FREE","verticalPlacementVertex0":"FREE","vertex1":150,"horizontalPlacementVertex1":"FREE","verticalPlacementVertex1":"FREE"}],"portPairings":[{"port0":148,"port1":153}],"properties":{},"reference":null},{"@id":212,"drawnFrame":false,"labelManager":{"labels":[],"mainLabel":null},"shape":null,"containedVertices":[155,160],"containedVertexGroups":[],"touchingPairs":[{"vertex0":155,"horizontalPlacementVertex0":"FREE","verticalPlacementVertex0":"FREE","vertex1":160,"horizontalPlacementVertex1":"FREE","verticalPlacementVertex1":"FREE"}],"portPairings":[{"port0":158,"port1":163}],"properties":{},"reference":null},{"@id":213,"drawnFrame":false,"labelManager":{"labels":[],"mainLabel":null},"shape":null,"containedVertices":[165,170],"containedVertexGroups":[],"touchingPairs":[{"vertex0":165,"horizontalPlacementVertex0":"FREE","verticalPlacementVertex0":"FREE","vertex1":170,"horizontalPlacementVertex1":"FREE","verticalPlacementVertex1":"FREE"}],"portPairings":[{"port0":168,"port1":173}],"properties":{},"reference":null},{"@id":214,"drawnFrame":false,"labelManager":{"labels":[],"mainLabel":null},"shape":null,"containedVertices":[175,184],"containedVertexGroups":[],"touchingPairs":[{"vertex0":175,"horizontalPlacementVertex0":"FREE","verticalPlacementVertex0":"FREE","vertex1":184,"horizontalPlacementVertex1":"FREE","verticalPlacementVertex1":"FREE"}],"portPairings":[{"port0":178,"port1":187},{"port0":180,"port1":189},{"port0":182,"port1":191}],"properties":{},"reference":null},{"@id":215,"drawnFrame":false,"labelManager":{"labels":[],"mainLabel":null},"shape":null,"containedVertices":[193,198],"containedVertexGroups":[],"touchingPairs":[{"vertex0":193,"horizontalPlacementVertex0":"FREE","verticalPlacementVertex0":"FREE","vertex1":198,"horizontalPlacementVertex1":"FREE","verticalPlacementVertex1":"FREE"}],"portPairings":[{"port0":196,"port1":201}],"properties":{},"reference":null}],"edges":[{"@id":216,"ports":[15,124],"labelManager":{"innerLabels":[{"type":"textLabel","@id":217,"inputText":"Gabriel","labelStyle":4,"shape":null,"layoutText":null}],"allPortLabels":[],"mainLabel":217},"pathStyle":{"@id":218,"description":"default path style","thickness":-1.0,"color":{"argb":"ff000000"}},"paths":[],"properties":{"id":"c9309cd6589055430279d41ed9ac2958"},"reference":null},{"@id":219,"ports":[103,101],"labelManager":{"innerLabels":[{"type":"textLabel","@id":220,"inputText":"Julius","labelStyle":4,"shape":null,"layoutText":null}],"allPortLabels":[],"mainLabel":220},"pathStyle":218,"paths":[],"properties":{"id":"d5fe72f361bbea777ee5039807f89445"},"reference":null},{"@id":221,"ports":[103,105],"labelManager":{"innerLabels":[{"type":"textLabel","@id":222,"inputText":"Luis","labelStyle":4,"shape":null,"layoutText":null}],"allPortLabels":[],"mainLabel":222},"pathStyle":218,"paths":[],"properties":{"id":"0bb088c26d72c966cc72b271501621a7"},"reference":null},{"@id":223,"ports":[47,143],"labelManager":{"innerLabels":[{"type":"textLabel","@id":224,"inputText":"Leonard","labelStyle":4,"shape":null,"layoutText":null}],"allPortLabels":[],"mainLabel":224},"pathStyle":218,"paths":[],"properties":{"id":"0559c9b1ddaa51ed0903c4e298370d37"},"reference":null},{"@id":225,"ports":[71,39,43],"labelManager":{"innerLabels":[{"type":"textLabel","@id":226,"inputText":"Finn","labelStyle":4,"shape":null,"layoutText":null}],"allPortLabels":[],"mainLabel":226},"pathStyle":218,"paths":[],"properties":{"id":"3dd62bd7ba74ad4a839813e50b3f155b"},"reference":null},{"@id":227,"ports":[107,57],"labelManager":{"innerLabels":[{"type":"textLabel","@id":228,"inputText":"Karl","labelStyle":4,"shape":null,"layoutText":null}],"allPortLabels":[],"mainLabel":228},"pathStyle":218,"paths":[],"properties":{"id":"2d0908dce807012c12ea799be42ff8f5"},"reference":null},{"@id":229,"ports":[109,34],"labelManager":{"innerLabels":[{"type":"textLabel","@id":230,"inputText":"Johann","labelStyle":4,"shape":null,"layoutText":null}],"allPortLabels":[],"mainLabel":230},"pathStyle":218,"paths":[],"properties":{"id":"e15892c2d6d009ab4766822a1563c420"},"reference":null},{"@id":231,"ports":[29,27,129,133,138,69],"labelManager":{"innerLabels":[{"type":"textLabel","@id":232,"inputText":"Niklas","labelStyle":4,"shape":null,"layoutText":null}],"allPortLabels":[],"mainLabel":232},"pathStyle":218,"paths":[],"properties":{"id":"cb7a0d91c046c851e9d67a51039cc0e9"},"reference":null},{"@id":233,"ports":[20,187],"labelManager":{"innerLabels":[{"type":"textLabel","@id":234,"inputText":"Philipp","labelStyle":91,"shape":null,"layoutText":null}],"allPortLabels":[],"mainLabel":234},"pathStyle":{"@id":235,"description":"default path style","thickness":-1.0,"color":{"argb":"ff000000"}},"paths":[],"properties":{},"reference":null},{"@id":236,"ports":[201,158],"labelManager":{"innerLabels":[{"type":"textLabel","@id":237,"inputText":"Samuel","labelStyle":91,"shape":null,"layoutText":null}],"allPortLabels":[],"mainLabel":237},"pathStyle":235,"paths":[],"properties":{},"reference":null},{"@id":238,"ports":[52,148],"labelManager":{"innerLabels":[{"type":"textLabel","@id":239,"inputText":"Vincent","labelStyle":91,"shape":null,"layoutText":null}],"allPortLabels":[],"mainLabel":239},"pathStyle":235,"paths":[],"properties":{},"reference":null},{"@id":240,"ports":[168,163],"labelManager":{"innerLabels":[{"type":"textLabel","@id":241,"inputText":"Henry","labelStyle":91,"shape":null,"layoutText":null}],"allPortLabels":[],"mainLabel":241},"pathStyle":235,"paths":[],"properties":{},"reference":null},{"@id":242,"ports":[173,64],"labelManager":{"innerLabels":[{"type":"textLabel","@id":243,"inputText":"Oskar","labelStyle":91,"shape":null,"layoutText":null}],"allPortLabels":[],"mainLabel":243},"pathStyle":235,"paths":[],"properties":{},"reference":null},{"@id":244,"ports":[117,111],"labelManager":{"innerLabels":[{"type":"textLabel","@id":245,"inputText":"Niklas","labelStyle":91,"shape":null,"layoutText":null}],"allPortLabels":[],"mainLabel":245},"pathStyle":235,"paths":[],"properties":{},"reference":null},{"@id":246,"ports":[119,115],"labelManager":{"innerLabels":[{"type":"textLabel","@id":247,"inputText":"Karl","labelStyle":91,"shape":null,"layoutText":null}],"allPortLabels":[],"mainLabel":247},"pathStyle":235,"paths":[],"properties":{},"reference":null},{"@id":248,"ports":[189,22],"labelManager":{"innerLabels":[{"type":"textLabel","@id":249,"inputText":"Ali","labelStyle":91,"shape":null,"layoutText":null}],"allPortLabels":[],"mainLabel":249},"pathStyle":235,"paths":[],"properties":{},"reference":null},{"@id":250,"ports":[13,62],"labelManager":{"innerLabels":[{"type":"textLabel","@id":251,"inputText":"Henry","labelStyle":91,"shape":null,"layoutText":null}],"allPortLabels":[],"mainLabel":251},"pathStyle":235,"paths":[],"properties":{},"reference":null},{"@id":252,"ports":[117,13],"labelManager":{"innerLabels":[{"type":"textLabel","@id":253,"inputText":"Philipp","labelStyle":91,"shape":null,"layoutText":null}],"allPortLabels":[],"mainLabel":253},"pathStyle":235,"paths":[],"properties":{},"reference":null}],"edgeBundles":[]}