{"vertices":[{"@id":1,"shape":{"type":"rect","xposition":"NaN","yposition":"NaN","width":"NaN","height":"NaN","shapeStyle":{"@id":2,"description":"default shape style","color":{"argb":"ff000000"}}},"labelManager":{"labels":[{"type":"textLabel","@id":3,"inputText":"Moritz","labelStyle":{"@id":4,"description":"default text label style","font":{"fontName":"SansSerif","style":0,"size":10},"noBreak":false,"color":{"argb":"ff000000"},"showLabel":true,"placement":"FREE","horizontalPlacement":"FREE","verticalPlacement":"FREE"},"shape":null,"layoutText":null}],"mainLabel":3},"portCompositions":[{"type":"portGroup","@id":5,"ordered":false,"portCompositions":[{"type":"port","@id":6,"shape":{"type":"rect","xposition":"NaN","yposition":"NaN","width":"NaN","height":"NaN","shapeStyle":2},"labelManager":{"labels":[{"type":"textLabel","@id":7,"inputText":"4","labelStyle":4,"shape":null,"layoutText":null}],"mainLabel":7},"properties":{"id":"4c467c7c56d0e22ecdcc26e9fe6369c5"},"orientationAtVertex":"FREE","reference":null},{"type":"port","@id":8,"shape":{"type":"rect","xposition":"NaN","yposition":"NaN","width":"NaN","height":"NaN","shapeStyle":2},"labelManager":{"labels":[{"type":"textLabel","@id":9,"inputText":"2","labelStyle":4,"shape":null,"layoutText":null}],"mainLabel":9},"properties":{"id":"92e48edf8103adb0cccd435676223263"},"orientationAtVertex":"FREE","reference":null},{"type":"port","@id":10,"shape":{"type":"rect","xposition":"NaN","yposition":"NaN","width":"NaN","height":"NaN","shapeStyle":2},"labelManager":{"labels":[{"type":"textLabel","@id":11,"inputText":"3","labelStyle":4,"shape":null,"layoutText":null}],"mainLabel":11},"properties":{"id":"eebb8516c45ec9419ce4af1f26ad0a03"},"orientationAtVertex":"FREE","reference":null},{"type":"port","@id":12,"shape":{"type":"rect","xposition":"NaN","yposition":"NaN","width":"NaN","height":"NaN","shapeStyle":2},"labelManager":{"labels":[{"type":"textLabel","@id":13,"inputText":"1","labelStyle":4,"shape":null,"layoutText":null}],"mainLabel":13},"properties":{"id":"2e7ccca6295639445e6cc0ad6caac13b"},"orientationAtVertex":"FREE","reference":null}],"properties":{},"reference":null}],"properties":{"id":"6f4826f89409ad7a99c10d265e515c24","type":"device"},"reference":null},{"@id":14,"shape":{"type":"rect","xposition":"NaN","yposition":"NaN","width":"NaN","height":"NaN","shapeStyle":2},"labelManager":{"labels":[{"type":"textLabel","@id":15,"inputText":"Lukas","labelStyle":4,"shape":null,"layoutText":null}],"mainLabel":15},"portCompositions":[{"type":"portGroup","@id":16,"ordered":false,"portCompositions":[{"type":"port","@id":17,"shape":{"type":"rect","xposition":"NaN","yposition":"NaN","width":"NaN","height":"NaN","shapeStyle":2},"labelManager":{"labels":[{"type":"textLabel","@id":18,"inputText":"4","labelStyle":4,"shape":null,"layoutText":null}],"mainLabel":18},"properties":{"id":"8d1ff74fc76d9f9019b3eb8c7d0690d9"},"orientationAtVertex":"FREE","reference":null},{"type":"port","@id":19,"shape":{"type":"rect","xposition":"NaN","yposition":"NaN","width":"NaN","height":"NaN","shapeStyle":2},"labelManager":{"labels":[{"type":"textLabel","@id":20,"inputText":"2","labelStyle":4,"shape":null,"layoutText":null}],"mainLabel":20},"properties":{"id":"fce18e67fdcb10a08cb92304b2eac31c"},"orientationAtVertex":"FREE","reference":null},{"type":"port","@id":21,"shape":{"type":"rect","xposition":"NaN","yposition":"NaN","width":"NaN","height":"NaN","shapeStyle":2},"labelManager":{"labels":[{"type":"textLabel","@id":22,"inputText":"3","labelStyle":4,"shape":null,"layoutText":null}],"mainLabel":22},"properties":{"id":"f4efe9c616878a532f28acf63b9cca73"},"orientationAtVertex":"FREE","reference":null},{"type":"port","@id":23,"shape":{"type":"rect","xposition":"NaN","yposition":"NaN","width":"NaN","height":"NaN","shapeStyle":2},"labelManager":{"labels":[{"type":"textLabel","@id":24,"inputText":"1","labelStyle":4,"shape":null,"layoutText":null}],"mainLabel":24},"properties":{"id":"bd767787bcbfd9d635ad6e97dd6f7f35"},"orientationAtVertex":"FREE","reference":null}],"properties":{},"reference":null}],"properties":{"id":"15a060ea275e7b0cb9ae9a4d6b4fe716","type":"socket"},"reference":null},{"@id":25,"shape":{"type":"rect","xposition":"NaN","yposition":"NaN","width":"NaN","height":"NaN","shapeStyle":2},"labelManager":{"labels":[{"type":"textLabel","@id":26,"inputText":"Luca","labelStyle":4,"shape":null,"layoutText":null}],"mainLabel":26},"portCompositions":[{"type":"portGroup","@id":27,"ordered":false,"portCompositions":[{"type":"port","@id":28,"shape":{"type":"rect","xposition":"NaN","yposition":"NaN","width":"NaN","height":"NaN","shapeStyle":2},"labelManager":{"labels":[{"type":"textLabel","@id":29,"inputText":"1","labelStyle":4,"shape":null,"layoutText":null}],"mainLabel":29},"properties":{"id":"6afc436dd24aa04ecf7bee02151e69c0"},"orientationAtVertex":"FREE","reference":null}],"properties":{},"reference":null}],"properties":{"id":"f0a9c942fcbb2cd5cff3d9b87d3cdf64","type":"device"},"reference":null},{"@id":30,"shape":{"type":"rect","xposition":"NaN","yposition":"NaN","width":"NaN","height":"NaN","shapeStyle":2},"labelManager":{"labels":[{"type":"textLabel","@id":31,"inputText":"Emil","labelStyle":4,"shape":null,"layoutText":null}],"mainLabel":31},"portCompositions":[{"type":"portGroup","@id":32,"ordered":false,"portCompositions":[{"type":"port","@id":33,"shape":{"type":"rect","xposition":"NaN","yposition":"NaN","width":"NaN","height":"NaN","shapeStyle":2},"labelManager":{"labels":[{"type":"textLabel","@id":34,"inputText":"1","labelStyle":4,"shape":null,"layoutText":null}],"mainLabel":34},"properties":{"id":"7585a9e061c7c65cd7a72dbabd61b0a3"},"orientationAtVertex":"FREE","reference":null}],"properties":{},"reference":null}],"properties":{"id":"39acc27183c630194d992971ea6d9371","type":"socket"},"reference":null},{"@id":35,"shape":{"type":"rect","xposition":"NaN","yposition":"NaN","width":"NaN","height":"NaN","shapeStyle":2},"labelManager":{"labels":[{"type":"textLabel","@id":36,"inputText":"Julian","labelStyle":4,"shape":null,"layoutText":null}],"mainLabel":36},"portCompositions":[{"type":"portGroup","@id":37,"ordered":false,"portCompositions":[{"type":"port","@id":38,"shape":{"type":"rect","xposition":"NaN","yposition":"NaN","width":"NaN","height":"NaN","shapeStyle":2},"labelManager":{"labels":[{"type":"textLabel","@id":39,"inputText":"1","labelStyle":4,"shape":null,"layoutText":null}],"mainLabel":39},"properties":{"id":"3a85d78896303a4bda139d396e7a64cb"},"orientationAtVertex":"FREE","reference":null}],"properties":{},"reference":null}],"properties":{"id":"d80e55fd93b6f0e897b62b644f9ee78b","type":"plug"},"reference":null},{"@id":40,"shape":{"type":"rect","xposition":"NaN","yposition":"NaN","width":"NaN","height":"NaN","shapeStyle":2},"labelManager":{"labels":[{"type":"textLabel","@id":41,"inputText":"Maximilian","labelStyle":4,"shape":null,"layoutText":null}],"mainLabel":41},"portCompositions":[{"type":"portGroup","@id":42,"ordered":false,"portCompositions":[{"type":"port","@id":43,"shape":{"type":"rect","xposition":"NaN","yposition":"NaN","width":"NaN","height":"NaN","shapeStyle":2},"labelManager":{"labels":[{"type":"textLabel","@id":44,"inputText":"1","labelStyle":4,"shape":null,"layoutText":null}],"mainLabel":44},"properties":{"id":"6264dd3ded5e24318dfbcab89f44dfc6"},"orientationAtVertex":"FREE","reference":null}],"properties":{},"reference":null}],"properties":{"id":"337256228e8b793dee4f40104ad98e83","type":"plug"},"reference":null},{"@id":45,"shape":{"type":"rect","xposition":"NaN","yposition":"NaN","width":"NaN","height":"NaN","shapeStyle":2},"labelManager":{"labels":[{"type":"textLabel","@id":46,"inputText":"Paul","labelStyle":4,"shape":null,"layoutText":null}],"mainLabel":46},"portCompositions":[{"type":"portGroup","@id":47,"ordered":false,"portCompositions":[{"type":"port","@id":48,"shape":{"type":"rect","xposition":"NaN","yposition":"NaN","width":"NaN","height":"NaN","shapeStyle":2},"labelManager":{"labels":[{"type":"textLabel","@id":49,"inputText":"3","labelStyle":4,"shape":null,"layoutText":null}],"mainLabel":49},"properties":{"id":"b56c93b7963b41f3c3aa0e09b1914a6b"},"orientationAtVertex":"FREE","reference":null},{"type":"port","@id":50,"shape":{"type":"rect","xposition":"NaN","yposition":"NaN","width":"NaN","height":"NaN","shapeStyle":2},"labelManager":{"labels":[{"type":"textLabel","@id":51,"inputText":"4","labelStyle":4,"shape":null,"layoutText":null}],"mainLabel":51},"properties":{"id":"12e8453c7934672c88659ba7cf52b3a9"},"orientationAtVertex":"FREE","reference":null},{"type":"port","@id":52,"shape":{"type":"rect","xposition":"NaN","yposition":"NaN","width":"NaN","height":"NaN","shapeStyle":2},"labelManager":{"labels":[{"type":"textLabel","@id":53,"inputText":"2","labelStyle":4,"shape":null,"layoutText":null}],"mainLabel":53},"properties":{"id":"17774d6f7dfa1f56730b10e122bdc533"},"orientationAtVertex":"FREE","reference":null},{"type":"port","@id":54,"shape":{"type":"rect","xposition":"NaN","yposition":"NaN","width":"NaN","height":"NaN","shapeStyle":2},"labelManager":{"labels":[{"type":"textLabel","@id":55,"inputText":"1","labelStyle":4,"shape":null,"layoutText":null}],"mainLabel":55},"properties":{"id":"37750d0aa426593c182928d1f32b19d4"},"orientationAtVertex":"FREE","reference":null}],"properties":{},"reference":null}],"properties":{"id":"5d2eb0629afa03ea71ed493f41fd0564","type":"plug"},"reference":null},{"@id":56,"shape":{"type":"rect","xposition":"NaN","yposition":"NaN","width":"NaN","height":"NaN","shapeStyle":2},"labelManager":{"labels":[{"type":"textLabel","@id":57,"inputText":"Jonathan","labelStyle":4,"shape":null,"layoutText":null}],"mainLabel":57},"portCompositions":[{"type":"portGroup","@id":58,"ordered":false,"portCompositions":[{"type":"port","@id":59,"shape":{"type":"rect","xposition":"NaN","yposition":"NaN","width":"NaN","height":"NaN","shapeStyle":2},"labelManager":{"labels":[{"type":"textLabel","@id":60,"inputText":"3","labelStyle":4,"shape":null,"layoutText":null}],"mainLabel":60},"properties":{"id":"2201921f4a232d779845b9f42569634b"},"orientationAtVertex":"FREE","reference":null},{"type":"port","@id":61,"shape":{"type":"rect","xposition":"NaN","yposition":"NaN","width":"NaN","height":"NaN","shapeStyle":2},"labelManager":{"labels":[{"type":"textLabel","@id":62,"inputText":"4","labelStyle":4,"shape":null,"layoutText":null}],"mainLabel":62},"properties":{"id":"4cdc6f7bf55442deda2305a133199db3"},"orientationAtVertex":"FREE","reference":null},{"type":"port","@id":63,"shape":{"type":"rect","xposition":"NaN","yposition":"NaN","width":"NaN","height":"NaN","shapeStyle":2},"labelManager":{"labels":[{"type":"textLabel","@id":64,"inputText":"2","labelStyle":4,"shape":null,"layoutText":null}],"mainLabel":64},"properties":{"id":"60f5b4ab4f7bc51d78a79b601ec1d4ee"},"orientationAtVertex":"FREE","reference":null},{"type":"port","@id":65,"shape":{"type":"rect","xposition":"NaN","yposition":"NaN","width":"NaN","height":"NaN","shapeStyle":2},"labelManager":{"labels":[{"type":"textLabel","@id":66,"inputText":"1","labelStyle":4,"shape":null,"layoutText":null}],"mainLabel":66},"properties":{"id":"c73fc00f3070aac9784b408e9efeacb3"},"orientationAtVertex":"FREE","reference":null}],"properties":{},"reference":null}],"properties":{"id":"41a6c9daba419f98d7eed6fa6e6480d3","type":"plug"},"reference":null},{"@id":67,"shape":{"type":"rect","xposition":"NaN","yposition":"NaN","width":"NaN","height":"NaN","shapeStyle":2},"labelManager":{"labels":[{"type":"textLabel","@id":68,"inputText":"Ben","labelStyle":4,"shape":null,"layoutText":null}],"mainLabel":68},"portCompositions":[{"type":"portGroup","@id":69,"ordered":false,"portCompositions":[{"type":"port","@id":70,"shape":{"type":"rect","xposition":"NaN","yposition":"NaN","width":"NaN","height":"NaN","shapeStyle":2},"labelManager":{"labels":[{"type":"textLabel","@id":71,"inputText":"1","labelStyle":4,"shape":null,"layoutText":null}],"mainLabel":71},"properties":{"id":"bab40d9732c5fa31fd817c0f8ddd7e4f"},"orientationAtVertex":"FREE","reference":null}],"properties":{},"reference":null}],"properties":{"id":"8961cb15976e735efcc8145dc546ee07","type":"plug"},"reference":null},{"@id":72,"shape":{"type":"rect","xposition":"NaN","yposition":"NaN","width":"NaN","height":"NaN","shapeStyle":2},"labelManager":{"labels":[{"type":"textLabel","@id":73,"inputText":"Jakob","labelStyle":4,"shape":null,"layoutText":null}],"mainLabel":73},"portCompositions":[{"type":"portGroup","@id":74,"ordered":false,"portCompositions":[{"type":"port","@id":75,"shape":{"type":"rect","xposition":"NaN","yposition":"NaN","width":"NaN","height":"NaN","shapeStyle":2},"labelManager":{"labels":[{"type":"textLabel","@id":76,"inputText":"1","labelStyle":4,"shape":null,"layoutText":null}],"mainLabel":76},"properties":{"id":"74d469c02bf8ad782ec57cec2b5dc236"},"orientationAtVertex":"FREE","reference":null}],"properties":{},"reference":null}],"properties":{"id":"163ef4b5e189ad66b145c4736fd52736","type":"plug"},"reference":null},{"@id":77,"shape":{"type":"rect","xposition":"NaN","yposition":"NaN","width":"NaN","height":"NaN","shapeStyle":2},"labelManager":{"labels":[{"type":"textLabel","@id":78,"inputText":"Louis","labelStyle":4,"shape":null,"layoutText":null}],"mainLabel":78},"portCompositions":[{"type":"port","@id":79,"shape":{"type":"rect","xposition":"NaN","yposition":"NaN","width":"NaN","height":"NaN","shapeStyle":2},"labelManager":{"labels":[{"type":"textLabel","@id":80,"inputText":"1","labelStyle":4,"shape":null,"layoutText":null}],"mainLabel":80},"properties":{"id":"ece77d69a8a503e4e50bd944783427a4"},"orientationAtVertex":"FREE","reference":null}],"properties":{"id":"586eac4fb54cfa5a9ed9647d5f398926","type":"splice"},"reference":null},{"@id":81,"shape":{"type":"rect","xposition":"NaN","yposition":"NaN","width":"NaN","height":"NaN","shapeStyle":2},"labelManager":{"labels":[{"type":"textLabel","@id":82,"inputText":"Anton","labelStyle":4,"shape":null,"layoutText":null}],"mainLabel":82},"portCompositions":[{"type":"port","@id":83,"shape":{"type":"rect","xposition":"NaN","yposition":"NaN","width":"NaN","height":"NaN","shapeStyle":2},"labelManager":{"labels":[{"type":"textLabel","@id":84,"inputText":"1","labelStyle":4,"shape":null,"layoutText":null}],"mainLabel":84},"properties":{"id":"54aa4466ae8109447bab9007ab54b624"},"orientationAtVertex":"FREE","reference":null}],"properties":{"id":"faad24a611ece1a9f6a238c7e2c7ec80","type":"splice"},"reference":null},{"@id":85,"shape":{"type":"rect","xposition":"NaN","yposition":"NaN","width":"NaN","height":"NaN","shapeStyle":2},"labelManager":{"labels":[{"type":"textLabel","@id":86,"inputText":"Felix","labelStyle":4,"shape":null,"layoutText":null}],"mainLabel":86},"portCompositions":[{"type":"portGroup","@id":87,"ordered":false,"portCompositions":[{"type":"port","@id":88,"shape":{"type":"rect","xposition":"NaN","yposition":"NaN","width":"NaN","height":"NaN","shapeStyle":2},"labelManager":{"labels":[{"type":"textLabel","@id":89,"inputText":"1","labelStyle":4,"shape":null,"layoutText":null}],"mainLabel":89},"properties":{"id":"fc9e2b89bae7ddaf6447479751d8a674"},"orientationAtVertex":"FREE","reference":null}],"properties":{},"reference":null}],"properties":{"id":"d6f116a8e919a6677ccbe6fa1cb778b3","type":"device"},"reference":null},{"@id":90,"shape":{"type":"rect","xposition":"NaN","yposition":"NaN","width":"NaN","height":"NaN","shapeStyle":2},"labelManager":{"labels":[{"type":"textLabel","@id":91,"inputText":"Jonas","labelStyle":4,"shape":null,"layoutText":null}],"mainLabel":91},"portCompositions":[{"type":"portGroup","@id":92,"ordered":false,"portCompositions":[{"type":"port","@id":93,"shape":{"type":"rect","xposition":"NaN","yposition":"NaN","width":"NaN","height":"NaN","shapeStyle":2},"labelManager":{"labels":[{"type":"textLabel","@id":94,"inputText":"1","labelStyle":4,"shape":null,"layoutText":null}],"mainLabel":94},"properties":{"id":"42b901cf852d1f57bce416372d1fe22f"},"orientationAtVertex":"FREE","reference":null}],"properties":{},"reference":null}],"properties":{"id":"9f825a9f06db248e0fb83a3909907146","type":"socket"},"reference":null},{"@id":95,"shape":{"type":"rect","xposition":"NaN","yposition":"NaN","width":"NaN","height":"NaN","shapeStyle":2},"labelManager":{"labels":[{"type":"textLabel","@id":96,"inputText":"Elias","labelStyle":4,"shape":null,"layoutText":null}],"mainLabel":96},"portCompositions":[{"type":"portGroup","@id":97,"ordered":false,"portCompositions":[{"type":"port","@id":98,"shape":{"type":"rect","xposition":"NaN","yposition":"NaN","width":"NaN","height":"NaN","shapeStyle":2},"labelManager":{"labels":[{"type":"textLabel","@id":99,"inputText":"2","labelStyle":4,"shape":null,"layoutText":null}],"mainLabel":99},"properties":{"id":"9651b99e79faab47c21bc4b2be3f441c"},"orientationAtVertex":"FREE","reference":null},{"type":"port","@id":100,"shape":{"type":"rect","xposition":"NaN","yposition":"NaN","width":"NaN","height":"NaN","shapeStyle":2},"labelManager":{"labels":[{"type":"textLabel","@id":101,"inputText":"1","labelStyle":4,"shape":null,"layoutText":null}],"mainLabel":101},"properties":{"id":"99ac8a2dbc37c9e1cdeaf9ceb6d2413f"},"orientationAtVertex":"FREE","reference":null}],"properties":{},"reference":null}],"properties":{"id":"de4513c290fdea5b32f4d97ce50cbca4","type":"device"},"reference":null},{"@id":102,"shape":{"type":"rect","xposition":"NaN","yposition":"NaN","width":"NaN","height":"NaN","shapeStyle":2},"labelManager":{"labels":[{"type":"textLabel","@id":103,"inputText":"Alexander","labelStyle":4,"shape":null,"layoutText":null}],"mainLabel":103},"portCompositions":[{"type":"portGroup","@id":104,"ordered":false,"portCompositions":[{"type":"port","@id":105,"shape":{"type":"rect","xposition":"NaN","yposition":"NaN","width":"NaN","height":"NaN","shapeStyle":2},"labelManager":{"labels":[{"type":"textLabel","@id":106,"inputText":"2","labelStyle":4,"shape":null,"layoutText":null}],"mainLabel":106},"properties":{"id":"0052bcb6ff535f5df109396c6b575388"},"orientationAtVertex":"FREE","reference":null},{"type":"port","@id":107,"shape":{"type":"rect","xposition":"NaN","yposition":"NaN","width":"NaN","height":"NaN","shapeStyle":2},"labelManager":{"labels":[{"type":"textLabel","@id":108,"inputText":"1","labelStyle":4,"shape":null,"layoutText":null}],"mainLabel":108},"properties":{"id":"4b1d2fb27d4ee7d787d227fdfe82d830"},"orientationAtVertex":"FREE","reference":null}],"properties":{},"reference":null}],"properties":{"id":"7a64b420307577a2224fbdf083a1fb5f","type":"socket"},"reference":null},{"@id":109,"shape":null,"labelManager":{"labels":[{"type":"textLabel","@id":110,"inputText":"Leon","labelStyle":{"@id":111,"description":"default text label style","font":{"fontName":"SansSerif","style":0,"size":10},"noBreak":false,"color":{"argb":"ff000000"},"showLabel":true,"placement":"FREE","horizontalPlacement":"FREE","verticalPlacement":"FREE"},"shape":null,"layoutText":null}],"mainLabel":110},"portCompositions":[{"type":"portGroup","@id":112,"ordered":false,"portCompositions":[{"type":"port","@id":113,"shape":{"type":"rect","xposition":"NaN","yposition":"NaN","width":"NaN","height":"NaN","shapeStyle":{"@id":114,"description":"default shape style","color":{"argb":"ff000000"}}},"labelManager":{"labels":[{"type":"textLabel","@id":115,"inputText":"1","labelStyle":111,"shape":null,"layoutText":null}],"mainLabel":115},"properties":{},"orientationAtVertex":"FREE","reference":null}],"properties":{},"reference":null}],"properties":{},"reference":null},{"@id":116,"shape":null,"labelManager":{"labels":[{"type":"textLabel","@id":117,"inputText":"David","labelStyle":111,"shape":null,"layoutText":null}],"mainLabel":117},"portCompositions":[{"type":"portGroup","@id":118,"ordered":false,"portCompositions":[{"type":"port","@id":119,"shape":{"type":"rect","xposition":"NaN","yposition":"NaN","width":"NaN","height":"NaN","shapeStyle":114},"labelManager":{"labels":[{"type":"textLabel","@id":120,"inputText":"1","labelStyle":111,"shape":null,"layoutText":null}],"mainLabel":120},"properties":{},"orientationAtVertex":"FREE","reference":null}],"properties":{},"reference":null}],"properties":{},"reference":null},{"@id":121,"shape":null,"labelManager":{"labels":[{"type":"textLabel","@id":122,"inputText":"Jan","labelStyle":111,"shape":null,"layoutText":null}],"mainLabel":122},"portCompositions":[{"type":"portGroup","@id":123,"ordered":false,"portCompositions":[{"type":"port","@id":124,"shape":{"type":"rect","xposition":"NaN","yposition":"NaN","width":"NaN","height":"NaN","shapeStyle":114},"labelManager":{"labels":[{"type":"textLabel","@id":125,"inputText":"1","labelStyle":111,"shape":null,"layoutText":null}],"mainLabel":125},"properties":{},"orientationAtVertex":"FREE","reference":null}],"properties":{},"reference":null}],"properties":{},"reference":null},{"@id":126,"shape":null,"labelManager":{"labels":[{"type":"textLabel","@id":127,"inputText":"Noah","labelStyle":111,"shape":null,"layoutText":null}],"mainLabel":127},"portCompositions":[{"type":"portGroup","@id":128,"ordered":false,"portCompositions":[{"type":"port","@id":129,"shape":{"type":"rect","xposition":"NaN","yposition":"NaN","width":"NaN","height":"NaN","shapeStyle":114},"labelManager":{"labels":[{"type":"textLabel","@id":130,"inputText":"1","labelStyle":111,"shape":null,"layoutText":null}],"mainLabel":130},"properties":{},"orientationAtVertex":"FREE","reference":null}],"properties":{},"reference":null}],"properties":{},"reference":null},{"@id":131,"shape":null,"labelManager":{"labels":[{"type":"textLabel","@id":132,"inputText":"Noah","labelStyle":111,"shape":null,"layoutText":null}],"mainLabel":132},"portCompositions":[{"type":"portGroup","@id":133,"ordered":false,"portCompositions":[{"type":"port","@id":134,"shape":{"type":"rect","xposition":"NaN","yposition":"NaN","width":"NaN","height":"NaN","shapeStyle":114},"labelManager":{"labels":[{"type":"textLabel","@id":135,"inputText":"1","labelStyle":111,"shape":null,"layoutText":null}],"mainLabel":135},"properties":{},"orientationAtVertex":"FREE","reference":null}],"properties":{},"reference":null}],"properties":{},"reference":null},{"@id":136,"shape":null,"labelManager":{"labels":[{"type":"textLabel","@id":137,"inputText":"Luca","labelStyle":111,"shape":null,"layoutText":null}],"mainLabel":137},"portCompositions":[{"type":"portGroup","@id":138,"ordered":false,"portCompositions":[{"type":"port","@id":139,"shape":{"type":"rect","xposition":"NaN","yposition":"NaN","width":"NaN","height":"NaN","shapeStyle":114},"labelManager":{"labels":[{"type":"textLabel","@id":140,"inputText":"1","labelStyle":111,"shape":null,"layoutText":null}],"mainLabel":140},"properties":{},"orientationAtVertex":"FREE","reference":null}],"properties":{},"reference":null}],"properties":{},"reference":null},{"@id":141,"shape":null,"labelManager":{"labels":[{"type":"textLabel","@id":142,"inputText":"Anton","labelStyle":111,"shape":null,"layoutText":null}],"mainLabel":142},"portCompositions":[{"type":"portGroup","@id":143,"ordered":false,"portCompositions":[{"type":"port","@id":144,"shape":{"type":"rect","xposition":"NaN","yposition":"NaN","width":"NaN","height":"NaN","shapeStyle":114},"labelManager":{"labels":[{"type":"textLabel","@id":145,"inputText":"1","labelStyle":111,"shape":null,"layoutText":null}],"mainLabel":145},"properties":{},"orientationAtVertex":"FREE","reference":null}],"properties":{},"reference":null}],"properties":{},"reference":null},{"@id":146,"shape":null,"labelManager":{"labels":[{"type":"textLabel","@id":147,"inputText":"Jakob","labelStyle":111,"shape":null,"layoutText":null}],"mainLabel":147},"portCompositions":[{"type":"portGroup","@id":148,"ordered":false,"portCompositions":[{"type":"port","@id":149,"shape":{"type":"rect","xposition":"NaN","yposition":"NaN","width":"NaN","height":"NaN","shapeStyle":114},"labelManager":{"labels":[{"type":"textLabel","@id":150,"inputText":"1","labelStyle":111,"shape":null,"layoutText":null}],"mainLabel":150},"properties":{},"orientationAtVertex":"FREE","reference":null}],"properties":{},"reference":null}],"properties":{},"reference":null},{"@id":151,"shape":null,"labelManager":{"labels":[{"type":"textLabel","@id":152,"inputText":"Alexander","labelStyle":111,"shape":null,"layoutText":null}],"mainLabel":152},"portCompositions":[{"type":"portGroup","@id":153,"ordered":false,"portCompositions":[{"type":"port","@id":154,"shape":{"type":"rect","xposition":"NaN","yposition":"NaN","width":"NaN","height":"NaN","shapeStyle":114},"labelManager":{"labels":[{"type":"textLabel","@id":155,"inputText":"1","labelStyle":111,"shape":null,"layoutText":null}],"mainLabel":155},"properties":{},"orientationAtVertex":"FREE","reference":null}],"properties":{},"reference":null}],"properties":{},"reference":null},{"@id":156,"shape":null,"labelManager":{"labels":[{"type":"textLabel","@id":157,"inputText":"Felix","labelStyle":111,"shape":null,"layoutText":null}],"mainLabel":157},"portCompositions":[{"type":"portGroup","@id":158,"ordered":false,"portCompositions":[{"type":"port","@id":159,"shape":{"type":"rect","xposition":"NaN","yposition":"NaN","width":"NaN","height":"NaN","shapeStyle":114},"labelManager":{"labels":[{"type":"textLabel","@id":160,"inputText":"1","labelStyle":111,"shape":null,"layoutText":null}],"mainLabel":160},"properties":{},"orientationAtVertex":"FREE","reference":null}],"properties":{},"reference":null}],"properties":{},"reference":null},{"@id":161,"shape":null,"labelManager":{"labels":[{"type":"textLabel","@id":162,"inputText":"Elias","labelStyle":111,"shape":null,"layoutText":null}],"mainLabel":162},"portCompositions":[{"type":"portGroup","@id":163,"ordered":false,"portCompositions":[{"type":"port","@id":164,"shape":{"type":"rect","xposition":"NaN","yposition":"NaN","width":"NaN","height":"NaN","shapeStyle":114},"labelManager":{"labels":[{"type":"textLabel","@id":165,"inputText":"1","labelStyle":111,"shape":null,"layoutText":null}],"mainLabel":165},"properties":{},"orientationAtVertex":"FREE","reference":null}],"properties":{},"reference":null}],"properties":{},"reference":null},{"@id":166,"shape":null,"labelManager":{"labels":[{"type":"textLabel","@id":167,"inputText":"Louis","labelStyle":111,"shape":null,"layoutText":null}],"mainLabel":167},"portCompositions":[{"type":"portGroup","@id":168,"ordered":false,"portCompositions":[{"type":"port","@id":169,"shape":{"type":"rect","xposition":"NaN","yposition":"NaN","width":"NaN","height":"NaN","shapeStyle":114},"labelManager":{"labels":[{"type":"textLabel","@id":170,"inputText":"1","labelStyle":111,"shape":null,"layoutText":null}],"mainLabel":170},"properties":{},"orientationAtVertex":"FREE","reference":null}],"properties":{},"reference":null}],"properties":{},"reference":null},{"@id":171,"shape":null,"labelManager":{"labels":[{"type":"textLabel","@id":172,"inputText":"Moritz","labelStyle":111,"shape":null,"layoutText":null}],"mainLabel":172},"portCompositions":[{"type":"portGroup","@id":173,"ordered":false,"portCompositions":[{"type":"port","@id":174,"shape":{"type":"rect","xposition":"NaN","yposition":"NaN","width":"NaN","height":"NaN","shapeStyle":114},"labelManager":{"labels":[{"type":"textLabel","@id":175,"inputText":"1","labelStyle":111,"shape":null,"layoutText":null}],"mainLabel":175},"properties":{},"orientationAtVertex":"FREE","reference":null}],"properties":{},"reference":null}],"properties":{},"reference":null},{"@id":176,"shape":null,"labelManager":{"labels":[{"type":"textLabel","@id":177,"inputText":"David","labelStyle":111,"shape":null,"layoutText":null}],"mainLabel":177},"portCompositions":[{"type":"portGroup","@id":178,"ordered":false,"portCompositions":[{"type":"port","@id":179,"shape":{"type":"rect","xposition":"NaN","yposition":"NaN","width":"NaN","height":"NaN","shapeStyle":114},"labelManager":{"labels":[{"type":"textLabel","@id":180,"inputText":"1","labelStyle":111,"shape":null,"layoutText":null}],"mainLabel":180},"properties":{},"orientationAtVertex":"FREE","reference":null}],"properties":{},"reference":null}],"properties":{},"reference":null}],"vertexGroups":[{"@id":181,"drawnFrame":false,"labelManager":{"labels":[],"mainLabel":null},"shape":null,"containedVertices":[1,14],"containedVertexGroups":[],"touchingPairs":[{"vertex0":1,"horizontalPlacementVertex0":"FREE","verticalPlacementVertex0":"TOP","vertex1":14,"horizontalPlacementVertex1":"FREE","verticalPlacementVertex1":"FREE"}],"portPairings":[{"port0":8,"port1":19},{"port0":12,"port1":23},{"port0":6,"port1":17},{"port0":10,"port1":21}],"properties":{},"reference":null},{"@id":182,"drawnFrame":false,"labelManager":{"labels":[],"mainLabel":null},"shape":null,"containedVertices":[25,30],"containedVertexGroups":[],"touchingPairs":[{"vertex0":25,"horizontalPlacementVertex0":"FREE","verticalPlacementVertex0":"TOP","vertex1":30,"horizontalPlacementVertex1":"FREE","verticalPlacementVertex1":"FREE"}],"portPairings":[{"port0":28,"port1":33}],"properties":{},"reference":null},{"@id":183,"drawnFrame":false,"labelManager":{"labels":[],"mainLabel":null},"shape":null,"containedVertices":[35,40],"containedVertexGroups":[],"touchingPairs":[{"vertex0":35,"horizontalPlacementVertex0":"FREE","verticalPlacementVertex0":"TOP","vertex1":40,"horizontalPlacementVertex1":"FREE","verticalPlacementVertex1":"FREE"}],"portPairings":[{"port0":38,"port1":43}],"properties":{},"reference":null},{"@id":184,"drawnFrame":false,"labelManager":{"labels":[],"mainLabel":null},"shape":null,"containedVertices":[45,56],"containedVertexGroups":[],"touchingPairs":[{"vertex0":45,"horizontalPlacementVertex0":"FREE","verticalPlacementVertex0":"TOP","vertex1":56,"horizontalPlacementVertex1":"FREE","verticalPlacementVertex1":"FREE"}],"portPairings":[{"port0":52,"port1":63},{"port0":48,"port1":59},{"port0":50,"port1":61},{"port0":54,"port1":65}],"properties":{},"reference":null},{"@id":185,"drawnFrame":false,"labelManager":{"labels":[],"mainLabel":null},"shape":null,"containedVertices":[67,72],"containedVertexGroups":[],"touchingPairs":[{"vertex0":67,"horizontalPlacementVertex0":"FREE","verticalPlacementVertex0":"TOP","vertex1":72,"horizontalPlacementVertex1":"FREE","verticalPlacementVertex1":"FREE"}],"portPairings":[{"port0":70,"port1":75}],"properties":{},"reference":null},{"@id":186,"drawnFrame":false,"labelManager":{"labels":[],"mainLabel":null},"shape":null,"containedVertices":[85,90],"containedVertexGroups":[],"touchingPairs":[{"vertex0":85,"horizontalPlacementVertex0":"FREE","verticalPlacementVertex0":"TOP","vertex1":90,"horizontalPlacementVertex1":"FREE","verticalPlacementVertex1":"FREE"}],"portPairings":[{"port0":88,"port1":93}],"properties":{},"reference":null},{"@id":187,"drawnFrame":false,"labelManager":{"labels":[],"mainLabel":null},"shape":null,"containedVertices":[95,102],"containedVertexGroups":[],"touchingPairs":[{"vertex0":95,"horizontalPlacementVertex0":"FREE","verticalPlacementVertex0":"TOP","vertex1":102,"horizontalPlacementVertex1":"FREE","verticalPlacementVertex1":"FREE"}],"portPairings":[{"port0":98,"port1":105},{"port0":100,"port1":107}],"properties":{},"reference":null},{"@id":188,"drawnFrame":false,"labelManager":{"labels":[],"mainLabel":null},"shape":null,"containedVertices":[109,116],"containedVertexGroups":[],"touchingPairs":[{"vertex0":109,"horizontalPlacementVertex0":"FREE","verticalPlacementVertex0":"FREE","vertex1":116,"horizontalPlacementVertex1":"FREE","verticalPlacementVertex1":"FREE"}],"portPairings":[{"port0":113,"port1":119}],"properties":{},"reference":null},{"@id":189,"drawnFrame":false,"labelManager":{"labels":[],"mainLabel":null},"shape":null,"containedVertices":[121,126],"containedVertexGroups":[],"touchingPairs":[{"vertex0":121,"horizontalPlacementVertex0":"FREE","verticalPlacementVertex0":"FREE","vertex1":126,"horizontalPlacementVertex1":"FREE","verticalPlacementVertex1":"FREE"}],"portPairings":[{"port0":124,"port1":129}],"properties":{},"reference":null},{"@id":190,"drawnFrame":false,"labelManager":{"labels":[],"mainLabel":null},"shape":null,"containedVertices":[131,136],"containedVertexGroups":[],"touchingPairs":[{"vertex0":131,"horizontalPlacementVertex0":"FREE","verticalPlacementVertex0":"FREE","vertex1":136,"horizontalPlacementVertex1":"FREE","verticalPlacementVertex1":"FREE"}],"portPairings":[{"port0":134,"port1":139}],"properties":{},"reference":null},{"@id":191,"drawnFrame":false,"labelManager":{"labels":[],"mainLabel":null},"shape":null,"containedVertices":[141,146],"containedVertexGroups":[],"touchingPairs":[{"vertex0":141,"horizontalPlacementVertex0":"FREE","verticalPlacementVertex0":"FREE","vertex1":146,"horizontalPlacementVertex1":"FREE","verticalPlacementVertex1":"FREE"}],"portPairings":[{"port0":144,"port1":149}],"properties":{},"reference":null},{"@id":192,"drawnFrame":false,"labelManager":{"labels":[],"mainLabel":null},"shape":null,"containedVertices":[151,156],"containedVertexGroups":[],"touchingPairs":[{"vertex0":151,"horizontalPlacementVertex0":"FREE","verticalPlacementVertex0":"FREE","vertex1":156,"horizontalPlacementVertex1":"FREE","verticalPlacementVertex1":"FREE"}],"portPairings":[{"port0":154,"port1":159}],"properties":{},"reference":null},{"@id":193,"drawnFrame":false,"labelManager":{"labels":[],"mainLabel":null},"shape":null,"containedVertices":[161,166],"containedVertexGroups":[],"touchingPairs":[{"vertex0":161,"horizontalPlacementVertex0":"FREE","verticalPlacementVertex0":"FREE","vertex1":166,"horizontalPlacementVertex1":"FREE","verticalPlacementVertex1":"FREE"}],"portPairings":[{"port0":164,"port1":169}],"properties":{},"reference":null},{"@id":194,"drawnFrame":false,"labelManager":{"labels":[],"mainLabel":null},"shape":null,"containedVertices":[171,176],"containedVertexGroups":[],"touchingPairs":[{"vertex0":171,"horizontalPlacementVertex0":"FREE","verticalPlacementVertex0":"FREE","vertex1":176,"horizontalPlacementVertex1":"FREE","verticalPlacementVertex1":"FREE"}],"portPairings":[{"port0":174,"port1":179}],"properties":{},"reference":null}],"edges":[{"@id":195,"ports":[17,52],"labelManager":{"innerLabels":[{"type":"textLabel","@id":196,"inputText":"Luis","labelStyle":4,"shape":null,"layoutText":null}],"allPortLabels":[],"mainLabel":196},"pathStyle":{"@id":197,"description":"default path style","thickness":-1.0,"color":{"argb":"ff000000"}},"paths":[],"properties":{"id":"93f2fad96ad9bae9265af868b6844df7"},"reference":null},{"@id":198,"ports":[54,79],"labelManager":{"innerLabels":[{"type":"textLabel","@id":199,"inputText":"Johann","labelStyle":4,"shape":null,"layoutText":null}],"allPortLabels":[],"mainLabel":199},"pathStyle":197,"paths":[],"properties":{"id":"77a63db3e52e89098f1fce4e057d567b"},"reference":null},{"@id":200,"ports":[50,75],"labelManager":{"innerLabels":[{"type":"textLabel","@id":201,"inputText":"Samuel","labelStyle":4,"shape":null,"layoutText":null}],"allPortLabels":[],"mainLabel":201},"pathStyle":197,"paths":[],"properties":{"id":"bcad61dc596751a351167f006977c8b4"},"reference":null},{"@id":202,"ports":[65,33],"labelManager":{"innerLabels":[{"type":"textLabel","@id":203,"inputText":"Henri","labelStyle":4,"shape":null,"layoutText":null}],"allPortLabels":[],"mainLabel":203},"pathStyle":197,"paths":[],"properties":{"id":"b6418a3b51012f5e093f07cdd17dc703"},"reference":null},{"@id":204,"ports":[19,79],"labelManager":{"innerLabels":[{"type":"textLabel","@id":205,"inputText":"Johannes","labelStyle":4,"shape":null,"layoutText":null}],"allPortLabels":[],"mainLabel":205},"pathStyle":197,"paths":[],"properties":{"id":"f9f8643c1913e2cef57c1b7e4cce618e"},"reference":null},{"@id":206,"ports":[83,105],"labelManager":{"innerLabels":[{"type":"textLabel","@id":207,"inputText":"Mats","labelStyle":4,"shape":null,"layoutText":null}],"allPortLabels":[],"mainLabel":207},"pathStyle":197,"paths":[],"properties":{"id":"74cb546acfce88092de0d8b0a4fdfcfe"},"reference":null},{"@id":208,"ports":[38,93],"labelManager":{"innerLabels":[{"type":"textLabel","@id":209,"inputText":"Julius","labelStyle":4,"shape":null,"layoutText":null}],"allPortLabels":[],"mainLabel":209},"pathStyle":197,"paths":[],"properties":{"id":"e6bb0c080753c6a70acde4598c6000c2"},"reference":null},{"@id":210,"ports":[107,169],"labelManager":{"innerLabels":[{"type":"textLabel","@id":211,"inputText":"Oskar","labelStyle":111,"shape":null,"layoutText":null}],"allPortLabels":[],"mainLabel":211},"pathStyle":{"@id":212,"description":"default path style","thickness":-1.0,"color":{"argb":"ff000000"}},"paths":[],"properties":{},"reference":null},{"@id":213,"ports":[134,119],"labelManager":{"innerLabels":[{"type":"textLabel","@id":214,"inputText":"Tom","labelStyle":111,"shape":null,"layoutText":null}],"allPortLabels":[],"mainLabel":214},"pathStyle":212,"paths":[],"properties":{},"reference":null},{"@id":215,"ports":[124,113],"labelManager":{"innerLabels":[{"type":"textLabel","@id":216,"inputText":"Finn","labelStyle":111,"shape":null,"layoutText":null}],"allPortLabels":[],"mainLabel":216},"pathStyle":212,"paths":[],"properties":{},"reference":null},{"@id":217,"ports":[59,149],"labelManager":{"innerLabels":[{"type":"textLabel","@id":218,"inputText":"Leonard","labelStyle":111,"shape":null,"layoutText":null}],"allPortLabels":[],"mainLabel":218},"pathStyle":212,"paths":[],"properties":{},"reference":null},{"@id":219,"ports":[179,48],"labelManager":{"innerLabels":[{"type":"textLabel","@id":220,"inputText":"Benjamin","labelStyle":111,"shape":null,"layoutText":null}],"allPortLabels":[],"mainLabel":220},"pathStyle":212,"paths":[],"properties":{},"reference":null},{"@id":221,"ports":[43,105],"labelManager":{"innerLabels":[{"type":"textLabel","@id":222,"inputText":"Philipp","labelStyle":111,"shape":null,"layoutText":null}],"allPortLabels":[],"mainLabel":222},"pathStyle":212,"paths":[],"properties":{},"reference":null},{"@id":223,"ports":[23,38],"labelManager":{"innerLabels":[{"type":"textLabel","@id":224,"inputText":"Leo","labelStyle":111,"shape":null,"layoutText":null}],"allPortLabels":[],"mainLabel":224},"pathStyle":212,"paths":[],"properties":{},"reference":null},{"@id":225,"ports":[61,159],"labelManager":{"innerLabels":[{"type":"textLabel","@id":226,"inputText":"Max","labelStyle":111,"shape":null,"layoutText":null}],"allPortLabels":[],"mainLabel":226},"pathStyle":212,"paths":[],"properties":{},"reference":null},{"@id":227,"ports":[129,63],"labelManager":{"innerLabels":[{"type":"textLabel","@id":228,"inputText":"Tim","labelStyle":111,"shape":null,"layoutText":null}],"allPortLabels":[],"mainLabel":228},"pathStyle":212,"paths":[],"properties":{},"reference":null}],"edgeBundles":[]}