{"vertices":[{"@id":1,"shape":{"type":"rect","xposition":"NaN","yposition":"NaN","width":"NaN","height":"NaN","shapeStyle":{"@id":2,"description":"default shape style","color":{"argb":"ff000000"}}},"labelManager":{"labels":[{"type":"textLabel","@id":3,"inputText":"Elias","labelStyle":{"@id":4,"description":"default text label style","font":{"fontName":"SansSerif","style":0,"size":10},"noBreak":false,"color":{"argb":"ff000000"},"showLabel":true,"placement":"FREE","horizontalPlacement":"FREE","verticalPlacement":"FREE"},"shape":null,"layoutText":null}],"mainLabel":3},"portCompositions":[{"type":"portGroup","@id":5,"ordered":false,"portCompositions":[{"type":"port","@id":6,"shape":{"type":"rect","xposition":"NaN","yposition":"NaN","width":"NaN","height":"NaN","shapeStyle":2},"labelManager":{"labels":[{"type":"textLabel","@id":7,"inputText":"8","labelStyle":4,"shape":null,"layoutText":null}],"mainLabel":7},"properties":{"id":"300bfc5755772d6a0ca2572aa35317d8"},"orientationAtVertex":"FREE","reference":null},{"type":"port","@id":8,"shape":{"type":"rect","xposition":"NaN","yposition":"NaN","width":"NaN","height":"NaN","shapeStyle":2},"labelManager":{"labels":[{"type":"textLabel","@id":9,"inputText":"2","labelStyle":4,"shape":null,"layoutText":null}],"mainLabel":9},"properties":{"id":"92e48edf8103adb0cccd435676223263"},"orientationAtVertex":"FREE","reference":null},{"type":"port","@id":10,"shape":{"type":"rect","xposition":"NaN","yposition":"NaN","width":"NaN","height":"NaN","shapeStyle":2},"labelManager":{"labels":[{"type":"textLabel","@id":11,"inputText":"7","labelStyle":4,"shape":null,"layoutText":null}],"mainLabel":11},"properties":{"id":"214157b0d95fc052eb1b33dbd415a951"},"orientationAtVertex":"FREE","reference":null},{"type":"port","@id":12,"shape":{"type":"rect","xposition":"NaN","yposition":"NaN","width":"NaN","height":"NaN","shapeStyle":2},"labelManager":{"labels":[{"type":"textLabel","@id":13,"inputText":"5","labelStyle":4,"shape":null,"layoutText":null}],"mainLabel":13},"properties":{"id":"e98620b8612c56a6404ae83417e5730f"},"orientationAtVertex":"FREE","reference":null},{"type":"port","@id":14,"shape":{"type":"rect","xposition":"NaN","yposition":"NaN","width":"NaN","height":"NaN","shapeStyle":2},"labelManager":{"labels":[{"type":"textLabel","@id":15,"inputText":"4","labelStyle":4,"shape":null,"layoutText":null}],"mainLabel":15},"properties":{"id":"014b8a994b819555b95d680f911ab24a"},"orientationAtVertex":"FREE","reference":null},{"type":"port","@id":16,"shape":{"type":"rect","xposition":"NaN","yposition":"NaN","width":"NaN","height":"NaN","shapeStyle":2},"labelManager":{"labels":[{"type":"textLabel","@id":17,"inputText":"9","labelStyle":4,"shape":null,"layoutText":null}],"mainLabel":17},"properties":{"id":"00e9552912deee8cf66e99453e2fb4cd"},"orientationAtVertex":"FREE","reference":null},{"type":"port","@id":18,"shape":{"type":"rect","xposition":"NaN","yposition":"NaN","width":"NaN","height":"NaN","shapeStyle":2},"labelManager":{"labels":[{"type":"textLabel","@id":19,"inputText":"1","labelStyle":4,"shape":null,"layoutText":null}],"mainLabel":19},"properties":{"id":"cd218c178d68c05ce680168389ee1434"},"orientationAtVertex":"FREE","reference":null},{"type":"port","@id":20,"shape":{"type":"rect","xposition":"NaN","yposition":"NaN","width":"NaN","height":"NaN","shapeStyle":2},"labelManager":{"labels":[{"type":"textLabel","@id":21,"inputText":"3","labelStyle":4,"shape":null,"layoutText":null}],"mainLabel":21},"properties":{"id":"7d292ad4e4394e133fb928bb476c2716"},"orientationAtVertex":"FREE","reference":null},{"type":"port","@id":22,"shape":{"type":"rect","xposition":"NaN","yposition":"NaN","width":"NaN","height":"NaN","shapeStyle":2},"labelManager":{"labels":[{"type":"textLabel","@id":23,"inputText":"6","labelStyle":4,"shape":null,"layoutText":null}],"mainLabel":23},"properties":{"id":"41c546c40e025677cd78ea174ee9cced"},"orientationAtVertex":"FREE","reference":null}],"properties":{},"reference":null}],"properties":{"id":"6f4826f89409ad7a99c10d265e515c24","type":"device"},"reference":null},{"@id":24,"shape":{"type":"rect","xposition":"NaN","yposition":"NaN","width":"NaN","height":"NaN","shapeStyle":2},"labelManager":{"labels":[{"type":"textLabel","@id":25,"inputText":"Leon","labelStyle":4,"shape":null,"layoutText":null}],"mainLabel":25},"portCompositions":[{"type":"portGroup","@id":26,"ordered":false,"portCompositions":[{"type":"port","@id":27,"shape":{"type":"rect","xposition":"NaN","yposition":"NaN","width":"NaN","height":"NaN","shapeStyle":2},"labelManager":{"labels":[{"type":"textLabel","@id":28,"inputText":"8","labelStyle":4,"shape":null,"layoutText":null}],"mainLabel":28},"properties":{"id":"a62222fd902dfd43c7a4acda3dd0cff9"},"orientationAtVertex":"FREE","reference":null},{"type":"port","@id":29,"shape":{"type":"rect","xposition":"NaN","yposition":"NaN","width":"NaN","height":"NaN","shapeStyle":2},"labelManager":{"labels":[{"type":"textLabel","@id":30,"inputText":"2","labelStyle":4,"shape":null,"layoutText":null}],"mainLabel":30},"properties":{"id":"fce18e67fdcb10a08cb92304b2eac31c"},"orientationAtVertex":"FREE","reference":null},{"type":"port","@id":31,"shape":{"type":"rect","xposition":"NaN","yposition":"NaN","width":"NaN","height":"NaN","shapeStyle":2},"labelManager":{"labels":[{"type":"textLabel","@id":32,"inputText":"7","labelStyle":4,"shape":null,"layoutText":null}],"mainLabel":32},"properties":{"id":"a2046876bfa09dc01a69a296b9575fe7"},"orientationAtVertex":"FREE","reference":null},{"type":"port","@id":33,"shape":{"type":"rect","xposition":"NaN","yposition":"NaN","width":"NaN","height":"NaN","shapeStyle":2},"labelManager":{"labels":[{"type":"textLabel","@id":34,"inputText":"5","labelStyle":4,"shape":null,"layoutText":null}],"mainLabel":34},"properties":{"id":"1cb4f47630681488cfa5700d6c2b02da"},"orientationAtVertex":"FREE","reference":null},{"type":"port","@id":35,"shape":{"type":"rect","xposition":"NaN","yposition":"NaN","width":"NaN","height":"NaN","shapeStyle":2},"labelManager":{"labels":[{"type":"textLabel","@id":36,"inputText":"4","labelStyle":4,"shape":null,"layoutText":null}],"mainLabel":36},"properties":{"id":"6a68a95251eb795143846c7a9e9b0dea"},"orientationAtVertex":"FREE","reference":null},{"type":"port","@id":37,"shape":{"type":"rect","xposition":"NaN","yposition":"NaN","width":"NaN","height":"NaN","shapeStyle":2},"labelManager":{"labels":[{"type":"textLabel","@id":38,"inputText":"9","labelStyle":4,"shape":null,"layoutText":null}],"mainLabel":38},"properties":{"id":"2c4aa76d928238a2745991466f4382cf"},"orientationAtVertex":"FREE","reference":null},{"type":"port","@id":39,"shape":{"type":"rect","xposition":"NaN","yposition":"NaN","width":"NaN","height":"NaN","shapeStyle":2},"labelManager":{"labels":[{"type":"textLabel","@id":40,"inputText":"1","labelStyle":4,"shape":null,"layoutText":null}],"mainLabel":40},"properties":{"id":"430a7f82a85ad553bfd028f9f321ae0f"},"orientationAtVertex":"FREE","reference":null},{"type":"port","@id":41,"shape":{"type":"rect","xposition":"NaN","yposition":"NaN","width":"NaN","height":"NaN","shapeStyle":2},"labelManager":{"labels":[{"type":"textLabel","@id":42,"inputText":"3","labelStyle":4,"shape":null,"layoutText":null}],"mainLabel":42},"properties":{"id":"b28620bdfe1f12132fe66411568e3077"},"orientationAtVertex":"FREE","reference":null},{"type":"port","@id":43,"shape":{"type":"rect","xposition":"NaN","yposition":"NaN","width":"NaN","height":"NaN","shapeStyle":2},"labelManager":{"labels":[{"type":"textLabel","@id":44,"inputText":"6","labelStyle":4,"shape":null,"layoutText":null}],"mainLabel":44},"properties":{"id":"00fc304ddd4c4f8c74e6beb0aafc1f34"},"orientationAtVertex":"FREE","reference":null}],"properties":{},"reference":null}],"properties":{"id":"15a060ea275e7b0cb9ae9a4d6b4fe716","type":"socket"},"reference":null},{"@id":45,"shape":{"type":"rect","xposition":"NaN","yposition":"NaN","width":"NaN","height":"NaN","shapeStyle":2},"labelManager":{"labels":[{"type":"textLabel","@id":46,"inputText":"Valentin","labelStyle":4,"shape":null,"layoutText":null}],"mainLabel":46},"portCompositions":[{"type":"port","@id":47,"shape":{"type":"rect","xposition":"NaN","yposition":"NaN","width":"NaN","height":"NaN","shapeStyle":2},"labelManager":{"labels":[{"type":"textLabel","@id":48,"inputText":"1","labelStyle":4,"shape":null,"layoutText":null}],"mainLabel":48},"properties":{"id":"d2acd3ca9d0c49efea6bd22b9eaebd3f"},"orientationAtVertex":"FREE","reference":null}],"properties":{"id":"923bdec551d80c0d8014780d29cc7d8b","type":"splice"},"reference":null},{"@id":49,"shape":{"type":"rect","xposition":"NaN","yposition":"NaN","width":"NaN","height":"NaN","shapeStyle":2},"labelManager":{"labels":[{"type":"textLabel","@id":50,"inputText":"Ali","labelStyle":4,"shape":null,"layoutText":null}],"mainLabel":50},"portCompositions":[{"type":"portGroup","@id":51,"ordered":false,"portCompositions":[{"type":"port","@id":52,"shape":{"type":"rect","xposition":"NaN","yposition":"NaN","width":"NaN","height":"NaN","shapeStyle":2},"labelManager":{"labels":[{"type":"textLabel","@id":53,"inputText":"1","labelStyle":4,"shape":null,"layoutText":null}],"mainLabel":53},"properties":{"id":"37750d0aa426593c182928d1f32b19d4"},"orientationAtVertex":"FREE","reference":null},{"type":"port","@id":54,"shape":{"type":"rect","xposition":"NaN","yposition":"NaN","width":"NaN","height":"NaN","shapeStyle":{"@id":55,"description":"default shape style","color":{"argb":"ff000000"}}},"labelManager":{"labels":[{"type":"textLabel","@id":56,"inputText":"2","labelStyle":{"@id":57,"description":"default text label style","font":{"fontName":"SansSerif","style":0,"size":10},"noBreak":false,"color":{"argb":"ff000000"},"showLabel":true,"placement":"FREE","horizontalPlacement":"FREE","verticalPlacement":"FREE"},"shape":null,"layoutText":null}],"mainLabel":56},"properties":{},"orientationAtVertex":"FREE","reference":null}],"properties":{},"reference":null}],"properties":{"id":"5d2eb0629afa03ea71ed493f41fd0564","type":"plug"},"reference":null},{"@id":58,"shape":{"type":"rect","xposition":"NaN","yposition":"NaN","width":"NaN","height":"NaN","shapeStyle":2},"labelManager":{"labels":[{"type":"textLabel","@id":59,"inputText":"Anton","labelStyle":4,"shape":null,"layoutText":null}],"mainLabel":59},"portCompositions":[{"type":"portGroup","@id":60,"ordered":false,"portCompositions":[{"type":"port","@id":61,"shape":{"type":"rect","xposition":"NaN","yposition":"NaN","width":"NaN","height":"NaN","shapeStyle":2},"labelManager":{"labels":[{"type":"textLabel","@id":62,"inputText":"1","labelStyle":4,"shape":null,"layoutText":null}],"mainLabel":62},"properties":{"id":"c73fc00f3070aac9784b408e9efeacb3"},"orientationAtVertex":"FREE","reference":null},{"type":"port","@id":63,"shape":{"type":"rect","xposition":"NaN","yposition":"NaN","width":"NaN","height":"NaN","shapeStyle":55},"labelManager":{"labels":[{"type":"textLabel","@id":64,"inputText":"2","labelStyle":57,"shape":null,"layoutText":null}],"mainLabel":64},"properties":{},"orientationAtVertex":"FREE","reference":null}],"properties":{},"reference":null}],"properties":{"id":"41a6c9daba419f98d7eed6fa6e6480d3","type":"plug"},"reference":null},{"@id":65,"shape":{"type":"rect","xposition":"NaN","yposition":"NaN","width":"NaN","height":"NaN","shapeStyle":2},"labelManager":{"labels":[{"type":"textLabel","@id":66,"inputText":"Felix","labelStyle":4,"shape":null,"layoutText":null}],"mainLabel":66},"portCompositions":[{"type":"portGroup","@id":67,"ordered":false,"portCompositions":[{"type":"port","@id":68,"shape":{"type":"rect","xposition":"NaN","yposition":"NaN","width":"NaN","height":"NaN","shapeStyle":2},"labelManager":{"labels":[{"type":"textLabel","@id":69,"inputText":"1","labelStyle":4,"shape":null,"layoutText":null}],"mainLabel":69},"properties":{"id":"d4abebc6ef13a8a48d79361458028f04"},"orientationAtVertex":"FREE","reference":null},{"type":"port","@id":70,"shape":{"type":"rect","xposition":"NaN","yposition":"NaN","width":"NaN","height":"NaN","shapeStyle":2},"labelManager":{"labels":[{"type":"textLabel","@id":71,"inputText":"3","labelStyle":4,"shape":null,"layoutText":null}],"mainLabel":71},"properties":{"id":"d091bd56184b7d69fb95a99739096e5f"},"orientationAtVertex":"FREE","reference":null},{"type":"port","@id":72,"shape":{"type":"rect","xposition":"NaN","yposition":"NaN","width":"NaN","height":"NaN","shapeStyle":2},"labelManager":{"labels":[{"type":"textLabel","@id":73,"inputText":"4","labelStyle":4,"shape":null,"layoutText":null}],"mainLabel":73},"properties":{"id":"72f353f8b695bf0f8fff7b6fb0305bae"},"orientationAtVertex":"FREE","reference":null},{"type":"port","@id":74,"shape":{"type":"rect","xposition":"NaN","yposition":"NaN","width":"NaN","height":"NaN","shapeStyle":2},"labelManager":{"labels":[{"type":"textLabel","@id":75,"inputText":"2","labelStyle":4,"shape":null,"layoutText":null}],"mainLabel":75},"properties":{"id":"f9617db4bf6df847264f364090d9612a"},"orientationAtVertex":"FREE","reference":null}],"properties":{},"reference":null}],"properties":{"id":"bddd01020d54613092c08a7b21b9e346","type":"device"},"reference":null},{"@id":76,"shape":{"type":"rect","xposition":"NaN","yposition":"NaN","width":"NaN","height":"NaN","shapeStyle":2},"labelManager":{"labels":[{"type":"textLabel","@id":77,"inputText":"Philipp","labelStyle":4,"shape":null,"layoutText":null}],"mainLabel":77},"portCompositions":[{"type":"portGroup","@id":78,"ordered":false,"portCompositions":[{"type":"port","@id":79,"shape":{"type":"rect","xposition":"NaN","yposition":"NaN","width":"NaN","height":"NaN","shapeStyle":2},"labelManager":{"labels":[{"type":"textLabel","@id":80,"inputText":"1","labelStyle":4,"shape":null,"layoutText":null}],"mainLabel":80},"properties":{"id":"384a28d20cffa81a66a65cb5f208e7d5"},"orientationAtVertex":"FREE","reference":null},{"type":"port","@id":81,"shape":{"type":"rect","xposition":"NaN","yposition":"NaN","width":"NaN","height":"NaN","shapeStyle":2},"labelManager":{"labels":[{"type":"textLabel","@id":82,"inputText":"3","labelStyle":4,"shape":null,"layoutText":null}],"mainLabel":82},"properties":{"id":"1c774e444e35ae2bbeb7282b4dabbb88"},"orientationAtVertex":"FREE","reference":null},{"type":"port","@id":83,"shape":{"type":"rect","xposition":"NaN","yposition":"NaN","width":"NaN","height":"NaN","shapeStyle":2},"labelManager":{"labels":[{"type":"textLabel","@id":84,"inputText":"4","labelStyle":4,"shape":null,"layoutText":null}],"mainLabel":84},"properties":{"id":"098a4e623342edbc5ceba7234c400be6"},"orientationAtVertex":"FREE","reference":null},{"type":"port","@id":85,"shape":{"type":"rect","xposition":"NaN","yposition":"NaN","width":"NaN","height":"NaN","shapeStyle":2},"labelManager":{"labels":[{"type":"textLabel","@id":86,"inputText":"2","labelStyle":4,"shape":null,"layoutText":null}],"mainLabel":86},"properties":{"id":"9881e9591600ad2b7d1c64beb3d3eb2c"},"orientationAtVertex":"FREE","reference":null}],"properties":{},"reference":null}],"properties":{"id":"a330aa152012546bf7098135ce756c67","type":"socket"},"reference":null},{"@id":87,"shape":{"type":"rect","xposition":"NaN","yposition":"NaN","width":"NaN","height":"NaN","shapeStyle":2},"labelManager":{"labels":[{"type":"textLabel","@id":88,"inputText":"Michael","labelStyle":4,"shape":null,"layoutText":null}],"mainLabel":88},"portCompositions":[{"type":"port","@id":89,"shape":{"type":"rect","xposition":"NaN","yposition":"NaN","width":"NaN","height":"NaN","shapeStyle":2},"labelManager":{"labels":[{"type":"textLabel","@id":90,"inputText":"1","labelStyle":4,"shape":null,"layoutText":null}],"mainLabel":90},"properties":{"id":"ece77d69a8a503e4e50bd944783427a4"},"orientationAtVertex":"FREE","reference":null}],"properties":{"id":"586eac4fb54cfa5a9ed9647d5f398926","type":"splice"},"reference":null},{"@id":91,"shape":{"type":"rect","xposition":"NaN","yposition":"NaN","width":"NaN","height":"NaN","shapeStyle":2},"labelManager":{"labels":[{"type":"textLabel","@id":92,"inputText":"Julius","labelStyle":4,"shape":null,"layoutText":null}],"mainLabel":92},"portCompositions":[{"type":"port","@id":93,"shape":{"type":"rect","xposition":"NaN","yposition":"NaN","width":"NaN","height":"NaN","shapeStyle":2},"labelManager":{"labels":[{"type":"textLabel","@id":94,"inputText":"1","labelStyle":4,"shape":null,"layoutText":null}],"mainLabel":94},"properties":{"id":"78ea5253cf36fd9a8d0bdab4ac565002"},"orientationAtVertex":"FREE","reference":null}],"properties":{"id":"14fa1e1ad937e49ab1ee75f2c8f80054","type":"splice"},"reference":null},{"@id":95,"shape":{"type":"rect","xposition":"NaN","yposition":"NaN","width":"NaN","height":"NaN","shapeStyle":2},"labelManager":{"labels":[{"type":"textLabel","@id":96,"inputText":"Muhammed","labelStyle":4,"shape":null,"layoutText":null}],"mainLabel":96},"portCompositions":[{"type":"portGroup","@id":97,"ordered":false,"portCompositions":[{"type":"port","@id":98,"shape":{"type":"rect","xposition":"NaN","yposition":"NaN","width":"NaN","height":"NaN","shapeStyle":2},"labelManager":{"labels":[{"type":"textLabel","@id":99,"inputText":"4","labelStyle":4,"shape":null,"layoutText":null}],"mainLabel":99},"properties":{"id":"d4a6badf55de497623470bd3a17b91ab"},"orientationAtVertex":"FREE","reference":null},{"type":"port","@id":100,"shape":{"type":"rect","xposition":"NaN","yposition":"NaN","width":"NaN","height":"NaN","shapeStyle":2},"labelManager":{"labels":[{"type":"textLabel","@id":101,"inputText":"3","labelStyle":4,"shape":null,"layoutText":null}],"mainLabel":101},"properties":{"id":"91acda5149c909794452fff5e1644099"},"orientationAtVertex":"FREE","reference":null},{"type":"port","@id":102,"shape":{"type":"rect","xposition":"NaN","yposition":"NaN","width":"NaN","height":"NaN","shapeStyle":2},"labelManager":{"labels":[{"type":"textLabel","@id":103,"inputText":"1","labelStyle":4,"shape":null,"layoutText":null}],"mainLabel":103},"properties":{"id":"033ac2fd92f16a94cded1a6b01f42c43"},"orientationAtVertex":"FREE","reference":null},{"type":"port","@id":104,"shape":{"type":"rect","xposition":"NaN","yposition":"NaN","width":"NaN","height":"NaN","shapeStyle":2},"labelManager":{"labels":[{"type":"textLabel","@id":105,"inputText":"2","labelStyle":4,"shape":null,"layoutText":null}],"mainLabel":105},"properties":{"id":"94bd0d4d7981e6776d6bcc5d0534f1bd"},"orientationAtVertex":"FREE","reference":null}],"properties":{},"reference":null}],"properties":{"id":"3d3caf46fc6d7918b680096b96f64169","type":"plug"},"reference":null},{"@id":106,"shape":{"type":"rect","xposition":"NaN","yposition":"NaN","width":"NaN","height":"NaN","shapeStyle":2},"labelManager":{"labels":[{"type":"textLabel","@id":107,"inputText":"Emil","labelStyle":4,"shape":null,"layoutText":null}],"mainLabel":107},"portCompositions":[{"type":"portGroup","@id":108,"ordered":false,"portCompositions":[{"type":"port","@id":109,"shape":{"type":"rect","xposition":"NaN","yposition":"NaN","width":"NaN","height":"NaN","shapeStyle":2},"labelManager":{"labels":[{"type":"textLabel","@id":110,"inputText":"4","labelStyle":4,"shape":null,"layoutText":null}],"mainLabel":110},"properties":{"id":"e456744e04006a00fd87c50f3f93b2ba"},"orientationAtVertex":"FREE","reference":null},{"type":"port","@id":111,"shape":{"type":"rect","xposition":"NaN","yposition":"NaN","width":"NaN","height":"NaN","shapeStyle":2},"labelManager":{"labels":[{"type":"textLabel","@id":112,"inputText":"3","labelStyle":4,"shape":null,"layoutText":null}],"mainLabel":112},"properties":{"id":"42e49e4431c86e23b25014ac39a6c3d2"},"orientationAtVertex":"FREE","reference":null},{"type":"port","@id":113,"shape":{"type":"rect","xposition":"NaN","yposition":"NaN","width":"NaN","height":"NaN","shapeStyle":2},"labelManager":{"labels":[{"type":"textLabel","@id":114,"inputText":"1","labelStyle":4,"shape":null,"layoutText":null}],"mainLabel":114},"properties":{"id":"fbc046baae15e30151c88eb9175e346e"},"orientationAtVertex":"FREE","reference":null},{"type":"port","@id":115,"shape":{"type":"rect","xposition":"NaN","yposition":"NaN","width":"NaN","height":"NaN","shapeStyle":2},"labelManager":{"labels":[{"type":"textLabel","@id":116,"inputText":"2","labelStyle":4,"shape":null,"layoutText":null}],"mainLabel":116},"properties":{"id":"b2fe488a5909ea35bc1b90a18ddcc242"},"orientationAtVertex":"FREE","reference":null}],"properties":{},"reference":null}],"properties":{"id":"cf4c7e6463a39f80a27703f5b8322870","type":"plug"},"reference":null},{"@id":117,"shape":{"type":"rect","xposition":"NaN","yposition":"NaN","width":"NaN","height":"NaN","shapeStyle":2},"labelManager":{"labels":[{"type":"textLabel","@id":118,"inputText":"Karl","labelStyle":4,"shape":null,"layoutText":null}],"mainLabel":118},"portCompositions":[{"type":"port","@id":119,"shape":{"type":"rect","xposition":"NaN","yposition":"NaN","width":"NaN","height":"NaN","shapeStyle":2},"labelManager":{"labels":[{"type":"textLabel","@id":120,"inputText":"1","labelStyle":4,"shape":null,"layoutText":null}],"mainLabel":120},"properties":{"id":"6fefc0dead78ea30481a6df812ddad06"},"orientationAtVertex":"FREE","reference":null}],"properties":{"id":"06e99a2f7ad7caa147f1dfdd58e472da","type":"splice"},"reference":null},{"@id":121,"shape":{"type":"rect","xposition":"NaN","yposition":"NaN","width":"NaN","height":"NaN","shapeStyle":2},"labelManager":{"labels":[{"type":"textLabel","@id":122,"inputText":"Julian","labelStyle":4,"shape":null,"layoutText":null}],"mainLabel":122},"portCompositions":[{"type":"portGroup","@id":123,"ordered":false,"portCompositions":[{"type":"port","@id":124,"shape":{"type":"rect","xposition":"NaN","yposition":"NaN","width":"NaN","height":"NaN","shapeStyle":2},"labelManager":{"labels":[{"type":"textLabel","@id":125,"inputText":"1","labelStyle":4,"shape":null,"layoutText":null}],"mainLabel":125},"properties":{"id":"78017b627d942bb080afae3d390a7270"},"orientationAtVertex":"FREE","reference":null},{"type":"port","@id":126,"shape":{"type":"rect","xposition":"NaN","yposition":"NaN","width":"NaN","height":"NaN","shapeStyle":2},"labelManager":{"labels":[{"type":"textLabel","@id":127,"inputText":"2","labelStyle":4,"shape":null,"layoutText":null}],"mainLabel":127},"properties":{"id":"aeef165fb03a2be6822d45fd97a4d77e"},"orientationAtVertex":"FREE","reference":null}],"properties":{},"reference":null}],"properties":{"id":"bbd17ba2702fbb99594df6eac68dcaaf","type":"device"},"reference":null},{"@id":128,"shape":{"type":"rect","xposition":"NaN","yposition":"NaN","width":"NaN","height":"NaN","shapeStyle":2},"labelManager":{"labels":[{"type":"textLabel","@id":129,"inputText":"Leonard","labelStyle":4,"shape":null,"layoutText":null}],"mainLabel":129},"portCompositions":[{"type":"portGroup","@id":130,"ordered":false,"portCompositions":[{"type":"port","@id":131,"shape":{"type":"rect","xposition":"NaN","yposition":"NaN","width":"NaN","height":"NaN","shapeStyle":2},"labelManager":{"labels":[{"type":"textLabel","@id":132,"inputText":"1","labelStyle":4,"shape":null,"layoutText":null}],"mainLabel":132},"properties":{"id":"bf90d32dde1a1d6383a3d789401ba980"},"orientationAtVertex":"FREE","reference":null},{"type":"port","@id":133,"shape":{"type":"rect","xposition":"NaN","yposition":"NaN","width":"NaN","height":"NaN","shapeStyle":2},"labelManager":{"labels":[{"type":"textLabel","@id":134,"inputText":"2","labelStyle":4,"shape":null,"layoutText":null}],"mainLabel":134},"properties":{"id":"4944b60f736f67218d21c9a4b1a3d6f5"},"orientationAtVertex":"FREE","reference":null}],"properties":{},"reference":null}],"properties":{"id":"60b9569afa976f907030cb11388519b4","type":"socket"},"reference":null},{"@id":135,"shape":{"type":"rect","xposition":"NaN","yposition":"NaN","width":"NaN","height":"NaN","shapeStyle":2},"labelManager":{"labels":[{"type":"textLabel","@id":136,"inputText":"Tom","labelStyle":4,"shape":null,"layoutText":null}],"mainLabel":136},"portCompositions":[{"type":"portGroup","@id":137,"ordered":false,"portCompositions":[{"type":"port","@id":138,"shape":{"type":"rect","xposition":"NaN","yposition":"NaN","width":"NaN","height":"NaN","shapeStyle":2},"labelManager":{"labels":[{"type":"textLabel","@id":139,"inputText":"1","labelStyle":4,"shape":null,"layoutText":null}],"mainLabel":139},"properties":{"id":"31d6d823e964bf7949e9c80b14edef9c"},"orientationAtVertex":"FREE","reference":null}],"properties":{},"reference":null}],"properties":{"id":"c88ea4ac0474d8226d0e1ab517796943","type":"plug"},"reference":null},{"@id":140,"shape":{"type":"rect","xposition":"NaN","yposition":"NaN","width":"NaN","height":"NaN","shapeStyle":2},"labelManager":{"labels":[{"type":"textLabel","@id":141,"inputText":"Alexander","labelStyle":4,"shape":null,"layoutText":null}],"mainLabel":141},"portCompositions":[{"type":"portGroup","@id":142,"ordered":false,"portCompositions":[{"type":"port","@id":143,"shape":{"type":"rect","xposition":"NaN","yposition":"NaN","width":"NaN","height":"NaN","shapeStyle":2},"labelManager":{"labels":[{"type":"textLabel","@id":144,"inputText":"1","labelStyle":4,"shape":null,"layoutText":null}],"mainLabel":144},"properties":{"id":"c0d4da776cef3e54ca7c1339c277118b"},"orientationAtVertex":"FREE","reference":null}],"properties":{},"reference":null}],"properties":{"id":"3cd3dc4d2175e6c83771c3332af63b57","type":"plug"},"reference":null},{"@id":145,"shape":{"type":"rect","xposition":"NaN","yposition":"NaN","width":"NaN","height":"NaN","shapeStyle":2},"labelManager":{"labels":[{"type":"textLabel","@id":146,"inputText":"Joel","labelStyle":4,"shape":null,"layoutText":null}],"mainLabel":146},"portCompositions":[{"type":"portGroup","@id":147,"ordered":false,"portCompositions":[{"type":"port","@id":148,"shape":{"type":"rect","xposition":"NaN","yposition":"NaN","width":"NaN","height":"NaN","shapeStyle":2},"labelManager":{"labels":[{"type":"textLabel","@id":149,"inputText":"1","labelStyle":4,"shape":null,"layoutText":null}],"mainLabel":149},"properties":{"id":"ffb0ba79903c8aeb19dd7f165cd7e1c7"},"orientationAtVertex":"FREE","reference":null},{"type":"port","@id":150,"shape":{"type":"rect","xposition":"NaN","yposition":"NaN","width":"NaN","height":"NaN","shapeStyle":2},"labelManager":{"labels":[{"type":"textLabel","@id":151,"inputText":"4","labelStyle":4,"shape":null,"layoutText":null}],"mainLabel":151},"properties":{"id":"42b306920db367e4a3acb5715e89f0f1"},"orientationAtVertex":"FREE","reference":null},{"type":"port","@id":152,"shape":{"type":"rect","xposition":"NaN","yposition":"NaN","width":"NaN","height":"NaN","shapeStyle":2},"labelManager":{"labels":[{"type":"textLabel","@id":153,"inputText":"2","labelStyle":4,"shape":null,"layoutText":null}],"mainLabel":153},"properties":{"id":"cae715a12d80f7d716967c8e7c2bb205"},"orientationAtVertex":"FREE","reference":null},{"type":"port","@id":154,"shape":{"type":"rect","xposition":"NaN","yposition":"NaN","width":"NaN","height":"NaN","shapeStyle":2},"labelManager":{"labels":[{"type":"textLabel","@id":155,"inputText":"3","labelStyle":4,"shape":null,"layoutText":null}],"mainLabel":155},"properties":{"id":"973a2bad665d3c595067d491505fcd2a"},"orientationAtVertex":"FREE","reference":null}],"properties":{},"reference":null}],"properties":{"id":"b3f355092880a1e5a79d0cba59f21327","type":"plug"},"reference":null},{"@id":156,"shape":{"type":"rect","xposition":"NaN","yposition":"NaN","width":"NaN","height":"NaN","shapeStyle":2},"labelManager":{"labels":[{"type":"textLabel","@id":157,"inputText":"Maximilian","labelStyle":4,"shape":null,"layoutText":null}],"mainLabel":157},"portCompositions":[{"type":"portGroup","@id":158,"ordered":false,"portCompositions":[{"type":"port","@id":159,"shape":{"type":"rect","xposition":"NaN","yposition":"NaN","width":"NaN","height":"NaN","shapeStyle":2},"labelManager":{"labels":[{"type":"textLabel","@id":160,"inputText":"1","labelStyle":4,"shape":null,"layoutText":null}],"mainLabel":160},"properties":{"id":"e004b3e490b03d78587f5ca32c8ae384"},"orientationAtVertex":"FREE","reference":null},{"type":"port","@id":161,"shape":{"type":"rect","xposition":"NaN","yposition":"NaN","width":"NaN","height":"NaN","shapeStyle":2},"labelManager":{"labels":[{"type":"textLabel","@id":162,"inputText":"4","labelStyle":4,"shape":null,"layoutText":null}],"mainLabel":162},"properties":{"id":"d8b39326c9b88e16fe454dd51402b627"},"orientationAtVertex":"FREE","reference":null},{"type":"port","@id":163,"shape":{"type":"rect","xposition":"NaN","yposition":"NaN","width":"NaN","height":"NaN","shapeStyle":2},"labelManager":{"labels":[{"type":"textLabel","@id":164,"inputText":"2","labelStyle":4,"shape":null,"layoutText":null}],"mainLabel":164},"properties":{"id":"3d61bdb8d001107907cbbf98cbf8add3"},"orientationAtVertex":"FREE","reference":null},{"type":"port","@id":165,"shape":{"type":"rect","xposition":"NaN","yposition":"NaN","width":"NaN","height":"NaN","shapeStyle":2},"labelManager":{"labels":[{"type":"textLabel","@id":166,"inputText":"3","labelStyle":4,"shape":null,"layoutText":null}],"mainLabel":166},"properties":{"id":"8ac356eed8905c007491f27db44ab854"},"orientationAtVertex":"FREE","reference":null}],"properties":{},"reference":null}],"properties":{"id":"0ba871e07f351377b47d0e0761617029","type":"plug"},"reference":null},{"@id":167,"shape":{"type":"rect","xposition":"NaN","yposition":"NaN","width":"NaN","height":"NaN","shapeStyle":2},"labelManager":{"labels":[{"type":"textLabel","@id":168,"inputText":"Simon","labelStyle":4,"shape":null,"layoutText":null}],"mainLabel":168},"portCompositions":[{"type":"port","@id":169,"shape":{"type":"rect","xposition":"NaN","yposition":"NaN","width":"NaN","height":"NaN","shapeStyle":2},"labelManager":{"labels":[{"type":"textLabel","@id":170,"inputText":"1","labelStyle":4,"shape":null,"layoutText":null}],"mainLabel":170},"properties":{"id":"757abcdbf793179652d5a728a8b0e5a6"},"orientationAtVertex":"FREE","reference":null}],"properties":{"id":"861dbde96799b3717eecaa4223100857","type":"splice"},"reference":null},{"@id":171,"shape":{"type":"rect","xposition":"NaN","yposition":"NaN","width":"NaN","height":"NaN","shapeStyle":2},"labelManager":{"labels":[{"type":"textLabel","@id":172,"inputText":"Peter","labelStyle":4,"shape":null,"layoutText":null}],"mainLabel":172},"portCompositions":[{"type":"port","@id":173,"shape":{"type":"rect","xposition":"NaN","yposition":"NaN","width":"NaN","height":"NaN","shapeStyle":2},"labelManager":{"labels":[{"type":"textLabel","@id":174,"inputText":"1","labelStyle":4,"shape":null,"layoutText":null}],"mainLabel":174},"properties":{"id":"f2887d31abd18ccf7f120ad40734ba1b"},"orientationAtVertex":"FREE","reference":null}],"properties":{"id":"33049998552a845cb200e723ee83142c","type":"splice"},"reference":null},{"@id":175,"shape":{"type":"rect","xposition":"NaN","yposition":"NaN","width":"NaN","height":"NaN","shapeStyle":2},"labelManager":{"labels":[{"type":"textLabel","@id":176,"inputText":"Max","labelStyle":4,"shape":null,"layoutText":null}],"mainLabel":176},"portCompositions":[{"type":"portGroup","@id":177,"ordered":false,"portCompositions":[{"type":"port","@id":178,"shape":{"type":"rect","xposition":"NaN","yposition":"NaN","width":"NaN","height":"NaN","shapeStyle":2},"labelManager":{"labels":[{"type":"textLabel","@id":179,"inputText":"3","labelStyle":4,"shape":null,"layoutText":null}],"mainLabel":179},"properties":{"id":"4766bd04b9c8626e5af5a9ce67c60780"},"orientationAtVertex":"FREE","reference":null},{"type":"port","@id":180,"shape":{"type":"rect","xposition":"NaN","yposition":"NaN","width":"NaN","height":"NaN","shapeStyle":2},"labelManager":{"labels":[{"type":"textLabel","@id":181,"inputText":"1","labelStyle":4,"shape":null,"layoutText":null}],"mainLabel":181},"properties":{"id":"facb26721161ca0adce0f5dcb7079a8a"},"orientationAtVertex":"FREE","reference":null},{"type":"port","@id":182,"shape":{"type":"rect","xposition":"NaN","yposition":"NaN","width":"NaN","height":"NaN","shapeStyle":2},"labelManager":{"labels":[{"type":"textLabel","@id":183,"inputText":"2","labelStyle":4,"shape":null,"layoutText":null}],"mainLabel":183},"properties":{"id":"4bf7361a8fb381ec66ad89b4d82ffaab"},"orientationAtVertex":"FREE","reference":null}],"properties":{},"reference":null}],"properties":{"id":"734b3d2672994d537e8434bd4c0ea74e","type":"plug"},"reference":null},{"@id":184,"shape":{"type":"rect","xposition":"NaN","yposition":"NaN","width":"NaN","height":"NaN","shapeStyle":2},"labelManager":{"labels":[{"type":"textLabel","@id":185,"inputText":"Lukas","labelStyle":4,"shape":null,"layoutText":null}],"mainLabel":185},"portCompositions":[{"type":"portGroup","@id":186,"ordered":false,"portCompositions":[{"type":"port","@id":187,"shape":{"type":"rect","xposition":"NaN","yposition":"NaN","width":"NaN","height":"NaN","shapeStyle":2},"labelManager":{"labels":[{"type":"textLabel","@id":188,"inputText":"3","labelStyle":4,"shape":null,"layoutText":null}],"mainLabel":188},"properties":{"id":"0d9b1256b774b6c1e44adef8b193bcd8"},"orientationAtVertex":"FREE","reference":null},{"type":"port","@id":189,"shape":{"type":"rect","xposition":"NaN","yposition":"NaN","width":"NaN","height":"NaN","shapeStyle":2},"labelManager":{"labels":[{"type":"textLabel","@id":190,"inputText":"1","labelStyle":4,"shape":null,"layoutText":null}],"mainLabel":190},"properties":{"id":"af759e19c29a2b5718c0bfa4fa754a1d"},"orientationAtVertex":"FREE","reference":null},{"type":"port","@id":191,"shape":{"type":"rect","xposition":"NaN","yposition":"NaN","width":"NaN","height":"NaN","shapeStyle":2},"labelManager":{"labels":[{"type":"textLabel","@id":192,"inputText":"2","labelStyle":4,"shape":null,"layoutText":null}],"mainLabel":192},"properties":{"id":"17def82433f68dae4f3a61c035c951d5"},"orientationAtVertex":"FREE","reference":null}],"properties":{},"reference":null}],"properties":{"id":"00edd81b5ecfe75aaa7932d1e659da66","type":"plug"},"reference":null},{"@id":193,"shape":{"type":"rect","xposition":"NaN","yposition":"NaN","width":"NaN","height":"NaN","shapeStyle":2},"labelManager":{"labels":[{"type":"textLabel","@id":194,"inputText":"Gabriel","labelStyle":4,"shape":null,"layoutText":null}],"mainLabel":194},"portCompositions":[{"type":"port","@id":195,"shape":{"type":"rect","xposition":"NaN","yposition":"NaN","width":"NaN","height":"NaN","shapeStyle":2},"labelManager":{"labels":[{"type":"textLabel","@id":196,"inputText":"1","labelStyle":4,"shape":null,"layoutText":null}],"mainLabel":196},"properties":{"id":"b7bfd269a80b9f865fb3520ef97741b6"},"orientationAtVertex":"FREE","reference":null}],"properties":{"id":"1a516ab2db796fbf66169015ea35bda4","type":"splice"},"reference":null},{"@id":197,"shape":{"type":"rect","xposition":"NaN","yposition":"NaN","width":"NaN","height":"NaN","shapeStyle":2},"labelManager":{"labels":[{"type":"textLabel","@id":198,"inputText":"Paul","labelStyle":4,"shape":null,"layoutText":null}],"mainLabel":198},"portCompositions":[{"type":"portGroup","@id":199,"ordered":false,"portCompositions":[{"type":"port","@id":200,"shape":{"type":"rect","xposition":"NaN","yposition":"NaN","width":"NaN","height":"NaN","shapeStyle":2},"labelManager":{"labels":[{"type":"textLabel","@id":201,"inputText":"1","labelStyle":4,"shape":null,"layoutText":null}],"mainLabel":201},"properties":{"id":"59ef24cebd5ed7e0a57273bab0b263ac"},"orientationAtVertex":"FREE","reference":null},{"type":"port","@id":202,"shape":{"type":"rect","xposition":"NaN","yposition":"NaN","width":"NaN","height":"NaN","shapeStyle":2},"labelManager":{"labels":[{"type":"textLabel","@id":203,"inputText":"2","labelStyle":4,"shape":null,"layoutText":null}],"mainLabel":203},"properties":{"id":"75440bc865d53cd6ad3c639d8c2830ba"},"orientationAtVertex":"FREE","reference":null}],"properties":{},"reference":null}],"properties":{"id":"f5ac2fc13ef8013d43a8386ba2078844","type":"plug"},"reference":null},{"@id":204,"shape":{"type":"rect","xposition":"NaN","yposition":"NaN","width":"NaN","height":"NaN","shapeStyle":2},"labelManager":{"labels":[{"type":"textLabel","@id":205,"inputText":"Henry","labelStyle":4,"shape":null,"layoutText":null}],"mainLabel":205},"portCompositions":[{"type":"portGroup","@id":206,"ordered":false,"portCompositions":[{"type":"port","@id":207,"shape":{"type":"rect","xposition":"NaN","yposition":"NaN","width":"NaN","height":"NaN","shapeStyle":2},"labelManager":{"labels":[{"type":"textLabel","@id":208,"inputText":"1","labelStyle":4,"shape":null,"layoutText":null}],"mainLabel":208},"properties":{"id":"d8697b907963912a311c31a827d9fe18"},"orientationAtVertex":"FREE","reference":null},{"type":"port","@id":209,"shape":{"type":"rect","xposition":"NaN","yposition":"NaN","width":"NaN","height":"NaN","shapeStyle":2},"labelManager":{"labels":[{"type":"textLabel","@id":210,"inputText":"2","labelStyle":4,"shape":null,"layoutText":null}],"mainLabel":210},"properties":{"id":"e1aa8da2166fb2c6eb591faa6bdc7ade"},"orientationAtVertex":"FREE","reference":null}],"properties":{},"reference":null}],"properties":{"id":"f11e743505dddfb6820404e3a8c2c74f","type":"plug"},"reference":null},{"@id":211,"shape":{"type":"rect","xposition":"NaN","yposition":"NaN","width":"NaN","height":"NaN","shapeStyle":2},"labelManager":{"labels":[{"type":"textLabel","@id":212,"inputText":"Jakob","labelStyle":4,"shape":null,"layoutText":null}],"mainLabel":212},"portCompositions":[{"type":"portGroup","@id":213,"ordered":false,"portCompositions":[{"type":"port","@id":214,"shape":{"type":"rect","xposition":"NaN","yposition":"NaN","width":"NaN","height":"NaN","shapeStyle":2},"labelManager":{"labels":[{"type":"textLabel","@id":215,"inputText":"2","labelStyle":4,"shape":null,"layoutText":null}],"mainLabel":215},"properties":{"id":"e01d34f1425187da36691d04e1444ff5"},"orientationAtVertex":"FREE","reference":null},{"type":"port","@id":216,"shape":{"type":"rect","xposition":"NaN","yposition":"NaN","width":"NaN","height":"NaN","shapeStyle":2},"labelManager":{"labels":[{"type":"textLabel","@id":217,"inputText":"1","labelStyle":4,"shape":null,"layoutText":null}],"mainLabel":217},"properties":{"id":"908c56d9d48dda98fc399b41b14c77ef"},"orientationAtVertex":"FREE","reference":null}],"properties":{},"reference":null}],"properties":{"id":"f957626fabaa5f26637971d9dd23ef0f","type":"plug"},"reference":null},{"@id":218,"shape":{"type":"rect","xposition":"NaN","yposition":"NaN","width":"NaN","height":"NaN","shapeStyle":2},"labelManager":{"labels":[{"type":"textLabel","@id":219,"inputText":"Jonas","labelStyle":4,"shape":null,"layoutText":null}],"mainLabel":219},"portCompositions":[{"type":"portGroup","@id":220,"ordered":false,"portCompositions":[{"type":"port","@id":221,"shape":{"type":"rect","xposition":"NaN","yposition":"NaN","width":"NaN","height":"NaN","shapeStyle":2},"labelManager":{"labels":[{"type":"textLabel","@id":222,"inputText":"2","labelStyle":4,"shape":null,"layoutText":null}],"mainLabel":222},"properties":{"id":"25856b6c33693240171f2860d55decfe"},"orientationAtVertex":"FREE","reference":null},{"type":"port","@id":223,"shape":{"type":"rect","xposition":"NaN","yposition":"NaN","width":"NaN","height":"NaN","shapeStyle":2},"labelManager":{"labels":[{"type":"textLabel","@id":224,"inputText":"1","labelStyle":4,"shape":null,"layoutText":null}],"mainLabel":224},"properties":{"id":"544869b4284ba2d0d76b37d7b3997807"},"orientationAtVertex":"FREE","reference":null}],"properties":{},"reference":null}],"properties":{"id":"02c7370ea7bf3715912438b146d9e8ce","type":"plug"},"reference":null},{"@id":225,"shape":{"type":"rect","xposition":"NaN","yposition":"NaN","width":"NaN","height":"NaN","shapeStyle":2},"labelManager":{"labels":[{"type":"textLabel","@id":226,"inputText":"Samuel","labelStyle":4,"shape":null,"layoutText":null}],"mainLabel":226},"portCompositions":[{"type":"portGroup","@id":227,"ordered":false,"portCompositions":[{"type":"port","@id":228,"shape":{"type":"rect","xposition":"NaN","yposition":"NaN","width":"NaN","height":"NaN","shapeStyle":2},"labelManager":{"labels":[{"type":"textLabel","@id":229,"inputText":"1","labelStyle":4,"shape":null,"layoutText":null}],"mainLabel":229},"properties":{"id":"af6731df1c42d11299c935be1214b6ce"},"orientationAtVertex":"FREE","reference":null},{"type":"port","@id":230,"shape":{"type":"rect","xposition":"NaN","yposition":"NaN","width":"NaN","height":"NaN","shapeStyle":55},"labelManager":{"labels":[{"type":"textLabel","@id":231,"inputText":"3","labelStyle":57,"shape":null,"layoutText":null}],"mainLabel":231},"properties":{},"orientationAtVertex":"FREE","reference":null},{"type":"port","@id":232,"shape":{"type":"rect","xposition":"NaN","yposition":"NaN","width":"NaN","height":"NaN","shapeStyle":55},"labelManager":{"labels":[{"type":"textLabel","@id":233,"inputText":"2","labelStyle":57,"shape":null,"layoutText":null}],"mainLabel":233},"properties":{},"orientationAtVertex":"FREE","reference":null}],"properties":{},"reference":null}],"properties":{"id":"72b7ef5ab405cd5fd952d53d657f9ed8","type":"device"},"reference":null},{"@id":234,"shape":{"type":"rect","xposition":"NaN","yposition":"NaN","width":"NaN","height":"NaN","shapeStyle":2},"labelManager":{"labels":[{"type":"textLabel","@id":235,"inputText":"Mats","labelStyle":4,"shape":null,"layoutText":null}],"mainLabel":235},"portCompositions":[{"type":"portGroup","@id":236,"ordered":false,"portCompositions":[{"type":"port","@id":237,"shape":{"type":"rect","xposition":"NaN","yposition":"NaN","width":"NaN","height":"NaN","shapeStyle":2},"labelManager":{"labels":[{"type":"textLabel","@id":238,"inputText":"1","labelStyle":4,"shape":null,"layoutText":null}],"mainLabel":238},"properties":{"id":"48e7163e7d869c5df9fda1d9e7a439fb"},"orientationAtVertex":"FREE","reference":null}],"properties":{},"reference":null}],"properties":{"id":"3e1ab138fb2cd32978e8fa46731e4944","type":"socket"},"reference":null},{"@id":239,"shape":{"type":"rect","xposition":"NaN","yposition":"NaN","width":"NaN","height":"NaN","shapeStyle":2},"labelManager":{"labels":[{"type":"textLabel","@id":240,"inputText":"Vincent","labelStyle":4,"shape":null,"layoutText":null}],"mainLabel":240},"portCompositions":[{"type":"portGroup","@id":241,"ordered":false,"portCompositions":[{"type":"port","@id":242,"shape":{"type":"rect","xposition":"NaN","yposition":"NaN","width":"NaN","height":"NaN","shapeStyle":2},"labelManager":{"labels":[{"type":"textLabel","@id":243,"inputText":"1","labelStyle":4,"shape":null,"layoutText":null}],"mainLabel":243},"properties":{"id":"85162fe9b7c7e61ddb2c3bf96cf0a48d"},"orientationAtVertex":"FREE","reference":null}],"properties":{},"reference":null}],"properties":{"id":"9b719da2effd2db97613884aa2a1111e","type":"plug"},"reference":null},{"@id":244,"shape":{"type":"rect","xposition":"NaN","yposition":"NaN","width":"NaN","height":"NaN","shapeStyle":2},"labelManager":{"labels":[{"type":"textLabel","@id":245,"inputText":"David","labelStyle":4,"shape":null,"layoutText":null}],"mainLabel":245},"portCompositions":[{"type":"portGroup","@id":246,"ordered":false,"portCompositions":[{"type":"port","@id":247,"shape":{"type":"rect","xposition":"NaN","yposition":"NaN","width":"NaN","height":"NaN","shapeStyle":2},"labelManager":{"labels":[{"type":"textLabel","@id":248,"inputText":"1","labelStyle":4,"shape":null,"layoutText":null}],"mainLabel":248},"properties":{"id":"b40ae518bc8118ad744b145efae6145a"},"orientationAtVertex":"FREE","reference":null}],"properties":{},"reference":null}],"properties":{"id":"8ef3cf7c17e12b019cff195c1575ccbb","type":"plug"},"reference":null},{"@id":249,"shape":{"type":"rect","xposition":"NaN","yposition":"NaN","width":"NaN","height":"NaN","shapeStyle":2},"labelManager":{"labels":[{"type":"textLabel","@id":250,"inputText":"Moritz","labelStyle":4,"shape":null,"layoutText":null}],"mainLabel":250},"portCompositions":[{"type":"portGroup","@id":251,"ordered":false,"portCompositions":[{"type":"port","@id":252,"shape":{"type":"rect","xposition":"NaN","yposition":"NaN","width":"NaN","height":"NaN","shapeStyle":2},"labelManager":{"labels":[{"type":"textLabel","@id":253,"inputText":"2","labelStyle":4,"shape":null,"layoutText":null}],"mainLabel":253},"properties":{"id":"ee8b660e095dec0727de1530deef1498"},"orientationAtVertex":"FREE","reference":null},{"type":"port","@id":254,"shape":{"type":"rect","xposition":"NaN","yposition":"NaN","width":"NaN","height":"NaN","shapeStyle":2},"labelManager":{"labels":[{"type":"textLabel","@id":255,"inputText":"4","labelStyle":4,"shape":null,"layoutText":null}],"mainLabel":255},"properties":{"id":"c38fba2d436b1ace40d37c6abe53eff4"},"orientationAtVertex":"FREE","reference":null},{"type":"port","@id":256,"shape":{"type":"rect","xposition":"NaN","yposition":"NaN","width":"NaN","height":"NaN","shapeStyle":2},"labelManager":{"labels":[{"type":"textLabel","@id":257,"inputText":"1","labelStyle":4,"shape":null,"layoutText":null}],"mainLabel":257},"properties":{"id":"d22a7bc2afe77946a4f2243c6c55154b"},"orientationAtVertex":"FREE","reference":null},{"type":"port","@id":258,"shape":{"type":"rect","xposition":"NaN","yposition":"NaN","width":"NaN","height":"NaN","shapeStyle":55},"labelManager":{"labels":[{"type":"textLabel","@id":259,"inputText":"3","labelStyle":57,"shape":null,"layoutText":null}],"mainLabel":259},"properties":{},"orientationAtVertex":"FREE","reference":null}],"properties":{},"reference":null}],"properties":{"id":"229eab46a12857fda8ca63061e0ec5db","type":"plug"},"reference":null},{"@id":260,"shape":{"type":"rect","xposition":"NaN","yposition":"NaN","width":"NaN","height":"NaN","shapeStyle":2},"labelManager":{"labels":[{"type":"textLabel","@id":261,"inputText":"Jonathan","labelStyle":4,"shape":null,"layoutText":null}],"mainLabel":261},"portCompositions":[{"type":"portGroup","@id":262,"ordered":false,"portCompositions":[{"type":"port","@id":263,"shape":{"type":"rect","xposition":"NaN","yposition":"NaN","width":"NaN","height":"NaN","shapeStyle":2},"labelManager":{"labels":[{"type":"textLabel","@id":264,"inputText":"2","labelStyle":4,"shape":null,"layoutText":null}],"mainLabel":264},"properties":{"id":"41ca9ec50d1db070469c95d8be23c69a"},"orientationAtVertex":"FREE","reference":null},{"type":"port","@id":265,"shape":{"type":"rect","xposition":"NaN","yposition":"NaN","width":"NaN","height":"NaN","shapeStyle":2},"labelManager":{"labels":[{"type":"textLabel","@id":266,"inputText":"4","labelStyle":4,"shape":null,"layoutText":null}],"mainLabel":266},"properties":{"id":"a92e3b3c1d2bca5ee80e67f2d31003fd"},"orientationAtVertex":"FREE","reference":null},{"type":"port","@id":267,"shape":{"type":"rect","xposition":"NaN","yposition":"NaN","width":"NaN","height":"NaN","shapeStyle":2},"labelManager":{"labels":[{"type":"textLabel","@id":268,"inputText":"1","labelStyle":4,"shape":null,"layoutText":null}],"mainLabel":268},"properties":{"id":"ca6179e2bab56b2f65f8e2f817dc66e9"},"orientationAtVertex":"FREE","reference":null},{"type":"port","@id":269,"shape":{"type":"rect","xposition":"NaN","yposition":"NaN","width":"NaN","height":"NaN","shapeStyle":55},"labelManager":{"labels":[{"type":"textLabel","@id":270,"inputText":"3","labelStyle":57,"shape":null,"layoutText":null}],"mainLabel":270},"properties":{},"orientationAtVertex":"FREE","reference":null}],"properties":{},"reference":null}],"properties":{"id":"aca782e1aa84a19244bfaad2f9517815","type":"plug"},"reference":null},{"@id":271,"shape":{"type":"rect","xposition":"NaN","yposition":"NaN","width":"NaN","height":"NaN","shapeStyle":2},"labelManager":{"labels":[{"type":"textLabel","@id":272,"inputText":"Daniel","labelStyle":4,"shape":null,"layoutText":null}],"mainLabel":272},"portCompositions":[{"type":"port","@id":273,"shape":{"type":"rect","xposition":"NaN","yposition":"NaN","width":"NaN","height":"NaN","shapeStyle":2},"labelManager":{"labels":[{"type":"textLabel","@id":274,"inputText":"1","labelStyle":4,"shape":null,"layoutText":null}],"mainLabel":274},"properties":{"id":"7b51de8239265708bfe25a8bf64102c3"},"orientationAtVertex":"FREE","reference":null}],"properties":{"id":"b916f1206234f7c5230c2711c975be9d","type":"splice"},"reference":null},{"@id":275,"shape":{"type":"rect","xposition":"NaN","yposition":"NaN","width":"NaN","height":"NaN","shapeStyle":2},"labelManager":{"labels":[{"type":"textLabel","@id":276,"inputText":"Benjamin","labelStyle":4,"shape":null,"layoutText":null}],"mainLabel":276},"portCompositions":[{"type":"portGroup","@id":277,"ordered":false,"portCompositions":[{"type":"port","@id":278,"shape":{"type":"rect","xposition":"NaN","yposition":"NaN","width":"NaN","height":"NaN","shapeStyle":2},"labelManager":{"labels":[{"type":"textLabel","@id":279,"inputText":"6","labelStyle":4,"shape":null,"layoutText":null}],"mainLabel":279},"properties":{"id":"f19afe463015d2b8373971139e169a83"},"orientationAtVertex":"FREE","reference":null},{"type":"port","@id":280,"shape":{"type":"rect","xposition":"NaN","yposition":"NaN","width":"NaN","height":"NaN","shapeStyle":2},"labelManager":{"labels":[{"type":"textLabel","@id":281,"inputText":"2","labelStyle":4,"shape":null,"layoutText":null}],"mainLabel":281},"properties":{"id":"01239037ee1e1b4b03a46ba0d14ff019"},"orientationAtVertex":"FREE","reference":null},{"type":"port","@id":282,"shape":{"type":"rect","xposition":"NaN","yposition":"NaN","width":"NaN","height":"NaN","shapeStyle":2},"labelManager":{"labels":[{"type":"textLabel","@id":283,"inputText":"4","labelStyle":4,"shape":null,"layoutText":null}],"mainLabel":283},"properties":{"id":"a6a2e013ba1873cbf1d2897c45d9b7ff"},"orientationAtVertex":"FREE","reference":null},{"type":"port","@id":284,"shape":{"type":"rect","xposition":"NaN","yposition":"NaN","width":"NaN","height":"NaN","shapeStyle":2},"labelManager":{"labels":[{"type":"textLabel","@id":285,"inputText":"9","labelStyle":4,"shape":null,"layoutText":null}],"mainLabel":285},"properties":{"id":"eefd8202ba5316ab33d84423303250de"},"orientationAtVertex":"FREE","reference":null},{"type":"port","@id":286,"shape":{"type":"rect","xposition":"NaN","yposition":"NaN","width":"NaN","height":"NaN","shapeStyle":2},"labelManager":{"labels":[{"type":"textLabel","@id":287,"inputText":"5","labelStyle":4,"shape":null,"layoutText":null}],"mainLabel":287},"properties":{"id":"90d4def238d9174f089b209e14b590c0"},"orientationAtVertex":"FREE","reference":null},{"type":"port","@id":288,"shape":{"type":"rect","xposition":"NaN","yposition":"NaN","width":"NaN","height":"NaN","shapeStyle":2},"labelManager":{"labels":[{"type":"textLabel","@id":289,"inputText":"3","labelStyle":4,"shape":null,"layoutText":null}],"mainLabel":289},"properties":{"id":"6bf574a6b339fe0589ba3da610c18026"},"orientationAtVertex":"FREE","reference":null},{"type":"port","@id":290,"shape":{"type":"rect","xposition":"NaN","yposition":"NaN","width":"NaN","height":"NaN","shapeStyle":2},"labelManager":{"labels":[{"type":"textLabel","@id":291,"inputText":"7","labelStyle":4,"shape":null,"layoutText":null}],"mainLabel":291},"properties":{"id":"aa2602e1bd4d2f7de0c4887f9bb77234"},"orientationAtVertex":"FREE","reference":null},{"type":"port","@id":292,"shape":{"type":"rect","xposition":"NaN","yposition":"NaN","width":"NaN","height":"NaN","shapeStyle":2},"labelManager":{"labels":[{"type":"textLabel","@id":293,"inputText":"1","labelStyle":4,"shape":null,"layoutText":null}],"mainLabel":293},"properties":{"id":"a5f165d5653d17a349abf0534d087a61"},"orientationAtVertex":"FREE","reference":null},{"type":"port","@id":294,"shape":{"type":"rect","xposition":"NaN","yposition":"NaN","width":"NaN","height":"NaN","shapeStyle":55},"labelManager":{"labels":[{"type":"textLabel","@id":295,"inputText":"8","labelStyle":57,"shape":null,"layoutText":null}],"mainLabel":295},"properties":{},"orientationAtVertex":"FREE","reference":null}],"properties":{},"reference":null}],"properties":{"id":"4d8f77c210a353a6e00b26a125abc75a","type":"device"},"reference":null},{"@id":296,"shape":{"type":"rect","xposition":"NaN","yposition":"NaN","width":"NaN","height":"NaN","shapeStyle":2},"labelManager":{"labels":[{"type":"textLabel","@id":297,"inputText":"Oskar","labelStyle":4,"shape":null,"layoutText":null}],"mainLabel":297},"portCompositions":[{"type":"portGroup","@id":298,"ordered":false,"portCompositions":[{"type":"port","@id":299,"shape":{"type":"rect","xposition":"NaN","yposition":"NaN","width":"NaN","height":"NaN","shapeStyle":2},"labelManager":{"labels":[{"type":"textLabel","@id":300,"inputText":"6","labelStyle":4,"shape":null,"layoutText":null}],"mainLabel":300},"properties":{"id":"453d1eb87d9008117727ee39d81561d4"},"orientationAtVertex":"FREE","reference":null},{"type":"port","@id":301,"shape":{"type":"rect","xposition":"NaN","yposition":"NaN","width":"NaN","height":"NaN","shapeStyle":2},"labelManager":{"labels":[{"type":"textLabel","@id":302,"inputText":"2","labelStyle":4,"shape":null,"layoutText":null}],"mainLabel":302},"properties":{"id":"f01ff57e66a9f99dc64a12f6970d1360"},"orientationAtVertex":"FREE","reference":null},{"type":"port","@id":303,"shape":{"type":"rect","xposition":"NaN","yposition":"NaN","width":"NaN","height":"NaN","shapeStyle":2},"labelManager":{"labels":[{"type":"textLabel","@id":304,"inputText":"4","labelStyle":4,"shape":null,"layoutText":null}],"mainLabel":304},"properties":{"id":"3da09d118d8509266d1a1db2260094b3"},"orientationAtVertex":"FREE","reference":null},{"type":"port","@id":305,"shape":{"type":"rect","xposition":"NaN","yposition":"NaN","width":"NaN","height":"NaN","shapeStyle":2},"labelManager":{"labels":[{"type":"textLabel","@id":306,"inputText":"9","labelStyle":4,"shape":null,"layoutText":null}],"mainLabel":306},"properties":{"id":"24fc251a0bc54eeaabd0803c42e924fd"},"orientationAtVertex":"FREE","reference":null},{"type":"port","@id":307,"shape":{"type":"rect","xposition":"NaN","yposition":"NaN","width":"NaN","height":"NaN","shapeStyle":2},"labelManager":{"labels":[{"type":"textLabel","@id":308,"inputText":"5","labelStyle":4,"shape":null,"layoutText":null}],"mainLabel":308},"properties":{"id":"fccf760bb8a1ddf76c15489097a2ffa5"},"orientationAtVertex":"FREE","reference":null},{"type":"port","@id":309,"shape":{"type":"rect","xposition":"NaN","yposition":"NaN","width":"NaN","height":"NaN","shapeStyle":2},"labelManager":{"labels":[{"type":"textLabel","@id":310,"inputText":"3","labelStyle":4,"shape":null,"layoutText":null}],"mainLabel":310},"properties":{"id":"2109b8d5329fb633bbf36bcd4665f8f8"},"orientationAtVertex":"FREE","reference":null},{"type":"port","@id":311,"shape":{"type":"rect","xposition":"NaN","yposition":"NaN","width":"NaN","height":"NaN","shapeStyle":2},"labelManager":{"labels":[{"type":"textLabel","@id":312,"inputText":"7","labelStyle":4,"shape":null,"layoutText":null}],"mainLabel":312},"properties":{"id":"a38fe0e60b693f66e348fa79df503fb3"},"orientationAtVertex":"FREE","reference":null},{"type":"port","@id":313,"shape":{"type":"rect","xposition":"NaN","yposition":"NaN","width":"NaN","height":"NaN","shapeStyle":2},"labelManager":{"labels":[{"type":"textLabel","@id":314,"inputText":"1","labelStyle":4,"shape":null,"layoutText":null}],"mainLabel":314},"properties":{"id":"999513260c303dbddbf8e95f964e0089"},"orientationAtVertex":"FREE","reference":null},{"type":"port","@id":315,"shape":{"type":"rect","xposition":"NaN","yposition":"NaN","width":"NaN","height":"NaN","shapeStyle":55},"labelManager":{"labels":[{"type":"textLabel","@id":316,"inputText":"8","labelStyle":57,"shape":null,"layoutText":null}],"mainLabel":316},"properties":{},"orientationAtVertex":"FREE","reference":null}],"properties":{},"reference":null}],"properties":{"id":"f16f9808886380d980a7317819502406","type":"socket"},"reference":null},{"@id":317,"shape":{"type":"rect","xposition":"NaN","yposition":"NaN","width":"NaN","height":"NaN","shapeStyle":2},"labelManager":{"labels":[{"type":"textLabel","@id":318,"inputText":"Johannes","labelStyle":4,"shape":null,"layoutText":null}],"mainLabel":318},"portCompositions":[{"type":"port","@id":319,"shape":{"type":"rect","xposition":"NaN","yposition":"NaN","width":"NaN","height":"NaN","shapeStyle":2},"labelManager":{"labels":[{"type":"textLabel","@id":320,"inputText":"1","labelStyle":4,"shape":null,"layoutText":null}],"mainLabel":320},"properties":{"id":"5a62928ddbacdd58064ecb1f9cd44a42"},"orientationAtVertex":"FREE","reference":null}],"properties":{"id":"77d038a0579be409cc0c1699b2ed4350","type":"splice"},"reference":null},{"@id":321,"shape":{"type":"rect","xposition":"NaN","yposition":"NaN","width":"NaN","height":"NaN","shapeStyle":2},"labelManager":{"labels":[{"type":"textLabel","@id":322,"inputText":"Henri","labelStyle":4,"shape":null,"layoutText":null}],"mainLabel":322},"portCompositions":[{"type":"portGroup","@id":323,"ordered":false,"portCompositions":[],"properties":{},"reference":null},{"type":"portGroup","@id":324,"ordered":false,"portCompositions":[{"type":"port","@id":325,"shape":{"type":"rect","xposition":"NaN","yposition":"NaN","width":"NaN","height":"NaN","shapeStyle":2},"labelManager":{"labels":[{"type":"textLabel","@id":326,"inputText":"1","labelStyle":4,"shape":null,"layoutText":null}],"mainLabel":326},"properties":{"id":"317e56c1e1b02ba153b49f77fe3c2ebf"},"orientationAtVertex":"FREE","reference":null}],"properties":{},"reference":null}],"properties":{"id":"f0a9c942fcbb2cd5cff3d9b87d3cdf64","type":"device"},"reference":null},{"@id":327,"shape":{"type":"rect","xposition":"NaN","yposition":"NaN","width":"NaN","height":"NaN","shapeStyle":2},"labelManager":{"labels":[{"type":"textLabel","@id":328,"inputText":"Jan","labelStyle":4,"shape":null,"layoutText":null}],"mainLabel":328},"portCompositions":[{"type":"portGroup","@id":329,"ordered":false,"portCompositions":[{"type":"port","@id":330,"shape":{"type":"rect","xposition":"NaN","yposition":"NaN","width":"NaN","height":"NaN","shapeStyle":2},"labelManager":{"labels":[{"type":"textLabel","@id":331,"inputText":"1","labelStyle":4,"shape":null,"layoutText":null}],"mainLabel":331},"properties":{"id":"8f36ceeb5341bd4a265f184e1466e05d"},"orientationAtVertex":"FREE","reference":null}],"properties":{},"reference":null}],"properties":{"id":"bb195d512ad59841aba0d8c4a3f9bb58","type":"socket"},"reference":null},{"@id":332,"shape":{"type":"rect","xposition":"NaN","yposition":"NaN","width":"NaN","height":"NaN","shapeStyle":2},"labelManager":{"labels":[{"type":"textLabel","@id":333,"inputText":"Johann","labelStyle":4,"shape":null,"layoutText":null}],"mainLabel":333},"portCompositions":[{"type":"portGroup","@id":334,"ordered":false,"portCompositions":[{"type":"port","@id":335,"shape":{"type":"rect","xposition":"NaN","yposition":"NaN","width":"NaN","height":"NaN","shapeStyle":2},"labelManager":{"labels":[{"type":"textLabel","@id":336,"inputText":"3","labelStyle":4,"shape":null,"layoutText":null}],"mainLabel":336},"properties":{"id":"93fb92627b3990ff77e80fd0f1970539"},"orientationAtVertex":"FREE","reference":null},{"type":"port","@id":337,"shape":{"type":"rect","xposition":"NaN","yposition":"NaN","width":"NaN","height":"NaN","shapeStyle":2},"labelManager":{"labels":[{"type":"textLabel","@id":338,"inputText":"1","labelStyle":4,"shape":null,"layoutText":null}],"mainLabel":338},"properties":{"id":"f6326a9c6df0435cd56dbab138af128e"},"orientationAtVertex":"FREE","reference":null},{"type":"port","@id":339,"shape":{"type":"rect","xposition":"NaN","yposition":"NaN","width":"NaN","height":"NaN","shapeStyle":2},"labelManager":{"labels":[{"type":"textLabel","@id":340,"inputText":"4","labelStyle":4,"shape":null,"layoutText":null}],"mainLabel":340},"properties":{"id":"c7a40fa786007e70cb44901a718d824c"},"orientationAtVertex":"FREE","reference":null},{"type":"port","@id":341,"shape":{"type":"rect","xposition":"NaN","yposition":"NaN","width":"NaN","height":"NaN","shapeStyle":2},"labelManager":{"labels":[{"type":"textLabel","@id":342,"inputText":"5","labelStyle":4,"shape":null,"layoutText":null}],"mainLabel":342},"properties":{"id":"87db1ae28d98c0d369d7bb2dc50c7392"},"orientationAtVertex":"FREE","reference":null},{"type":"port","@id":343,"shape":{"type":"rect","xposition":"NaN","yposition":"NaN","width":"NaN","height":"NaN","shapeStyle":55},"labelManager":{"labels":[{"type":"textLabel","@id":344,"inputText":"2","labelStyle":57,"shape":null,"layoutText":null}],"mainLabel":344},"properties":{},"orientationAtVertex":"FREE","reference":null}],"properties":{},"reference":null}],"properties":{"id":"b377439986b46dc9b877575818fade86","type":"plug"},"reference":null},{"@id":345,"shape":{"type":"rect","xposition":"NaN","yposition":"NaN","width":"NaN","height":"NaN","shapeStyle":2},"labelManager":{"labels":[{"type":"textLabel","@id":346,"inputText":"Christian","labelStyle":4,"shape":null,"layoutText":null}],"mainLabel":346},"portCompositions":[{"type":"portGroup","@id":347,"ordered":false,"portCompositions":[{"type":"port","@id":348,"shape":{"type":"rect","xposition":"NaN","yposition":"NaN","width":"NaN","height":"NaN","shapeStyle":2},"labelManager":{"labels":[{"type":"textLabel","@id":349,"inputText":"3","labelStyle":4,"shape":null,"layoutText":null}],"mainLabel":349},"properties":{"id":"94f63b6b2adf6184c062c5e58faefd25"},"orientationAtVertex":"FREE","reference":null},{"type":"port","@id":350,"shape":{"type":"rect","xposition":"NaN","yposition":"NaN","width":"NaN","height":"NaN","shapeStyle":2},"labelManager":{"labels":[{"type":"textLabel","@id":351,"inputText":"1","labelStyle":4,"shape":null,"layoutText":null}],"mainLabel":351},"properties":{"id":"de668012ece78056a81561dfcd5f37b7"},"orientationAtVertex":"FREE","reference":null},{"type":"port","@id":352,"shape":{"type":"rect","xposition":"NaN","yposition":"NaN","width":"NaN","height":"NaN","shapeStyle":2},"labelManager":{"labels":[{"type":"textLabel","@id":353,"inputText":"4","labelStyle":4,"shape":null,"layoutText":null}],"mainLabel":353},"properties":{"id":"e68f165840d970183d000c93038c3c74"},"orientationAtVertex":"FREE","reference":null},{"type":"port","@id":354,"shape":{"type":"rect","xposition":"NaN","yposition":"NaN","width":"NaN","height":"NaN","shapeStyle":2},"labelManager":{"labels":[{"type":"textLabel","@id":355,"inputText":"5","labelStyle":4,"shape":null,"layoutText":null}],"mainLabel":355},"properties":{"id":"28bc762fc78c4bb05cd359987d687e46"},"orientationAtVertex":"FREE","reference":null},{"type":"port","@id":356,"shape":{"type":"rect","xposition":"NaN","yposition":"NaN","width":"NaN","height":"NaN","shapeStyle":55},"labelManager":{"labels":[{"type":"textLabel","@id":357,"inputText":"2","labelStyle":57,"shape":null,"layoutText":null}],"mainLabel":357},"properties":{},"orientationAtVertex":"FREE","reference":null}],"properties":{},"reference":null}],"properties":{"id":"9ad87bcfbd3bc181f5c1c67ea85cbdf8","type":"plug"},"reference":null},{"@id":358,"shape":{"type":"rect","xposition":"NaN","yposition":"NaN","width":"NaN","height":"NaN","shapeStyle":2},"labelManager":{"labels":[{"type":"textLabel","@id":359,"inputText":"Louis","labelStyle":4,"shape":null,"layoutText":null}],"mainLabel":359},"portCompositions":[{"type":"port","@id":360,"shape":{"type":"rect","xposition":"NaN","yposition":"NaN","width":"NaN","height":"NaN","shapeStyle":2},"labelManager":{"labels":[{"type":"textLabel","@id":361,"inputText":"1","labelStyle":4,"shape":null,"layoutText":null}],"mainLabel":361},"properties":{"id":"47cfecf68f430cd6fa7bdb9aedf765f7"},"orientationAtVertex":"FREE","reference":null}],"properties":{"id":"355ad9648bb48582edddb321be22ba9b","type":"splice"},"reference":null},{"@id":362,"shape":{"type":"rect","xposition":"NaN","yposition":"NaN","width":"NaN","height":"NaN","shapeStyle":2},"labelManager":{"labels":[{"type":"textLabel","@id":363,"inputText":"Liam","labelStyle":4,"shape":null,"layoutText":null}],"mainLabel":363},"portCompositions":[{"type":"port","@id":364,"shape":{"type":"rect","xposition":"NaN","yposition":"NaN","width":"NaN","height":"NaN","shapeStyle":2},"labelManager":{"labels":[{"type":"textLabel","@id":365,"inputText":"1","labelStyle":4,"shape":null,"layoutText":null}],"mainLabel":365},"properties":{"id":"7da571586ded6e44bf2d375a4f853743"},"orientationAtVertex":"FREE","reference":null}],"properties":{"id":"5109f80b52bb9c43bd634ed94802003c","type":"splice"},"reference":null},{"@id":366,"shape":{"type":"rect","xposition":"NaN","yposition":"NaN","width":"NaN","height":"NaN","shapeStyle":2},"labelManager":{"labels":[{"type":"textLabel","@id":367,"inputText":"Leo","labelStyle":4,"shape":null,"layoutText":null}],"mainLabel":367},"portCompositions":[{"type":"portGroup","@id":368,"ordered":false,"portCompositions":[{"type":"port","@id":369,"shape":{"type":"rect","xposition":"NaN","yposition":"NaN","width":"NaN","height":"NaN","shapeStyle":2},"labelManager":{"labels":[{"type":"textLabel","@id":370,"inputText":"2","labelStyle":4,"shape":null,"layoutText":null}],"mainLabel":370},"properties":{"id":"daaf153e6e63597538de94a63f32807c"},"orientationAtVertex":"FREE","reference":null},{"type":"port","@id":371,"shape":{"type":"rect","xposition":"NaN","yposition":"NaN","width":"NaN","height":"NaN","shapeStyle":55},"labelManager":{"labels":[{"type":"textLabel","@id":372,"inputText":"1","labelStyle":57,"shape":null,"layoutText":null}],"mainLabel":372},"properties":{},"orientationAtVertex":"FREE","reference":null}],"properties":{},"reference":null}],"properties":{"id":"154c00035ed5e82ca1c183d45a58ac8c","type":"device"},"reference":null},{"@id":373,"shape":{"type":"rect","xposition":"NaN","yposition":"NaN","width":"NaN","height":"NaN","shapeStyle":2},"labelManager":{"labels":[{"type":"textLabel","@id":374,"inputText":"Florian","labelStyle":4,"shape":null,"layoutText":null}],"mainLabel":374},"portCompositions":[{"type":"portGroup","@id":375,"ordered":false,"portCompositions":[{"type":"port","@id":376,"shape":{"type":"rect","xposition":"NaN","yposition":"NaN","width":"NaN","height":"NaN","shapeStyle":2},"labelManager":{"labels":[{"type":"textLabel","@id":377,"inputText":"2","labelStyle":4,"shape":null,"layoutText":null}],"mainLabel":377},"properties":{"id":"636f493c478cad552e147957614cfa08"},"orientationAtVertex":"FREE","reference":null},{"type":"port","@id":378,"shape":{"type":"rect","xposition":"NaN","yposition":"NaN","width":"NaN","height":"NaN","shapeStyle":55},"labelManager":{"labels":[{"type":"textLabel","@id":379,"inputText":"1","labelStyle":57,"shape":null,"layoutText":null}],"mainLabel":379},"properties":{},"orientationAtVertex":"FREE","reference":null}],"properties":{},"reference":null}],"properties":{"id":"23904634e49c501452670708ccc24bde","type":"socket"},"reference":null},{"@id":380,"shape":{"type":"rect","xposition":"NaN","yposition":"NaN","width":"NaN","height":"NaN","shapeStyle":2},"labelManager":{"labels":[{"type":"textLabel","@id":381,"inputText":"Luca","labelStyle":4,"shape":null,"layoutText":null}],"mainLabel":381},"portCompositions":[{"type":"portGroup","@id":382,"ordered":false,"portCompositions":[{"type":"port","@id":383,"shape":{"type":"rect","xposition":"NaN","yposition":"NaN","width":"NaN","height":"NaN","shapeStyle":2},"labelManager":{"labels":[{"type":"textLabel","@id":384,"inputText":"3","labelStyle":4,"shape":null,"layoutText":null}],"mainLabel":384},"properties":{"id":"9d52fd2eb68d7009e737f4aa45c300dc"},"orientationAtVertex":"FREE","reference":null},{"type":"port","@id":385,"shape":{"type":"rect","xposition":"NaN","yposition":"NaN","width":"NaN","height":"NaN","shapeStyle":2},"labelManager":{"labels":[{"type":"textLabel","@id":386,"inputText":"2","labelStyle":4,"shape":null,"layoutText":null}],"mainLabel":386},"properties":{"id":"e47618e00592b3df3f83aa05f3237384"},"orientationAtVertex":"FREE","reference":null},{"type":"port","@id":387,"shape":{"type":"rect","xposition":"NaN","yposition":"NaN","width":"NaN","height":"NaN","shapeStyle":2},"labelManager":{"labels":[{"type":"textLabel","@id":388,"inputText":"1","labelStyle":4,"shape":null,"layoutText":null}],"mainLabel":388},"properties":{"id":"0cd89886f18551ab07cd8b95c0c07f99"},"orientationAtVertex":"FREE","reference":null}],"properties":{},"reference":null}],"properties":{"id":"b09a22ed287961172c0d5a7f026903bb","type":"plug"},"reference":null},{"@id":389,"shape":{"type":"rect","xposition":"NaN","yposition":"NaN","width":"NaN","height":"NaN","shapeStyle":2},"labelManager":{"labels":[{"type":"textLabel","@id":390,"inputText":"Tim","labelStyle":4,"shape":null,"layoutText":null}],"mainLabel":390},"portCompositions":[{"type":"portGroup","@id":391,"ordered":false,"portCompositions":[{"type":"port","@id":392,"shape":{"type":"rect","xposition":"NaN","yposition":"NaN","width":"NaN","height":"NaN","shapeStyle":2},"labelManager":{"labels":[{"type":"textLabel","@id":393,"inputText":"3","labelStyle":4,"shape":null,"layoutText":null}],"mainLabel":393},"properties":{"id":"a45614d9c182441a08b63ab4f1e8abb0"},"orientationAtVertex":"FREE","reference":null},{"type":"port","@id":394,"shape":{"type":"rect","xposition":"NaN","yposition":"NaN","width":"NaN","height":"NaN","shapeStyle":2},"labelManager":{"labels":[{"type":"textLabel","@id":395,"inputText":"2","labelStyle":4,"shape":null,"layoutText":null}],"mainLabel":395},"properties":{"id":"94766a997ac91d60a09631bf99fc8881"},"orientationAtVertex":"FREE","reference":null},{"type":"port","@id":396,"shape":{"type":"rect","xposition":"NaN","yposition":"NaN","width":"NaN","height":"NaN","shapeStyle":2},"labelManager":{"labels":[{"type":"textLabel","@id":397,"inputText":"1","labelStyle":4,"shape":null,"layoutText":null}],"mainLabel":397},"properties":{"id":"4b9ab853ed09882878cdf4356da26db8"},"orientationAtVertex":"FREE","reference":null}],"properties":{},"reference":null}],"properties":{"id":"0bd5fbf964dcb0fe4c7f1c2aeda8f1cd","type":"plug"},"reference":null},{"@id":398,"shape":null,"labelManager":{"labels":[{"type":"textLabel","@id":399,"inputText":"Finn","labelStyle":57,"shape":null,"layoutText":null}],"mainLabel":399},"portCompositions":[{"type":"portGroup","@id":400,"ordered":false,"portCompositions":[{"type":"port","@id":401,"shape":{"type":"rect","xposition":"NaN","yposition":"NaN","width":"NaN","height":"NaN","shapeStyle":55},"labelManager":{"labels":[{"type":"textLabel","@id":402,"inputText":"1","labelStyle":57,"shape":null,"layoutText":null}],"mainLabel":402},"properties":{},"orientationAtVertex":"FREE","reference":null}],"properties":{},"reference":null}],"properties":{},"reference":null},{"@id":403,"shape":null,"labelManager":{"labels":[{"type":"textLabel","@id":404,"inputText":"Noah","labelStyle":57,"shape":null,"layoutText":null}],"mainLabel":404},"portCompositions":[{"type":"portGroup","@id":405,"ordered":false,"portCompositions":[{"type":"port","@id":406,"shape":{"type":"rect","xposition":"NaN","yposition":"NaN","width":"NaN","height":"NaN","shapeStyle":55},"labelManager":{"labels":[{"type":"textLabel","@id":407,"inputText":"2","labelStyle":57,"shape":null,"layoutText":null}],"mainLabel":407},"properties":{},"orientationAtVertex":"FREE","reference":null},{"type":"port","@id":408,"shape":{"type":"rect","xposition":"NaN","yposition":"NaN","width":"NaN","height":"NaN","shapeStyle":55},"labelManager":{"labels":[{"type":"textLabel","@id":409,"inputText":"1","labelStyle":57,"shape":null,"layoutText":null}],"mainLabel":409},"properties":{},"orientationAtVertex":"FREE","reference":null}],"properties":{},"reference":null}],"properties":{},"reference":null},{"@id":410,"shape":null,"labelManager":{"labels":[{"type":"textLabel","@id":411,"inputText":"Levi","labelStyle":57,"shape":null,"layoutText":null}],"mainLabel":411},"portCompositions":[{"type":"portGroup","@id":412,"ordered":false,"portCompositions":[{"type":"port","@id":413,"shape":{"type":"rect","xposition":"NaN","yposition":"NaN","width":"NaN","height":"NaN","shapeStyle":55},"labelManager":{"labels":[{"type":"textLabel","@id":414,"inputText":"2","labelStyle":57,"shape":null,"layoutText":null}],"mainLabel":414},"properties":{},"orientationAtVertex":"FREE","reference":null},{"type":"port","@id":415,"shape":{"type":"rect","xposition":"NaN","yposition":"NaN","width":"NaN","height":"NaN","shapeStyle":55},"labelManager":{"labels":[{"type":"textLabel","@id":416,"inputText":"1","labelStyle":57,"shape":null,"layoutText":null}],"mainLabel":416},"properties":{},"orientationAtVertex":"FREE","reference":null}],"properties":{},"reference":null}],"properties":{},"reference":null},{"@id":417,"shape":null,"labelManager":{"labels":[{"type":"textLabel","@id":418,"inputText":"Frederik","labelStyle":57,"shape":null,"layoutText":null}],"mainLabel":418},"portCompositions":[{"type":"portGroup","@id":419,"ordered":false,"portCompositions":[{"type":"port","@id":420,"shape":{"type":"rect","xposition":"NaN","yposition":"NaN","width":"NaN","height":"NaN","shapeStyle":55},"labelManager":{"labels":[{"type":"textLabel","@id":421,"inputText":"1","labelStyle":57,"shape":null,"layoutText":null}],"mainLabel":421},"properties":{},"orientationAtVertex":"FREE","reference":null}],"properties":{},"reference":null}],"properties":{},"reference":null},{"@id":422,"shape":null,"labelManager":{"labels":[{"type":"textLabel","@id":423,"inputText":"Theo","labelStyle":57,"shape":null,"layoutText":null}],"mainLabel":423},"portCompositions":[{"type":"portGroup","@id":424,"ordered":false,"portCompositions":[{"type":"port","@id":425,"shape":{"type":"rect","xposition":"NaN","yposition":"NaN","width":"NaN","height":"NaN","shapeStyle":55},"labelManager":{"labels":[{"type":"textLabel","@id":426,"inputText":"1","labelStyle":57,"shape":null,"layoutText":null}],"mainLabel":426},"properties":{},"orientationAtVertex":"FREE","reference":null}],"properties":{},"reference":null}],"properties":{},"reference":null},{"@id":427,"shape":null,"labelManager":{"labels":[{"type":"textLabel","@id":428,"inputText":"Ben","labelStyle":57,"shape":null,"layoutText":null}],"mainLabel":428},"portCompositions":[{"type":"portGroup","@id":429,"ordered":false,"portCompositions":[{"type":"port","@id":430,"shape":{"type":"rect","xposition":"NaN","yposition":"NaN","width":"NaN","height":"NaN","shapeStyle":55},"labelManager":{"labels":[{"type":"textLabel","@id":431,"inputText":"1","labelStyle":57,"shape":null,"layoutText":null}],"mainLabel":431},"properties":{},"orientationAtVertex":"FREE","reference":null}],"properties":{},"reference":null}],"properties":{},"reference":null},{"@id":432,"shape":null,"labelManager":{"labels":[{"type":"textLabel","@id":433,"inputText":"Niklas","labelStyle":57,"shape":null,"layoutText":null}],"mainLabel":433},"portCompositions":[{"type":"portGroup","@id":434,"ordered":false,"portCompositions":[{"type":"port","@id":435,"shape":{"type":"rect","xposition":"NaN","yposition":"NaN","width":"NaN","height":"NaN","shapeStyle":55},"labelManager":{"labels":[{"type":"textLabel","@id":436,"inputText":"1","labelStyle":57,"shape":null,"layoutText":null}],"mainLabel":436},"properties":{},"orientationAtVertex":"FREE","reference":null}],"properties":{},"reference":null}],"properties":{},"reference":null},{"@id":437,"shape":null,"labelManager":{"labels":[{"type":"textLabel","@id":438,"inputText":"Luis","labelStyle":57,"shape":null,"layoutText":null}],"mainLabel":438},"portCompositions":[{"type":"portGroup","@id":439,"ordered":false,"portCompositions":[{"type":"port","@id":440,"shape":{"type":"rect","xposition":"NaN","yposition":"NaN","width":"NaN","height":"NaN","shapeStyle":55},"labelManager":{"labels":[{"type":"textLabel","@id":441,"inputText":"3","labelStyle":57,"shape":null,"layoutText":null}],"mainLabel":441},"properties":{},"orientationAtVertex":"FREE","reference":null},{"type":"port","@id":442,"shape":{"type":"rect","xposition":"NaN","yposition":"NaN","width":"NaN","height":"NaN","shapeStyle":55},"labelManager":{"labels":[{"type":"textLabel","@id":443,"inputText":"2","labelStyle":57,"shape":null,"layoutText":null}],"mainLabel":443},"properties":{},"orientationAtVertex":"FREE","reference":null}],"properties":{},"reference":null}],"properties":{},"reference":null}],"vertexGroups":[{"@id":444,"drawnFrame":false,"labelManager":{"labels":[],"mainLabel":null},"shape":null,"containedVertices":[1,24],"containedVertexGroups":[],"touchingPairs":[{"vertex0":1,"horizontalPlacementVertex0":"FREE","verticalPlacementVertex0":"TOP","vertex1":24,"horizontalPlacementVertex1":"FREE","verticalPlacementVertex1":"FREE"}],"portPairings":[{"port0":6,"port1":27},{"port0":8,"port1":29},{"port0":16,"port1":37},{"port0":20,"port1":41},{"port0":12,"port1":33},{"port0":18,"port1":39},{"port0":22,"port1":43},{"port0":10,"port1":31},{"port0":14,"port1":35}],"properties":{},"reference":null},{"@id":445,"drawnFrame":false,"labelManager":{"labels":[],"mainLabel":null},"shape":null,"containedVertices":[49,58],"containedVertexGroups":[],"touchingPairs":[{"vertex0":49,"horizontalPlacementVertex0":"FREE","verticalPlacementVertex0":"TOP","vertex1":58,"horizontalPlacementVertex1":"FREE","verticalPlacementVertex1":"FREE"}],"portPairings":[{"port0":52,"port1":61},{"port0":54,"port1":63}],"properties":{},"reference":null},{"@id":446,"drawnFrame":false,"labelManager":{"labels":[],"mainLabel":null},"shape":null,"containedVertices":[65,76],"containedVertexGroups":[],"touchingPairs":[{"vertex0":65,"horizontalPlacementVertex0":"FREE","verticalPlacementVertex0":"TOP","vertex1":76,"horizontalPlacementVertex1":"FREE","verticalPlacementVertex1":"FREE"}],"portPairings":[{"port0":74,"port1":85},{"port0":70,"port1":81},{"port0":68,"port1":79},{"port0":72,"port1":83}],"properties":{},"reference":null},{"@id":447,"drawnFrame":false,"labelManager":{"labels":[],"mainLabel":null},"shape":null,"containedVertices":[95,106],"containedVertexGroups":[],"touchingPairs":[{"vertex0":95,"horizontalPlacementVertex0":"FREE","verticalPlacementVertex0":"TOP","vertex1":106,"horizontalPlacementVertex1":"FREE","verticalPlacementVertex1":"FREE"}],"portPairings":[{"port0":98,"port1":109},{"port0":102,"port1":113},{"port0":100,"port1":111},{"port0":104,"port1":115}],"properties":{},"reference":null},{"@id":448,"drawnFrame":false,"labelManager":{"labels":[],"mainLabel":null},"shape":null,"containedVertices":[121,128],"containedVertexGroups":[],"touchingPairs":[{"vertex0":121,"horizontalPlacementVertex0":"FREE","verticalPlacementVertex0":"TOP","vertex1":128,"horizontalPlacementVertex1":"FREE","verticalPlacementVertex1":"FREE"}],"portPairings":[{"port0":124,"port1":131},{"port0":126,"port1":133}],"properties":{},"reference":null},{"@id":449,"drawnFrame":false,"labelManager":{"labels":[],"mainLabel":null},"shape":null,"containedVertices":[135,140],"containedVertexGroups":[],"touchingPairs":[{"vertex0":135,"horizontalPlacementVertex0":"FREE","verticalPlacementVertex0":"TOP","vertex1":140,"horizontalPlacementVertex1":"FREE","verticalPlacementVertex1":"FREE"}],"portPairings":[{"port0":138,"port1":143}],"properties":{},"reference":null},{"@id":450,"drawnFrame":false,"labelManager":{"labels":[],"mainLabel":null},"shape":null,"containedVertices":[145,156],"containedVertexGroups":[],"touchingPairs":[{"vertex0":145,"horizontalPlacementVertex0":"FREE","verticalPlacementVertex0":"TOP","vertex1":156,"horizontalPlacementVertex1":"FREE","verticalPlacementVertex1":"FREE"}],"portPairings":[{"port0":148,"port1":159},{"port0":150,"port1":161},{"port0":152,"port1":163},{"port0":154,"port1":165}],"properties":{},"reference":null},{"@id":451,"drawnFrame":false,"labelManager":{"labels":[],"mainLabel":null},"shape":null,"containedVertices":[175,184],"containedVertexGroups":[],"touchingPairs":[{"vertex0":175,"horizontalPlacementVertex0":"FREE","verticalPlacementVertex0":"TOP","vertex1":184,"horizontalPlacementVertex1":"FREE","verticalPlacementVertex1":"FREE"}],"portPairings":[{"port0":178,"port1":187},{"port0":182,"port1":191},{"port0":180,"port1":189}],"properties":{},"reference":null},{"@id":452,"drawnFrame":false,"labelManager":{"labels":[],"mainLabel":null},"shape":null,"containedVertices":[197,204],"containedVertexGroups":[],"touchingPairs":[{"vertex0":197,"horizontalPlacementVertex0":"FREE","verticalPlacementVertex0":"TOP","vertex1":204,"horizontalPlacementVertex1":"FREE","verticalPlacementVertex1":"FREE"}],"portPairings":[{"port0":200,"port1":207},{"port0":202,"port1":209}],"properties":{},"reference":null},{"@id":453,"drawnFrame":false,"labelManager":{"labels":[],"mainLabel":null},"shape":null,"containedVertices":[211,218],"containedVertexGroups":[],"touchingPairs":[{"vertex0":211,"horizontalPlacementVertex0":"FREE","verticalPlacementVertex0":"TOP","vertex1":218,"horizontalPlacementVertex1":"FREE","verticalPlacementVertex1":"FREE"}],"portPairings":[{"port0":214,"port1":221},{"port0":216,"port1":223}],"properties":{},"reference":null},{"@id":454,"drawnFrame":false,"labelManager":{"labels":[],"mainLabel":null},"shape":null,"containedVertices":[225,234,437],"containedVertexGroups":[],"touchingPairs":[{"vertex0":225,"horizontalPlacementVertex0":"FREE","verticalPlacementVertex0":"TOP","vertex1":234,"horizontalPlacementVertex1":"FREE","verticalPlacementVertex1":"FREE"},{"vertex0":225,"horizontalPlacementVertex0":"FREE","verticalPlacementVertex0":"FREE","vertex1":437,"horizontalPlacementVertex1":"FREE","verticalPlacementVertex1":"FREE"}],"portPairings":[{"port0":228,"port1":237},{"port0":230,"port1":440},{"port0":232,"port1":442}],"properties":{},"reference":null},{"@id":455,"drawnFrame":false,"labelManager":{"labels":[],"mainLabel":null},"shape":null,"containedVertices":[239,244],"containedVertexGroups":[],"touchingPairs":[{"vertex0":239,"horizontalPlacementVertex0":"FREE","verticalPlacementVertex0":"TOP","vertex1":244,"horizontalPlacementVertex1":"FREE","verticalPlacementVertex1":"FREE"}],"portPairings":[{"port0":242,"port1":247}],"properties":{},"reference":null},{"@id":456,"drawnFrame":false,"labelManager":{"labels":[],"mainLabel":null},"shape":null,"containedVertices":[249,260],"containedVertexGroups":[],"touchingPairs":[{"vertex0":249,"horizontalPlacementVertex0":"FREE","verticalPlacementVertex0":"TOP","vertex1":260,"horizontalPlacementVertex1":"FREE","verticalPlacementVertex1":"FREE"}],"portPairings":[{"port0":252,"port1":263},{"port0":256,"port1":267},{"port0":254,"port1":265},{"port0":258,"port1":269}],"properties":{},"reference":null},{"@id":457,"drawnFrame":false,"labelManager":{"labels":[],"mainLabel":null},"shape":null,"containedVertices":[275,296],"containedVertexGroups":[],"touchingPairs":[{"vertex0":275,"horizontalPlacementVertex0":"FREE","verticalPlacementVertex0":"TOP","vertex1":296,"horizontalPlacementVertex1":"FREE","verticalPlacementVertex1":"FREE"}],"portPairings":[{"port0":278,"port1":299},{"port0":280,"port1":301},{"port0":292,"port1":313},{"port0":284,"port1":305},{"port0":286,"port1":307},{"port0":282,"port1":303},{"port0":288,"port1":309},{"port0":290,"port1":311},{"port0":294,"port1":315}],"properties":{},"reference":null},{"@id":458,"drawnFrame":false,"labelManager":{"labels":[],"mainLabel":null},"shape":null,"containedVertices":[321,327],"containedVertexGroups":[],"touchingPairs":[{"vertex0":321,"horizontalPlacementVertex0":"FREE","verticalPlacementVertex0":"TOP","vertex1":327,"horizontalPlacementVertex1":"FREE","verticalPlacementVertex1":"FREE"}],"portPairings":[{"port0":325,"port1":330}],"properties":{},"reference":null},{"@id":459,"drawnFrame":false,"labelManager":{"labels":[],"mainLabel":null},"shape":null,"containedVertices":[332,345],"containedVertexGroups":[],"touchingPairs":[{"vertex0":332,"horizontalPlacementVertex0":"FREE","verticalPlacementVertex0":"TOP","vertex1":345,"horizontalPlacementVertex1":"FREE","verticalPlacementVertex1":"FREE"}],"portPairings":[{"port0":339,"port1":352},{"port0":335,"port1":348},{"port0":337,"port1":350},{"port0":341,"port1":354},{"port0":343,"port1":356}],"properties":{},"reference":null},{"@id":460,"drawnFrame":false,"labelManager":{"labels":[],"mainLabel":null},"shape":null,"containedVertices":[366,373],"containedVertexGroups":[],"touchingPairs":[{"vertex0":366,"horizontalPlacementVertex0":"FREE","verticalPlacementVertex0":"TOP","vertex1":373,"horizontalPlacementVertex1":"FREE","verticalPlacementVertex1":"FREE"}],"portPairings":[{"port0":369,"port1":376},{"port0":371,"port1":378}],"properties":{},"reference":null},{"@id":461,"drawnFrame":false,"labelManager":{"labels":[],"mainLabel":null},"shape":null,"containedVertices":[380,389],"containedVertexGroups":[],"touchingPairs":[{"vertex0":380,"horizontalPlacementVertex0":"FREE","verticalPlacementVertex0":"TOP","vertex1":389,"horizontalPlacementVertex1":"FREE","verticalPlacementVertex1":"FREE"}],"portPairings":[{"port0":387,"port1":396},{"port0":383,"port1":392},{"port0":385,"port1":394}],"properties":{},"reference":null},{"@id":462,"drawnFrame":false,"labelManager":{"labels":[],"mainLabel":null},"shape":null,"containedVertices":[403,410],"containedVertexGroups":[],"touchingPairs":[{"vertex0":403,"horizontalPlacementVertex0":"FREE","verticalPlacementVertex0":"FREE","vertex1":410,"horizontalPlacementVertex1":"FREE","verticalPlacementVertex1":"FREE"}],"portPairings":[{"port0":406,"port1":413},{"port0":408,"port1":415}],"properties":{},"reference":null},{"@id":463,"drawnFrame":false,"labelManager":{"labels":[],"mainLabel":null},"shape":null,"containedVertices":[417,422],"containedVertexGroups":[],"touchingPairs":[{"vertex0":417,"horizontalPlacementVertex0":"FREE","verticalPlacementVertex0":"FREE","vertex1":422,"horizontalPlacementVertex1":"FREE","verticalPlacementVertex1":"FREE"}],"portPairings":[{"port0":420,"port1":425}],"properties":{},"reference":null},{"@id":464,"drawnFrame":false,"labelManager":{"labels":[],"mainLabel":null},"shape":null,"containedVertices":[427,432],"containedVertexGroups":[],"touchingPairs":[{"vertex0":427,"horizontalPlacementVertex0":"FREE","verticalPlacementVertex0":"FREE","vertex1":432,"horizontalPlacementVertex1":"FREE","verticalPlacementVertex1":"FREE"}],"portPairings":[{"port0":430,"port1":435}],"properties":{},"reference":null}],"edges":[{"@id":465,"ports":[173,85],"labelManager":{"innerLabels":[{"type":"textLabel","@id":466,"inputText":"Matthias","labelStyle":4,"shape":null,"layoutText":null}],"allPortLabels":[],"mainLabel":466},"pathStyle":{"@id":467,"description":"default path style","thickness":-1.0,"color":{"argb":"ff000000"}},"paths":[],"properties":{"id":"864bc64edc0607cd9ea9bd80f1cf2bbb"},"reference":null},{"@id":468,"ports":[191,113],"labelManager":{"innerLabels":[{"type":"textLabel","@id":469,"inputText":"Maxim","labelStyle":4,"shape":null,"layoutText":null}],"allPortLabels":[],"mainLabel":469},"pathStyle":467,"paths":[],"properties":{"id":"a602a38d1bad4d176e5a7a65ce72731c"},"reference":null},{"@id":470,"ports":[376,247],"labelManager":{"innerLabels":[{"type":"textLabel","@id":471,"inputText":"Ferdinand","labelStyle":4,"shape":null,"layoutText":null}],"allPortLabels":[],"mainLabel":471},"pathStyle":467,"paths":[],"properties":{"id":"1128e0b90dc9a7bbea9695889d8da975"},"reference":null},{"@id":472,"ports":[89,52],"labelManager":{"innerLabels":[{"type":"textLabel","@id":473,"inputText":"Erik","labelStyle":4,"shape":null,"layoutText":null}],"allPortLabels":[],"mainLabel":473},"pathStyle":467,"paths":[],"properties":{"id":"77a63db3e52e89098f1fce4e057d567b"},"reference":null},{"@id":474,"ports":[242,35],"labelManager":{"innerLabels":[{"type":"textLabel","@id":475,"inputText":"Thomas","labelStyle":4,"shape":null,"layoutText":null}],"allPortLabels":[],"mainLabel":475},"pathStyle":467,"paths":[],"properties":{"id":"3ad8fabdb996db5d9e2f844e061f7d5a"},"reference":null},{"@id":476,"ports":[267,104],"labelManager":{"innerLabels":[{"type":"textLabel","@id":477,"inputText":"Lennard","labelStyle":4,"shape":null,"layoutText":null}],"allPortLabels":[],"mainLabel":477},"pathStyle":467,"paths":[],"properties":{"id":"4c8d0f4b03357de00d9325528041a829"},"reference":null},{"@id":478,"ports":[348,173],"labelManager":{"innerLabels":[{"type":"textLabel","@id":479,"inputText":"Nils","labelStyle":4,"shape":null,"layoutText":null}],"allPortLabels":[],"mainLabel":479},"pathStyle":467,"paths":[],"properties":{"id":"4e9ee484e2a938884e67672c39a76629"},"reference":null},{"@id":480,"ports":[150,41],"labelManager":{"innerLabels":[{"type":"textLabel","@id":481,"inputText":"Linus","labelStyle":4,"shape":null,"layoutText":null}],"allPortLabels":[],"mainLabel":481},"pathStyle":467,"paths":[],"properties":{"id":"457bb5358a503eb01aeae3c6b9bdda6a"},"reference":null},{"@id":482,"ports":[207,341],"labelManager":{"innerLabels":[{"type":"textLabel","@id":483,"inputText":"Till","labelStyle":4,"shape":null,"layoutText":null}],"allPortLabels":[],"mainLabel":483},"pathStyle":467,"paths":[],"properties":{"id":"30c3e0ab2744519e72ef00fb36a57762"},"reference":null},{"@id":484,"ports":[273,39],"labelManager":{"innerLabels":[{"type":"textLabel","@id":485,"inputText":"Nico","labelStyle":4,"shape":null,"layoutText":null}],"allPortLabels":[],"mainLabel":485},"pathStyle":467,"paths":[],"properties":{"id":"225326c9fba4bc4294f6aa7c42e45408"},"reference":null},{"@id":486,"ports":[187,109],"labelManager":{"innerLabels":[{"type":"textLabel","@id":487,"inputText":"Hamza","labelStyle":4,"shape":null,"layoutText":null}],"allPortLabels":[],"mainLabel":487},"pathStyle":467,"paths":[],"properties":{"id":"8b88f990f09912271205ee13170cb708"},"reference":null},{"@id":488,"ports":[364,299],"labelManager":{"innerLabels":[{"type":"textLabel","@id":489,"inputText":"Yusuf","labelStyle":4,"shape":null,"layoutText":null}],"allPortLabels":[],"mainLabel":489},"pathStyle":467,"paths":[],"properties":{"id":"cea56b914c55930bae7adc2b17460a0c"},"reference":null},{"@id":490,"ports":[254,200],"labelManager":{"innerLabels":[{"type":"textLabel","@id":491,"inputText":"Kian","labelStyle":4,"shape":null,"layoutText":null}],"allPortLabels":[],"mainLabel":491},"pathStyle":467,"paths":[],"properties":{"id":"aa1f25476d0a35242beaee544bf2cfb8"},"reference":null},{"@id":492,"ports":[396,337],"labelManager":{"innerLabels":[{"type":"textLabel","@id":493,"inputText":"Alessio","labelStyle":4,"shape":null,"layoutText":null}],"allPortLabels":[],"mainLabel":493},"pathStyle":467,"paths":[],"properties":{"id":"4db42bfc87050f9ab0ec7cc033a70f58"},"reference":null},{"@id":494,"ports":[154,307],"labelManager":{"innerLabels":[{"type":"textLabel","@id":495,"inputText":"Can","labelStyle":4,"shape":null,"layoutText":null}],"allPortLabels":[],"mainLabel":495},"pathStyle":467,"paths":[],"properties":{"id":"49e4c454b27d681d99ecb79c8b0fddd2"},"reference":null},{"@id":496,"ports":[216,169],"labelManager":{"innerLabels":[{"type":"textLabel","@id":497,"inputText":"Robin","labelStyle":4,"shape":null,"layoutText":null}],"allPortLabels":[],"mainLabel":497},"pathStyle":467,"paths":[],"properties":{"id":"32eace1d038fbc7e1bc6094b81c26b65"},"reference":null},{"@id":498,"ports":[214,335],"labelManager":{"innerLabels":[{"type":"textLabel","@id":499,"inputText":"Josef","labelStyle":4,"shape":null,"layoutText":null}],"allPortLabels":[],"mainLabel":499},"pathStyle":467,"paths":[],"properties":{"id":"a584f76dde6b40f1df8046d10698baf1"},"reference":null},{"@id":500,"ports":[273,33],"labelManager":{"innerLabels":[{"type":"textLabel","@id":501,"inputText":"Justus","labelStyle":4,"shape":null,"layoutText":null}],"allPortLabels":[],"mainLabel":501},"pathStyle":467,"paths":[],"properties":{"id":"f6762f6105025176716eb81be9e0497a"},"reference":null},{"@id":502,"ports":[111,189],"labelManager":{"innerLabels":[{"type":"textLabel","@id":503,"inputText":"Damian","labelStyle":4,"shape":null,"layoutText":null}],"allPortLabels":[],"mainLabel":503},"pathStyle":467,"paths":[],"properties":{"id":"958d6a1fd3e002f6fbf11caff44e45b7"},"reference":null},{"@id":504,"ports":[273,31],"labelManager":{"innerLabels":[{"type":"textLabel","@id":505,"inputText":"Aaron","labelStyle":4,"shape":null,"layoutText":null}],"allPortLabels":[],"mainLabel":505},"pathStyle":467,"paths":[],"properties":{"id":"f63b254183478b1dba266b8ed8a6a8d9"},"reference":null},{"@id":506,"ports":[394,303],"labelManager":{"innerLabels":[{"type":"textLabel","@id":507,"inputText":"Jonah","labelStyle":4,"shape":null,"layoutText":null}],"allPortLabels":[],"mainLabel":507},"pathStyle":467,"paths":[],"properties":{"id":"5ec8318065e5de29077510323f413b65"},"reference":null},{"@id":508,"ports":[37,148],"labelManager":{"innerLabels":[{"type":"textLabel","@id":509,"inputText":"Mattis","labelStyle":4,"shape":null,"layoutText":null}],"allPortLabels":[],"mainLabel":509},"pathStyle":467,"paths":[],"properties":{"id":"603f99ca013f87b30eb7a033be40e040"},"reference":null},{"@id":510,"ports":[330,138],"labelManager":{"innerLabels":[{"type":"textLabel","@id":511,"inputText":"Constantin","labelStyle":4,"shape":null,"layoutText":null}],"allPortLabels":[],"mainLabel":511},"pathStyle":467,"paths":[],"properties":{"id":"ccccf010b1d119dc72c5af74a8cc6de6"},"reference":null},{"@id":512,"ports":[100,263],"labelManager":{"innerLabels":[{"type":"textLabel","@id":513,"inputText":"Noel","labelStyle":4,"shape":null,"layoutText":null}],"allPortLabels":[],"mainLabel":513},"pathStyle":467,"paths":[],"properties":{"id":"c26de9da99b92a407d4fdf7947ddb7a7"},"reference":null},{"@id":514,"ports":[83,350],"labelManager":{"innerLabels":[{"type":"textLabel","@id":515,"inputText":"Theodor","labelStyle":4,"shape":null,"layoutText":null}],"allPortLabels":[],"mainLabel":515},"pathStyle":467,"paths":[],"properties":{"id":"c75ef0b6d14c84bb9abbd55ee6b54178"},"reference":null},{"@id":516,"ports":[273,47],"labelManager":{"innerLabels":[{"type":"textLabel","@id":517,"inputText":"Friedrich","labelStyle":4,"shape":null,"layoutText":null}],"allPortLabels":[],"mainLabel":517},"pathStyle":467,"paths":[],"properties":{"id":"b4fa1a4bf613529b0acb39ca0df7cdbd"},"reference":null},{"@id":518,"ports":[364,47],"labelManager":{"innerLabels":[{"type":"textLabel","@id":519,"inputText":"Tobias","labelStyle":4,"shape":null,"layoutText":null}],"allPortLabels":[],"mainLabel":519},"pathStyle":467,"paths":[],"properties":{"id":"a555742049f3a168d42ac2432cd54b36"},"reference":null},{"@id":520,"ports":[165,161,119],"labelManager":{"innerLabels":[{"type":"textLabel","@id":521,"inputText":"Sebastian","labelStyle":4,"shape":null,"layoutText":null}],"allPortLabels":[],"mainLabel":521},"pathStyle":467,"paths":[],"properties":{"id":"6474405ffa9ff2bf5735bffbaa3d883c"},"reference":null},{"@id":522,"ports":[102,265],"labelManager":{"innerLabels":[{"type":"textLabel","@id":523,"inputText":"Jasper","labelStyle":4,"shape":null,"layoutText":null}],"allPortLabels":[],"mainLabel":523},"pathStyle":467,"paths":[],"properties":{"id":"3490ab0a1623a48721eed6d711ca5765"},"reference":null},{"@id":524,"ports":[273,43],"labelManager":{"innerLabels":[{"type":"textLabel","@id":525,"inputText":"Bruno","labelStyle":4,"shape":null,"layoutText":null}],"allPortLabels":[],"mainLabel":525},"pathStyle":467,"paths":[],"properties":{"id":"586acabfa764e836d46237027749ddfd"},"reference":null},{"@id":526,"ports":[81,354],"labelManager":{"innerLabels":[{"type":"textLabel","@id":527,"inputText":"Nick","labelStyle":4,"shape":null,"layoutText":null}],"allPortLabels":[],"mainLabel":527},"pathStyle":467,"paths":[],"properties":{"id":"a7f26e9c32a6959f66aa01ed6bb76059"},"reference":null},{"@id":528,"ports":[79,352],"labelManager":{"innerLabels":[{"type":"textLabel","@id":529,"inputText":"Raphael","labelStyle":4,"shape":null,"layoutText":null}],"allPortLabels":[],"mainLabel":529},"pathStyle":467,"paths":[],"properties":{"id":"aa5735824496201eac6404abc4643c75"},"reference":null},{"@id":530,"ports":[311,152],"labelManager":{"innerLabels":[{"type":"textLabel","@id":531,"inputText":"Kaan","labelStyle":4,"shape":null,"layoutText":null}],"allPortLabels":[],"mainLabel":531},"pathStyle":467,"paths":[],"properties":{"id":"8accce5b72132ac2b241cdbd1943f25f"},"reference":null},{"@id":532,"ports":[364,313],"labelManager":{"innerLabels":[{"type":"textLabel","@id":533,"inputText":"Jona","labelStyle":4,"shape":null,"layoutText":null}],"allPortLabels":[],"mainLabel":533},"pathStyle":467,"paths":[],"properties":{"id":"79a1e194ef3dc359c3cbec67bbedf73d"},"reference":null},{"@id":534,"ports":[221,223,195],"labelManager":{"innerLabels":[{"type":"textLabel","@id":535,"inputText":"Carl","labelStyle":4,"shape":null,"layoutText":null}],"allPortLabels":[],"mainLabel":535},"pathStyle":467,"paths":[],"properties":{"id":"689f13641f1964914505dd76a4bf54dd"},"reference":null},{"@id":536,"ports":[415,301],"labelManager":{"innerLabels":[{"type":"textLabel","@id":537,"inputText":"Mika","labelStyle":57,"shape":null,"layoutText":null}],"allPortLabels":[],"mainLabel":537},"pathStyle":{"@id":538,"description":"default path style","thickness":-1.0,"color":{"argb":"ff000000"}},"paths":[],"properties":{},"reference":null},{"@id":539,"ports":[115,61],"labelManager":{"innerLabels":[{"type":"textLabel","@id":540,"inputText":"Milan","labelStyle":57,"shape":null,"layoutText":null}],"allPortLabels":[],"mainLabel":540},"pathStyle":538,"paths":[],"properties":{},"reference":null},{"@id":541,"ports":[435,133],"labelManager":{"innerLabels":[{"type":"textLabel","@id":542,"inputText":"Fabian","labelStyle":57,"shape":null,"layoutText":null}],"allPortLabels":[],"mainLabel":542},"pathStyle":538,"paths":[],"properties":{},"reference":null},{"@id":543,"ports":[319,237],"labelManager":{"innerLabels":[{"type":"textLabel","@id":544,"inputText":"Joshua","labelStyle":57,"shape":null,"layoutText":null}],"allPortLabels":[],"mainLabel":544},"pathStyle":538,"paths":[],"properties":{},"reference":null},{"@id":545,"ports":[159,425],"labelManager":{"innerLabels":[{"type":"textLabel","@id":546,"inputText":"Fynn","labelStyle":57,"shape":null,"layoutText":null}],"allPortLabels":[],"mainLabel":546},"pathStyle":538,"paths":[],"properties":{},"reference":null},{"@id":547,"ports":[93,131],"labelManager":{"innerLabels":[{"type":"textLabel","@id":548,"inputText":"Konstantin","labelStyle":57,"shape":null,"layoutText":null}],"allPortLabels":[],"mainLabel":548},"pathStyle":538,"paths":[],"properties":{},"reference":null},{"@id":549,"ports":[143,93],"labelManager":{"innerLabels":[{"type":"textLabel","@id":550,"inputText":"Andreas","labelStyle":57,"shape":null,"layoutText":null}],"allPortLabels":[],"mainLabel":550},"pathStyle":538,"paths":[],"properties":{},"reference":null},{"@id":551,"ports":[360,401],"labelManager":{"innerLabels":[{"type":"textLabel","@id":552,"inputText":"Emilio","labelStyle":57,"shape":null,"layoutText":null}],"allPortLabels":[],"mainLabel":552},"pathStyle":538,"paths":[],"properties":{},"reference":null},{"@id":553,"ports":[385,440],"labelManager":{"innerLabels":[{"type":"textLabel","@id":554,"inputText":"Martin","labelStyle":57,"shape":null,"layoutText":null}],"allPortLabels":[],"mainLabel":554},"pathStyle":538,"paths":[],"properties":{},"reference":null},{"@id":555,"ports":[138,360],"labelManager":{"innerLabels":[{"type":"textLabel","@id":556,"inputText":"Matteo","labelStyle":57,"shape":null,"layoutText":null}],"allPortLabels":[],"mainLabel":556},"pathStyle":538,"paths":[],"properties":{},"reference":null},{"@id":557,"ports":[138,392],"labelManager":{"innerLabels":[{"type":"textLabel","@id":558,"inputText":"Lucas","labelStyle":57,"shape":null,"layoutText":null}],"allPortLabels":[],"mainLabel":558},"pathStyle":538,"paths":[],"properties":{},"reference":null},{"@id":559,"ports":[29,27,343,339],"labelManager":{"innerLabels":[{"type":"textLabel","@id":560,"inputText":"Hamza","labelStyle":57,"shape":null,"layoutText":null}],"allPortLabels":[],"mainLabel":560},"pathStyle":538,"paths":[],"properties":{},"reference":null},{"@id":561,"ports":[413,305,315],"labelManager":{"innerLabels":[{"type":"textLabel","@id":562,"inputText":"Friedrich","labelStyle":57,"shape":null,"layoutText":null}],"allPortLabels":[],"mainLabel":562},"pathStyle":538,"paths":[],"properties":{},"reference":null},{"@id":563,"ports":[178,442,182],"labelManager":{"innerLabels":[{"type":"textLabel","@id":564,"inputText":"Wilhelm","labelStyle":57,"shape":null,"layoutText":null}],"allPortLabels":[],"mainLabel":564},"pathStyle":538,"paths":[],"properties":{},"reference":null},{"@id":565,"ports":[258,406,408],"labelManager":{"innerLabels":[{"type":"textLabel","@id":566,"inputText":"Mert","labelStyle":57,"shape":null,"layoutText":null}],"allPortLabels":[],"mainLabel":566},"pathStyle":538,"paths":[],"properties":{},"reference":null},{"@id":567,"ports":[378,387,383],"labelManager":{"innerLabels":[{"type":"textLabel","@id":568,"inputText":"Yusuf","labelStyle":57,"shape":null,"layoutText":null}],"allPortLabels":[],"mainLabel":568},"pathStyle":538,"paths":[],"properties":{},"reference":null}],"edgeBundles":[]}