{"vertices":[{"@id":1,"shape":{"type":"rect","xposition":"NaN","yposition":"NaN","width":"NaN","height":"NaN","shapeStyle":{"@id":2,"description":"default shape style","color":{"argb":"ff000000"}}},"labelManager":{"labels":[{"type":"textLabel","@id":3,"inputText":"Leon","labelStyle":{"@id":4,"description":"default text label style","font":{"fontName":"SansSerif","style":0,"size":10},"noBreak":false,"color":{"argb":"ff000000"},"showLabel":true,"placement":"FREE","horizontalPlacement":"FREE","verticalPlacement":"FREE"},"shape":null,"layoutText":null}],"mainLabel":3},"portCompositions":[{"type":"portGroup","@id":5,"ordered":false,"portCompositions":[{"type":"port","@id":6,"shape":{"type":"rect","xposition":"NaN","yposition":"NaN","width":"NaN","height":"NaN","shapeStyle":2},"labelManager":{"labels":[{"type":"textLabel","@id":7,"inputText":"1","labelStyle":4,"shape":null,"layoutText":null}],"mainLabel":7},"properties":{"id":"66bbb95cea58ac98c35d72b57a25e872"},"orientationAtVertex":"FREE","reference":null},{"type":"port","@id":8,"shape":{"type":"rect","xposition":"NaN","yposition":"NaN","width":"NaN","height":"NaN","shapeStyle":2},"labelManager":{"labels":[{"type":"textLabel","@id":9,"inputText":"2","labelStyle":4,"shape":null,"layoutText":null}],"mainLabel":9},"properties":{"id":"7515888e7171943f12d35eda4e6ba3a2"},"orientationAtVertex":"FREE","reference":null}],"properties":{},"reference":null}],"properties":{"id":"7843fbab76d971493e66f12c6336f717","type":"plug"},"reference":null},{"@id":10,"shape":{"type":"rect","xposition":"NaN","yposition":"NaN","width":"NaN","height":"NaN","shapeStyle":2},"labelManager":{"labels":[{"type":"textLabel","@id":11,"inputText":"Elias","labelStyle":4,"shape":null,"layoutText":null}],"mainLabel":11},"portCompositions":[{"type":"portGroup","@id":12,"ordered":false,"portCompositions":[{"type":"port","@id":13,"shape":{"type":"rect","xposition":"NaN","yposition":"NaN","width":"NaN","height":"NaN","shapeStyle":2},"labelManager":{"labels":[{"type":"textLabel","@id":14,"inputText":"1","labelStyle":4,"shape":null,"layoutText":null}],"mainLabel":14},"properties":{"id":"16a37915f82f7711dc8c460503b9eb87"},"orientationAtVertex":"FREE","reference":null},{"type":"port","@id":15,"shape":{"type":"rect","xposition":"NaN","yposition":"NaN","width":"NaN","height":"NaN","shapeStyle":2},"labelManager":{"labels":[{"type":"textLabel","@id":16,"inputText":"2","labelStyle":4,"shape":null,"layoutText":null}],"mainLabel":16},"properties":{"id":"37018b24a22fa93b5a2c806389411c06"},"orientationAtVertex":"FREE","reference":null}],"properties":{},"reference":null}],"properties":{"id":"55660e1aaeb26fa1cd201ca0412ee596","type":"plug"},"reference":null},{"@id":17,"shape":{"type":"rect","xposition":"NaN","yposition":"NaN","width":"NaN","height":"NaN","shapeStyle":2},"labelManager":{"labels":[{"type":"textLabel","@id":18,"inputText":"Jonathan","labelStyle":4,"shape":null,"layoutText":null}],"mainLabel":18},"portCompositions":[{"type":"portGroup","@id":19,"ordered":false,"portCompositions":[{"type":"port","@id":20,"shape":{"type":"rect","xposition":"NaN","yposition":"NaN","width":"NaN","height":"NaN","shapeStyle":2},"labelManager":{"labels":[{"type":"textLabel","@id":21,"inputText":"3","labelStyle":4,"shape":null,"layoutText":null}],"mainLabel":21},"properties":{"id":"ccc3ae63a431962bf52fa581b114a429"},"orientationAtVertex":"FREE","reference":null},{"type":"port","@id":22,"shape":{"type":"rect","xposition":"NaN","yposition":"NaN","width":"NaN","height":"NaN","shapeStyle":2},"labelManager":{"labels":[{"type":"textLabel","@id":23,"inputText":"4","labelStyle":4,"shape":null,"layoutText":null}],"mainLabel":23},"properties":{"id":"204a07b0f3b5098c434f5baea8fcc494"},"orientationAtVertex":"FREE","reference":null},{"type":"port","@id":24,"shape":{"type":"rect","xposition":"NaN","yposition":"NaN","width":"NaN","height":"NaN","shapeStyle":2},"labelManager":{"labels":[{"type":"textLabel","@id":25,"inputText":"2","labelStyle":4,"shape":null,"layoutText":null}],"mainLabel":25},"properties":{"id":"be1c7b203792c1754ab40cd25cdcd3a2"},"orientationAtVertex":"FREE","reference":null},{"type":"port","@id":26,"shape":{"type":"rect","xposition":"NaN","yposition":"NaN","width":"NaN","height":"NaN","shapeStyle":2},"labelManager":{"labels":[{"type":"textLabel","@id":27,"inputText":"1","labelStyle":4,"shape":null,"layoutText":null}],"mainLabel":27},"properties":{"id":"579eea2aa9ae57ade31192102f7d40bf"},"orientationAtVertex":"FREE","reference":null}],"properties":{},"reference":null}],"properties":{"id":"61bb8877a8471c99e7194fac741ae0fd","type":"plug"},"reference":null},{"@id":28,"shape":{"type":"rect","xposition":"NaN","yposition":"NaN","width":"NaN","height":"NaN","shapeStyle":2},"labelManager":{"labels":[{"type":"textLabel","@id":29,"inputText":"Emil","labelStyle":4,"shape":null,"layoutText":null}],"mainLabel":29},"portCompositions":[{"type":"portGroup","@id":30,"ordered":false,"portCompositions":[{"type":"port","@id":31,"shape":{"type":"rect","xposition":"NaN","yposition":"NaN","width":"NaN","height":"NaN","shapeStyle":2},"labelManager":{"labels":[{"type":"textLabel","@id":32,"inputText":"3","labelStyle":4,"shape":null,"layoutText":null}],"mainLabel":32},"properties":{"id":"0082b9bdff59d7c0ae1229d383b152f3"},"orientationAtVertex":"FREE","reference":null},{"type":"port","@id":33,"shape":{"type":"rect","xposition":"NaN","yposition":"NaN","width":"NaN","height":"NaN","shapeStyle":2},"labelManager":{"labels":[{"type":"textLabel","@id":34,"inputText":"4","labelStyle":4,"shape":null,"layoutText":null}],"mainLabel":34},"properties":{"id":"0ef920edd6c0c8ae303164458573163f"},"orientationAtVertex":"FREE","reference":null},{"type":"port","@id":35,"shape":{"type":"rect","xposition":"NaN","yposition":"NaN","width":"NaN","height":"NaN","shapeStyle":2},"labelManager":{"labels":[{"type":"textLabel","@id":36,"inputText":"2","labelStyle":4,"shape":null,"layoutText":null}],"mainLabel":36},"properties":{"id":"a94e6681f552bc54a4d9acca343da5fc"},"orientationAtVertex":"FREE","reference":null},{"type":"port","@id":37,"shape":{"type":"rect","xposition":"NaN","yposition":"NaN","width":"NaN","height":"NaN","shapeStyle":2},"labelManager":{"labels":[{"type":"textLabel","@id":38,"inputText":"1","labelStyle":4,"shape":null,"layoutText":null}],"mainLabel":38},"properties":{"id":"a4502f9f523875957b2db5cd3fdec9ea"},"orientationAtVertex":"FREE","reference":null}],"properties":{},"reference":null}],"properties":{"id":"e3010c5ce3736e83cda6f575b833e09f","type":"plug"},"reference":null},{"@id":39,"shape":{"type":"rect","xposition":"NaN","yposition":"NaN","width":"NaN","height":"NaN","shapeStyle":2},"labelManager":{"labels":[{"type":"textLabel","@id":40,"inputText":"Benjamin","labelStyle":4,"shape":null,"layoutText":null}],"mainLabel":40},"portCompositions":[{"type":"port","@id":41,"shape":{"type":"rect","xposition":"NaN","yposition":"NaN","width":"NaN","height":"NaN","shapeStyle":2},"labelManager":{"labels":[{"type":"textLabel","@id":42,"inputText":"1","labelStyle":4,"shape":null,"layoutText":null}],"mainLabel":42},"properties":{"id":"0f7ef58aa135ccb4997f30997e0f5cbc"},"orientationAtVertex":"FREE","reference":null}],"properties":{"id":"e7f3ab5e96e65061b84d1729f6df568a","type":"splice"},"reference":null},{"@id":43,"shape":{"type":"rect","xposition":"NaN","yposition":"NaN","width":"NaN","height":"NaN","shapeStyle":2},"labelManager":{"labels":[{"type":"textLabel","@id":44,"inputText":"Julian","labelStyle":4,"shape":null,"layoutText":null}],"mainLabel":44},"portCompositions":[{"type":"portGroup","@id":45,"ordered":false,"portCompositions":[{"type":"port","@id":46,"shape":{"type":"rect","xposition":"NaN","yposition":"NaN","width":"NaN","height":"NaN","shapeStyle":2},"labelManager":{"labels":[{"type":"textLabel","@id":47,"inputText":"4","labelStyle":4,"shape":null,"layoutText":null}],"mainLabel":47},"properties":{"id":"1ee973635c8d25b79547fe5191b07ff8"},"orientationAtVertex":"FREE","reference":null},{"type":"port","@id":48,"shape":{"type":"rect","xposition":"NaN","yposition":"NaN","width":"NaN","height":"NaN","shapeStyle":2},"labelManager":{"labels":[{"type":"textLabel","@id":49,"inputText":"1","labelStyle":4,"shape":null,"layoutText":null}],"mainLabel":49},"properties":{"id":"c41f350219fbd79fb8ece948a70f75c2"},"orientationAtVertex":"FREE","reference":null},{"type":"port","@id":50,"shape":{"type":"rect","xposition":"NaN","yposition":"NaN","width":"NaN","height":"NaN","shapeStyle":2},"labelManager":{"labels":[{"type":"textLabel","@id":51,"inputText":"7","labelStyle":4,"shape":null,"layoutText":null}],"mainLabel":51},"properties":{"id":"6467de1a140d2ecdeddcb544237f6167"},"orientationAtVertex":"FREE","reference":null},{"type":"port","@id":52,"shape":{"type":"rect","xposition":"NaN","yposition":"NaN","width":"NaN","height":"NaN","shapeStyle":2},"labelManager":{"labels":[{"type":"textLabel","@id":53,"inputText":"5","labelStyle":4,"shape":null,"layoutText":null}],"mainLabel":53},"properties":{"id":"ce7356e15c1cfe704f305db5e8718e0e"},"orientationAtVertex":"FREE","reference":null},{"type":"port","@id":54,"shape":{"type":"rect","xposition":"NaN","yposition":"NaN","width":"NaN","height":"NaN","shapeStyle":2},"labelManager":{"labels":[{"type":"textLabel","@id":55,"inputText":"3","labelStyle":4,"shape":null,"layoutText":null}],"mainLabel":55},"properties":{"id":"c79a8ac12c2004ff19d8a15b10d423f8"},"orientationAtVertex":"FREE","reference":null},{"type":"port","@id":56,"shape":{"type":"rect","xposition":"NaN","yposition":"NaN","width":"NaN","height":"NaN","shapeStyle":2},"labelManager":{"labels":[{"type":"textLabel","@id":57,"inputText":"8","labelStyle":4,"shape":null,"layoutText":null}],"mainLabel":57},"properties":{"id":"914595776b600e8579b22d04c37612ef"},"orientationAtVertex":"FREE","reference":null},{"type":"port","@id":58,"shape":{"type":"rect","xposition":"NaN","yposition":"NaN","width":"NaN","height":"NaN","shapeStyle":{"@id":59,"description":"default shape style","color":{"argb":"ff000000"}}},"labelManager":{"labels":[{"type":"textLabel","@id":60,"inputText":"6","labelStyle":{"@id":61,"description":"default text label style","font":{"fontName":"SansSerif","style":0,"size":10},"noBreak":false,"color":{"argb":"ff000000"},"showLabel":true,"placement":"FREE","horizontalPlacement":"FREE","verticalPlacement":"FREE"},"shape":null,"layoutText":null}],"mainLabel":60},"properties":{},"orientationAtVertex":"FREE","reference":null},{"type":"port","@id":62,"shape":{"type":"rect","xposition":"NaN","yposition":"NaN","width":"NaN","height":"NaN","shapeStyle":59},"labelManager":{"labels":[{"type":"textLabel","@id":63,"inputText":"2","labelStyle":61,"shape":null,"layoutText":null}],"mainLabel":63},"properties":{},"orientationAtVertex":"FREE","reference":null}],"properties":{},"reference":null},{"type":"portGroup","@id":64,"ordered":false,"portCompositions":[],"properties":{},"reference":null}],"properties":{"id":"d7dfafaa19905bf135164bdc562d4fea","type":"device"},"reference":null},{"@id":65,"shape":{"type":"rect","xposition":"NaN","yposition":"NaN","width":"NaN","height":"NaN","shapeStyle":2},"labelManager":{"labels":[{"type":"textLabel","@id":66,"inputText":"Levi","labelStyle":4,"shape":null,"layoutText":null}],"mainLabel":66},"portCompositions":[{"type":"portGroup","@id":67,"ordered":false,"portCompositions":[{"type":"port","@id":68,"shape":{"type":"rect","xposition":"NaN","yposition":"NaN","width":"NaN","height":"NaN","shapeStyle":2},"labelManager":{"labels":[{"type":"textLabel","@id":69,"inputText":"4","labelStyle":4,"shape":null,"layoutText":null}],"mainLabel":69},"properties":{"id":"3f30d2627c7083f04a9248eaa95ab197"},"orientationAtVertex":"FREE","reference":null},{"type":"port","@id":70,"shape":{"type":"rect","xposition":"NaN","yposition":"NaN","width":"NaN","height":"NaN","shapeStyle":2},"labelManager":{"labels":[{"type":"textLabel","@id":71,"inputText":"1","labelStyle":4,"shape":null,"layoutText":null}],"mainLabel":71},"properties":{"id":"d497c44a5cb7c178945fdb5814f51313"},"orientationAtVertex":"FREE","reference":null},{"type":"port","@id":72,"shape":{"type":"rect","xposition":"NaN","yposition":"NaN","width":"NaN","height":"NaN","shapeStyle":2},"labelManager":{"labels":[{"type":"textLabel","@id":73,"inputText":"7","labelStyle":4,"shape":null,"layoutText":null}],"mainLabel":73},"properties":{"id":"0598d9ce7a6df260dff9c236aba3b2e0"},"orientationAtVertex":"FREE","reference":null},{"type":"port","@id":74,"shape":{"type":"rect","xposition":"NaN","yposition":"NaN","width":"NaN","height":"NaN","shapeStyle":2},"labelManager":{"labels":[{"type":"textLabel","@id":75,"inputText":"5","labelStyle":4,"shape":null,"layoutText":null}],"mainLabel":75},"properties":{"id":"7b0750190af7d378100fbe950a95041b"},"orientationAtVertex":"FREE","reference":null},{"type":"port","@id":76,"shape":{"type":"rect","xposition":"NaN","yposition":"NaN","width":"NaN","height":"NaN","shapeStyle":2},"labelManager":{"labels":[{"type":"textLabel","@id":77,"inputText":"3","labelStyle":4,"shape":null,"layoutText":null}],"mainLabel":77},"properties":{"id":"fa66db99117034f15a9ca99aa394a872"},"orientationAtVertex":"FREE","reference":null},{"type":"port","@id":78,"shape":{"type":"rect","xposition":"NaN","yposition":"NaN","width":"NaN","height":"NaN","shapeStyle":2},"labelManager":{"labels":[{"type":"textLabel","@id":79,"inputText":"8","labelStyle":4,"shape":null,"layoutText":null}],"mainLabel":79},"properties":{"id":"105101664678613e2ec478280eba9748"},"orientationAtVertex":"FREE","reference":null}],"properties":{},"reference":null}],"properties":{"id":"f8acafedda1474a6b228ef29a521deb0","type":"socket"},"reference":null},{"@id":80,"shape":{"type":"rect","xposition":"NaN","yposition":"NaN","width":"NaN","height":"NaN","shapeStyle":2},"labelManager":{"labels":[{"type":"textLabel","@id":81,"inputText":"Moritz","labelStyle":4,"shape":null,"layoutText":null}],"mainLabel":81},"portCompositions":[{"type":"portGroup","@id":82,"ordered":false,"portCompositions":[{"type":"port","@id":83,"shape":{"type":"rect","xposition":"NaN","yposition":"NaN","width":"NaN","height":"NaN","shapeStyle":2},"labelManager":{"labels":[{"type":"textLabel","@id":84,"inputText":"2","labelStyle":4,"shape":null,"layoutText":null}],"mainLabel":84},"properties":{"id":"683cf94b5228fa7c12ff1568e7186ebe"},"orientationAtVertex":"FREE","reference":null},{"type":"port","@id":85,"shape":{"type":"rect","xposition":"NaN","yposition":"NaN","width":"NaN","height":"NaN","shapeStyle":2},"labelManager":{"labels":[{"type":"textLabel","@id":86,"inputText":"1","labelStyle":4,"shape":null,"layoutText":null}],"mainLabel":86},"properties":{"id":"3e212940fd3144ee8b48e7fa360a09fd"},"orientationAtVertex":"FREE","reference":null}],"properties":{},"reference":null}],"properties":{"id":"9ffbe1d54e02d2f588819cfb03eee404","type":"plug"},"reference":null},{"@id":87,"shape":{"type":"rect","xposition":"NaN","yposition":"NaN","width":"NaN","height":"NaN","shapeStyle":2},"labelManager":{"labels":[{"type":"textLabel","@id":88,"inputText":"Karl","labelStyle":4,"shape":null,"layoutText":null}],"mainLabel":88},"portCompositions":[{"type":"portGroup","@id":89,"ordered":false,"portCompositions":[{"type":"port","@id":90,"shape":{"type":"rect","xposition":"NaN","yposition":"NaN","width":"NaN","height":"NaN","shapeStyle":2},"labelManager":{"labels":[{"type":"textLabel","@id":91,"inputText":"2","labelStyle":4,"shape":null,"layoutText":null}],"mainLabel":91},"properties":{"id":"707f7fe97b506b4f350291f1629e5301"},"orientationAtVertex":"FREE","reference":null},{"type":"port","@id":92,"shape":{"type":"rect","xposition":"NaN","yposition":"NaN","width":"NaN","height":"NaN","shapeStyle":2},"labelManager":{"labels":[{"type":"textLabel","@id":93,"inputText":"1","labelStyle":4,"shape":null,"layoutText":null}],"mainLabel":93},"properties":{"id":"46376764a4a64335b7752ed235c6f205"},"orientationAtVertex":"FREE","reference":null}],"properties":{},"reference":null}],"properties":{"id":"5643d3a28209ab5b04b160c008deb283","type":"plug"},"reference":null},{"@id":94,"shape":{"type":"rect","xposition":"NaN","yposition":"NaN","width":"NaN","height":"NaN","shapeStyle":2},"labelManager":{"labels":[{"type":"textLabel","@id":95,"inputText":"Peter","labelStyle":4,"shape":null,"layoutText":null}],"mainLabel":95},"portCompositions":[{"type":"portGroup","@id":96,"ordered":false,"portCompositions":[{"type":"port","@id":97,"shape":{"type":"rect","xposition":"NaN","yposition":"NaN","width":"NaN","height":"NaN","shapeStyle":2},"labelManager":{"labels":[{"type":"textLabel","@id":98,"inputText":"2","labelStyle":4,"shape":null,"layoutText":null}],"mainLabel":98},"properties":{"id":"d8e07efa85db8786dd2349d6cce5dbca"},"orientationAtVertex":"FREE","reference":null},{"type":"port","@id":99,"shape":{"type":"rect","xposition":"NaN","yposition":"NaN","width":"NaN","height":"NaN","shapeStyle":2},"labelManager":{"labels":[{"type":"textLabel","@id":100,"inputText":"1","labelStyle":4,"shape":null,"layoutText":null}],"mainLabel":100},"properties":{"id":"267dbd23350db8d72d2c405a42773a63"},"orientationAtVertex":"FREE","reference":null}],"properties":{},"reference":null}],"properties":{"id":"beab7aef4db4f62b186bb7e039294d59","type":"plug"},"reference":null},{"@id":101,"shape":{"type":"rect","xposition":"NaN","yposition":"NaN","width":"NaN","height":"NaN","shapeStyle":2},"labelManager":{"labels":[{"type":"textLabel","@id":102,"inputText":"Michael","labelStyle":4,"shape":null,"layoutText":null}],"mainLabel":102},"portCompositions":[{"type":"portGroup","@id":103,"ordered":false,"portCompositions":[{"type":"port","@id":104,"shape":{"type":"rect","xposition":"NaN","yposition":"NaN","width":"NaN","height":"NaN","shapeStyle":2},"labelManager":{"labels":[{"type":"textLabel","@id":105,"inputText":"2","labelStyle":4,"shape":null,"layoutText":null}],"mainLabel":105},"properties":{"id":"45a53bd1848de37ea96643a6ca13c445"},"orientationAtVertex":"FREE","reference":null},{"type":"port","@id":106,"shape":{"type":"rect","xposition":"NaN","yposition":"NaN","width":"NaN","height":"NaN","shapeStyle":2},"labelManager":{"labels":[{"type":"textLabel","@id":107,"inputText":"1","labelStyle":4,"shape":null,"layoutText":null}],"mainLabel":107},"properties":{"id":"eb13523292f30ec43a794b048945aa49"},"orientationAtVertex":"FREE","reference":null}],"properties":{},"reference":null}],"properties":{"id":"df0affb71f30fa346a2edbe50b9c7019","type":"plug"},"reference":null},{"@id":108,"shape":{"type":"rect","xposition":"NaN","yposition":"NaN","width":"NaN","height":"NaN","shapeStyle":2},"labelManager":{"labels":[{"type":"textLabel","@id":109,"inputText":"Daniel","labelStyle":4,"shape":null,"layoutText":null}],"mainLabel":109},"portCompositions":[{"type":"portGroup","@id":110,"ordered":false,"portCompositions":[{"type":"port","@id":111,"shape":{"type":"rect","xposition":"NaN","yposition":"NaN","width":"NaN","height":"NaN","shapeStyle":2},"labelManager":{"labels":[{"type":"textLabel","@id":112,"inputText":"1","labelStyle":4,"shape":null,"layoutText":null}],"mainLabel":112},"properties":{"id":"5ba9d194b68768b40817f9d33230ead4"},"orientationAtVertex":"FREE","reference":null}],"properties":{},"reference":null}],"properties":{"id":"ad39e0ce2fa451ccd6ac8f849fd7d8c3","type":"plug"},"reference":null},{"@id":113,"shape":{"type":"rect","xposition":"NaN","yposition":"NaN","width":"NaN","height":"NaN","shapeStyle":2},"labelManager":{"labels":[{"type":"textLabel","@id":114,"inputText":"Ali","labelStyle":4,"shape":null,"layoutText":null}],"mainLabel":114},"portCompositions":[{"type":"portGroup","@id":115,"ordered":false,"portCompositions":[{"type":"port","@id":116,"shape":{"type":"rect","xposition":"NaN","yposition":"NaN","width":"NaN","height":"NaN","shapeStyle":2},"labelManager":{"labels":[{"type":"textLabel","@id":117,"inputText":"1","labelStyle":4,"shape":null,"layoutText":null}],"mainLabel":117},"properties":{"id":"2535edb61dae8a843f03b6df6628c433"},"orientationAtVertex":"FREE","reference":null}],"properties":{},"reference":null}],"properties":{"id":"00106d8d3b67ce1de0ab39c3ede2b409","type":"plug"},"reference":null},{"@id":118,"shape":{"type":"rect","xposition":"NaN","yposition":"NaN","width":"NaN","height":"NaN","shapeStyle":2},"labelManager":{"labels":[{"type":"textLabel","@id":119,"inputText":"Maximilian","labelStyle":4,"shape":null,"layoutText":null}],"mainLabel":119},"portCompositions":[{"type":"port","@id":120,"shape":{"type":"rect","xposition":"NaN","yposition":"NaN","width":"NaN","height":"NaN","shapeStyle":2},"labelManager":{"labels":[{"type":"textLabel","@id":121,"inputText":"1","labelStyle":4,"shape":null,"layoutText":null}],"mainLabel":121},"properties":{"id":"ba6a027e3dbcd31b5a308a26165fc422"},"orientationAtVertex":"FREE","reference":null}],"properties":{"id":"12009a419a27b55300f469f54dca5b88","type":"splice"},"reference":null},{"@id":122,"shape":{"type":"rect","xposition":"NaN","yposition":"NaN","width":"NaN","height":"NaN","shapeStyle":2},"labelManager":{"labels":[{"type":"textLabel","@id":123,"inputText":"Max","labelStyle":4,"shape":null,"layoutText":null}],"mainLabel":123},"portCompositions":[{"type":"portGroup","@id":124,"ordered":false,"portCompositions":[{"type":"port","@id":125,"shape":{"type":"rect","xposition":"NaN","yposition":"NaN","width":"NaN","height":"NaN","shapeStyle":2},"labelManager":{"labels":[{"type":"textLabel","@id":126,"inputText":"6","labelStyle":4,"shape":null,"layoutText":null}],"mainLabel":126},"properties":{"id":"acc4e7873b284bf812e229aff6fac8f2"},"orientationAtVertex":"FREE","reference":null},{"type":"port","@id":127,"shape":{"type":"rect","xposition":"NaN","yposition":"NaN","width":"NaN","height":"NaN","shapeStyle":2},"labelManager":{"labels":[{"type":"textLabel","@id":128,"inputText":"1","labelStyle":4,"shape":null,"layoutText":null}],"mainLabel":128},"properties":{"id":"02387a62c9271e4e7528f973795f2728"},"orientationAtVertex":"FREE","reference":null},{"type":"port","@id":129,"shape":{"type":"rect","xposition":"NaN","yposition":"NaN","width":"NaN","height":"NaN","shapeStyle":2},"labelManager":{"labels":[{"type":"textLabel","@id":130,"inputText":"2","labelStyle":4,"shape":null,"layoutText":null}],"mainLabel":130},"properties":{"id":"89eb2649b92b3c6ce47b2cdc629dba1d"},"orientationAtVertex":"FREE","reference":null},{"type":"port","@id":131,"shape":{"type":"rect","xposition":"NaN","yposition":"NaN","width":"NaN","height":"NaN","shapeStyle":2},"labelManager":{"labels":[{"type":"textLabel","@id":132,"inputText":"5","labelStyle":4,"shape":null,"layoutText":null}],"mainLabel":132},"properties":{"id":"376a7c174cf90f3a1ac8b7b97f72b5e8"},"orientationAtVertex":"FREE","reference":null},{"type":"port","@id":133,"shape":{"type":"rect","xposition":"NaN","yposition":"NaN","width":"NaN","height":"NaN","shapeStyle":2},"labelManager":{"labels":[{"type":"textLabel","@id":134,"inputText":"4","labelStyle":4,"shape":null,"layoutText":null}],"mainLabel":134},"properties":{"id":"f2a73bac3aebf72a3fea3f72daef7f2e"},"orientationAtVertex":"FREE","reference":null},{"type":"port","@id":135,"shape":{"type":"rect","xposition":"NaN","yposition":"NaN","width":"NaN","height":"NaN","shapeStyle":2},"labelManager":{"labels":[{"type":"textLabel","@id":136,"inputText":"3","labelStyle":4,"shape":null,"layoutText":null}],"mainLabel":136},"properties":{"id":"ee337ca4609a48feca67f8b12f7d7a24"},"orientationAtVertex":"FREE","reference":null}],"properties":{},"reference":null}],"properties":{"id":"e1721faa004749b1c8061cb1472ba542","type":"plug"},"reference":null},{"@id":137,"shape":{"type":"rect","xposition":"NaN","yposition":"NaN","width":"NaN","height":"NaN","shapeStyle":2},"labelManager":{"labels":[{"type":"textLabel","@id":138,"inputText":"Jan","labelStyle":4,"shape":null,"layoutText":null}],"mainLabel":138},"portCompositions":[{"type":"portGroup","@id":139,"ordered":false,"portCompositions":[{"type":"port","@id":140,"shape":{"type":"rect","xposition":"NaN","yposition":"NaN","width":"NaN","height":"NaN","shapeStyle":2},"labelManager":{"labels":[{"type":"textLabel","@id":141,"inputText":"6","labelStyle":4,"shape":null,"layoutText":null}],"mainLabel":141},"properties":{"id":"79c917e2c1d1ce105c9bb071729e9917"},"orientationAtVertex":"FREE","reference":null},{"type":"port","@id":142,"shape":{"type":"rect","xposition":"NaN","yposition":"NaN","width":"NaN","height":"NaN","shapeStyle":2},"labelManager":{"labels":[{"type":"textLabel","@id":143,"inputText":"1","labelStyle":4,"shape":null,"layoutText":null}],"mainLabel":143},"properties":{"id":"38b8b52a388537a268478f41e891f060"},"orientationAtVertex":"FREE","reference":null},{"type":"port","@id":144,"shape":{"type":"rect","xposition":"NaN","yposition":"NaN","width":"NaN","height":"NaN","shapeStyle":2},"labelManager":{"labels":[{"type":"textLabel","@id":145,"inputText":"2","labelStyle":4,"shape":null,"layoutText":null}],"mainLabel":145},"properties":{"id":"3997dec00840b0988ae1c979ae8cfc39"},"orientationAtVertex":"FREE","reference":null},{"type":"port","@id":146,"shape":{"type":"rect","xposition":"NaN","yposition":"NaN","width":"NaN","height":"NaN","shapeStyle":2},"labelManager":{"labels":[{"type":"textLabel","@id":147,"inputText":"5","labelStyle":4,"shape":null,"layoutText":null}],"mainLabel":147},"properties":{"id":"3245f24f856a1daa9eb9f86abf419d14"},"orientationAtVertex":"FREE","reference":null},{"type":"port","@id":148,"shape":{"type":"rect","xposition":"NaN","yposition":"NaN","width":"NaN","height":"NaN","shapeStyle":2},"labelManager":{"labels":[{"type":"textLabel","@id":149,"inputText":"4","labelStyle":4,"shape":null,"layoutText":null}],"mainLabel":149},"properties":{"id":"acf9aafd38dbfad51148e0989f4fac15"},"orientationAtVertex":"FREE","reference":null},{"type":"port","@id":150,"shape":{"type":"rect","xposition":"NaN","yposition":"NaN","width":"NaN","height":"NaN","shapeStyle":2},"labelManager":{"labels":[{"type":"textLabel","@id":151,"inputText":"3","labelStyle":4,"shape":null,"layoutText":null}],"mainLabel":151},"properties":{"id":"9e740f6d67f0cf22eb636e9904a91756"},"orientationAtVertex":"FREE","reference":null}],"properties":{},"reference":null}],"properties":{"id":"849c19895f0fe3d52e944710064be965","type":"plug"},"reference":null},{"@id":152,"shape":{"type":"rect","xposition":"NaN","yposition":"NaN","width":"NaN","height":"NaN","shapeStyle":2},"labelManager":{"labels":[{"type":"textLabel","@id":153,"inputText":"Tim","labelStyle":4,"shape":null,"layoutText":null}],"mainLabel":153},"portCompositions":[{"type":"portGroup","@id":154,"ordered":false,"portCompositions":[{"type":"port","@id":155,"shape":{"type":"rect","xposition":"NaN","yposition":"NaN","width":"NaN","height":"NaN","shapeStyle":2},"labelManager":{"labels":[{"type":"textLabel","@id":156,"inputText":"2","labelStyle":4,"shape":null,"layoutText":null}],"mainLabel":156},"properties":{"id":"22f6de95459c6b1dd919bd0074d92336"},"orientationAtVertex":"FREE","reference":null},{"type":"port","@id":157,"shape":{"type":"rect","xposition":"NaN","yposition":"NaN","width":"NaN","height":"NaN","shapeStyle":59},"labelManager":{"labels":[{"type":"textLabel","@id":158,"inputText":"1","labelStyle":61,"shape":null,"layoutText":null}],"mainLabel":158},"properties":{},"orientationAtVertex":"FREE","reference":null}],"properties":{},"reference":null}],"properties":{"id":"9a469ee6a710dc8b9d00d790d16646e6","type":"plug"},"reference":null},{"@id":159,"shape":{"type":"rect","xposition":"NaN","yposition":"NaN","width":"NaN","height":"NaN","shapeStyle":2},"labelManager":{"labels":[{"type":"textLabel","@id":160,"inputText":"Oskar","labelStyle":4,"shape":null,"layoutText":null}],"mainLabel":160},"portCompositions":[{"type":"portGroup","@id":161,"ordered":false,"portCompositions":[{"type":"port","@id":162,"shape":{"type":"rect","xposition":"NaN","yposition":"NaN","width":"NaN","height":"NaN","shapeStyle":2},"labelManager":{"labels":[{"type":"textLabel","@id":163,"inputText":"2","labelStyle":4,"shape":null,"layoutText":null}],"mainLabel":163},"properties":{"id":"b80a7aad2034516d6362108965360607"},"orientationAtVertex":"FREE","reference":null},{"type":"port","@id":164,"shape":{"type":"rect","xposition":"NaN","yposition":"NaN","width":"NaN","height":"NaN","shapeStyle":59},"labelManager":{"labels":[{"type":"textLabel","@id":165,"inputText":"1","labelStyle":61,"shape":null,"layoutText":null}],"mainLabel":165},"properties":{},"orientationAtVertex":"FREE","reference":null}],"properties":{},"reference":null}],"properties":{"id":"7002c5c0e6903e5384f54d881e660943","type":"plug"},"reference":null},{"@id":166,"shape":{"type":"rect","xposition":"NaN","yposition":"NaN","width":"NaN","height":"NaN","shapeStyle":2},"labelManager":{"labels":[{"type":"textLabel","@id":167,"inputText":"Luca","labelStyle":4,"shape":null,"layoutText":null}],"mainLabel":167},"portCompositions":[{"type":"portGroup","@id":168,"ordered":false,"portCompositions":[{"type":"port","@id":169,"shape":{"type":"rect","xposition":"NaN","yposition":"NaN","width":"NaN","height":"NaN","shapeStyle":2},"labelManager":{"labels":[{"type":"textLabel","@id":170,"inputText":"2","labelStyle":4,"shape":null,"layoutText":null}],"mainLabel":170},"properties":{"id":"9fb20ea8efb68396dd3b8919ab3025f0"},"orientationAtVertex":"FREE","reference":null},{"type":"port","@id":171,"shape":{"type":"rect","xposition":"NaN","yposition":"NaN","width":"NaN","height":"NaN","shapeStyle":59},"labelManager":{"labels":[{"type":"textLabel","@id":172,"inputText":"1","labelStyle":61,"shape":null,"layoutText":null}],"mainLabel":172},"properties":{},"orientationAtVertex":"FREE","reference":null}],"properties":{},"reference":null}],"properties":{"id":"72d37500a509bcffd897149545d0ffc9","type":"device"},"reference":null},{"@id":173,"shape":{"type":"rect","xposition":"NaN","yposition":"NaN","width":"NaN","height":"NaN","shapeStyle":2},"labelManager":{"labels":[{"type":"textLabel","@id":174,"inputText":"Theo","labelStyle":4,"shape":null,"layoutText":null}],"mainLabel":174},"portCompositions":[{"type":"portGroup","@id":175,"ordered":false,"portCompositions":[{"type":"port","@id":176,"shape":{"type":"rect","xposition":"NaN","yposition":"NaN","width":"NaN","height":"NaN","shapeStyle":2},"labelManager":{"labels":[{"type":"textLabel","@id":177,"inputText":"2","labelStyle":4,"shape":null,"layoutText":null}],"mainLabel":177},"properties":{"id":"ad15bf86e8ebadc2b9aa40526581351f"},"orientationAtVertex":"FREE","reference":null},{"type":"port","@id":178,"shape":{"type":"rect","xposition":"NaN","yposition":"NaN","width":"NaN","height":"NaN","shapeStyle":59},"labelManager":{"labels":[{"type":"textLabel","@id":179,"inputText":"1","labelStyle":61,"shape":null,"layoutText":null}],"mainLabel":179},"properties":{},"orientationAtVertex":"FREE","reference":null}],"properties":{},"reference":null}],"properties":{"id":"a611d48709f1b68283743b9a80b65256","type":"socket"},"reference":null},{"@id":180,"shape":{"type":"rect","xposition":"NaN","yposition":"NaN","width":"NaN","height":"NaN","shapeStyle":2},"labelManager":{"labels":[{"type":"textLabel","@id":181,"inputText":"Henry","labelStyle":4,"shape":null,"layoutText":null}],"mainLabel":181},"portCompositions":[{"type":"portGroup","@id":182,"ordered":false,"portCompositions":[{"type":"port","@id":183,"shape":{"type":"rect","xposition":"NaN","yposition":"NaN","width":"NaN","height":"NaN","shapeStyle":2},"labelManager":{"labels":[{"type":"textLabel","@id":184,"inputText":"1","labelStyle":4,"shape":null,"layoutText":null}],"mainLabel":184},"properties":{"id":"f5086148cd4cadcf7c6ed04316e412cf"},"orientationAtVertex":"FREE","reference":null}],"properties":{},"reference":null}],"properties":{"id":"51697139c6fff33ab40deb0b159eafd0","type":"plug"},"reference":null},{"@id":185,"shape":{"type":"rect","xposition":"NaN","yposition":"NaN","width":"NaN","height":"NaN","shapeStyle":2},"labelManager":{"labels":[{"type":"textLabel","@id":186,"inputText":"Samuel","labelStyle":4,"shape":null,"layoutText":null}],"mainLabel":186},"portCompositions":[{"type":"portGroup","@id":187,"ordered":false,"portCompositions":[{"type":"port","@id":188,"shape":{"type":"rect","xposition":"NaN","yposition":"NaN","width":"NaN","height":"NaN","shapeStyle":2},"labelManager":{"labels":[{"type":"textLabel","@id":189,"inputText":"1","labelStyle":4,"shape":null,"layoutText":null}],"mainLabel":189},"properties":{"id":"ef4cc4aede54dc1018b7deaa3b15cd0f"},"orientationAtVertex":"FREE","reference":null}],"properties":{},"reference":null}],"properties":{"id":"efb15aad3de828079315a647adcc6cf6","type":"plug"},"reference":null},{"@id":190,"shape":{"type":"rect","xposition":"NaN","yposition":"NaN","width":"NaN","height":"NaN","shapeStyle":2},"labelManager":{"labels":[{"type":"textLabel","@id":191,"inputText":"Anton","labelStyle":4,"shape":null,"layoutText":null}],"mainLabel":191},"portCompositions":[{"type":"port","@id":192,"shape":{"type":"rect","xposition":"NaN","yposition":"NaN","width":"NaN","height":"NaN","shapeStyle":2},"labelManager":{"labels":[{"type":"textLabel","@id":193,"inputText":"1","labelStyle":4,"shape":null,"layoutText":null}],"mainLabel":193},"properties":{"id":"84f3a10594c94b7840abf7bf1bc10540"},"orientationAtVertex":"FREE","reference":null}],"properties":{"id":"fcc1faae6f9dcdd3d3fddfb2a8476d10","type":"splice"},"reference":null},{"@id":194,"shape":{"type":"rect","xposition":"NaN","yposition":"NaN","width":"NaN","height":"NaN","shapeStyle":2},"labelManager":{"labels":[{"type":"textLabel","@id":195,"inputText":"Alexander","labelStyle":4,"shape":null,"layoutText":null}],"mainLabel":195},"portCompositions":[{"type":"portGroup","@id":196,"ordered":false,"portCompositions":[{"type":"port","@id":197,"shape":{"type":"rect","xposition":"NaN","yposition":"NaN","width":"NaN","height":"NaN","shapeStyle":2},"labelManager":{"labels":[{"type":"textLabel","@id":198,"inputText":"1","labelStyle":4,"shape":null,"layoutText":null}],"mainLabel":198},"properties":{"id":"354c13766c381e9a39d6496a5d371d3a"},"orientationAtVertex":"FREE","reference":null}],"properties":{},"reference":null}],"properties":{"id":"e5a1cbc9744302d01c9bd120de24f48a","type":"plug"},"reference":null},{"@id":199,"shape":{"type":"rect","xposition":"NaN","yposition":"NaN","width":"NaN","height":"NaN","shapeStyle":2},"labelManager":{"labels":[{"type":"textLabel","@id":200,"inputText":"Jakob","labelStyle":4,"shape":null,"layoutText":null}],"mainLabel":200},"portCompositions":[{"type":"portGroup","@id":201,"ordered":false,"portCompositions":[{"type":"port","@id":202,"shape":{"type":"rect","xposition":"NaN","yposition":"NaN","width":"NaN","height":"NaN","shapeStyle":2},"labelManager":{"labels":[{"type":"textLabel","@id":203,"inputText":"1","labelStyle":4,"shape":null,"layoutText":null}],"mainLabel":203},"properties":{"id":"708defb9cd23e0c54eacfacd138f0fe5"},"orientationAtVertex":"FREE","reference":null}],"properties":{},"reference":null}],"properties":{"id":"bf833916c075efe44a20760548122ebc","type":"plug"},"reference":null},{"@id":204,"shape":{"type":"rect","xposition":"NaN","yposition":"NaN","width":"NaN","height":"NaN","shapeStyle":2},"labelManager":{"labels":[{"type":"textLabel","@id":205,"inputText":"Vincent","labelStyle":4,"shape":null,"layoutText":null}],"mainLabel":205},"portCompositions":[{"type":"portGroup","@id":206,"ordered":false,"portCompositions":[{"type":"port","@id":207,"shape":{"type":"rect","xposition":"NaN","yposition":"NaN","width":"NaN","height":"NaN","shapeStyle":2},"labelManager":{"labels":[{"type":"textLabel","@id":208,"inputText":"1","labelStyle":4,"shape":null,"layoutText":null}],"mainLabel":208},"properties":{"id":"b02fea5c575bc68ab4e5215ce79b8908"},"orientationAtVertex":"FREE","reference":null},{"type":"port","@id":209,"shape":{"type":"rect","xposition":"NaN","yposition":"NaN","width":"NaN","height":"NaN","shapeStyle":2},"labelManager":{"labels":[{"type":"textLabel","@id":210,"inputText":"3","labelStyle":4,"shape":null,"layoutText":null}],"mainLabel":210},"properties":{"id":"9d4331499718af3f5ec46283c9907e83"},"orientationAtVertex":"FREE","reference":null},{"type":"port","@id":211,"shape":{"type":"rect","xposition":"NaN","yposition":"NaN","width":"NaN","height":"NaN","shapeStyle":2},"labelManager":{"labels":[{"type":"textLabel","@id":212,"inputText":"2","labelStyle":4,"shape":null,"layoutText":null}],"mainLabel":212},"properties":{"id":"429322994da1c5b45724925f2d281e8b"},"orientationAtVertex":"FREE","reference":null},{"type":"port","@id":213,"shape":{"type":"rect","xposition":"NaN","yposition":"NaN","width":"NaN","height":"NaN","shapeStyle":2},"labelManager":{"labels":[{"type":"textLabel","@id":214,"inputText":"4","labelStyle":4,"shape":null,"layoutText":null}],"mainLabel":214},"properties":{"id":"86c924d5c423c486a0080347350812f8"},"orientationAtVertex":"FREE","reference":null}],"properties":{},"reference":null}],"properties":{"id":"fb31b09504ae000949bec77ec2eb0c78","type":"plug"},"reference":null},{"@id":215,"shape":{"type":"rect","xposition":"NaN","yposition":"NaN","width":"NaN","height":"NaN","shapeStyle":2},"labelManager":{"labels":[{"type":"textLabel","@id":216,"inputText":"Leo","labelStyle":4,"shape":null,"layoutText":null}],"mainLabel":216},"portCompositions":[{"type":"portGroup","@id":217,"ordered":false,"portCompositions":[{"type":"port","@id":218,"shape":{"type":"rect","xposition":"NaN","yposition":"NaN","width":"NaN","height":"NaN","shapeStyle":2},"labelManager":{"labels":[{"type":"textLabel","@id":219,"inputText":"1","labelStyle":4,"shape":null,"layoutText":null}],"mainLabel":219},"properties":{"id":"0b39eb39a963e44d6b6a098027ad8279"},"orientationAtVertex":"FREE","reference":null},{"type":"port","@id":220,"shape":{"type":"rect","xposition":"NaN","yposition":"NaN","width":"NaN","height":"NaN","shapeStyle":2},"labelManager":{"labels":[{"type":"textLabel","@id":221,"inputText":"3","labelStyle":4,"shape":null,"layoutText":null}],"mainLabel":221},"properties":{"id":"f7e6f2329cfa28e1b70165178878d915"},"orientationAtVertex":"FREE","reference":null},{"type":"port","@id":222,"shape":{"type":"rect","xposition":"NaN","yposition":"NaN","width":"NaN","height":"NaN","shapeStyle":2},"labelManager":{"labels":[{"type":"textLabel","@id":223,"inputText":"2","labelStyle":4,"shape":null,"layoutText":null}],"mainLabel":223},"properties":{"id":"a802d95aa510a16df91c83e55fac6108"},"orientationAtVertex":"FREE","reference":null},{"type":"port","@id":224,"shape":{"type":"rect","xposition":"NaN","yposition":"NaN","width":"NaN","height":"NaN","shapeStyle":2},"labelManager":{"labels":[{"type":"textLabel","@id":225,"inputText":"4","labelStyle":4,"shape":null,"layoutText":null}],"mainLabel":225},"properties":{"id":"0bd50ba95b71e53413e00fe441f07f47"},"orientationAtVertex":"FREE","reference":null}],"properties":{},"reference":null}],"properties":{"id":"67446966fbd8b608a350e5aba1da8419","type":"plug"},"reference":null},{"@id":226,"shape":{"type":"rect","xposition":"NaN","yposition":"NaN","width":"NaN","height":"NaN","shapeStyle":2},"labelManager":{"labels":[{"type":"textLabel","@id":227,"inputText":"Julius","labelStyle":4,"shape":null,"layoutText":null}],"mainLabel":227},"portCompositions":[{"type":"portGroup","@id":228,"ordered":false,"portCompositions":[{"type":"port","@id":229,"shape":{"type":"rect","xposition":"NaN","yposition":"NaN","width":"NaN","height":"NaN","shapeStyle":2},"labelManager":{"labels":[{"type":"textLabel","@id":230,"inputText":"2","labelStyle":4,"shape":null,"layoutText":null}],"mainLabel":230},"properties":{"id":"81b878b8b62c3d01bcfd912477bdc1ff"},"orientationAtVertex":"FREE","reference":null},{"type":"port","@id":231,"shape":{"type":"rect","xposition":"NaN","yposition":"NaN","width":"NaN","height":"NaN","shapeStyle":59},"labelManager":{"labels":[{"type":"textLabel","@id":232,"inputText":"1","labelStyle":61,"shape":null,"layoutText":null}],"mainLabel":232},"properties":{},"orientationAtVertex":"FREE","reference":null}],"properties":{},"reference":null}],"properties":{"id":"786f98e86231e8ef99dfe8a67983d7e0","type":"device"},"reference":null},{"@id":233,"shape":{"type":"rect","xposition":"NaN","yposition":"NaN","width":"NaN","height":"NaN","shapeStyle":2},"labelManager":{"labels":[{"type":"textLabel","@id":234,"inputText":"Ben","labelStyle":4,"shape":null,"layoutText":null}],"mainLabel":234},"portCompositions":[{"type":"portGroup","@id":235,"ordered":false,"portCompositions":[{"type":"port","@id":236,"shape":{"type":"rect","xposition":"NaN","yposition":"NaN","width":"NaN","height":"NaN","shapeStyle":2},"labelManager":{"labels":[{"type":"textLabel","@id":237,"inputText":"2","labelStyle":4,"shape":null,"layoutText":null}],"mainLabel":237},"properties":{"id":"47362f78b176cea8f8cb96f0ae47bb20"},"orientationAtVertex":"FREE","reference":null}],"properties":{},"reference":null}],"properties":{"id":"cf19a20a8fe106b3aa05360b6d2e0843","type":"socket"},"reference":null},{"@id":238,"shape":{"type":"rect","xposition":"NaN","yposition":"NaN","width":"NaN","height":"NaN","shapeStyle":2},"labelManager":{"labels":[{"type":"textLabel","@id":239,"inputText":"Christian","labelStyle":4,"shape":null,"layoutText":null}],"mainLabel":239},"portCompositions":[{"type":"portGroup","@id":240,"ordered":false,"portCompositions":[{"type":"port","@id":241,"shape":{"type":"rect","xposition":"NaN","yposition":"NaN","width":"NaN","height":"NaN","shapeStyle":2},"labelManager":{"labels":[{"type":"textLabel","@id":242,"inputText":"3","labelStyle":4,"shape":null,"layoutText":null}],"mainLabel":242},"properties":{"id":"1cca72b6fe0074ae45c27453fe9677c9"},"orientationAtVertex":"FREE","reference":null},{"type":"port","@id":243,"shape":{"type":"rect","xposition":"NaN","yposition":"NaN","width":"NaN","height":"NaN","shapeStyle":2},"labelManager":{"labels":[{"type":"textLabel","@id":244,"inputText":"1","labelStyle":4,"shape":null,"layoutText":null}],"mainLabel":244},"properties":{"id":"60750ed15f7e03790ceb8bf33890918c"},"orientationAtVertex":"FREE","reference":null},{"type":"port","@id":245,"shape":{"type":"rect","xposition":"NaN","yposition":"NaN","width":"NaN","height":"NaN","shapeStyle":2},"labelManager":{"labels":[{"type":"textLabel","@id":246,"inputText":"2","labelStyle":4,"shape":null,"layoutText":null}],"mainLabel":246},"properties":{"id":"ffed73a8a750f0ff5d3898bf21fa4e54"},"orientationAtVertex":"FREE","reference":null},{"type":"port","@id":247,"shape":{"type":"rect","xposition":"NaN","yposition":"NaN","width":"NaN","height":"NaN","shapeStyle":2},"labelManager":{"labels":[{"type":"textLabel","@id":248,"inputText":"4","labelStyle":4,"shape":null,"layoutText":null}],"mainLabel":248},"properties":{"id":"8ae77b8df32b25cd7a6f371f7ed16b2f"},"orientationAtVertex":"FREE","reference":null}],"properties":{},"reference":null}],"properties":{"id":"aa1f25476d0a35242beaee544bf2cfb8","type":"device"},"reference":null},{"@id":249,"shape":{"type":"rect","xposition":"NaN","yposition":"NaN","width":"NaN","height":"NaN","shapeStyle":2},"labelManager":{"labels":[{"type":"textLabel","@id":250,"inputText":"Florian","labelStyle":4,"shape":null,"layoutText":null}],"mainLabel":250},"portCompositions":[{"type":"portGroup","@id":251,"ordered":false,"portCompositions":[{"type":"port","@id":252,"shape":{"type":"rect","xposition":"NaN","yposition":"NaN","width":"NaN","height":"NaN","shapeStyle":2},"labelManager":{"labels":[{"type":"textLabel","@id":253,"inputText":"3","labelStyle":4,"shape":null,"layoutText":null}],"mainLabel":253},"properties":{"id":"434a7a45b0f9719f789bd86dd8eb087b"},"orientationAtVertex":"FREE","reference":null},{"type":"port","@id":254,"shape":{"type":"rect","xposition":"NaN","yposition":"NaN","width":"NaN","height":"NaN","shapeStyle":2},"labelManager":{"labels":[{"type":"textLabel","@id":255,"inputText":"1","labelStyle":4,"shape":null,"layoutText":null}],"mainLabel":255},"properties":{"id":"28340739e88d3826b7bf7375833da94d"},"orientationAtVertex":"FREE","reference":null},{"type":"port","@id":256,"shape":{"type":"rect","xposition":"NaN","yposition":"NaN","width":"NaN","height":"NaN","shapeStyle":2},"labelManager":{"labels":[{"type":"textLabel","@id":257,"inputText":"2","labelStyle":4,"shape":null,"layoutText":null}],"mainLabel":257},"properties":{"id":"ad75ac75c2358fb143e71b7878566aa7"},"orientationAtVertex":"FREE","reference":null},{"type":"port","@id":258,"shape":{"type":"rect","xposition":"NaN","yposition":"NaN","width":"NaN","height":"NaN","shapeStyle":2},"labelManager":{"labels":[{"type":"textLabel","@id":259,"inputText":"4","labelStyle":4,"shape":null,"layoutText":null}],"mainLabel":259},"properties":{"id":"ed9ca18b7bafd853207bba49523e6c0e"},"orientationAtVertex":"FREE","reference":null}],"properties":{},"reference":null}],"properties":{"id":"14992b6240155b286b378f7b3045b0b3","type":"socket"},"reference":null},{"@id":260,"shape":{"type":"rect","xposition":"NaN","yposition":"NaN","width":"NaN","height":"NaN","shapeStyle":2},"labelManager":{"labels":[{"type":"textLabel","@id":261,"inputText":"Valentin","labelStyle":4,"shape":null,"layoutText":null}],"mainLabel":261},"portCompositions":[{"type":"portGroup","@id":262,"ordered":false,"portCompositions":[{"type":"port","@id":263,"shape":{"type":"rect","xposition":"NaN","yposition":"NaN","width":"NaN","height":"NaN","shapeStyle":2},"labelManager":{"labels":[{"type":"textLabel","@id":264,"inputText":"1","labelStyle":4,"shape":null,"layoutText":null}],"mainLabel":264},"properties":{"id":"49363b62eed72773968d7f8366f30c40"},"orientationAtVertex":"FREE","reference":null}],"properties":{},"reference":null}],"properties":{"id":"0062ea4ffc5d9a03956226697fb05c14","type":"plug"},"reference":null},{"@id":265,"shape":{"type":"rect","xposition":"NaN","yposition":"NaN","width":"NaN","height":"NaN","shapeStyle":2},"labelManager":{"labels":[{"type":"textLabel","@id":266,"inputText":"Joel","labelStyle":4,"shape":null,"layoutText":null}],"mainLabel":266},"portCompositions":[{"type":"portGroup","@id":267,"ordered":false,"portCompositions":[{"type":"port","@id":268,"shape":{"type":"rect","xposition":"NaN","yposition":"NaN","width":"NaN","height":"NaN","shapeStyle":2},"labelManager":{"labels":[{"type":"textLabel","@id":269,"inputText":"1","labelStyle":4,"shape":null,"layoutText":null}],"mainLabel":269},"properties":{"id":"7010627fd0581ac0c75cbd88a5361d2c"},"orientationAtVertex":"FREE","reference":null}],"properties":{},"reference":null}],"properties":{"id":"7013b1ff04d9e0420291f73c5e41407e","type":"plug"},"reference":null},{"@id":270,"shape":{"type":"rect","xposition":"NaN","yposition":"NaN","width":"NaN","height":"NaN","shapeStyle":2},"labelManager":{"labels":[{"type":"textLabel","@id":271,"inputText":"Frederik","labelStyle":4,"shape":null,"layoutText":null}],"mainLabel":271},"portCompositions":[{"type":"portGroup","@id":272,"ordered":false,"portCompositions":[{"type":"port","@id":273,"shape":{"type":"rect","xposition":"NaN","yposition":"NaN","width":"NaN","height":"NaN","shapeStyle":2},"labelManager":{"labels":[{"type":"textLabel","@id":274,"inputText":"1","labelStyle":4,"shape":null,"layoutText":null}],"mainLabel":274},"properties":{"id":"3441d1d0a1a01dbede424d591aba57a0"},"orientationAtVertex":"FREE","reference":null}],"properties":{},"reference":null}],"properties":{"id":"bd09ab4fcf70818465976141c6ab093f","type":"plug"},"reference":null},{"@id":275,"shape":{"type":"rect","xposition":"NaN","yposition":"NaN","width":"NaN","height":"NaN","shapeStyle":2},"labelManager":{"labels":[{"type":"textLabel","@id":276,"inputText":"Johann","labelStyle":4,"shape":null,"layoutText":null}],"mainLabel":276},"portCompositions":[{"type":"portGroup","@id":277,"ordered":false,"portCompositions":[{"type":"port","@id":278,"shape":{"type":"rect","xposition":"NaN","yposition":"NaN","width":"NaN","height":"NaN","shapeStyle":2},"labelManager":{"labels":[{"type":"textLabel","@id":279,"inputText":"1","labelStyle":4,"shape":null,"layoutText":null}],"mainLabel":279},"properties":{"id":"19915201701987d8038e8798a1e1d35d"},"orientationAtVertex":"FREE","reference":null}],"properties":{},"reference":null}],"properties":{"id":"cc8d6dcedbbb78ed30d3d343b7280a62","type":"plug"},"reference":null},{"@id":280,"shape":{"type":"rect","xposition":"NaN","yposition":"NaN","width":"NaN","height":"NaN","shapeStyle":2},"labelManager":{"labels":[{"type":"textLabel","@id":281,"inputText":"Luis","labelStyle":4,"shape":null,"layoutText":null}],"mainLabel":281},"portCompositions":[{"type":"port","@id":282,"shape":{"type":"rect","xposition":"NaN","yposition":"NaN","width":"NaN","height":"NaN","shapeStyle":2},"labelManager":{"labels":[{"type":"textLabel","@id":283,"inputText":"1","labelStyle":4,"shape":null,"layoutText":null}],"mainLabel":283},"properties":{"id":"3b8d741ddf60bea1057db01ea44ee227"},"orientationAtVertex":"FREE","reference":null}],"properties":{"id":"d212eded857deac4b4a60bb3b64ed57a","type":"splice"},"reference":null},{"@id":284,"shape":{"type":"rect","xposition":"NaN","yposition":"NaN","width":"NaN","height":"NaN","shapeStyle":2},"labelManager":{"labels":[{"type":"textLabel","@id":285,"inputText":"Liam","labelStyle":4,"shape":null,"layoutText":null}],"mainLabel":285},"portCompositions":[{"type":"port","@id":286,"shape":{"type":"rect","xposition":"NaN","yposition":"NaN","width":"NaN","height":"NaN","shapeStyle":2},"labelManager":{"labels":[{"type":"textLabel","@id":287,"inputText":"1","labelStyle":4,"shape":null,"layoutText":null}],"mainLabel":287},"properties":{"id":"7a4ca1eeeacb05b4c43b8389c14d62ae"},"orientationAtVertex":"FREE","reference":null}],"properties":{"id":"a43c1f19c080c495653d358d783c33b1","type":"splice"},"reference":null},{"@id":288,"shape":{"type":"rect","xposition":"NaN","yposition":"NaN","width":"NaN","height":"NaN","shapeStyle":2},"labelManager":{"labels":[{"type":"textLabel","@id":289,"inputText":"Paul","labelStyle":4,"shape":null,"layoutText":null}],"mainLabel":289},"portCompositions":[{"type":"portGroup","@id":290,"ordered":false,"portCompositions":[{"type":"port","@id":291,"shape":{"type":"rect","xposition":"NaN","yposition":"NaN","width":"NaN","height":"NaN","shapeStyle":2},"labelManager":{"labels":[{"type":"textLabel","@id":292,"inputText":"2","labelStyle":4,"shape":null,"layoutText":null}],"mainLabel":292},"properties":{"id":"519a40627a198e595407df802f8e764a"},"orientationAtVertex":"FREE","reference":null},{"type":"port","@id":293,"shape":{"type":"rect","xposition":"NaN","yposition":"NaN","width":"NaN","height":"NaN","shapeStyle":2},"labelManager":{"labels":[{"type":"textLabel","@id":294,"inputText":"7","labelStyle":4,"shape":null,"layoutText":null}],"mainLabel":294},"properties":{"id":"aef8ebdc4ea3b472e46e6081efcb53e0"},"orientationAtVertex":"FREE","reference":null},{"type":"port","@id":295,"shape":{"type":"rect","xposition":"NaN","yposition":"NaN","width":"NaN","height":"NaN","shapeStyle":2},"labelManager":{"labels":[{"type":"textLabel","@id":296,"inputText":"6","labelStyle":4,"shape":null,"layoutText":null}],"mainLabel":296},"properties":{"id":"a3d5227d7863c1c6db6b81018d3b5878"},"orientationAtVertex":"FREE","reference":null},{"type":"port","@id":297,"shape":{"type":"rect","xposition":"NaN","yposition":"NaN","width":"NaN","height":"NaN","shapeStyle":59},"labelManager":{"labels":[{"type":"textLabel","@id":298,"inputText":"5","labelStyle":61,"shape":null,"layoutText":null}],"mainLabel":298},"properties":{},"orientationAtVertex":"FREE","reference":null},{"type":"port","@id":299,"shape":{"type":"rect","xposition":"NaN","yposition":"NaN","width":"NaN","height":"NaN","shapeStyle":59},"labelManager":{"labels":[{"type":"textLabel","@id":300,"inputText":"3","labelStyle":61,"shape":null,"layoutText":null}],"mainLabel":300},"properties":{},"orientationAtVertex":"FREE","reference":null},{"type":"port","@id":301,"shape":{"type":"rect","xposition":"NaN","yposition":"NaN","width":"NaN","height":"NaN","shapeStyle":59},"labelManager":{"labels":[{"type":"textLabel","@id":302,"inputText":"4","labelStyle":61,"shape":null,"layoutText":null}],"mainLabel":302},"properties":{},"orientationAtVertex":"FREE","reference":null},{"type":"port","@id":303,"shape":{"type":"rect","xposition":"NaN","yposition":"NaN","width":"NaN","height":"NaN","shapeStyle":59},"labelManager":{"labels":[{"type":"textLabel","@id":304,"inputText":"1","labelStyle":61,"shape":null,"layoutText":null}],"mainLabel":304},"properties":{},"orientationAtVertex":"FREE","reference":null}],"properties":{},"reference":null}],"properties":{"id":"7fcb678839f59142d9f0e7d00272a1de","type":"device"},"reference":null},{"@id":305,"shape":{"type":"rect","xposition":"NaN","yposition":"NaN","width":"NaN","height":"NaN","shapeStyle":2},"labelManager":{"labels":[{"type":"textLabel","@id":306,"inputText":"Lukas","labelStyle":4,"shape":null,"layoutText":null}],"mainLabel":306},"portCompositions":[{"type":"portGroup","@id":307,"ordered":false,"portCompositions":[{"type":"port","@id":308,"shape":{"type":"rect","xposition":"NaN","yposition":"NaN","width":"NaN","height":"NaN","shapeStyle":2},"labelManager":{"labels":[{"type":"textLabel","@id":309,"inputText":"2","labelStyle":4,"shape":null,"layoutText":null}],"mainLabel":309},"properties":{"id":"5bb1ac686e36db1a32ded180a6c33b91"},"orientationAtVertex":"FREE","reference":null},{"type":"port","@id":310,"shape":{"type":"rect","xposition":"NaN","yposition":"NaN","width":"NaN","height":"NaN","shapeStyle":2},"labelManager":{"labels":[{"type":"textLabel","@id":311,"inputText":"7","labelStyle":4,"shape":null,"layoutText":null}],"mainLabel":311},"properties":{"id":"f8651d7cc5381f3ea28f686dbf3c76cf"},"orientationAtVertex":"FREE","reference":null},{"type":"port","@id":312,"shape":{"type":"rect","xposition":"NaN","yposition":"NaN","width":"NaN","height":"NaN","shapeStyle":2},"labelManager":{"labels":[{"type":"textLabel","@id":313,"inputText":"6","labelStyle":4,"shape":null,"layoutText":null}],"mainLabel":313},"properties":{"id":"113d65ff184ef0796612f9a29796518e"},"orientationAtVertex":"FREE","reference":null}],"properties":{},"reference":null}],"properties":{"id":"a2e96d244f5a8279a52a786eee35c0bb","type":"socket"},"reference":null},{"@id":314,"shape":{"type":"rect","xposition":"NaN","yposition":"NaN","width":"NaN","height":"NaN","shapeStyle":2},"labelManager":{"labels":[{"type":"textLabel","@id":315,"inputText":"Leonard","labelStyle":4,"shape":null,"layoutText":null}],"mainLabel":315},"portCompositions":[{"type":"portGroup","@id":316,"ordered":false,"portCompositions":[{"type":"port","@id":317,"shape":{"type":"rect","xposition":"NaN","yposition":"NaN","width":"NaN","height":"NaN","shapeStyle":2},"labelManager":{"labels":[{"type":"textLabel","@id":318,"inputText":"2","labelStyle":4,"shape":null,"layoutText":null}],"mainLabel":318},"properties":{"id":"6cb97fdc6e987abc211337f354437111"},"orientationAtVertex":"FREE","reference":null},{"type":"port","@id":319,"shape":{"type":"rect","xposition":"NaN","yposition":"NaN","width":"NaN","height":"NaN","shapeStyle":59},"labelManager":{"labels":[{"type":"textLabel","@id":320,"inputText":"3","labelStyle":61,"shape":null,"layoutText":null}],"mainLabel":320},"properties":{},"orientationAtVertex":"FREE","reference":null},{"type":"port","@id":321,"shape":{"type":"rect","xposition":"NaN","yposition":"NaN","width":"NaN","height":"NaN","shapeStyle":59},"labelManager":{"labels":[{"type":"textLabel","@id":322,"inputText":"1","labelStyle":61,"shape":null,"layoutText":null}],"mainLabel":322},"properties":{},"orientationAtVertex":"FREE","reference":null}],"properties":{},"reference":null},{"type":"portGroup","@id":323,"ordered":false,"portCompositions":[],"properties":{},"reference":null}],"properties":{"id":"c4d7cd8408ecb81503f79da32f9a05bd","type":"device"},"reference":null},{"@id":324,"shape":{"type":"rect","xposition":"NaN","yposition":"NaN","width":"NaN","height":"NaN","shapeStyle":2},"labelManager":{"labels":[{"type":"textLabel","@id":325,"inputText":"Louis","labelStyle":4,"shape":null,"layoutText":null}],"mainLabel":325},"portCompositions":[{"type":"portGroup","@id":326,"ordered":false,"portCompositions":[{"type":"port","@id":327,"shape":{"type":"rect","xposition":"NaN","yposition":"NaN","width":"NaN","height":"NaN","shapeStyle":2},"labelManager":{"labels":[{"type":"textLabel","@id":328,"inputText":"2","labelStyle":4,"shape":null,"layoutText":null}],"mainLabel":328},"properties":{"id":"3fba8446cad628edde7b44cf76a630b7"},"orientationAtVertex":"FREE","reference":null}],"properties":{},"reference":null}],"properties":{"id":"ba945ac01a72051068109bb1eb41c2c8","type":"socket"},"reference":null},{"@id":329,"shape":{"type":"rect","xposition":"NaN","yposition":"NaN","width":"NaN","height":"NaN","shapeStyle":2},"labelManager":{"labels":[{"type":"textLabel","@id":330,"inputText":"Mats","labelStyle":4,"shape":null,"layoutText":null}],"mainLabel":330},"portCompositions":[{"type":"portGroup","@id":331,"ordered":false,"portCompositions":[{"type":"port","@id":332,"shape":{"type":"rect","xposition":"NaN","yposition":"NaN","width":"NaN","height":"NaN","shapeStyle":2},"labelManager":{"labels":[{"type":"textLabel","@id":333,"inputText":"1","labelStyle":4,"shape":null,"layoutText":null}],"mainLabel":333},"properties":{"id":"dd65e59f21a4b6743bcb2e18c0f6898c"},"orientationAtVertex":"FREE","reference":null}],"properties":{},"reference":null}],"properties":{"id":"2355d307a79f0771969b15b6a8549735","type":"device"},"reference":null},{"@id":334,"shape":{"type":"rect","xposition":"NaN","yposition":"NaN","width":"NaN","height":"NaN","shapeStyle":2},"labelManager":{"labels":[{"type":"textLabel","@id":335,"inputText":"Simon","labelStyle":4,"shape":null,"layoutText":null}],"mainLabel":335},"portCompositions":[{"type":"portGroup","@id":336,"ordered":false,"portCompositions":[{"type":"port","@id":337,"shape":{"type":"rect","xposition":"NaN","yposition":"NaN","width":"NaN","height":"NaN","shapeStyle":2},"labelManager":{"labels":[{"type":"textLabel","@id":338,"inputText":"1","labelStyle":4,"shape":null,"layoutText":null}],"mainLabel":338},"properties":{"id":"35419310f94e59abb51cde4a9e6d6789"},"orientationAtVertex":"FREE","reference":null}],"properties":{},"reference":null}],"properties":{"id":"20b3500dbcdb90d79e87ac8803207c63","type":"socket"},"reference":null},{"@id":339,"shape":null,"labelManager":{"labels":[{"type":"textLabel","@id":340,"inputText":"Gabriel","labelStyle":61,"shape":null,"layoutText":null}],"mainLabel":340},"portCompositions":[{"type":"portGroup","@id":341,"ordered":false,"portCompositions":[{"type":"port","@id":342,"shape":{"type":"rect","xposition":"NaN","yposition":"NaN","width":"NaN","height":"NaN","shapeStyle":59},"labelManager":{"labels":[{"type":"textLabel","@id":343,"inputText":"1","labelStyle":61,"shape":null,"layoutText":null}],"mainLabel":343},"properties":{},"orientationAtVertex":"FREE","reference":null}],"properties":{},"reference":null}],"properties":{},"reference":null},{"@id":344,"shape":null,"labelManager":{"labels":[{"type":"textLabel","@id":345,"inputText":"Noah","labelStyle":61,"shape":null,"layoutText":null}],"mainLabel":345},"portCompositions":[{"type":"portGroup","@id":346,"ordered":false,"portCompositions":[{"type":"port","@id":347,"shape":{"type":"rect","xposition":"NaN","yposition":"NaN","width":"NaN","height":"NaN","shapeStyle":59},"labelManager":{"labels":[{"type":"textLabel","@id":348,"inputText":"2","labelStyle":61,"shape":null,"layoutText":null}],"mainLabel":348},"properties":{},"orientationAtVertex":"FREE","reference":null},{"type":"port","@id":349,"shape":{"type":"rect","xposition":"NaN","yposition":"NaN","width":"NaN","height":"NaN","shapeStyle":59},"labelManager":{"labels":[{"type":"textLabel","@id":350,"inputText":"1","labelStyle":61,"shape":null,"layoutText":null}],"mainLabel":350},"properties":{},"orientationAtVertex":"FREE","reference":null}],"properties":{},"reference":null}],"properties":{},"reference":null},{"@id":351,"shape":null,"labelManager":{"labels":[{"type":"textLabel","@id":352,"inputText":"Tom","labelStyle":61,"shape":null,"layoutText":null}],"mainLabel":352},"portCompositions":[{"type":"portGroup","@id":353,"ordered":false,"portCompositions":[{"type":"port","@id":354,"shape":{"type":"rect","xposition":"NaN","yposition":"NaN","width":"NaN","height":"NaN","shapeStyle":59},"labelManager":{"labels":[{"type":"textLabel","@id":355,"inputText":"2","labelStyle":61,"shape":null,"layoutText":null}],"mainLabel":355},"properties":{},"orientationAtVertex":"FREE","reference":null},{"type":"port","@id":356,"shape":{"type":"rect","xposition":"NaN","yposition":"NaN","width":"NaN","height":"NaN","shapeStyle":59},"labelManager":{"labels":[{"type":"textLabel","@id":357,"inputText":"1","labelStyle":61,"shape":null,"layoutText":null}],"mainLabel":357},"properties":{},"orientationAtVertex":"FREE","reference":null}],"properties":{},"reference":null}],"properties":{},"reference":null},{"@id":358,"shape":null,"labelManager":{"labels":[{"type":"textLabel","@id":359,"inputText":"Niklas","labelStyle":61,"shape":null,"layoutText":null}],"mainLabel":359},"portCompositions":[{"type":"portGroup","@id":360,"ordered":false,"portCompositions":[{"type":"port","@id":361,"shape":{"type":"rect","xposition":"NaN","yposition":"NaN","width":"NaN","height":"NaN","shapeStyle":59},"labelManager":{"labels":[{"type":"textLabel","@id":362,"inputText":"1","labelStyle":61,"shape":null,"layoutText":null}],"mainLabel":362},"properties":{},"orientationAtVertex":"FREE","reference":null}],"properties":{},"reference":null}],"properties":{},"reference":null},{"@id":363,"shape":null,"labelManager":{"labels":[{"type":"textLabel","@id":364,"inputText":"Johannes","labelStyle":61,"shape":null,"layoutText":null}],"mainLabel":364},"portCompositions":[{"type":"portGroup","@id":365,"ordered":false,"portCompositions":[{"type":"port","@id":366,"shape":{"type":"rect","xposition":"NaN","yposition":"NaN","width":"NaN","height":"NaN","shapeStyle":59},"labelManager":{"labels":[{"type":"textLabel","@id":367,"inputText":"1","labelStyle":61,"shape":null,"layoutText":null}],"mainLabel":367},"properties":{},"orientationAtVertex":"FREE","reference":null}],"properties":{},"reference":null}],"properties":{},"reference":null},{"@id":368,"shape":null,"labelManager":{"labels":[{"type":"textLabel","@id":369,"inputText":"Finn","labelStyle":61,"shape":null,"layoutText":null}],"mainLabel":369},"portCompositions":[{"type":"portGroup","@id":370,"ordered":false,"portCompositions":[{"type":"port","@id":371,"shape":{"type":"rect","xposition":"NaN","yposition":"NaN","width":"NaN","height":"NaN","shapeStyle":59},"labelManager":{"labels":[{"type":"textLabel","@id":372,"inputText":"1","labelStyle":61,"shape":null,"layoutText":null}],"mainLabel":372},"properties":{},"orientationAtVertex":"FREE","reference":null}],"properties":{},"reference":null}],"properties":{},"reference":null},{"@id":373,"shape":null,"labelManager":{"labels":[{"type":"textLabel","@id":374,"inputText":"Henri","labelStyle":61,"shape":null,"layoutText":null}],"mainLabel":374},"portCompositions":[{"type":"portGroup","@id":375,"ordered":false,"portCompositions":[{"type":"port","@id":376,"shape":{"type":"rect","xposition":"NaN","yposition":"NaN","width":"NaN","height":"NaN","shapeStyle":59},"labelManager":{"labels":[{"type":"textLabel","@id":377,"inputText":"1","labelStyle":61,"shape":null,"layoutText":null}],"mainLabel":377},"properties":{},"orientationAtVertex":"FREE","reference":null}],"properties":{},"reference":null}],"properties":{},"reference":null},{"@id":378,"shape":null,"labelManager":{"labels":[{"type":"textLabel","@id":379,"inputText":"Muhammed","labelStyle":61,"shape":null,"layoutText":null}],"mainLabel":379},"portCompositions":[{"type":"portGroup","@id":380,"ordered":false,"portCompositions":[{"type":"port","@id":381,"shape":{"type":"rect","xposition":"NaN","yposition":"NaN","width":"NaN","height":"NaN","shapeStyle":59},"labelManager":{"labels":[{"type":"textLabel","@id":382,"inputText":"1","labelStyle":61,"shape":null,"layoutText":null}],"mainLabel":382},"properties":{},"orientationAtVertex":"FREE","reference":null}],"properties":{},"reference":null}],"properties":{},"reference":null},{"@id":383,"shape":null,"labelManager":{"labels":[{"type":"textLabel","@id":384,"inputText":"David","labelStyle":61,"shape":null,"layoutText":null}],"mainLabel":384},"portCompositions":[{"type":"portGroup","@id":385,"ordered":false,"portCompositions":[{"type":"port","@id":386,"shape":{"type":"rect","xposition":"NaN","yposition":"NaN","width":"NaN","height":"NaN","shapeStyle":59},"labelManager":{"labels":[{"type":"textLabel","@id":387,"inputText":"1","labelStyle":61,"shape":null,"layoutText":null}],"mainLabel":387},"properties":{},"orientationAtVertex":"FREE","reference":null}],"properties":{},"reference":null}],"properties":{},"reference":null},{"@id":388,"shape":null,"labelManager":{"labels":[{"type":"textLabel","@id":389,"inputText":"Jonas","labelStyle":61,"shape":null,"layoutText":null}],"mainLabel":389},"portCompositions":[{"type":"portGroup","@id":390,"ordered":false,"portCompositions":[{"type":"port","@id":391,"shape":{"type":"rect","xposition":"NaN","yposition":"NaN","width":"NaN","height":"NaN","shapeStyle":59},"labelManager":{"labels":[{"type":"textLabel","@id":392,"inputText":"1","labelStyle":61,"shape":null,"layoutText":null}],"mainLabel":392},"properties":{},"orientationAtVertex":"FREE","reference":null}],"properties":{},"reference":null}],"properties":{},"reference":null},{"@id":393,"shape":null,"labelManager":{"labels":[{"type":"textLabel","@id":394,"inputText":"Philipp","labelStyle":61,"shape":null,"layoutText":null}],"mainLabel":394},"portCompositions":[{"type":"portGroup","@id":395,"ordered":false,"portCompositions":[{"type":"port","@id":396,"shape":{"type":"rect","xposition":"NaN","yposition":"NaN","width":"NaN","height":"NaN","shapeStyle":59},"labelManager":{"labels":[{"type":"textLabel","@id":397,"inputText":"6","labelStyle":61,"shape":null,"layoutText":null}],"mainLabel":397},"properties":{},"orientationAtVertex":"FREE","reference":null}],"properties":{},"reference":null}],"properties":{},"reference":null},{"@id":398,"shape":null,"labelManager":{"labels":[{"type":"textLabel","@id":399,"inputText":"Felix","labelStyle":61,"shape":null,"layoutText":null}],"mainLabel":399},"portCompositions":[{"type":"portGroup","@id":400,"ordered":false,"portCompositions":[{"type":"port","@id":401,"shape":{"type":"rect","xposition":"NaN","yposition":"NaN","width":"NaN","height":"NaN","shapeStyle":59},"labelManager":{"labels":[{"type":"textLabel","@id":402,"inputText":"3","labelStyle":61,"shape":null,"layoutText":null}],"mainLabel":402},"properties":{},"orientationAtVertex":"FREE","reference":null},{"type":"port","@id":403,"shape":{"type":"rect","xposition":"NaN","yposition":"NaN","width":"NaN","height":"NaN","shapeStyle":59},"labelManager":{"labels":[{"type":"textLabel","@id":404,"inputText":"1","labelStyle":61,"shape":null,"layoutText":null}],"mainLabel":404},"properties":{},"orientationAtVertex":"FREE","reference":null}],"properties":{},"reference":null}],"properties":{},"reference":null},{"@id":405,"shape":null,"labelManager":{"labels":[{"type":"textLabel","@id":406,"inputText":"Peter","labelStyle":61,"shape":null,"layoutText":null}],"mainLabel":406},"portCompositions":[{"type":"portGroup","@id":407,"ordered":false,"portCompositions":[{"type":"port","@id":408,"shape":{"type":"rect","xposition":"NaN","yposition":"NaN","width":"NaN","height":"NaN","shapeStyle":59},"labelManager":{"labels":[{"type":"textLabel","@id":409,"inputText":"2","labelStyle":61,"shape":null,"layoutText":null}],"mainLabel":409},"properties":{},"orientationAtVertex":"FREE","reference":null}],"properties":{},"reference":null}],"properties":{},"reference":null},{"@id":410,"shape":null,"labelManager":{"labels":[{"type":"textLabel","@id":411,"inputText":"Liam","labelStyle":61,"shape":null,"layoutText":null}],"mainLabel":411},"portCompositions":[{"type":"portGroup","@id":412,"ordered":false,"portCompositions":[{"type":"port","@id":413,"shape":{"type":"rect","xposition":"NaN","yposition":"NaN","width":"NaN","height":"NaN","shapeStyle":59},"labelManager":{"labels":[{"type":"textLabel","@id":414,"inputText":"5","labelStyle":61,"shape":null,"layoutText":null}],"mainLabel":414},"properties":{},"orientationAtVertex":"FREE","reference":null},{"type":"port","@id":415,"shape":{"type":"rect","xposition":"NaN","yposition":"NaN","width":"NaN","height":"NaN","shapeStyle":59},"labelManager":{"labels":[{"type":"textLabel","@id":416,"inputText":"1","labelStyle":61,"shape":null,"layoutText":null}],"mainLabel":416},"properties":{},"orientationAtVertex":"FREE","reference":null}],"properties":{},"reference":null}],"properties":{},"reference":null},{"@id":417,"shape":null,"labelManager":{"labels":[{"type":"textLabel","@id":418,"inputText":"Finn","labelStyle":61,"shape":null,"layoutText":null}],"mainLabel":418},"portCompositions":[{"type":"portGroup","@id":419,"ordered":false,"portCompositions":[{"type":"port","@id":420,"shape":{"type":"rect","xposition":"NaN","yposition":"NaN","width":"NaN","height":"NaN","shapeStyle":59},"labelManager":{"labels":[{"type":"textLabel","@id":421,"inputText":"3","labelStyle":61,"shape":null,"layoutText":null}],"mainLabel":421},"properties":{},"orientationAtVertex":"FREE","reference":null},{"type":"port","@id":422,"shape":{"type":"rect","xposition":"NaN","yposition":"NaN","width":"NaN","height":"NaN","shapeStyle":59},"labelManager":{"labels":[{"type":"textLabel","@id":423,"inputText":"4","labelStyle":61,"shape":null,"layoutText":null}],"mainLabel":423},"properties":{},"orientationAtVertex":"FREE","reference":null}],"properties":{},"reference":null}],"properties":{},"reference":null}],"vertexGroups":[{"@id":424,"drawnFrame":false,"labelManager":{"labels":[],"mainLabel":null},"shape":null,"containedVertices":[1,10],"containedVertexGroups":[],"touchingPairs":[{"vertex0":1,"horizontalPlacementVertex0":"FREE","verticalPlacementVertex0":"TOP","vertex1":10,"horizontalPlacementVertex1":"FREE","verticalPlacementVertex1":"FREE"}],"portPairings":[{"port0":8,"port1":15},{"port0":6,"port1":13}],"properties":{},"reference":null},{"@id":425,"drawnFrame":false,"labelManager":{"labels":[],"mainLabel":null},"shape":null,"containedVertices":[17,28],"containedVertexGroups":[],"touchingPairs":[{"vertex0":17,"horizontalPlacementVertex0":"FREE","verticalPlacementVertex0":"TOP","vertex1":28,"horizontalPlacementVertex1":"FREE","verticalPlacementVertex1":"FREE"}],"portPairings":[{"port0":20,"port1":31},{"port0":24,"port1":35},{"port0":26,"port1":37},{"port0":22,"port1":33}],"properties":{},"reference":null},{"@id":426,"drawnFrame":false,"labelManager":{"labels":[],"mainLabel":null},"shape":null,"containedVertices":[43,65,393,405],"containedVertexGroups":[],"touchingPairs":[{"vertex0":43,"horizontalPlacementVertex0":"FREE","verticalPlacementVertex0":"TOP","vertex1":65,"horizontalPlacementVertex1":"FREE","verticalPlacementVertex1":"FREE"},{"vertex0":43,"horizontalPlacementVertex0":"FREE","verticalPlacementVertex0":"FREE","vertex1":393,"horizontalPlacementVertex1":"FREE","verticalPlacementVertex1":"FREE"},{"vertex0":43,"horizontalPlacementVertex0":"FREE","verticalPlacementVertex0":"FREE","vertex1":405,"horizontalPlacementVertex1":"FREE","verticalPlacementVertex1":"FREE"}],"portPairings":[{"port0":46,"port1":68},{"port0":50,"port1":72},{"port0":54,"port1":76},{"port0":48,"port1":70},{"port0":52,"port1":74},{"port0":56,"port1":78},{"port0":58,"port1":396},{"port0":62,"port1":408}],"properties":{},"reference":null},{"@id":427,"drawnFrame":false,"labelManager":{"labels":[],"mainLabel":null},"shape":null,"containedVertices":[80,87],"containedVertexGroups":[],"touchingPairs":[{"vertex0":80,"horizontalPlacementVertex0":"FREE","verticalPlacementVertex0":"TOP","vertex1":87,"horizontalPlacementVertex1":"FREE","verticalPlacementVertex1":"FREE"}],"portPairings":[{"port0":85,"port1":92},{"port0":83,"port1":90}],"properties":{},"reference":null},{"@id":428,"drawnFrame":false,"labelManager":{"labels":[],"mainLabel":null},"shape":null,"containedVertices":[94,101],"containedVertexGroups":[],"touchingPairs":[{"vertex0":94,"horizontalPlacementVertex0":"FREE","verticalPlacementVertex0":"TOP","vertex1":101,"horizontalPlacementVertex1":"FREE","verticalPlacementVertex1":"FREE"}],"portPairings":[{"port0":99,"port1":106},{"port0":97,"port1":104}],"properties":{},"reference":null},{"@id":429,"drawnFrame":false,"labelManager":{"labels":[],"mainLabel":null},"shape":null,"containedVertices":[108,113],"containedVertexGroups":[],"touchingPairs":[{"vertex0":108,"horizontalPlacementVertex0":"FREE","verticalPlacementVertex0":"TOP","vertex1":113,"horizontalPlacementVertex1":"FREE","verticalPlacementVertex1":"FREE"}],"portPairings":[{"port0":111,"port1":116}],"properties":{},"reference":null},{"@id":430,"drawnFrame":false,"labelManager":{"labels":[],"mainLabel":null},"shape":null,"containedVertices":[122,137],"containedVertexGroups":[],"touchingPairs":[{"vertex0":122,"horizontalPlacementVertex0":"FREE","verticalPlacementVertex0":"TOP","vertex1":137,"horizontalPlacementVertex1":"FREE","verticalPlacementVertex1":"FREE"}],"portPairings":[{"port0":129,"port1":144},{"port0":133,"port1":148},{"port0":135,"port1":150},{"port0":125,"port1":140},{"port0":127,"port1":142},{"port0":131,"port1":146}],"properties":{},"reference":null},{"@id":431,"drawnFrame":false,"labelManager":{"labels":[],"mainLabel":null},"shape":null,"containedVertices":[152,159],"containedVertexGroups":[],"touchingPairs":[{"vertex0":152,"horizontalPlacementVertex0":"FREE","verticalPlacementVertex0":"TOP","vertex1":159,"horizontalPlacementVertex1":"FREE","verticalPlacementVertex1":"FREE"}],"portPairings":[{"port0":155,"port1":162},{"port0":157,"port1":164}],"properties":{},"reference":null},{"@id":432,"drawnFrame":false,"labelManager":{"labels":[],"mainLabel":null},"shape":null,"containedVertices":[166,173],"containedVertexGroups":[],"touchingPairs":[{"vertex0":166,"horizontalPlacementVertex0":"FREE","verticalPlacementVertex0":"TOP","vertex1":173,"horizontalPlacementVertex1":"FREE","verticalPlacementVertex1":"FREE"}],"portPairings":[{"port0":169,"port1":176},{"port0":171,"port1":178}],"properties":{},"reference":null},{"@id":433,"drawnFrame":false,"labelManager":{"labels":[],"mainLabel":null},"shape":null,"containedVertices":[180,185],"containedVertexGroups":[],"touchingPairs":[{"vertex0":180,"horizontalPlacementVertex0":"FREE","verticalPlacementVertex0":"TOP","vertex1":185,"horizontalPlacementVertex1":"FREE","verticalPlacementVertex1":"FREE"}],"portPairings":[{"port0":183,"port1":188}],"properties":{},"reference":null},{"@id":434,"drawnFrame":false,"labelManager":{"labels":[],"mainLabel":null},"shape":null,"containedVertices":[194,199],"containedVertexGroups":[],"touchingPairs":[{"vertex0":194,"horizontalPlacementVertex0":"FREE","verticalPlacementVertex0":"TOP","vertex1":199,"horizontalPlacementVertex1":"FREE","verticalPlacementVertex1":"FREE"}],"portPairings":[{"port0":197,"port1":202}],"properties":{},"reference":null},{"@id":435,"drawnFrame":false,"labelManager":{"labels":[],"mainLabel":null},"shape":null,"containedVertices":[204,215],"containedVertexGroups":[],"touchingPairs":[{"vertex0":204,"horizontalPlacementVertex0":"FREE","verticalPlacementVertex0":"TOP","vertex1":215,"horizontalPlacementVertex1":"FREE","verticalPlacementVertex1":"FREE"}],"portPairings":[{"port0":209,"port1":220},{"port0":213,"port1":224},{"port0":207,"port1":218},{"port0":211,"port1":222}],"properties":{},"reference":null},{"@id":436,"drawnFrame":false,"labelManager":{"labels":[],"mainLabel":null},"shape":null,"containedVertices":[226,233,388],"containedVertexGroups":[],"touchingPairs":[{"vertex0":226,"horizontalPlacementVertex0":"FREE","verticalPlacementVertex0":"TOP","vertex1":233,"horizontalPlacementVertex1":"FREE","verticalPlacementVertex1":"FREE"},{"vertex0":226,"horizontalPlacementVertex0":"FREE","verticalPlacementVertex0":"FREE","vertex1":388,"horizontalPlacementVertex1":"FREE","verticalPlacementVertex1":"FREE"}],"portPairings":[{"port0":229,"port1":236},{"port0":231,"port1":391}],"properties":{},"reference":null},{"@id":437,"drawnFrame":false,"labelManager":{"labels":[],"mainLabel":null},"shape":null,"containedVertices":[238,249],"containedVertexGroups":[],"touchingPairs":[{"vertex0":238,"horizontalPlacementVertex0":"FREE","verticalPlacementVertex0":"TOP","vertex1":249,"horizontalPlacementVertex1":"FREE","verticalPlacementVertex1":"FREE"}],"portPairings":[{"port0":245,"port1":256},{"port0":243,"port1":254},{"port0":247,"port1":258},{"port0":241,"port1":252}],"properties":{},"reference":null},{"@id":438,"drawnFrame":false,"labelManager":{"labels":[],"mainLabel":null},"shape":null,"containedVertices":[260,265],"containedVertexGroups":[],"touchingPairs":[{"vertex0":260,"horizontalPlacementVertex0":"FREE","verticalPlacementVertex0":"TOP","vertex1":265,"horizontalPlacementVertex1":"FREE","verticalPlacementVertex1":"FREE"}],"portPairings":[{"port0":263,"port1":268}],"properties":{},"reference":null},{"@id":439,"drawnFrame":false,"labelManager":{"labels":[],"mainLabel":null},"shape":null,"containedVertices":[270,275],"containedVertexGroups":[],"touchingPairs":[{"vertex0":270,"horizontalPlacementVertex0":"FREE","verticalPlacementVertex0":"TOP","vertex1":275,"horizontalPlacementVertex1":"FREE","verticalPlacementVertex1":"FREE"}],"portPairings":[{"port0":273,"port1":278}],"properties":{},"reference":null},{"@id":440,"drawnFrame":false,"labelManager":{"labels":[],"mainLabel":null},"shape":null,"containedVertices":[288,305,410,417],"containedVertexGroups":[],"touchingPairs":[{"vertex0":288,"horizontalPlacementVertex0":"FREE","verticalPlacementVertex0":"TOP","vertex1":305,"horizontalPlacementVertex1":"FREE","verticalPlacementVertex1":"FREE"},{"vertex0":288,"horizontalPlacementVertex0":"FREE","verticalPlacementVertex0":"FREE","vertex1":410,"horizontalPlacementVertex1":"FREE","verticalPlacementVertex1":"FREE"},{"vertex0":288,"horizontalPlacementVertex0":"FREE","verticalPlacementVertex0":"FREE","vertex1":417,"horizontalPlacementVertex1":"FREE","verticalPlacementVertex1":"FREE"}],"portPairings":[{"port0":291,"port1":308},{"port0":295,"port1":312},{"port0":293,"port1":310},{"port0":297,"port1":413},{"port0":299,"port1":420},{"port0":301,"port1":422},{"port0":303,"port1":415}],"properties":{},"reference":null},{"@id":441,"drawnFrame":false,"labelManager":{"labels":[],"mainLabel":null},"shape":null,"containedVertices":[314,324,398],"containedVertexGroups":[],"touchingPairs":[{"vertex0":314,"horizontalPlacementVertex0":"FREE","verticalPlacementVertex0":"TOP","vertex1":324,"horizontalPlacementVertex1":"FREE","verticalPlacementVertex1":"FREE"},{"vertex0":314,"horizontalPlacementVertex0":"FREE","verticalPlacementVertex0":"FREE","vertex1":398,"horizontalPlacementVertex1":"FREE","verticalPlacementVertex1":"FREE"}],"portPairings":[{"port0":317,"port1":327},{"port0":319,"port1":401},{"port0":321,"port1":403}],"properties":{},"reference":null},{"@id":442,"drawnFrame":false,"labelManager":{"labels":[],"mainLabel":null},"shape":null,"containedVertices":[329,334],"containedVertexGroups":[],"touchingPairs":[{"vertex0":329,"horizontalPlacementVertex0":"FREE","verticalPlacementVertex0":"TOP","vertex1":334,"horizontalPlacementVertex1":"FREE","verticalPlacementVertex1":"FREE"}],"portPairings":[{"port0":332,"port1":337}],"properties":{},"reference":null},{"@id":443,"drawnFrame":false,"labelManager":{"labels":[],"mainLabel":null},"shape":null,"containedVertices":[344,351],"containedVertexGroups":[],"touchingPairs":[{"vertex0":344,"horizontalPlacementVertex0":"FREE","verticalPlacementVertex0":"FREE","vertex1":351,"horizontalPlacementVertex1":"FREE","verticalPlacementVertex1":"FREE"}],"portPairings":[{"port0":347,"port1":354},{"port0":349,"port1":356}],"properties":{},"reference":null},{"@id":444,"drawnFrame":false,"labelManager":{"labels":[],"mainLabel":null},"shape":null,"containedVertices":[358,363],"containedVertexGroups":[],"touchingPairs":[{"vertex0":358,"horizontalPlacementVertex0":"FREE","verticalPlacementVertex0":"FREE","vertex1":363,"horizontalPlacementVertex1":"FREE","verticalPlacementVertex1":"FREE"}],"portPairings":[{"port0":361,"port1":366}],"properties":{},"reference":null},{"@id":445,"drawnFrame":false,"labelManager":{"labels":[],"mainLabel":null},"shape":null,"containedVertices":[368,373],"containedVertexGroups":[],"touchingPairs":[{"vertex0":368,"horizontalPlacementVertex0":"FREE","verticalPlacementVertex0":"FREE","vertex1":373,"horizontalPlacementVertex1":"FREE","verticalPlacementVertex1":"FREE"}],"portPairings":[{"port0":371,"port1":376}],"properties":{},"reference":null},{"@id":446,"drawnFrame":false,"labelManager":{"labels":[],"mainLabel":null},"shape":null,"containedVertices":[378,383],"containedVertexGroups":[],"touchingPairs":[{"vertex0":378,"horizontalPlacementVertex0":"FREE","verticalPlacementVertex0":"FREE","vertex1":383,"horizontalPlacementVertex1":"FREE","verticalPlacementVertex1":"FREE"}],"portPairings":[{"port0":381,"port1":386}],"properties":{},"reference":null}],"edges":[{"@id":447,"ports":[148,31],"labelManager":{"innerLabels":[{"type":"textLabel","@id":448,"inputText":"Adrian","labelStyle":4,"shape":null,"layoutText":null}],"allPortLabels":[],"mainLabel":448},"pathStyle":{"@id":449,"description":"default path style","thickness":-1.0,"color":{"argb":"ff000000"}},"paths":[],"properties":{"id":"e89adefba5d69dcdaf51022b8fa84259"},"reference":null},{"@id":450,"ports":[22,211],"labelManager":{"innerLabels":[{"type":"textLabel","@id":451,"inputText":"Matteo","labelStyle":4,"shape":null,"layoutText":null}],"allPortLabels":[],"mainLabel":451},"pathStyle":449,"paths":[],"properties":{"id":"cbb48b11292898c3d9508c6ba3b69496"},"reference":null},{"@id":452,"ports":[92,282],"labelManager":{"innerLabels":[{"type":"textLabel","@id":453,"inputText":"Can","labelStyle":4,"shape":null,"layoutText":null}],"allPortLabels":[],"mainLabel":453},"pathStyle":449,"paths":[],"properties":{"id":"f2b61f20c6c91162a84765cd44f70e4d"},"reference":null},{"@id":454,"ports":[146,268],"labelManager":{"innerLabels":[{"type":"textLabel","@id":455,"inputText":"Mert","labelStyle":4,"shape":null,"layoutText":null}],"allPortLabels":[],"mainLabel":455},"pathStyle":449,"paths":[],"properties":{"id":"fba3fee0ae062006e7b029a50c4a17fb"},"reference":null},{"@id":456,"ports":[282,254],"labelManager":{"innerLabels":[{"type":"textLabel","@id":457,"inputText":"Robin","labelStyle":4,"shape":null,"layoutText":null}],"allPortLabels":[],"mainLabel":457},"pathStyle":449,"paths":[],"properties":{"id":"e8ee52762d1117a6b13b0631912ab23c"},"reference":null},{"@id":458,"ports":[90,282],"labelManager":{"innerLabels":[{"type":"textLabel","@id":459,"inputText":"Matthias","labelStyle":4,"shape":null,"layoutText":null}],"allPortLabels":[],"mainLabel":459},"pathStyle":449,"paths":[],"properties":{"id":"06e05b64e6931b31befb42c29cd740f2"},"reference":null},{"@id":460,"ports":[41,85,83,116],"labelManager":{"innerLabels":[{"type":"textLabel","@id":461,"inputText":"Linus","labelStyle":4,"shape":null,"layoutText":null}],"allPortLabels":[],"mainLabel":461},"pathStyle":449,"paths":[],"properties":{"id":"21738ee807bceb80871f5216f3698761"},"reference":null},{"@id":462,"ports":[310,133],"labelManager":{"innerLabels":[{"type":"textLabel","@id":463,"inputText":"Nils","labelStyle":4,"shape":null,"layoutText":null}],"allPortLabels":[],"mainLabel":463},"pathStyle":449,"paths":[],"properties":{"id":"b4827afd8e3255407c0d3d73e68374c7"},"reference":null},{"@id":464,"ports":[24,6],"labelManager":{"innerLabels":[{"type":"textLabel","@id":465,"inputText":"Justus","labelStyle":4,"shape":null,"layoutText":null}],"allPortLabels":[],"mainLabel":465},"pathStyle":449,"paths":[],"properties":{"id":"779466460b8628edd19ca89faca096ed"},"reference":null},{"@id":466,"ports":[140,37],"labelManager":{"innerLabels":[{"type":"textLabel","@id":467,"inputText":"Kaan","labelStyle":4,"shape":null,"layoutText":null}],"allPortLabels":[],"mainLabel":467},"pathStyle":449,"paths":[],"properties":{"id":"c0827a14cf800c153a6bd5f495f29c90"},"reference":null},{"@id":468,"ports":[236,273],"labelManager":{"innerLabels":[{"type":"textLabel","@id":469,"inputText":"Ole","labelStyle":4,"shape":null,"layoutText":null}],"allPortLabels":[],"mainLabel":469},"pathStyle":449,"paths":[],"properties":{"id":"c0be842e8ad8fe3f547eec8792575c83"},"reference":null},{"@id":470,"ports":[222,70],"labelManager":{"innerLabels":[{"type":"textLabel","@id":471,"inputText":"Jonah","labelStyle":4,"shape":null,"layoutText":null}],"allPortLabels":[],"mainLabel":471},"pathStyle":449,"paths":[],"properties":{"id":"8731518c217df960e8cb2b2f2cefb269"},"reference":null},{"@id":472,"ports":[286,111],"labelManager":{"innerLabels":[{"type":"textLabel","@id":473,"inputText":"Lucas","labelStyle":4,"shape":null,"layoutText":null}],"allPortLabels":[],"mainLabel":473},"pathStyle":449,"paths":[],"properties":{"id":"aaf439491b7118a129d7ca1fa4d287c6"},"reference":null},{"@id":474,"ports":[68,224],"labelManager":{"innerLabels":[{"type":"textLabel","@id":475,"inputText":"Hannes","labelStyle":4,"shape":null,"layoutText":null}],"allPortLabels":[],"mainLabel":475},"pathStyle":449,"paths":[],"properties":{"id":"b4b9d9d79607d3c5336e13ab5143ae9f"},"reference":null},{"@id":476,"ports":[282,258],"labelManager":{"innerLabels":[{"type":"textLabel","@id":477,"inputText":"Fritz","labelStyle":4,"shape":null,"layoutText":null}],"allPortLabels":[],"mainLabel":477},"pathStyle":449,"paths":[],"properties":{"id":"90171c83e6a76cbb4c3b7411071ad0ed"},"reference":null},{"@id":478,"ports":[99,78],"labelManager":{"innerLabels":[{"type":"textLabel","@id":479,"inputText":"Bruno","labelStyle":4,"shape":null,"layoutText":null}],"allPortLabels":[],"mainLabel":479},"pathStyle":449,"paths":[],"properties":{"id":"84c9a13bdd3f6fba6a0085849bbab54c"},"reference":null},{"@id":480,"ports":[220,72],"labelManager":{"innerLabels":[{"type":"textLabel","@id":481,"inputText":"Malik","labelStyle":4,"shape":null,"layoutText":null}],"allPortLabels":[],"mainLabel":481},"pathStyle":449,"paths":[],"properties":{"id":"c59513616281a31bebae58fc201cda03"},"reference":null},{"@id":482,"ports":[308,127],"labelManager":{"innerLabels":[{"type":"textLabel","@id":483,"inputText":"Emilio","labelStyle":4,"shape":null,"layoutText":null}],"allPortLabels":[],"mainLabel":483},"pathStyle":449,"paths":[],"properties":{"id":"94ca3b2dc4b5b216567f1e82a49dbeb1"},"reference":null},{"@id":484,"ports":[263,104],"labelManager":{"innerLabels":[{"type":"textLabel","@id":485,"inputText":"Fynn","labelStyle":4,"shape":null,"layoutText":null}],"allPortLabels":[],"mainLabel":485},"pathStyle":449,"paths":[],"properties":{"id":"cd2fe195e4dfb75fcf1acacfb601c89c"},"reference":null},{"@id":486,"ports":[120,26],"labelManager":{"innerLabels":[{"type":"textLabel","@id":487,"inputText":"Ferdinand","labelStyle":4,"shape":null,"layoutText":null}],"allPortLabels":[],"mainLabel":487},"pathStyle":449,"paths":[],"properties":{"id":"357285d633e40ca3d97ae9cc7022effc"},"reference":null},{"@id":488,"ports":[8,20],"labelManager":{"innerLabels":[{"type":"textLabel","@id":489,"inputText":"Thomas","labelStyle":4,"shape":null,"layoutText":null}],"allPortLabels":[],"mainLabel":489},"pathStyle":449,"paths":[],"properties":{"id":"dadebb4c0d8285d6e31a63aa5cbe65f7"},"reference":null},{"@id":490,"ports":[327,188],"labelManager":{"innerLabels":[{"type":"textLabel","@id":491,"inputText":"Jasper","labelStyle":4,"shape":null,"layoutText":null}],"allPortLabels":[],"mainLabel":491},"pathStyle":449,"paths":[],"properties":{"id":"8aff2bdc35336ba7b53bd177f289e56b"},"reference":null},{"@id":492,"ports":[120,207],"labelManager":{"innerLabels":[{"type":"textLabel","@id":493,"inputText":"Constantin","labelStyle":4,"shape":null,"layoutText":null}],"allPortLabels":[],"mainLabel":493},"pathStyle":449,"paths":[],"properties":{"id":"05a7661aaa7f82247da94d99db3d198e"},"reference":null},{"@id":494,"ports":[252,282],"labelManager":{"innerLabels":[{"type":"textLabel","@id":495,"inputText":"Till","labelStyle":4,"shape":null,"layoutText":null}],"allPortLabels":[],"mainLabel":495},"pathStyle":449,"paths":[],"properties":{"id":"e1e29b7e5064243ca23ca5602c7e80d6"},"reference":null},{"@id":496,"ports":[256,282],"labelManager":{"innerLabels":[{"type":"textLabel","@id":497,"inputText":"Martin","labelStyle":4,"shape":null,"layoutText":null}],"allPortLabels":[],"mainLabel":497},"pathStyle":449,"paths":[],"properties":{"id":"260c49d941e43266864aec1e66b54752"},"reference":null},{"@id":498,"ports":[35,150],"labelManager":{"innerLabels":[{"type":"textLabel","@id":499,"inputText":"Timo","labelStyle":4,"shape":null,"layoutText":null}],"allPortLabels":[],"mainLabel":499},"pathStyle":449,"paths":[],"properties":{"id":"0865cc89a97c86db4e45a1a5ebdebee3"},"reference":null},{"@id":500,"ports":[129,176],"labelManager":{"innerLabels":[{"type":"textLabel","@id":501,"inputText":"Lennard","labelStyle":4,"shape":null,"layoutText":null}],"allPortLabels":[],"mainLabel":501},"pathStyle":449,"paths":[],"properties":{"id":"531a8012dafba6ba88f976bac7565040"},"reference":null},{"@id":502,"ports":[197,192],"labelManager":{"innerLabels":[{"type":"textLabel","@id":503,"inputText":"Sebastian","labelStyle":61,"shape":null,"layoutText":null}],"allPortLabels":[],"mainLabel":503},"pathStyle":{"@id":504,"description":"default path style","thickness":-1.0,"color":{"argb":"ff000000"}},"paths":[],"properties":{},"reference":null},{"@id":505,"ports":[332,391],"labelManager":{"innerLabels":[{"type":"textLabel","@id":506,"inputText":"Emir","labelStyle":61,"shape":null,"layoutText":null}],"allPortLabels":[],"mainLabel":506},"pathStyle":504,"paths":[],"properties":{},"reference":null},{"@id":507,"ports":[155,83],"labelManager":{"innerLabels":[{"type":"textLabel","@id":508,"inputText":"Josef","labelStyle":61,"shape":null,"layoutText":null}],"allPortLabels":[],"mainLabel":508},"pathStyle":504,"paths":[],"properties":{},"reference":null},{"@id":509,"ports":[415,278],"labelManager":{"innerLabels":[{"type":"textLabel","@id":510,"inputText":"Tobias","labelStyle":61,"shape":null,"layoutText":null}],"allPortLabels":[],"mainLabel":510},"pathStyle":504,"paths":[],"properties":{},"reference":null},{"@id":511,"ports":[202,356],"labelManager":{"innerLabels":[{"type":"textLabel","@id":512,"inputText":"Benedikt","labelStyle":61,"shape":null,"layoutText":null}],"allPortLabels":[],"mainLabel":512},"pathStyle":504,"paths":[],"properties":{},"reference":null},{"@id":513,"ports":[342,376],"labelManager":{"innerLabels":[{"type":"textLabel","@id":514,"inputText":"Erik","labelStyle":61,"shape":null,"layoutText":null}],"allPortLabels":[],"mainLabel":514},"pathStyle":504,"paths":[],"properties":{},"reference":null},{"@id":515,"ports":[371,361],"labelManager":{"innerLabels":[{"type":"textLabel","@id":516,"inputText":"Maxim","labelStyle":61,"shape":null,"layoutText":null}],"allPortLabels":[],"mainLabel":516},"pathStyle":504,"paths":[],"properties":{},"reference":null},{"@id":517,"ports":[183,366],"labelManager":{"innerLabels":[{"type":"textLabel","@id":518,"inputText":"Noel","labelStyle":61,"shape":null,"layoutText":null}],"allPortLabels":[],"mainLabel":518},"pathStyle":504,"paths":[],"properties":{},"reference":null},{"@id":519,"ports":[381,403],"labelManager":{"innerLabels":[{"type":"textLabel","@id":520,"inputText":"Friedrich","labelStyle":61,"shape":null,"layoutText":null}],"allPortLabels":[],"mainLabel":520},"pathStyle":504,"paths":[],"properties":{},"reference":null},{"@id":521,"ports":[349,218],"labelManager":{"innerLabels":[{"type":"textLabel","@id":522,"inputText":"Carl","labelStyle":61,"shape":null,"layoutText":null}],"allPortLabels":[],"mainLabel":522},"pathStyle":504,"paths":[],"properties":{},"reference":null},{"@id":523,"ports":[386,144],"labelManager":{"innerLabels":[{"type":"textLabel","@id":524,"inputText":"Joshua","labelStyle":61,"shape":null,"layoutText":null}],"allPortLabels":[],"mainLabel":524},"pathStyle":504,"paths":[],"properties":{},"reference":null},{"@id":525,"ports":[76,162],"labelManager":{"innerLabels":[{"type":"textLabel","@id":526,"inputText":"Wilhelm","labelStyle":61,"shape":null,"layoutText":null}],"allPortLabels":[],"mainLabel":526},"pathStyle":504,"paths":[],"properties":{},"reference":null},{"@id":527,"ports":[131,178,125],"labelManager":{"innerLabels":[{"type":"textLabel","@id":528,"inputText":"Deniz","labelStyle":61,"shape":null,"layoutText":null}],"allPortLabels":[],"mainLabel":528},"pathStyle":504,"paths":[],"properties":{},"reference":null},{"@id":529,"ports":[125,74,135],"labelManager":{"innerLabels":[{"type":"textLabel","@id":530,"inputText":"Kaan","labelStyle":61,"shape":null,"layoutText":null}],"allPortLabels":[],"mainLabel":530},"pathStyle":504,"paths":[],"properties":{},"reference":null},{"@id":531,"ports":[33,142],"labelManager":{"innerLabels":[{"type":"textLabel","@id":532,"inputText":"Lucas","labelStyle":61,"shape":null,"layoutText":null}],"allPortLabels":[],"mainLabel":532},"pathStyle":504,"paths":[],"properties":{},"reference":null},{"@id":533,"ports":[157,401],"labelManager":{"innerLabels":[{"type":"textLabel","@id":534,"inputText":"Sebastian","labelStyle":61,"shape":null,"layoutText":null}],"allPortLabels":[],"mainLabel":534},"pathStyle":504,"paths":[],"properties":{},"reference":null},{"@id":535,"ports":[396,106],"labelManager":{"innerLabels":[{"type":"textLabel","@id":536,"inputText":"Justus","labelStyle":61,"shape":null,"layoutText":null}],"allPortLabels":[],"mainLabel":536},"pathStyle":504,"paths":[],"properties":{},"reference":null},{"@id":537,"ports":[347,157],"labelManager":{"innerLabels":[{"type":"textLabel","@id":538,"inputText":"Emilio","labelStyle":61,"shape":null,"layoutText":null}],"allPortLabels":[],"mainLabel":538},"pathStyle":504,"paths":[],"properties":{},"reference":null},{"@id":539,"ports":[408,13],"labelManager":{"innerLabels":[{"type":"textLabel","@id":540,"inputText":"Milan","labelStyle":61,"shape":null,"layoutText":null}],"allPortLabels":[],"mainLabel":540},"pathStyle":504,"paths":[],"properties":{},"reference":null}],"edgeBundles":[]}