{"vertices":[{"@id":1,"shape":{"type":"rect","xposition":"NaN","yposition":"NaN","width":"NaN","height":"NaN","shapeStyle":{"@id":2,"description":"default shape style","color":{"argb":"ff000000"}}},"labelManager":{"labels":[{"type":"textLabel","@id":3,"inputText":"Ali","labelStyle":{"@id":4,"description":"default text label style","font":{"fontName":"SansSerif","style":0,"size":10},"noBreak":false,"color":{"argb":"ff000000"},"showLabel":true,"placement":"FREE","horizontalPlacement":"FREE","verticalPlacement":"FREE"},"shape":null,"layoutText":null}],"mainLabel":3},"portCompositions":[{"type":"port","@id":5,"shape":{"type":"rect","xposition":"NaN","yposition":"NaN","width":"NaN","height":"NaN","shapeStyle":2},"labelManager":{"labels":[{"type":"textLabel","@id":6,"inputText":"1","labelStyle":4,"shape":null,"layoutText":null}],"mainLabel":6},"properties":{"id":"6878e9108abbbf2c35859ae1c6862832"},"orientationAtVertex":"FREE","reference":null}],"properties":{"id":"89f4c36222531c31884128ddf5109cd1","type":"splice"},"reference":null},{"@id":7,"shape":{"type":"rect","xposition":"NaN","yposition":"NaN","width":"NaN","height":"NaN","shapeStyle":2},"labelManager":{"labels":[{"type":"textLabel","@id":8,"inputText":"Niklas","labelStyle":4,"shape":null,"layoutText":null}],"mainLabel":8},"portCompositions":[{"type":"portGroup","@id":9,"ordered":false,"portCompositions":[{"type":"port","@id":10,"shape":{"type":"rect","xposition":"NaN","yposition":"NaN","width":"NaN","height":"NaN","shapeStyle":2},"labelManager":{"labels":[{"type":"textLabel","@id":11,"inputText":"1","labelStyle":4,"shape":null,"layoutText":null}],"mainLabel":11},"properties":{"id":"2222227ad6af6cd3f6ccc0dfc53c54ef"},"orientationAtVertex":"FREE","reference":null}],"properties":{},"reference":null}],"properties":{"id":"8c2b550a2c10d23daf74d68aceef5339","type":"plug"},"reference":null},{"@id":12,"shape":{"type":"rect","xposition":"NaN","yposition":"NaN","width":"NaN","height":"NaN","shapeStyle":2},"labelManager":{"labels":[{"type":"textLabel","@id":13,"inputText":"Julian","labelStyle":4,"shape":null,"layoutText":null}],"mainLabel":13},"portCompositions":[{"type":"portGroup","@id":14,"ordered":false,"portCompositions":[{"type":"port","@id":15,"shape":{"type":"rect","xposition":"NaN","yposition":"NaN","width":"NaN","height":"NaN","shapeStyle":2},"labelManager":{"labels":[{"type":"textLabel","@id":16,"inputText":"1","labelStyle":4,"shape":null,"layoutText":null}],"mainLabel":16},"properties":{"id":"9c764e57d05caff1aa9de8d70d1440d3"},"orientationAtVertex":"FREE","reference":null}],"properties":{},"reference":null}],"properties":{"id":"959a3c0b02f17c458a369389e57c5a52","type":"plug"},"reference":null},{"@id":17,"shape":{"type":"rect","xposition":"NaN","yposition":"NaN","width":"NaN","height":"NaN","shapeStyle":2},"labelManager":{"labels":[{"type":"textLabel","@id":18,"inputText":"Vincent","labelStyle":4,"shape":null,"layoutText":null}],"mainLabel":18},"portCompositions":[{"type":"portGroup","@id":19,"ordered":false,"portCompositions":[{"type":"port","@id":20,"shape":{"type":"rect","xposition":"NaN","yposition":"NaN","width":"NaN","height":"NaN","shapeStyle":2},"labelManager":{"labels":[{"type":"textLabel","@id":21,"inputText":"2","labelStyle":4,"shape":null,"layoutText":null}],"mainLabel":21},"properties":{"id":"7cd6b101aa19717d710064c6e9152821"},"orientationAtVertex":"FREE","reference":null},{"type":"port","@id":22,"shape":{"type":"rect","xposition":"NaN","yposition":"NaN","width":"NaN","height":"NaN","shapeStyle":{"@id":23,"description":"default shape style","color":{"argb":"ff000000"}}},"labelManager":{"labels":[{"type":"textLabel","@id":24,"inputText":"1","labelStyle":{"@id":25,"description":"default text label style","font":{"fontName":"SansSerif","style":0,"size":10},"noBreak":false,"color":{"argb":"ff000000"},"showLabel":true,"placement":"FREE","horizontalPlacement":"FREE","verticalPlacement":"FREE"},"shape":null,"layoutText":null}],"mainLabel":24},"properties":{},"orientationAtVertex":"FREE","reference":null}],"properties":{},"reference":null}],"properties":{"id":"ea68d6687c7f30c445e41766044055eb","type":"plug"},"reference":null},{"@id":26,"shape":{"type":"rect","xposition":"NaN","yposition":"NaN","width":"NaN","height":"NaN","shapeStyle":2},"labelManager":{"labels":[{"type":"textLabel","@id":27,"inputText":"Johann","labelStyle":4,"shape":null,"layoutText":null}],"mainLabel":27},"portCompositions":[{"type":"portGroup","@id":28,"ordered":false,"portCompositions":[{"type":"port","@id":29,"shape":{"type":"rect","xposition":"NaN","yposition":"NaN","width":"NaN","height":"NaN","shapeStyle":2},"labelManager":{"labels":[{"type":"textLabel","@id":30,"inputText":"2","labelStyle":4,"shape":null,"layoutText":null}],"mainLabel":30},"properties":{"id":"0fa8e3c5b44d238de886cdb26dc8aca2"},"orientationAtVertex":"FREE","reference":null},{"type":"port","@id":31,"shape":{"type":"rect","xposition":"NaN","yposition":"NaN","width":"NaN","height":"NaN","shapeStyle":23},"labelManager":{"labels":[{"type":"textLabel","@id":32,"inputText":"1","labelStyle":25,"shape":null,"layoutText":null}],"mainLabel":32},"properties":{},"orientationAtVertex":"FREE","reference":null}],"properties":{},"reference":null}],"properties":{"id":"f8bc52d0660a3423bd6136b3057edf53","type":"plug"},"reference":null},{"@id":33,"shape":{"type":"rect","xposition":"NaN","yposition":"NaN","width":"NaN","height":"NaN","shapeStyle":2},"labelManager":{"labels":[{"type":"textLabel","@id":34,"inputText":"Philipp","labelStyle":4,"shape":null,"layoutText":null}],"mainLabel":34},"portCompositions":[{"type":"port","@id":35,"shape":{"type":"rect","xposition":"NaN","yposition":"NaN","width":"NaN","height":"NaN","shapeStyle":2},"labelManager":{"labels":[{"type":"textLabel","@id":36,"inputText":"1","labelStyle":4,"shape":null,"layoutText":null}],"mainLabel":36},"properties":{"id":"a437a0b4253ef1f1e49384bbcc485347"},"orientationAtVertex":"FREE","reference":null}],"properties":{"id":"9577cd3001fc2fdfbeb2f6a90cc093a2","type":"splice"},"reference":null},{"@id":37,"shape":{"type":"rect","xposition":"NaN","yposition":"NaN","width":"NaN","height":"NaN","shapeStyle":2},"labelManager":{"labels":[{"type":"textLabel","@id":38,"inputText":"Liam","labelStyle":4,"shape":null,"layoutText":null}],"mainLabel":38},"portCompositions":[{"type":"port","@id":39,"shape":{"type":"rect","xposition":"NaN","yposition":"NaN","width":"NaN","height":"NaN","shapeStyle":2},"labelManager":{"labels":[{"type":"textLabel","@id":40,"inputText":"1","labelStyle":4,"shape":null,"layoutText":null}],"mainLabel":40},"properties":{"id":"74e5a68af52664703edb6ac0a12432f4"},"orientationAtVertex":"FREE","reference":null}],"properties":{"id":"e51474e7d913a8ecccf1646a4fa0e57d","type":"splice"},"reference":null},{"@id":41,"shape":{"type":"rect","xposition":"NaN","yposition":"NaN","width":"NaN","height":"NaN","shapeStyle":2},"labelManager":{"labels":[{"type":"textLabel","@id":42,"inputText":"Johannes","labelStyle":4,"shape":null,"layoutText":null}],"mainLabel":42},"portCompositions":[{"type":"portGroup","@id":43,"ordered":false,"portCompositions":[{"type":"port","@id":44,"shape":{"type":"rect","xposition":"NaN","yposition":"NaN","width":"NaN","height":"NaN","shapeStyle":2},"labelManager":{"labels":[{"type":"textLabel","@id":45,"inputText":"1","labelStyle":4,"shape":null,"layoutText":null}],"mainLabel":45},"properties":{"id":"147e5a369141333db963ccf4c4fe9e1a"},"orientationAtVertex":"FREE","reference":null}],"properties":{},"reference":null}],"properties":{"id":"74aa1387f5947bd0b0ee9c0e265ea9dc","type":"plug"},"reference":null},{"@id":46,"shape":{"type":"rect","xposition":"NaN","yposition":"NaN","width":"NaN","height":"NaN","shapeStyle":2},"labelManager":{"labels":[{"type":"textLabel","@id":47,"inputText":"Oskar","labelStyle":4,"shape":null,"layoutText":null}],"mainLabel":47},"portCompositions":[{"type":"portGroup","@id":48,"ordered":false,"portCompositions":[{"type":"port","@id":49,"shape":{"type":"rect","xposition":"NaN","yposition":"NaN","width":"NaN","height":"NaN","shapeStyle":2},"labelManager":{"labels":[{"type":"textLabel","@id":50,"inputText":"1","labelStyle":4,"shape":null,"layoutText":null}],"mainLabel":50},"properties":{"id":"63efdcceb3504d3e928463940bb757fc"},"orientationAtVertex":"FREE","reference":null}],"properties":{},"reference":null}],"properties":{"id":"77b428451ba24996e9bea5537899f7f1","type":"plug"},"reference":null},{"@id":51,"shape":{"type":"rect","xposition":"NaN","yposition":"NaN","width":"NaN","height":"NaN","shapeStyle":2},"labelManager":{"labels":[{"type":"textLabel","@id":52,"inputText":"Henry","labelStyle":4,"shape":null,"layoutText":null}],"mainLabel":52},"portCompositions":[{"type":"portGroup","@id":53,"ordered":false,"portCompositions":[{"type":"port","@id":54,"shape":{"type":"rect","xposition":"NaN","yposition":"NaN","width":"NaN","height":"NaN","shapeStyle":2},"labelManager":{"labels":[{"type":"textLabel","@id":55,"inputText":"5","labelStyle":4,"shape":null,"layoutText":null}],"mainLabel":55},"properties":{"id":"0ed1626ebfca49d1c6caed1664eaa872"},"orientationAtVertex":"FREE","reference":null},{"type":"port","@id":56,"shape":{"type":"rect","xposition":"NaN","yposition":"NaN","width":"NaN","height":"NaN","shapeStyle":2},"labelManager":{"labels":[{"type":"textLabel","@id":57,"inputText":"2","labelStyle":4,"shape":null,"layoutText":null}],"mainLabel":57},"properties":{"id":"af091e83414f8725ff6a8b5602eebbc8"},"orientationAtVertex":"FREE","reference":null},{"type":"port","@id":58,"shape":{"type":"rect","xposition":"NaN","yposition":"NaN","width":"NaN","height":"NaN","shapeStyle":2},"labelManager":{"labels":[{"type":"textLabel","@id":59,"inputText":"1","labelStyle":4,"shape":null,"layoutText":null}],"mainLabel":59},"properties":{"id":"65cea0329065c63affee4577cc9cec18"},"orientationAtVertex":"FREE","reference":null},{"type":"port","@id":60,"shape":{"type":"rect","xposition":"NaN","yposition":"NaN","width":"NaN","height":"NaN","shapeStyle":23},"labelManager":{"labels":[{"type":"textLabel","@id":61,"inputText":"3","labelStyle":25,"shape":null,"layoutText":null}],"mainLabel":61},"properties":{},"orientationAtVertex":"FREE","reference":null},{"type":"port","@id":62,"shape":{"type":"rect","xposition":"NaN","yposition":"NaN","width":"NaN","height":"NaN","shapeStyle":23},"labelManager":{"labels":[{"type":"textLabel","@id":63,"inputText":"4","labelStyle":25,"shape":null,"layoutText":null}],"mainLabel":63},"properties":{},"orientationAtVertex":"FREE","reference":null}],"properties":{},"reference":null}],"properties":{"id":"efb519451239705a50e9d828e6b4cbcf","type":"device"},"reference":null},{"@id":64,"shape":{"type":"rect","xposition":"NaN","yposition":"NaN","width":"NaN","height":"NaN","shapeStyle":2},"labelManager":{"labels":[{"type":"textLabel","@id":65,"inputText":"Jonathan","labelStyle":4,"shape":null,"layoutText":null}],"mainLabel":65},"portCompositions":[{"type":"portGroup","@id":66,"ordered":false,"portCompositions":[{"type":"port","@id":67,"shape":{"type":"rect","xposition":"NaN","yposition":"NaN","width":"NaN","height":"NaN","shapeStyle":2},"labelManager":{"labels":[{"type":"textLabel","@id":68,"inputText":"5","labelStyle":4,"shape":null,"layoutText":null}],"mainLabel":68},"properties":{"id":"0477943af303347aab63759b84e4d725"},"orientationAtVertex":"FREE","reference":null},{"type":"port","@id":69,"shape":{"type":"rect","xposition":"NaN","yposition":"NaN","width":"NaN","height":"NaN","shapeStyle":2},"labelManager":{"labels":[{"type":"textLabel","@id":70,"inputText":"2","labelStyle":4,"shape":null,"layoutText":null}],"mainLabel":70},"properties":{"id":"25ae795360b8c5cbfc925f92f39f6eef"},"orientationAtVertex":"FREE","reference":null},{"type":"port","@id":71,"shape":{"type":"rect","xposition":"NaN","yposition":"NaN","width":"NaN","height":"NaN","shapeStyle":2},"labelManager":{"labels":[{"type":"textLabel","@id":72,"inputText":"1","labelStyle":4,"shape":null,"layoutText":null}],"mainLabel":72},"properties":{"id":"e325187ecf05a454e641b7e14ed20639"},"orientationAtVertex":"FREE","reference":null},{"type":"port","@id":73,"shape":{"type":"rect","xposition":"NaN","yposition":"NaN","width":"NaN","height":"NaN","shapeStyle":23},"labelManager":{"labels":[{"type":"textLabel","@id":74,"inputText":"3","labelStyle":25,"shape":null,"layoutText":null}],"mainLabel":74},"properties":{},"orientationAtVertex":"FREE","reference":null},{"type":"port","@id":75,"shape":{"type":"rect","xposition":"NaN","yposition":"NaN","width":"NaN","height":"NaN","shapeStyle":23},"labelManager":{"labels":[{"type":"textLabel","@id":76,"inputText":"4","labelStyle":25,"shape":null,"layoutText":null}],"mainLabel":76},"properties":{},"orientationAtVertex":"FREE","reference":null}],"properties":{},"reference":null}],"properties":{"id":"c8f239196ae5533c8112ac99da79b9cf","type":"socket"},"reference":null},{"@id":77,"shape":{"type":"rect","xposition":"NaN","yposition":"NaN","width":"NaN","height":"NaN","shapeStyle":2},"labelManager":{"labels":[{"type":"textLabel","@id":78,"inputText":"Christian","labelStyle":4,"shape":null,"layoutText":null}],"mainLabel":78},"portCompositions":[{"type":"port","@id":79,"shape":{"type":"rect","xposition":"NaN","yposition":"NaN","width":"NaN","height":"NaN","shapeStyle":2},"labelManager":{"labels":[{"type":"textLabel","@id":80,"inputText":"1","labelStyle":4,"shape":null,"layoutText":null}],"mainLabel":80},"properties":{"id":"e5cef8c509f34222926b397fb47c5a3d"},"orientationAtVertex":"FREE","reference":null}],"properties":{"id":"766672d2a937c57acf1414b4b42fec3c","type":"splice"},"reference":null},{"@id":81,"shape":{"type":"rect","xposition":"NaN","yposition":"NaN","width":"NaN","height":"NaN","shapeStyle":2},"labelManager":{"labels":[{"type":"textLabel","@id":82,"inputText":"Leonard","labelStyle":4,"shape":null,"layoutText":null}],"mainLabel":82},"portCompositions":[{"type":"portGroup","@id":83,"ordered":false,"portCompositions":[{"type":"port","@id":84,"shape":{"type":"rect","xposition":"NaN","yposition":"NaN","width":"NaN","height":"NaN","shapeStyle":2},"labelManager":{"labels":[{"type":"textLabel","@id":85,"inputText":"1","labelStyle":4,"shape":null,"layoutText":null}],"mainLabel":85},"properties":{"id":"04c939d5bc96f726f354ec72f45c0250"},"orientationAtVertex":"FREE","reference":null},{"type":"port","@id":86,"shape":{"type":"rect","xposition":"NaN","yposition":"NaN","width":"NaN","height":"NaN","shapeStyle":2},"labelManager":{"labels":[{"type":"textLabel","@id":87,"inputText":"2","labelStyle":4,"shape":null,"layoutText":null}],"mainLabel":87},"properties":{"id":"d17b172637de8a28489b724a740d845d"},"orientationAtVertex":"FREE","reference":null},{"type":"port","@id":88,"shape":{"type":"rect","xposition":"NaN","yposition":"NaN","width":"NaN","height":"NaN","shapeStyle":2},"labelManager":{"labels":[{"type":"textLabel","@id":89,"inputText":"3","labelStyle":4,"shape":null,"layoutText":null}],"mainLabel":89},"properties":{"id":"740e9a346bf856d0917b7acbeb627a24"},"orientationAtVertex":"FREE","reference":null}],"properties":{},"reference":null}],"properties":{"id":"c85f369bc266d37852eeb65c8258064d","type":"plug"},"reference":null},{"@id":90,"shape":{"type":"rect","xposition":"NaN","yposition":"NaN","width":"NaN","height":"NaN","shapeStyle":2},"labelManager":{"labels":[{"type":"textLabel","@id":91,"inputText":"Jonas","labelStyle":4,"shape":null,"layoutText":null}],"mainLabel":91},"portCompositions":[{"type":"portGroup","@id":92,"ordered":false,"portCompositions":[{"type":"port","@id":93,"shape":{"type":"rect","xposition":"NaN","yposition":"NaN","width":"NaN","height":"NaN","shapeStyle":2},"labelManager":{"labels":[{"type":"textLabel","@id":94,"inputText":"1","labelStyle":4,"shape":null,"layoutText":null}],"mainLabel":94},"properties":{"id":"c29cb3bdb2960afd211e785a9bd0420e"},"orientationAtVertex":"FREE","reference":null},{"type":"port","@id":95,"shape":{"type":"rect","xposition":"NaN","yposition":"NaN","width":"NaN","height":"NaN","shapeStyle":2},"labelManager":{"labels":[{"type":"textLabel","@id":96,"inputText":"2","labelStyle":4,"shape":null,"layoutText":null}],"mainLabel":96},"properties":{"id":"ba8512e9ec15aec27c58186ade5d525a"},"orientationAtVertex":"FREE","reference":null},{"type":"port","@id":97,"shape":{"type":"rect","xposition":"NaN","yposition":"NaN","width":"NaN","height":"NaN","shapeStyle":2},"labelManager":{"labels":[{"type":"textLabel","@id":98,"inputText":"3","labelStyle":4,"shape":null,"layoutText":null}],"mainLabel":98},"properties":{"id":"3eb03836323745faa1fcc84e303a91dd"},"orientationAtVertex":"FREE","reference":null}],"properties":{},"reference":null}],"properties":{"id":"1a419281135dba90a5cbbd16f40ba01b","type":"plug"},"reference":null},{"@id":99,"shape":{"type":"rect","xposition":"NaN","yposition":"NaN","width":"NaN","height":"NaN","shapeStyle":2},"labelManager":{"labels":[{"type":"textLabel","@id":100,"inputText":"Jan","labelStyle":4,"shape":null,"layoutText":null}],"mainLabel":100},"portCompositions":[{"type":"portGroup","@id":101,"ordered":false,"portCompositions":[{"type":"port","@id":102,"shape":{"type":"rect","xposition":"NaN","yposition":"NaN","width":"NaN","height":"NaN","shapeStyle":2},"labelManager":{"labels":[{"type":"textLabel","@id":103,"inputText":"1","labelStyle":4,"shape":null,"layoutText":null}],"mainLabel":103},"properties":{"id":"954e73a2f1584feac413cb42d8faaf3e"},"orientationAtVertex":"FREE","reference":null},{"type":"port","@id":104,"shape":{"type":"rect","xposition":"NaN","yposition":"NaN","width":"NaN","height":"NaN","shapeStyle":23},"labelManager":{"labels":[{"type":"textLabel","@id":105,"inputText":"2","labelStyle":25,"shape":null,"layoutText":null}],"mainLabel":105},"properties":{},"orientationAtVertex":"FREE","reference":null}],"properties":{},"reference":null}],"properties":{"id":"b291257b8d2e4c9b0a4b90f2e09a8753","type":"device"},"reference":null},{"@id":106,"shape":{"type":"rect","xposition":"NaN","yposition":"NaN","width":"NaN","height":"NaN","shapeStyle":2},"labelManager":{"labels":[{"type":"textLabel","@id":107,"inputText":"Julius","labelStyle":4,"shape":null,"layoutText":null}],"mainLabel":107},"portCompositions":[{"type":"portGroup","@id":108,"ordered":false,"portCompositions":[{"type":"port","@id":109,"shape":{"type":"rect","xposition":"NaN","yposition":"NaN","width":"NaN","height":"NaN","shapeStyle":2},"labelManager":{"labels":[{"type":"textLabel","@id":110,"inputText":"1","labelStyle":4,"shape":null,"layoutText":null}],"mainLabel":110},"properties":{"id":"005aba9fe71d17412105e8228bacd23a"},"orientationAtVertex":"FREE","reference":null},{"type":"port","@id":111,"shape":{"type":"rect","xposition":"NaN","yposition":"NaN","width":"NaN","height":"NaN","shapeStyle":23},"labelManager":{"labels":[{"type":"textLabel","@id":112,"inputText":"2","labelStyle":25,"shape":null,"layoutText":null}],"mainLabel":112},"properties":{},"orientationAtVertex":"FREE","reference":null}],"properties":{},"reference":null}],"properties":{"id":"dcbf6815af5c11e0c2a9044b7ccecf17","type":"socket"},"reference":null},{"@id":113,"shape":{"type":"rect","xposition":"NaN","yposition":"NaN","width":"NaN","height":"NaN","shapeStyle":2},"labelManager":{"labels":[{"type":"textLabel","@id":114,"inputText":"Maximilian","labelStyle":4,"shape":null,"layoutText":null}],"mainLabel":114},"portCompositions":[{"type":"portGroup","@id":115,"ordered":false,"portCompositions":[{"type":"port","@id":116,"shape":{"type":"rect","xposition":"NaN","yposition":"NaN","width":"NaN","height":"NaN","shapeStyle":2},"labelManager":{"labels":[{"type":"textLabel","@id":117,"inputText":"5","labelStyle":4,"shape":null,"layoutText":null}],"mainLabel":117},"properties":{"id":"acfac612392ccf9ce22031100209ac6c"},"orientationAtVertex":"FREE","reference":null},{"type":"port","@id":118,"shape":{"type":"rect","xposition":"NaN","yposition":"NaN","width":"NaN","height":"NaN","shapeStyle":2},"labelManager":{"labels":[{"type":"textLabel","@id":119,"inputText":"1","labelStyle":4,"shape":null,"layoutText":null}],"mainLabel":119},"properties":{"id":"73f2d2cfdb5838aba86298323a419232"},"orientationAtVertex":"FREE","reference":null},{"type":"port","@id":120,"shape":{"type":"rect","xposition":"NaN","yposition":"NaN","width":"NaN","height":"NaN","shapeStyle":2},"labelManager":{"labels":[{"type":"textLabel","@id":121,"inputText":"8","labelStyle":4,"shape":null,"layoutText":null}],"mainLabel":121},"properties":{"id":"dcfcd2b5fec97b492aabfef3c1a570ef"},"orientationAtVertex":"FREE","reference":null},{"type":"port","@id":122,"shape":{"type":"rect","xposition":"NaN","yposition":"NaN","width":"NaN","height":"NaN","shapeStyle":2},"labelManager":{"labels":[{"type":"textLabel","@id":123,"inputText":"7","labelStyle":4,"shape":null,"layoutText":null}],"mainLabel":123},"properties":{"id":"b88c9178bf1cf8f0f90f99ca7317900e"},"orientationAtVertex":"FREE","reference":null},{"type":"port","@id":124,"shape":{"type":"rect","xposition":"NaN","yposition":"NaN","width":"NaN","height":"NaN","shapeStyle":2},"labelManager":{"labels":[{"type":"textLabel","@id":125,"inputText":"6","labelStyle":4,"shape":null,"layoutText":null}],"mainLabel":125},"properties":{"id":"5fb52c3f240d9ca2c20178b3a5c79519"},"orientationAtVertex":"FREE","reference":null},{"type":"port","@id":126,"shape":{"type":"rect","xposition":"NaN","yposition":"NaN","width":"NaN","height":"NaN","shapeStyle":23},"labelManager":{"labels":[{"type":"textLabel","@id":127,"inputText":"2","labelStyle":25,"shape":null,"layoutText":null}],"mainLabel":127},"properties":{},"orientationAtVertex":"FREE","reference":null},{"type":"port","@id":128,"shape":{"type":"rect","xposition":"NaN","yposition":"NaN","width":"NaN","height":"NaN","shapeStyle":23},"labelManager":{"labels":[{"type":"textLabel","@id":129,"inputText":"4","labelStyle":25,"shape":null,"layoutText":null}],"mainLabel":129},"properties":{},"orientationAtVertex":"FREE","reference":null},{"type":"port","@id":130,"shape":{"type":"rect","xposition":"NaN","yposition":"NaN","width":"NaN","height":"NaN","shapeStyle":23},"labelManager":{"labels":[{"type":"textLabel","@id":131,"inputText":"3","labelStyle":25,"shape":null,"layoutText":null}],"mainLabel":131},"properties":{},"orientationAtVertex":"FREE","reference":null}],"properties":{},"reference":null}],"properties":{"id":"c0827a14cf800c153a6bd5f495f29c90","type":"device"},"reference":null},{"@id":132,"shape":{"type":"rect","xposition":"NaN","yposition":"NaN","width":"NaN","height":"NaN","shapeStyle":2},"labelManager":{"labels":[{"type":"textLabel","@id":133,"inputText":"Tom","labelStyle":4,"shape":null,"layoutText":null}],"mainLabel":133},"portCompositions":[{"type":"portGroup","@id":134,"ordered":false,"portCompositions":[{"type":"port","@id":135,"shape":{"type":"rect","xposition":"NaN","yposition":"NaN","width":"NaN","height":"NaN","shapeStyle":2},"labelManager":{"labels":[{"type":"textLabel","@id":136,"inputText":"5","labelStyle":4,"shape":null,"layoutText":null}],"mainLabel":136},"properties":{"id":"4975a262bf49b42d3c2cb2a4cfb80f1f"},"orientationAtVertex":"FREE","reference":null},{"type":"port","@id":137,"shape":{"type":"rect","xposition":"NaN","yposition":"NaN","width":"NaN","height":"NaN","shapeStyle":2},"labelManager":{"labels":[{"type":"textLabel","@id":138,"inputText":"1","labelStyle":4,"shape":null,"layoutText":null}],"mainLabel":138},"properties":{"id":"d8e001ae97d429cffd337c54968ee132"},"orientationAtVertex":"FREE","reference":null},{"type":"port","@id":139,"shape":{"type":"rect","xposition":"NaN","yposition":"NaN","width":"NaN","height":"NaN","shapeStyle":2},"labelManager":{"labels":[{"type":"textLabel","@id":140,"inputText":"8","labelStyle":4,"shape":null,"layoutText":null}],"mainLabel":140},"properties":{"id":"f499fc98e656e9b086c681d9186923c5"},"orientationAtVertex":"FREE","reference":null},{"type":"port","@id":141,"shape":{"type":"rect","xposition":"NaN","yposition":"NaN","width":"NaN","height":"NaN","shapeStyle":2},"labelManager":{"labels":[{"type":"textLabel","@id":142,"inputText":"7","labelStyle":4,"shape":null,"layoutText":null}],"mainLabel":142},"properties":{"id":"6cbfb2dc8c6f9e41e9350c7e45e042f4"},"orientationAtVertex":"FREE","reference":null},{"type":"port","@id":143,"shape":{"type":"rect","xposition":"NaN","yposition":"NaN","width":"NaN","height":"NaN","shapeStyle":2},"labelManager":{"labels":[{"type":"textLabel","@id":144,"inputText":"6","labelStyle":4,"shape":null,"layoutText":null}],"mainLabel":144},"properties":{"id":"3bd952714f7f5ad75aace8e5c0c288d7"},"orientationAtVertex":"FREE","reference":null},{"type":"port","@id":145,"shape":{"type":"rect","xposition":"NaN","yposition":"NaN","width":"NaN","height":"NaN","shapeStyle":23},"labelManager":{"labels":[{"type":"textLabel","@id":146,"inputText":"2","labelStyle":25,"shape":null,"layoutText":null}],"mainLabel":146},"properties":{},"orientationAtVertex":"FREE","reference":null},{"type":"port","@id":147,"shape":{"type":"rect","xposition":"NaN","yposition":"NaN","width":"NaN","height":"NaN","shapeStyle":23},"labelManager":{"labels":[{"type":"textLabel","@id":148,"inputText":"4","labelStyle":25,"shape":null,"layoutText":null}],"mainLabel":148},"properties":{},"orientationAtVertex":"FREE","reference":null},{"type":"port","@id":149,"shape":{"type":"rect","xposition":"NaN","yposition":"NaN","width":"NaN","height":"NaN","shapeStyle":23},"labelManager":{"labels":[{"type":"textLabel","@id":150,"inputText":"3","labelStyle":25,"shape":null,"layoutText":null}],"mainLabel":150},"properties":{},"orientationAtVertex":"FREE","reference":null}],"properties":{},"reference":null}],"properties":{"id":"6d462175daca521b71a5d8fbd69302fe","type":"socket"},"reference":null},{"@id":151,"shape":{"type":"rect","xposition":"NaN","yposition":"NaN","width":"NaN","height":"NaN","shapeStyle":2},"labelManager":{"labels":[{"type":"textLabel","@id":152,"inputText":"Max","labelStyle":4,"shape":null,"layoutText":null}],"mainLabel":152},"portCompositions":[{"type":"port","@id":153,"shape":{"type":"rect","xposition":"NaN","yposition":"NaN","width":"NaN","height":"NaN","shapeStyle":2},"labelManager":{"labels":[{"type":"textLabel","@id":154,"inputText":"1","labelStyle":4,"shape":null,"layoutText":null}],"mainLabel":154},"properties":{"id":"3705f5d8a9665fb641da3a192930f7b3"},"orientationAtVertex":"FREE","reference":null}],"properties":{"id":"46d9b6f4ff041dcd459299ae56c2a13c","type":"splice"},"reference":null},{"@id":155,"shape":{"type":"rect","xposition":"NaN","yposition":"NaN","width":"NaN","height":"NaN","shapeStyle":2},"labelManager":{"labels":[{"type":"textLabel","@id":156,"inputText":"Leo","labelStyle":4,"shape":null,"layoutText":null}],"mainLabel":156},"portCompositions":[{"type":"port","@id":157,"shape":{"type":"rect","xposition":"NaN","yposition":"NaN","width":"NaN","height":"NaN","shapeStyle":2},"labelManager":{"labels":[{"type":"textLabel","@id":158,"inputText":"1","labelStyle":4,"shape":null,"layoutText":null}],"mainLabel":158},"properties":{"id":"4a26841b2a76b7ac3a24bdd03ef5efa5"},"orientationAtVertex":"FREE","reference":null}],"properties":{"id":"832fee327747dfeed927e0e54aa148f5","type":"splice"},"reference":null},{"@id":159,"shape":{"type":"rect","xposition":"NaN","yposition":"NaN","width":"NaN","height":"NaN","shapeStyle":2},"labelManager":{"labels":[{"type":"textLabel","@id":160,"inputText":"Paul","labelStyle":4,"shape":null,"layoutText":null}],"mainLabel":160},"portCompositions":[{"type":"port","@id":161,"shape":{"type":"rect","xposition":"NaN","yposition":"NaN","width":"NaN","height":"NaN","shapeStyle":2},"labelManager":{"labels":[{"type":"textLabel","@id":162,"inputText":"1","labelStyle":4,"shape":null,"layoutText":null}],"mainLabel":162},"properties":{"id":"a36a387679edb9289d0a9358400ba3fc"},"orientationAtVertex":"FREE","reference":null}],"properties":{"id":"0cc33b8113ef904fdb07bb70933421dc","type":"splice"},"reference":null},{"@id":163,"shape":{"type":"rect","xposition":"NaN","yposition":"NaN","width":"NaN","height":"NaN","shapeStyle":2},"labelManager":{"labels":[{"type":"textLabel","@id":164,"inputText":"Finn","labelStyle":4,"shape":null,"layoutText":null}],"mainLabel":164},"portCompositions":[{"type":"portGroup","@id":165,"ordered":false,"portCompositions":[{"type":"port","@id":166,"shape":{"type":"rect","xposition":"NaN","yposition":"NaN","width":"NaN","height":"NaN","shapeStyle":2},"labelManager":{"labels":[{"type":"textLabel","@id":167,"inputText":"1","labelStyle":4,"shape":null,"layoutText":null}],"mainLabel":167},"properties":{"id":"377a91d66e697c4a776c466adec7195b"},"orientationAtVertex":"FREE","reference":null}],"properties":{},"reference":null}],"properties":{"id":"aa583eec5c66884233f52f311464287a","type":"plug"},"reference":null},{"@id":168,"shape":{"type":"rect","xposition":"NaN","yposition":"NaN","width":"NaN","height":"NaN","shapeStyle":2},"labelManager":{"labels":[{"type":"textLabel","@id":169,"inputText":"Valentin","labelStyle":4,"shape":null,"layoutText":null}],"mainLabel":169},"portCompositions":[{"type":"portGroup","@id":170,"ordered":false,"portCompositions":[{"type":"port","@id":171,"shape":{"type":"rect","xposition":"NaN","yposition":"NaN","width":"NaN","height":"NaN","shapeStyle":2},"labelManager":{"labels":[{"type":"textLabel","@id":172,"inputText":"1","labelStyle":4,"shape":null,"layoutText":null}],"mainLabel":172},"properties":{"id":"839d9e6889e58e4159bb05db83df03df"},"orientationAtVertex":"FREE","reference":null}],"properties":{},"reference":null}],"properties":{"id":"b0dbaf650b1144e7227907bb6a0affd5","type":"plug"},"reference":null},{"@id":173,"shape":{"type":"rect","xposition":"NaN","yposition":"NaN","width":"NaN","height":"NaN","shapeStyle":2},"labelManager":{"labels":[{"type":"textLabel","@id":174,"inputText":"Samuel","labelStyle":4,"shape":null,"layoutText":null}],"mainLabel":174},"portCompositions":[{"type":"port","@id":175,"shape":{"type":"rect","xposition":"NaN","yposition":"NaN","width":"NaN","height":"NaN","shapeStyle":2},"labelManager":{"labels":[{"type":"textLabel","@id":176,"inputText":"1","labelStyle":4,"shape":null,"layoutText":null}],"mainLabel":176},"properties":{"id":"7e58684598fa0644ff56416cdd380e92"},"orientationAtVertex":"FREE","reference":null}],"properties":{"id":"cb773b4d3e22d1c8f7be2b7211dc4004","type":"splice"},"reference":null},{"@id":177,"shape":{"type":"rect","xposition":"NaN","yposition":"NaN","width":"NaN","height":"NaN","shapeStyle":2},"labelManager":{"labels":[{"type":"textLabel","@id":178,"inputText":"Benjamin","labelStyle":4,"shape":null,"layoutText":null}],"mainLabel":178},"portCompositions":[{"type":"portGroup","@id":179,"ordered":false,"portCompositions":[{"type":"port","@id":180,"shape":{"type":"rect","xposition":"NaN","yposition":"NaN","width":"NaN","height":"NaN","shapeStyle":2},"labelManager":{"labels":[{"type":"textLabel","@id":181,"inputText":"1","labelStyle":4,"shape":null,"layoutText":null}],"mainLabel":181},"properties":{"id":"206bf7a11493d9780b1bfe633ba67778"},"orientationAtVertex":"FREE","reference":null},{"type":"port","@id":182,"shape":{"type":"rect","xposition":"NaN","yposition":"NaN","width":"NaN","height":"NaN","shapeStyle":2},"labelManager":{"labels":[{"type":"textLabel","@id":183,"inputText":"2","labelStyle":4,"shape":null,"layoutText":null}],"mainLabel":183},"properties":{"id":"72bf6f0908527bfa45a4a87b858ede7e"},"orientationAtVertex":"FREE","reference":null},{"type":"port","@id":184,"shape":{"type":"rect","xposition":"NaN","yposition":"NaN","width":"NaN","height":"NaN","shapeStyle":23},"labelManager":{"labels":[{"type":"textLabel","@id":185,"inputText":"3","labelStyle":25,"shape":null,"layoutText":null}],"mainLabel":185},"properties":{},"orientationAtVertex":"FREE","reference":null}],"properties":{},"reference":null}],"properties":{"id":"19107677591cb5f8f52fd10aa5097b31","type":"plug"},"reference":null},{"@id":186,"shape":{"type":"rect","xposition":"NaN","yposition":"NaN","width":"NaN","height":"NaN","shapeStyle":2},"labelManager":{"labels":[{"type":"textLabel","@id":187,"inputText":"Alexander","labelStyle":4,"shape":null,"layoutText":null}],"mainLabel":187},"portCompositions":[{"type":"portGroup","@id":188,"ordered":false,"portCompositions":[{"type":"port","@id":189,"shape":{"type":"rect","xposition":"NaN","yposition":"NaN","width":"NaN","height":"NaN","shapeStyle":2},"labelManager":{"labels":[{"type":"textLabel","@id":190,"inputText":"1","labelStyle":4,"shape":null,"layoutText":null}],"mainLabel":190},"properties":{"id":"f520e25e9bc5db9c7e7d9bdf9f3c3869"},"orientationAtVertex":"FREE","reference":null},{"type":"port","@id":191,"shape":{"type":"rect","xposition":"NaN","yposition":"NaN","width":"NaN","height":"NaN","shapeStyle":2},"labelManager":{"labels":[{"type":"textLabel","@id":192,"inputText":"2","labelStyle":4,"shape":null,"layoutText":null}],"mainLabel":192},"properties":{"id":"c157d1b69ef1241075acb0bbcf0d8759"},"orientationAtVertex":"FREE","reference":null},{"type":"port","@id":193,"shape":{"type":"rect","xposition":"NaN","yposition":"NaN","width":"NaN","height":"NaN","shapeStyle":23},"labelManager":{"labels":[{"type":"textLabel","@id":194,"inputText":"3","labelStyle":25,"shape":null,"layoutText":null}],"mainLabel":194},"properties":{},"orientationAtVertex":"FREE","reference":null}],"properties":{},"reference":null}],"properties":{"id":"d9fdec6b5f9bd3245408d1fee7132981","type":"plug"},"reference":null},{"@id":195,"shape":{"type":"rect","xposition":"NaN","yposition":"NaN","width":"NaN","height":"NaN","shapeStyle":2},"labelManager":{"labels":[{"type":"textLabel","@id":196,"inputText":"Karl","labelStyle":4,"shape":null,"layoutText":null}],"mainLabel":196},"portCompositions":[{"type":"port","@id":197,"shape":{"type":"rect","xposition":"NaN","yposition":"NaN","width":"NaN","height":"NaN","shapeStyle":2},"labelManager":{"labels":[{"type":"textLabel","@id":198,"inputText":"1","labelStyle":4,"shape":null,"layoutText":null}],"mainLabel":198},"properties":{"id":"ea09026a7fa1adc5844ff4fd59a31eb5"},"orientationAtVertex":"FREE","reference":null}],"properties":{"id":"2c6e238b5cbb15e1f33e576458dc4a03","type":"splice"},"reference":null},{"@id":199,"shape":{"type":"rect","xposition":"NaN","yposition":"NaN","width":"NaN","height":"NaN","shapeStyle":2},"labelManager":{"labels":[{"type":"textLabel","@id":200,"inputText":"Elias","labelStyle":4,"shape":null,"layoutText":null}],"mainLabel":200},"portCompositions":[{"type":"port","@id":201,"shape":{"type":"rect","xposition":"NaN","yposition":"NaN","width":"NaN","height":"NaN","shapeStyle":2},"labelManager":{"labels":[{"type":"textLabel","@id":202,"inputText":"1","labelStyle":4,"shape":null,"layoutText":null}],"mainLabel":202},"properties":{"id":"3ab5b8001b1de92cd0935a6a3a88e7f1"},"orientationAtVertex":"FREE","reference":null}],"properties":{"id":"df832266f9ca888bee879f974438bfb1","type":"splice"},"reference":null},{"@id":203,"shape":{"type":"rect","xposition":"NaN","yposition":"NaN","width":"NaN","height":"NaN","shapeStyle":2},"labelManager":{"labels":[{"type":"textLabel","@id":204,"inputText":"Ben","labelStyle":4,"shape":null,"layoutText":null}],"mainLabel":204},"portCompositions":[{"type":"port","@id":205,"shape":{"type":"rect","xposition":"NaN","yposition":"NaN","width":"NaN","height":"NaN","shapeStyle":2},"labelManager":{"labels":[{"type":"textLabel","@id":206,"inputText":"1","labelStyle":4,"shape":null,"layoutText":null}],"mainLabel":206},"properties":{"id":"1d612812c6f1979a2ffe441686847041"},"orientationAtVertex":"FREE","reference":null}],"properties":{"id":"1cf6085218c367014586987abce25cfe","type":"splice"},"reference":null},{"@id":207,"shape":{"type":"rect","xposition":"NaN","yposition":"NaN","width":"NaN","height":"NaN","shapeStyle":2},"labelManager":{"labels":[{"type":"textLabel","@id":208,"inputText":"Lukas","labelStyle":4,"shape":null,"layoutText":null}],"mainLabel":208},"portCompositions":[{"type":"portGroup","@id":209,"ordered":false,"portCompositions":[{"type":"port","@id":210,"shape":{"type":"rect","xposition":"NaN","yposition":"NaN","width":"NaN","height":"NaN","shapeStyle":2},"labelManager":{"labels":[{"type":"textLabel","@id":211,"inputText":"1","labelStyle":4,"shape":null,"layoutText":null}],"mainLabel":211},"properties":{"id":"706de77003c44e7d4e55a7e005d3dbf7"},"orientationAtVertex":"FREE","reference":null},{"type":"port","@id":212,"shape":{"type":"rect","xposition":"NaN","yposition":"NaN","width":"NaN","height":"NaN","shapeStyle":2},"labelManager":{"labels":[{"type":"textLabel","@id":213,"inputText":"4","labelStyle":4,"shape":null,"layoutText":null}],"mainLabel":213},"properties":{"id":"da01dec907f0b7705a63c03617803452"},"orientationAtVertex":"FREE","reference":null},{"type":"port","@id":214,"shape":{"type":"rect","xposition":"NaN","yposition":"NaN","width":"NaN","height":"NaN","shapeStyle":2},"labelManager":{"labels":[{"type":"textLabel","@id":215,"inputText":"5","labelStyle":4,"shape":null,"layoutText":null}],"mainLabel":215},"properties":{"id":"572ceaccc9223c4061e5175e97062a98"},"orientationAtVertex":"FREE","reference":null},{"type":"port","@id":216,"shape":{"type":"rect","xposition":"NaN","yposition":"NaN","width":"NaN","height":"NaN","shapeStyle":2},"labelManager":{"labels":[{"type":"textLabel","@id":217,"inputText":"3","labelStyle":4,"shape":null,"layoutText":null}],"mainLabel":217},"properties":{"id":"16fcf12809d6e9c445634eb42449dac9"},"orientationAtVertex":"FREE","reference":null},{"type":"port","@id":218,"shape":{"type":"rect","xposition":"NaN","yposition":"NaN","width":"NaN","height":"NaN","shapeStyle":2},"labelManager":{"labels":[{"type":"textLabel","@id":219,"inputText":"2","labelStyle":4,"shape":null,"layoutText":null}],"mainLabel":219},"properties":{"id":"514a62b9a7b337b95c1bbc2c86374f07"},"orientationAtVertex":"FREE","reference":null},{"type":"port","@id":220,"shape":{"type":"rect","xposition":"NaN","yposition":"NaN","width":"NaN","height":"NaN","shapeStyle":2},"labelManager":{"labels":[{"type":"textLabel","@id":221,"inputText":"6","labelStyle":4,"shape":null,"layoutText":null}],"mainLabel":221},"properties":{"id":"4ca70511a1f48bbaf47402db32f0b180"},"orientationAtVertex":"FREE","reference":null}],"properties":{},"reference":null}],"properties":{"id":"d5ea58963785f28d5e39d7628ceca1b1","type":"plug"},"reference":null},{"@id":222,"shape":{"type":"rect","xposition":"NaN","yposition":"NaN","width":"NaN","height":"NaN","shapeStyle":2},"labelManager":{"labels":[{"type":"textLabel","@id":223,"inputText":"Daniel","labelStyle":4,"shape":null,"layoutText":null}],"mainLabel":223},"portCompositions":[{"type":"portGroup","@id":224,"ordered":false,"portCompositions":[{"type":"port","@id":225,"shape":{"type":"rect","xposition":"NaN","yposition":"NaN","width":"NaN","height":"NaN","shapeStyle":2},"labelManager":{"labels":[{"type":"textLabel","@id":226,"inputText":"1","labelStyle":4,"shape":null,"layoutText":null}],"mainLabel":226},"properties":{"id":"4c3b46583b7faf3511b85e72b9067c07"},"orientationAtVertex":"FREE","reference":null},{"type":"port","@id":227,"shape":{"type":"rect","xposition":"NaN","yposition":"NaN","width":"NaN","height":"NaN","shapeStyle":2},"labelManager":{"labels":[{"type":"textLabel","@id":228,"inputText":"4","labelStyle":4,"shape":null,"layoutText":null}],"mainLabel":228},"properties":{"id":"8a490417c7ab20538fdcab432b0e66f0"},"orientationAtVertex":"FREE","reference":null},{"type":"port","@id":229,"shape":{"type":"rect","xposition":"NaN","yposition":"NaN","width":"NaN","height":"NaN","shapeStyle":2},"labelManager":{"labels":[{"type":"textLabel","@id":230,"inputText":"5","labelStyle":4,"shape":null,"layoutText":null}],"mainLabel":230},"properties":{"id":"d4be1f0df43fa2e06d42158dad497a03"},"orientationAtVertex":"FREE","reference":null},{"type":"port","@id":231,"shape":{"type":"rect","xposition":"NaN","yposition":"NaN","width":"NaN","height":"NaN","shapeStyle":2},"labelManager":{"labels":[{"type":"textLabel","@id":232,"inputText":"3","labelStyle":4,"shape":null,"layoutText":null}],"mainLabel":232},"properties":{"id":"4bce3a871a19665cc6288f3b7b43c17f"},"orientationAtVertex":"FREE","reference":null},{"type":"port","@id":233,"shape":{"type":"rect","xposition":"NaN","yposition":"NaN","width":"NaN","height":"NaN","shapeStyle":2},"labelManager":{"labels":[{"type":"textLabel","@id":234,"inputText":"2","labelStyle":4,"shape":null,"layoutText":null}],"mainLabel":234},"properties":{"id":"361fb41c80449cb57120a1d72df23b3b"},"orientationAtVertex":"FREE","reference":null},{"type":"port","@id":235,"shape":{"type":"rect","xposition":"NaN","yposition":"NaN","width":"NaN","height":"NaN","shapeStyle":2},"labelManager":{"labels":[{"type":"textLabel","@id":236,"inputText":"6","labelStyle":4,"shape":null,"layoutText":null}],"mainLabel":236},"properties":{"id":"6f606d23f8d9c2e878b2456f78f0df15"},"orientationAtVertex":"FREE","reference":null}],"properties":{},"reference":null}],"properties":{"id":"e7f5eff39c9e2288fcea5a9496e3b667","type":"plug"},"reference":null},{"@id":237,"shape":{"type":"rect","xposition":"NaN","yposition":"NaN","width":"NaN","height":"NaN","shapeStyle":2},"labelManager":{"labels":[{"type":"textLabel","@id":238,"inputText":"Peter","labelStyle":4,"shape":null,"layoutText":null}],"mainLabel":238},"portCompositions":[{"type":"portGroup","@id":239,"ordered":false,"portCompositions":[{"type":"port","@id":240,"shape":{"type":"rect","xposition":"NaN","yposition":"NaN","width":"NaN","height":"NaN","shapeStyle":2},"labelManager":{"labels":[{"type":"textLabel","@id":241,"inputText":"2","labelStyle":4,"shape":null,"layoutText":null}],"mainLabel":241},"properties":{"id":"7c0731b5ab7c751d41f29196bf584366"},"orientationAtVertex":"FREE","reference":null},{"type":"port","@id":242,"shape":{"type":"rect","xposition":"NaN","yposition":"NaN","width":"NaN","height":"NaN","shapeStyle":2},"labelManager":{"labels":[{"type":"textLabel","@id":243,"inputText":"1","labelStyle":4,"shape":null,"layoutText":null}],"mainLabel":243},"properties":{"id":"00fecc313a8e6f8f4f166a74e16675c1"},"orientationAtVertex":"FREE","reference":null},{"type":"port","@id":244,"shape":{"type":"rect","xposition":"NaN","yposition":"NaN","width":"NaN","height":"NaN","shapeStyle":23},"labelManager":{"labels":[{"type":"textLabel","@id":245,"inputText":"3","labelStyle":25,"shape":null,"layoutText":null}],"mainLabel":245},"properties":{},"orientationAtVertex":"FREE","reference":null}],"properties":{},"reference":null}],"properties":{"id":"8c9f29785115f83f3550a50d0303d0f5","type":"device"},"reference":null},{"@id":246,"shape":{"type":"rect","xposition":"NaN","yposition":"NaN","width":"NaN","height":"NaN","shapeStyle":2},"labelManager":{"labels":[{"type":"textLabel","@id":247,"inputText":"Luis","labelStyle":4,"shape":null,"layoutText":null}],"mainLabel":247},"portCompositions":[{"type":"portGroup","@id":248,"ordered":false,"portCompositions":[{"type":"port","@id":249,"shape":{"type":"rect","xposition":"NaN","yposition":"NaN","width":"NaN","height":"NaN","shapeStyle":2},"labelManager":{"labels":[{"type":"textLabel","@id":250,"inputText":"2","labelStyle":4,"shape":null,"layoutText":null}],"mainLabel":250},"properties":{"id":"2b38bf7b33e3e4cb8dbb375bd0ed99b2"},"orientationAtVertex":"FREE","reference":null},{"type":"port","@id":251,"shape":{"type":"rect","xposition":"NaN","yposition":"NaN","width":"NaN","height":"NaN","shapeStyle":2},"labelManager":{"labels":[{"type":"textLabel","@id":252,"inputText":"1","labelStyle":4,"shape":null,"layoutText":null}],"mainLabel":252},"properties":{"id":"b0cc188c7ce9ef01b110e852667f0951"},"orientationAtVertex":"FREE","reference":null},{"type":"port","@id":253,"shape":{"type":"rect","xposition":"NaN","yposition":"NaN","width":"NaN","height":"NaN","shapeStyle":23},"labelManager":{"labels":[{"type":"textLabel","@id":254,"inputText":"3","labelStyle":25,"shape":null,"layoutText":null}],"mainLabel":254},"properties":{},"orientationAtVertex":"FREE","reference":null}],"properties":{},"reference":null}],"properties":{"id":"0b034a119bc9688145cf12b95e82d053","type":"socket"},"reference":null},{"@id":255,"shape":{"type":"rect","xposition":"NaN","yposition":"NaN","width":"NaN","height":"NaN","shapeStyle":2},"labelManager":{"labels":[{"type":"textLabel","@id":256,"inputText":"Jakob","labelStyle":4,"shape":null,"layoutText":null}],"mainLabel":256},"portCompositions":[{"type":"portGroup","@id":257,"ordered":false,"portCompositions":[{"type":"port","@id":258,"shape":{"type":"rect","xposition":"NaN","yposition":"NaN","width":"NaN","height":"NaN","shapeStyle":2},"labelManager":{"labels":[{"type":"textLabel","@id":259,"inputText":"1","labelStyle":4,"shape":null,"layoutText":null}],"mainLabel":259},"properties":{"id":"44cf7ec1710f5cdd7c8f3212137c3051"},"orientationAtVertex":"FREE","reference":null},{"type":"port","@id":260,"shape":{"type":"rect","xposition":"NaN","yposition":"NaN","width":"NaN","height":"NaN","shapeStyle":2},"labelManager":{"labels":[{"type":"textLabel","@id":261,"inputText":"2","labelStyle":4,"shape":null,"layoutText":null}],"mainLabel":261},"properties":{"id":"0a55cabdd0223ee7948958cdc30f7269"},"orientationAtVertex":"FREE","reference":null},{"type":"port","@id":262,"shape":{"type":"rect","xposition":"NaN","yposition":"NaN","width":"NaN","height":"NaN","shapeStyle":2},"labelManager":{"labels":[{"type":"textLabel","@id":263,"inputText":"6","labelStyle":4,"shape":null,"layoutText":null}],"mainLabel":263},"properties":{"id":"817e9c37a8d1ce0c28c3694caea06606"},"orientationAtVertex":"FREE","reference":null},{"type":"port","@id":264,"shape":{"type":"rect","xposition":"NaN","yposition":"NaN","width":"NaN","height":"NaN","shapeStyle":2},"labelManager":{"labels":[{"type":"textLabel","@id":265,"inputText":"7","labelStyle":4,"shape":null,"layoutText":null}],"mainLabel":265},"properties":{"id":"c979c38870f26ad28b0de546f11cbf59"},"orientationAtVertex":"FREE","reference":null},{"type":"port","@id":266,"shape":{"type":"rect","xposition":"NaN","yposition":"NaN","width":"NaN","height":"NaN","shapeStyle":2},"labelManager":{"labels":[{"type":"textLabel","@id":267,"inputText":"4","labelStyle":4,"shape":null,"layoutText":null}],"mainLabel":267},"properties":{"id":"812460fc93a39cebd3f2ccd53dfd7682"},"orientationAtVertex":"FREE","reference":null},{"type":"port","@id":268,"shape":{"type":"rect","xposition":"NaN","yposition":"NaN","width":"NaN","height":"NaN","shapeStyle":2},"labelManager":{"labels":[{"type":"textLabel","@id":269,"inputText":"3","labelStyle":4,"shape":null,"layoutText":null}],"mainLabel":269},"properties":{"id":"681bc53386f2638d054f688c754810e0"},"orientationAtVertex":"FREE","reference":null},{"type":"port","@id":270,"shape":{"type":"rect","xposition":"NaN","yposition":"NaN","width":"NaN","height":"NaN","shapeStyle":2},"labelManager":{"labels":[{"type":"textLabel","@id":271,"inputText":"5","labelStyle":4,"shape":null,"layoutText":null}],"mainLabel":271},"properties":{"id":"f55943c5e11753e53c339e74a14f3f80"},"orientationAtVertex":"FREE","reference":null}],"properties":{},"reference":null}],"properties":{"id":"468f92c30c83f855c3c8ff3459be40e9","type":"device"},"reference":null},{"@id":272,"shape":{"type":"rect","xposition":"NaN","yposition":"NaN","width":"NaN","height":"NaN","shapeStyle":2},"labelManager":{"labels":[{"type":"textLabel","@id":273,"inputText":"Tim","labelStyle":4,"shape":null,"layoutText":null}],"mainLabel":273},"portCompositions":[{"type":"portGroup","@id":274,"ordered":false,"portCompositions":[{"type":"port","@id":275,"shape":{"type":"rect","xposition":"NaN","yposition":"NaN","width":"NaN","height":"NaN","shapeStyle":2},"labelManager":{"labels":[{"type":"textLabel","@id":276,"inputText":"1","labelStyle":4,"shape":null,"layoutText":null}],"mainLabel":276},"properties":{"id":"1556d1ab136bfaf38e0aa87e878aea53"},"orientationAtVertex":"FREE","reference":null},{"type":"port","@id":277,"shape":{"type":"rect","xposition":"NaN","yposition":"NaN","width":"NaN","height":"NaN","shapeStyle":2},"labelManager":{"labels":[{"type":"textLabel","@id":278,"inputText":"2","labelStyle":4,"shape":null,"layoutText":null}],"mainLabel":278},"properties":{"id":"2d68ca53c48c4a5ca666c2c5452751c3"},"orientationAtVertex":"FREE","reference":null},{"type":"port","@id":279,"shape":{"type":"rect","xposition":"NaN","yposition":"NaN","width":"NaN","height":"NaN","shapeStyle":2},"labelManager":{"labels":[{"type":"textLabel","@id":280,"inputText":"6","labelStyle":4,"shape":null,"layoutText":null}],"mainLabel":280},"properties":{"id":"a630acdfd91737ea2b372067e3531100"},"orientationAtVertex":"FREE","reference":null},{"type":"port","@id":281,"shape":{"type":"rect","xposition":"NaN","yposition":"NaN","width":"NaN","height":"NaN","shapeStyle":2},"labelManager":{"labels":[{"type":"textLabel","@id":282,"inputText":"7","labelStyle":4,"shape":null,"layoutText":null}],"mainLabel":282},"properties":{"id":"c27ba36280e43a43e63d7dcd9a4cccd6"},"orientationAtVertex":"FREE","reference":null},{"type":"port","@id":283,"shape":{"type":"rect","xposition":"NaN","yposition":"NaN","width":"NaN","height":"NaN","shapeStyle":2},"labelManager":{"labels":[{"type":"textLabel","@id":284,"inputText":"4","labelStyle":4,"shape":null,"layoutText":null}],"mainLabel":284},"properties":{"id":"44f758f10116bbc70ee7490649466981"},"orientationAtVertex":"FREE","reference":null},{"type":"port","@id":285,"shape":{"type":"rect","xposition":"NaN","yposition":"NaN","width":"NaN","height":"NaN","shapeStyle":2},"labelManager":{"labels":[{"type":"textLabel","@id":286,"inputText":"3","labelStyle":4,"shape":null,"layoutText":null}],"mainLabel":286},"properties":{"id":"791294272bd95b06c36be9838ee0c28d"},"orientationAtVertex":"FREE","reference":null},{"type":"port","@id":287,"shape":{"type":"rect","xposition":"NaN","yposition":"NaN","width":"NaN","height":"NaN","shapeStyle":2},"labelManager":{"labels":[{"type":"textLabel","@id":288,"inputText":"5","labelStyle":4,"shape":null,"layoutText":null}],"mainLabel":288},"properties":{"id":"bb16bcfd608796f63e72543d7e572c2b"},"orientationAtVertex":"FREE","reference":null}],"properties":{},"reference":null}],"properties":{"id":"41f73c8a4fe7ad82d4c919e40434836e","type":"socket"},"reference":null},{"@id":289,"shape":{"type":"rect","xposition":"NaN","yposition":"NaN","width":"NaN","height":"NaN","shapeStyle":2},"labelManager":{"labels":[{"type":"textLabel","@id":290,"inputText":"Leon","labelStyle":4,"shape":null,"layoutText":null}],"mainLabel":290},"portCompositions":[{"type":"port","@id":291,"shape":{"type":"rect","xposition":"NaN","yposition":"NaN","width":"NaN","height":"NaN","shapeStyle":2},"labelManager":{"labels":[{"type":"textLabel","@id":292,"inputText":"1","labelStyle":4,"shape":null,"layoutText":null}],"mainLabel":292},"properties":{"id":"2ccdd31dce19d1265a0b6c45139f0a84"},"orientationAtVertex":"FREE","reference":null}],"properties":{"id":"2cac16586ee2fbb1fabf66d6766a01ef","type":"splice"},"reference":null},{"@id":293,"shape":{"type":"rect","xposition":"NaN","yposition":"NaN","width":"NaN","height":"NaN","shapeStyle":2},"labelManager":{"labels":[{"type":"textLabel","@id":294,"inputText":"Mats","labelStyle":4,"shape":null,"layoutText":null}],"mainLabel":294},"portCompositions":[{"type":"port","@id":295,"shape":{"type":"rect","xposition":"NaN","yposition":"NaN","width":"NaN","height":"NaN","shapeStyle":2},"labelManager":{"labels":[{"type":"textLabel","@id":296,"inputText":"1","labelStyle":4,"shape":null,"layoutText":null}],"mainLabel":296},"properties":{"id":"cdcbe7f6f82d3cf91b882ff2d995f414"},"orientationAtVertex":"FREE","reference":null}],"properties":{"id":"01297376d27dd9c24134b6be55ad8fba","type":"splice"},"reference":null},{"@id":297,"shape":{"type":"rect","xposition":"NaN","yposition":"NaN","width":"NaN","height":"NaN","shapeStyle":2},"labelManager":{"labels":[{"type":"textLabel","@id":298,"inputText":"David","labelStyle":4,"shape":null,"layoutText":null}],"mainLabel":298},"portCompositions":[{"type":"port","@id":299,"shape":{"type":"rect","xposition":"NaN","yposition":"NaN","width":"NaN","height":"NaN","shapeStyle":2},"labelManager":{"labels":[{"type":"textLabel","@id":300,"inputText":"1","labelStyle":4,"shape":null,"layoutText":null}],"mainLabel":300},"properties":{"id":"220cc2bd536f751e07b357a6595f5699"},"orientationAtVertex":"FREE","reference":null}],"properties":{"id":"ecd23472f378590c272a9fa789dedf90","type":"splice"},"reference":null},{"@id":301,"shape":{"type":"rect","xposition":"NaN","yposition":"NaN","width":"NaN","height":"NaN","shapeStyle":2},"labelManager":{"labels":[{"type":"textLabel","@id":302,"inputText":"Anton","labelStyle":4,"shape":null,"layoutText":null}],"mainLabel":302},"portCompositions":[{"type":"portGroup","@id":303,"ordered":false,"portCompositions":[{"type":"port","@id":304,"shape":{"type":"rect","xposition":"NaN","yposition":"NaN","width":"NaN","height":"NaN","shapeStyle":2},"labelManager":{"labels":[{"type":"textLabel","@id":305,"inputText":"2","labelStyle":4,"shape":null,"layoutText":null}],"mainLabel":305},"properties":{"id":"88b695ff0a0ee4dcdbb25e777f30112c"},"orientationAtVertex":"FREE","reference":null},{"type":"port","@id":306,"shape":{"type":"rect","xposition":"NaN","yposition":"NaN","width":"NaN","height":"NaN","shapeStyle":2},"labelManager":{"labels":[{"type":"textLabel","@id":307,"inputText":"1","labelStyle":4,"shape":null,"layoutText":null}],"mainLabel":307},"properties":{"id":"3a8e17acdce54e0e88ae7e886fbae56f"},"orientationAtVertex":"FREE","reference":null}],"properties":{},"reference":null}],"properties":{"id":"271c489464a00f31c0ea7a03e2ffef1f","type":"plug"},"reference":null},{"@id":308,"shape":{"type":"rect","xposition":"NaN","yposition":"NaN","width":"NaN","height":"NaN","shapeStyle":2},"labelManager":{"labels":[{"type":"textLabel","@id":309,"inputText":"Moritz","labelStyle":4,"shape":null,"layoutText":null}],"mainLabel":309},"portCompositions":[{"type":"portGroup","@id":310,"ordered":false,"portCompositions":[{"type":"port","@id":311,"shape":{"type":"rect","xposition":"NaN","yposition":"NaN","width":"NaN","height":"NaN","shapeStyle":2},"labelManager":{"labels":[{"type":"textLabel","@id":312,"inputText":"2","labelStyle":4,"shape":null,"layoutText":null}],"mainLabel":312},"properties":{"id":"34e5e3126a1abdd796616546b21c5ec8"},"orientationAtVertex":"FREE","reference":null},{"type":"port","@id":313,"shape":{"type":"rect","xposition":"NaN","yposition":"NaN","width":"NaN","height":"NaN","shapeStyle":2},"labelManager":{"labels":[{"type":"textLabel","@id":314,"inputText":"1","labelStyle":4,"shape":null,"layoutText":null}],"mainLabel":314},"properties":{"id":"8fef4f161d11ccaf3c2159e297486331"},"orientationAtVertex":"FREE","reference":null}],"properties":{},"reference":null}],"properties":{"id":"d46255e2b3a04971b443221f19f202b7","type":"plug"},"reference":null},{"@id":315,"shape":{"type":"rect","xposition":"NaN","yposition":"NaN","width":"NaN","height":"NaN","shapeStyle":2},"labelManager":{"labels":[{"type":"textLabel","@id":316,"inputText":"Joel","labelStyle":4,"shape":null,"layoutText":null}],"mainLabel":316},"portCompositions":[{"type":"port","@id":317,"shape":{"type":"rect","xposition":"NaN","yposition":"NaN","width":"NaN","height":"NaN","shapeStyle":2},"labelManager":{"labels":[{"type":"textLabel","@id":318,"inputText":"1","labelStyle":4,"shape":null,"layoutText":null}],"mainLabel":318},"properties":{"id":"8320408133913b7d77385d14debeb11a"},"orientationAtVertex":"FREE","reference":null}],"properties":{"id":"8b413fc607e0df74fb2d26cf34872dc3","type":"splice"},"reference":null},{"@id":319,"shape":{"type":"rect","xposition":"NaN","yposition":"NaN","width":"NaN","height":"NaN","shapeStyle":2},"labelManager":{"labels":[{"type":"textLabel","@id":320,"inputText":"Emil","labelStyle":4,"shape":null,"layoutText":null}],"mainLabel":320},"portCompositions":[{"type":"port","@id":321,"shape":{"type":"rect","xposition":"NaN","yposition":"NaN","width":"NaN","height":"NaN","shapeStyle":2},"labelManager":{"labels":[{"type":"textLabel","@id":322,"inputText":"1","labelStyle":4,"shape":null,"layoutText":null}],"mainLabel":322},"properties":{"id":"3d2263ffbffcca2d672347cc8ba2fa29"},"orientationAtVertex":"FREE","reference":null}],"properties":{"id":"7ba57231013bf6f0e54f02b99b957137","type":"splice"},"reference":null},{"@id":323,"shape":{"type":"rect","xposition":"NaN","yposition":"NaN","width":"NaN","height":"NaN","shapeStyle":2},"labelManager":{"labels":[{"type":"textLabel","@id":324,"inputText":"Theo","labelStyle":4,"shape":null,"layoutText":null}],"mainLabel":324},"portCompositions":[{"type":"port","@id":325,"shape":{"type":"rect","xposition":"NaN","yposition":"NaN","width":"NaN","height":"NaN","shapeStyle":2},"labelManager":{"labels":[{"type":"textLabel","@id":326,"inputText":"1","labelStyle":4,"shape":null,"layoutText":null}],"mainLabel":326},"properties":{"id":"7435be46f6be0e1cfdd52c7ae1179e4e"},"orientationAtVertex":"FREE","reference":null}],"properties":{"id":"558f8d4b0eab4339bfcc6467e012a919","type":"splice"},"reference":null},{"@id":327,"shape":{"type":"rect","xposition":"NaN","yposition":"NaN","width":"NaN","height":"NaN","shapeStyle":2},"labelManager":{"labels":[{"type":"textLabel","@id":328,"inputText":"Gabriel","labelStyle":4,"shape":null,"layoutText":null}],"mainLabel":328},"portCompositions":[{"type":"port","@id":329,"shape":{"type":"rect","xposition":"NaN","yposition":"NaN","width":"NaN","height":"NaN","shapeStyle":2},"labelManager":{"labels":[{"type":"textLabel","@id":330,"inputText":"1","labelStyle":4,"shape":null,"layoutText":null}],"mainLabel":330},"properties":{"id":"c9e7bcd8d1c63728f40aa0ac45553403"},"orientationAtVertex":"FREE","reference":null}],"properties":{"id":"9a4948c58b05f2cee18572dde7ec71e6","type":"splice"},"reference":null},{"@id":331,"shape":{"type":"rect","xposition":"NaN","yposition":"NaN","width":"NaN","height":"NaN","shapeStyle":2},"labelManager":{"labels":[{"type":"textLabel","@id":332,"inputText":"Luca","labelStyle":4,"shape":null,"layoutText":null}],"mainLabel":332},"portCompositions":[{"type":"port","@id":333,"shape":{"type":"rect","xposition":"NaN","yposition":"NaN","width":"NaN","height":"NaN","shapeStyle":2},"labelManager":{"labels":[{"type":"textLabel","@id":334,"inputText":"1","labelStyle":4,"shape":null,"layoutText":null}],"mainLabel":334},"properties":{"id":"b58abde7502d64d333513e1c6d81cf61"},"orientationAtVertex":"FREE","reference":null}],"properties":{"id":"fa92a8cb447f7e9ccec79d8d7c79106e","type":"splice"},"reference":null},{"@id":335,"shape":null,"labelManager":{"labels":[{"type":"textLabel","@id":336,"inputText":"Simon","labelStyle":25,"shape":null,"layoutText":null}],"mainLabel":336},"portCompositions":[{"type":"portGroup","@id":337,"ordered":false,"portCompositions":[{"type":"port","@id":338,"shape":{"type":"rect","xposition":"NaN","yposition":"NaN","width":"NaN","height":"NaN","shapeStyle":23},"labelManager":{"labels":[{"type":"textLabel","@id":339,"inputText":"1","labelStyle":25,"shape":null,"layoutText":null}],"mainLabel":339},"properties":{},"orientationAtVertex":"FREE","reference":null}],"properties":{},"reference":null}],"properties":{},"reference":null},{"@id":340,"shape":null,"labelManager":{"labels":[{"type":"textLabel","@id":341,"inputText":"Henri","labelStyle":25,"shape":null,"layoutText":null}],"mainLabel":341},"portCompositions":[{"type":"portGroup","@id":342,"ordered":false,"portCompositions":[{"type":"port","@id":343,"shape":{"type":"rect","xposition":"NaN","yposition":"NaN","width":"NaN","height":"NaN","shapeStyle":23},"labelManager":{"labels":[{"type":"textLabel","@id":344,"inputText":"1","labelStyle":25,"shape":null,"layoutText":null}],"mainLabel":344},"properties":{},"orientationAtVertex":"FREE","reference":null}],"properties":{},"reference":null}],"properties":{},"reference":null},{"@id":345,"shape":null,"labelManager":{"labels":[{"type":"textLabel","@id":346,"inputText":"Felix","labelStyle":25,"shape":null,"layoutText":null}],"mainLabel":346},"portCompositions":[{"type":"portGroup","@id":347,"ordered":false,"portCompositions":[{"type":"port","@id":348,"shape":{"type":"rect","xposition":"NaN","yposition":"NaN","width":"NaN","height":"NaN","shapeStyle":23},"labelManager":{"labels":[{"type":"textLabel","@id":349,"inputText":"2","labelStyle":25,"shape":null,"layoutText":null}],"mainLabel":349},"properties":{},"orientationAtVertex":"FREE","reference":null},{"type":"port","@id":350,"shape":{"type":"rect","xposition":"NaN","yposition":"NaN","width":"NaN","height":"NaN","shapeStyle":23},"labelManager":{"labels":[{"type":"textLabel","@id":351,"inputText":"1","labelStyle":25,"shape":null,"layoutText":null}],"mainLabel":351},"properties":{},"orientationAtVertex":"FREE","reference":null}],"properties":{},"reference":null}],"properties":{},"reference":null},{"@id":352,"shape":null,"labelManager":{"labels":[{"type":"textLabel","@id":353,"inputText":"Noah","labelStyle":25,"shape":null,"layoutText":null}],"mainLabel":353},"portCompositions":[{"type":"portGroup","@id":354,"ordered":false,"portCompositions":[{"type":"port","@id":355,"shape":{"type":"rect","xposition":"NaN","yposition":"NaN","width":"NaN","height":"NaN","shapeStyle":23},"labelManager":{"labels":[{"type":"textLabel","@id":356,"inputText":"2","labelStyle":25,"shape":null,"layoutText":null}],"mainLabel":356},"properties":{},"orientationAtVertex":"FREE","reference":null},{"type":"port","@id":357,"shape":{"type":"rect","xposition":"NaN","yposition":"NaN","width":"NaN","height":"NaN","shapeStyle":23},"labelManager":{"labels":[{"type":"textLabel","@id":358,"inputText":"1","labelStyle":25,"shape":null,"layoutText":null}],"mainLabel":358},"properties":{},"orientationAtVertex":"FREE","reference":null}],"properties":{},"reference":null}],"properties":{},"reference":null},{"@id":359,"shape":null,"labelManager":{"labels":[{"type":"textLabel","@id":360,"inputText":"Louis","labelStyle":25,"shape":null,"layoutText":null}],"mainLabel":360},"portCompositions":[{"type":"portGroup","@id":361,"ordered":false,"portCompositions":[{"type":"port","@id":362,"shape":{"type":"rect","xposition":"NaN","yposition":"NaN","width":"NaN","height":"NaN","shapeStyle":23},"labelManager":{"labels":[{"type":"textLabel","@id":363,"inputText":"1","labelStyle":25,"shape":null,"layoutText":null}],"mainLabel":363},"properties":{},"orientationAtVertex":"FREE","reference":null}],"properties":{},"reference":null}],"properties":{},"reference":null},{"@id":364,"shape":null,"labelManager":{"labels":[{"type":"textLabel","@id":365,"inputText":"Lukas","labelStyle":25,"shape":null,"layoutText":null}],"mainLabel":365},"portCompositions":[{"type":"portGroup","@id":366,"ordered":false,"portCompositions":[{"type":"port","@id":367,"shape":{"type":"rect","xposition":"NaN","yposition":"NaN","width":"NaN","height":"NaN","shapeStyle":23},"labelManager":{"labels":[{"type":"textLabel","@id":368,"inputText":"1","labelStyle":25,"shape":null,"layoutText":null}],"mainLabel":368},"properties":{},"orientationAtVertex":"FREE","reference":null}],"properties":{},"reference":null}],"properties":{},"reference":null},{"@id":369,"shape":null,"labelManager":{"labels":[{"type":"textLabel","@id":370,"inputText":"Valentin","labelStyle":25,"shape":null,"layoutText":null}],"mainLabel":370},"portCompositions":[{"type":"portGroup","@id":371,"ordered":false,"portCompositions":[{"type":"port","@id":372,"shape":{"type":"rect","xposition":"NaN","yposition":"NaN","width":"NaN","height":"NaN","shapeStyle":23},"labelManager":{"labels":[{"type":"textLabel","@id":373,"inputText":"1","labelStyle":25,"shape":null,"layoutText":null}],"mainLabel":373},"properties":{},"orientationAtVertex":"FREE","reference":null}],"properties":{},"reference":null}],"properties":{},"reference":null},{"@id":374,"shape":null,"labelManager":{"labels":[{"type":"textLabel","@id":375,"inputText":"Jonathan","labelStyle":25,"shape":null,"layoutText":null}],"mainLabel":375},"portCompositions":[{"type":"portGroup","@id":376,"ordered":false,"portCompositions":[{"type":"port","@id":377,"shape":{"type":"rect","xposition":"NaN","yposition":"NaN","width":"NaN","height":"NaN","shapeStyle":23},"labelManager":{"labels":[{"type":"textLabel","@id":378,"inputText":"1","labelStyle":25,"shape":null,"layoutText":null}],"mainLabel":378},"properties":{},"orientationAtVertex":"FREE","reference":null}],"properties":{},"reference":null}],"properties":{},"reference":null},{"@id":379,"shape":null,"labelManager":{"labels":[{"type":"textLabel","@id":380,"inputText":"Niklas","labelStyle":25,"shape":null,"layoutText":null}],"mainLabel":380},"portCompositions":[{"type":"portGroup","@id":381,"ordered":false,"portCompositions":[{"type":"port","@id":382,"shape":{"type":"rect","xposition":"NaN","yposition":"NaN","width":"NaN","height":"NaN","shapeStyle":23},"labelManager":{"labels":[{"type":"textLabel","@id":383,"inputText":"1","labelStyle":25,"shape":null,"layoutText":null}],"mainLabel":383},"properties":{},"orientationAtVertex":"FREE","reference":null},{"type":"port","@id":384,"shape":{"type":"rect","xposition":"NaN","yposition":"NaN","width":"NaN","height":"NaN","shapeStyle":23},"labelManager":{"labels":[{"type":"textLabel","@id":385,"inputText":"2","labelStyle":25,"shape":null,"layoutText":null}],"mainLabel":385},"properties":{},"orientationAtVertex":"FREE","reference":null}],"properties":{},"reference":null}],"properties":{},"reference":null},{"@id":386,"shape":null,"labelManager":{"labels":[{"type":"textLabel","@id":387,"inputText":"Karl","labelStyle":25,"shape":null,"layoutText":null}],"mainLabel":387},"portCompositions":[{"type":"portGroup","@id":388,"ordered":false,"portCompositions":[{"type":"port","@id":389,"shape":{"type":"rect","xposition":"NaN","yposition":"NaN","width":"NaN","height":"NaN","shapeStyle":23},"labelManager":{"labels":[{"type":"textLabel","@id":390,"inputText":"1","labelStyle":25,"shape":null,"layoutText":null}],"mainLabel":390},"properties":{},"orientationAtVertex":"FREE","reference":null},{"type":"port","@id":391,"shape":{"type":"rect","xposition":"NaN","yposition":"NaN","width":"NaN","height":"NaN","shapeStyle":23},"labelManager":{"labels":[{"type":"textLabel","@id":392,"inputText":"2","labelStyle":25,"shape":null,"layoutText":null}],"mainLabel":392},"properties":{},"orientationAtVertex":"FREE","reference":null}],"properties":{},"reference":null}],"properties":{},"reference":null},{"@id":393,"shape":null,"labelManager":{"labels":[{"type":"textLabel","@id":394,"inputText":"Henri","labelStyle":25,"shape":null,"layoutText":null}],"mainLabel":394},"portCompositions":[{"type":"portGroup","@id":395,"ordered":false,"portCompositions":[{"type":"port","@id":396,"shape":{"type":"rect","xposition":"NaN","yposition":"NaN","width":"NaN","height":"NaN","shapeStyle":23},"labelManager":{"labels":[{"type":"textLabel","@id":397,"inputText":"1","labelStyle":25,"shape":null,"layoutText":null}],"mainLabel":397},"properties":{},"orientationAtVertex":"FREE","reference":null},{"type":"port","@id":398,"shape":{"type":"rect","xposition":"NaN","yposition":"NaN","width":"NaN","height":"NaN","shapeStyle":23},"labelManager":{"labels":[{"type":"textLabel","@id":399,"inputText":"2","labelStyle":25,"shape":null,"layoutText":null}],"mainLabel":399},"properties":{},"orientationAtVertex":"FREE","reference":null},{"type":"port","@id":400,"shape":{"type":"rect","xposition":"NaN","yposition":"NaN","width":"NaN","height":"NaN","shapeStyle":23},"labelManager":{"labels":[{"type":"textLabel","@id":401,"inputText":"4","labelStyle":25,"shape":null,"layoutText":null}],"mainLabel":401},"properties":{},"orientationAtVertex":"FREE","reference":null},{"type":"port","@id":402,"shape":{"type":"rect","xposition":"NaN","yposition":"NaN","width":"NaN","height":"NaN","shapeStyle":23},"labelManager":{"labels":[{"type":"textLabel","@id":403,"inputText":"3","labelStyle":25,"shape":null,"layoutText":null}],"mainLabel":403},"properties":{},"orientationAtVertex":"FREE","reference":null}],"properties":{},"reference":null}],"properties":{},"reference":null},{"@id":404,"shape":null,"labelManager":{"labels":[{"type":"textLabel","@id":405,"inputText":"Daniel","labelStyle":25,"shape":null,"layoutText":null}],"mainLabel":405},"portCompositions":[{"type":"portGroup","@id":406,"ordered":false,"portCompositions":[{"type":"port","@id":407,"shape":{"type":"rect","xposition":"NaN","yposition":"NaN","width":"NaN","height":"NaN","shapeStyle":23},"labelManager":{"labels":[{"type":"textLabel","@id":408,"inputText":"1","labelStyle":25,"shape":null,"layoutText":null}],"mainLabel":408},"properties":{},"orientationAtVertex":"FREE","reference":null},{"type":"port","@id":409,"shape":{"type":"rect","xposition":"NaN","yposition":"NaN","width":"NaN","height":"NaN","shapeStyle":23},"labelManager":{"labels":[{"type":"textLabel","@id":410,"inputText":"2","labelStyle":25,"shape":null,"layoutText":null}],"mainLabel":410},"properties":{},"orientationAtVertex":"FREE","reference":null},{"type":"port","@id":411,"shape":{"type":"rect","xposition":"NaN","yposition":"NaN","width":"NaN","height":"NaN","shapeStyle":23},"labelManager":{"labels":[{"type":"textLabel","@id":412,"inputText":"4","labelStyle":25,"shape":null,"layoutText":null}],"mainLabel":412},"properties":{},"orientationAtVertex":"FREE","reference":null},{"type":"port","@id":413,"shape":{"type":"rect","xposition":"NaN","yposition":"NaN","width":"NaN","height":"NaN","shapeStyle":23},"labelManager":{"labels":[{"type":"textLabel","@id":414,"inputText":"3","labelStyle":25,"shape":null,"layoutText":null}],"mainLabel":414},"properties":{},"orientationAtVertex":"FREE","reference":null}],"properties":{},"reference":null}],"properties":{},"reference":null}],"vertexGroups":[{"@id":415,"drawnFrame":false,"labelManager":{"labels":[],"mainLabel":null},"shape":null,"containedVertices":[7,12],"containedVertexGroups":[],"touchingPairs":[{"vertex0":7,"horizontalPlacementVertex0":"FREE","verticalPlacementVertex0":"TOP","vertex1":12,"horizontalPlacementVertex1":"FREE","verticalPlacementVertex1":"FREE"}],"portPairings":[{"port0":10,"port1":15}],"properties":{},"reference":null},{"@id":416,"drawnFrame":false,"labelManager":{"labels":[],"mainLabel":null},"shape":null,"containedVertices":[17,26],"containedVertexGroups":[],"touchingPairs":[{"vertex0":17,"horizontalPlacementVertex0":"FREE","verticalPlacementVertex0":"TOP","vertex1":26,"horizontalPlacementVertex1":"FREE","verticalPlacementVertex1":"FREE"}],"portPairings":[{"port0":20,"port1":29},{"port0":22,"port1":31}],"properties":{},"reference":null},{"@id":417,"drawnFrame":false,"labelManager":{"labels":[],"mainLabel":null},"shape":null,"containedVertices":[41,46],"containedVertexGroups":[],"touchingPairs":[{"vertex0":41,"horizontalPlacementVertex0":"FREE","verticalPlacementVertex0":"TOP","vertex1":46,"horizontalPlacementVertex1":"FREE","verticalPlacementVertex1":"FREE"}],"portPairings":[{"port0":44,"port1":49}],"properties":{},"reference":null},{"@id":418,"drawnFrame":false,"labelManager":{"labels":[],"mainLabel":null},"shape":null,"containedVertices":[51,64],"containedVertexGroups":[],"touchingPairs":[{"vertex0":51,"horizontalPlacementVertex0":"FREE","verticalPlacementVertex0":"TOP","vertex1":64,"horizontalPlacementVertex1":"FREE","verticalPlacementVertex1":"FREE"}],"portPairings":[{"port0":58,"port1":71},{"port0":54,"port1":67},{"port0":56,"port1":69},{"port0":60,"port1":73},{"port0":62,"port1":75}],"properties":{},"reference":null},{"@id":419,"drawnFrame":false,"labelManager":{"labels":[],"mainLabel":null},"shape":null,"containedVertices":[81,90],"containedVertexGroups":[],"touchingPairs":[{"vertex0":81,"horizontalPlacementVertex0":"FREE","verticalPlacementVertex0":"TOP","vertex1":90,"horizontalPlacementVertex1":"FREE","verticalPlacementVertex1":"FREE"}],"portPairings":[{"port0":86,"port1":95},{"port0":84,"port1":93},{"port0":88,"port1":97}],"properties":{},"reference":null},{"@id":420,"drawnFrame":false,"labelManager":{"labels":[],"mainLabel":null},"shape":null,"containedVertices":[99,106],"containedVertexGroups":[],"touchingPairs":[{"vertex0":99,"horizontalPlacementVertex0":"FREE","verticalPlacementVertex0":"TOP","vertex1":106,"horizontalPlacementVertex1":"FREE","verticalPlacementVertex1":"FREE"}],"portPairings":[{"port0":102,"port1":109},{"port0":111,"port1":104}],"properties":{},"reference":null},{"@id":421,"drawnFrame":false,"labelManager":{"labels":[],"mainLabel":null},"shape":null,"containedVertices":[113,132],"containedVertexGroups":[],"touchingPairs":[{"vertex0":113,"horizontalPlacementVertex0":"FREE","verticalPlacementVertex0":"TOP","vertex1":132,"horizontalPlacementVertex1":"FREE","verticalPlacementVertex1":"FREE"}],"portPairings":[{"port0":120,"port1":139},{"port0":122,"port1":141},{"port0":118,"port1":137},{"port0":124,"port1":143},{"port0":116,"port1":135},{"port0":126,"port1":145},{"port0":128,"port1":147},{"port0":130,"port1":149}],"properties":{},"reference":null},{"@id":422,"drawnFrame":false,"labelManager":{"labels":[],"mainLabel":null},"shape":null,"containedVertices":[163,168],"containedVertexGroups":[],"touchingPairs":[{"vertex0":163,"horizontalPlacementVertex0":"FREE","verticalPlacementVertex0":"TOP","vertex1":168,"horizontalPlacementVertex1":"FREE","verticalPlacementVertex1":"FREE"}],"portPairings":[{"port0":166,"port1":171}],"properties":{},"reference":null},{"@id":423,"drawnFrame":false,"labelManager":{"labels":[],"mainLabel":null},"shape":null,"containedVertices":[177,186],"containedVertexGroups":[],"touchingPairs":[{"vertex0":177,"horizontalPlacementVertex0":"FREE","verticalPlacementVertex0":"TOP","vertex1":186,"horizontalPlacementVertex1":"FREE","verticalPlacementVertex1":"FREE"}],"portPairings":[{"port0":182,"port1":191},{"port0":180,"port1":189},{"port0":184,"port1":193}],"properties":{},"reference":null},{"@id":424,"drawnFrame":false,"labelManager":{"labels":[],"mainLabel":null},"shape":null,"containedVertices":[207,222],"containedVertexGroups":[],"touchingPairs":[{"vertex0":207,"horizontalPlacementVertex0":"FREE","verticalPlacementVertex0":"TOP","vertex1":222,"horizontalPlacementVertex1":"FREE","verticalPlacementVertex1":"FREE"}],"portPairings":[{"port0":218,"port1":233},{"port0":214,"port1":229},{"port0":210,"port1":225},{"port0":220,"port1":235},{"port0":212,"port1":227},{"port0":216,"port1":231}],"properties":{},"reference":null},{"@id":425,"drawnFrame":false,"labelManager":{"labels":[],"mainLabel":null},"shape":null,"containedVertices":[237,246],"containedVertexGroups":[],"touchingPairs":[{"vertex0":237,"horizontalPlacementVertex0":"FREE","verticalPlacementVertex0":"TOP","vertex1":246,"horizontalPlacementVertex1":"FREE","verticalPlacementVertex1":"FREE"}],"portPairings":[{"port0":240,"port1":249},{"port0":242,"port1":251},{"port0":244,"port1":253}],"properties":{},"reference":null},{"@id":426,"drawnFrame":false,"labelManager":{"labels":[],"mainLabel":null},"shape":null,"containedVertices":[255,272],"containedVertexGroups":[],"touchingPairs":[{"vertex0":255,"horizontalPlacementVertex0":"FREE","verticalPlacementVertex0":"TOP","vertex1":272,"horizontalPlacementVertex1":"FREE","verticalPlacementVertex1":"FREE"}],"portPairings":[{"port0":258,"port1":275},{"port0":266,"port1":283},{"port0":262,"port1":279},{"port0":260,"port1":277},{"port0":268,"port1":285},{"port0":270,"port1":287},{"port0":264,"port1":281}],"properties":{},"reference":null},{"@id":427,"drawnFrame":false,"labelManager":{"labels":[],"mainLabel":null},"shape":null,"containedVertices":[301,308],"containedVertexGroups":[],"touchingPairs":[{"vertex0":301,"horizontalPlacementVertex0":"FREE","verticalPlacementVertex0":"TOP","vertex1":308,"horizontalPlacementVertex1":"FREE","verticalPlacementVertex1":"FREE"}],"portPairings":[{"port0":306,"port1":313},{"port0":304,"port1":311}],"properties":{},"reference":null},{"@id":428,"drawnFrame":false,"labelManager":{"labels":[],"mainLabel":null},"shape":null,"containedVertices":[335,340],"containedVertexGroups":[],"touchingPairs":[{"vertex0":335,"horizontalPlacementVertex0":"FREE","verticalPlacementVertex0":"FREE","vertex1":340,"horizontalPlacementVertex1":"FREE","verticalPlacementVertex1":"FREE"}],"portPairings":[{"port0":338,"port1":343}],"properties":{},"reference":null},{"@id":429,"drawnFrame":false,"labelManager":{"labels":[],"mainLabel":null},"shape":null,"containedVertices":[345,352],"containedVertexGroups":[],"touchingPairs":[{"vertex0":345,"horizontalPlacementVertex0":"FREE","verticalPlacementVertex0":"FREE","vertex1":352,"horizontalPlacementVertex1":"FREE","verticalPlacementVertex1":"FREE"}],"portPairings":[{"port0":348,"port1":355},{"port0":350,"port1":357}],"properties":{},"reference":null},{"@id":430,"drawnFrame":false,"labelManager":{"labels":[],"mainLabel":null},"shape":null,"containedVertices":[359,364],"containedVertexGroups":[],"touchingPairs":[{"vertex0":359,"horizontalPlacementVertex0":"FREE","verticalPlacementVertex0":"FREE","vertex1":364,"horizontalPlacementVertex1":"FREE","verticalPlacementVertex1":"FREE"}],"portPairings":[{"port0":362,"port1":367}],"properties":{},"reference":null},{"@id":431,"drawnFrame":false,"labelManager":{"labels":[],"mainLabel":null},"shape":null,"containedVertices":[369,374],"containedVertexGroups":[],"touchingPairs":[{"vertex0":369,"horizontalPlacementVertex0":"FREE","verticalPlacementVertex0":"FREE","vertex1":374,"horizontalPlacementVertex1":"FREE","verticalPlacementVertex1":"FREE"}],"portPairings":[{"port0":372,"port1":377}],"properties":{},"reference":null},{"@id":432,"drawnFrame":false,"labelManager":{"labels":[],"mainLabel":null},"shape":null,"containedVertices":[379,386],"containedVertexGroups":[],"touchingPairs":[{"vertex0":379,"horizontalPlacementVertex0":"FREE","verticalPlacementVertex0":"FREE","vertex1":386,"horizontalPlacementVertex1":"FREE","verticalPlacementVertex1":"FREE"}],"portPairings":[{"port0":382,"port1":389},{"port0":384,"port1":391}],"properties":{},"reference":null},{"@id":433,"drawnFrame":false,"labelManager":{"labels":[],"mainLabel":null},"shape":null,"containedVertices":[393,404],"containedVertexGroups":[],"touchingPairs":[{"vertex0":393,"horizontalPlacementVertex0":"FREE","verticalPlacementVertex0":"FREE","vertex1":404,"horizontalPlacementVertex1":"FREE","verticalPlacementVertex1":"FREE"}],"portPairings":[{"port0":396,"port1":407},{"port0":398,"port1":409},{"port0":400,"port1":411},{"port0":402,"port1":413}],"properties":{},"reference":null}],"edges":[{"@id":434,"ports":[137,295],"labelManager":{"innerLabels":[{"type":"textLabel","@id":435,"inputText":"Fabian","labelStyle":4,"shape":null,"layoutText":null}],"allPortLabels":[],"mainLabel":435},"pathStyle":{"@id":436,"description":"default path style","thickness":-1.0,"color":{"argb":"ff000000"}},"paths":[],"properties":{"id":"2dcdd8a38271ef1a8848e2896a99e85f"},"reference":null},{"@id":437,"ports":[317,171],"labelManager":{"innerLabels":[{"type":"textLabel","@id":438,"inputText":"Tobias","labelStyle":4,"shape":null,"layoutText":null}],"allPortLabels":[],"mainLabel":438},"pathStyle":436,"paths":[],"properties":{"id":"b93ebca458bf71458763c1dcb88be436"},"reference":null},{"@id":439,"ports":[285,39],"labelManager":{"innerLabels":[{"type":"textLabel","@id":440,"inputText":"Damian","labelStyle":4,"shape":null,"layoutText":null}],"allPortLabels":[],"mainLabel":440},"pathStyle":436,"paths":[],"properties":{"id":"e3c002b6591f7668e57ded6933d868e1"},"reference":null},{"@id":441,"ports":[210,5],"labelManager":{"innerLabels":[{"type":"textLabel","@id":442,"inputText":"Matteo","labelStyle":4,"shape":null,"layoutText":null}],"allPortLabels":[],"mainLabel":442},"pathStyle":436,"paths":[],"properties":{"id":"86cfd66a63bb551d520a3188b7149e76"},"reference":null},{"@id":443,"ports":[201,161],"labelManager":{"innerLabels":[{"type":"textLabel","@id":444,"inputText":"Jonah","labelStyle":4,"shape":null,"layoutText":null}],"allPortLabels":[],"mainLabel":444},"pathStyle":436,"paths":[],"properties":{"id":"02fbb6eb5a7af89f8538aa87c37ab232"},"reference":null},{"@id":445,"ports":[93,329],"labelManager":{"innerLabels":[{"type":"textLabel","@id":446,"inputText":"Bruno","labelStyle":4,"shape":null,"layoutText":null}],"allPortLabels":[],"mainLabel":446},"pathStyle":436,"paths":[],"properties":{"id":"50e543d5c3526eb1c1bbb02c43f4b8a5"},"reference":null},{"@id":447,"ports":[79,15],"labelManager":{"innerLabels":[{"type":"textLabel","@id":448,"inputText":"Martin","labelStyle":4,"shape":null,"layoutText":null}],"allPortLabels":[],"mainLabel":448},"pathStyle":436,"paths":[],"properties":{"id":"7b92fa4bf181664b84ba2b068abe0cee"},"reference":null},{"@id":449,"ports":[141,329],"labelManager":{"innerLabels":[{"type":"textLabel","@id":450,"inputText":"Erik","labelStyle":4,"shape":null,"layoutText":null}],"allPortLabels":[],"mainLabel":450},"pathStyle":436,"paths":[],"properties":{"id":"f0fc6791462ba6ea9095e3d9abfdc849"},"reference":null},{"@id":451,"ports":[97,295],"labelManager":{"innerLabels":[{"type":"textLabel","@id":452,"inputText":"Noel","labelStyle":4,"shape":null,"layoutText":null}],"allPortLabels":[],"mainLabel":452},"pathStyle":436,"paths":[],"properties":{"id":"e2693f6ffb06274579d7b2cb3aa9f645"},"reference":null},{"@id":453,"ports":[291,212],"labelManager":{"innerLabels":[{"type":"textLabel","@id":454,"inputText":"Alessio","labelStyle":4,"shape":null,"layoutText":null}],"allPortLabels":[],"mainLabel":454},"pathStyle":436,"paths":[],"properties":{"id":"824e3a6685488d4a46fb4c861acd0658"},"reference":null},{"@id":455,"ports":[279,291],"labelManager":{"innerLabels":[{"type":"textLabel","@id":456,"inputText":"Matthias","labelStyle":4,"shape":null,"layoutText":null}],"allPortLabels":[],"mainLabel":456},"pathStyle":436,"paths":[],"properties":{"id":"8c45da82d89b6f6ed9cc5440be1be87b"},"reference":null},{"@id":457,"ports":[161,218],"labelManager":{"innerLabels":[{"type":"textLabel","@id":458,"inputText":"Sebastian","labelStyle":4,"shape":null,"layoutText":null}],"allPortLabels":[],"mainLabel":458},"pathStyle":436,"paths":[],"properties":{"id":"a2839185f3a6376d830e7c4fb2f17b34"},"reference":null},{"@id":459,"ports":[153,35],"labelManager":{"innerLabels":[{"type":"textLabel","@id":460,"inputText":"Michael","labelStyle":4,"shape":null,"layoutText":null}],"allPortLabels":[],"mainLabel":460},"pathStyle":436,"paths":[],"properties":{"id":"258f55c1e722124398e2d150927cba11"},"reference":null},{"@id":461,"ports":[135,329],"labelManager":{"innerLabels":[{"type":"textLabel","@id":462,"inputText":"Ferdinand","labelStyle":4,"shape":null,"layoutText":null}],"allPortLabels":[],"mainLabel":462},"pathStyle":436,"paths":[],"properties":{"id":"4b22630b8d976532dd64451fb48c9e12"},"reference":null},{"@id":463,"ports":[216,35],"labelManager":{"innerLabels":[{"type":"textLabel","@id":464,"inputText":"Muhammed","labelStyle":4,"shape":null,"layoutText":null}],"allPortLabels":[],"mainLabel":464},"pathStyle":436,"paths":[],"properties":{"id":"1be53f0571aa77f44011a394a084f776"},"reference":null},{"@id":465,"ports":[313,182],"labelManager":{"innerLabels":[{"type":"textLabel","@id":466,"inputText":"Constantin","labelStyle":4,"shape":null,"layoutText":null}],"allPortLabels":[],"mainLabel":466},"pathStyle":436,"paths":[],"properties":{"id":"0e3460a922babd178cc380f686896e49"},"reference":null},{"@id":467,"ports":[139,197],"labelManager":{"innerLabels":[{"type":"textLabel","@id":468,"inputText":"Aaron","labelStyle":4,"shape":null,"layoutText":null}],"allPortLabels":[],"mainLabel":468},"pathStyle":436,"paths":[],"properties":{"id":"07d55f47c4632a8624f6c5a8bd3ee627"},"reference":null},{"@id":469,"ports":[275,291],"labelManager":{"innerLabels":[{"type":"textLabel","@id":470,"inputText":"Mika","labelStyle":4,"shape":null,"layoutText":null}],"allPortLabels":[],"mainLabel":470},"pathStyle":436,"paths":[],"properties":{"id":"dbbdf6aed22477f51a5acb3f4127e3d1"},"reference":null},{"@id":471,"ports":[95,197],"labelManager":{"innerLabels":[{"type":"textLabel","@id":472,"inputText":"Nils","labelStyle":4,"shape":null,"layoutText":null}],"allPortLabels":[],"mainLabel":472},"pathStyle":436,"paths":[],"properties":{"id":"3cad8edaaae1babc281199e1c6ab45ba"},"reference":null},{"@id":473,"ports":[161,287],"labelManager":{"innerLabels":[{"type":"textLabel","@id":474,"inputText":"Raphael","labelStyle":4,"shape":null,"layoutText":null}],"allPortLabels":[],"mainLabel":474},"pathStyle":436,"paths":[],"properties":{"id":"7a19f8b6f10fab09e0f5706a0f889d2a"},"reference":null},{"@id":475,"ports":[304,291],"labelManager":{"innerLabels":[{"type":"textLabel","@id":476,"inputText":"Emir","labelStyle":4,"shape":null,"layoutText":null}],"allPortLabels":[],"mainLabel":476},"pathStyle":436,"paths":[],"properties":{"id":"a027ca81c440064ef49b4df6b8365564"},"reference":null},{"@id":477,"ports":[29,191],"labelManager":{"innerLabels":[{"type":"textLabel","@id":478,"inputText":"Frederik","labelStyle":4,"shape":null,"layoutText":null}],"allPortLabels":[],"mainLabel":478},"pathStyle":436,"paths":[],"properties":{"id":"a713308de5d75da06af60d5f9ae29c11"},"reference":null},{"@id":479,"ports":[317,49],"labelManager":{"innerLabels":[{"type":"textLabel","@id":480,"inputText":"Carl","labelStyle":4,"shape":null,"layoutText":null}],"allPortLabels":[],"mainLabel":480},"pathStyle":436,"paths":[],"properties":{"id":"51e1c3d9e69ed4bb3e687ca315822e9c"},"reference":null},{"@id":481,"ports":[277,5],"labelManager":{"innerLabels":[{"type":"textLabel","@id":482,"inputText":"Friedrich","labelStyle":4,"shape":null,"layoutText":null}],"allPortLabels":[],"mainLabel":482},"pathStyle":436,"paths":[],"properties":{"id":"d2beaaaedc88b63b9c6d33ebe8b136ed"},"reference":null},{"@id":483,"ports":[333,214],"labelManager":{"innerLabels":[{"type":"textLabel","@id":484,"inputText":"Jasper","labelStyle":4,"shape":null,"layoutText":null}],"allPortLabels":[],"mainLabel":484},"pathStyle":436,"paths":[],"properties":{"id":"7ff27ccf041b29402ca103cbb3d41d7b"},"reference":null},{"@id":485,"ports":[67,157],"labelManager":{"innerLabels":[{"type":"textLabel","@id":486,"inputText":"Yusuf","labelStyle":4,"shape":null,"layoutText":null}],"allPortLabels":[],"mainLabel":486},"pathStyle":436,"paths":[],"properties":{"id":"39c373df0085305aff66a3329984c869"},"reference":null},{"@id":487,"ports":[251,299],"labelManager":{"innerLabels":[{"type":"textLabel","@id":488,"inputText":"Linus","labelStyle":4,"shape":null,"layoutText":null}],"allPortLabels":[],"mainLabel":488},"pathStyle":436,"paths":[],"properties":{"id":"8ed8bfbecce50a0c82ba3de44bdf2ef8"},"reference":null},{"@id":489,"ports":[5,281],"labelManager":{"innerLabels":[{"type":"textLabel","@id":490,"inputText":"Can","labelStyle":4,"shape":null,"layoutText":null}],"allPortLabels":[],"mainLabel":490},"pathStyle":436,"paths":[],"properties":{"id":"3c3ae5a0b5b9b5647a5b99d6d1e026f3"},"reference":null},{"@id":491,"ports":[338,321],"labelManager":{"innerLabels":[{"type":"textLabel","@id":492,"inputText":"Fynn","labelStyle":25,"shape":null,"layoutText":null}],"allPortLabels":[],"mainLabel":492},"pathStyle":{"@id":493,"description":"default path style","thickness":-1.0,"color":{"argb":"ff000000"}},"paths":[],"properties":{},"reference":null},{"@id":494,"ports":[377,71],"labelManager":{"innerLabels":[{"type":"textLabel","@id":495,"inputText":"Josef","labelStyle":25,"shape":null,"layoutText":null}],"allPortLabels":[],"mainLabel":495},"pathStyle":493,"paths":[],"properties":{},"reference":null},{"@id":496,"ports":[102,88],"labelManager":{"innerLabels":[{"type":"textLabel","@id":497,"inputText":"Hannes","labelStyle":25,"shape":null,"layoutText":null}],"allPortLabels":[],"mainLabel":497},"pathStyle":493,"paths":[],"properties":{},"reference":null},{"@id":498,"ports":[205,350],"labelManager":{"innerLabels":[{"type":"textLabel","@id":499,"inputText":"Kian","labelStyle":25,"shape":null,"layoutText":null}],"allPortLabels":[],"mainLabel":499},"pathStyle":493,"paths":[],"properties":{},"reference":null},{"@id":500,"ports":[10,362],"labelManager":{"innerLabels":[{"type":"textLabel","@id":501,"inputText":"Nico","labelStyle":25,"shape":null,"layoutText":null}],"allPortLabels":[],"mainLabel":501},"pathStyle":493,"paths":[],"properties":{},"reference":null},{"@id":502,"ports":[367,44],"labelManager":{"innerLabels":[{"type":"textLabel","@id":503,"inputText":"Ole","labelStyle":25,"shape":null,"layoutText":null}],"allPortLabels":[],"mainLabel":503},"pathStyle":493,"paths":[],"properties":{},"reference":null},{"@id":504,"ports":[306,73],"labelManager":{"innerLabels":[{"type":"textLabel","@id":505,"inputText":"Fritz","labelStyle":25,"shape":null,"layoutText":null}],"allPortLabels":[],"mainLabel":505},"pathStyle":493,"paths":[],"properties":{},"reference":null},{"@id":506,"ports":[325,409],"labelManager":{"innerLabels":[{"type":"textLabel","@id":507,"inputText":"Timo","labelStyle":25,"shape":null,"layoutText":null}],"allPortLabels":[],"mainLabel":507},"pathStyle":493,"paths":[],"properties":{},"reference":null},{"@id":508,"ports":[283,175],"labelManager":{"innerLabels":[{"type":"textLabel","@id":509,"inputText":"Deniz","labelStyle":25,"shape":null,"layoutText":null}],"allPortLabels":[],"mainLabel":509},"pathStyle":493,"paths":[],"properties":{},"reference":null},{"@id":510,"ports":[413,391],"labelManager":{"innerLabels":[{"type":"textLabel","@id":511,"inputText":"Justus","labelStyle":25,"shape":null,"layoutText":null}],"allPortLabels":[],"mainLabel":511},"pathStyle":493,"paths":[],"properties":{},"reference":null},{"@id":512,"ports":[22,357],"labelManager":{"innerLabels":[{"type":"textLabel","@id":513,"inputText":"Jona","labelStyle":25,"shape":null,"layoutText":null}],"allPortLabels":[],"mainLabel":513},"pathStyle":493,"paths":[],"properties":{},"reference":null},{"@id":514,"ports":[166,343],"labelManager":{"innerLabels":[{"type":"textLabel","@id":515,"inputText":"Levi","labelStyle":25,"shape":null,"layoutText":null}],"allPortLabels":[],"mainLabel":515},"pathStyle":493,"paths":[],"properties":{},"reference":null},{"@id":516,"ports":[31,10],"labelManager":{"innerLabels":[{"type":"textLabel","@id":517,"inputText":"Mattis","labelStyle":25,"shape":null,"layoutText":null}],"allPortLabels":[],"mainLabel":517},"pathStyle":493,"paths":[],"properties":{},"reference":null},{"@id":518,"ports":[355,147],"labelManager":{"innerLabels":[{"type":"textLabel","@id":519,"inputText":"Kaan","labelStyle":25,"shape":null,"layoutText":null}],"allPortLabels":[],"mainLabel":519},"pathStyle":493,"paths":[],"properties":{},"reference":null},{"@id":520,"ports":[249,411],"labelManager":{"innerLabels":[{"type":"textLabel","@id":521,"inputText":"Benedikt","labelStyle":25,"shape":null,"layoutText":null}],"allPortLabels":[],"mainLabel":521},"pathStyle":493,"paths":[],"properties":{},"reference":null},{"@id":522,"ports":[253,235],"labelManager":{"innerLabels":[{"type":"textLabel","@id":523,"inputText":"Konstantin","labelStyle":25,"shape":null,"layoutText":null}],"allPortLabels":[],"mainLabel":523},"pathStyle":493,"paths":[],"properties":{},"reference":null},{"@id":524,"ports":[229,193,233,189,149,145,180,143],"labelManager":{"innerLabels":[{"type":"textLabel","@id":525,"inputText":"Fritz","labelStyle":25,"shape":null,"layoutText":null}],"allPortLabels":[],"mainLabel":525},"pathStyle":493,"paths":[],"properties":{},"reference":null},{"@id":526,"ports":[143,233,84,75,69,372,180],"labelManager":{"innerLabels":[{"type":"textLabel","@id":527,"inputText":"Nick","labelStyle":25,"shape":null,"layoutText":null}],"allPortLabels":[],"mainLabel":527},"pathStyle":493,"paths":[],"properties":{},"reference":null},{"@id":528,"ports":[311,372,229],"labelManager":{"innerLabels":[{"type":"textLabel","@id":529,"inputText":"Milan","labelStyle":25,"shape":null,"layoutText":null}],"allPortLabels":[],"mainLabel":529},"pathStyle":493,"paths":[],"properties":{},"reference":null}],"edgeBundles":[]}