{"vertices":[{"@id":1,"shape":{"type":"rect","xposition":"NaN","yposition":"NaN","width":"NaN","height":"NaN","shapeStyle":{"@id":2,"description":"default shape style","color":{"argb":"ff000000"}}},"labelManager":{"labels":[{"type":"textLabel","@id":3,"inputText":"Leo","labelStyle":{"@id":4,"description":"default text label style","font":{"fontName":"SansSerif","style":0,"size":10},"noBreak":false,"color":{"argb":"ff000000"},"showLabel":true,"placement":"FREE","horizontalPlacement":"FREE","verticalPlacement":"FREE"},"shape":null,"layoutText":null}],"mainLabel":3},"portCompositions":[{"type":"port","@id":5,"shape":{"type":"rect","xposition":"NaN","yposition":"NaN","width":"NaN","height":"NaN","shapeStyle":2},"labelManager":{"labels":[{"type":"textLabel","@id":6,"inputText":"1","labelStyle":4,"shape":null,"layoutText":null}],"mainLabel":6},"properties":{"id":"7403b9fee03c6a4dca62632fb774e020"},"orientationAtVertex":"FREE","reference":null}],"properties":{"id":"0ef69cf2fb3df66d8181f035d70f1919","type":"splice"},"reference":null},{"@id":7,"shape":{"type":"rect","xposition":"NaN","yposition":"NaN","width":"NaN","height":"NaN","shapeStyle":2},"labelManager":{"labels":[{"type":"textLabel","@id":8,"inputText":"Finn","labelStyle":4,"shape":null,"layoutText":null}],"mainLabel":8},"portCompositions":[{"type":"portGroup","@id":9,"ordered":false,"portCompositions":[{"type":"port","@id":10,"shape":{"type":"rect","xposition":"NaN","yposition":"NaN","width":"NaN","height":"NaN","shapeStyle":2},"labelManager":{"labels":[{"type":"textLabel","@id":11,"inputText":"2","labelStyle":4,"shape":null,"layoutText":null}],"mainLabel":11},"properties":{"id":"589f84581938e0e079a38f859d6c786a"},"orientationAtVertex":"FREE","reference":null},{"type":"port","@id":12,"shape":{"type":"rect","xposition":"NaN","yposition":"NaN","width":"NaN","height":"NaN","shapeStyle":2},"labelManager":{"labels":[{"type":"textLabel","@id":13,"inputText":"1","labelStyle":4,"shape":null,"layoutText":null}],"mainLabel":13},"properties":{"id":"669c8d04a378351833f52d97b4bbae57"},"orientationAtVertex":"FREE","reference":null}],"properties":{},"reference":null}],"properties":{"id":"61bb8877a8471c99e7194fac741ae0fd","type":"plug"},"reference":null},{"@id":14,"shape":{"type":"rect","xposition":"NaN","yposition":"NaN","width":"NaN","height":"NaN","shapeStyle":2},"labelManager":{"labels":[{"type":"textLabel","@id":15,"inputText":"Louis","labelStyle":4,"shape":null,"layoutText":null}],"mainLabel":15},"portCompositions":[{"type":"portGroup","@id":16,"ordered":false,"portCompositions":[{"type":"port","@id":17,"shape":{"type":"rect","xposition":"NaN","yposition":"NaN","width":"NaN","height":"NaN","shapeStyle":2},"labelManager":{"labels":[{"type":"textLabel","@id":18,"inputText":"2","labelStyle":4,"shape":null,"layoutText":null}],"mainLabel":18},"properties":{"id":"4c5fd4909a281071e177a42c15fa00a3"},"orientationAtVertex":"FREE","reference":null},{"type":"port","@id":19,"shape":{"type":"rect","xposition":"NaN","yposition":"NaN","width":"NaN","height":"NaN","shapeStyle":2},"labelManager":{"labels":[{"type":"textLabel","@id":20,"inputText":"1","labelStyle":4,"shape":null,"layoutText":null}],"mainLabel":20},"properties":{"id":"66f849599ab50640607fa4d3c5a51747"},"orientationAtVertex":"FREE","reference":null}],"properties":{},"reference":null}],"properties":{"id":"e3010c5ce3736e83cda6f575b833e09f","type":"plug"},"reference":null},{"@id":21,"shape":{"type":"rect","xposition":"NaN","yposition":"NaN","width":"NaN","height":"NaN","shapeStyle":2},"labelManager":{"labels":[{"type":"textLabel","@id":22,"inputText":"Max","labelStyle":4,"shape":null,"layoutText":null}],"mainLabel":22},"portCompositions":[{"type":"port","@id":23,"shape":{"type":"rect","xposition":"NaN","yposition":"NaN","width":"NaN","height":"NaN","shapeStyle":2},"labelManager":{"labels":[{"type":"textLabel","@id":24,"inputText":"1","labelStyle":4,"shape":null,"layoutText":null}],"mainLabel":24},"properties":{"id":"4620a18bc90d11caaef03ff375969438"},"orientationAtVertex":"FREE","reference":null}],"properties":{"id":"906fb9a8210c6582202909c7e8d88720","type":"splice"},"reference":null},{"@id":25,"shape":{"type":"rect","xposition":"NaN","yposition":"NaN","width":"NaN","height":"NaN","shapeStyle":2},"labelManager":{"labels":[{"type":"textLabel","@id":26,"inputText":"Moritz","labelStyle":4,"shape":null,"layoutText":null}],"mainLabel":26},"portCompositions":[{"type":"portGroup","@id":27,"ordered":false,"portCompositions":[{"type":"port","@id":28,"shape":{"type":"rect","xposition":"NaN","yposition":"NaN","width":"NaN","height":"NaN","shapeStyle":2},"labelManager":{"labels":[{"type":"textLabel","@id":29,"inputText":"3","labelStyle":4,"shape":null,"layoutText":null}],"mainLabel":29},"properties":{"id":"1b22eb96a1cb90b0c556d0afc6e75952"},"orientationAtVertex":"FREE","reference":null},{"type":"port","@id":30,"shape":{"type":"rect","xposition":"NaN","yposition":"NaN","width":"NaN","height":"NaN","shapeStyle":2},"labelManager":{"labels":[{"type":"textLabel","@id":31,"inputText":"1","labelStyle":4,"shape":null,"layoutText":null}],"mainLabel":31},"properties":{"id":"96cee3bdbb94412425864f7f8fa51879"},"orientationAtVertex":"FREE","reference":null},{"type":"port","@id":32,"shape":{"type":"rect","xposition":"NaN","yposition":"NaN","width":"NaN","height":"NaN","shapeStyle":2},"labelManager":{"labels":[{"type":"textLabel","@id":33,"inputText":"2","labelStyle":4,"shape":null,"layoutText":null}],"mainLabel":33},"properties":{"id":"592867cc62d8bdde61cbf4768c8136b5"},"orientationAtVertex":"FREE","reference":null}],"properties":{},"reference":null}],"properties":{"id":"ae354c33c16ee98ac67933f528f4b648","type":"plug"},"reference":null},{"@id":34,"shape":{"type":"rect","xposition":"NaN","yposition":"NaN","width":"NaN","height":"NaN","shapeStyle":2},"labelManager":{"labels":[{"type":"textLabel","@id":35,"inputText":"Alexander","labelStyle":4,"shape":null,"layoutText":null}],"mainLabel":35},"portCompositions":[{"type":"portGroup","@id":36,"ordered":false,"portCompositions":[{"type":"port","@id":37,"shape":{"type":"rect","xposition":"NaN","yposition":"NaN","width":"NaN","height":"NaN","shapeStyle":2},"labelManager":{"labels":[{"type":"textLabel","@id":38,"inputText":"3","labelStyle":4,"shape":null,"layoutText":null}],"mainLabel":38},"properties":{"id":"27e4691cdc52b655bad9ca6ac539eead"},"orientationAtVertex":"FREE","reference":null},{"type":"port","@id":39,"shape":{"type":"rect","xposition":"NaN","yposition":"NaN","width":"NaN","height":"NaN","shapeStyle":2},"labelManager":{"labels":[{"type":"textLabel","@id":40,"inputText":"1","labelStyle":4,"shape":null,"layoutText":null}],"mainLabel":40},"properties":{"id":"f9adf6040dc859b7330c3db94f48f9a7"},"orientationAtVertex":"FREE","reference":null},{"type":"port","@id":41,"shape":{"type":"rect","xposition":"NaN","yposition":"NaN","width":"NaN","height":"NaN","shapeStyle":2},"labelManager":{"labels":[{"type":"textLabel","@id":42,"inputText":"2","labelStyle":4,"shape":null,"layoutText":null}],"mainLabel":42},"properties":{"id":"06bbfcbeded921639dceebf96f7170d3"},"orientationAtVertex":"FREE","reference":null}],"properties":{},"reference":null}],"properties":{"id":"8672a303f1e22839c74c50ce66120589","type":"plug"},"reference":null},{"@id":43,"shape":{"type":"rect","xposition":"NaN","yposition":"NaN","width":"NaN","height":"NaN","shapeStyle":2},"labelManager":{"labels":[{"type":"textLabel","@id":44,"inputText":"Elias","labelStyle":4,"shape":null,"layoutText":null}],"mainLabel":44},"portCompositions":[{"type":"port","@id":45,"shape":{"type":"rect","xposition":"NaN","yposition":"NaN","width":"NaN","height":"NaN","shapeStyle":2},"labelManager":{"labels":[{"type":"textLabel","@id":46,"inputText":"1","labelStyle":4,"shape":null,"layoutText":null}],"mainLabel":46},"properties":{"id":"cd6cda05398e0ce51d901a62c9754434"},"orientationAtVertex":"FREE","reference":null}],"properties":{"id":"818cceb66ba9644e8f144779aa561d45","type":"splice"},"reference":null},{"@id":47,"shape":{"type":"rect","xposition":"NaN","yposition":"NaN","width":"NaN","height":"NaN","shapeStyle":2},"labelManager":{"labels":[{"type":"textLabel","@id":48,"inputText":"Emil","labelStyle":4,"shape":null,"layoutText":null}],"mainLabel":48},"portCompositions":[{"type":"portGroup","@id":49,"ordered":false,"portCompositions":[{"type":"port","@id":50,"shape":{"type":"rect","xposition":"NaN","yposition":"NaN","width":"NaN","height":"NaN","shapeStyle":2},"labelManager":{"labels":[{"type":"textLabel","@id":51,"inputText":"4","labelStyle":4,"shape":null,"layoutText":null}],"mainLabel":51},"properties":{"id":"112b809b157972a634cfa987354b0a5f"},"orientationAtVertex":"FREE","reference":null},{"type":"port","@id":52,"shape":{"type":"rect","xposition":"NaN","yposition":"NaN","width":"NaN","height":"NaN","shapeStyle":2},"labelManager":{"labels":[{"type":"textLabel","@id":53,"inputText":"3","labelStyle":4,"shape":null,"layoutText":null}],"mainLabel":53},"properties":{"id":"00e153f407649390892c7954255dde5f"},"orientationAtVertex":"FREE","reference":null},{"type":"port","@id":54,"shape":{"type":"rect","xposition":"NaN","yposition":"NaN","width":"NaN","height":"NaN","shapeStyle":2},"labelManager":{"labels":[{"type":"textLabel","@id":55,"inputText":"2","labelStyle":4,"shape":null,"layoutText":null}],"mainLabel":55},"properties":{"id":"86d8a629e915612145c9c3f4e6fd57ee"},"orientationAtVertex":"FREE","reference":null},{"type":"port","@id":56,"shape":{"type":"rect","xposition":"NaN","yposition":"NaN","width":"NaN","height":"NaN","shapeStyle":2},"labelManager":{"labels":[{"type":"textLabel","@id":57,"inputText":"5","labelStyle":4,"shape":null,"layoutText":null}],"mainLabel":57},"properties":{"id":"ebf0994d7d22eec5073f3175826af086"},"orientationAtVertex":"FREE","reference":null},{"type":"port","@id":58,"shape":{"type":"rect","xposition":"NaN","yposition":"NaN","width":"NaN","height":"NaN","shapeStyle":{"@id":59,"description":"default shape style","color":{"argb":"ff000000"}}},"labelManager":{"labels":[{"type":"textLabel","@id":60,"inputText":"1","labelStyle":{"@id":61,"description":"default text label style","font":{"fontName":"SansSerif","style":0,"size":10},"noBreak":false,"color":{"argb":"ff000000"},"showLabel":true,"placement":"FREE","horizontalPlacement":"FREE","verticalPlacement":"FREE"},"shape":null,"layoutText":null}],"mainLabel":60},"properties":{},"orientationAtVertex":"FREE","reference":null}],"properties":{},"reference":null}],"properties":{"id":"a14605a659d6da865e3e00d264ef6896","type":"plug"},"reference":null},{"@id":62,"shape":{"type":"rect","xposition":"NaN","yposition":"NaN","width":"NaN","height":"NaN","shapeStyle":2},"labelManager":{"labels":[{"type":"textLabel","@id":63,"inputText":"Anton","labelStyle":4,"shape":null,"layoutText":null}],"mainLabel":63},"portCompositions":[{"type":"portGroup","@id":64,"ordered":false,"portCompositions":[{"type":"port","@id":65,"shape":{"type":"rect","xposition":"NaN","yposition":"NaN","width":"NaN","height":"NaN","shapeStyle":2},"labelManager":{"labels":[{"type":"textLabel","@id":66,"inputText":"4","labelStyle":4,"shape":null,"layoutText":null}],"mainLabel":66},"properties":{"id":"0e6990cbe4bb877d5ad0b6ff98c87479"},"orientationAtVertex":"FREE","reference":null},{"type":"port","@id":67,"shape":{"type":"rect","xposition":"NaN","yposition":"NaN","width":"NaN","height":"NaN","shapeStyle":2},"labelManager":{"labels":[{"type":"textLabel","@id":68,"inputText":"3","labelStyle":4,"shape":null,"layoutText":null}],"mainLabel":68},"properties":{"id":"791da9f227099fe2fa62fe4732059051"},"orientationAtVertex":"FREE","reference":null},{"type":"port","@id":69,"shape":{"type":"rect","xposition":"NaN","yposition":"NaN","width":"NaN","height":"NaN","shapeStyle":2},"labelManager":{"labels":[{"type":"textLabel","@id":70,"inputText":"2","labelStyle":4,"shape":null,"layoutText":null}],"mainLabel":70},"properties":{"id":"5fc9d1017ec586951b0349d0ad8a200a"},"orientationAtVertex":"FREE","reference":null},{"type":"port","@id":71,"shape":{"type":"rect","xposition":"NaN","yposition":"NaN","width":"NaN","height":"NaN","shapeStyle":2},"labelManager":{"labels":[{"type":"textLabel","@id":72,"inputText":"5","labelStyle":4,"shape":null,"layoutText":null}],"mainLabel":72},"properties":{"id":"ed3aea20d515b05ec4d5c8c79e179b93"},"orientationAtVertex":"FREE","reference":null},{"type":"port","@id":73,"shape":{"type":"rect","xposition":"NaN","yposition":"NaN","width":"NaN","height":"NaN","shapeStyle":59},"labelManager":{"labels":[{"type":"textLabel","@id":74,"inputText":"1","labelStyle":61,"shape":null,"layoutText":null}],"mainLabel":74},"properties":{},"orientationAtVertex":"FREE","reference":null}],"properties":{},"reference":null}],"properties":{"id":"486505b638c874723ce8658dd66eb4bf","type":"plug"},"reference":null},{"@id":75,"shape":{"type":"rect","xposition":"NaN","yposition":"NaN","width":"NaN","height":"NaN","shapeStyle":2},"labelManager":{"labels":[{"type":"textLabel","@id":76,"inputText":"Jonathan","labelStyle":4,"shape":null,"layoutText":null}],"mainLabel":76},"portCompositions":[{"type":"portGroup","@id":77,"ordered":false,"portCompositions":[{"type":"port","@id":78,"shape":{"type":"rect","xposition":"NaN","yposition":"NaN","width":"NaN","height":"NaN","shapeStyle":2},"labelManager":{"labels":[{"type":"textLabel","@id":79,"inputText":"1","labelStyle":4,"shape":null,"layoutText":null}],"mainLabel":79},"properties":{"id":"10b8a56e5693943be736538cbec30a2a"},"orientationAtVertex":"FREE","reference":null}],"properties":{},"reference":null}],"properties":{"id":"d96bfb06a9d99f8001db9657798a51a4","type":"device"},"reference":null},{"@id":80,"shape":{"type":"rect","xposition":"NaN","yposition":"NaN","width":"NaN","height":"NaN","shapeStyle":2},"labelManager":{"labels":[{"type":"textLabel","@id":81,"inputText":"Julius","labelStyle":4,"shape":null,"layoutText":null}],"mainLabel":81},"portCompositions":[{"type":"portGroup","@id":82,"ordered":false,"portCompositions":[{"type":"port","@id":83,"shape":{"type":"rect","xposition":"NaN","yposition":"NaN","width":"NaN","height":"NaN","shapeStyle":2},"labelManager":{"labels":[{"type":"textLabel","@id":84,"inputText":"1","labelStyle":4,"shape":null,"layoutText":null}],"mainLabel":84},"properties":{"id":"f174f63a884d1ccf03cb32e74e73a81e"},"orientationAtVertex":"FREE","reference":null}],"properties":{},"reference":null}],"properties":{"id":"fd0f7bc4048c81b87258b2b10456d90d","type":"socket"},"reference":null},{"@id":85,"shape":{"type":"rect","xposition":"NaN","yposition":"NaN","width":"NaN","height":"NaN","shapeStyle":2},"labelManager":{"labels":[{"type":"textLabel","@id":86,"inputText":"Felix","labelStyle":4,"shape":null,"layoutText":null}],"mainLabel":86},"portCompositions":[{"type":"portGroup","@id":87,"ordered":false,"portCompositions":[{"type":"port","@id":88,"shape":{"type":"rect","xposition":"NaN","yposition":"NaN","width":"NaN","height":"NaN","shapeStyle":2},"labelManager":{"labels":[{"type":"textLabel","@id":89,"inputText":"2","labelStyle":4,"shape":null,"layoutText":null}],"mainLabel":89},"properties":{"id":"5d1f9a73423b2691ba8512298678a416"},"orientationAtVertex":"FREE","reference":null},{"type":"port","@id":90,"shape":{"type":"rect","xposition":"NaN","yposition":"NaN","width":"NaN","height":"NaN","shapeStyle":2},"labelManager":{"labels":[{"type":"textLabel","@id":91,"inputText":"1","labelStyle":4,"shape":null,"layoutText":null}],"mainLabel":91},"properties":{"id":"866d363405e7ccefdf1fbdbd5d10aeba"},"orientationAtVertex":"FREE","reference":null}],"properties":{},"reference":null}],"properties":{"id":"88b7effc6d7221523d542ec1ccac320a","type":"plug"},"reference":null},{"@id":92,"shape":{"type":"rect","xposition":"NaN","yposition":"NaN","width":"NaN","height":"NaN","shapeStyle":2},"labelManager":{"labels":[{"type":"textLabel","@id":93,"inputText":"Paul","labelStyle":4,"shape":null,"layoutText":null}],"mainLabel":93},"portCompositions":[{"type":"portGroup","@id":94,"ordered":false,"portCompositions":[{"type":"port","@id":95,"shape":{"type":"rect","xposition":"NaN","yposition":"NaN","width":"NaN","height":"NaN","shapeStyle":2},"labelManager":{"labels":[{"type":"textLabel","@id":96,"inputText":"2","labelStyle":4,"shape":null,"layoutText":null}],"mainLabel":96},"properties":{"id":"5112b4986dd469d99f33cd4a156d2a61"},"orientationAtVertex":"FREE","reference":null},{"type":"port","@id":97,"shape":{"type":"rect","xposition":"NaN","yposition":"NaN","width":"NaN","height":"NaN","shapeStyle":2},"labelManager":{"labels":[{"type":"textLabel","@id":98,"inputText":"1","labelStyle":4,"shape":null,"layoutText":null}],"mainLabel":98},"properties":{"id":"773774cd27a120d70da649217fd283a4"},"orientationAtVertex":"FREE","reference":null}],"properties":{},"reference":null}],"properties":{"id":"2c527f62708740ea80a0b67fec7f0cd0","type":"plug"},"reference":null},{"@id":99,"shape":{"type":"rect","xposition":"NaN","yposition":"NaN","width":"NaN","height":"NaN","shapeStyle":2},"labelManager":{"labels":[{"type":"textLabel","@id":100,"inputText":"Leon","labelStyle":4,"shape":null,"layoutText":null}],"mainLabel":100},"portCompositions":[{"type":"portGroup","@id":101,"ordered":false,"portCompositions":[{"type":"port","@id":102,"shape":{"type":"rect","xposition":"NaN","yposition":"NaN","width":"NaN","height":"NaN","shapeStyle":2},"labelManager":{"labels":[{"type":"textLabel","@id":103,"inputText":"2","labelStyle":4,"shape":null,"layoutText":null}],"mainLabel":103},"properties":{"id":"85fff950fc26592c263bb94d61084add"},"orientationAtVertex":"FREE","reference":null},{"type":"port","@id":104,"shape":{"type":"rect","xposition":"NaN","yposition":"NaN","width":"NaN","height":"NaN","shapeStyle":2},"labelManager":{"labels":[{"type":"textLabel","@id":105,"inputText":"4","labelStyle":4,"shape":null,"layoutText":null}],"mainLabel":105},"properties":{"id":"41729cd7fa2fe0a310036796c82d62a7"},"orientationAtVertex":"FREE","reference":null},{"type":"port","@id":106,"shape":{"type":"rect","xposition":"NaN","yposition":"NaN","width":"NaN","height":"NaN","shapeStyle":2},"labelManager":{"labels":[{"type":"textLabel","@id":107,"inputText":"1","labelStyle":4,"shape":null,"layoutText":null}],"mainLabel":107},"properties":{"id":"8877cb89d87176ec4e579553f6d75f43"},"orientationAtVertex":"FREE","reference":null},{"type":"port","@id":108,"shape":{"type":"rect","xposition":"NaN","yposition":"NaN","width":"NaN","height":"NaN","shapeStyle":2},"labelManager":{"labels":[{"type":"textLabel","@id":109,"inputText":"3","labelStyle":4,"shape":null,"layoutText":null}],"mainLabel":109},"properties":{"id":"c10cd240f585e4a251c4c6f6d56dff93"},"orientationAtVertex":"FREE","reference":null}],"properties":{},"reference":null}],"properties":{"id":"f3bb93742f9befdfcec1f72faf7b3418","type":"plug"},"reference":null},{"@id":110,"shape":{"type":"rect","xposition":"NaN","yposition":"NaN","width":"NaN","height":"NaN","shapeStyle":2},"labelManager":{"labels":[{"type":"textLabel","@id":111,"inputText":"David","labelStyle":4,"shape":null,"layoutText":null}],"mainLabel":111},"portCompositions":[{"type":"portGroup","@id":112,"ordered":false,"portCompositions":[{"type":"port","@id":113,"shape":{"type":"rect","xposition":"NaN","yposition":"NaN","width":"NaN","height":"NaN","shapeStyle":2},"labelManager":{"labels":[{"type":"textLabel","@id":114,"inputText":"2","labelStyle":4,"shape":null,"layoutText":null}],"mainLabel":114},"properties":{"id":"64fa24572a36550d71999631c36e25d7"},"orientationAtVertex":"FREE","reference":null},{"type":"port","@id":115,"shape":{"type":"rect","xposition":"NaN","yposition":"NaN","width":"NaN","height":"NaN","shapeStyle":2},"labelManager":{"labels":[{"type":"textLabel","@id":116,"inputText":"4","labelStyle":4,"shape":null,"layoutText":null}],"mainLabel":116},"properties":{"id":"5390b322bcfa1f1ffbd9d611453985f6"},"orientationAtVertex":"FREE","reference":null},{"type":"port","@id":117,"shape":{"type":"rect","xposition":"NaN","yposition":"NaN","width":"NaN","height":"NaN","shapeStyle":2},"labelManager":{"labels":[{"type":"textLabel","@id":118,"inputText":"1","labelStyle":4,"shape":null,"layoutText":null}],"mainLabel":118},"properties":{"id":"bd21e076692d411f012b3340c5499f89"},"orientationAtVertex":"FREE","reference":null},{"type":"port","@id":119,"shape":{"type":"rect","xposition":"NaN","yposition":"NaN","width":"NaN","height":"NaN","shapeStyle":2},"labelManager":{"labels":[{"type":"textLabel","@id":120,"inputText":"3","labelStyle":4,"shape":null,"layoutText":null}],"mainLabel":120},"properties":{"id":"24ebfdfc502dd7084963e234cac8f83c"},"orientationAtVertex":"FREE","reference":null}],"properties":{},"reference":null}],"properties":{"id":"b6a48b38284cebda3fe21675bae6e4ec","type":"plug"},"reference":null},{"@id":121,"shape":{"type":"rect","xposition":"NaN","yposition":"NaN","width":"NaN","height":"NaN","shapeStyle":2},"labelManager":{"labels":[{"type":"textLabel","@id":122,"inputText":"Ben","labelStyle":4,"shape":null,"layoutText":null}],"mainLabel":122},"portCompositions":[{"type":"portGroup","@id":123,"ordered":false,"portCompositions":[{"type":"port","@id":124,"shape":{"type":"rect","xposition":"NaN","yposition":"NaN","width":"NaN","height":"NaN","shapeStyle":2},"labelManager":{"labels":[{"type":"textLabel","@id":125,"inputText":"2","labelStyle":4,"shape":null,"layoutText":null}],"mainLabel":125},"properties":{"id":"8dd8d60d8552510d22ca1291948be230"},"orientationAtVertex":"FREE","reference":null},{"type":"port","@id":126,"shape":{"type":"rect","xposition":"NaN","yposition":"NaN","width":"NaN","height":"NaN","shapeStyle":2},"labelManager":{"labels":[{"type":"textLabel","@id":127,"inputText":"3","labelStyle":4,"shape":null,"layoutText":null}],"mainLabel":127},"properties":{"id":"c7f7bdb1c4d1ccb96f6cccfd6de02f4e"},"orientationAtVertex":"FREE","reference":null},{"type":"port","@id":128,"shape":{"type":"rect","xposition":"NaN","yposition":"NaN","width":"NaN","height":"NaN","shapeStyle":2},"labelManager":{"labels":[{"type":"textLabel","@id":129,"inputText":"1","labelStyle":4,"shape":null,"layoutText":null}],"mainLabel":129},"properties":{"id":"e0bef3be6f59c1fdcd86307a04d4b2e4"},"orientationAtVertex":"FREE","reference":null},{"type":"port","@id":130,"shape":{"type":"rect","xposition":"NaN","yposition":"NaN","width":"NaN","height":"NaN","shapeStyle":2},"labelManager":{"labels":[{"type":"textLabel","@id":131,"inputText":"4","labelStyle":4,"shape":null,"layoutText":null}],"mainLabel":131},"properties":{"id":"33c4a7e71b0dffbcc434499ba23c0388"},"orientationAtVertex":"FREE","reference":null}],"properties":{},"reference":null}],"properties":{"id":"023ee0ba5b3254c5f3a64e4faea8d26e","type":"plug"},"reference":null},{"@id":132,"shape":{"type":"rect","xposition":"NaN","yposition":"NaN","width":"NaN","height":"NaN","shapeStyle":2},"labelManager":{"labels":[{"type":"textLabel","@id":133,"inputText":"Jakob","labelStyle":4,"shape":null,"layoutText":null}],"mainLabel":133},"portCompositions":[{"type":"portGroup","@id":134,"ordered":false,"portCompositions":[{"type":"port","@id":135,"shape":{"type":"rect","xposition":"NaN","yposition":"NaN","width":"NaN","height":"NaN","shapeStyle":2},"labelManager":{"labels":[{"type":"textLabel","@id":136,"inputText":"2","labelStyle":4,"shape":null,"layoutText":null}],"mainLabel":136},"properties":{"id":"c4cec1fe7a5e6f601360f71dcfdb8e4a"},"orientationAtVertex":"FREE","reference":null},{"type":"port","@id":137,"shape":{"type":"rect","xposition":"NaN","yposition":"NaN","width":"NaN","height":"NaN","shapeStyle":2},"labelManager":{"labels":[{"type":"textLabel","@id":138,"inputText":"3","labelStyle":4,"shape":null,"layoutText":null}],"mainLabel":138},"properties":{"id":"1d4c297425ca5d89262fa527cf216897"},"orientationAtVertex":"FREE","reference":null},{"type":"port","@id":139,"shape":{"type":"rect","xposition":"NaN","yposition":"NaN","width":"NaN","height":"NaN","shapeStyle":2},"labelManager":{"labels":[{"type":"textLabel","@id":140,"inputText":"1","labelStyle":4,"shape":null,"layoutText":null}],"mainLabel":140},"properties":{"id":"36842a431b8c9755af6be3b42478d08a"},"orientationAtVertex":"FREE","reference":null},{"type":"port","@id":141,"shape":{"type":"rect","xposition":"NaN","yposition":"NaN","width":"NaN","height":"NaN","shapeStyle":2},"labelManager":{"labels":[{"type":"textLabel","@id":142,"inputText":"4","labelStyle":4,"shape":null,"layoutText":null}],"mainLabel":142},"properties":{"id":"ef7ecd2161cdb38edb3a8fecdd90f625"},"orientationAtVertex":"FREE","reference":null}],"properties":{},"reference":null}],"properties":{"id":"0d541a13437cd3c824b74c3becd07503","type":"plug"},"reference":null},{"@id":143,"shape":{"type":"rect","xposition":"NaN","yposition":"NaN","width":"NaN","height":"NaN","shapeStyle":2},"labelManager":{"labels":[{"type":"textLabel","@id":144,"inputText":"Tom","labelStyle":4,"shape":null,"layoutText":null}],"mainLabel":144},"portCompositions":[{"type":"port","@id":145,"shape":{"type":"rect","xposition":"NaN","yposition":"NaN","width":"NaN","height":"NaN","shapeStyle":2},"labelManager":{"labels":[{"type":"textLabel","@id":146,"inputText":"1","labelStyle":4,"shape":null,"layoutText":null}],"mainLabel":146},"properties":{"id":"03b2ecd661087ab5c3b9e03295ca817b"},"orientationAtVertex":"FREE","reference":null}],"properties":{"id":"98ade3b6a1ae3185b2488b2882db33ec","type":"splice"},"reference":null},{"@id":147,"shape":{"type":"rect","xposition":"NaN","yposition":"NaN","width":"NaN","height":"NaN","shapeStyle":2},"labelManager":{"labels":[{"type":"textLabel","@id":148,"inputText":"Benjamin","labelStyle":4,"shape":null,"layoutText":null}],"mainLabel":148},"portCompositions":[{"type":"portGroup","@id":149,"ordered":false,"portCompositions":[{"type":"port","@id":150,"shape":{"type":"rect","xposition":"NaN","yposition":"NaN","width":"NaN","height":"NaN","shapeStyle":2},"labelManager":{"labels":[{"type":"textLabel","@id":151,"inputText":"1","labelStyle":4,"shape":null,"layoutText":null}],"mainLabel":151},"properties":{"id":"50ea903f5e8f9362f88371451da85bd1"},"orientationAtVertex":"FREE","reference":null},{"type":"port","@id":152,"shape":{"type":"rect","xposition":"NaN","yposition":"NaN","width":"NaN","height":"NaN","shapeStyle":2},"labelManager":{"labels":[{"type":"textLabel","@id":153,"inputText":"2","labelStyle":4,"shape":null,"layoutText":null}],"mainLabel":153},"properties":{"id":"0582fe53880b331d9cc6a241de3bb71d"},"orientationAtVertex":"FREE","reference":null}],"properties":{},"reference":null}],"properties":{"id":"b427c9718a5c0e76bda5a8b83d436e04","type":"plug"},"reference":null},{"@id":154,"shape":{"type":"rect","xposition":"NaN","yposition":"NaN","width":"NaN","height":"NaN","shapeStyle":2},"labelManager":{"labels":[{"type":"textLabel","@id":155,"inputText":"Leonard","labelStyle":4,"shape":null,"layoutText":null}],"mainLabel":155},"portCompositions":[{"type":"portGroup","@id":156,"ordered":false,"portCompositions":[{"type":"port","@id":157,"shape":{"type":"rect","xposition":"NaN","yposition":"NaN","width":"NaN","height":"NaN","shapeStyle":2},"labelManager":{"labels":[{"type":"textLabel","@id":158,"inputText":"1","labelStyle":4,"shape":null,"layoutText":null}],"mainLabel":158},"properties":{"id":"bfb6230144d9a045517d60c3a9ea2a1d"},"orientationAtVertex":"FREE","reference":null},{"type":"port","@id":159,"shape":{"type":"rect","xposition":"NaN","yposition":"NaN","width":"NaN","height":"NaN","shapeStyle":2},"labelManager":{"labels":[{"type":"textLabel","@id":160,"inputText":"2","labelStyle":4,"shape":null,"layoutText":null}],"mainLabel":160},"properties":{"id":"318ad05fee05de84870cbc66126b7fc9"},"orientationAtVertex":"FREE","reference":null}],"properties":{},"reference":null}],"properties":{"id":"85d712f3a004ecc4a16b73d349fdebc3","type":"plug"},"reference":null},{"@id":161,"shape":{"type":"rect","xposition":"NaN","yposition":"NaN","width":"NaN","height":"NaN","shapeStyle":2},"labelManager":{"labels":[{"type":"textLabel","@id":162,"inputText":"Julian","labelStyle":4,"shape":null,"layoutText":null}],"mainLabel":162},"portCompositions":[{"type":"portGroup","@id":163,"ordered":false,"portCompositions":[{"type":"port","@id":164,"shape":{"type":"rect","xposition":"NaN","yposition":"NaN","width":"NaN","height":"NaN","shapeStyle":2},"labelManager":{"labels":[{"type":"textLabel","@id":165,"inputText":"1","labelStyle":4,"shape":null,"layoutText":null}],"mainLabel":165},"properties":{"id":"e23375dc716a62f0d247de6f308af96e"},"orientationAtVertex":"FREE","reference":null},{"type":"port","@id":166,"shape":{"type":"rect","xposition":"NaN","yposition":"NaN","width":"NaN","height":"NaN","shapeStyle":2},"labelManager":{"labels":[{"type":"textLabel","@id":167,"inputText":"2","labelStyle":4,"shape":null,"layoutText":null}],"mainLabel":167},"properties":{"id":"4d0646ddca614a0f1129afe2c107883f"},"orientationAtVertex":"FREE","reference":null}],"properties":{},"reference":null}],"properties":{"id":"13035e45482c6ffd7a05577d6ed7b1cc","type":"plug"},"reference":null},{"@id":168,"shape":{"type":"rect","xposition":"NaN","yposition":"NaN","width":"NaN","height":"NaN","shapeStyle":2},"labelManager":{"labels":[{"type":"textLabel","@id":169,"inputText":"Jan","labelStyle":4,"shape":null,"layoutText":null}],"mainLabel":169},"portCompositions":[{"type":"portGroup","@id":170,"ordered":false,"portCompositions":[{"type":"port","@id":171,"shape":{"type":"rect","xposition":"NaN","yposition":"NaN","width":"NaN","height":"NaN","shapeStyle":2},"labelManager":{"labels":[{"type":"textLabel","@id":172,"inputText":"1","labelStyle":4,"shape":null,"layoutText":null}],"mainLabel":172},"properties":{"id":"2a30bd7f35a3eeb039d44c6c5addc546"},"orientationAtVertex":"FREE","reference":null},{"type":"port","@id":173,"shape":{"type":"rect","xposition":"NaN","yposition":"NaN","width":"NaN","height":"NaN","shapeStyle":2},"labelManager":{"labels":[{"type":"textLabel","@id":174,"inputText":"2","labelStyle":4,"shape":null,"layoutText":null}],"mainLabel":174},"properties":{"id":"d52dd8b7bff379f3e632eb56361aad1e"},"orientationAtVertex":"FREE","reference":null}],"properties":{},"reference":null}],"properties":{"id":"f9be8af871edb59b4a49480d3c1e8231","type":"plug"},"reference":null},{"@id":175,"shape":{"type":"rect","xposition":"NaN","yposition":"NaN","width":"NaN","height":"NaN","shapeStyle":2},"labelManager":{"labels":[{"type":"textLabel","@id":176,"inputText":"Luca","labelStyle":4,"shape":null,"layoutText":null}],"mainLabel":176},"portCompositions":[{"type":"port","@id":177,"shape":{"type":"rect","xposition":"NaN","yposition":"NaN","width":"NaN","height":"NaN","shapeStyle":2},"labelManager":{"labels":[{"type":"textLabel","@id":178,"inputText":"1","labelStyle":4,"shape":null,"layoutText":null}],"mainLabel":178},"properties":{"id":"a7b628d9fd189e514728aa41ac26bc51"},"orientationAtVertex":"FREE","reference":null}],"properties":{"id":"3d17e6be3d6b93790ca6e276066f333b","type":"splice"},"reference":null},{"@id":179,"shape":null,"labelManager":{"labels":[{"type":"textLabel","@id":180,"inputText":"Maximilian","labelStyle":61,"shape":null,"layoutText":null}],"mainLabel":180},"portCompositions":[{"type":"portGroup","@id":181,"ordered":false,"portCompositions":[{"type":"port","@id":182,"shape":{"type":"rect","xposition":"NaN","yposition":"NaN","width":"NaN","height":"NaN","shapeStyle":59},"labelManager":{"labels":[{"type":"textLabel","@id":183,"inputText":"1","labelStyle":61,"shape":null,"layoutText":null}],"mainLabel":183},"properties":{},"orientationAtVertex":"FREE","reference":null}],"properties":{},"reference":null}],"properties":{},"reference":null},{"@id":184,"shape":null,"labelManager":{"labels":[{"type":"textLabel","@id":185,"inputText":"Lukas","labelStyle":61,"shape":null,"layoutText":null}],"mainLabel":185},"portCompositions":[{"type":"portGroup","@id":186,"ordered":false,"portCompositions":[{"type":"port","@id":187,"shape":{"type":"rect","xposition":"NaN","yposition":"NaN","width":"NaN","height":"NaN","shapeStyle":59},"labelManager":{"labels":[{"type":"textLabel","@id":188,"inputText":"1","labelStyle":61,"shape":null,"layoutText":null}],"mainLabel":188},"properties":{},"orientationAtVertex":"FREE","reference":null}],"properties":{},"reference":null}],"properties":{},"reference":null},{"@id":189,"shape":null,"labelManager":{"labels":[{"type":"textLabel","@id":190,"inputText":"Noah","labelStyle":61,"shape":null,"layoutText":null}],"mainLabel":190},"portCompositions":[{"type":"portGroup","@id":191,"ordered":false,"portCompositions":[{"type":"port","@id":192,"shape":{"type":"rect","xposition":"NaN","yposition":"NaN","width":"NaN","height":"NaN","shapeStyle":59},"labelManager":{"labels":[{"type":"textLabel","@id":193,"inputText":"1","labelStyle":61,"shape":null,"layoutText":null}],"mainLabel":193},"properties":{},"orientationAtVertex":"FREE","reference":null}],"properties":{},"reference":null}],"properties":{},"reference":null},{"@id":194,"shape":null,"labelManager":{"labels":[{"type":"textLabel","@id":195,"inputText":"Jonas","labelStyle":61,"shape":null,"layoutText":null}],"mainLabel":195},"portCompositions":[{"type":"portGroup","@id":196,"ordered":false,"portCompositions":[{"type":"port","@id":197,"shape":{"type":"rect","xposition":"NaN","yposition":"NaN","width":"NaN","height":"NaN","shapeStyle":59},"labelManager":{"labels":[{"type":"textLabel","@id":198,"inputText":"1","labelStyle":61,"shape":null,"layoutText":null}],"mainLabel":198},"properties":{},"orientationAtVertex":"FREE","reference":null}],"properties":{},"reference":null}],"properties":{},"reference":null},{"@id":199,"shape":null,"labelManager":{"labels":[{"type":"textLabel","@id":200,"inputText":"Moritz","labelStyle":61,"shape":null,"layoutText":null}],"mainLabel":200},"portCompositions":[{"type":"portGroup","@id":201,"ordered":false,"portCompositions":[{"type":"port","@id":202,"shape":{"type":"rect","xposition":"NaN","yposition":"NaN","width":"NaN","height":"NaN","shapeStyle":59},"labelManager":{"labels":[{"type":"textLabel","@id":203,"inputText":"2","labelStyle":61,"shape":null,"layoutText":null}],"mainLabel":203},"properties":{},"orientationAtVertex":"FREE","reference":null},{"type":"port","@id":204,"shape":{"type":"rect","xposition":"NaN","yposition":"NaN","width":"NaN","height":"NaN","shapeStyle":59},"labelManager":{"labels":[{"type":"textLabel","@id":205,"inputText":"1","labelStyle":61,"shape":null,"layoutText":null}],"mainLabel":205},"properties":{},"orientationAtVertex":"FREE","reference":null},{"type":"port","@id":206,"shape":{"type":"rect","xposition":"NaN","yposition":"NaN","width":"NaN","height":"NaN","shapeStyle":59},"labelManager":{"labels":[{"type":"textLabel","@id":207,"inputText":"3","labelStyle":61,"shape":null,"layoutText":null}],"mainLabel":207},"properties":{},"orientationAtVertex":"FREE","reference":null}],"properties":{},"reference":null}],"properties":{},"reference":null},{"@id":208,"shape":null,"labelManager":{"labels":[{"type":"textLabel","@id":209,"inputText":"Felix","labelStyle":61,"shape":null,"layoutText":null}],"mainLabel":209},"portCompositions":[{"type":"portGroup","@id":210,"ordered":false,"portCompositions":[{"type":"port","@id":211,"shape":{"type":"rect","xposition":"NaN","yposition":"NaN","width":"NaN","height":"NaN","shapeStyle":59},"labelManager":{"labels":[{"type":"textLabel","@id":212,"inputText":"2","labelStyle":61,"shape":null,"layoutText":null}],"mainLabel":212},"properties":{},"orientationAtVertex":"FREE","reference":null},{"type":"port","@id":213,"shape":{"type":"rect","xposition":"NaN","yposition":"NaN","width":"NaN","height":"NaN","shapeStyle":59},"labelManager":{"labels":[{"type":"textLabel","@id":214,"inputText":"1","labelStyle":61,"shape":null,"layoutText":null}],"mainLabel":214},"properties":{},"orientationAtVertex":"FREE","reference":null},{"type":"port","@id":215,"shape":{"type":"rect","xposition":"NaN","yposition":"NaN","width":"NaN","height":"NaN","shapeStyle":59},"labelManager":{"labels":[{"type":"textLabel","@id":216,"inputText":"3","labelStyle":61,"shape":null,"layoutText":null}],"mainLabel":216},"properties":{},"orientationAtVertex":"FREE","reference":null}],"properties":{},"reference":null}],"properties":{},"reference":null},{"@id":217,"shape":null,"labelManager":{"labels":[{"type":"textLabel","@id":218,"inputText":"Lukas","labelStyle":61,"shape":null,"layoutText":null}],"mainLabel":218},"portCompositions":[{"type":"portGroup","@id":219,"ordered":false,"portCompositions":[{"type":"port","@id":220,"shape":{"type":"rect","xposition":"NaN","yposition":"NaN","width":"NaN","height":"NaN","shapeStyle":59},"labelManager":{"labels":[{"type":"textLabel","@id":221,"inputText":"1","labelStyle":61,"shape":null,"layoutText":null}],"mainLabel":221},"properties":{},"orientationAtVertex":"FREE","reference":null}],"properties":{},"reference":null}],"properties":{},"reference":null},{"@id":222,"shape":null,"labelManager":{"labels":[{"type":"textLabel","@id":223,"inputText":"Julian","labelStyle":61,"shape":null,"layoutText":null}],"mainLabel":223},"portCompositions":[{"type":"portGroup","@id":224,"ordered":false,"portCompositions":[{"type":"port","@id":225,"shape":{"type":"rect","xposition":"NaN","yposition":"NaN","width":"NaN","height":"NaN","shapeStyle":59},"labelManager":{"labels":[{"type":"textLabel","@id":226,"inputText":"1","labelStyle":61,"shape":null,"layoutText":null}],"mainLabel":226},"properties":{},"orientationAtVertex":"FREE","reference":null}],"properties":{},"reference":null}],"properties":{},"reference":null},{"@id":227,"shape":null,"labelManager":{"labels":[{"type":"textLabel","@id":228,"inputText":"Finn","labelStyle":61,"shape":null,"layoutText":null}],"mainLabel":228},"portCompositions":[{"type":"portGroup","@id":229,"ordered":false,"portCompositions":[{"type":"port","@id":230,"shape":{"type":"rect","xposition":"NaN","yposition":"NaN","width":"NaN","height":"NaN","shapeStyle":59},"labelManager":{"labels":[{"type":"textLabel","@id":231,"inputText":"2","labelStyle":61,"shape":null,"layoutText":null}],"mainLabel":231},"properties":{},"orientationAtVertex":"FREE","reference":null},{"type":"port","@id":232,"shape":{"type":"rect","xposition":"NaN","yposition":"NaN","width":"NaN","height":"NaN","shapeStyle":59},"labelManager":{"labels":[{"type":"textLabel","@id":233,"inputText":"1","labelStyle":61,"shape":null,"layoutText":null}],"mainLabel":233},"properties":{},"orientationAtVertex":"FREE","reference":null}],"properties":{},"reference":null}],"properties":{},"reference":null},{"@id":234,"shape":null,"labelManager":{"labels":[{"type":"textLabel","@id":235,"inputText":"Leon","labelStyle":61,"shape":null,"layoutText":null}],"mainLabel":235},"portCompositions":[{"type":"portGroup","@id":236,"ordered":false,"portCompositions":[{"type":"port","@id":237,"shape":{"type":"rect","xposition":"NaN","yposition":"NaN","width":"NaN","height":"NaN","shapeStyle":59},"labelManager":{"labels":[{"type":"textLabel","@id":238,"inputText":"2","labelStyle":61,"shape":null,"layoutText":null}],"mainLabel":238},"properties":{},"orientationAtVertex":"FREE","reference":null},{"type":"port","@id":239,"shape":{"type":"rect","xposition":"NaN","yposition":"NaN","width":"NaN","height":"NaN","shapeStyle":59},"labelManager":{"labels":[{"type":"textLabel","@id":240,"inputText":"1","labelStyle":61,"shape":null,"layoutText":null}],"mainLabel":240},"properties":{},"orientationAtVertex":"FREE","reference":null}],"properties":{},"reference":null}],"properties":{},"reference":null}],"vertexGroups":[{"@id":241,"drawnFrame":false,"labelManager":{"labels":[],"mainLabel":null},"shape":null,"containedVertices":[7,14],"containedVertexGroups":[],"touchingPairs":[{"vertex0":7,"horizontalPlacementVertex0":"FREE","verticalPlacementVertex0":"TOP","vertex1":14,"horizontalPlacementVertex1":"FREE","verticalPlacementVertex1":"FREE"}],"portPairings":[{"port0":10,"port1":17},{"port0":12,"port1":19}],"properties":{},"reference":null},{"@id":242,"drawnFrame":false,"labelManager":{"labels":[],"mainLabel":null},"shape":null,"containedVertices":[25,34],"containedVertexGroups":[],"touchingPairs":[{"vertex0":25,"horizontalPlacementVertex0":"FREE","verticalPlacementVertex0":"TOP","vertex1":34,"horizontalPlacementVertex1":"FREE","verticalPlacementVertex1":"FREE"}],"portPairings":[{"port0":30,"port1":39},{"port0":28,"port1":37},{"port0":32,"port1":41}],"properties":{},"reference":null},{"@id":243,"drawnFrame":false,"labelManager":{"labels":[],"mainLabel":null},"shape":null,"containedVertices":[47,62],"containedVertexGroups":[],"touchingPairs":[{"vertex0":47,"horizontalPlacementVertex0":"FREE","verticalPlacementVertex0":"TOP","vertex1":62,"horizontalPlacementVertex1":"FREE","verticalPlacementVertex1":"FREE"}],"portPairings":[{"port0":56,"port1":71},{"port0":54,"port1":69},{"port0":52,"port1":67},{"port0":50,"port1":65},{"port0":58,"port1":73}],"properties":{},"reference":null},{"@id":244,"drawnFrame":false,"labelManager":{"labels":[],"mainLabel":null},"shape":null,"containedVertices":[75,80],"containedVertexGroups":[],"touchingPairs":[{"vertex0":75,"horizontalPlacementVertex0":"FREE","verticalPlacementVertex0":"TOP","vertex1":80,"horizontalPlacementVertex1":"FREE","verticalPlacementVertex1":"FREE"}],"portPairings":[{"port0":78,"port1":83}],"properties":{},"reference":null},{"@id":245,"drawnFrame":false,"labelManager":{"labels":[],"mainLabel":null},"shape":null,"containedVertices":[85,92],"containedVertexGroups":[],"touchingPairs":[{"vertex0":85,"horizontalPlacementVertex0":"FREE","verticalPlacementVertex0":"TOP","vertex1":92,"horizontalPlacementVertex1":"FREE","verticalPlacementVertex1":"FREE"}],"portPairings":[{"port0":88,"port1":95},{"port0":90,"port1":97}],"properties":{},"reference":null},{"@id":246,"drawnFrame":false,"labelManager":{"labels":[],"mainLabel":null},"shape":null,"containedVertices":[99,110],"containedVertexGroups":[],"touchingPairs":[{"vertex0":99,"horizontalPlacementVertex0":"FREE","verticalPlacementVertex0":"TOP","vertex1":110,"horizontalPlacementVertex1":"FREE","verticalPlacementVertex1":"FREE"}],"portPairings":[{"port0":102,"port1":113},{"port0":104,"port1":115},{"port0":106,"port1":117},{"port0":108,"port1":119}],"properties":{},"reference":null},{"@id":247,"drawnFrame":false,"labelManager":{"labels":[],"mainLabel":null},"shape":null,"containedVertices":[121,132],"containedVertexGroups":[],"touchingPairs":[{"vertex0":121,"horizontalPlacementVertex0":"FREE","verticalPlacementVertex0":"TOP","vertex1":132,"horizontalPlacementVertex1":"FREE","verticalPlacementVertex1":"FREE"}],"portPairings":[{"port0":126,"port1":137},{"port0":130,"port1":141},{"port0":124,"port1":135},{"port0":128,"port1":139}],"properties":{},"reference":null},{"@id":248,"drawnFrame":false,"labelManager":{"labels":[],"mainLabel":null},"shape":null,"containedVertices":[147,154],"containedVertexGroups":[],"touchingPairs":[{"vertex0":147,"horizontalPlacementVertex0":"FREE","verticalPlacementVertex0":"TOP","vertex1":154,"horizontalPlacementVertex1":"FREE","verticalPlacementVertex1":"FREE"}],"portPairings":[{"port0":150,"port1":157},{"port0":152,"port1":159}],"properties":{},"reference":null},{"@id":249,"drawnFrame":false,"labelManager":{"labels":[],"mainLabel":null},"shape":null,"containedVertices":[161,168],"containedVertexGroups":[],"touchingPairs":[{"vertex0":161,"horizontalPlacementVertex0":"FREE","verticalPlacementVertex0":"TOP","vertex1":168,"horizontalPlacementVertex1":"FREE","verticalPlacementVertex1":"FREE"}],"portPairings":[{"port0":164,"port1":171},{"port0":166,"port1":173}],"properties":{},"reference":null},{"@id":250,"drawnFrame":false,"labelManager":{"labels":[],"mainLabel":null},"shape":null,"containedVertices":[179,184],"containedVertexGroups":[],"touchingPairs":[{"vertex0":179,"horizontalPlacementVertex0":"FREE","verticalPlacementVertex0":"FREE","vertex1":184,"horizontalPlacementVertex1":"FREE","verticalPlacementVertex1":"FREE"}],"portPairings":[{"port0":182,"port1":187}],"properties":{},"reference":null},{"@id":251,"drawnFrame":false,"labelManager":{"labels":[],"mainLabel":null},"shape":null,"containedVertices":[189,194],"containedVertexGroups":[],"touchingPairs":[{"vertex0":189,"horizontalPlacementVertex0":"FREE","verticalPlacementVertex0":"FREE","vertex1":194,"horizontalPlacementVertex1":"FREE","verticalPlacementVertex1":"FREE"}],"portPairings":[{"port0":192,"port1":197}],"properties":{},"reference":null},{"@id":252,"drawnFrame":false,"labelManager":{"labels":[],"mainLabel":null},"shape":null,"containedVertices":[199,208],"containedVertexGroups":[],"touchingPairs":[{"vertex0":199,"horizontalPlacementVertex0":"FREE","verticalPlacementVertex0":"FREE","vertex1":208,"horizontalPlacementVertex1":"FREE","verticalPlacementVertex1":"FREE"}],"portPairings":[{"port0":202,"port1":211},{"port0":204,"port1":213},{"port0":206,"port1":215}],"properties":{},"reference":null},{"@id":253,"drawnFrame":false,"labelManager":{"labels":[],"mainLabel":null},"shape":null,"containedVertices":[217,222],"containedVertexGroups":[],"touchingPairs":[{"vertex0":217,"horizontalPlacementVertex0":"FREE","verticalPlacementVertex0":"FREE","vertex1":222,"horizontalPlacementVertex1":"FREE","verticalPlacementVertex1":"FREE"}],"portPairings":[{"port0":220,"port1":225}],"properties":{},"reference":null},{"@id":254,"drawnFrame":false,"labelManager":{"labels":[],"mainLabel":null},"shape":null,"containedVertices":[227,234],"containedVertexGroups":[],"touchingPairs":[{"vertex0":227,"horizontalPlacementVertex0":"FREE","verticalPlacementVertex0":"FREE","vertex1":234,"horizontalPlacementVertex1":"FREE","verticalPlacementVertex1":"FREE"}],"portPairings":[{"port0":230,"port1":237},{"port0":232,"port1":239}],"properties":{},"reference":null}],"edges":[{"@id":255,"ports":[71,65],"labelManager":{"innerLabels":[{"type":"textLabel","@id":256,"inputText":"Johann","labelStyle":4,"shape":null,"layoutText":null}],"allPortLabels":[],"mainLabel":256},"pathStyle":{"@id":257,"description":"default path style","thickness":-1.0,"color":{"argb":"ff000000"}},"paths":[],"properties":{"id":"acf8627d60214780643d23079022bab6"},"reference":null},{"@id":258,"ports":[119,173],"labelManager":{"innerLabels":[{"type":"textLabel","@id":259,"inputText":"Joel","labelStyle":4,"shape":null,"layoutText":null}],"allPortLabels":[],"mainLabel":259},"pathStyle":257,"paths":[],"properties":{"id":"1312056e422cc0180cd2e4351133aa4a"},"reference":null},{"@id":260,"ports":[17,45],"labelManager":{"innerLabels":[{"type":"textLabel","@id":261,"inputText":"Muhammed","labelStyle":4,"shape":null,"layoutText":null}],"allPortLabels":[],"mainLabel":261},"pathStyle":257,"paths":[],"properties":{"id":"88d191922c5f8a4c30df96b2504e5ded"},"reference":null},{"@id":262,"ports":[171,115],"labelManager":{"innerLabels":[{"type":"textLabel","@id":263,"inputText":"Konstantin","labelStyle":4,"shape":null,"layoutText":null}],"allPortLabels":[],"mainLabel":263},"pathStyle":257,"paths":[],"properties":{"id":"f6b18871725ef5c995655ee27efb301a"},"reference":null},{"@id":264,"ports":[83,177],"labelManager":{"innerLabels":[{"type":"textLabel","@id":265,"inputText":"Johannes","labelStyle":4,"shape":null,"layoutText":null}],"allPortLabels":[],"mainLabel":265},"pathStyle":257,"paths":[],"properties":{"id":"1d46b6fe59ae644b192df2742273eaea"},"reference":null},{"@id":266,"ports":[177,19],"labelManager":{"innerLabels":[{"type":"textLabel","@id":267,"inputText":"Vincent","labelStyle":4,"shape":null,"layoutText":null}],"allPortLabels":[],"mainLabel":267},"pathStyle":257,"paths":[],"properties":{"id":"840eda23685026b4680a2770158116b0"},"reference":null},{"@id":268,"ports":[56,137],"labelManager":{"innerLabels":[{"type":"textLabel","@id":269,"inputText":"Can","labelStyle":4,"shape":null,"layoutText":null}],"allPortLabels":[],"mainLabel":269},"pathStyle":257,"paths":[],"properties":{"id":"90bdc941d2eaea81b0fcd08b127a929a"},"reference":null},{"@id":270,"ports":[130,124],"labelManager":{"innerLabels":[{"type":"textLabel","@id":271,"inputText":"Daniel","labelStyle":4,"shape":null,"layoutText":null}],"allPortLabels":[],"mainLabel":271},"pathStyle":257,"paths":[],"properties":{"id":"a08399c2bdd2369caa60cd69d82f4d22"},"reference":null},{"@id":272,"ports":[88,37],"labelManager":{"innerLabels":[{"type":"textLabel","@id":273,"inputText":"Philipp","labelStyle":4,"shape":null,"layoutText":null}],"allPortLabels":[],"mainLabel":273},"pathStyle":257,"paths":[],"properties":{"id":"cf0c8d6380ef3ac9a79afa9bcca0464a"},"reference":null},{"@id":274,"ports":[30,23],"labelManager":{"innerLabels":[{"type":"textLabel","@id":275,"inputText":"Milan","labelStyle":4,"shape":null,"layoutText":null}],"allPortLabels":[],"mainLabel":275},"pathStyle":257,"paths":[],"properties":{"id":"df99f4db6ad6cadcc7a6b716546b06df"},"reference":null},{"@id":276,"ports":[39,90],"labelManager":{"innerLabels":[{"type":"textLabel","@id":277,"inputText":"Michael","labelStyle":4,"shape":null,"layoutText":null}],"allPortLabels":[],"mainLabel":277},"pathStyle":257,"paths":[],"properties":{"id":"7eb8b87a7760fc9b9052e1ec7a6594a8"},"reference":null},{"@id":278,"ports":[41,164],"labelManager":{"innerLabels":[{"type":"textLabel","@id":279,"inputText":"Frederik","labelStyle":4,"shape":null,"layoutText":null}],"allPortLabels":[],"mainLabel":279},"pathStyle":257,"paths":[],"properties":{"id":"0c9772f27d58d3acf77e9b6c176bc878"},"reference":null},{"@id":280,"ports":[28,32],"labelManager":{"innerLabels":[{"type":"textLabel","@id":281,"inputText":"Peter","labelStyle":4,"shape":null,"layoutText":null}],"allPortLabels":[],"mainLabel":281},"pathStyle":257,"paths":[],"properties":{"id":"6df78aef2e04df0704b8bcf66e94b615"},"reference":null},{"@id":282,"ports":[28,5],"labelManager":{"innerLabels":[{"type":"textLabel","@id":283,"inputText":"Henri","labelStyle":4,"shape":null,"layoutText":null}],"allPortLabels":[],"mainLabel":283},"pathStyle":257,"paths":[],"properties":{"id":"339a867d40f1fc5896f1f45870f6ddc7"},"reference":null},{"@id":284,"ports":[152,135],"labelManager":{"innerLabels":[{"type":"textLabel","@id":285,"inputText":"Tim","labelStyle":4,"shape":null,"layoutText":null}],"allPortLabels":[],"mainLabel":285},"pathStyle":257,"paths":[],"properties":{"id":"58bcda1cf6b98c6acb8ea16e429c030a"},"reference":null},{"@id":286,"ports":[67,69],"labelManager":{"innerLabels":[{"type":"textLabel","@id":287,"inputText":"Gabriel","labelStyle":4,"shape":null,"layoutText":null}],"allPortLabels":[],"mainLabel":287},"pathStyle":257,"paths":[],"properties":{"id":"2852a34a39ea0becb23d1cbbcf48b61f"},"reference":null},{"@id":288,"ports":[141,54],"labelManager":{"innerLabels":[{"type":"textLabel","@id":289,"inputText":"Christian","labelStyle":4,"shape":null,"layoutText":null}],"allPortLabels":[],"mainLabel":289},"pathStyle":257,"paths":[],"properties":{"id":"2f63274e7eebf69958ba57743b890755"},"reference":null},{"@id":290,"ports":[32,5],"labelManager":{"innerLabels":[{"type":"textLabel","@id":291,"inputText":"Emir","labelStyle":4,"shape":null,"layoutText":null}],"allPortLabels":[],"mainLabel":291},"pathStyle":257,"paths":[],"properties":{"id":"9e574685953a568808e7c3dc6b4a3781"},"reference":null},{"@id":292,"ports":[126,113],"labelManager":{"innerLabels":[{"type":"textLabel","@id":293,"inputText":"Theo","labelStyle":61,"shape":null,"layoutText":null}],"allPortLabels":[],"mainLabel":293},"pathStyle":{"@id":294,"description":"default path style","thickness":-1.0,"color":{"argb":"ff000000"}},"paths":[],"properties":{},"reference":null},{"@id":295,"ports":[213,239],"labelManager":{"innerLabels":[{"type":"textLabel","@id":296,"inputText":"Luis","labelStyle":61,"shape":null,"layoutText":null}],"allPortLabels":[],"mainLabel":296},"pathStyle":294,"paths":[],"properties":{},"reference":null},{"@id":297,"ports":[202,182],"labelManager":{"innerLabels":[{"type":"textLabel","@id":298,"inputText":"Noel","labelStyle":61,"shape":null,"layoutText":null}],"allPortLabels":[],"mainLabel":298},"pathStyle":294,"paths":[],"properties":{},"reference":null},{"@id":299,"ports":[204,50],"labelManager":{"innerLabels":[{"type":"textLabel","@id":300,"inputText":"Justus","labelStyle":61,"shape":null,"layoutText":null}],"allPortLabels":[],"mainLabel":300},"pathStyle":294,"paths":[],"properties":{},"reference":null},{"@id":301,"ports":[220,139],"labelManager":{"innerLabels":[{"type":"textLabel","@id":302,"inputText":"Karl","labelStyle":61,"shape":null,"layoutText":null}],"allPortLabels":[],"mainLabel":302},"pathStyle":294,"paths":[],"properties":{},"reference":null},{"@id":303,"ports":[145,108],"labelManager":{"innerLabels":[{"type":"textLabel","@id":304,"inputText":"Henry","labelStyle":61,"shape":null,"layoutText":null}],"allPortLabels":[],"mainLabel":304},"pathStyle":294,"paths":[],"properties":{},"reference":null},{"@id":305,"ports":[12,97],"labelManager":{"innerLabels":[{"type":"textLabel","@id":306,"inputText":"Samuel","labelStyle":61,"shape":null,"layoutText":null}],"allPortLabels":[],"mainLabel":306},"pathStyle":294,"paths":[],"properties":{},"reference":null},{"@id":307,"ports":[197,187],"labelManager":{"innerLabels":[{"type":"textLabel","@id":308,"inputText":"Liam","labelStyle":61,"shape":null,"layoutText":null}],"allPortLabels":[],"mainLabel":308},"pathStyle":294,"paths":[],"properties":{},"reference":null},{"@id":309,"ports":[237,211,215,104,102],"labelManager":{"innerLabels":[{"type":"textLabel","@id":310,"inputText":"Mats","labelStyle":61,"shape":null,"layoutText":null}],"allPortLabels":[],"mainLabel":310},"pathStyle":294,"paths":[],"properties":{},"reference":null},{"@id":311,"ports":[206,58,52],"labelManager":{"innerLabels":[{"type":"textLabel","@id":312,"inputText":"Noel","labelStyle":61,"shape":null,"layoutText":null}],"allPortLabels":[],"mainLabel":312},"pathStyle":294,"paths":[],"properties":{},"reference":null},{"@id":313,"ports":[10,95],"labelManager":{"innerLabels":[{"type":"textLabel","@id":314,"inputText":"Joel","labelStyle":61,"shape":null,"layoutText":null}],"allPortLabels":[],"mainLabel":314},"pathStyle":294,"paths":[],"properties":{},"reference":null},{"@id":315,"ports":[106,211],"labelManager":{"innerLabels":[{"type":"textLabel","@id":316,"inputText":"Michael","labelStyle":61,"shape":null,"layoutText":null}],"allPortLabels":[],"mainLabel":316},"pathStyle":294,"paths":[],"properties":{},"reference":null},{"@id":317,"ports":[52,206],"labelManager":{"innerLabels":[{"type":"textLabel","@id":318,"inputText":"Samuel","labelStyle":61,"shape":null,"layoutText":null}],"allPortLabels":[],"mainLabel":318},"pathStyle":294,"paths":[],"properties":{},"reference":null},{"@id":319,"ports":[95,10],"labelManager":{"innerLabels":[{"type":"textLabel","@id":320,"inputText":"Johannes","labelStyle":61,"shape":null,"layoutText":null}],"allPortLabels":[],"mainLabel":320},"pathStyle":294,"paths":[],"properties":{},"reference":null},{"@id":321,"ports":[159,157],"labelManager":{"innerLabels":[{"type":"textLabel","@id":322,"inputText":"Niklas","labelStyle":61,"shape":null,"layoutText":null}],"allPortLabels":[],"mainLabel":322},"pathStyle":294,"paths":[],"properties":{},"reference":null},{"@id":323,"ports":[128,157],"labelManager":{"innerLabels":[{"type":"textLabel","@id":324,"inputText":"Levi","labelStyle":61,"shape":null,"layoutText":null}],"allPortLabels":[],"mainLabel":324},"pathStyle":294,"paths":[],"properties":{},"reference":null}],"edgeBundles":[]}