{"vertices":[{"@id":1,"shape":{"type":"rect","xposition":"NaN","yposition":"NaN","width":"NaN","height":"NaN","shapeStyle":{"@id":2,"description":"default shape style","color":{"argb":"ff000000"}}},"labelManager":{"labels":[{"type":"textLabel","@id":3,"inputText":"Leon","labelStyle":{"@id":4,"description":"default text label style","font":{"fontName":"SansSerif","style":0,"size":10},"noBreak":false,"color":{"argb":"ff000000"},"showLabel":true,"placement":"FREE","horizontalPlacement":"FREE","verticalPlacement":"FREE"},"shape":null,"layoutText":null}],"mainLabel":3},"portCompositions":[{"type":"portGroup","@id":5,"ordered":false,"portCompositions":[{"type":"port","@id":6,"shape":{"type":"rect","xposition":"NaN","yposition":"NaN","width":"NaN","height":"NaN","shapeStyle":2},"labelManager":{"labels":[{"type":"textLabel","@id":7,"inputText":"4","labelStyle":4,"shape":null,"layoutText":null}],"mainLabel":7},"properties":{"id":"7ff4d83dbb285e872815ec974e24f7e1"},"orientationAtVertex":"FREE","reference":null},{"type":"port","@id":8,"shape":{"type":"rect","xposition":"NaN","yposition":"NaN","width":"NaN","height":"NaN","shapeStyle":2},"labelManager":{"labels":[{"type":"textLabel","@id":9,"inputText":"2","labelStyle":4,"shape":null,"layoutText":null}],"mainLabel":9},"properties":{"id":"a0959b78173201d0577f5b3195ec83a7"},"orientationAtVertex":"FREE","reference":null},{"type":"port","@id":10,"shape":{"type":"rect","xposition":"NaN","yposition":"NaN","width":"NaN","height":"NaN","shapeStyle":2},"labelManager":{"labels":[{"type":"textLabel","@id":11,"inputText":"1","labelStyle":4,"shape":null,"layoutText":null}],"mainLabel":11},"properties":{"id":"54a5619edb859e82fcd54a49ba5257ad"},"orientationAtVertex":"FREE","reference":null},{"type":"port","@id":12,"shape":{"type":"rect","xposition":"NaN","yposition":"NaN","width":"NaN","height":"NaN","shapeStyle":{"@id":13,"description":"default shape style","color":{"argb":"ff000000"}}},"labelManager":{"labels":[{"type":"textLabel","@id":14,"inputText":"5","labelStyle":{"@id":15,"description":"default text label style","font":{"fontName":"SansSerif","style":0,"size":10},"noBreak":false,"color":{"argb":"ff000000"},"showLabel":true,"placement":"FREE","horizontalPlacement":"FREE","verticalPlacement":"FREE"},"shape":null,"layoutText":null}],"mainLabel":14},"properties":{},"orientationAtVertex":"FREE","reference":null},{"type":"port","@id":16,"shape":{"type":"rect","xposition":"NaN","yposition":"NaN","width":"NaN","height":"NaN","shapeStyle":13},"labelManager":{"labels":[{"type":"textLabel","@id":17,"inputText":"3","labelStyle":15,"shape":null,"layoutText":null}],"mainLabel":17},"properties":{},"orientationAtVertex":"FREE","reference":null}],"properties":{},"reference":null},{"type":"portGroup","@id":18,"ordered":false,"portCompositions":[],"properties":{},"reference":null},{"type":"portGroup","@id":19,"ordered":false,"portCompositions":[],"properties":{},"reference":null}],"properties":{"id":"61816e516936cbe26aee2b9bbcc95b38","type":"device"},"reference":null},{"@id":20,"shape":{"type":"rect","xposition":"NaN","yposition":"NaN","width":"NaN","height":"NaN","shapeStyle":2},"labelManager":{"labels":[{"type":"textLabel","@id":21,"inputText":"Niklas","labelStyle":4,"shape":null,"layoutText":null}],"mainLabel":21},"portCompositions":[{"type":"portGroup","@id":22,"ordered":false,"portCompositions":[{"type":"port","@id":23,"shape":{"type":"rect","xposition":"NaN","yposition":"NaN","width":"NaN","height":"NaN","shapeStyle":2},"labelManager":{"labels":[{"type":"textLabel","@id":24,"inputText":"4","labelStyle":4,"shape":null,"layoutText":null}],"mainLabel":24},"properties":{"id":"8e75abd427662ef8d303eb9900c651eb"},"orientationAtVertex":"FREE","reference":null},{"type":"port","@id":25,"shape":{"type":"rect","xposition":"NaN","yposition":"NaN","width":"NaN","height":"NaN","shapeStyle":2},"labelManager":{"labels":[{"type":"textLabel","@id":26,"inputText":"2","labelStyle":4,"shape":null,"layoutText":null}],"mainLabel":26},"properties":{"id":"e6df6cfdb4e8c9696e2f809f71944127"},"orientationAtVertex":"FREE","reference":null},{"type":"port","@id":27,"shape":{"type":"rect","xposition":"NaN","yposition":"NaN","width":"NaN","height":"NaN","shapeStyle":2},"labelManager":{"labels":[{"type":"textLabel","@id":28,"inputText":"1","labelStyle":4,"shape":null,"layoutText":null}],"mainLabel":28},"properties":{"id":"cdadfd139da6b55b56cd78ded886ca63"},"orientationAtVertex":"FREE","reference":null}],"properties":{},"reference":null}],"properties":{"id":"ed1c566d96b2e58358a8bdeacd760f7c","type":"socket"},"reference":null},{"@id":29,"shape":{"type":"rect","xposition":"NaN","yposition":"NaN","width":"NaN","height":"NaN","shapeStyle":2},"labelManager":{"labels":[{"type":"textLabel","@id":30,"inputText":"Johann","labelStyle":4,"shape":null,"layoutText":null}],"mainLabel":30},"portCompositions":[{"type":"portGroup","@id":31,"ordered":false,"portCompositions":[{"type":"port","@id":32,"shape":{"type":"rect","xposition":"NaN","yposition":"NaN","width":"NaN","height":"NaN","shapeStyle":2},"labelManager":{"labels":[{"type":"textLabel","@id":33,"inputText":"3","labelStyle":4,"shape":null,"layoutText":null}],"mainLabel":33},"properties":{"id":"6ca50b9789aa7f881c86cc7d18f55cc5"},"orientationAtVertex":"FREE","reference":null},{"type":"port","@id":34,"shape":{"type":"rect","xposition":"NaN","yposition":"NaN","width":"NaN","height":"NaN","shapeStyle":2},"labelManager":{"labels":[{"type":"textLabel","@id":35,"inputText":"6","labelStyle":4,"shape":null,"layoutText":null}],"mainLabel":35},"properties":{"id":"a9e28909faa882f02c26f2b482ffa354"},"orientationAtVertex":"FREE","reference":null},{"type":"port","@id":36,"shape":{"type":"rect","xposition":"NaN","yposition":"NaN","width":"NaN","height":"NaN","shapeStyle":2},"labelManager":{"labels":[{"type":"textLabel","@id":37,"inputText":"4","labelStyle":4,"shape":null,"layoutText":null}],"mainLabel":37},"properties":{"id":"d843c7f46b68374644fda4ce49c0f16b"},"orientationAtVertex":"FREE","reference":null},{"type":"port","@id":38,"shape":{"type":"rect","xposition":"NaN","yposition":"NaN","width":"NaN","height":"NaN","shapeStyle":13},"labelManager":{"labels":[{"type":"textLabel","@id":39,"inputText":"2","labelStyle":15,"shape":null,"layoutText":null}],"mainLabel":39},"properties":{},"orientationAtVertex":"FREE","reference":null},{"type":"port","@id":40,"shape":{"type":"rect","xposition":"NaN","yposition":"NaN","width":"NaN","height":"NaN","shapeStyle":13},"labelManager":{"labels":[{"type":"textLabel","@id":41,"inputText":"5","labelStyle":15,"shape":null,"layoutText":null}],"mainLabel":41},"properties":{},"orientationAtVertex":"FREE","reference":null},{"type":"port","@id":42,"shape":{"type":"rect","xposition":"NaN","yposition":"NaN","width":"NaN","height":"NaN","shapeStyle":13},"labelManager":{"labels":[{"type":"textLabel","@id":43,"inputText":"1","labelStyle":15,"shape":null,"layoutText":null}],"mainLabel":43},"properties":{},"orientationAtVertex":"FREE","reference":null}],"properties":{},"reference":null}],"properties":{"id":"a316d8eadf7534d5b35a19674914ab99","type":"device"},"reference":null},{"@id":44,"shape":{"type":"rect","xposition":"NaN","yposition":"NaN","width":"NaN","height":"NaN","shapeStyle":2},"labelManager":{"labels":[{"type":"textLabel","@id":45,"inputText":"Simon","labelStyle":4,"shape":null,"layoutText":null}],"mainLabel":45},"portCompositions":[{"type":"portGroup","@id":46,"ordered":false,"portCompositions":[{"type":"port","@id":47,"shape":{"type":"rect","xposition":"NaN","yposition":"NaN","width":"NaN","height":"NaN","shapeStyle":2},"labelManager":{"labels":[{"type":"textLabel","@id":48,"inputText":"3","labelStyle":4,"shape":null,"layoutText":null}],"mainLabel":48},"properties":{"id":"8f9476646c41710656ba51132d05840f"},"orientationAtVertex":"FREE","reference":null},{"type":"port","@id":49,"shape":{"type":"rect","xposition":"NaN","yposition":"NaN","width":"NaN","height":"NaN","shapeStyle":2},"labelManager":{"labels":[{"type":"textLabel","@id":50,"inputText":"6","labelStyle":4,"shape":null,"layoutText":null}],"mainLabel":50},"properties":{"id":"828b68179b80ba0ebb662e6658f32048"},"orientationAtVertex":"FREE","reference":null},{"type":"port","@id":51,"shape":{"type":"rect","xposition":"NaN","yposition":"NaN","width":"NaN","height":"NaN","shapeStyle":2},"labelManager":{"labels":[{"type":"textLabel","@id":52,"inputText":"4","labelStyle":4,"shape":null,"layoutText":null}],"mainLabel":52},"properties":{"id":"03d7d074a072064a53bdfd930fa6506a"},"orientationAtVertex":"FREE","reference":null}],"properties":{},"reference":null}],"properties":{"id":"3c560d9d79582373931884b1608fa41c","type":"socket"},"reference":null},{"@id":53,"shape":{"type":"rect","xposition":"NaN","yposition":"NaN","width":"NaN","height":"NaN","shapeStyle":2},"labelManager":{"labels":[{"type":"textLabel","@id":54,"inputText":"Ben","labelStyle":4,"shape":null,"layoutText":null}],"mainLabel":54},"portCompositions":[{"type":"port","@id":55,"shape":{"type":"rect","xposition":"NaN","yposition":"NaN","width":"NaN","height":"NaN","shapeStyle":2},"labelManager":{"labels":[{"type":"textLabel","@id":56,"inputText":"1","labelStyle":4,"shape":null,"layoutText":null}],"mainLabel":56},"properties":{"id":"7274cf26a95abf1b8067f9226aa0206a"},"orientationAtVertex":"FREE","reference":null}],"properties":{"id":"7bbd1cae03cfab4e045b3d3068d9d396","type":"splice"},"reference":null},{"@id":57,"shape":{"type":"rect","xposition":"NaN","yposition":"NaN","width":"NaN","height":"NaN","shapeStyle":2},"labelManager":{"labels":[{"type":"textLabel","@id":58,"inputText":"Max","labelStyle":4,"shape":null,"layoutText":null}],"mainLabel":58},"portCompositions":[{"type":"portGroup","@id":59,"ordered":false,"portCompositions":[{"type":"port","@id":60,"shape":{"type":"rect","xposition":"NaN","yposition":"NaN","width":"NaN","height":"NaN","shapeStyle":2},"labelManager":{"labels":[{"type":"textLabel","@id":61,"inputText":"3","labelStyle":4,"shape":null,"layoutText":null}],"mainLabel":61},"properties":{"id":"635d6658244f780e39f09cea87196837"},"orientationAtVertex":"FREE","reference":null},{"type":"port","@id":62,"shape":{"type":"rect","xposition":"NaN","yposition":"NaN","width":"NaN","height":"NaN","shapeStyle":2},"labelManager":{"labels":[{"type":"textLabel","@id":63,"inputText":"6","labelStyle":4,"shape":null,"layoutText":null}],"mainLabel":63},"properties":{"id":"30f1bbdb4b8f4b58fd9864144479551b"},"orientationAtVertex":"FREE","reference":null},{"type":"port","@id":64,"shape":{"type":"rect","xposition":"NaN","yposition":"NaN","width":"NaN","height":"NaN","shapeStyle":13},"labelManager":{"labels":[{"type":"textLabel","@id":65,"inputText":"2","labelStyle":15,"shape":null,"layoutText":null}],"mainLabel":65},"properties":{},"orientationAtVertex":"FREE","reference":null},{"type":"port","@id":66,"shape":{"type":"rect","xposition":"NaN","yposition":"NaN","width":"NaN","height":"NaN","shapeStyle":13},"labelManager":{"labels":[{"type":"textLabel","@id":67,"inputText":"5","labelStyle":15,"shape":null,"layoutText":null}],"mainLabel":67},"properties":{},"orientationAtVertex":"FREE","reference":null},{"type":"port","@id":68,"shape":{"type":"rect","xposition":"NaN","yposition":"NaN","width":"NaN","height":"NaN","shapeStyle":13},"labelManager":{"labels":[{"type":"textLabel","@id":69,"inputText":"4","labelStyle":15,"shape":null,"layoutText":null}],"mainLabel":69},"properties":{},"orientationAtVertex":"FREE","reference":null},{"type":"port","@id":70,"shape":{"type":"rect","xposition":"NaN","yposition":"NaN","width":"NaN","height":"NaN","shapeStyle":13},"labelManager":{"labels":[{"type":"textLabel","@id":71,"inputText":"1","labelStyle":15,"shape":null,"layoutText":null}],"mainLabel":71},"properties":{},"orientationAtVertex":"FREE","reference":null},{"type":"port","@id":72,"shape":{"type":"rect","xposition":"NaN","yposition":"NaN","width":"NaN","height":"NaN","shapeStyle":13},"labelManager":{"labels":[{"type":"textLabel","@id":73,"inputText":"7","labelStyle":15,"shape":null,"layoutText":null}],"mainLabel":73},"properties":{},"orientationAtVertex":"FREE","reference":null}],"properties":{},"reference":null}],"properties":{"id":"b4441a9c9e658ff2f4488647407afe69","type":"device"},"reference":null},{"@id":74,"shape":{"type":"rect","xposition":"NaN","yposition":"NaN","width":"NaN","height":"NaN","shapeStyle":2},"labelManager":{"labels":[{"type":"textLabel","@id":75,"inputText":"Samuel","labelStyle":4,"shape":null,"layoutText":null}],"mainLabel":75},"portCompositions":[{"type":"portGroup","@id":76,"ordered":false,"portCompositions":[{"type":"port","@id":77,"shape":{"type":"rect","xposition":"NaN","yposition":"NaN","width":"NaN","height":"NaN","shapeStyle":2},"labelManager":{"labels":[{"type":"textLabel","@id":78,"inputText":"3","labelStyle":4,"shape":null,"layoutText":null}],"mainLabel":78},"properties":{"id":"67a66ddb78d8fbc0de2a10de2b98ed16"},"orientationAtVertex":"FREE","reference":null},{"type":"port","@id":79,"shape":{"type":"rect","xposition":"NaN","yposition":"NaN","width":"NaN","height":"NaN","shapeStyle":2},"labelManager":{"labels":[{"type":"textLabel","@id":80,"inputText":"6","labelStyle":4,"shape":null,"layoutText":null}],"mainLabel":80},"properties":{"id":"b5eb0788c7aa78f2d3c498c89e03b770"},"orientationAtVertex":"FREE","reference":null},{"type":"port","@id":81,"shape":{"type":"rect","xposition":"NaN","yposition":"NaN","width":"NaN","height":"NaN","shapeStyle":13},"labelManager":{"labels":[{"type":"textLabel","@id":82,"inputText":"2","labelStyle":15,"shape":null,"layoutText":null}],"mainLabel":82},"properties":{},"orientationAtVertex":"FREE","reference":null},{"type":"port","@id":83,"shape":{"type":"rect","xposition":"NaN","yposition":"NaN","width":"NaN","height":"NaN","shapeStyle":13},"labelManager":{"labels":[{"type":"textLabel","@id":84,"inputText":"5","labelStyle":15,"shape":null,"layoutText":null}],"mainLabel":84},"properties":{},"orientationAtVertex":"FREE","reference":null},{"type":"port","@id":85,"shape":{"type":"rect","xposition":"NaN","yposition":"NaN","width":"NaN","height":"NaN","shapeStyle":13},"labelManager":{"labels":[{"type":"textLabel","@id":86,"inputText":"4","labelStyle":15,"shape":null,"layoutText":null}],"mainLabel":86},"properties":{},"orientationAtVertex":"FREE","reference":null},{"type":"port","@id":87,"shape":{"type":"rect","xposition":"NaN","yposition":"NaN","width":"NaN","height":"NaN","shapeStyle":13},"labelManager":{"labels":[{"type":"textLabel","@id":88,"inputText":"1","labelStyle":15,"shape":null,"layoutText":null}],"mainLabel":88},"properties":{},"orientationAtVertex":"FREE","reference":null},{"type":"port","@id":89,"shape":{"type":"rect","xposition":"NaN","yposition":"NaN","width":"NaN","height":"NaN","shapeStyle":13},"labelManager":{"labels":[{"type":"textLabel","@id":90,"inputText":"7","labelStyle":15,"shape":null,"layoutText":null}],"mainLabel":90},"properties":{},"orientationAtVertex":"FREE","reference":null}],"properties":{},"reference":null}],"properties":{"id":"47d4bb24349cc969ae7313a9881275c9","type":"socket"},"reference":null},{"@id":91,"shape":{"type":"rect","xposition":"NaN","yposition":"NaN","width":"NaN","height":"NaN","shapeStyle":2},"labelManager":{"labels":[{"type":"textLabel","@id":92,"inputText":"Elias","labelStyle":4,"shape":null,"layoutText":null}],"mainLabel":92},"portCompositions":[{"type":"port","@id":93,"shape":{"type":"rect","xposition":"NaN","yposition":"NaN","width":"NaN","height":"NaN","shapeStyle":2},"labelManager":{"labels":[{"type":"textLabel","@id":94,"inputText":"1","labelStyle":4,"shape":null,"layoutText":null}],"mainLabel":94},"properties":{"id":"c7806a54d4823fc233ed1e0f0e7efded"},"orientationAtVertex":"FREE","reference":null}],"properties":{"id":"1958047e616928baecc8795ea999a094","type":"splice"},"reference":null},{"@id":95,"shape":{"type":"rect","xposition":"NaN","yposition":"NaN","width":"NaN","height":"NaN","shapeStyle":2},"labelManager":{"labels":[{"type":"textLabel","@id":96,"inputText":"Alexander","labelStyle":4,"shape":null,"layoutText":null}],"mainLabel":96},"portCompositions":[{"type":"portGroup","@id":97,"ordered":false,"portCompositions":[{"type":"port","@id":98,"shape":{"type":"rect","xposition":"NaN","yposition":"NaN","width":"NaN","height":"NaN","shapeStyle":2},"labelManager":{"labels":[{"type":"textLabel","@id":99,"inputText":"3","labelStyle":4,"shape":null,"layoutText":null}],"mainLabel":99},"properties":{"id":"69b1dd7ba7cfd5410f3fa19ccf3f46a1"},"orientationAtVertex":"FREE","reference":null},{"type":"port","@id":100,"shape":{"type":"rect","xposition":"NaN","yposition":"NaN","width":"NaN","height":"NaN","shapeStyle":2},"labelManager":{"labels":[{"type":"textLabel","@id":101,"inputText":"4","labelStyle":4,"shape":null,"layoutText":null}],"mainLabel":101},"properties":{"id":"fdee42a1962448276eb1384e6be8286f"},"orientationAtVertex":"FREE","reference":null},{"type":"port","@id":102,"shape":{"type":"rect","xposition":"NaN","yposition":"NaN","width":"NaN","height":"NaN","shapeStyle":2},"labelManager":{"labels":[{"type":"textLabel","@id":103,"inputText":"1","labelStyle":4,"shape":null,"layoutText":null}],"mainLabel":103},"properties":{"id":"ff6fdb3c8e29e5ec019a6c00cd1aa025"},"orientationAtVertex":"FREE","reference":null},{"type":"port","@id":104,"shape":{"type":"rect","xposition":"NaN","yposition":"NaN","width":"NaN","height":"NaN","shapeStyle":13},"labelManager":{"labels":[{"type":"textLabel","@id":105,"inputText":"5","labelStyle":15,"shape":null,"layoutText":null}],"mainLabel":105},"properties":{},"orientationAtVertex":"FREE","reference":null},{"type":"port","@id":106,"shape":{"type":"rect","xposition":"NaN","yposition":"NaN","width":"NaN","height":"NaN","shapeStyle":13},"labelManager":{"labels":[{"type":"textLabel","@id":107,"inputText":"2","labelStyle":15,"shape":null,"layoutText":null}],"mainLabel":107},"properties":{},"orientationAtVertex":"FREE","reference":null},{"type":"port","@id":108,"shape":{"type":"rect","xposition":"NaN","yposition":"NaN","width":"NaN","height":"NaN","shapeStyle":13},"labelManager":{"labels":[{"type":"textLabel","@id":109,"inputText":"6","labelStyle":15,"shape":null,"layoutText":null}],"mainLabel":109},"properties":{},"orientationAtVertex":"FREE","reference":null}],"properties":{},"reference":null}],"properties":{"id":"afb5baff8d63190b3206a7af4c460d64","type":"plug"},"reference":null},{"@id":110,"shape":{"type":"rect","xposition":"NaN","yposition":"NaN","width":"NaN","height":"NaN","shapeStyle":2},"labelManager":{"labels":[{"type":"textLabel","@id":111,"inputText":"Luca","labelStyle":4,"shape":null,"layoutText":null}],"mainLabel":111},"portCompositions":[{"type":"portGroup","@id":112,"ordered":false,"portCompositions":[{"type":"port","@id":113,"shape":{"type":"rect","xposition":"NaN","yposition":"NaN","width":"NaN","height":"NaN","shapeStyle":2},"labelManager":{"labels":[{"type":"textLabel","@id":114,"inputText":"3","labelStyle":4,"shape":null,"layoutText":null}],"mainLabel":114},"properties":{"id":"5e67e14f22ca8ef86f704990ab49e62c"},"orientationAtVertex":"FREE","reference":null},{"type":"port","@id":115,"shape":{"type":"rect","xposition":"NaN","yposition":"NaN","width":"NaN","height":"NaN","shapeStyle":2},"labelManager":{"labels":[{"type":"textLabel","@id":116,"inputText":"4","labelStyle":4,"shape":null,"layoutText":null}],"mainLabel":116},"properties":{"id":"bda6fc41f6bf4cfdd57dd598bbfd48aa"},"orientationAtVertex":"FREE","reference":null},{"type":"port","@id":117,"shape":{"type":"rect","xposition":"NaN","yposition":"NaN","width":"NaN","height":"NaN","shapeStyle":2},"labelManager":{"labels":[{"type":"textLabel","@id":118,"inputText":"1","labelStyle":4,"shape":null,"layoutText":null}],"mainLabel":118},"properties":{"id":"c0dbdf7d8e53b523b7e7f50b2d19981b"},"orientationAtVertex":"FREE","reference":null},{"type":"port","@id":119,"shape":{"type":"rect","xposition":"NaN","yposition":"NaN","width":"NaN","height":"NaN","shapeStyle":13},"labelManager":{"labels":[{"type":"textLabel","@id":120,"inputText":"5","labelStyle":15,"shape":null,"layoutText":null}],"mainLabel":120},"properties":{},"orientationAtVertex":"FREE","reference":null},{"type":"port","@id":121,"shape":{"type":"rect","xposition":"NaN","yposition":"NaN","width":"NaN","height":"NaN","shapeStyle":13},"labelManager":{"labels":[{"type":"textLabel","@id":122,"inputText":"2","labelStyle":15,"shape":null,"layoutText":null}],"mainLabel":122},"properties":{},"orientationAtVertex":"FREE","reference":null},{"type":"port","@id":123,"shape":{"type":"rect","xposition":"NaN","yposition":"NaN","width":"NaN","height":"NaN","shapeStyle":13},"labelManager":{"labels":[{"type":"textLabel","@id":124,"inputText":"6","labelStyle":15,"shape":null,"layoutText":null}],"mainLabel":124},"properties":{},"orientationAtVertex":"FREE","reference":null}],"properties":{},"reference":null}],"properties":{"id":"98583164e4e9b127f76ba743cd92a180","type":"plug"},"reference":null},{"@id":125,"shape":{"type":"rect","xposition":"NaN","yposition":"NaN","width":"NaN","height":"NaN","shapeStyle":2},"labelManager":{"labels":[{"type":"textLabel","@id":126,"inputText":"Moritz","labelStyle":4,"shape":null,"layoutText":null}],"mainLabel":126},"portCompositions":[{"type":"port","@id":127,"shape":{"type":"rect","xposition":"NaN","yposition":"NaN","width":"NaN","height":"NaN","shapeStyle":2},"labelManager":{"labels":[{"type":"textLabel","@id":128,"inputText":"1","labelStyle":4,"shape":null,"layoutText":null}],"mainLabel":128},"properties":{"id":"dbe67f71b202fb47dadba7167ade7436"},"orientationAtVertex":"FREE","reference":null}],"properties":{"id":"c347c32a1691a1984f383d63235b930e","type":"splice"},"reference":null},{"@id":129,"shape":{"type":"rect","xposition":"NaN","yposition":"NaN","width":"NaN","height":"NaN","shapeStyle":2},"labelManager":{"labels":[{"type":"textLabel","@id":130,"inputText":"Vincent","labelStyle":4,"shape":null,"layoutText":null}],"mainLabel":130},"portCompositions":[{"type":"portGroup","@id":131,"ordered":false,"portCompositions":[{"type":"port","@id":132,"shape":{"type":"rect","xposition":"NaN","yposition":"NaN","width":"NaN","height":"NaN","shapeStyle":2},"labelManager":{"labels":[{"type":"textLabel","@id":133,"inputText":"7","labelStyle":4,"shape":null,"layoutText":null}],"mainLabel":133},"properties":{"id":"9769d129cf61cfe5977e5efed1707814"},"orientationAtVertex":"FREE","reference":null},{"type":"port","@id":134,"shape":{"type":"rect","xposition":"NaN","yposition":"NaN","width":"NaN","height":"NaN","shapeStyle":2},"labelManager":{"labels":[{"type":"textLabel","@id":135,"inputText":"6","labelStyle":4,"shape":null,"layoutText":null}],"mainLabel":135},"properties":{"id":"3a4cb79192585a439b1d6abd28eb152d"},"orientationAtVertex":"FREE","reference":null},{"type":"port","@id":136,"shape":{"type":"rect","xposition":"NaN","yposition":"NaN","width":"NaN","height":"NaN","shapeStyle":2},"labelManager":{"labels":[{"type":"textLabel","@id":137,"inputText":"5","labelStyle":4,"shape":null,"layoutText":null}],"mainLabel":137},"properties":{"id":"feb55edb4699ff1df4b4547d17f95262"},"orientationAtVertex":"FREE","reference":null},{"type":"port","@id":138,"shape":{"type":"rect","xposition":"NaN","yposition":"NaN","width":"NaN","height":"NaN","shapeStyle":2},"labelManager":{"labels":[{"type":"textLabel","@id":139,"inputText":"9","labelStyle":4,"shape":null,"layoutText":null}],"mainLabel":139},"properties":{"id":"f7589fd479bd3a562ecc4dac5d79e28b"},"orientationAtVertex":"FREE","reference":null},{"type":"port","@id":140,"shape":{"type":"rect","xposition":"NaN","yposition":"NaN","width":"NaN","height":"NaN","shapeStyle":2},"labelManager":{"labels":[{"type":"textLabel","@id":141,"inputText":"1","labelStyle":4,"shape":null,"layoutText":null}],"mainLabel":141},"properties":{"id":"e752b6d368d1b7531629d552628bde04"},"orientationAtVertex":"FREE","reference":null},{"type":"port","@id":142,"shape":{"type":"rect","xposition":"NaN","yposition":"NaN","width":"NaN","height":"NaN","shapeStyle":13},"labelManager":{"labels":[{"type":"textLabel","@id":143,"inputText":"3","labelStyle":15,"shape":null,"layoutText":null}],"mainLabel":143},"properties":{},"orientationAtVertex":"FREE","reference":null},{"type":"port","@id":144,"shape":{"type":"rect","xposition":"NaN","yposition":"NaN","width":"NaN","height":"NaN","shapeStyle":13},"labelManager":{"labels":[{"type":"textLabel","@id":145,"inputText":"2","labelStyle":15,"shape":null,"layoutText":null}],"mainLabel":145},"properties":{},"orientationAtVertex":"FREE","reference":null},{"type":"port","@id":146,"shape":{"type":"rect","xposition":"NaN","yposition":"NaN","width":"NaN","height":"NaN","shapeStyle":13},"labelManager":{"labels":[{"type":"textLabel","@id":147,"inputText":"8","labelStyle":15,"shape":null,"layoutText":null}],"mainLabel":147},"properties":{},"orientationAtVertex":"FREE","reference":null},{"type":"port","@id":148,"shape":{"type":"rect","xposition":"NaN","yposition":"NaN","width":"NaN","height":"NaN","shapeStyle":13},"labelManager":{"labels":[{"type":"textLabel","@id":149,"inputText":"4","labelStyle":15,"shape":null,"layoutText":null}],"mainLabel":149},"properties":{},"orientationAtVertex":"FREE","reference":null}],"properties":{},"reference":null}],"properties":{"id":"023ee0ba5b3254c5f3a64e4faea8d26e","type":"plug"},"reference":null},{"@id":150,"shape":{"type":"rect","xposition":"NaN","yposition":"NaN","width":"NaN","height":"NaN","shapeStyle":2},"labelManager":{"labels":[{"type":"textLabel","@id":151,"inputText":"Paul","labelStyle":4,"shape":null,"layoutText":null}],"mainLabel":151},"portCompositions":[{"type":"portGroup","@id":152,"ordered":false,"portCompositions":[{"type":"port","@id":153,"shape":{"type":"rect","xposition":"NaN","yposition":"NaN","width":"NaN","height":"NaN","shapeStyle":2},"labelManager":{"labels":[{"type":"textLabel","@id":154,"inputText":"7","labelStyle":4,"shape":null,"layoutText":null}],"mainLabel":154},"properties":{"id":"c19ff594e17af871790d17dabf167c7c"},"orientationAtVertex":"FREE","reference":null},{"type":"port","@id":155,"shape":{"type":"rect","xposition":"NaN","yposition":"NaN","width":"NaN","height":"NaN","shapeStyle":2},"labelManager":{"labels":[{"type":"textLabel","@id":156,"inputText":"6","labelStyle":4,"shape":null,"layoutText":null}],"mainLabel":156},"properties":{"id":"59dee339567230d2d4d2456a74b28ecb"},"orientationAtVertex":"FREE","reference":null},{"type":"port","@id":157,"shape":{"type":"rect","xposition":"NaN","yposition":"NaN","width":"NaN","height":"NaN","shapeStyle":2},"labelManager":{"labels":[{"type":"textLabel","@id":158,"inputText":"5","labelStyle":4,"shape":null,"layoutText":null}],"mainLabel":158},"properties":{"id":"5f8318bd09b955ad2725b294a376b339"},"orientationAtVertex":"FREE","reference":null},{"type":"port","@id":159,"shape":{"type":"rect","xposition":"NaN","yposition":"NaN","width":"NaN","height":"NaN","shapeStyle":2},"labelManager":{"labels":[{"type":"textLabel","@id":160,"inputText":"9","labelStyle":4,"shape":null,"layoutText":null}],"mainLabel":160},"properties":{"id":"4287f7ac6cf276fefb8efac4f9e5a2b9"},"orientationAtVertex":"FREE","reference":null},{"type":"port","@id":161,"shape":{"type":"rect","xposition":"NaN","yposition":"NaN","width":"NaN","height":"NaN","shapeStyle":2},"labelManager":{"labels":[{"type":"textLabel","@id":162,"inputText":"1","labelStyle":4,"shape":null,"layoutText":null}],"mainLabel":162},"properties":{"id":"356a08999f600b025f3144ed87bb2576"},"orientationAtVertex":"FREE","reference":null},{"type":"port","@id":163,"shape":{"type":"rect","xposition":"NaN","yposition":"NaN","width":"NaN","height":"NaN","shapeStyle":13},"labelManager":{"labels":[{"type":"textLabel","@id":164,"inputText":"3","labelStyle":15,"shape":null,"layoutText":null}],"mainLabel":164},"properties":{},"orientationAtVertex":"FREE","reference":null},{"type":"port","@id":165,"shape":{"type":"rect","xposition":"NaN","yposition":"NaN","width":"NaN","height":"NaN","shapeStyle":13},"labelManager":{"labels":[{"type":"textLabel","@id":166,"inputText":"2","labelStyle":15,"shape":null,"layoutText":null}],"mainLabel":166},"properties":{},"orientationAtVertex":"FREE","reference":null},{"type":"port","@id":167,"shape":{"type":"rect","xposition":"NaN","yposition":"NaN","width":"NaN","height":"NaN","shapeStyle":13},"labelManager":{"labels":[{"type":"textLabel","@id":168,"inputText":"8","labelStyle":15,"shape":null,"layoutText":null}],"mainLabel":168},"properties":{},"orientationAtVertex":"FREE","reference":null},{"type":"port","@id":169,"shape":{"type":"rect","xposition":"NaN","yposition":"NaN","width":"NaN","height":"NaN","shapeStyle":13},"labelManager":{"labels":[{"type":"textLabel","@id":170,"inputText":"4","labelStyle":15,"shape":null,"layoutText":null}],"mainLabel":170},"properties":{},"orientationAtVertex":"FREE","reference":null}],"properties":{},"reference":null}],"properties":{"id":"0d541a13437cd3c824b74c3becd07503","type":"plug"},"reference":null},{"@id":171,"shape":{"type":"rect","xposition":"NaN","yposition":"NaN","width":"NaN","height":"NaN","shapeStyle":2},"labelManager":{"labels":[{"type":"textLabel","@id":172,"inputText":"Lukas","labelStyle":4,"shape":null,"layoutText":null}],"mainLabel":172},"portCompositions":[{"type":"port","@id":173,"shape":{"type":"rect","xposition":"NaN","yposition":"NaN","width":"NaN","height":"NaN","shapeStyle":2},"labelManager":{"labels":[{"type":"textLabel","@id":174,"inputText":"1","labelStyle":4,"shape":null,"layoutText":null}],"mainLabel":174},"properties":{"id":"b689ff2984c79027cd50eb9409e1d807"},"orientationAtVertex":"FREE","reference":null}],"properties":{"id":"7721b73d039cbd628cc2f58a494b793c","type":"splice"},"reference":null},{"@id":175,"shape":{"type":"rect","xposition":"NaN","yposition":"NaN","width":"NaN","height":"NaN","shapeStyle":2},"labelManager":{"labels":[{"type":"textLabel","@id":176,"inputText":"Maximilian","labelStyle":4,"shape":null,"layoutText":null}],"mainLabel":176},"portCompositions":[{"type":"portGroup","@id":177,"ordered":false,"portCompositions":[{"type":"port","@id":178,"shape":{"type":"rect","xposition":"NaN","yposition":"NaN","width":"NaN","height":"NaN","shapeStyle":2},"labelManager":{"labels":[{"type":"textLabel","@id":179,"inputText":"7","labelStyle":4,"shape":null,"layoutText":null}],"mainLabel":179},"properties":{"id":"a8422e0534ca40218fe2908edce94eb3"},"orientationAtVertex":"FREE","reference":null},{"type":"port","@id":180,"shape":{"type":"rect","xposition":"NaN","yposition":"NaN","width":"NaN","height":"NaN","shapeStyle":2},"labelManager":{"labels":[{"type":"textLabel","@id":181,"inputText":"6","labelStyle":4,"shape":null,"layoutText":null}],"mainLabel":181},"properties":{"id":"6bcac089ec5ce8cca303d051f328a3a3"},"orientationAtVertex":"FREE","reference":null},{"type":"port","@id":182,"shape":{"type":"rect","xposition":"NaN","yposition":"NaN","width":"NaN","height":"NaN","shapeStyle":13},"labelManager":{"labels":[{"type":"textLabel","@id":183,"inputText":"1","labelStyle":15,"shape":null,"layoutText":null}],"mainLabel":183},"properties":{},"orientationAtVertex":"FREE","reference":null},{"type":"port","@id":184,"shape":{"type":"rect","xposition":"NaN","yposition":"NaN","width":"NaN","height":"NaN","shapeStyle":13},"labelManager":{"labels":[{"type":"textLabel","@id":185,"inputText":"2","labelStyle":15,"shape":null,"layoutText":null}],"mainLabel":185},"properties":{},"orientationAtVertex":"FREE","reference":null},{"type":"port","@id":186,"shape":{"type":"rect","xposition":"NaN","yposition":"NaN","width":"NaN","height":"NaN","shapeStyle":13},"labelManager":{"labels":[{"type":"textLabel","@id":187,"inputText":"3","labelStyle":15,"shape":null,"layoutText":null}],"mainLabel":187},"properties":{},"orientationAtVertex":"FREE","reference":null},{"type":"port","@id":188,"shape":{"type":"rect","xposition":"NaN","yposition":"NaN","width":"NaN","height":"NaN","shapeStyle":13},"labelManager":{"labels":[{"type":"textLabel","@id":189,"inputText":"5","labelStyle":15,"shape":null,"layoutText":null}],"mainLabel":189},"properties":{},"orientationAtVertex":"FREE","reference":null},{"type":"port","@id":190,"shape":{"type":"rect","xposition":"NaN","yposition":"NaN","width":"NaN","height":"NaN","shapeStyle":13},"labelManager":{"labels":[{"type":"textLabel","@id":191,"inputText":"4","labelStyle":15,"shape":null,"layoutText":null}],"mainLabel":191},"properties":{},"orientationAtVertex":"FREE","reference":null}],"properties":{},"reference":null}],"properties":{"id":"5514d5e063645523d8c31b2a405b1d1f","type":"plug"},"reference":null},{"@id":192,"shape":{"type":"rect","xposition":"NaN","yposition":"NaN","width":"NaN","height":"NaN","shapeStyle":2},"labelManager":{"labels":[{"type":"textLabel","@id":193,"inputText":"David","labelStyle":4,"shape":null,"layoutText":null}],"mainLabel":193},"portCompositions":[{"type":"portGroup","@id":194,"ordered":false,"portCompositions":[{"type":"port","@id":195,"shape":{"type":"rect","xposition":"NaN","yposition":"NaN","width":"NaN","height":"NaN","shapeStyle":2},"labelManager":{"labels":[{"type":"textLabel","@id":196,"inputText":"7","labelStyle":4,"shape":null,"layoutText":null}],"mainLabel":196},"properties":{"id":"ce47d7c0632f3e91ec284e9262e6c43b"},"orientationAtVertex":"FREE","reference":null},{"type":"port","@id":197,"shape":{"type":"rect","xposition":"NaN","yposition":"NaN","width":"NaN","height":"NaN","shapeStyle":2},"labelManager":{"labels":[{"type":"textLabel","@id":198,"inputText":"6","labelStyle":4,"shape":null,"layoutText":null}],"mainLabel":198},"properties":{"id":"48c30c3152bebcdafb31c17da7594dfa"},"orientationAtVertex":"FREE","reference":null},{"type":"port","@id":199,"shape":{"type":"rect","xposition":"NaN","yposition":"NaN","width":"NaN","height":"NaN","shapeStyle":13},"labelManager":{"labels":[{"type":"textLabel","@id":200,"inputText":"1","labelStyle":15,"shape":null,"layoutText":null}],"mainLabel":200},"properties":{},"orientationAtVertex":"FREE","reference":null},{"type":"port","@id":201,"shape":{"type":"rect","xposition":"NaN","yposition":"NaN","width":"NaN","height":"NaN","shapeStyle":13},"labelManager":{"labels":[{"type":"textLabel","@id":202,"inputText":"2","labelStyle":15,"shape":null,"layoutText":null}],"mainLabel":202},"properties":{},"orientationAtVertex":"FREE","reference":null},{"type":"port","@id":203,"shape":{"type":"rect","xposition":"NaN","yposition":"NaN","width":"NaN","height":"NaN","shapeStyle":13},"labelManager":{"labels":[{"type":"textLabel","@id":204,"inputText":"3","labelStyle":15,"shape":null,"layoutText":null}],"mainLabel":204},"properties":{},"orientationAtVertex":"FREE","reference":null},{"type":"port","@id":205,"shape":{"type":"rect","xposition":"NaN","yposition":"NaN","width":"NaN","height":"NaN","shapeStyle":13},"labelManager":{"labels":[{"type":"textLabel","@id":206,"inputText":"5","labelStyle":15,"shape":null,"layoutText":null}],"mainLabel":206},"properties":{},"orientationAtVertex":"FREE","reference":null},{"type":"port","@id":207,"shape":{"type":"rect","xposition":"NaN","yposition":"NaN","width":"NaN","height":"NaN","shapeStyle":13},"labelManager":{"labels":[{"type":"textLabel","@id":208,"inputText":"4","labelStyle":15,"shape":null,"layoutText":null}],"mainLabel":208},"properties":{},"orientationAtVertex":"FREE","reference":null}],"properties":{},"reference":null}],"properties":{"id":"31661bd7d3595be45b98eb9452723a9c","type":"plug"},"reference":null},{"@id":209,"shape":{"type":"rect","xposition":"NaN","yposition":"NaN","width":"NaN","height":"NaN","shapeStyle":2},"labelManager":{"labels":[{"type":"textLabel","@id":210,"inputText":"Julius","labelStyle":4,"shape":null,"layoutText":null}],"mainLabel":210},"portCompositions":[{"type":"portGroup","@id":211,"ordered":false,"portCompositions":[{"type":"port","@id":212,"shape":{"type":"rect","xposition":"NaN","yposition":"NaN","width":"NaN","height":"NaN","shapeStyle":2},"labelManager":{"labels":[{"type":"textLabel","@id":213,"inputText":"3","labelStyle":4,"shape":null,"layoutText":null}],"mainLabel":213},"properties":{"id":"40498717062a130ee11b77136733c604"},"orientationAtVertex":"FREE","reference":null},{"type":"port","@id":214,"shape":{"type":"rect","xposition":"NaN","yposition":"NaN","width":"NaN","height":"NaN","shapeStyle":13},"labelManager":{"labels":[{"type":"textLabel","@id":215,"inputText":"6","labelStyle":15,"shape":null,"layoutText":null}],"mainLabel":215},"properties":{},"orientationAtVertex":"FREE","reference":null},{"type":"port","@id":216,"shape":{"type":"rect","xposition":"NaN","yposition":"NaN","width":"NaN","height":"NaN","shapeStyle":13},"labelManager":{"labels":[{"type":"textLabel","@id":217,"inputText":"4","labelStyle":15,"shape":null,"layoutText":null}],"mainLabel":217},"properties":{},"orientationAtVertex":"FREE","reference":null},{"type":"port","@id":218,"shape":{"type":"rect","xposition":"NaN","yposition":"NaN","width":"NaN","height":"NaN","shapeStyle":13},"labelManager":{"labels":[{"type":"textLabel","@id":219,"inputText":"2","labelStyle":15,"shape":null,"layoutText":null}],"mainLabel":219},"properties":{},"orientationAtVertex":"FREE","reference":null},{"type":"port","@id":220,"shape":{"type":"rect","xposition":"NaN","yposition":"NaN","width":"NaN","height":"NaN","shapeStyle":13},"labelManager":{"labels":[{"type":"textLabel","@id":221,"inputText":"1","labelStyle":15,"shape":null,"layoutText":null}],"mainLabel":221},"properties":{},"orientationAtVertex":"FREE","reference":null}],"properties":{},"reference":null}],"properties":{"id":"9a469ee6a710dc8b9d00d790d16646e6","type":"plug"},"reference":null},{"@id":222,"shape":{"type":"rect","xposition":"NaN","yposition":"NaN","width":"NaN","height":"NaN","shapeStyle":2},"labelManager":{"labels":[{"type":"textLabel","@id":223,"inputText":"Louis","labelStyle":4,"shape":null,"layoutText":null}],"mainLabel":223},"portCompositions":[{"type":"portGroup","@id":224,"ordered":false,"portCompositions":[{"type":"port","@id":225,"shape":{"type":"rect","xposition":"NaN","yposition":"NaN","width":"NaN","height":"NaN","shapeStyle":2},"labelManager":{"labels":[{"type":"textLabel","@id":226,"inputText":"3","labelStyle":4,"shape":null,"layoutText":null}],"mainLabel":226},"properties":{"id":"8a1deb5bd7c78dae96d13d689b551f62"},"orientationAtVertex":"FREE","reference":null},{"type":"port","@id":227,"shape":{"type":"rect","xposition":"NaN","yposition":"NaN","width":"NaN","height":"NaN","shapeStyle":13},"labelManager":{"labels":[{"type":"textLabel","@id":228,"inputText":"6","labelStyle":15,"shape":null,"layoutText":null}],"mainLabel":228},"properties":{},"orientationAtVertex":"FREE","reference":null},{"type":"port","@id":229,"shape":{"type":"rect","xposition":"NaN","yposition":"NaN","width":"NaN","height":"NaN","shapeStyle":13},"labelManager":{"labels":[{"type":"textLabel","@id":230,"inputText":"4","labelStyle":15,"shape":null,"layoutText":null}],"mainLabel":230},"properties":{},"orientationAtVertex":"FREE","reference":null},{"type":"port","@id":231,"shape":{"type":"rect","xposition":"NaN","yposition":"NaN","width":"NaN","height":"NaN","shapeStyle":13},"labelManager":{"labels":[{"type":"textLabel","@id":232,"inputText":"2","labelStyle":15,"shape":null,"layoutText":null}],"mainLabel":232},"properties":{},"orientationAtVertex":"FREE","reference":null},{"type":"port","@id":233,"shape":{"type":"rect","xposition":"NaN","yposition":"NaN","width":"NaN","height":"NaN","shapeStyle":13},"labelManager":{"labels":[{"type":"textLabel","@id":234,"inputText":"1","labelStyle":15,"shape":null,"layoutText":null}],"mainLabel":234},"properties":{},"orientationAtVertex":"FREE","reference":null},{"type":"port","@id":235,"shape":{"type":"rect","xposition":"NaN","yposition":"NaN","width":"NaN","height":"NaN","shapeStyle":13},"labelManager":{"labels":[{"type":"textLabel","@id":236,"inputText":"7","labelStyle":15,"shape":null,"layoutText":null}],"mainLabel":236},"properties":{},"orientationAtVertex":"FREE","reference":null}],"properties":{},"reference":null}],"properties":{"id":"7002c5c0e6903e5384f54d881e660943","type":"plug"},"reference":null},{"@id":237,"shape":{"type":"rect","xposition":"NaN","yposition":"NaN","width":"NaN","height":"NaN","shapeStyle":2},"labelManager":{"labels":[{"type":"textLabel","@id":238,"inputText":"Noah","labelStyle":4,"shape":null,"layoutText":null}],"mainLabel":238},"portCompositions":[{"type":"port","@id":239,"shape":{"type":"rect","xposition":"NaN","yposition":"NaN","width":"NaN","height":"NaN","shapeStyle":2},"labelManager":{"labels":[{"type":"textLabel","@id":240,"inputText":"1","labelStyle":4,"shape":null,"layoutText":null}],"mainLabel":240},"properties":{"id":"46b8dc14217d41ec4086449f7affdaaa"},"orientationAtVertex":"FREE","reference":null}],"properties":{"id":"0521b130ed0664ecfea84dd55fba2d44","type":"splice"},"reference":null},{"@id":241,"shape":{"type":"rect","xposition":"NaN","yposition":"NaN","width":"NaN","height":"NaN","shapeStyle":2},"labelManager":{"labels":[{"type":"textLabel","@id":242,"inputText":"Gabriel","labelStyle":4,"shape":null,"layoutText":null}],"mainLabel":242},"portCompositions":[{"type":"portGroup","@id":243,"ordered":false,"portCompositions":[{"type":"port","@id":244,"shape":{"type":"rect","xposition":"NaN","yposition":"NaN","width":"NaN","height":"NaN","shapeStyle":2},"labelManager":{"labels":[{"type":"textLabel","@id":245,"inputText":"2","labelStyle":4,"shape":null,"layoutText":null}],"mainLabel":245},"properties":{"id":"28dfc10585be6d89f792738b4455a36d"},"orientationAtVertex":"FREE","reference":null},{"type":"port","@id":246,"shape":{"type":"rect","xposition":"NaN","yposition":"NaN","width":"NaN","height":"NaN","shapeStyle":13},"labelManager":{"labels":[{"type":"textLabel","@id":247,"inputText":"1","labelStyle":15,"shape":null,"layoutText":null}],"mainLabel":247},"properties":{},"orientationAtVertex":"FREE","reference":null},{"type":"port","@id":248,"shape":{"type":"rect","xposition":"NaN","yposition":"NaN","width":"NaN","height":"NaN","shapeStyle":13},"labelManager":{"labels":[{"type":"textLabel","@id":249,"inputText":"3","labelStyle":15,"shape":null,"layoutText":null}],"mainLabel":249},"properties":{},"orientationAtVertex":"FREE","reference":null},{"type":"port","@id":250,"shape":{"type":"rect","xposition":"NaN","yposition":"NaN","width":"NaN","height":"NaN","shapeStyle":13},"labelManager":{"labels":[{"type":"textLabel","@id":251,"inputText":"4","labelStyle":15,"shape":null,"layoutText":null}],"mainLabel":251},"properties":{},"orientationAtVertex":"FREE","reference":null}],"properties":{},"reference":null},{"type":"portGroup","@id":252,"ordered":false,"portCompositions":[],"properties":{},"reference":null}],"properties":{"id":"1850a510c096933721f3522237741708","type":"device"},"reference":null},{"@id":253,"shape":{"type":"rect","xposition":"NaN","yposition":"NaN","width":"NaN","height":"NaN","shapeStyle":2},"labelManager":{"labels":[{"type":"textLabel","@id":254,"inputText":"Oskar","labelStyle":4,"shape":null,"layoutText":null}],"mainLabel":254},"portCompositions":[{"type":"portGroup","@id":255,"ordered":false,"portCompositions":[{"type":"port","@id":256,"shape":{"type":"rect","xposition":"NaN","yposition":"NaN","width":"NaN","height":"NaN","shapeStyle":2},"labelManager":{"labels":[{"type":"textLabel","@id":257,"inputText":"2","labelStyle":4,"shape":null,"layoutText":null}],"mainLabel":257},"properties":{"id":"0067a0a77bbfcac09283c4a03553058a"},"orientationAtVertex":"FREE","reference":null},{"type":"port","@id":258,"shape":{"type":"rect","xposition":"NaN","yposition":"NaN","width":"NaN","height":"NaN","shapeStyle":13},"labelManager":{"labels":[{"type":"textLabel","@id":259,"inputText":"3","labelStyle":15,"shape":null,"layoutText":null}],"mainLabel":259},"properties":{},"orientationAtVertex":"FREE","reference":null}],"properties":{},"reference":null}],"properties":{"id":"654a76ab503cf7ceaa310fa3e9c0be17","type":"socket"},"reference":null},{"@id":260,"shape":{"type":"rect","xposition":"NaN","yposition":"NaN","width":"NaN","height":"NaN","shapeStyle":2},"labelManager":{"labels":[{"type":"textLabel","@id":261,"inputText":"Peter","labelStyle":4,"shape":null,"layoutText":null}],"mainLabel":261},"portCompositions":[{"type":"portGroup","@id":262,"ordered":false,"portCompositions":[],"properties":{},"reference":null},{"type":"portGroup","@id":263,"ordered":false,"portCompositions":[{"type":"port","@id":264,"shape":{"type":"rect","xposition":"NaN","yposition":"NaN","width":"NaN","height":"NaN","shapeStyle":2},"labelManager":{"labels":[{"type":"textLabel","@id":265,"inputText":"2","labelStyle":4,"shape":null,"layoutText":null}],"mainLabel":265},"properties":{"id":"d545871a8246febb8770999c1a2e75c0"},"orientationAtVertex":"FREE","reference":null},{"type":"port","@id":266,"shape":{"type":"rect","xposition":"NaN","yposition":"NaN","width":"NaN","height":"NaN","shapeStyle":13},"labelManager":{"labels":[{"type":"textLabel","@id":267,"inputText":"6","labelStyle":15,"shape":null,"layoutText":null}],"mainLabel":267},"properties":{},"orientationAtVertex":"FREE","reference":null},{"type":"port","@id":268,"shape":{"type":"rect","xposition":"NaN","yposition":"NaN","width":"NaN","height":"NaN","shapeStyle":13},"labelManager":{"labels":[{"type":"textLabel","@id":269,"inputText":"5","labelStyle":15,"shape":null,"layoutText":null}],"mainLabel":269},"properties":{},"orientationAtVertex":"FREE","reference":null},{"type":"port","@id":270,"shape":{"type":"rect","xposition":"NaN","yposition":"NaN","width":"NaN","height":"NaN","shapeStyle":13},"labelManager":{"labels":[{"type":"textLabel","@id":271,"inputText":"1","labelStyle":15,"shape":null,"layoutText":null}],"mainLabel":271},"properties":{},"orientationAtVertex":"FREE","reference":null},{"type":"port","@id":272,"shape":{"type":"rect","xposition":"NaN","yposition":"NaN","width":"NaN","height":"NaN","shapeStyle":13},"labelManager":{"labels":[{"type":"textLabel","@id":273,"inputText":"3","labelStyle":15,"shape":null,"layoutText":null}],"mainLabel":273},"properties":{},"orientationAtVertex":"FREE","reference":null},{"type":"port","@id":274,"shape":{"type":"rect","xposition":"NaN","yposition":"NaN","width":"NaN","height":"NaN","shapeStyle":13},"labelManager":{"labels":[{"type":"textLabel","@id":275,"inputText":"4","labelStyle":15,"shape":null,"layoutText":null}],"mainLabel":275},"properties":{},"orientationAtVertex":"FREE","reference":null}],"properties":{},"reference":null},{"type":"portGroup","@id":276,"ordered":false,"portCompositions":[],"properties":{},"reference":null}],"properties":{"id":"ab94a8582f940cfa61ffbdea56a8cc19","type":"device"},"reference":null},{"@id":277,"shape":{"type":"rect","xposition":"NaN","yposition":"NaN","width":"NaN","height":"NaN","shapeStyle":2},"labelManager":{"labels":[{"type":"textLabel","@id":278,"inputText":"Emil","labelStyle":4,"shape":null,"layoutText":null}],"mainLabel":278},"portCompositions":[{"type":"portGroup","@id":279,"ordered":false,"portCompositions":[{"type":"port","@id":280,"shape":{"type":"rect","xposition":"NaN","yposition":"NaN","width":"NaN","height":"NaN","shapeStyle":2},"labelManager":{"labels":[{"type":"textLabel","@id":281,"inputText":"2","labelStyle":4,"shape":null,"layoutText":null}],"mainLabel":281},"properties":{"id":"7267855cc6ebf2552ce0fd7a96d83888"},"orientationAtVertex":"FREE","reference":null},{"type":"port","@id":282,"shape":{"type":"rect","xposition":"NaN","yposition":"NaN","width":"NaN","height":"NaN","shapeStyle":13},"labelManager":{"labels":[{"type":"textLabel","@id":283,"inputText":"1","labelStyle":15,"shape":null,"layoutText":null}],"mainLabel":283},"properties":{},"orientationAtVertex":"FREE","reference":null},{"type":"port","@id":284,"shape":{"type":"rect","xposition":"NaN","yposition":"NaN","width":"NaN","height":"NaN","shapeStyle":13},"labelManager":{"labels":[{"type":"textLabel","@id":285,"inputText":"3","labelStyle":15,"shape":null,"layoutText":null}],"mainLabel":285},"properties":{},"orientationAtVertex":"FREE","reference":null}],"properties":{},"reference":null}],"properties":{"id":"7c58150ff78211493e3ab82fe93a7be2","type":"socket"},"reference":null},{"@id":286,"shape":{"type":"rect","xposition":"NaN","yposition":"NaN","width":"NaN","height":"NaN","shapeStyle":2},"labelManager":{"labels":[{"type":"textLabel","@id":287,"inputText":"Leonard","labelStyle":4,"shape":null,"layoutText":null}],"mainLabel":287},"portCompositions":[{"type":"port","@id":288,"shape":{"type":"rect","xposition":"NaN","yposition":"NaN","width":"NaN","height":"NaN","shapeStyle":2},"labelManager":{"labels":[{"type":"textLabel","@id":289,"inputText":"1","labelStyle":4,"shape":null,"layoutText":null}],"mainLabel":289},"properties":{"id":"84f3a10594c94b7840abf7bf1bc10540"},"orientationAtVertex":"FREE","reference":null}],"properties":{"id":"fcc1faae6f9dcdd3d3fddfb2a8476d10","type":"splice"},"reference":null},{"@id":290,"shape":{"type":"rect","xposition":"NaN","yposition":"NaN","width":"NaN","height":"NaN","shapeStyle":2},"labelManager":{"labels":[{"type":"textLabel","@id":291,"inputText":"Anton","labelStyle":4,"shape":null,"layoutText":null}],"mainLabel":291},"portCompositions":[{"type":"port","@id":292,"shape":{"type":"rect","xposition":"NaN","yposition":"NaN","width":"NaN","height":"NaN","shapeStyle":2},"labelManager":{"labels":[{"type":"textLabel","@id":293,"inputText":"1","labelStyle":4,"shape":null,"layoutText":null}],"mainLabel":293},"properties":{"id":"7bc8bfc37d1e765bf1db29876aa17556"},"orientationAtVertex":"FREE","reference":null}],"properties":{"id":"49fdb4c6b3042741108fad5e43c0922f","type":"splice"},"reference":null},{"@id":294,"shape":{"type":"rect","xposition":"NaN","yposition":"NaN","width":"NaN","height":"NaN","shapeStyle":2},"labelManager":{"labels":[{"type":"textLabel","@id":295,"inputText":"Jakob","labelStyle":4,"shape":null,"layoutText":null}],"mainLabel":295},"portCompositions":[{"type":"port","@id":296,"shape":{"type":"rect","xposition":"NaN","yposition":"NaN","width":"NaN","height":"NaN","shapeStyle":2},"labelManager":{"labels":[{"type":"textLabel","@id":297,"inputText":"1","labelStyle":4,"shape":null,"layoutText":null}],"mainLabel":297},"properties":{"id":"6a26b98bcd9bb75a671f0912dfd35340"},"orientationAtVertex":"FREE","reference":null}],"properties":{"id":"777e8e96aaf2ba67d440888206a225fd","type":"splice"},"reference":null},{"@id":298,"shape":null,"labelManager":{"labels":[{"type":"textLabel","@id":299,"inputText":"Johannes","labelStyle":15,"shape":null,"layoutText":null}],"mainLabel":299},"portCompositions":[{"type":"portGroup","@id":300,"ordered":false,"portCompositions":[{"type":"port","@id":301,"shape":{"type":"rect","xposition":"NaN","yposition":"NaN","width":"NaN","height":"NaN","shapeStyle":13},"labelManager":{"labels":[{"type":"textLabel","@id":302,"inputText":"1","labelStyle":15,"shape":null,"layoutText":null}],"mainLabel":302},"properties":{},"orientationAtVertex":"FREE","reference":null}],"properties":{},"reference":null}],"properties":{},"reference":null},{"@id":303,"shape":null,"labelManager":{"labels":[{"type":"textLabel","@id":304,"inputText":"Daniel","labelStyle":15,"shape":null,"layoutText":null}],"mainLabel":304},"portCompositions":[{"type":"portGroup","@id":305,"ordered":false,"portCompositions":[{"type":"port","@id":306,"shape":{"type":"rect","xposition":"NaN","yposition":"NaN","width":"NaN","height":"NaN","shapeStyle":13},"labelManager":{"labels":[{"type":"textLabel","@id":307,"inputText":"5","labelStyle":15,"shape":null,"layoutText":null}],"mainLabel":307},"properties":{},"orientationAtVertex":"FREE","reference":null}],"properties":{},"reference":null}],"properties":{},"reference":null},{"@id":308,"shape":null,"labelManager":{"labels":[{"type":"textLabel","@id":309,"inputText":"Theo","labelStyle":15,"shape":null,"layoutText":null}],"mainLabel":309},"portCompositions":[{"type":"portGroup","@id":310,"ordered":false,"portCompositions":[{"type":"port","@id":311,"shape":{"type":"rect","xposition":"NaN","yposition":"NaN","width":"NaN","height":"NaN","shapeStyle":13},"labelManager":{"labels":[{"type":"textLabel","@id":312,"inputText":"2","labelStyle":15,"shape":null,"layoutText":null}],"mainLabel":312},"properties":{},"orientationAtVertex":"FREE","reference":null}],"properties":{},"reference":null}],"properties":{},"reference":null},{"@id":313,"shape":null,"labelManager":{"labels":[{"type":"textLabel","@id":314,"inputText":"Tom","labelStyle":15,"shape":null,"layoutText":null}],"mainLabel":314},"portCompositions":[{"type":"portGroup","@id":315,"ordered":false,"portCompositions":[{"type":"port","@id":316,"shape":{"type":"rect","xposition":"NaN","yposition":"NaN","width":"NaN","height":"NaN","shapeStyle":13},"labelManager":{"labels":[{"type":"textLabel","@id":317,"inputText":"1","labelStyle":15,"shape":null,"layoutText":null}],"mainLabel":317},"properties":{},"orientationAtVertex":"FREE","reference":null},{"type":"port","@id":318,"shape":{"type":"rect","xposition":"NaN","yposition":"NaN","width":"NaN","height":"NaN","shapeStyle":13},"labelManager":{"labels":[{"type":"textLabel","@id":319,"inputText":"4","labelStyle":15,"shape":null,"layoutText":null}],"mainLabel":319},"properties":{},"orientationAtVertex":"FREE","reference":null}],"properties":{},"reference":null}],"properties":{},"reference":null},{"@id":320,"shape":null,"labelManager":{"labels":[{"type":"textLabel","@id":321,"inputText":"Leo","labelStyle":15,"shape":null,"layoutText":null}],"mainLabel":321},"portCompositions":[{"type":"portGroup","@id":322,"ordered":false,"portCompositions":[{"type":"port","@id":323,"shape":{"type":"rect","xposition":"NaN","yposition":"NaN","width":"NaN","height":"NaN","shapeStyle":13},"labelManager":{"labels":[{"type":"textLabel","@id":324,"inputText":"6","labelStyle":15,"shape":null,"layoutText":null}],"mainLabel":324},"properties":{},"orientationAtVertex":"FREE","reference":null}],"properties":{},"reference":null}],"properties":{},"reference":null},{"@id":325,"shape":null,"labelManager":{"labels":[{"type":"textLabel","@id":326,"inputText":"Luis","labelStyle":15,"shape":null,"layoutText":null}],"mainLabel":326},"portCompositions":[{"type":"portGroup","@id":327,"ordered":false,"portCompositions":[{"type":"port","@id":328,"shape":{"type":"rect","xposition":"NaN","yposition":"NaN","width":"NaN","height":"NaN","shapeStyle":13},"labelManager":{"labels":[{"type":"textLabel","@id":329,"inputText":"3","labelStyle":15,"shape":null,"layoutText":null}],"mainLabel":329},"properties":{},"orientationAtVertex":"FREE","reference":null}],"properties":{},"reference":null}],"properties":{},"reference":null},{"@id":330,"shape":null,"labelManager":{"labels":[{"type":"textLabel","@id":331,"inputText":"Philipp","labelStyle":15,"shape":null,"layoutText":null}],"mainLabel":331},"portCompositions":[{"type":"portGroup","@id":332,"ordered":false,"portCompositions":[{"type":"port","@id":333,"shape":{"type":"rect","xposition":"NaN","yposition":"NaN","width":"NaN","height":"NaN","shapeStyle":13},"labelManager":{"labels":[{"type":"textLabel","@id":334,"inputText":"5","labelStyle":15,"shape":null,"layoutText":null}],"mainLabel":334},"properties":{},"orientationAtVertex":"FREE","reference":null},{"type":"port","@id":335,"shape":{"type":"rect","xposition":"NaN","yposition":"NaN","width":"NaN","height":"NaN","shapeStyle":13},"labelManager":{"labels":[{"type":"textLabel","@id":336,"inputText":"4","labelStyle":15,"shape":null,"layoutText":null}],"mainLabel":336},"properties":{},"orientationAtVertex":"FREE","reference":null}],"properties":{},"reference":null}],"properties":{},"reference":null},{"@id":337,"shape":null,"labelManager":{"labels":[{"type":"textLabel","@id":338,"inputText":"Henry","labelStyle":15,"shape":null,"layoutText":null}],"mainLabel":338},"portCompositions":[{"type":"portGroup","@id":339,"ordered":false,"portCompositions":[{"type":"port","@id":340,"shape":{"type":"rect","xposition":"NaN","yposition":"NaN","width":"NaN","height":"NaN","shapeStyle":13},"labelManager":{"labels":[{"type":"textLabel","@id":341,"inputText":"5","labelStyle":15,"shape":null,"layoutText":null}],"mainLabel":341},"properties":{},"orientationAtVertex":"FREE","reference":null},{"type":"port","@id":342,"shape":{"type":"rect","xposition":"NaN","yposition":"NaN","width":"NaN","height":"NaN","shapeStyle":13},"labelManager":{"labels":[{"type":"textLabel","@id":343,"inputText":"1","labelStyle":15,"shape":null,"layoutText":null}],"mainLabel":343},"properties":{},"orientationAtVertex":"FREE","reference":null}],"properties":{},"reference":null}],"properties":{},"reference":null}],"vertexGroups":[{"@id":344,"drawnFrame":false,"labelManager":{"labels":[],"mainLabel":null},"shape":null,"containedVertices":[1,20,303,325],"containedVertexGroups":[],"touchingPairs":[{"vertex0":1,"horizontalPlacementVertex0":"FREE","verticalPlacementVertex0":"TOP","vertex1":20,"horizontalPlacementVertex1":"FREE","verticalPlacementVertex1":"FREE"},{"vertex0":1,"horizontalPlacementVertex0":"FREE","verticalPlacementVertex0":"FREE","vertex1":303,"horizontalPlacementVertex1":"FREE","verticalPlacementVertex1":"FREE"},{"vertex0":1,"horizontalPlacementVertex0":"FREE","verticalPlacementVertex0":"FREE","vertex1":325,"horizontalPlacementVertex1":"FREE","verticalPlacementVertex1":"FREE"}],"portPairings":[{"port0":8,"port1":25},{"port0":6,"port1":23},{"port0":10,"port1":27},{"port0":12,"port1":306},{"port0":16,"port1":328}],"properties":{},"reference":null},{"@id":345,"drawnFrame":false,"labelManager":{"labels":[],"mainLabel":null},"shape":null,"containedVertices":[29,44,308,337],"containedVertexGroups":[],"touchingPairs":[{"vertex0":29,"horizontalPlacementVertex0":"FREE","verticalPlacementVertex0":"TOP","vertex1":44,"horizontalPlacementVertex1":"FREE","verticalPlacementVertex1":"FREE"},{"vertex0":29,"horizontalPlacementVertex0":"FREE","verticalPlacementVertex0":"FREE","vertex1":308,"horizontalPlacementVertex1":"FREE","verticalPlacementVertex1":"FREE"},{"vertex0":29,"horizontalPlacementVertex0":"FREE","verticalPlacementVertex0":"FREE","vertex1":337,"horizontalPlacementVertex1":"FREE","verticalPlacementVertex1":"FREE"}],"portPairings":[{"port0":34,"port1":49},{"port0":36,"port1":51},{"port0":32,"port1":47},{"port0":38,"port1":311},{"port0":40,"port1":340},{"port0":42,"port1":342}],"properties":{},"reference":null},{"@id":346,"drawnFrame":false,"labelManager":{"labels":[],"mainLabel":null},"shape":null,"containedVertices":[57,74],"containedVertexGroups":[],"touchingPairs":[{"vertex0":57,"horizontalPlacementVertex0":"FREE","verticalPlacementVertex0":"TOP","vertex1":74,"horizontalPlacementVertex1":"FREE","verticalPlacementVertex1":"FREE"}],"portPairings":[{"port0":62,"port1":79},{"port0":60,"port1":77},{"port0":81,"port1":64},{"port0":83,"port1":66},{"port0":85,"port1":68},{"port0":87,"port1":70},{"port0":89,"port1":72}],"properties":{},"reference":null},{"@id":347,"drawnFrame":false,"labelManager":{"labels":[],"mainLabel":null},"shape":null,"containedVertices":[95,110],"containedVertexGroups":[],"touchingPairs":[{"vertex0":95,"horizontalPlacementVertex0":"FREE","verticalPlacementVertex0":"TOP","vertex1":110,"horizontalPlacementVertex1":"FREE","verticalPlacementVertex1":"FREE"}],"portPairings":[{"port0":98,"port1":113},{"port0":100,"port1":115},{"port0":102,"port1":117},{"port0":104,"port1":119},{"port0":106,"port1":121},{"port0":108,"port1":123}],"properties":{},"reference":null},{"@id":348,"drawnFrame":false,"labelManager":{"labels":[],"mainLabel":null},"shape":null,"containedVertices":[129,150],"containedVertexGroups":[],"touchingPairs":[{"vertex0":129,"horizontalPlacementVertex0":"FREE","verticalPlacementVertex0":"TOP","vertex1":150,"horizontalPlacementVertex1":"FREE","verticalPlacementVertex1":"FREE"}],"portPairings":[{"port0":136,"port1":157},{"port0":138,"port1":159},{"port0":132,"port1":153},{"port0":134,"port1":155},{"port0":140,"port1":161},{"port0":142,"port1":163},{"port0":144,"port1":165},{"port0":146,"port1":167},{"port0":148,"port1":169}],"properties":{},"reference":null},{"@id":349,"drawnFrame":false,"labelManager":{"labels":[],"mainLabel":null},"shape":null,"containedVertices":[175,192],"containedVertexGroups":[],"touchingPairs":[{"vertex0":175,"horizontalPlacementVertex0":"FREE","verticalPlacementVertex0":"TOP","vertex1":192,"horizontalPlacementVertex1":"FREE","verticalPlacementVertex1":"FREE"}],"portPairings":[{"port0":178,"port1":195},{"port0":180,"port1":197},{"port0":182,"port1":199},{"port0":184,"port1":201},{"port0":186,"port1":203},{"port0":188,"port1":205},{"port0":190,"port1":207}],"properties":{},"reference":null},{"@id":350,"drawnFrame":false,"labelManager":{"labels":[],"mainLabel":null},"shape":null,"containedVertices":[209,222],"containedVertexGroups":[],"touchingPairs":[{"vertex0":209,"horizontalPlacementVertex0":"FREE","verticalPlacementVertex0":"TOP","vertex1":222,"horizontalPlacementVertex1":"FREE","verticalPlacementVertex1":"FREE"}],"portPairings":[{"port0":212,"port1":225},{"port0":214,"port1":227},{"port0":216,"port1":229},{"port0":218,"port1":231},{"port0":220,"port1":233}],"properties":{},"reference":null},{"@id":351,"drawnFrame":false,"labelManager":{"labels":[],"mainLabel":null},"shape":null,"containedVertices":[241,253,313],"containedVertexGroups":[],"touchingPairs":[{"vertex0":241,"horizontalPlacementVertex0":"FREE","verticalPlacementVertex0":"TOP","vertex1":253,"horizontalPlacementVertex1":"FREE","verticalPlacementVertex1":"FREE"},{"vertex0":241,"horizontalPlacementVertex0":"FREE","verticalPlacementVertex0":"FREE","vertex1":313,"horizontalPlacementVertex1":"FREE","verticalPlacementVertex1":"FREE"}],"portPairings":[{"port0":244,"port1":256},{"port0":246,"port1":316},{"port0":248,"port1":258},{"port0":250,"port1":318}],"properties":{},"reference":null},{"@id":352,"drawnFrame":false,"labelManager":{"labels":[],"mainLabel":null},"shape":null,"containedVertices":[260,277,320,330],"containedVertexGroups":[],"touchingPairs":[{"vertex0":260,"horizontalPlacementVertex0":"FREE","verticalPlacementVertex0":"TOP","vertex1":277,"horizontalPlacementVertex1":"FREE","verticalPlacementVertex1":"FREE"},{"vertex0":260,"horizontalPlacementVertex0":"FREE","verticalPlacementVertex0":"FREE","vertex1":320,"horizontalPlacementVertex1":"FREE","verticalPlacementVertex1":"FREE"},{"vertex0":260,"horizontalPlacementVertex0":"FREE","verticalPlacementVertex0":"FREE","vertex1":330,"horizontalPlacementVertex1":"FREE","verticalPlacementVertex1":"FREE"}],"portPairings":[{"port0":264,"port1":280},{"port0":266,"port1":323},{"port0":268,"port1":333},{"port0":270,"port1":282},{"port0":272,"port1":284},{"port0":274,"port1":335}],"properties":{},"reference":null}],"edges":[{"@id":353,"ports":[49,98],"labelManager":{"innerLabels":[{"type":"textLabel","@id":354,"inputText":"Levi","labelStyle":4,"shape":null,"layoutText":null}],"allPortLabels":[],"mainLabel":354},"pathStyle":{"@id":355,"description":"default path style","thickness":-1.0,"color":{"argb":"ff000000"}},"paths":[],"properties":{"id":"bf79cb6efa23a5a3e97b9e39ad9b9d44"},"reference":null},{"@id":356,"ports":[153,296,157],"labelManager":{"innerLabels":[{"type":"textLabel","@id":357,"inputText":"Nick","labelStyle":4,"shape":null,"layoutText":null}],"allPortLabels":[],"mainLabel":357},"pathStyle":355,"paths":[],"properties":{"id":"9fd3dcf464f1e67a4f62900ce8fb86f1"},"reference":null},{"@id":358,"ports":[55,136],"labelManager":{"innerLabels":[{"type":"textLabel","@id":359,"inputText":"Jasper","labelStyle":4,"shape":null,"layoutText":null}],"allPortLabels":[],"mainLabel":359},"pathStyle":355,"paths":[],"properties":{"id":"f61bc5a6cba45c70ace837da2140692f"},"reference":null},{"@id":360,"ports":[256,195],"labelManager":{"innerLabels":[{"type":"textLabel","@id":361,"inputText":"Konstantin","labelStyle":4,"shape":null,"layoutText":null}],"allPortLabels":[],"mainLabel":361},"pathStyle":355,"paths":[],"properties":{"id":"35b28462555d73ce29c507c025eb6fb2"},"reference":null},{"@id":362,"ports":[127,159,212],"labelManager":{"innerLabels":[{"type":"textLabel","@id":363,"inputText":"Emilio","labelStyle":4,"shape":null,"layoutText":null}],"allPortLabels":[],"mainLabel":363},"pathStyle":355,"paths":[],"properties":{"id":"9abe41d244fe6fbaaa25d215faacc1a3"},"reference":null},{"@id":364,"ports":[27,173],"labelManager":{"innerLabels":[{"type":"textLabel","@id":365,"inputText":"Nils","labelStyle":4,"shape":null,"layoutText":null}],"allPortLabels":[],"mainLabel":365},"pathStyle":355,"paths":[],"properties":{"id":"4b951249e1bfb3d6579af2863d3c634c"},"reference":null},{"@id":366,"ports":[180,280],"labelManager":{"innerLabels":[{"type":"textLabel","@id":367,"inputText":"Adrian","labelStyle":4,"shape":null,"layoutText":null}],"allPortLabels":[],"mainLabel":367},"pathStyle":355,"paths":[],"properties":{"id":"bd385ac296396e932194074b871e2c81"},"reference":null},{"@id":368,"ports":[173,23],"labelManager":{"innerLabels":[{"type":"textLabel","@id":369,"inputText":"Tobias","labelStyle":4,"shape":null,"layoutText":null}],"allPortLabels":[],"mainLabel":369},"pathStyle":355,"paths":[],"properties":{"id":"bed191e9bf86c22d80455ece6213a867"},"reference":null},{"@id":370,"ports":[93,25],"labelManager":{"innerLabels":[{"type":"textLabel","@id":371,"inputText":"Fabian","labelStyle":4,"shape":null,"layoutText":null}],"allPortLabels":[],"mainLabel":371},"pathStyle":355,"paths":[],"properties":{"id":"d3ec8bd938285a4a60b8dfc2fa82d437"},"reference":null},{"@id":372,"ports":[288,115],"labelManager":{"innerLabels":[{"type":"textLabel","@id":373,"inputText":"Yusuf","labelStyle":15,"shape":null,"layoutText":null}],"allPortLabels":[],"mainLabel":373},"pathStyle":{"@id":374,"description":"default path style","thickness":-1.0,"color":{"argb":"ff000000"}},"paths":[],"properties":{},"reference":null},{"@id":375,"ports":[301,239],"labelManager":{"innerLabels":[{"type":"textLabel","@id":376,"inputText":"Robin","labelStyle":15,"shape":null,"layoutText":null}],"allPortLabels":[],"mainLabel":376},"pathStyle":374,"paths":[],"properties":{},"reference":null},{"@id":377,"ports":[201,72],"labelManager":{"innerLabels":[{"type":"textLabel","@id":378,"inputText":"Jonah","labelStyle":15,"shape":null,"layoutText":null}],"allPortLabels":[],"mainLabel":378},"pathStyle":374,"paths":[],"properties":{},"reference":null},{"@id":379,"ports":[292,216],"labelManager":{"innerLabels":[{"type":"textLabel","@id":380,"inputText":"Aaron","labelStyle":15,"shape":null,"layoutText":null}],"allPortLabels":[],"mainLabel":380},"pathStyle":374,"paths":[],"properties":{},"reference":null},{"@id":381,"ports":[306,161],"labelManager":{"innerLabels":[{"type":"textLabel","@id":382,"inputText":"Maxim","labelStyle":15,"shape":null,"layoutText":null}],"allPortLabels":[],"mainLabel":382},"pathStyle":374,"paths":[],"properties":{},"reference":null},{"@id":383,"ports":[328,205],"labelManager":{"innerLabels":[{"type":"textLabel","@id":384,"inputText":"Joel","labelStyle":15,"shape":null,"layoutText":null}],"allPortLabels":[],"mainLabel":384},"pathStyle":374,"paths":[],"properties":{},"reference":null},{"@id":385,"ports":[301,117],"labelManager":{"innerLabels":[{"type":"textLabel","@id":386,"inputText":"Joshua","labelStyle":15,"shape":null,"layoutText":null}],"allPortLabels":[],"mainLabel":386},"pathStyle":374,"paths":[],"properties":{},"reference":null},{"@id":387,"ports":[104,233],"labelManager":{"innerLabels":[{"type":"textLabel","@id":388,"inputText":"Mika","labelStyle":15,"shape":null,"layoutText":null}],"allPortLabels":[],"mainLabel":388},"pathStyle":374,"paths":[],"properties":{},"reference":null},{"@id":389,"ports":[169,163,218],"labelManager":{"innerLabels":[{"type":"textLabel","@id":390,"inputText":"Emir","labelStyle":15,"shape":null,"layoutText":null}],"allPortLabels":[],"mainLabel":390},"pathStyle":374,"paths":[],"properties":{},"reference":null},{"@id":391,"ports":[227,102],"labelManager":{"innerLabels":[{"type":"textLabel","@id":392,"inputText":"Yusuf","labelStyle":15,"shape":null,"layoutText":null}],"allPortLabels":[],"mainLabel":392},"pathStyle":374,"paths":[],"properties":{},"reference":null},{"@id":393,"ports":[108,235],"labelManager":{"innerLabels":[{"type":"textLabel","@id":394,"inputText":"Benedikt","labelStyle":15,"shape":null,"layoutText":null}],"allPortLabels":[],"mainLabel":394},"pathStyle":374,"paths":[],"properties":{},"reference":null},{"@id":395,"ports":[207,60],"labelManager":{"innerLabels":[{"type":"textLabel","@id":396,"inputText":"Friedrich","labelStyle":15,"shape":null,"layoutText":null}],"allPortLabels":[],"mainLabel":396},"pathStyle":374,"paths":[],"properties":{},"reference":null},{"@id":397,"ports":[106,225],"labelManager":{"innerLabels":[{"type":"textLabel","@id":398,"inputText":"Constantin","labelStyle":15,"shape":null,"layoutText":null}],"allPortLabels":[],"mainLabel":398},"pathStyle":374,"paths":[],"properties":{},"reference":null},{"@id":399,"ports":[203,70],"labelManager":{"innerLabels":[{"type":"textLabel","@id":400,"inputText":"Fabian","labelStyle":15,"shape":null,"layoutText":null}],"allPortLabels":[],"mainLabel":400},"pathStyle":374,"paths":[],"properties":{},"reference":null},{"@id":401,"ports":[113,258],"labelManager":{"innerLabels":[{"type":"textLabel","@id":402,"inputText":"Raphael","labelStyle":15,"shape":null,"layoutText":null}],"allPortLabels":[],"mainLabel":402},"pathStyle":374,"paths":[],"properties":{},"reference":null},{"@id":403,"ports":[184,199],"labelManager":{"innerLabels":[{"type":"textLabel","@id":404,"inputText":"Matteo","labelStyle":15,"shape":null,"layoutText":null}],"allPortLabels":[],"mainLabel":404},"pathStyle":374,"paths":[],"properties":{},"reference":null},{"@id":405,"ports":[218,165],"labelManager":{"innerLabels":[{"type":"textLabel","@id":406,"inputText":"Constantin","labelStyle":15,"shape":null,"layoutText":null}],"allPortLabels":[],"mainLabel":406},"pathStyle":374,"paths":[],"properties":{},"reference":null},{"@id":407,"ports":[165,342],"labelManager":{"innerLabels":[{"type":"textLabel","@id":408,"inputText":"Jasper","labelStyle":15,"shape":null,"layoutText":null}],"allPortLabels":[],"mainLabel":408},"pathStyle":374,"paths":[],"properties":{},"reference":null},{"@id":409,"ports":[282,70],"labelManager":{"innerLabels":[{"type":"textLabel","@id":410,"inputText":"Jonah","labelStyle":15,"shape":null,"layoutText":null}],"allPortLabels":[],"mainLabel":410},"pathStyle":374,"paths":[],"properties":{},"reference":null},{"@id":411,"ports":[188,197],"labelManager":{"innerLabels":[{"type":"textLabel","@id":412,"inputText":"Michael","labelStyle":15,"shape":null,"layoutText":null}],"allPortLabels":[],"mainLabel":412},"pathStyle":374,"paths":[],"properties":{},"reference":null},{"@id":413,"ports":[186,146],"labelManager":{"innerLabels":[{"type":"textLabel","@id":414,"inputText":"Nils","labelStyle":15,"shape":null,"layoutText":null}],"allPortLabels":[],"mainLabel":414},"pathStyle":374,"paths":[],"properties":{},"reference":null},{"@id":415,"ports":[284,68],"labelManager":{"innerLabels":[{"type":"textLabel","@id":416,"inputText":"Matthias","labelStyle":15,"shape":null,"layoutText":null}],"allPortLabels":[],"mainLabel":416},"pathStyle":374,"paths":[],"properties":{},"reference":null},{"@id":417,"ports":[100,214],"labelManager":{"innerLabels":[{"type":"textLabel","@id":418,"inputText":"Aaron","labelStyle":15,"shape":null,"layoutText":null}],"allPortLabels":[],"mainLabel":418},"pathStyle":374,"paths":[],"properties":{},"reference":null},{"@id":419,"ports":[167,184],"labelManager":{"innerLabels":[{"type":"textLabel","@id":420,"inputText":"Robin","labelStyle":15,"shape":null,"layoutText":null}],"allPortLabels":[],"mainLabel":420},"pathStyle":374,"paths":[],"properties":{},"reference":null},{"@id":421,"ports":[182,138],"labelManager":{"innerLabels":[{"type":"textLabel","@id":422,"inputText":"Florian","labelStyle":15,"shape":null,"layoutText":null}],"allPortLabels":[],"mainLabel":422},"pathStyle":374,"paths":[],"properties":{},"reference":null},{"@id":423,"ports":[144,311],"labelManager":{"innerLabels":[{"type":"textLabel","@id":424,"inputText":"Aaron","labelStyle":15,"shape":null,"layoutText":null}],"allPortLabels":[],"mainLabel":424},"pathStyle":374,"paths":[],"properties":{},"reference":null},{"@id":425,"ports":[66,316],"labelManager":{"innerLabels":[{"type":"textLabel","@id":426,"inputText":"Emir","labelStyle":15,"shape":null,"layoutText":null}],"allPortLabels":[],"mainLabel":426},"pathStyle":374,"paths":[],"properties":{},"reference":null},{"@id":427,"ports":[106,231],"labelManager":{"innerLabels":[{"type":"textLabel","@id":428,"inputText":"Yusuf","labelStyle":15,"shape":null,"layoutText":null}],"allPortLabels":[],"mainLabel":428},"pathStyle":374,"paths":[],"properties":{},"reference":null},{"@id":429,"ports":[134,51],"labelManager":{"innerLabels":[{"type":"textLabel","@id":430,"inputText":"Raphael","labelStyle":15,"shape":null,"layoutText":null}],"allPortLabels":[],"mainLabel":430},"pathStyle":374,"paths":[],"properties":{},"reference":null},{"@id":431,"ports":[190,142],"labelManager":{"innerLabels":[{"type":"textLabel","@id":432,"inputText":"Matthias","labelStyle":15,"shape":null,"layoutText":null}],"allPortLabels":[],"mainLabel":432},"pathStyle":374,"paths":[],"properties":{},"reference":null},{"@id":433,"ports":[227,47],"labelManager":{"innerLabels":[{"type":"textLabel","@id":434,"inputText":"Frederik","labelStyle":15,"shape":null,"layoutText":null}],"allPortLabels":[],"mainLabel":434},"pathStyle":374,"paths":[],"properties":{},"reference":null},{"@id":435,"ports":[123,70],"labelManager":{"innerLabels":[{"type":"textLabel","@id":436,"inputText":"Emir","labelStyle":15,"shape":null,"layoutText":null}],"allPortLabels":[],"mainLabel":436},"pathStyle":374,"paths":[],"properties":{},"reference":null},{"@id":437,"ports":[51,140],"labelManager":{"innerLabels":[{"type":"textLabel","@id":438,"inputText":"Carl","labelStyle":15,"shape":null,"layoutText":null}],"allPortLabels":[],"mainLabel":438},"pathStyle":374,"paths":[],"properties":{},"reference":null},{"@id":439,"ports":[323,199],"labelManager":{"innerLabels":[{"type":"textLabel","@id":440,"inputText":"Valentin","labelStyle":15,"shape":null,"layoutText":null}],"allPortLabels":[],"mainLabel":440},"pathStyle":374,"paths":[],"properties":{},"reference":null},{"@id":441,"ports":[62,148],"labelManager":{"innerLabels":[{"type":"textLabel","@id":442,"inputText":"Robin","labelStyle":15,"shape":null,"layoutText":null}],"allPortLabels":[],"mainLabel":442},"pathStyle":374,"paths":[],"properties":{},"reference":null},{"@id":443,"ports":[64,119],"labelManager":{"innerLabels":[{"type":"textLabel","@id":444,"inputText":"Can","labelStyle":15,"shape":null,"layoutText":null}],"allPortLabels":[],"mainLabel":444},"pathStyle":374,"paths":[],"properties":{},"reference":null},{"@id":445,"ports":[218,132],"labelManager":{"innerLabels":[{"type":"textLabel","@id":446,"inputText":"Christian","labelStyle":15,"shape":null,"layoutText":null}],"allPortLabels":[],"mainLabel":446},"pathStyle":374,"paths":[],"properties":{},"reference":null}],"edgeBundles":[]}