{"vertices":[{"@id":1,"shape":{"type":"rect","xposition":"NaN","yposition":"NaN","width":"NaN","height":"NaN","shapeStyle":{"@id":2,"description":"default shape style","color":{"argb":"ff000000"}}},"labelManager":{"labels":[{"type":"textLabel","@id":3,"inputText":"Daniel","labelStyle":{"@id":4,"description":"default text label style","font":{"fontName":"SansSerif","style":0,"size":10},"noBreak":false,"color":{"argb":"ff000000"},"showLabel":true,"placement":"FREE","horizontalPlacement":"FREE","verticalPlacement":"FREE"},"shape":null,"layoutText":null}],"mainLabel":3},"portCompositions":[{"type":"port","@id":5,"shape":{"type":"rect","xposition":"NaN","yposition":"NaN","width":"NaN","height":"NaN","shapeStyle":2},"labelManager":{"labels":[{"type":"textLabel","@id":6,"inputText":"1","labelStyle":4,"shape":null,"layoutText":null}],"mainLabel":6},"properties":{"id":"06df039c1f207f77147454b13bb5aa42"},"orientationAtVertex":"FREE","reference":null}],"properties":{"id":"fba8b2d7e65e0617027c95480e562334","type":"splice"},"reference":null},{"@id":7,"shape":{"type":"rect","xposition":"NaN","yposition":"NaN","width":"NaN","height":"NaN","shapeStyle":2},"labelManager":{"labels":[{"type":"textLabel","@id":8,"inputText":"Emil","labelStyle":4,"shape":null,"layoutText":null}],"mainLabel":8},"portCompositions":[{"type":"portGroup","@id":9,"ordered":false,"portCompositions":[{"type":"port","@id":10,"shape":{"type":"rect","xposition":"NaN","yposition":"NaN","width":"NaN","height":"NaN","shapeStyle":2},"labelManager":{"labels":[{"type":"textLabel","@id":11,"inputText":"1","labelStyle":4,"shape":null,"layoutText":null}],"mainLabel":11},"properties":{"id":"f3aba8c262e40dff905afef2b236853c"},"orientationAtVertex":"FREE","reference":null}],"properties":{},"reference":null}],"properties":{"id":"7886088db03597efbadbe6e58db06a70","type":"device"},"reference":null},{"@id":12,"shape":{"type":"rect","xposition":"NaN","yposition":"NaN","width":"NaN","height":"NaN","shapeStyle":2},"labelManager":{"labels":[{"type":"textLabel","@id":13,"inputText":"Max","labelStyle":4,"shape":null,"layoutText":null}],"mainLabel":13},"portCompositions":[{"type":"portGroup","@id":14,"ordered":false,"portCompositions":[{"type":"port","@id":15,"shape":{"type":"rect","xposition":"NaN","yposition":"NaN","width":"NaN","height":"NaN","shapeStyle":2},"labelManager":{"labels":[{"type":"textLabel","@id":16,"inputText":"1","labelStyle":4,"shape":null,"layoutText":null}],"mainLabel":16},"properties":{"id":"71f66acc81ad247cb05ca2103671dce5"},"orientationAtVertex":"FREE","reference":null}],"properties":{},"reference":null}],"properties":{"id":"2cdd6b04a6b72c609f29183d3a201979","type":"socket"},"reference":null},{"@id":17,"shape":{"type":"rect","xposition":"NaN","yposition":"NaN","width":"NaN","height":"NaN","shapeStyle":2},"labelManager":{"labels":[{"type":"textLabel","@id":18,"inputText":"Julius","labelStyle":4,"shape":null,"layoutText":null}],"mainLabel":18},"portCompositions":[{"type":"port","@id":19,"shape":{"type":"rect","xposition":"NaN","yposition":"NaN","width":"NaN","height":"NaN","shapeStyle":2},"labelManager":{"labels":[{"type":"textLabel","@id":20,"inputText":"1","labelStyle":4,"shape":null,"layoutText":null}],"mainLabel":20},"properties":{"id":"85c80574f54f9263fa7cd4f6e93b5bc1"},"orientationAtVertex":"FREE","reference":null}],"properties":{"id":"ee9161551668715b8912f5e12e68237f","type":"splice"},"reference":null},{"@id":21,"shape":{"type":"rect","xposition":"NaN","yposition":"NaN","width":"NaN","height":"NaN","shapeStyle":2},"labelManager":{"labels":[{"type":"textLabel","@id":22,"inputText":"Johannes","labelStyle":4,"shape":null,"layoutText":null}],"mainLabel":22},"portCompositions":[{"type":"portGroup","@id":23,"ordered":false,"portCompositions":[{"type":"port","@id":24,"shape":{"type":"rect","xposition":"NaN","yposition":"NaN","width":"NaN","height":"NaN","shapeStyle":2},"labelManager":{"labels":[{"type":"textLabel","@id":25,"inputText":"1","labelStyle":4,"shape":null,"layoutText":null}],"mainLabel":25},"properties":{"id":"6a48d6aa25462f6680b190d528622be1"},"orientationAtVertex":"FREE","reference":null}],"properties":{},"reference":null}],"properties":{"id":"44e543011f0bf686c03aeda9ecc76388","type":"device"},"reference":null},{"@id":26,"shape":{"type":"rect","xposition":"NaN","yposition":"NaN","width":"NaN","height":"NaN","shapeStyle":2},"labelManager":{"labels":[{"type":"textLabel","@id":27,"inputText":"Tom","labelStyle":4,"shape":null,"layoutText":null}],"mainLabel":27},"portCompositions":[{"type":"portGroup","@id":28,"ordered":false,"portCompositions":[{"type":"port","@id":29,"shape":{"type":"rect","xposition":"NaN","yposition":"NaN","width":"NaN","height":"NaN","shapeStyle":2},"labelManager":{"labels":[{"type":"textLabel","@id":30,"inputText":"1","labelStyle":4,"shape":null,"layoutText":null}],"mainLabel":30},"properties":{"id":"01737b4e7d5a2cd99f6a6d1e0505bbd3"},"orientationAtVertex":"FREE","reference":null}],"properties":{},"reference":null}],"properties":{"id":"828ab278aef6551583ad43b4fab680b1","type":"socket"},"reference":null},{"@id":31,"shape":{"type":"rect","xposition":"NaN","yposition":"NaN","width":"NaN","height":"NaN","shapeStyle":2},"labelManager":{"labels":[{"type":"textLabel","@id":32,"inputText":"Elias","labelStyle":4,"shape":null,"layoutText":null}],"mainLabel":32},"portCompositions":[{"type":"portGroup","@id":33,"ordered":false,"portCompositions":[{"type":"port","@id":34,"shape":{"type":"rect","xposition":"NaN","yposition":"NaN","width":"NaN","height":"NaN","shapeStyle":2},"labelManager":{"labels":[{"type":"textLabel","@id":35,"inputText":"1","labelStyle":4,"shape":null,"layoutText":null}],"mainLabel":35},"properties":{"id":"b00cc507253cc1ab2c8999b5aaf96f16"},"orientationAtVertex":"FREE","reference":null}],"properties":{},"reference":null}],"properties":{"id":"6e2741fb133b830e077e539b2b36094b","type":"device"},"reference":null},{"@id":36,"shape":{"type":"rect","xposition":"NaN","yposition":"NaN","width":"NaN","height":"NaN","shapeStyle":2},"labelManager":{"labels":[{"type":"textLabel","@id":37,"inputText":"Leon","labelStyle":4,"shape":null,"layoutText":null}],"mainLabel":37},"portCompositions":[{"type":"portGroup","@id":38,"ordered":false,"portCompositions":[{"type":"port","@id":39,"shape":{"type":"rect","xposition":"NaN","yposition":"NaN","width":"NaN","height":"NaN","shapeStyle":2},"labelManager":{"labels":[{"type":"textLabel","@id":40,"inputText":"1","labelStyle":4,"shape":null,"layoutText":null}],"mainLabel":40},"properties":{"id":"000764ca1fd1df0c149d98a6fd3f331f"},"orientationAtVertex":"FREE","reference":null}],"properties":{},"reference":null}],"properties":{"id":"dc71813cddfeb1cbe799b4e28d2b1caa","type":"socket"},"reference":null},{"@id":41,"shape":{"type":"rect","xposition":"NaN","yposition":"NaN","width":"NaN","height":"NaN","shapeStyle":2},"labelManager":{"labels":[{"type":"textLabel","@id":42,"inputText":"Louis","labelStyle":4,"shape":null,"layoutText":null}],"mainLabel":42},"portCompositions":[{"type":"portGroup","@id":43,"ordered":false,"portCompositions":[{"type":"port","@id":44,"shape":{"type":"rect","xposition":"NaN","yposition":"NaN","width":"NaN","height":"NaN","shapeStyle":2},"labelManager":{"labels":[{"type":"textLabel","@id":45,"inputText":"1","labelStyle":4,"shape":null,"layoutText":null}],"mainLabel":45},"properties":{"id":"c25b149d49ced2c15b3ce6f5d6ff16b5"},"orientationAtVertex":"FREE","reference":null}],"properties":{},"reference":null}],"properties":{"id":"83bd92fc9a725ea52af4041bc259c404","type":"device"},"reference":null},{"@id":46,"shape":{"type":"rect","xposition":"NaN","yposition":"NaN","width":"NaN","height":"NaN","shapeStyle":2},"labelManager":{"labels":[{"type":"textLabel","@id":47,"inputText":"Jakob","labelStyle":4,"shape":null,"layoutText":null}],"mainLabel":47},"portCompositions":[{"type":"portGroup","@id":48,"ordered":false,"portCompositions":[{"type":"port","@id":49,"shape":{"type":"rect","xposition":"NaN","yposition":"NaN","width":"NaN","height":"NaN","shapeStyle":2},"labelManager":{"labels":[{"type":"textLabel","@id":50,"inputText":"1","labelStyle":4,"shape":null,"layoutText":null}],"mainLabel":50},"properties":{"id":"1e1bf46ef48b84d521d1e254f22bf82d"},"orientationAtVertex":"FREE","reference":null}],"properties":{},"reference":null}],"properties":{"id":"1c3f25a02029adcdd3e90e06b39b66b6","type":"socket"},"reference":null},{"@id":51,"shape":{"type":"rect","xposition":"NaN","yposition":"NaN","width":"NaN","height":"NaN","shapeStyle":2},"labelManager":{"labels":[{"type":"textLabel","@id":52,"inputText":"Alexander","labelStyle":4,"shape":null,"layoutText":null}],"mainLabel":52},"portCompositions":[{"type":"portGroup","@id":53,"ordered":false,"portCompositions":[{"type":"port","@id":54,"shape":{"type":"rect","xposition":"NaN","yposition":"NaN","width":"NaN","height":"NaN","shapeStyle":2},"labelManager":{"labels":[{"type":"textLabel","@id":55,"inputText":"1","labelStyle":4,"shape":null,"layoutText":null}],"mainLabel":55},"properties":{"id":"2dbefaa98f42ad92a8f3cd1e17380d06"},"orientationAtVertex":"FREE","reference":null}],"properties":{},"reference":null}],"properties":{"id":"1233713dd2d8ad531fb71e9a8682a95a","type":"device"},"reference":null},{"@id":56,"shape":{"type":"rect","xposition":"NaN","yposition":"NaN","width":"NaN","height":"NaN","shapeStyle":2},"labelManager":{"labels":[{"type":"textLabel","@id":57,"inputText":"Leonard","labelStyle":4,"shape":null,"layoutText":null}],"mainLabel":57},"portCompositions":[{"type":"portGroup","@id":58,"ordered":false,"portCompositions":[{"type":"port","@id":59,"shape":{"type":"rect","xposition":"NaN","yposition":"NaN","width":"NaN","height":"NaN","shapeStyle":2},"labelManager":{"labels":[{"type":"textLabel","@id":60,"inputText":"1","labelStyle":4,"shape":null,"layoutText":null}],"mainLabel":60},"properties":{"id":"54d42731c84316cce7c9227e55a05865"},"orientationAtVertex":"FREE","reference":null}],"properties":{},"reference":null}],"properties":{"id":"306f8b34561adfd5eae1823daa5d0768","type":"socket"},"reference":null},{"@id":61,"shape":{"type":"rect","xposition":"NaN","yposition":"NaN","width":"NaN","height":"NaN","shapeStyle":2},"labelManager":{"labels":[{"type":"textLabel","@id":62,"inputText":"Luis","labelStyle":4,"shape":null,"layoutText":null}],"mainLabel":62},"portCompositions":[{"type":"portGroup","@id":63,"ordered":false,"portCompositions":[{"type":"port","@id":64,"shape":{"type":"rect","xposition":"NaN","yposition":"NaN","width":"NaN","height":"NaN","shapeStyle":2},"labelManager":{"labels":[{"type":"textLabel","@id":65,"inputText":"1","labelStyle":4,"shape":null,"layoutText":null}],"mainLabel":65},"properties":{"id":"c2f03fc2320712f02ca78dd8de4b67fc"},"orientationAtVertex":"FREE","reference":null}],"properties":{},"reference":null}],"properties":{"id":"99d57b58485e2611927c72f7bc3c5e8b","type":"device"},"reference":null},{"@id":66,"shape":{"type":"rect","xposition":"NaN","yposition":"NaN","width":"NaN","height":"NaN","shapeStyle":2},"labelManager":{"labels":[{"type":"textLabel","@id":67,"inputText":"Anton","labelStyle":4,"shape":null,"layoutText":null}],"mainLabel":67},"portCompositions":[{"type":"portGroup","@id":68,"ordered":false,"portCompositions":[{"type":"port","@id":69,"shape":{"type":"rect","xposition":"NaN","yposition":"NaN","width":"NaN","height":"NaN","shapeStyle":2},"labelManager":{"labels":[{"type":"textLabel","@id":70,"inputText":"1","labelStyle":4,"shape":null,"layoutText":null}],"mainLabel":70},"properties":{"id":"956d8b77a2458a57feeb9ca80c1eb6c9"},"orientationAtVertex":"FREE","reference":null}],"properties":{},"reference":null}],"properties":{"id":"7b9b51d971e58f5c54bf433836fa07ef","type":"socket"},"reference":null},{"@id":71,"shape":{"type":"rect","xposition":"NaN","yposition":"NaN","width":"NaN","height":"NaN","shapeStyle":2},"labelManager":{"labels":[{"type":"textLabel","@id":72,"inputText":"Gabriel","labelStyle":4,"shape":null,"layoutText":null}],"mainLabel":72},"portCompositions":[{"type":"port","@id":73,"shape":{"type":"rect","xposition":"NaN","yposition":"NaN","width":"NaN","height":"NaN","shapeStyle":2},"labelManager":{"labels":[{"type":"textLabel","@id":74,"inputText":"1","labelStyle":4,"shape":null,"layoutText":null}],"mainLabel":74},"properties":{"id":"cd975772e4a2d0ae6ca1f95d6b4082f6"},"orientationAtVertex":"FREE","reference":null}],"properties":{"id":"caef21b21e08da710816fd614c3837ce","type":"splice"},"reference":null},{"@id":75,"shape":{"type":"rect","xposition":"NaN","yposition":"NaN","width":"NaN","height":"NaN","shapeStyle":2},"labelManager":{"labels":[{"type":"textLabel","@id":76,"inputText":"Johann","labelStyle":4,"shape":null,"layoutText":null}],"mainLabel":76},"portCompositions":[{"type":"portGroup","@id":77,"ordered":false,"portCompositions":[{"type":"port","@id":78,"shape":{"type":"rect","xposition":"NaN","yposition":"NaN","width":"NaN","height":"NaN","shapeStyle":2},"labelManager":{"labels":[{"type":"textLabel","@id":79,"inputText":"1","labelStyle":4,"shape":null,"layoutText":null}],"mainLabel":79},"properties":{"id":"51dfe12b58324dd64c06ecf52a0ffda7"},"orientationAtVertex":"FREE","reference":null}],"properties":{},"reference":null}],"properties":{"id":"93fc62088ef1a01238c5972ff9ab52a9","type":"device"},"reference":null},{"@id":80,"shape":{"type":"rect","xposition":"NaN","yposition":"NaN","width":"NaN","height":"NaN","shapeStyle":2},"labelManager":{"labels":[{"type":"textLabel","@id":81,"inputText":"Jan","labelStyle":4,"shape":null,"layoutText":null}],"mainLabel":81},"portCompositions":[{"type":"portGroup","@id":82,"ordered":false,"portCompositions":[{"type":"port","@id":83,"shape":{"type":"rect","xposition":"NaN","yposition":"NaN","width":"NaN","height":"NaN","shapeStyle":2},"labelManager":{"labels":[{"type":"textLabel","@id":84,"inputText":"1","labelStyle":4,"shape":null,"layoutText":null}],"mainLabel":84},"properties":{"id":"e1e5dd00a46a2f47128b6874abf17bb9"},"orientationAtVertex":"FREE","reference":null}],"properties":{},"reference":null}],"properties":{"id":"fe4d573e28329e282246548b9068d1ff","type":"socket"},"reference":null},{"@id":85,"shape":{"type":"rect","xposition":"NaN","yposition":"NaN","width":"NaN","height":"NaN","shapeStyle":2},"labelManager":{"labels":[{"type":"textLabel","@id":86,"inputText":"Henry","labelStyle":4,"shape":null,"layoutText":null}],"mainLabel":86},"portCompositions":[{"type":"port","@id":87,"shape":{"type":"rect","xposition":"NaN","yposition":"NaN","width":"NaN","height":"NaN","shapeStyle":2},"labelManager":{"labels":[{"type":"textLabel","@id":88,"inputText":"1","labelStyle":4,"shape":null,"layoutText":null}],"mainLabel":88},"properties":{"id":"940fdfd9918d367b73ee59b71b2d1e36"},"orientationAtVertex":"FREE","reference":null}],"properties":{"id":"63d94b0e52cf6d75e824a5e51edaa3d7","type":"splice"},"reference":null},{"@id":89,"shape":{"type":"rect","xposition":"NaN","yposition":"NaN","width":"NaN","height":"NaN","shapeStyle":2},"labelManager":{"labels":[{"type":"textLabel","@id":90,"inputText":"Leo","labelStyle":4,"shape":null,"layoutText":null}],"mainLabel":90},"portCompositions":[{"type":"portGroup","@id":91,"ordered":false,"portCompositions":[{"type":"port","@id":92,"shape":{"type":"rect","xposition":"NaN","yposition":"NaN","width":"NaN","height":"NaN","shapeStyle":2},"labelManager":{"labels":[{"type":"textLabel","@id":93,"inputText":"1","labelStyle":4,"shape":null,"layoutText":null}],"mainLabel":93},"properties":{"id":"6993559d458d47ce520af3f2984a94d0"},"orientationAtVertex":"FREE","reference":null}],"properties":{},"reference":null}],"properties":{"id":"faef9537242501cedd49589d40348d93","type":"device"},"reference":null},{"@id":94,"shape":{"type":"rect","xposition":"NaN","yposition":"NaN","width":"NaN","height":"NaN","shapeStyle":2},"labelManager":{"labels":[{"type":"textLabel","@id":95,"inputText":"Samuel","labelStyle":4,"shape":null,"layoutText":null}],"mainLabel":95},"portCompositions":[{"type":"portGroup","@id":96,"ordered":false,"portCompositions":[{"type":"port","@id":97,"shape":{"type":"rect","xposition":"NaN","yposition":"NaN","width":"NaN","height":"NaN","shapeStyle":2},"labelManager":{"labels":[{"type":"textLabel","@id":98,"inputText":"1","labelStyle":4,"shape":null,"layoutText":null}],"mainLabel":98},"properties":{"id":"c33dc518b64a2de166ff49ff3ee25b3d"},"orientationAtVertex":"FREE","reference":null}],"properties":{},"reference":null}],"properties":{"id":"a7718d8b54a5e6035645e34158f5007f","type":"socket"},"reference":null},{"@id":99,"shape":{"type":"rect","xposition":"NaN","yposition":"NaN","width":"NaN","height":"NaN","shapeStyle":2},"labelManager":{"labels":[{"type":"textLabel","@id":100,"inputText":"Jonathan","labelStyle":4,"shape":null,"layoutText":null}],"mainLabel":100},"portCompositions":[{"type":"portGroup","@id":101,"ordered":false,"portCompositions":[{"type":"port","@id":102,"shape":{"type":"rect","xposition":"NaN","yposition":"NaN","width":"NaN","height":"NaN","shapeStyle":2},"labelManager":{"labels":[{"type":"textLabel","@id":103,"inputText":"1","labelStyle":4,"shape":null,"layoutText":null}],"mainLabel":103},"properties":{"id":"05e5886e38a132e39f02649d745ac39f"},"orientationAtVertex":"FREE","reference":null}],"properties":{},"reference":null}],"properties":{"id":"35e39e97e2d9003a17d952bc2d8a67bb","type":"plug"},"reference":null},{"@id":104,"shape":{"type":"rect","xposition":"NaN","yposition":"NaN","width":"NaN","height":"NaN","shapeStyle":2},"labelManager":{"labels":[{"type":"textLabel","@id":105,"inputText":"Julian","labelStyle":4,"shape":null,"layoutText":null}],"mainLabel":105},"portCompositions":[{"type":"portGroup","@id":106,"ordered":false,"portCompositions":[{"type":"port","@id":107,"shape":{"type":"rect","xposition":"NaN","yposition":"NaN","width":"NaN","height":"NaN","shapeStyle":2},"labelManager":{"labels":[{"type":"textLabel","@id":108,"inputText":"1","labelStyle":4,"shape":null,"layoutText":null}],"mainLabel":108},"properties":{"id":"e3ebaf91b6e6645ca83aa8900ee065a4"},"orientationAtVertex":"FREE","reference":null}],"properties":{},"reference":null}],"properties":{"id":"bc259a2f680b94badd5889143cce71c7","type":"plug"},"reference":null},{"@id":109,"shape":{"type":"rect","xposition":"NaN","yposition":"NaN","width":"NaN","height":"NaN","shapeStyle":2},"labelManager":{"labels":[{"type":"textLabel","@id":110,"inputText":"Ali","labelStyle":4,"shape":null,"layoutText":null}],"mainLabel":110},"portCompositions":[{"type":"port","@id":111,"shape":{"type":"rect","xposition":"NaN","yposition":"NaN","width":"NaN","height":"NaN","shapeStyle":2},"labelManager":{"labels":[{"type":"textLabel","@id":112,"inputText":"1","labelStyle":4,"shape":null,"layoutText":null}],"mainLabel":112},"properties":{"id":"eed99ad162f24a1a91e0f2e27755cba0"},"orientationAtVertex":"FREE","reference":null}],"properties":{"id":"9ce763e9516ae25593bde9448cbef076","type":"splice"},"reference":null},{"@id":113,"shape":{"type":"rect","xposition":"NaN","yposition":"NaN","width":"NaN","height":"NaN","shapeStyle":2},"labelManager":{"labels":[{"type":"textLabel","@id":114,"inputText":"Benjamin","labelStyle":4,"shape":null,"layoutText":null}],"mainLabel":114},"portCompositions":[{"type":"portGroup","@id":115,"ordered":false,"portCompositions":[{"type":"port","@id":116,"shape":{"type":"rect","xposition":"NaN","yposition":"NaN","width":"NaN","height":"NaN","shapeStyle":2},"labelManager":{"labels":[{"type":"textLabel","@id":117,"inputText":"1","labelStyle":4,"shape":null,"layoutText":null}],"mainLabel":117},"properties":{"id":"31b2f2208e803a8df5c1560886e01266"},"orientationAtVertex":"FREE","reference":null}],"properties":{},"reference":null}],"properties":{"id":"a7a826a36420b27c55d27a0bdea4b114","type":"device"},"reference":null},{"@id":118,"shape":{"type":"rect","xposition":"NaN","yposition":"NaN","width":"NaN","height":"NaN","shapeStyle":2},"labelManager":{"labels":[{"type":"textLabel","@id":119,"inputText":"Oskar","labelStyle":4,"shape":null,"layoutText":null}],"mainLabel":119},"portCompositions":[{"type":"portGroup","@id":120,"ordered":false,"portCompositions":[{"type":"port","@id":121,"shape":{"type":"rect","xposition":"NaN","yposition":"NaN","width":"NaN","height":"NaN","shapeStyle":2},"labelManager":{"labels":[{"type":"textLabel","@id":122,"inputText":"1","labelStyle":4,"shape":null,"layoutText":null}],"mainLabel":122},"properties":{"id":"818d29542a39d0c2a6719657eb6cbc05"},"orientationAtVertex":"FREE","reference":null}],"properties":{},"reference":null}],"properties":{"id":"5ac69e61d90400f4b584f946e4ae52c1","type":"socket"},"reference":null},{"@id":123,"shape":{"type":"rect","xposition":"NaN","yposition":"NaN","width":"NaN","height":"NaN","shapeStyle":2},"labelManager":{"labels":[{"type":"textLabel","@id":124,"inputText":"Paul","labelStyle":4,"shape":null,"layoutText":null}],"mainLabel":124},"portCompositions":[{"type":"portGroup","@id":125,"ordered":false,"portCompositions":[{"type":"port","@id":126,"shape":{"type":"rect","xposition":"NaN","yposition":"NaN","width":"NaN","height":"NaN","shapeStyle":2},"labelManager":{"labels":[{"type":"textLabel","@id":127,"inputText":"1","labelStyle":4,"shape":null,"layoutText":null}],"mainLabel":127},"properties":{"id":"ef35c8e3dffc627f62250813cde307e9"},"orientationAtVertex":"FREE","reference":null}],"properties":{},"reference":null}],"properties":{"id":"8450468ddab44900383a4b2e6e8b5c54","type":"device"},"reference":null},{"@id":128,"shape":{"type":"rect","xposition":"NaN","yposition":"NaN","width":"NaN","height":"NaN","shapeStyle":2},"labelManager":{"labels":[{"type":"textLabel","@id":129,"inputText":"Jonas","labelStyle":4,"shape":null,"layoutText":null}],"mainLabel":129},"portCompositions":[{"type":"portGroup","@id":130,"ordered":false,"portCompositions":[{"type":"port","@id":131,"shape":{"type":"rect","xposition":"NaN","yposition":"NaN","width":"NaN","height":"NaN","shapeStyle":2},"labelManager":{"labels":[{"type":"textLabel","@id":132,"inputText":"1","labelStyle":4,"shape":null,"layoutText":null}],"mainLabel":132},"properties":{"id":"181b26b2fa9f2f6e574a06897506dbd0"},"orientationAtVertex":"FREE","reference":null}],"properties":{},"reference":null}],"properties":{"id":"431a9ce7fe285637696126f99fba4400","type":"socket"},"reference":null},{"@id":133,"shape":{"type":"rect","xposition":"NaN","yposition":"NaN","width":"NaN","height":"NaN","shapeStyle":2},"labelManager":{"labels":[{"type":"textLabel","@id":134,"inputText":"Vincent","labelStyle":4,"shape":null,"layoutText":null}],"mainLabel":134},"portCompositions":[{"type":"portGroup","@id":135,"ordered":false,"portCompositions":[{"type":"port","@id":136,"shape":{"type":"rect","xposition":"NaN","yposition":"NaN","width":"NaN","height":"NaN","shapeStyle":2},"labelManager":{"labels":[{"type":"textLabel","@id":137,"inputText":"1","labelStyle":4,"shape":null,"layoutText":null}],"mainLabel":137},"properties":{"id":"3906414a1afcd964a5a59ceb3d35e728"},"orientationAtVertex":"FREE","reference":null}],"properties":{},"reference":null}],"properties":{"id":"ee061335477d9b7aea6f8a0a6fc48434","type":"device"},"reference":null},{"@id":138,"shape":{"type":"rect","xposition":"NaN","yposition":"NaN","width":"NaN","height":"NaN","shapeStyle":2},"labelManager":{"labels":[{"type":"textLabel","@id":139,"inputText":"Tim","labelStyle":4,"shape":null,"layoutText":null}],"mainLabel":139},"portCompositions":[{"type":"portGroup","@id":140,"ordered":false,"portCompositions":[{"type":"port","@id":141,"shape":{"type":"rect","xposition":"NaN","yposition":"NaN","width":"NaN","height":"NaN","shapeStyle":2},"labelManager":{"labels":[{"type":"textLabel","@id":142,"inputText":"1","labelStyle":4,"shape":null,"layoutText":null}],"mainLabel":142},"properties":{"id":"b6511ad22c5a11bfe6580f692e9727c0"},"orientationAtVertex":"FREE","reference":null}],"properties":{},"reference":null}],"properties":{"id":"48e94761ba0d14985d81892afb39d9b4","type":"socket"},"reference":null},{"@id":143,"shape":{"type":"rect","xposition":"NaN","yposition":"NaN","width":"NaN","height":"NaN","shapeStyle":2},"labelManager":{"labels":[{"type":"textLabel","@id":144,"inputText":"Lukas","labelStyle":4,"shape":null,"layoutText":null}],"mainLabel":144},"portCompositions":[{"type":"portGroup","@id":145,"ordered":false,"portCompositions":[{"type":"port","@id":146,"shape":{"type":"rect","xposition":"NaN","yposition":"NaN","width":"NaN","height":"NaN","shapeStyle":2},"labelManager":{"labels":[{"type":"textLabel","@id":147,"inputText":"1","labelStyle":4,"shape":null,"layoutText":null}],"mainLabel":147},"properties":{"id":"a40c25037b6de739dcb37faf9e1c947e"},"orientationAtVertex":"FREE","reference":null}],"properties":{},"reference":null}],"properties":{"id":"3ca3a5c658a5b60c274e29c0df909da8","type":"device"},"reference":null},{"@id":148,"shape":{"type":"rect","xposition":"NaN","yposition":"NaN","width":"NaN","height":"NaN","shapeStyle":2},"labelManager":{"labels":[{"type":"textLabel","@id":149,"inputText":"Karl","labelStyle":4,"shape":null,"layoutText":null}],"mainLabel":149},"portCompositions":[{"type":"portGroup","@id":150,"ordered":false,"portCompositions":[{"type":"port","@id":151,"shape":{"type":"rect","xposition":"NaN","yposition":"NaN","width":"NaN","height":"NaN","shapeStyle":2},"labelManager":{"labels":[{"type":"textLabel","@id":152,"inputText":"1","labelStyle":4,"shape":null,"layoutText":null}],"mainLabel":152},"properties":{"id":"2cb1d72890ffd74b92a9ffb3e3a27d68"},"orientationAtVertex":"FREE","reference":null}],"properties":{},"reference":null}],"properties":{"id":"e46931993caf4f8853da7fa2156a0b88","type":"socket"},"reference":null},{"@id":153,"shape":{"type":"rect","xposition":"NaN","yposition":"NaN","width":"NaN","height":"NaN","shapeStyle":2},"labelManager":{"labels":[{"type":"textLabel","@id":154,"inputText":"Henri","labelStyle":4,"shape":null,"layoutText":null}],"mainLabel":154},"portCompositions":[{"type":"port","@id":155,"shape":{"type":"rect","xposition":"NaN","yposition":"NaN","width":"NaN","height":"NaN","shapeStyle":2},"labelManager":{"labels":[{"type":"textLabel","@id":156,"inputText":"1","labelStyle":4,"shape":null,"layoutText":null}],"mainLabel":156},"properties":{"id":"434cc7fe42e6ffbe8a1ced1c909e00f3"},"orientationAtVertex":"FREE","reference":null}],"properties":{"id":"d5dea2b9feada4d32dac1b253a709abf","type":"splice"},"reference":null},{"@id":157,"shape":{"type":"rect","xposition":"NaN","yposition":"NaN","width":"NaN","height":"NaN","shapeStyle":2},"labelManager":{"labels":[{"type":"textLabel","@id":158,"inputText":"Mats","labelStyle":4,"shape":null,"layoutText":null}],"mainLabel":158},"portCompositions":[{"type":"port","@id":159,"shape":{"type":"rect","xposition":"NaN","yposition":"NaN","width":"NaN","height":"NaN","shapeStyle":2},"labelManager":{"labels":[{"type":"textLabel","@id":160,"inputText":"1","labelStyle":4,"shape":null,"layoutText":null}],"mainLabel":160},"properties":{"id":"4693fb5495992dbbd2ffae0a70740012"},"orientationAtVertex":"FREE","reference":null}],"properties":{"id":"85195231a49dc132b46961665f7197e9","type":"splice"},"reference":null},{"@id":161,"shape":null,"labelManager":{"labels":[{"type":"textLabel","@id":162,"inputText":"Maximilian","labelStyle":{"@id":163,"description":"default text label style","font":{"fontName":"SansSerif","style":0,"size":10},"noBreak":false,"color":{"argb":"ff000000"},"showLabel":true,"placement":"FREE","horizontalPlacement":"FREE","verticalPlacement":"FREE"},"shape":null,"layoutText":null}],"mainLabel":162},"portCompositions":[{"type":"portGroup","@id":164,"ordered":false,"portCompositions":[{"type":"port","@id":165,"shape":{"type":"rect","xposition":"NaN","yposition":"NaN","width":"NaN","height":"NaN","shapeStyle":{"@id":166,"description":"default shape style","color":{"argb":"ff000000"}}},"labelManager":{"labels":[{"type":"textLabel","@id":167,"inputText":"1","labelStyle":163,"shape":null,"layoutText":null}],"mainLabel":167},"properties":{},"orientationAtVertex":"FREE","reference":null}],"properties":{},"reference":null}],"properties":{},"reference":null},{"@id":168,"shape":null,"labelManager":{"labels":[{"type":"textLabel","@id":169,"inputText":"Noah","labelStyle":163,"shape":null,"layoutText":null}],"mainLabel":169},"portCompositions":[{"type":"portGroup","@id":170,"ordered":false,"portCompositions":[{"type":"port","@id":171,"shape":{"type":"rect","xposition":"NaN","yposition":"NaN","width":"NaN","height":"NaN","shapeStyle":166},"labelManager":{"labels":[{"type":"textLabel","@id":172,"inputText":"1","labelStyle":163,"shape":null,"layoutText":null}],"mainLabel":172},"properties":{},"orientationAtVertex":"FREE","reference":null}],"properties":{},"reference":null}],"properties":{},"reference":null},{"@id":173,"shape":null,"labelManager":{"labels":[{"type":"textLabel","@id":174,"inputText":"Finn","labelStyle":163,"shape":null,"layoutText":null}],"mainLabel":174},"portCompositions":[{"type":"portGroup","@id":175,"ordered":false,"portCompositions":[{"type":"port","@id":176,"shape":{"type":"rect","xposition":"NaN","yposition":"NaN","width":"NaN","height":"NaN","shapeStyle":166},"labelManager":{"labels":[{"type":"textLabel","@id":177,"inputText":"1","labelStyle":163,"shape":null,"layoutText":null}],"mainLabel":177},"properties":{},"orientationAtVertex":"FREE","reference":null}],"properties":{},"reference":null}],"properties":{},"reference":null},{"@id":178,"shape":null,"labelManager":{"labels":[{"type":"textLabel","@id":179,"inputText":"Felix","labelStyle":163,"shape":null,"layoutText":null}],"mainLabel":179},"portCompositions":[{"type":"portGroup","@id":180,"ordered":false,"portCompositions":[{"type":"port","@id":181,"shape":{"type":"rect","xposition":"NaN","yposition":"NaN","width":"NaN","height":"NaN","shapeStyle":166},"labelManager":{"labels":[{"type":"textLabel","@id":182,"inputText":"1","labelStyle":163,"shape":null,"layoutText":null}],"mainLabel":182},"properties":{},"orientationAtVertex":"FREE","reference":null}],"properties":{},"reference":null}],"properties":{},"reference":null},{"@id":183,"shape":null,"labelManager":{"labels":[{"type":"textLabel","@id":184,"inputText":"Luca","labelStyle":163,"shape":null,"layoutText":null}],"mainLabel":184},"portCompositions":[{"type":"portGroup","@id":185,"ordered":false,"portCompositions":[{"type":"port","@id":186,"shape":{"type":"rect","xposition":"NaN","yposition":"NaN","width":"NaN","height":"NaN","shapeStyle":166},"labelManager":{"labels":[{"type":"textLabel","@id":187,"inputText":"1","labelStyle":163,"shape":null,"layoutText":null}],"mainLabel":187},"properties":{},"orientationAtVertex":"FREE","reference":null}],"properties":{},"reference":null}],"properties":{},"reference":null},{"@id":188,"shape":null,"labelManager":{"labels":[{"type":"textLabel","@id":189,"inputText":"David","labelStyle":163,"shape":null,"layoutText":null}],"mainLabel":189},"portCompositions":[{"type":"portGroup","@id":190,"ordered":false,"portCompositions":[{"type":"port","@id":191,"shape":{"type":"rect","xposition":"NaN","yposition":"NaN","width":"NaN","height":"NaN","shapeStyle":166},"labelManager":{"labels":[{"type":"textLabel","@id":192,"inputText":"1","labelStyle":163,"shape":null,"layoutText":null}],"mainLabel":192},"properties":{},"orientationAtVertex":"FREE","reference":null}],"properties":{},"reference":null}],"properties":{},"reference":null},{"@id":193,"shape":null,"labelManager":{"labels":[{"type":"textLabel","@id":194,"inputText":"Moritz","labelStyle":163,"shape":null,"layoutText":null}],"mainLabel":194},"portCompositions":[{"type":"portGroup","@id":195,"ordered":false,"portCompositions":[{"type":"port","@id":196,"shape":{"type":"rect","xposition":"NaN","yposition":"NaN","width":"NaN","height":"NaN","shapeStyle":166},"labelManager":{"labels":[{"type":"textLabel","@id":197,"inputText":"1","labelStyle":163,"shape":null,"layoutText":null}],"mainLabel":197},"properties":{},"orientationAtVertex":"FREE","reference":null}],"properties":{},"reference":null}],"properties":{},"reference":null},{"@id":198,"shape":null,"labelManager":{"labels":[{"type":"textLabel","@id":199,"inputText":"Philipp","labelStyle":163,"shape":null,"layoutText":null}],"mainLabel":199},"portCompositions":[{"type":"portGroup","@id":200,"ordered":false,"portCompositions":[{"type":"port","@id":201,"shape":{"type":"rect","xposition":"NaN","yposition":"NaN","width":"NaN","height":"NaN","shapeStyle":166},"labelManager":{"labels":[{"type":"textLabel","@id":202,"inputText":"1","labelStyle":163,"shape":null,"layoutText":null}],"mainLabel":202},"properties":{},"orientationAtVertex":"FREE","reference":null}],"properties":{},"reference":null}],"properties":{},"reference":null},{"@id":203,"shape":null,"labelManager":{"labels":[{"type":"textLabel","@id":204,"inputText":"Niklas","labelStyle":163,"shape":null,"layoutText":null}],"mainLabel":204},"portCompositions":[{"type":"portGroup","@id":205,"ordered":false,"portCompositions":[{"type":"port","@id":206,"shape":{"type":"rect","xposition":"NaN","yposition":"NaN","width":"NaN","height":"NaN","shapeStyle":166},"labelManager":{"labels":[{"type":"textLabel","@id":207,"inputText":"1","labelStyle":163,"shape":null,"layoutText":null}],"mainLabel":207},"properties":{},"orientationAtVertex":"FREE","reference":null}],"properties":{},"reference":null}],"properties":{},"reference":null},{"@id":208,"shape":null,"labelManager":{"labels":[{"type":"textLabel","@id":209,"inputText":"Ben","labelStyle":163,"shape":null,"layoutText":null}],"mainLabel":209},"portCompositions":[{"type":"portGroup","@id":210,"ordered":false,"portCompositions":[{"type":"port","@id":211,"shape":{"type":"rect","xposition":"NaN","yposition":"NaN","width":"NaN","height":"NaN","shapeStyle":166},"labelManager":{"labels":[{"type":"textLabel","@id":212,"inputText":"1","labelStyle":163,"shape":null,"layoutText":null}],"mainLabel":212},"properties":{},"orientationAtVertex":"FREE","reference":null}],"properties":{},"reference":null}],"properties":{},"reference":null},{"@id":213,"shape":null,"labelManager":{"labels":[{"type":"textLabel","@id":214,"inputText":"Elias","labelStyle":163,"shape":null,"layoutText":null}],"mainLabel":214},"portCompositions":[{"type":"portGroup","@id":215,"ordered":false,"portCompositions":[{"type":"port","@id":216,"shape":{"type":"rect","xposition":"NaN","yposition":"NaN","width":"NaN","height":"NaN","shapeStyle":166},"labelManager":{"labels":[{"type":"textLabel","@id":217,"inputText":"1","labelStyle":163,"shape":null,"layoutText":null}],"mainLabel":217},"properties":{},"orientationAtVertex":"FREE","reference":null}],"properties":{},"reference":null}],"properties":{},"reference":null},{"@id":218,"shape":null,"labelManager":{"labels":[{"type":"textLabel","@id":219,"inputText":"Luis","labelStyle":163,"shape":null,"layoutText":null}],"mainLabel":219},"portCompositions":[{"type":"portGroup","@id":220,"ordered":false,"portCompositions":[{"type":"port","@id":221,"shape":{"type":"rect","xposition":"NaN","yposition":"NaN","width":"NaN","height":"NaN","shapeStyle":166},"labelManager":{"labels":[{"type":"textLabel","@id":222,"inputText":"1","labelStyle":163,"shape":null,"layoutText":null}],"mainLabel":222},"properties":{},"orientationAtVertex":"FREE","reference":null}],"properties":{},"reference":null}],"properties":{},"reference":null},{"@id":223,"shape":null,"labelManager":{"labels":[{"type":"textLabel","@id":224,"inputText":"Daniel","labelStyle":163,"shape":null,"layoutText":null}],"mainLabel":224},"portCompositions":[{"type":"portGroup","@id":225,"ordered":false,"portCompositions":[{"type":"port","@id":226,"shape":{"type":"rect","xposition":"NaN","yposition":"NaN","width":"NaN","height":"NaN","shapeStyle":166},"labelManager":{"labels":[{"type":"textLabel","@id":227,"inputText":"1","labelStyle":163,"shape":null,"layoutText":null}],"mainLabel":227},"properties":{},"orientationAtVertex":"FREE","reference":null}],"properties":{},"reference":null}],"properties":{},"reference":null},{"@id":228,"shape":null,"labelManager":{"labels":[{"type":"textLabel","@id":229,"inputText":"Gabriel","labelStyle":163,"shape":null,"layoutText":null}],"mainLabel":229},"portCompositions":[{"type":"portGroup","@id":230,"ordered":false,"portCompositions":[{"type":"port","@id":231,"shape":{"type":"rect","xposition":"NaN","yposition":"NaN","width":"NaN","height":"NaN","shapeStyle":166},"labelManager":{"labels":[{"type":"textLabel","@id":232,"inputText":"1","labelStyle":163,"shape":null,"layoutText":null}],"mainLabel":232},"properties":{},"orientationAtVertex":"FREE","reference":null}],"properties":{},"reference":null}],"properties":{},"reference":null},{"@id":233,"shape":null,"labelManager":{"labels":[{"type":"textLabel","@id":234,"inputText":"Maximilian","labelStyle":163,"shape":null,"layoutText":null}],"mainLabel":234},"portCompositions":[{"type":"portGroup","@id":235,"ordered":false,"portCompositions":[{"type":"port","@id":236,"shape":{"type":"rect","xposition":"NaN","yposition":"NaN","width":"NaN","height":"NaN","shapeStyle":166},"labelManager":{"labels":[{"type":"textLabel","@id":237,"inputText":"1","labelStyle":163,"shape":null,"layoutText":null}],"mainLabel":237},"properties":{},"orientationAtVertex":"FREE","reference":null}],"properties":{},"reference":null}],"properties":{},"reference":null},{"@id":238,"shape":null,"labelManager":{"labels":[{"type":"textLabel","@id":239,"inputText":"Tom","labelStyle":163,"shape":null,"layoutText":null}],"mainLabel":239},"portCompositions":[{"type":"portGroup","@id":240,"ordered":false,"portCompositions":[{"type":"port","@id":241,"shape":{"type":"rect","xposition":"NaN","yposition":"NaN","width":"NaN","height":"NaN","shapeStyle":166},"labelManager":{"labels":[{"type":"textLabel","@id":242,"inputText":"1","labelStyle":163,"shape":null,"layoutText":null}],"mainLabel":242},"properties":{},"orientationAtVertex":"FREE","reference":null}],"properties":{},"reference":null}],"properties":{},"reference":null},{"@id":243,"shape":null,"labelManager":{"labels":[{"type":"textLabel","@id":244,"inputText":"Vincent","labelStyle":163,"shape":null,"layoutText":null}],"mainLabel":244},"portCompositions":[{"type":"portGroup","@id":245,"ordered":false,"portCompositions":[{"type":"port","@id":246,"shape":{"type":"rect","xposition":"NaN","yposition":"NaN","width":"NaN","height":"NaN","shapeStyle":166},"labelManager":{"labels":[{"type":"textLabel","@id":247,"inputText":"1","labelStyle":163,"shape":null,"layoutText":null}],"mainLabel":247},"properties":{},"orientationAtVertex":"FREE","reference":null}],"properties":{},"reference":null}],"properties":{},"reference":null},{"@id":248,"shape":null,"labelManager":{"labels":[{"type":"textLabel","@id":249,"inputText":"Jan","labelStyle":163,"shape":null,"layoutText":null}],"mainLabel":249},"portCompositions":[{"type":"portGroup","@id":250,"ordered":false,"portCompositions":[{"type":"port","@id":251,"shape":{"type":"rect","xposition":"NaN","yposition":"NaN","width":"NaN","height":"NaN","shapeStyle":166},"labelManager":{"labels":[{"type":"textLabel","@id":252,"inputText":"1","labelStyle":163,"shape":null,"layoutText":null}],"mainLabel":252},"properties":{},"orientationAtVertex":"FREE","reference":null}],"properties":{},"reference":null}],"properties":{},"reference":null},{"@id":253,"shape":null,"labelManager":{"labels":[{"type":"textLabel","@id":254,"inputText":"Noah","labelStyle":163,"shape":null,"layoutText":null}],"mainLabel":254},"portCompositions":[{"type":"portGroup","@id":255,"ordered":false,"portCompositions":[{"type":"port","@id":256,"shape":{"type":"rect","xposition":"NaN","yposition":"NaN","width":"NaN","height":"NaN","shapeStyle":166},"labelManager":{"labels":[{"type":"textLabel","@id":257,"inputText":"1","labelStyle":163,"shape":null,"layoutText":null}],"mainLabel":257},"properties":{},"orientationAtVertex":"FREE","reference":null}],"properties":{},"reference":null}],"properties":{},"reference":null},{"@id":258,"shape":null,"labelManager":{"labels":[{"type":"textLabel","@id":259,"inputText":"Paul","labelStyle":163,"shape":null,"layoutText":null}],"mainLabel":259},"portCompositions":[{"type":"portGroup","@id":260,"ordered":false,"portCompositions":[{"type":"port","@id":261,"shape":{"type":"rect","xposition":"NaN","yposition":"NaN","width":"NaN","height":"NaN","shapeStyle":166},"labelManager":{"labels":[{"type":"textLabel","@id":262,"inputText":"1","labelStyle":163,"shape":null,"layoutText":null}],"mainLabel":262},"properties":{},"orientationAtVertex":"FREE","reference":null}],"properties":{},"reference":null}],"properties":{},"reference":null}],"vertexGroups":[{"@id":263,"drawnFrame":false,"labelManager":{"labels":[],"mainLabel":null},"shape":null,"containedVertices":[7,12],"containedVertexGroups":[],"touchingPairs":[{"vertex0":7,"horizontalPlacementVertex0":"FREE","verticalPlacementVertex0":"TOP","vertex1":12,"horizontalPlacementVertex1":"FREE","verticalPlacementVertex1":"FREE"}],"portPairings":[{"port0":10,"port1":15}],"properties":{},"reference":null},{"@id":264,"drawnFrame":false,"labelManager":{"labels":[],"mainLabel":null},"shape":null,"containedVertices":[21,26],"containedVertexGroups":[],"touchingPairs":[{"vertex0":21,"horizontalPlacementVertex0":"FREE","verticalPlacementVertex0":"TOP","vertex1":26,"horizontalPlacementVertex1":"FREE","verticalPlacementVertex1":"FREE"}],"portPairings":[{"port0":24,"port1":29}],"properties":{},"reference":null},{"@id":265,"drawnFrame":false,"labelManager":{"labels":[],"mainLabel":null},"shape":null,"containedVertices":[31,36],"containedVertexGroups":[],"touchingPairs":[{"vertex0":31,"horizontalPlacementVertex0":"FREE","verticalPlacementVertex0":"TOP","vertex1":36,"horizontalPlacementVertex1":"FREE","verticalPlacementVertex1":"FREE"}],"portPairings":[{"port0":34,"port1":39}],"properties":{},"reference":null},{"@id":266,"drawnFrame":false,"labelManager":{"labels":[],"mainLabel":null},"shape":null,"containedVertices":[41,46],"containedVertexGroups":[],"touchingPairs":[{"vertex0":41,"horizontalPlacementVertex0":"FREE","verticalPlacementVertex0":"TOP","vertex1":46,"horizontalPlacementVertex1":"FREE","verticalPlacementVertex1":"FREE"}],"portPairings":[{"port0":44,"port1":49}],"properties":{},"reference":null},{"@id":267,"drawnFrame":false,"labelManager":{"labels":[],"mainLabel":null},"shape":null,"containedVertices":[51,56],"containedVertexGroups":[],"touchingPairs":[{"vertex0":51,"horizontalPlacementVertex0":"FREE","verticalPlacementVertex0":"TOP","vertex1":56,"horizontalPlacementVertex1":"FREE","verticalPlacementVertex1":"FREE"}],"portPairings":[{"port0":54,"port1":59}],"properties":{},"reference":null},{"@id":268,"drawnFrame":false,"labelManager":{"labels":[],"mainLabel":null},"shape":null,"containedVertices":[61,66],"containedVertexGroups":[],"touchingPairs":[{"vertex0":61,"horizontalPlacementVertex0":"FREE","verticalPlacementVertex0":"TOP","vertex1":66,"horizontalPlacementVertex1":"FREE","verticalPlacementVertex1":"FREE"}],"portPairings":[{"port0":64,"port1":69}],"properties":{},"reference":null},{"@id":269,"drawnFrame":false,"labelManager":{"labels":[],"mainLabel":null},"shape":null,"containedVertices":[75,80],"containedVertexGroups":[],"touchingPairs":[{"vertex0":75,"horizontalPlacementVertex0":"FREE","verticalPlacementVertex0":"TOP","vertex1":80,"horizontalPlacementVertex1":"FREE","verticalPlacementVertex1":"FREE"}],"portPairings":[{"port0":78,"port1":83}],"properties":{},"reference":null},{"@id":270,"drawnFrame":false,"labelManager":{"labels":[],"mainLabel":null},"shape":null,"containedVertices":[89,94],"containedVertexGroups":[],"touchingPairs":[{"vertex0":89,"horizontalPlacementVertex0":"FREE","verticalPlacementVertex0":"TOP","vertex1":94,"horizontalPlacementVertex1":"FREE","verticalPlacementVertex1":"FREE"}],"portPairings":[{"port0":92,"port1":97}],"properties":{},"reference":null},{"@id":271,"drawnFrame":false,"labelManager":{"labels":[],"mainLabel":null},"shape":null,"containedVertices":[99,104],"containedVertexGroups":[],"touchingPairs":[{"vertex0":99,"horizontalPlacementVertex0":"FREE","verticalPlacementVertex0":"TOP","vertex1":104,"horizontalPlacementVertex1":"FREE","verticalPlacementVertex1":"FREE"}],"portPairings":[{"port0":102,"port1":107}],"properties":{},"reference":null},{"@id":272,"drawnFrame":false,"labelManager":{"labels":[],"mainLabel":null},"shape":null,"containedVertices":[113,118],"containedVertexGroups":[],"touchingPairs":[{"vertex0":113,"horizontalPlacementVertex0":"FREE","verticalPlacementVertex0":"TOP","vertex1":118,"horizontalPlacementVertex1":"FREE","verticalPlacementVertex1":"FREE"}],"portPairings":[{"port0":116,"port1":121}],"properties":{},"reference":null},{"@id":273,"drawnFrame":false,"labelManager":{"labels":[],"mainLabel":null},"shape":null,"containedVertices":[123,128],"containedVertexGroups":[],"touchingPairs":[{"vertex0":123,"horizontalPlacementVertex0":"FREE","verticalPlacementVertex0":"TOP","vertex1":128,"horizontalPlacementVertex1":"FREE","verticalPlacementVertex1":"FREE"}],"portPairings":[{"port0":126,"port1":131}],"properties":{},"reference":null},{"@id":274,"drawnFrame":false,"labelManager":{"labels":[],"mainLabel":null},"shape":null,"containedVertices":[133,138],"containedVertexGroups":[],"touchingPairs":[{"vertex0":133,"horizontalPlacementVertex0":"FREE","verticalPlacementVertex0":"TOP","vertex1":138,"horizontalPlacementVertex1":"FREE","verticalPlacementVertex1":"FREE"}],"portPairings":[{"port0":136,"port1":141}],"properties":{},"reference":null},{"@id":275,"drawnFrame":false,"labelManager":{"labels":[],"mainLabel":null},"shape":null,"containedVertices":[143,148],"containedVertexGroups":[],"touchingPairs":[{"vertex0":143,"horizontalPlacementVertex0":"FREE","verticalPlacementVertex0":"TOP","vertex1":148,"horizontalPlacementVertex1":"FREE","verticalPlacementVertex1":"FREE"}],"portPairings":[{"port0":146,"port1":151}],"properties":{},"reference":null},{"@id":276,"drawnFrame":false,"labelManager":{"labels":[],"mainLabel":null},"shape":null,"containedVertices":[183,188],"containedVertexGroups":[],"touchingPairs":[{"vertex0":183,"horizontalPlacementVertex0":"FREE","verticalPlacementVertex0":"FREE","vertex1":188,"horizontalPlacementVertex1":"FREE","verticalPlacementVertex1":"FREE"}],"portPairings":[{"port0":186,"port1":191}],"properties":{},"reference":null},{"@id":277,"drawnFrame":false,"labelManager":{"labels":[],"mainLabel":null},"shape":null,"containedVertices":[193,198],"containedVertexGroups":[],"touchingPairs":[{"vertex0":193,"horizontalPlacementVertex0":"FREE","verticalPlacementVertex0":"FREE","vertex1":198,"horizontalPlacementVertex1":"FREE","verticalPlacementVertex1":"FREE"}],"portPairings":[{"port0":196,"port1":201}],"properties":{},"reference":null},{"@id":278,"drawnFrame":false,"labelManager":{"labels":[],"mainLabel":null},"shape":null,"containedVertices":[203,208],"containedVertexGroups":[],"touchingPairs":[{"vertex0":203,"horizontalPlacementVertex0":"FREE","verticalPlacementVertex0":"FREE","vertex1":208,"horizontalPlacementVertex1":"FREE","verticalPlacementVertex1":"FREE"}],"portPairings":[{"port0":206,"port1":211}],"properties":{},"reference":null},{"@id":279,"drawnFrame":false,"labelManager":{"labels":[],"mainLabel":null},"shape":null,"containedVertices":[213,218],"containedVertexGroups":[],"touchingPairs":[{"vertex0":213,"horizontalPlacementVertex0":"FREE","verticalPlacementVertex0":"FREE","vertex1":218,"horizontalPlacementVertex1":"FREE","verticalPlacementVertex1":"FREE"}],"portPairings":[{"port0":216,"port1":221}],"properties":{},"reference":null},{"@id":280,"drawnFrame":false,"labelManager":{"labels":[],"mainLabel":null},"shape":null,"containedVertices":[223,228],"containedVertexGroups":[],"touchingPairs":[{"vertex0":223,"horizontalPlacementVertex0":"FREE","verticalPlacementVertex0":"FREE","vertex1":228,"horizontalPlacementVertex1":"FREE","verticalPlacementVertex1":"FREE"}],"portPairings":[{"port0":226,"port1":231}],"properties":{},"reference":null},{"@id":281,"drawnFrame":false,"labelManager":{"labels":[],"mainLabel":null},"shape":null,"containedVertices":[233,238],"containedVertexGroups":[],"touchingPairs":[{"vertex0":233,"horizontalPlacementVertex0":"FREE","verticalPlacementVertex0":"FREE","vertex1":238,"horizontalPlacementVertex1":"FREE","verticalPlacementVertex1":"FREE"}],"portPairings":[{"port0":236,"port1":241}],"properties":{},"reference":null},{"@id":282,"drawnFrame":false,"labelManager":{"labels":[],"mainLabel":null},"shape":null,"containedVertices":[243,248],"containedVertexGroups":[],"touchingPairs":[{"vertex0":243,"horizontalPlacementVertex0":"FREE","verticalPlacementVertex0":"FREE","vertex1":248,"horizontalPlacementVertex1":"FREE","verticalPlacementVertex1":"FREE"}],"portPairings":[{"port0":246,"port1":251}],"properties":{},"reference":null},{"@id":283,"drawnFrame":false,"labelManager":{"labels":[],"mainLabel":null},"shape":null,"containedVertices":[253,258],"containedVertexGroups":[],"touchingPairs":[{"vertex0":253,"horizontalPlacementVertex0":"FREE","verticalPlacementVertex0":"FREE","vertex1":258,"horizontalPlacementVertex1":"FREE","verticalPlacementVertex1":"FREE"}],"portPairings":[{"port0":256,"port1":261}],"properties":{},"reference":null}],"edges":[{"@id":284,"ports":[19,39],"labelManager":{"innerLabels":[{"type":"textLabel","@id":285,"inputText":"Theo","labelStyle":4,"shape":null,"layoutText":null}],"allPortLabels":[],"mainLabel":285},"pathStyle":{"@id":286,"description":"default path style","thickness":-1.0,"color":{"argb":"ff000000"}},"paths":[],"properties":{"id":"3c01b9513c1727d9acfd2f1b82f08565"},"reference":null},{"@id":287,"ports":[155,49],"labelManager":{"innerLabels":[{"type":"textLabel","@id":288,"inputText":"Levi","labelStyle":4,"shape":null,"layoutText":null}],"allPortLabels":[],"mainLabel":288},"pathStyle":286,"paths":[],"properties":{"id":"da4fad93773f578707ac213e7852537c"},"reference":null},{"@id":289,"ports":[5,97],"labelManager":{"innerLabels":[{"type":"textLabel","@id":290,"inputText":"Emir","labelStyle":4,"shape":null,"layoutText":null}],"allPortLabels":[],"mainLabel":290},"pathStyle":286,"paths":[],"properties":{"id":"e70a49780aef785a4744c528f1b80828"},"reference":null},{"@id":291,"ports":[69,159],"labelManager":{"innerLabels":[{"type":"textLabel","@id":292,"inputText":"Theodor","labelStyle":4,"shape":null,"layoutText":null}],"allPortLabels":[],"mainLabel":292},"pathStyle":286,"paths":[],"properties":{"id":"1a31aec8f90f537d8c5c8bec3aa6b00c"},"reference":null},{"@id":293,"ports":[111,131],"labelManager":{"innerLabels":[{"type":"textLabel","@id":294,"inputText":"Justus","labelStyle":4,"shape":null,"layoutText":null}],"allPortLabels":[],"mainLabel":294},"pathStyle":286,"paths":[],"properties":{"id":"e1c2d3b0f1b4c25f24bb0abc3934169f"},"reference":null},{"@id":295,"ports":[121,19],"labelManager":{"innerLabels":[{"type":"textLabel","@id":296,"inputText":"Carl","labelStyle":4,"shape":null,"layoutText":null}],"allPortLabels":[],"mainLabel":296},"pathStyle":286,"paths":[],"properties":{"id":"d98edf24e99677fa82515a630de68431"},"reference":null},{"@id":297,"ports":[111,102],"labelManager":{"innerLabels":[{"type":"textLabel","@id":298,"inputText":"Peter","labelStyle":4,"shape":null,"layoutText":null}],"allPortLabels":[],"mainLabel":298},"pathStyle":286,"paths":[],"properties":{"id":"313224a8fbc3a27b9a61ad6b24ef1b7e"},"reference":null},{"@id":299,"ports":[87,141],"labelManager":{"innerLabels":[{"type":"textLabel","@id":300,"inputText":"Mika","labelStyle":4,"shape":null,"layoutText":null}],"allPortLabels":[],"mainLabel":300},"pathStyle":286,"paths":[],"properties":{"id":"66895e4118e69a7d240e17f2ef642a72"},"reference":null},{"@id":301,"ports":[87,151],"labelManager":{"innerLabels":[{"type":"textLabel","@id":302,"inputText":"Liam","labelStyle":4,"shape":null,"layoutText":null}],"allPortLabels":[],"mainLabel":302},"pathStyle":286,"paths":[],"properties":{"id":"32ddfb2fd1bc24a65764357e418d47ea"},"reference":null},{"@id":303,"ports":[19,29],"labelManager":{"innerLabels":[{"type":"textLabel","@id":304,"inputText":"Valentin","labelStyle":4,"shape":null,"layoutText":null}],"allPortLabels":[],"mainLabel":304},"pathStyle":286,"paths":[],"properties":{"id":"7dd2e8c4018a6eb64e1526eaf4121c26"},"reference":null},{"@id":305,"ports":[107,159],"labelManager":{"innerLabels":[{"type":"textLabel","@id":306,"inputText":"Konstantin","labelStyle":4,"shape":null,"layoutText":null}],"allPortLabels":[],"mainLabel":306},"pathStyle":286,"paths":[],"properties":{"id":"90e22789fad25398eee86b7deadb4696"},"reference":null},{"@id":307,"ports":[29,251],"labelManager":{"innerLabels":[{"type":"textLabel","@id":308,"inputText":"Christian","labelStyle":163,"shape":null,"layoutText":null}],"allPortLabels":[],"mainLabel":308},"pathStyle":{"@id":309,"description":"default path style","thickness":-1.0,"color":{"argb":"ff000000"}},"paths":[],"properties":{},"reference":null},{"@id":310,"ports":[176,231],"labelManager":{"innerLabels":[{"type":"textLabel","@id":311,"inputText":"Frederik","labelStyle":163,"shape":null,"layoutText":null}],"allPortLabels":[],"mainLabel":311},"pathStyle":309,"paths":[],"properties":{},"reference":null},{"@id":312,"ports":[73,165],"labelManager":{"innerLabels":[{"type":"textLabel","@id":313,"inputText":"Florian","labelStyle":163,"shape":null,"layoutText":null}],"allPortLabels":[],"mainLabel":313},"pathStyle":309,"paths":[],"properties":{},"reference":null},{"@id":314,"ports":[211,191],"labelManager":{"innerLabels":[{"type":"textLabel","@id":315,"inputText":"Muhammed","labelStyle":163,"shape":null,"layoutText":null}],"allPortLabels":[],"mainLabel":315},"pathStyle":309,"paths":[],"properties":{},"reference":null},{"@id":316,"ports":[241,261],"labelManager":{"innerLabels":[{"type":"textLabel","@id":317,"inputText":"Simon","labelStyle":163,"shape":null,"layoutText":null}],"allPortLabels":[],"mainLabel":317},"pathStyle":309,"paths":[],"properties":{},"reference":null},{"@id":318,"ports":[59,221],"labelManager":{"innerLabels":[{"type":"textLabel","@id":319,"inputText":"Can","labelStyle":163,"shape":null,"layoutText":null}],"allPortLabels":[],"mainLabel":319},"pathStyle":309,"paths":[],"properties":{},"reference":null},{"@id":320,"ports":[49,141],"labelManager":{"innerLabels":[{"type":"textLabel","@id":321,"inputText":"Milan","labelStyle":163,"shape":null,"layoutText":null}],"allPortLabels":[],"mainLabel":321},"pathStyle":309,"paths":[],"properties":{},"reference":null},{"@id":322,"ports":[73,83],"labelManager":{"innerLabels":[{"type":"textLabel","@id":323,"inputText":"Joel","labelStyle":163,"shape":null,"layoutText":null}],"allPortLabels":[],"mainLabel":323},"pathStyle":309,"paths":[],"properties":{},"reference":null},{"@id":324,"ports":[69,176],"labelManager":{"innerLabels":[{"type":"textLabel","@id":325,"inputText":"Michael","labelStyle":163,"shape":null,"layoutText":null}],"allPortLabels":[],"mainLabel":325},"pathStyle":309,"paths":[],"properties":{},"reference":null},{"@id":326,"ports":[171,181],"labelManager":{"innerLabels":[{"type":"textLabel","@id":327,"inputText":"Mika","labelStyle":163,"shape":null,"layoutText":null}],"allPortLabels":[],"mainLabel":327},"pathStyle":309,"paths":[],"properties":{},"reference":null},{"@id":328,"ports":[97,15],"labelManager":{"innerLabels":[{"type":"textLabel","@id":329,"inputText":"Muhammed","labelStyle":163,"shape":null,"layoutText":null}],"allPortLabels":[],"mainLabel":329},"pathStyle":309,"paths":[],"properties":{},"reference":null},{"@id":330,"ports":[216,73],"labelManager":{"innerLabels":[{"type":"textLabel","@id":331,"inputText":"Milan","labelStyle":163,"shape":null,"layoutText":null}],"allPortLabels":[],"mainLabel":331},"pathStyle":309,"paths":[],"properties":{},"reference":null},{"@id":332,"ports":[206,201],"labelManager":{"innerLabels":[{"type":"textLabel","@id":333,"inputText":"Christian","labelStyle":163,"shape":null,"layoutText":null}],"allPortLabels":[],"mainLabel":333},"pathStyle":309,"paths":[],"properties":{},"reference":null},{"@id":334,"ports":[59,171],"labelManager":{"innerLabels":[{"type":"textLabel","@id":335,"inputText":"Michael","labelStyle":163,"shape":null,"layoutText":null}],"allPortLabels":[],"mainLabel":335},"pathStyle":309,"paths":[],"properties":{},"reference":null},{"@id":336,"ports":[97,241],"labelManager":{"innerLabels":[{"type":"textLabel","@id":337,"inputText":"Liam","labelStyle":163,"shape":null,"layoutText":null}],"allPortLabels":[],"mainLabel":337},"pathStyle":309,"paths":[],"properties":{},"reference":null},{"@id":338,"ports":[196,97],"labelManager":{"innerLabels":[{"type":"textLabel","@id":339,"inputText":"Frederik","labelStyle":163,"shape":null,"layoutText":null}],"allPortLabels":[],"mainLabel":339},"pathStyle":309,"paths":[],"properties":{},"reference":null},{"@id":340,"ports":[49,29],"labelManager":{"innerLabels":[{"type":"textLabel","@id":341,"inputText":"Peter","labelStyle":163,"shape":null,"layoutText":null}],"allPortLabels":[],"mainLabel":341},"pathStyle":309,"paths":[],"properties":{},"reference":null},{"@id":342,"ports":[69,59],"labelManager":{"innerLabels":[{"type":"textLabel","@id":343,"inputText":"Levi","labelStyle":163,"shape":null,"layoutText":null}],"allPortLabels":[],"mainLabel":343},"pathStyle":309,"paths":[],"properties":{},"reference":null},{"@id":344,"ports":[49,69],"labelManager":{"innerLabels":[{"type":"textLabel","@id":345,"inputText":"Florian","labelStyle":163,"shape":null,"layoutText":null}],"allPortLabels":[],"mainLabel":345},"pathStyle":309,"paths":[],"properties":{},"reference":null},{"@id":346,"ports":[186,49],"labelManager":{"innerLabels":[{"type":"textLabel","@id":347,"inputText":"Emir","labelStyle":163,"shape":null,"layoutText":null}],"allPortLabels":[],"mainLabel":347},"pathStyle":309,"paths":[],"properties":{},"reference":null}],"edgeBundles":[]}