{"vertices":[{"@id":1,"shape":{"type":"rect","xposition":"NaN","yposition":"NaN","width":"NaN","height":"NaN","shapeStyle":{"@id":2,"description":"default shape style","color":{"argb":"ff000000"}}},"labelManager":{"labels":[{"type":"textLabel","@id":3,"inputText":"Noah","labelStyle":{"@id":4,"description":"default text label style","font":{"fontName":"SansSerif","style":0,"size":10},"noBreak":false,"color":{"argb":"ff000000"},"showLabel":true,"placement":"FREE","horizontalPlacement":"FREE","verticalPlacement":"FREE"},"shape":null,"layoutText":null}],"mainLabel":3},"portCompositions":[{"type":"portGroup","@id":5,"ordered":false,"portCompositions":[],"properties":{},"reference":null},{"type":"portGroup","@id":6,"ordered":false,"portCompositions":[{"type":"port","@id":7,"shape":{"type":"rect","xposition":"NaN","yposition":"NaN","width":"NaN","height":"NaN","shapeStyle":2},"labelManager":{"labels":[{"type":"textLabel","@id":8,"inputText":"1","labelStyle":4,"shape":null,"layoutText":null}],"mainLabel":8},"properties":{"id":"8d22ca55b4a4db90eb4cc6744ceecae6"},"orientationAtVertex":"FREE","reference":null}],"properties":{},"reference":null}],"properties":{"id":"d268278ceb93175a3ad2d6f973c6b776","type":"device"},"reference":null},{"@id":9,"shape":{"type":"rect","xposition":"NaN","yposition":"NaN","width":"NaN","height":"NaN","shapeStyle":2},"labelManager":{"labels":[{"type":"textLabel","@id":10,"inputText":"Henri","labelStyle":4,"shape":null,"layoutText":null}],"mainLabel":10},"portCompositions":[{"type":"portGroup","@id":11,"ordered":false,"portCompositions":[{"type":"port","@id":12,"shape":{"type":"rect","xposition":"NaN","yposition":"NaN","width":"NaN","height":"NaN","shapeStyle":2},"labelManager":{"labels":[{"type":"textLabel","@id":13,"inputText":"1","labelStyle":4,"shape":null,"layoutText":null}],"mainLabel":13},"properties":{"id":"72149543aa9f6e7909230d0b9db17ab7"},"orientationAtVertex":"FREE","reference":null}],"properties":{},"reference":null}],"properties":{"id":"8d2d0478ba765725882f3a0cb39642fa","type":"socket"},"reference":null},{"@id":14,"shape":{"type":"rect","xposition":"NaN","yposition":"NaN","width":"NaN","height":"NaN","shapeStyle":2},"labelManager":{"labels":[{"type":"textLabel","@id":15,"inputText":"Louis","labelStyle":4,"shape":null,"layoutText":null}],"mainLabel":15},"portCompositions":[{"type":"port","@id":16,"shape":{"type":"rect","xposition":"NaN","yposition":"NaN","width":"NaN","height":"NaN","shapeStyle":2},"labelManager":{"labels":[{"type":"textLabel","@id":17,"inputText":"1","labelStyle":4,"shape":null,"layoutText":null}],"mainLabel":17},"properties":{"id":"3b8d741ddf60bea1057db01ea44ee227"},"orientationAtVertex":"FREE","reference":null}],"properties":{"id":"d212eded857deac4b4a60bb3b64ed57a","type":"splice"},"reference":null},{"@id":18,"shape":{"type":"rect","xposition":"NaN","yposition":"NaN","width":"NaN","height":"NaN","shapeStyle":2},"labelManager":{"labels":[{"type":"textLabel","@id":19,"inputText":"Paul","labelStyle":4,"shape":null,"layoutText":null}],"mainLabel":19},"portCompositions":[{"type":"port","@id":20,"shape":{"type":"rect","xposition":"NaN","yposition":"NaN","width":"NaN","height":"NaN","shapeStyle":2},"labelManager":{"labels":[{"type":"textLabel","@id":21,"inputText":"1","labelStyle":4,"shape":null,"layoutText":null}],"mainLabel":21},"properties":{"id":"0f7ef58aa135ccb4997f30997e0f5cbc"},"orientationAtVertex":"FREE","reference":null}],"properties":{"id":"e7f3ab5e96e65061b84d1729f6df568a","type":"splice"},"reference":null},{"@id":22,"shape":{"type":"rect","xposition":"NaN","yposition":"NaN","width":"NaN","height":"NaN","shapeStyle":2},"labelManager":{"labels":[{"type":"textLabel","@id":23,"inputText":"Tim","labelStyle":4,"shape":null,"layoutText":null}],"mainLabel":23},"portCompositions":[{"type":"portGroup","@id":24,"ordered":false,"portCompositions":[{"type":"port","@id":25,"shape":{"type":"rect","xposition":"NaN","yposition":"NaN","width":"NaN","height":"NaN","shapeStyle":2},"labelManager":{"labels":[{"type":"textLabel","@id":26,"inputText":"1","labelStyle":4,"shape":null,"layoutText":null}],"mainLabel":26},"properties":{"id":"3e212940fd3144ee8b48e7fa360a09fd"},"orientationAtVertex":"FREE","reference":null}],"properties":{},"reference":null}],"properties":{"id":"9ffbe1d54e02d2f588819cfb03eee404","type":"plug"},"reference":null},{"@id":27,"shape":{"type":"rect","xposition":"NaN","yposition":"NaN","width":"NaN","height":"NaN","shapeStyle":2},"labelManager":{"labels":[{"type":"textLabel","@id":28,"inputText":"Luis","labelStyle":4,"shape":null,"layoutText":null}],"mainLabel":28},"portCompositions":[{"type":"portGroup","@id":29,"ordered":false,"portCompositions":[{"type":"port","@id":30,"shape":{"type":"rect","xposition":"NaN","yposition":"NaN","width":"NaN","height":"NaN","shapeStyle":2},"labelManager":{"labels":[{"type":"textLabel","@id":31,"inputText":"1","labelStyle":4,"shape":null,"layoutText":null}],"mainLabel":31},"properties":{"id":"46376764a4a64335b7752ed235c6f205"},"orientationAtVertex":"FREE","reference":null}],"properties":{},"reference":null}],"properties":{"id":"5643d3a28209ab5b04b160c008deb283","type":"plug"},"reference":null},{"@id":32,"shape":{"type":"rect","xposition":"NaN","yposition":"NaN","width":"NaN","height":"NaN","shapeStyle":2},"labelManager":{"labels":[{"type":"textLabel","@id":33,"inputText":"Leon","labelStyle":4,"shape":null,"layoutText":null}],"mainLabel":33},"portCompositions":[{"type":"portGroup","@id":34,"ordered":false,"portCompositions":[{"type":"port","@id":35,"shape":{"type":"rect","xposition":"NaN","yposition":"NaN","width":"NaN","height":"NaN","shapeStyle":2},"labelManager":{"labels":[{"type":"textLabel","@id":36,"inputText":"1","labelStyle":4,"shape":null,"layoutText":null}],"mainLabel":36},"properties":{"id":"5ba9d194b68768b40817f9d33230ead4"},"orientationAtVertex":"FREE","reference":null}],"properties":{},"reference":null}],"properties":{"id":"ad39e0ce2fa451ccd6ac8f849fd7d8c3","type":"plug"},"reference":null},{"@id":37,"shape":{"type":"rect","xposition":"NaN","yposition":"NaN","width":"NaN","height":"NaN","shapeStyle":2},"labelManager":{"labels":[{"type":"textLabel","@id":38,"inputText":"Felix","labelStyle":4,"shape":null,"layoutText":null}],"mainLabel":38},"portCompositions":[{"type":"portGroup","@id":39,"ordered":false,"portCompositions":[{"type":"port","@id":40,"shape":{"type":"rect","xposition":"NaN","yposition":"NaN","width":"NaN","height":"NaN","shapeStyle":2},"labelManager":{"labels":[{"type":"textLabel","@id":41,"inputText":"1","labelStyle":4,"shape":null,"layoutText":null}],"mainLabel":41},"properties":{"id":"2535edb61dae8a843f03b6df6628c433"},"orientationAtVertex":"FREE","reference":null}],"properties":{},"reference":null}],"properties":{"id":"00106d8d3b67ce1de0ab39c3ede2b409","type":"plug"},"reference":null},{"@id":42,"shape":{"type":"rect","xposition":"NaN","yposition":"NaN","width":"NaN","height":"NaN","shapeStyle":2},"labelManager":{"labels":[{"type":"textLabel","@id":43,"inputText":"Tom","labelStyle":4,"shape":null,"layoutText":null}],"mainLabel":43},"portCompositions":[{"type":"port","@id":44,"shape":{"type":"rect","xposition":"NaN","yposition":"NaN","width":"NaN","height":"NaN","shapeStyle":2},"labelManager":{"labels":[{"type":"textLabel","@id":45,"inputText":"1","labelStyle":4,"shape":null,"layoutText":null}],"mainLabel":45},"properties":{"id":"7a4ca1eeeacb05b4c43b8389c14d62ae"},"orientationAtVertex":"FREE","reference":null}],"properties":{"id":"a43c1f19c080c495653d358d783c33b1","type":"splice"},"reference":null},{"@id":46,"shape":{"type":"rect","xposition":"NaN","yposition":"NaN","width":"NaN","height":"NaN","shapeStyle":2},"labelManager":{"labels":[{"type":"textLabel","@id":47,"inputText":"Anton","labelStyle":4,"shape":null,"layoutText":null}],"mainLabel":47},"portCompositions":[{"type":"portGroup","@id":48,"ordered":false,"portCompositions":[{"type":"port","@id":49,"shape":{"type":"rect","xposition":"NaN","yposition":"NaN","width":"NaN","height":"NaN","shapeStyle":2},"labelManager":{"labels":[{"type":"textLabel","@id":50,"inputText":"1","labelStyle":4,"shape":null,"layoutText":null}],"mainLabel":50},"properties":{"id":"708defb9cd23e0c54eacfacd138f0fe5"},"orientationAtVertex":"FREE","reference":null}],"properties":{},"reference":null}],"properties":{"id":"bf833916c075efe44a20760548122ebc","type":"plug"},"reference":null},{"@id":51,"shape":{"type":"rect","xposition":"NaN","yposition":"NaN","width":"NaN","height":"NaN","shapeStyle":2},"labelManager":{"labels":[{"type":"textLabel","@id":52,"inputText":"Maximilian","labelStyle":4,"shape":null,"layoutText":null}],"mainLabel":52},"portCompositions":[{"type":"portGroup","@id":53,"ordered":false,"portCompositions":[{"type":"port","@id":54,"shape":{"type":"rect","xposition":"NaN","yposition":"NaN","width":"NaN","height":"NaN","shapeStyle":2},"labelManager":{"labels":[{"type":"textLabel","@id":55,"inputText":"1","labelStyle":4,"shape":null,"layoutText":null}],"mainLabel":55},"properties":{"id":"354c13766c381e9a39d6496a5d371d3a"},"orientationAtVertex":"FREE","reference":null}],"properties":{},"reference":null}],"properties":{"id":"e5a1cbc9744302d01c9bd120de24f48a","type":"plug"},"reference":null},{"@id":56,"shape":{"type":"rect","xposition":"NaN","yposition":"NaN","width":"NaN","height":"NaN","shapeStyle":2},"labelManager":{"labels":[{"type":"textLabel","@id":57,"inputText":"Jakob","labelStyle":4,"shape":null,"layoutText":null}],"mainLabel":57},"portCompositions":[{"type":"portGroup","@id":58,"ordered":false,"portCompositions":[{"type":"port","@id":59,"shape":{"type":"rect","xposition":"NaN","yposition":"NaN","width":"NaN","height":"NaN","shapeStyle":2},"labelManager":{"labels":[{"type":"textLabel","@id":60,"inputText":"1","labelStyle":4,"shape":null,"layoutText":null}],"mainLabel":60},"properties":{"id":"22f6de95459c6b1dd919bd0074d92336"},"orientationAtVertex":"FREE","reference":null},{"type":"port","@id":61,"shape":{"type":"rect","xposition":"NaN","yposition":"NaN","width":"NaN","height":"NaN","shapeStyle":{"@id":62,"description":"default shape style","color":{"argb":"ff000000"}}},"labelManager":{"labels":[{"type":"textLabel","@id":63,"inputText":"2","labelStyle":{"@id":64,"description":"default text label style","font":{"fontName":"SansSerif","style":0,"size":10},"noBreak":false,"color":{"argb":"ff000000"},"showLabel":true,"placement":"FREE","horizontalPlacement":"FREE","verticalPlacement":"FREE"},"shape":null,"layoutText":null}],"mainLabel":63},"properties":{},"orientationAtVertex":"FREE","reference":null}],"properties":{},"reference":null}],"properties":{"id":"9a469ee6a710dc8b9d00d790d16646e6","type":"plug"},"reference":null},{"@id":65,"shape":{"type":"rect","xposition":"NaN","yposition":"NaN","width":"NaN","height":"NaN","shapeStyle":2},"labelManager":{"labels":[{"type":"textLabel","@id":66,"inputText":"Jonathan","labelStyle":4,"shape":null,"layoutText":null}],"mainLabel":66},"portCompositions":[{"type":"portGroup","@id":67,"ordered":false,"portCompositions":[{"type":"port","@id":68,"shape":{"type":"rect","xposition":"NaN","yposition":"NaN","width":"NaN","height":"NaN","shapeStyle":2},"labelManager":{"labels":[{"type":"textLabel","@id":69,"inputText":"1","labelStyle":4,"shape":null,"layoutText":null}],"mainLabel":69},"properties":{"id":"b80a7aad2034516d6362108965360607"},"orientationAtVertex":"FREE","reference":null},{"type":"port","@id":70,"shape":{"type":"rect","xposition":"NaN","yposition":"NaN","width":"NaN","height":"NaN","shapeStyle":62},"labelManager":{"labels":[{"type":"textLabel","@id":71,"inputText":"2","labelStyle":64,"shape":null,"layoutText":null}],"mainLabel":71},"properties":{},"orientationAtVertex":"FREE","reference":null}],"properties":{},"reference":null}],"properties":{"id":"7002c5c0e6903e5384f54d881e660943","type":"plug"},"reference":null},{"@id":72,"shape":{"type":"rect","xposition":"NaN","yposition":"NaN","width":"NaN","height":"NaN","shapeStyle":2},"labelManager":{"labels":[{"type":"textLabel","@id":73,"inputText":"Jan","labelStyle":4,"shape":null,"layoutText":null}],"mainLabel":73},"portCompositions":[{"type":"portGroup","@id":74,"ordered":false,"portCompositions":[{"type":"port","@id":75,"shape":{"type":"rect","xposition":"NaN","yposition":"NaN","width":"NaN","height":"NaN","shapeStyle":2},"labelManager":{"labels":[{"type":"textLabel","@id":76,"inputText":"1","labelStyle":4,"shape":null,"layoutText":null}],"mainLabel":76},"properties":{"id":"f5086148cd4cadcf7c6ed04316e412cf"},"orientationAtVertex":"FREE","reference":null}],"properties":{},"reference":null}],"properties":{"id":"51697139c6fff33ab40deb0b159eafd0","type":"plug"},"reference":null},{"@id":77,"shape":{"type":"rect","xposition":"NaN","yposition":"NaN","width":"NaN","height":"NaN","shapeStyle":2},"labelManager":{"labels":[{"type":"textLabel","@id":78,"inputText":"Luca","labelStyle":4,"shape":null,"layoutText":null}],"mainLabel":78},"portCompositions":[{"type":"portGroup","@id":79,"ordered":false,"portCompositions":[{"type":"port","@id":80,"shape":{"type":"rect","xposition":"NaN","yposition":"NaN","width":"NaN","height":"NaN","shapeStyle":2},"labelManager":{"labels":[{"type":"textLabel","@id":81,"inputText":"1","labelStyle":4,"shape":null,"layoutText":null}],"mainLabel":81},"properties":{"id":"ef4cc4aede54dc1018b7deaa3b15cd0f"},"orientationAtVertex":"FREE","reference":null}],"properties":{},"reference":null}],"properties":{"id":"efb15aad3de828079315a647adcc6cf6","type":"plug"},"reference":null},{"@id":82,"shape":{"type":"rect","xposition":"NaN","yposition":"NaN","width":"NaN","height":"NaN","shapeStyle":2},"labelManager":{"labels":[{"type":"textLabel","@id":83,"inputText":"Julian","labelStyle":4,"shape":null,"layoutText":null}],"mainLabel":83},"portCompositions":[{"type":"port","@id":84,"shape":{"type":"rect","xposition":"NaN","yposition":"NaN","width":"NaN","height":"NaN","shapeStyle":2},"labelManager":{"labels":[{"type":"textLabel","@id":85,"inputText":"1","labelStyle":4,"shape":null,"layoutText":null}],"mainLabel":85},"properties":{"id":"84f3a10594c94b7840abf7bf1bc10540"},"orientationAtVertex":"FREE","reference":null}],"properties":{"id":"fcc1faae6f9dcdd3d3fddfb2a8476d10","type":"splice"},"reference":null},{"@id":86,"shape":{"type":"rect","xposition":"NaN","yposition":"NaN","width":"NaN","height":"NaN","shapeStyle":2},"labelManager":{"labels":[{"type":"textLabel","@id":87,"inputText":"Benjamin","labelStyle":4,"shape":null,"layoutText":null}],"mainLabel":87},"portCompositions":[{"type":"portGroup","@id":88,"ordered":false,"portCompositions":[{"type":"port","@id":89,"shape":{"type":"rect","xposition":"NaN","yposition":"NaN","width":"NaN","height":"NaN","shapeStyle":2},"labelManager":{"labels":[{"type":"textLabel","@id":90,"inputText":"1","labelStyle":4,"shape":null,"layoutText":null}],"mainLabel":90},"properties":{"id":"033ab2743d0c4e6e74b4ebd148166212"},"orientationAtVertex":"FREE","reference":null}],"properties":{},"reference":null}],"properties":{"id":"13035e45482c6ffd7a05577d6ed7b1cc","type":"plug"},"reference":null},{"@id":91,"shape":{"type":"rect","xposition":"NaN","yposition":"NaN","width":"NaN","height":"NaN","shapeStyle":2},"labelManager":{"labels":[{"type":"textLabel","@id":92,"inputText":"Alexander","labelStyle":4,"shape":null,"layoutText":null}],"mainLabel":92},"portCompositions":[{"type":"portGroup","@id":93,"ordered":false,"portCompositions":[{"type":"port","@id":94,"shape":{"type":"rect","xposition":"NaN","yposition":"NaN","width":"NaN","height":"NaN","shapeStyle":2},"labelManager":{"labels":[{"type":"textLabel","@id":95,"inputText":"1","labelStyle":4,"shape":null,"layoutText":null}],"mainLabel":95},"properties":{"id":"2e6321e26cd6edf5bd7d44908f011734"},"orientationAtVertex":"FREE","reference":null}],"properties":{},"reference":null}],"properties":{"id":"f9be8af871edb59b4a49480d3c1e8231","type":"plug"},"reference":null},{"@id":96,"shape":{"type":"rect","xposition":"NaN","yposition":"NaN","width":"NaN","height":"NaN","shapeStyle":2},"labelManager":{"labels":[{"type":"textLabel","@id":97,"inputText":"Finn","labelStyle":4,"shape":null,"layoutText":null}],"mainLabel":97},"portCompositions":[{"type":"portGroup","@id":98,"ordered":false,"portCompositions":[{"type":"port","@id":99,"shape":{"type":"rect","xposition":"NaN","yposition":"NaN","width":"NaN","height":"NaN","shapeStyle":2},"labelManager":{"labels":[{"type":"textLabel","@id":100,"inputText":"1","labelStyle":4,"shape":null,"layoutText":null}],"mainLabel":100},"properties":{"id":"86c924d5c423c486a0080347350812f8"},"orientationAtVertex":"FREE","reference":null},{"type":"port","@id":101,"shape":{"type":"rect","xposition":"NaN","yposition":"NaN","width":"NaN","height":"NaN","shapeStyle":62},"labelManager":{"labels":[{"type":"textLabel","@id":102,"inputText":"2","labelStyle":64,"shape":null,"layoutText":null}],"mainLabel":102},"properties":{},"orientationAtVertex":"FREE","reference":null}],"properties":{},"reference":null}],"properties":{"id":"fb31b09504ae000949bec77ec2eb0c78","type":"plug"},"reference":null},{"@id":103,"shape":{"type":"rect","xposition":"NaN","yposition":"NaN","width":"NaN","height":"NaN","shapeStyle":2},"labelManager":{"labels":[{"type":"textLabel","@id":104,"inputText":"Lukas","labelStyle":4,"shape":null,"layoutText":null}],"mainLabel":104},"portCompositions":[{"type":"portGroup","@id":105,"ordered":false,"portCompositions":[{"type":"port","@id":106,"shape":{"type":"rect","xposition":"NaN","yposition":"NaN","width":"NaN","height":"NaN","shapeStyle":2},"labelManager":{"labels":[{"type":"textLabel","@id":107,"inputText":"1","labelStyle":4,"shape":null,"layoutText":null}],"mainLabel":107},"properties":{"id":"0bd50ba95b71e53413e00fe441f07f47"},"orientationAtVertex":"FREE","reference":null},{"type":"port","@id":108,"shape":{"type":"rect","xposition":"NaN","yposition":"NaN","width":"NaN","height":"NaN","shapeStyle":62},"labelManager":{"labels":[{"type":"textLabel","@id":109,"inputText":"2","labelStyle":64,"shape":null,"layoutText":null}],"mainLabel":109},"properties":{},"orientationAtVertex":"FREE","reference":null}],"properties":{},"reference":null}],"properties":{"id":"67446966fbd8b608a350e5aba1da8419","type":"plug"},"reference":null},{"@id":110,"shape":{"type":"rect","xposition":"NaN","yposition":"NaN","width":"NaN","height":"NaN","shapeStyle":2},"labelManager":{"labels":[{"type":"textLabel","@id":111,"inputText":"Ben","labelStyle":4,"shape":null,"layoutText":null}],"mainLabel":111},"portCompositions":[{"type":"portGroup","@id":112,"ordered":false,"portCompositions":[{"type":"port","@id":113,"shape":{"type":"rect","xposition":"NaN","yposition":"NaN","width":"NaN","height":"NaN","shapeStyle":2},"labelManager":{"labels":[{"type":"textLabel","@id":114,"inputText":"7","labelStyle":4,"shape":null,"layoutText":null}],"mainLabel":114},"properties":{"id":"1cca72b6fe0074ae45c27453fe9677c9"},"orientationAtVertex":"FREE","reference":null},{"type":"port","@id":115,"shape":{"type":"rect","xposition":"NaN","yposition":"NaN","width":"NaN","height":"NaN","shapeStyle":2},"labelManager":{"labels":[{"type":"textLabel","@id":116,"inputText":"1","labelStyle":4,"shape":null,"layoutText":null}],"mainLabel":116},"properties":{"id":"60750ed15f7e03790ceb8bf33890918c"},"orientationAtVertex":"FREE","reference":null},{"type":"port","@id":117,"shape":{"type":"rect","xposition":"NaN","yposition":"NaN","width":"NaN","height":"NaN","shapeStyle":2},"labelManager":{"labels":[{"type":"textLabel","@id":118,"inputText":"6","labelStyle":4,"shape":null,"layoutText":null}],"mainLabel":118},"properties":{"id":"ffed73a8a750f0ff5d3898bf21fa4e54"},"orientationAtVertex":"FREE","reference":null},{"type":"port","@id":119,"shape":{"type":"rect","xposition":"NaN","yposition":"NaN","width":"NaN","height":"NaN","shapeStyle":2},"labelManager":{"labels":[{"type":"textLabel","@id":120,"inputText":"4","labelStyle":4,"shape":null,"layoutText":null}],"mainLabel":120},"properties":{"id":"bee2c4998420876facd72806cd781459"},"orientationAtVertex":"FREE","reference":null},{"type":"port","@id":121,"shape":{"type":"rect","xposition":"NaN","yposition":"NaN","width":"NaN","height":"NaN","shapeStyle":2},"labelManager":{"labels":[{"type":"textLabel","@id":122,"inputText":"3","labelStyle":4,"shape":null,"layoutText":null}],"mainLabel":122},"properties":{"id":"8ae77b8df32b25cd7a6f371f7ed16b2f"},"orientationAtVertex":"FREE","reference":null},{"type":"port","@id":123,"shape":{"type":"rect","xposition":"NaN","yposition":"NaN","width":"NaN","height":"NaN","shapeStyle":62},"labelManager":{"labels":[{"type":"textLabel","@id":124,"inputText":"2","labelStyle":64,"shape":null,"layoutText":null}],"mainLabel":124},"properties":{},"orientationAtVertex":"FREE","reference":null},{"type":"port","@id":125,"shape":{"type":"rect","xposition":"NaN","yposition":"NaN","width":"NaN","height":"NaN","shapeStyle":62},"labelManager":{"labels":[{"type":"textLabel","@id":126,"inputText":"5","labelStyle":64,"shape":null,"layoutText":null}],"mainLabel":126},"properties":{},"orientationAtVertex":"FREE","reference":null}],"properties":{},"reference":null}],"properties":{"id":"aa1f25476d0a35242beaee544bf2cfb8","type":"device"},"reference":null},{"@id":127,"shape":{"type":"rect","xposition":"NaN","yposition":"NaN","width":"NaN","height":"NaN","shapeStyle":2},"labelManager":{"labels":[{"type":"textLabel","@id":128,"inputText":"Mats","labelStyle":4,"shape":null,"layoutText":null}],"mainLabel":128},"portCompositions":[{"type":"portGroup","@id":129,"ordered":false,"portCompositions":[{"type":"port","@id":130,"shape":{"type":"rect","xposition":"NaN","yposition":"NaN","width":"NaN","height":"NaN","shapeStyle":2},"labelManager":{"labels":[{"type":"textLabel","@id":131,"inputText":"7","labelStyle":4,"shape":null,"layoutText":null}],"mainLabel":131},"properties":{"id":"434a7a45b0f9719f789bd86dd8eb087b"},"orientationAtVertex":"FREE","reference":null},{"type":"port","@id":132,"shape":{"type":"rect","xposition":"NaN","yposition":"NaN","width":"NaN","height":"NaN","shapeStyle":2},"labelManager":{"labels":[{"type":"textLabel","@id":133,"inputText":"1","labelStyle":4,"shape":null,"layoutText":null}],"mainLabel":133},"properties":{"id":"28340739e88d3826b7bf7375833da94d"},"orientationAtVertex":"FREE","reference":null},{"type":"port","@id":134,"shape":{"type":"rect","xposition":"NaN","yposition":"NaN","width":"NaN","height":"NaN","shapeStyle":2},"labelManager":{"labels":[{"type":"textLabel","@id":135,"inputText":"6","labelStyle":4,"shape":null,"layoutText":null}],"mainLabel":135},"properties":{"id":"ad75ac75c2358fb143e71b7878566aa7"},"orientationAtVertex":"FREE","reference":null},{"type":"port","@id":136,"shape":{"type":"rect","xposition":"NaN","yposition":"NaN","width":"NaN","height":"NaN","shapeStyle":2},"labelManager":{"labels":[{"type":"textLabel","@id":137,"inputText":"4","labelStyle":4,"shape":null,"layoutText":null}],"mainLabel":137},"properties":{"id":"d42e147a59b04c3db2d4cbbb1d19e938"},"orientationAtVertex":"FREE","reference":null},{"type":"port","@id":138,"shape":{"type":"rect","xposition":"NaN","yposition":"NaN","width":"NaN","height":"NaN","shapeStyle":2},"labelManager":{"labels":[{"type":"textLabel","@id":139,"inputText":"3","labelStyle":4,"shape":null,"layoutText":null}],"mainLabel":139},"properties":{"id":"ed9ca18b7bafd853207bba49523e6c0e"},"orientationAtVertex":"FREE","reference":null}],"properties":{},"reference":null}],"properties":{"id":"14992b6240155b286b378f7b3045b0b3","type":"socket"},"reference":null},{"@id":140,"shape":{"type":"rect","xposition":"NaN","yposition":"NaN","width":"NaN","height":"NaN","shapeStyle":2},"labelManager":{"labels":[{"type":"textLabel","@id":141,"inputText":"Emil","labelStyle":4,"shape":null,"layoutText":null}],"mainLabel":141},"portCompositions":[{"type":"portGroup","@id":142,"ordered":false,"portCompositions":[{"type":"port","@id":143,"shape":{"type":"rect","xposition":"NaN","yposition":"NaN","width":"NaN","height":"NaN","shapeStyle":2},"labelManager":{"labels":[{"type":"textLabel","@id":144,"inputText":"2","labelStyle":4,"shape":null,"layoutText":null}],"mainLabel":144},"properties":{"id":"61cb6cd3045cec053cda49c960a5707e"},"orientationAtVertex":"FREE","reference":null},{"type":"port","@id":145,"shape":{"type":"rect","xposition":"NaN","yposition":"NaN","width":"NaN","height":"NaN","shapeStyle":62},"labelManager":{"labels":[{"type":"textLabel","@id":146,"inputText":"3","labelStyle":64,"shape":null,"layoutText":null}],"mainLabel":146},"properties":{},"orientationAtVertex":"FREE","reference":null},{"type":"port","@id":147,"shape":{"type":"rect","xposition":"NaN","yposition":"NaN","width":"NaN","height":"NaN","shapeStyle":62},"labelManager":{"labels":[{"type":"textLabel","@id":148,"inputText":"1","labelStyle":64,"shape":null,"layoutText":null}],"mainLabel":148},"properties":{},"orientationAtVertex":"FREE","reference":null}],"properties":{},"reference":null},{"type":"portGroup","@id":149,"ordered":false,"portCompositions":[],"properties":{},"reference":null}],"properties":{"id":"eaec3d3817a98f68675b5e16d27c4259","type":"device"},"reference":null},{"@id":150,"shape":{"type":"rect","xposition":"NaN","yposition":"NaN","width":"NaN","height":"NaN","shapeStyle":2},"labelManager":{"labels":[{"type":"textLabel","@id":151,"inputText":"Philipp","labelStyle":4,"shape":null,"layoutText":null}],"mainLabel":151},"portCompositions":[{"type":"portGroup","@id":152,"ordered":false,"portCompositions":[{"type":"port","@id":153,"shape":{"type":"rect","xposition":"NaN","yposition":"NaN","width":"NaN","height":"NaN","shapeStyle":2},"labelManager":{"labels":[{"type":"textLabel","@id":154,"inputText":"2","labelStyle":4,"shape":null,"layoutText":null}],"mainLabel":154},"properties":{"id":"4b5496a8bfe33dcfa94679d7cb034f6e"},"orientationAtVertex":"FREE","reference":null}],"properties":{},"reference":null}],"properties":{"id":"c7bf97f250ffba6ab3f937d3b9d38bce","type":"socket"},"reference":null},{"@id":155,"shape":null,"labelManager":{"labels":[{"type":"textLabel","@id":156,"inputText":"Moritz","labelStyle":64,"shape":null,"layoutText":null}],"mainLabel":156},"portCompositions":[{"type":"portGroup","@id":157,"ordered":false,"portCompositions":[{"type":"port","@id":158,"shape":{"type":"rect","xposition":"NaN","yposition":"NaN","width":"NaN","height":"NaN","shapeStyle":62},"labelManager":{"labels":[{"type":"textLabel","@id":159,"inputText":"1","labelStyle":64,"shape":null,"layoutText":null}],"mainLabel":159},"properties":{},"orientationAtVertex":"FREE","reference":null}],"properties":{},"reference":null}],"properties":{},"reference":null},{"@id":160,"shape":null,"labelManager":{"labels":[{"type":"textLabel","@id":161,"inputText":"Julius","labelStyle":64,"shape":null,"layoutText":null}],"mainLabel":161},"portCompositions":[{"type":"portGroup","@id":162,"ordered":false,"portCompositions":[{"type":"port","@id":163,"shape":{"type":"rect","xposition":"NaN","yposition":"NaN","width":"NaN","height":"NaN","shapeStyle":62},"labelManager":{"labels":[{"type":"textLabel","@id":164,"inputText":"2","labelStyle":64,"shape":null,"layoutText":null}],"mainLabel":164},"properties":{},"orientationAtVertex":"FREE","reference":null}],"properties":{},"reference":null}],"properties":{},"reference":null},{"@id":165,"shape":null,"labelManager":{"labels":[{"type":"textLabel","@id":166,"inputText":"Max","labelStyle":64,"shape":null,"layoutText":null}],"mainLabel":166},"portCompositions":[{"type":"portGroup","@id":167,"ordered":false,"portCompositions":[{"type":"port","@id":168,"shape":{"type":"rect","xposition":"NaN","yposition":"NaN","width":"NaN","height":"NaN","shapeStyle":62},"labelManager":{"labels":[{"type":"textLabel","@id":169,"inputText":"5","labelStyle":64,"shape":null,"layoutText":null}],"mainLabel":169},"properties":{},"orientationAtVertex":"FREE","reference":null}],"properties":{},"reference":null}],"properties":{},"reference":null},{"@id":170,"shape":null,"labelManager":{"labels":[{"type":"textLabel","@id":171,"inputText":"David","labelStyle":64,"shape":null,"layoutText":null}],"mainLabel":171},"portCompositions":[{"type":"portGroup","@id":172,"ordered":false,"portCompositions":[{"type":"port","@id":173,"shape":{"type":"rect","xposition":"NaN","yposition":"NaN","width":"NaN","height":"NaN","shapeStyle":62},"labelManager":{"labels":[{"type":"textLabel","@id":174,"inputText":"3","labelStyle":64,"shape":null,"layoutText":null}],"mainLabel":174},"properties":{},"orientationAtVertex":"FREE","reference":null}],"properties":{},"reference":null}],"properties":{},"reference":null},{"@id":175,"shape":null,"labelManager":{"labels":[{"type":"textLabel","@id":176,"inputText":"Jonas","labelStyle":64,"shape":null,"layoutText":null}],"mainLabel":176},"portCompositions":[{"type":"portGroup","@id":177,"ordered":false,"portCompositions":[{"type":"port","@id":178,"shape":{"type":"rect","xposition":"NaN","yposition":"NaN","width":"NaN","height":"NaN","shapeStyle":62},"labelManager":{"labels":[{"type":"textLabel","@id":179,"inputText":"1","labelStyle":64,"shape":null,"layoutText":null}],"mainLabel":179},"properties":{},"orientationAtVertex":"FREE","reference":null}],"properties":{},"reference":null}],"properties":{},"reference":null}],"vertexGroups":[{"@id":180,"drawnFrame":false,"labelManager":{"labels":[],"mainLabel":null},"shape":null,"containedVertices":[1,9],"containedVertexGroups":[],"touchingPairs":[{"vertex0":1,"horizontalPlacementVertex0":"FREE","verticalPlacementVertex0":"TOP","vertex1":9,"horizontalPlacementVertex1":"FREE","verticalPlacementVertex1":"FREE"}],"portPairings":[{"port0":7,"port1":12}],"properties":{},"reference":null},{"@id":181,"drawnFrame":false,"labelManager":{"labels":[],"mainLabel":null},"shape":null,"containedVertices":[22,27],"containedVertexGroups":[],"touchingPairs":[{"vertex0":22,"horizontalPlacementVertex0":"FREE","verticalPlacementVertex0":"TOP","vertex1":27,"horizontalPlacementVertex1":"FREE","verticalPlacementVertex1":"FREE"}],"portPairings":[{"port0":25,"port1":30}],"properties":{},"reference":null},{"@id":182,"drawnFrame":false,"labelManager":{"labels":[],"mainLabel":null},"shape":null,"containedVertices":[32,37],"containedVertexGroups":[],"touchingPairs":[{"vertex0":32,"horizontalPlacementVertex0":"FREE","verticalPlacementVertex0":"TOP","vertex1":37,"horizontalPlacementVertex1":"FREE","verticalPlacementVertex1":"FREE"}],"portPairings":[{"port0":35,"port1":40}],"properties":{},"reference":null},{"@id":183,"drawnFrame":false,"labelManager":{"labels":[],"mainLabel":null},"shape":null,"containedVertices":[46,51],"containedVertexGroups":[],"touchingPairs":[{"vertex0":46,"horizontalPlacementVertex0":"FREE","verticalPlacementVertex0":"TOP","vertex1":51,"horizontalPlacementVertex1":"FREE","verticalPlacementVertex1":"FREE"}],"portPairings":[{"port0":49,"port1":54}],"properties":{},"reference":null},{"@id":184,"drawnFrame":false,"labelManager":{"labels":[],"mainLabel":null},"shape":null,"containedVertices":[56,65],"containedVertexGroups":[],"touchingPairs":[{"vertex0":56,"horizontalPlacementVertex0":"FREE","verticalPlacementVertex0":"TOP","vertex1":65,"horizontalPlacementVertex1":"FREE","verticalPlacementVertex1":"FREE"}],"portPairings":[{"port0":59,"port1":68},{"port0":61,"port1":70}],"properties":{},"reference":null},{"@id":185,"drawnFrame":false,"labelManager":{"labels":[],"mainLabel":null},"shape":null,"containedVertices":[72,77],"containedVertexGroups":[],"touchingPairs":[{"vertex0":72,"horizontalPlacementVertex0":"FREE","verticalPlacementVertex0":"TOP","vertex1":77,"horizontalPlacementVertex1":"FREE","verticalPlacementVertex1":"FREE"}],"portPairings":[{"port0":75,"port1":80}],"properties":{},"reference":null},{"@id":186,"drawnFrame":false,"labelManager":{"labels":[],"mainLabel":null},"shape":null,"containedVertices":[86,91],"containedVertexGroups":[],"touchingPairs":[{"vertex0":86,"horizontalPlacementVertex0":"FREE","verticalPlacementVertex0":"TOP","vertex1":91,"horizontalPlacementVertex1":"FREE","verticalPlacementVertex1":"FREE"}],"portPairings":[{"port0":89,"port1":94}],"properties":{},"reference":null},{"@id":187,"drawnFrame":false,"labelManager":{"labels":[],"mainLabel":null},"shape":null,"containedVertices":[96,103],"containedVertexGroups":[],"touchingPairs":[{"vertex0":96,"horizontalPlacementVertex0":"FREE","verticalPlacementVertex0":"TOP","vertex1":103,"horizontalPlacementVertex1":"FREE","verticalPlacementVertex1":"FREE"}],"portPairings":[{"port0":99,"port1":106},{"port0":101,"port1":108}],"properties":{},"reference":null},{"@id":188,"drawnFrame":false,"labelManager":{"labels":[],"mainLabel":null},"shape":null,"containedVertices":[110,127,160,165],"containedVertexGroups":[],"touchingPairs":[{"vertex0":110,"horizontalPlacementVertex0":"FREE","verticalPlacementVertex0":"TOP","vertex1":127,"horizontalPlacementVertex1":"FREE","verticalPlacementVertex1":"FREE"},{"vertex0":110,"horizontalPlacementVertex0":"FREE","verticalPlacementVertex0":"FREE","vertex1":160,"horizontalPlacementVertex1":"FREE","verticalPlacementVertex1":"FREE"},{"vertex0":110,"horizontalPlacementVertex0":"FREE","verticalPlacementVertex0":"FREE","vertex1":165,"horizontalPlacementVertex1":"FREE","verticalPlacementVertex1":"FREE"}],"portPairings":[{"port0":113,"port1":130},{"port0":117,"port1":134},{"port0":119,"port1":136},{"port0":121,"port1":138},{"port0":115,"port1":132},{"port0":123,"port1":163},{"port0":125,"port1":168}],"properties":{},"reference":null},{"@id":189,"drawnFrame":false,"labelManager":{"labels":[],"mainLabel":null},"shape":null,"containedVertices":[140,150,170,175],"containedVertexGroups":[],"touchingPairs":[{"vertex0":140,"horizontalPlacementVertex0":"FREE","verticalPlacementVertex0":"TOP","vertex1":150,"horizontalPlacementVertex1":"FREE","verticalPlacementVertex1":"FREE"},{"vertex0":140,"horizontalPlacementVertex0":"FREE","verticalPlacementVertex0":"FREE","vertex1":170,"horizontalPlacementVertex1":"FREE","verticalPlacementVertex1":"FREE"},{"vertex0":140,"horizontalPlacementVertex0":"FREE","verticalPlacementVertex0":"FREE","vertex1":175,"horizontalPlacementVertex1":"FREE","verticalPlacementVertex1":"FREE"}],"portPairings":[{"port0":143,"port1":153},{"port0":145,"port1":173},{"port0":147,"port1":178}],"properties":{},"reference":null}],"edges":[{"@id":190,"ports":[35,44],"labelManager":{"innerLabels":[{"type":"textLabel","@id":191,"inputText":"Simon","labelStyle":4,"shape":null,"layoutText":null}],"allPortLabels":[],"mainLabel":191},"pathStyle":{"@id":192,"description":"default path style","thickness":-1.0,"color":{"argb":"ff000000"}},"paths":[],"properties":{"id":"aaf439491b7118a129d7ca1fa4d287c6"},"reference":null},{"@id":193,"ports":[16,30],"labelManager":{"innerLabels":[{"type":"textLabel","@id":194,"inputText":"Niklas","labelStyle":4,"shape":null,"layoutText":null}],"allPortLabels":[],"mainLabel":194},"pathStyle":192,"paths":[],"properties":{"id":"f2b61f20c6c91162a84765cd44f70e4d"},"reference":null},{"@id":195,"ports":[94,99],"labelManager":{"innerLabels":[{"type":"textLabel","@id":196,"inputText":"Ali","labelStyle":4,"shape":null,"layoutText":null}],"allPortLabels":[],"mainLabel":196},"pathStyle":192,"paths":[],"properties":{"id":"80a9f61ad5479a2e71a451b1361510f5"},"reference":null},{"@id":197,"ports":[84,59,49],"labelManager":{"innerLabels":[{"type":"textLabel","@id":198,"inputText":"Johann","labelStyle":4,"shape":null,"layoutText":null}],"allPortLabels":[],"mainLabel":198},"pathStyle":192,"paths":[],"properties":{"id":"258faf0f9ca45c2e238a42d7e851967b"},"reference":null},{"@id":199,"ports":[16,132],"labelManager":{"innerLabels":[{"type":"textLabel","@id":200,"inputText":"Gabriel","labelStyle":4,"shape":null,"layoutText":null}],"allPortLabels":[],"mainLabel":200},"pathStyle":192,"paths":[],"properties":{"id":"e8ee52762d1117a6b13b0631912ab23c"},"reference":null},{"@id":201,"ports":[130,16],"labelManager":{"innerLabels":[{"type":"textLabel","@id":202,"inputText":"Liam","labelStyle":4,"shape":null,"layoutText":null}],"allPortLabels":[],"mainLabel":202},"pathStyle":192,"paths":[],"properties":{"id":"e1e29b7e5064243ca23ca5602c7e80d6"},"reference":null},{"@id":203,"ports":[16,136],"labelManager":{"innerLabels":[{"type":"textLabel","@id":204,"inputText":"Johannes","labelStyle":4,"shape":null,"layoutText":null}],"allPortLabels":[],"mainLabel":204},"pathStyle":192,"paths":[],"properties":{"id":"c0cf37b6f42bc40fdbb8e0d5774ddeb8"},"reference":null},{"@id":205,"ports":[12,106],"labelManager":{"innerLabels":[{"type":"textLabel","@id":206,"inputText":"Daniel","labelStyle":4,"shape":null,"layoutText":null}],"allPortLabels":[],"mainLabel":206},"pathStyle":192,"paths":[],"properties":{"id":"a6f966fdf64f2e5b7d19b1b5d6ba1116"},"reference":null},{"@id":207,"ports":[20,163],"labelManager":{"innerLabels":[{"type":"textLabel","@id":208,"inputText":"Karl","labelStyle":64,"shape":null,"layoutText":null}],"allPortLabels":[],"mainLabel":208},"pathStyle":{"@id":209,"description":"default path style","thickness":-1.0,"color":{"argb":"ff000000"}},"paths":[],"properties":{},"reference":null},{"@id":210,"ports":[158,61],"labelManager":{"innerLabels":[{"type":"textLabel","@id":211,"inputText":"Samuel","labelStyle":64,"shape":null,"layoutText":null}],"allPortLabels":[],"mainLabel":211},"pathStyle":209,"paths":[],"properties":{},"reference":null},{"@id":212,"ports":[178,40],"labelManager":{"innerLabels":[{"type":"textLabel","@id":213,"inputText":"Valentin","labelStyle":64,"shape":null,"layoutText":null}],"allPortLabels":[],"mainLabel":213},"pathStyle":209,"paths":[],"properties":{},"reference":null},{"@id":214,"ports":[80,168],"labelManager":{"innerLabels":[{"type":"textLabel","@id":215,"inputText":"Oskar","labelStyle":64,"shape":null,"layoutText":null}],"allPortLabels":[],"mainLabel":215},"pathStyle":209,"paths":[],"properties":{},"reference":null},{"@id":216,"ports":[25,153],"labelManager":{"innerLabels":[{"type":"textLabel","@id":217,"inputText":"Christian","labelStyle":64,"shape":null,"layoutText":null}],"allPortLabels":[],"mainLabel":217},"pathStyle":209,"paths":[],"properties":{},"reference":null},{"@id":218,"ports":[89,138],"labelManager":{"innerLabels":[{"type":"textLabel","@id":219,"inputText":"Theo","labelStyle":64,"shape":null,"layoutText":null}],"allPortLabels":[],"mainLabel":219},"pathStyle":209,"paths":[],"properties":{},"reference":null},{"@id":220,"ports":[75,70],"labelManager":{"innerLabels":[{"type":"textLabel","@id":221,"inputText":"Peter","labelStyle":64,"shape":null,"layoutText":null}],"allPortLabels":[],"mainLabel":221},"pathStyle":209,"paths":[],"properties":{},"reference":null},{"@id":222,"ports":[68,173,54,134],"labelManager":{"innerLabels":[{"type":"textLabel","@id":223,"inputText":"Michael","labelStyle":64,"shape":null,"layoutText":null}],"allPortLabels":[],"mainLabel":223},"pathStyle":209,"paths":[],"properties":{},"reference":null}],"edgeBundles":[]}