{"vertices":[{"@id":1,"shape":{"type":"rect","xposition":"NaN","yposition":"NaN","width":"NaN","height":"NaN","shapeStyle":{"@id":2,"description":"default shape style","color":{"argb":"ff000000"}}},"labelManager":{"labels":[{"type":"textLabel","@id":3,"inputText":"Elias","labelStyle":{"@id":4,"description":"default text label style","font":{"fontName":"SansSerif","style":0,"size":10},"noBreak":false,"color":{"argb":"ff000000"},"showLabel":true,"placement":"FREE","horizontalPlacement":"FREE","verticalPlacement":"FREE"},"shape":null,"layoutText":null}],"mainLabel":3},"portCompositions":[{"type":"port","@id":5,"shape":{"type":"rect","xposition":"NaN","yposition":"NaN","width":"NaN","height":"NaN","shapeStyle":2},"labelManager":{"labels":[{"type":"textLabel","@id":6,"inputText":"1","labelStyle":4,"shape":null,"layoutText":null}],"mainLabel":6},"properties":{"id":"7403b9fee03c6a4dca62632fb774e020"},"orientationAtVertex":"FREE","reference":null}],"properties":{"id":"0ef69cf2fb3df66d8181f035d70f1919","type":"splice"},"reference":null},{"@id":7,"shape":{"type":"rect","xposition":"NaN","yposition":"NaN","width":"NaN","height":"NaN","shapeStyle":2},"labelManager":{"labels":[{"type":"textLabel","@id":8,"inputText":"Lukas","labelStyle":4,"shape":null,"layoutText":null}],"mainLabel":8},"portCompositions":[{"type":"portGroup","@id":9,"ordered":false,"portCompositions":[{"type":"port","@id":10,"shape":{"type":"rect","xposition":"NaN","yposition":"NaN","width":"NaN","height":"NaN","shapeStyle":2},"labelManager":{"labels":[{"type":"textLabel","@id":11,"inputText":"1","labelStyle":4,"shape":null,"layoutText":null}],"mainLabel":11},"properties":{"id":"589f84581938e0e079a38f859d6c786a"},"orientationAtVertex":"FREE","reference":null},{"type":"port","@id":12,"shape":{"type":"rect","xposition":"NaN","yposition":"NaN","width":"NaN","height":"NaN","shapeStyle":2},"labelManager":{"labels":[{"type":"textLabel","@id":13,"inputText":"3","labelStyle":4,"shape":null,"layoutText":null}],"mainLabel":13},"properties":{"id":"669c8d04a378351833f52d97b4bbae57"},"orientationAtVertex":"FREE","reference":null},{"type":"port","@id":14,"shape":{"type":"rect","xposition":"NaN","yposition":"NaN","width":"NaN","height":"NaN","shapeStyle":{"@id":15,"description":"default shape style","color":{"argb":"ff000000"}}},"labelManager":{"labels":[{"type":"textLabel","@id":16,"inputText":"4","labelStyle":{"@id":17,"description":"default text label style","font":{"fontName":"SansSerif","style":0,"size":10},"noBreak":false,"color":{"argb":"ff000000"},"showLabel":true,"placement":"FREE","horizontalPlacement":"FREE","verticalPlacement":"FREE"},"shape":null,"layoutText":null}],"mainLabel":16},"properties":{},"orientationAtVertex":"FREE","reference":null},{"type":"port","@id":18,"shape":{"type":"rect","xposition":"NaN","yposition":"NaN","width":"NaN","height":"NaN","shapeStyle":15},"labelManager":{"labels":[{"type":"textLabel","@id":19,"inputText":"2","labelStyle":17,"shape":null,"layoutText":null}],"mainLabel":19},"properties":{},"orientationAtVertex":"FREE","reference":null}],"properties":{},"reference":null}],"properties":{"id":"61bb8877a8471c99e7194fac741ae0fd","type":"plug"},"reference":null},{"@id":20,"shape":{"type":"rect","xposition":"NaN","yposition":"NaN","width":"NaN","height":"NaN","shapeStyle":2},"labelManager":{"labels":[{"type":"textLabel","@id":21,"inputText":"David","labelStyle":4,"shape":null,"layoutText":null}],"mainLabel":21},"portCompositions":[{"type":"portGroup","@id":22,"ordered":false,"portCompositions":[{"type":"port","@id":23,"shape":{"type":"rect","xposition":"NaN","yposition":"NaN","width":"NaN","height":"NaN","shapeStyle":2},"labelManager":{"labels":[{"type":"textLabel","@id":24,"inputText":"1","labelStyle":4,"shape":null,"layoutText":null}],"mainLabel":24},"properties":{"id":"4c5fd4909a281071e177a42c15fa00a3"},"orientationAtVertex":"FREE","reference":null},{"type":"port","@id":25,"shape":{"type":"rect","xposition":"NaN","yposition":"NaN","width":"NaN","height":"NaN","shapeStyle":2},"labelManager":{"labels":[{"type":"textLabel","@id":26,"inputText":"3","labelStyle":4,"shape":null,"layoutText":null}],"mainLabel":26},"properties":{"id":"66f849599ab50640607fa4d3c5a51747"},"orientationAtVertex":"FREE","reference":null},{"type":"port","@id":27,"shape":{"type":"rect","xposition":"NaN","yposition":"NaN","width":"NaN","height":"NaN","shapeStyle":15},"labelManager":{"labels":[{"type":"textLabel","@id":28,"inputText":"4","labelStyle":17,"shape":null,"layoutText":null}],"mainLabel":28},"properties":{},"orientationAtVertex":"FREE","reference":null},{"type":"port","@id":29,"shape":{"type":"rect","xposition":"NaN","yposition":"NaN","width":"NaN","height":"NaN","shapeStyle":15},"labelManager":{"labels":[{"type":"textLabel","@id":30,"inputText":"2","labelStyle":17,"shape":null,"layoutText":null}],"mainLabel":30},"properties":{},"orientationAtVertex":"FREE","reference":null}],"properties":{},"reference":null}],"properties":{"id":"e3010c5ce3736e83cda6f575b833e09f","type":"plug"},"reference":null},{"@id":31,"shape":{"type":"rect","xposition":"NaN","yposition":"NaN","width":"NaN","height":"NaN","shapeStyle":2},"labelManager":{"labels":[{"type":"textLabel","@id":32,"inputText":"Maximilian","labelStyle":4,"shape":null,"layoutText":null}],"mainLabel":32},"portCompositions":[{"type":"port","@id":33,"shape":{"type":"rect","xposition":"NaN","yposition":"NaN","width":"NaN","height":"NaN","shapeStyle":2},"labelManager":{"labels":[{"type":"textLabel","@id":34,"inputText":"1","labelStyle":4,"shape":null,"layoutText":null}],"mainLabel":34},"properties":{"id":"4620a18bc90d11caaef03ff375969438"},"orientationAtVertex":"FREE","reference":null}],"properties":{"id":"906fb9a8210c6582202909c7e8d88720","type":"splice"},"reference":null},{"@id":35,"shape":{"type":"rect","xposition":"NaN","yposition":"NaN","width":"NaN","height":"NaN","shapeStyle":2},"labelManager":{"labels":[{"type":"textLabel","@id":36,"inputText":"Finn","labelStyle":4,"shape":null,"layoutText":null}],"mainLabel":36},"portCompositions":[{"type":"port","@id":37,"shape":{"type":"rect","xposition":"NaN","yposition":"NaN","width":"NaN","height":"NaN","shapeStyle":2},"labelManager":{"labels":[{"type":"textLabel","@id":38,"inputText":"1","labelStyle":4,"shape":null,"layoutText":null}],"mainLabel":38},"properties":{"id":"cd6cda05398e0ce51d901a62c9754434"},"orientationAtVertex":"FREE","reference":null}],"properties":{"id":"818cceb66ba9644e8f144779aa561d45","type":"splice"},"reference":null},{"@id":39,"shape":{"type":"rect","xposition":"NaN","yposition":"NaN","width":"NaN","height":"NaN","shapeStyle":2},"labelManager":{"labels":[{"type":"textLabel","@id":40,"inputText":"Paul","labelStyle":4,"shape":null,"layoutText":null}],"mainLabel":40},"portCompositions":[{"type":"portGroup","@id":41,"ordered":false,"portCompositions":[{"type":"port","@id":42,"shape":{"type":"rect","xposition":"NaN","yposition":"NaN","width":"NaN","height":"NaN","shapeStyle":2},"labelManager":{"labels":[{"type":"textLabel","@id":43,"inputText":"3","labelStyle":4,"shape":null,"layoutText":null}],"mainLabel":43},"properties":{"id":"112b809b157972a634cfa987354b0a5f"},"orientationAtVertex":"FREE","reference":null},{"type":"port","@id":44,"shape":{"type":"rect","xposition":"NaN","yposition":"NaN","width":"NaN","height":"NaN","shapeStyle":2},"labelManager":{"labels":[{"type":"textLabel","@id":45,"inputText":"2","labelStyle":4,"shape":null,"layoutText":null}],"mainLabel":45},"properties":{"id":"86d8a629e915612145c9c3f4e6fd57ee"},"orientationAtVertex":"FREE","reference":null},{"type":"port","@id":46,"shape":{"type":"rect","xposition":"NaN","yposition":"NaN","width":"NaN","height":"NaN","shapeStyle":2},"labelManager":{"labels":[{"type":"textLabel","@id":47,"inputText":"4","labelStyle":4,"shape":null,"layoutText":null}],"mainLabel":47},"properties":{"id":"ebf0994d7d22eec5073f3175826af086"},"orientationAtVertex":"FREE","reference":null},{"type":"port","@id":48,"shape":{"type":"rect","xposition":"NaN","yposition":"NaN","width":"NaN","height":"NaN","shapeStyle":15},"labelManager":{"labels":[{"type":"textLabel","@id":49,"inputText":"1","labelStyle":17,"shape":null,"layoutText":null}],"mainLabel":49},"properties":{},"orientationAtVertex":"FREE","reference":null}],"properties":{},"reference":null}],"properties":{"id":"a14605a659d6da865e3e00d264ef6896","type":"plug"},"reference":null},{"@id":50,"shape":{"type":"rect","xposition":"NaN","yposition":"NaN","width":"NaN","height":"NaN","shapeStyle":2},"labelManager":{"labels":[{"type":"textLabel","@id":51,"inputText":"Ben","labelStyle":4,"shape":null,"layoutText":null}],"mainLabel":51},"portCompositions":[{"type":"portGroup","@id":52,"ordered":false,"portCompositions":[{"type":"port","@id":53,"shape":{"type":"rect","xposition":"NaN","yposition":"NaN","width":"NaN","height":"NaN","shapeStyle":2},"labelManager":{"labels":[{"type":"textLabel","@id":54,"inputText":"3","labelStyle":4,"shape":null,"layoutText":null}],"mainLabel":54},"properties":{"id":"0e6990cbe4bb877d5ad0b6ff98c87479"},"orientationAtVertex":"FREE","reference":null},{"type":"port","@id":55,"shape":{"type":"rect","xposition":"NaN","yposition":"NaN","width":"NaN","height":"NaN","shapeStyle":2},"labelManager":{"labels":[{"type":"textLabel","@id":56,"inputText":"2","labelStyle":4,"shape":null,"layoutText":null}],"mainLabel":56},"properties":{"id":"5fc9d1017ec586951b0349d0ad8a200a"},"orientationAtVertex":"FREE","reference":null},{"type":"port","@id":57,"shape":{"type":"rect","xposition":"NaN","yposition":"NaN","width":"NaN","height":"NaN","shapeStyle":2},"labelManager":{"labels":[{"type":"textLabel","@id":58,"inputText":"4","labelStyle":4,"shape":null,"layoutText":null}],"mainLabel":58},"properties":{"id":"ed3aea20d515b05ec4d5c8c79e179b93"},"orientationAtVertex":"FREE","reference":null},{"type":"port","@id":59,"shape":{"type":"rect","xposition":"NaN","yposition":"NaN","width":"NaN","height":"NaN","shapeStyle":15},"labelManager":{"labels":[{"type":"textLabel","@id":60,"inputText":"1","labelStyle":17,"shape":null,"layoutText":null}],"mainLabel":60},"properties":{},"orientationAtVertex":"FREE","reference":null}],"properties":{},"reference":null}],"properties":{"id":"486505b638c874723ce8658dd66eb4bf","type":"plug"},"reference":null},{"@id":61,"shape":{"type":"rect","xposition":"NaN","yposition":"NaN","width":"NaN","height":"NaN","shapeStyle":2},"labelManager":{"labels":[{"type":"textLabel","@id":62,"inputText":"Leonard","labelStyle":4,"shape":null,"layoutText":null}],"mainLabel":62},"portCompositions":[{"type":"portGroup","@id":63,"ordered":false,"portCompositions":[{"type":"port","@id":64,"shape":{"type":"rect","xposition":"NaN","yposition":"NaN","width":"NaN","height":"NaN","shapeStyle":2},"labelManager":{"labels":[{"type":"textLabel","@id":65,"inputText":"3","labelStyle":4,"shape":null,"layoutText":null}],"mainLabel":65},"properties":{"id":"516ac4184b8671df34461c261b40779c"},"orientationAtVertex":"FREE","reference":null},{"type":"port","@id":66,"shape":{"type":"rect","xposition":"NaN","yposition":"NaN","width":"NaN","height":"NaN","shapeStyle":2},"labelManager":{"labels":[{"type":"textLabel","@id":67,"inputText":"2","labelStyle":4,"shape":null,"layoutText":null}],"mainLabel":67},"properties":{"id":"4a89d0c8314801041e37bdc9cf582cc2"},"orientationAtVertex":"FREE","reference":null},{"type":"port","@id":68,"shape":{"type":"rect","xposition":"NaN","yposition":"NaN","width":"NaN","height":"NaN","shapeStyle":2},"labelManager":{"labels":[{"type":"textLabel","@id":69,"inputText":"1","labelStyle":4,"shape":null,"layoutText":null}],"mainLabel":69},"properties":{"id":"042be9fd4209a8afae1e43fd16b62cac"},"orientationAtVertex":"FREE","reference":null},{"type":"port","@id":70,"shape":{"type":"rect","xposition":"NaN","yposition":"NaN","width":"NaN","height":"NaN","shapeStyle":2},"labelManager":{"labels":[{"type":"textLabel","@id":71,"inputText":"4","labelStyle":4,"shape":null,"layoutText":null}],"mainLabel":71},"properties":{"id":"b111202f5213fbb9b9c5616925a03d47"},"orientationAtVertex":"FREE","reference":null}],"properties":{},"reference":null}],"properties":{"id":"beab7aef4db4f62b186bb7e039294d59","type":"plug"},"reference":null},{"@id":72,"shape":{"type":"rect","xposition":"NaN","yposition":"NaN","width":"NaN","height":"NaN","shapeStyle":2},"labelManager":{"labels":[{"type":"textLabel","@id":73,"inputText":"Julian","labelStyle":4,"shape":null,"layoutText":null}],"mainLabel":73},"portCompositions":[{"type":"portGroup","@id":74,"ordered":false,"portCompositions":[{"type":"port","@id":75,"shape":{"type":"rect","xposition":"NaN","yposition":"NaN","width":"NaN","height":"NaN","shapeStyle":2},"labelManager":{"labels":[{"type":"textLabel","@id":76,"inputText":"3","labelStyle":4,"shape":null,"layoutText":null}],"mainLabel":76},"properties":{"id":"442703e989b58c0c00d3523a882149ac"},"orientationAtVertex":"FREE","reference":null},{"type":"port","@id":77,"shape":{"type":"rect","xposition":"NaN","yposition":"NaN","width":"NaN","height":"NaN","shapeStyle":2},"labelManager":{"labels":[{"type":"textLabel","@id":78,"inputText":"2","labelStyle":4,"shape":null,"layoutText":null}],"mainLabel":78},"properties":{"id":"23d8825c6e70c9b0ffb26d657df11f11"},"orientationAtVertex":"FREE","reference":null},{"type":"port","@id":79,"shape":{"type":"rect","xposition":"NaN","yposition":"NaN","width":"NaN","height":"NaN","shapeStyle":2},"labelManager":{"labels":[{"type":"textLabel","@id":80,"inputText":"1","labelStyle":4,"shape":null,"layoutText":null}],"mainLabel":80},"properties":{"id":"a24ac32e0408fc8e5d604d329039ea18"},"orientationAtVertex":"FREE","reference":null},{"type":"port","@id":81,"shape":{"type":"rect","xposition":"NaN","yposition":"NaN","width":"NaN","height":"NaN","shapeStyle":2},"labelManager":{"labels":[{"type":"textLabel","@id":82,"inputText":"4","labelStyle":4,"shape":null,"layoutText":null}],"mainLabel":82},"properties":{"id":"d27d37a34bcc89a4b7eab7d391980312"},"orientationAtVertex":"FREE","reference":null}],"properties":{},"reference":null}],"properties":{"id":"df0affb71f30fa346a2edbe50b9c7019","type":"plug"},"reference":null},{"@id":83,"shape":{"type":"rect","xposition":"NaN","yposition":"NaN","width":"NaN","height":"NaN","shapeStyle":2},"labelManager":{"labels":[{"type":"textLabel","@id":84,"inputText":"Julius","labelStyle":4,"shape":null,"layoutText":null}],"mainLabel":84},"portCompositions":[{"type":"portGroup","@id":85,"ordered":false,"portCompositions":[{"type":"port","@id":86,"shape":{"type":"rect","xposition":"NaN","yposition":"NaN","width":"NaN","height":"NaN","shapeStyle":2},"labelManager":{"labels":[{"type":"textLabel","@id":87,"inputText":"2","labelStyle":4,"shape":null,"layoutText":null}],"mainLabel":87},"properties":{"id":"5d1f9a73423b2691ba8512298678a416"},"orientationAtVertex":"FREE","reference":null},{"type":"port","@id":88,"shape":{"type":"rect","xposition":"NaN","yposition":"NaN","width":"NaN","height":"NaN","shapeStyle":2},"labelManager":{"labels":[{"type":"textLabel","@id":89,"inputText":"3","labelStyle":4,"shape":null,"layoutText":null}],"mainLabel":89},"properties":{"id":"866d363405e7ccefdf1fbdbd5d10aeba"},"orientationAtVertex":"FREE","reference":null},{"type":"port","@id":90,"shape":{"type":"rect","xposition":"NaN","yposition":"NaN","width":"NaN","height":"NaN","shapeStyle":15},"labelManager":{"labels":[{"type":"textLabel","@id":91,"inputText":"1","labelStyle":17,"shape":null,"layoutText":null}],"mainLabel":91},"properties":{},"orientationAtVertex":"FREE","reference":null}],"properties":{},"reference":null}],"properties":{"id":"88b7effc6d7221523d542ec1ccac320a","type":"plug"},"reference":null},{"@id":92,"shape":{"type":"rect","xposition":"NaN","yposition":"NaN","width":"NaN","height":"NaN","shapeStyle":2},"labelManager":{"labels":[{"type":"textLabel","@id":93,"inputText":"Emil","labelStyle":4,"shape":null,"layoutText":null}],"mainLabel":93},"portCompositions":[{"type":"portGroup","@id":94,"ordered":false,"portCompositions":[{"type":"port","@id":95,"shape":{"type":"rect","xposition":"NaN","yposition":"NaN","width":"NaN","height":"NaN","shapeStyle":2},"labelManager":{"labels":[{"type":"textLabel","@id":96,"inputText":"2","labelStyle":4,"shape":null,"layoutText":null}],"mainLabel":96},"properties":{"id":"5112b4986dd469d99f33cd4a156d2a61"},"orientationAtVertex":"FREE","reference":null},{"type":"port","@id":97,"shape":{"type":"rect","xposition":"NaN","yposition":"NaN","width":"NaN","height":"NaN","shapeStyle":2},"labelManager":{"labels":[{"type":"textLabel","@id":98,"inputText":"3","labelStyle":4,"shape":null,"layoutText":null}],"mainLabel":98},"properties":{"id":"773774cd27a120d70da649217fd283a4"},"orientationAtVertex":"FREE","reference":null},{"type":"port","@id":99,"shape":{"type":"rect","xposition":"NaN","yposition":"NaN","width":"NaN","height":"NaN","shapeStyle":15},"labelManager":{"labels":[{"type":"textLabel","@id":100,"inputText":"1","labelStyle":17,"shape":null,"layoutText":null}],"mainLabel":100},"properties":{},"orientationAtVertex":"FREE","reference":null}],"properties":{},"reference":null}],"properties":{"id":"2c527f62708740ea80a0b67fec7f0cd0","type":"plug"},"reference":null},{"@id":101,"shape":{"type":"rect","xposition":"NaN","yposition":"NaN","width":"NaN","height":"NaN","shapeStyle":2},"labelManager":{"labels":[{"type":"textLabel","@id":102,"inputText":"Felix","labelStyle":4,"shape":null,"layoutText":null}],"mainLabel":102},"portCompositions":[{"type":"portGroup","@id":103,"ordered":false,"portCompositions":[{"type":"port","@id":104,"shape":{"type":"rect","xposition":"NaN","yposition":"NaN","width":"NaN","height":"NaN","shapeStyle":2},"labelManager":{"labels":[{"type":"textLabel","@id":105,"inputText":"1","labelStyle":4,"shape":null,"layoutText":null}],"mainLabel":105},"properties":{"id":"85fff950fc26592c263bb94d61084add"},"orientationAtVertex":"FREE","reference":null},{"type":"port","@id":106,"shape":{"type":"rect","xposition":"NaN","yposition":"NaN","width":"NaN","height":"NaN","shapeStyle":2},"labelManager":{"labels":[{"type":"textLabel","@id":107,"inputText":"4","labelStyle":4,"shape":null,"layoutText":null}],"mainLabel":107},"properties":{"id":"41729cd7fa2fe0a310036796c82d62a7"},"orientationAtVertex":"FREE","reference":null},{"type":"port","@id":108,"shape":{"type":"rect","xposition":"NaN","yposition":"NaN","width":"NaN","height":"NaN","shapeStyle":2},"labelManager":{"labels":[{"type":"textLabel","@id":109,"inputText":"2","labelStyle":4,"shape":null,"layoutText":null}],"mainLabel":109},"properties":{"id":"8877cb89d87176ec4e579553f6d75f43"},"orientationAtVertex":"FREE","reference":null},{"type":"port","@id":110,"shape":{"type":"rect","xposition":"NaN","yposition":"NaN","width":"NaN","height":"NaN","shapeStyle":2},"labelManager":{"labels":[{"type":"textLabel","@id":111,"inputText":"5","labelStyle":4,"shape":null,"layoutText":null}],"mainLabel":111},"properties":{"id":"c10cd240f585e4a251c4c6f6d56dff93"},"orientationAtVertex":"FREE","reference":null},{"type":"port","@id":112,"shape":{"type":"rect","xposition":"NaN","yposition":"NaN","width":"NaN","height":"NaN","shapeStyle":15},"labelManager":{"labels":[{"type":"textLabel","@id":113,"inputText":"3","labelStyle":17,"shape":null,"layoutText":null}],"mainLabel":113},"properties":{},"orientationAtVertex":"FREE","reference":null}],"properties":{},"reference":null}],"properties":{"id":"f3bb93742f9befdfcec1f72faf7b3418","type":"plug"},"reference":null},{"@id":114,"shape":{"type":"rect","xposition":"NaN","yposition":"NaN","width":"NaN","height":"NaN","shapeStyle":2},"labelManager":{"labels":[{"type":"textLabel","@id":115,"inputText":"Noah","labelStyle":4,"shape":null,"layoutText":null}],"mainLabel":115},"portCompositions":[{"type":"portGroup","@id":116,"ordered":false,"portCompositions":[{"type":"port","@id":117,"shape":{"type":"rect","xposition":"NaN","yposition":"NaN","width":"NaN","height":"NaN","shapeStyle":2},"labelManager":{"labels":[{"type":"textLabel","@id":118,"inputText":"1","labelStyle":4,"shape":null,"layoutText":null}],"mainLabel":118},"properties":{"id":"64fa24572a36550d71999631c36e25d7"},"orientationAtVertex":"FREE","reference":null},{"type":"port","@id":119,"shape":{"type":"rect","xposition":"NaN","yposition":"NaN","width":"NaN","height":"NaN","shapeStyle":2},"labelManager":{"labels":[{"type":"textLabel","@id":120,"inputText":"4","labelStyle":4,"shape":null,"layoutText":null}],"mainLabel":120},"properties":{"id":"5390b322bcfa1f1ffbd9d611453985f6"},"orientationAtVertex":"FREE","reference":null},{"type":"port","@id":121,"shape":{"type":"rect","xposition":"NaN","yposition":"NaN","width":"NaN","height":"NaN","shapeStyle":2},"labelManager":{"labels":[{"type":"textLabel","@id":122,"inputText":"2","labelStyle":4,"shape":null,"layoutText":null}],"mainLabel":122},"properties":{"id":"bd21e076692d411f012b3340c5499f89"},"orientationAtVertex":"FREE","reference":null},{"type":"port","@id":123,"shape":{"type":"rect","xposition":"NaN","yposition":"NaN","width":"NaN","height":"NaN","shapeStyle":2},"labelManager":{"labels":[{"type":"textLabel","@id":124,"inputText":"5","labelStyle":4,"shape":null,"layoutText":null}],"mainLabel":124},"properties":{"id":"24ebfdfc502dd7084963e234cac8f83c"},"orientationAtVertex":"FREE","reference":null},{"type":"port","@id":125,"shape":{"type":"rect","xposition":"NaN","yposition":"NaN","width":"NaN","height":"NaN","shapeStyle":15},"labelManager":{"labels":[{"type":"textLabel","@id":126,"inputText":"3","labelStyle":17,"shape":null,"layoutText":null}],"mainLabel":126},"properties":{},"orientationAtVertex":"FREE","reference":null}],"properties":{},"reference":null}],"properties":{"id":"b6a48b38284cebda3fe21675bae6e4ec","type":"plug"},"reference":null},{"@id":127,"shape":{"type":"rect","xposition":"NaN","yposition":"NaN","width":"NaN","height":"NaN","shapeStyle":2},"labelManager":{"labels":[{"type":"textLabel","@id":128,"inputText":"Jonas","labelStyle":4,"shape":null,"layoutText":null}],"mainLabel":128},"portCompositions":[{"type":"portGroup","@id":129,"ordered":false,"portCompositions":[{"type":"port","@id":130,"shape":{"type":"rect","xposition":"NaN","yposition":"NaN","width":"NaN","height":"NaN","shapeStyle":2},"labelManager":{"labels":[{"type":"textLabel","@id":131,"inputText":"1","labelStyle":4,"shape":null,"layoutText":null}],"mainLabel":131},"properties":{"id":"c7f7bdb1c4d1ccb96f6cccfd6de02f4e"},"orientationAtVertex":"FREE","reference":null},{"type":"port","@id":132,"shape":{"type":"rect","xposition":"NaN","yposition":"NaN","width":"NaN","height":"NaN","shapeStyle":2},"labelManager":{"labels":[{"type":"textLabel","@id":133,"inputText":"3","labelStyle":4,"shape":null,"layoutText":null}],"mainLabel":133},"properties":{"id":"e0bef3be6f59c1fdcd86307a04d4b2e4"},"orientationAtVertex":"FREE","reference":null},{"type":"port","@id":134,"shape":{"type":"rect","xposition":"NaN","yposition":"NaN","width":"NaN","height":"NaN","shapeStyle":2},"labelManager":{"labels":[{"type":"textLabel","@id":135,"inputText":"2","labelStyle":4,"shape":null,"layoutText":null}],"mainLabel":135},"properties":{"id":"33c4a7e71b0dffbcc434499ba23c0388"},"orientationAtVertex":"FREE","reference":null}],"properties":{},"reference":null}],"properties":{"id":"023ee0ba5b3254c5f3a64e4faea8d26e","type":"plug"},"reference":null},{"@id":136,"shape":{"type":"rect","xposition":"NaN","yposition":"NaN","width":"NaN","height":"NaN","shapeStyle":2},"labelManager":{"labels":[{"type":"textLabel","@id":137,"inputText":"Benjamin","labelStyle":4,"shape":null,"layoutText":null}],"mainLabel":137},"portCompositions":[{"type":"portGroup","@id":138,"ordered":false,"portCompositions":[{"type":"port","@id":139,"shape":{"type":"rect","xposition":"NaN","yposition":"NaN","width":"NaN","height":"NaN","shapeStyle":2},"labelManager":{"labels":[{"type":"textLabel","@id":140,"inputText":"1","labelStyle":4,"shape":null,"layoutText":null}],"mainLabel":140},"properties":{"id":"1d4c297425ca5d89262fa527cf216897"},"orientationAtVertex":"FREE","reference":null},{"type":"port","@id":141,"shape":{"type":"rect","xposition":"NaN","yposition":"NaN","width":"NaN","height":"NaN","shapeStyle":2},"labelManager":{"labels":[{"type":"textLabel","@id":142,"inputText":"3","labelStyle":4,"shape":null,"layoutText":null}],"mainLabel":142},"properties":{"id":"36842a431b8c9755af6be3b42478d08a"},"orientationAtVertex":"FREE","reference":null},{"type":"port","@id":143,"shape":{"type":"rect","xposition":"NaN","yposition":"NaN","width":"NaN","height":"NaN","shapeStyle":2},"labelManager":{"labels":[{"type":"textLabel","@id":144,"inputText":"2","labelStyle":4,"shape":null,"layoutText":null}],"mainLabel":144},"properties":{"id":"ef7ecd2161cdb38edb3a8fecdd90f625"},"orientationAtVertex":"FREE","reference":null}],"properties":{},"reference":null}],"properties":{"id":"0d541a13437cd3c824b74c3becd07503","type":"plug"},"reference":null},{"@id":145,"shape":{"type":"rect","xposition":"NaN","yposition":"NaN","width":"NaN","height":"NaN","shapeStyle":2},"labelManager":{"labels":[{"type":"textLabel","@id":146,"inputText":"Jakob","labelStyle":4,"shape":null,"layoutText":null}],"mainLabel":146},"portCompositions":[{"type":"port","@id":147,"shape":{"type":"rect","xposition":"NaN","yposition":"NaN","width":"NaN","height":"NaN","shapeStyle":2},"labelManager":{"labels":[{"type":"textLabel","@id":148,"inputText":"1","labelStyle":4,"shape":null,"layoutText":null}],"mainLabel":148},"properties":{"id":"03b2ecd661087ab5c3b9e03295ca817b"},"orientationAtVertex":"FREE","reference":null}],"properties":{"id":"98ade3b6a1ae3185b2488b2882db33ec","type":"splice"},"reference":null},{"@id":149,"shape":{"type":"rect","xposition":"NaN","yposition":"NaN","width":"NaN","height":"NaN","shapeStyle":2},"labelManager":{"labels":[{"type":"textLabel","@id":150,"inputText":"Alexander","labelStyle":4,"shape":null,"layoutText":null}],"mainLabel":150},"portCompositions":[{"type":"portGroup","@id":151,"ordered":false,"portCompositions":[{"type":"port","@id":152,"shape":{"type":"rect","xposition":"NaN","yposition":"NaN","width":"NaN","height":"NaN","shapeStyle":2},"labelManager":{"labels":[{"type":"textLabel","@id":153,"inputText":"1","labelStyle":4,"shape":null,"layoutText":null}],"mainLabel":153},"properties":{"id":"00d41eeec89f0c4119fbe835f4c5bd88"},"orientationAtVertex":"FREE","reference":null},{"type":"port","@id":154,"shape":{"type":"rect","xposition":"NaN","yposition":"NaN","width":"NaN","height":"NaN","shapeStyle":2},"labelManager":{"labels":[{"type":"textLabel","@id":155,"inputText":"2","labelStyle":4,"shape":null,"layoutText":null}],"mainLabel":155},"properties":{"id":"0582fe53880b331d9cc6a241de3bb71d"},"orientationAtVertex":"FREE","reference":null},{"type":"port","@id":156,"shape":{"type":"rect","xposition":"NaN","yposition":"NaN","width":"NaN","height":"NaN","shapeStyle":2},"labelManager":{"labels":[{"type":"textLabel","@id":157,"inputText":"3","labelStyle":4,"shape":null,"layoutText":null}],"mainLabel":157},"properties":{"id":"afeccc114896f25aca4f8f06461272a6"},"orientationAtVertex":"FREE","reference":null}],"properties":{},"reference":null}],"properties":{"id":"b427c9718a5c0e76bda5a8b83d436e04","type":"plug"},"reference":null},{"@id":158,"shape":{"type":"rect","xposition":"NaN","yposition":"NaN","width":"NaN","height":"NaN","shapeStyle":2},"labelManager":{"labels":[{"type":"textLabel","@id":159,"inputText":"Moritz","labelStyle":4,"shape":null,"layoutText":null}],"mainLabel":159},"portCompositions":[{"type":"portGroup","@id":160,"ordered":false,"portCompositions":[{"type":"port","@id":161,"shape":{"type":"rect","xposition":"NaN","yposition":"NaN","width":"NaN","height":"NaN","shapeStyle":2},"labelManager":{"labels":[{"type":"textLabel","@id":162,"inputText":"1","labelStyle":4,"shape":null,"layoutText":null}],"mainLabel":162},"properties":{"id":"94f8a53550180ae2dfbf436e93f2822f"},"orientationAtVertex":"FREE","reference":null},{"type":"port","@id":163,"shape":{"type":"rect","xposition":"NaN","yposition":"NaN","width":"NaN","height":"NaN","shapeStyle":2},"labelManager":{"labels":[{"type":"textLabel","@id":164,"inputText":"2","labelStyle":4,"shape":null,"layoutText":null}],"mainLabel":164},"properties":{"id":"318ad05fee05de84870cbc66126b7fc9"},"orientationAtVertex":"FREE","reference":null},{"type":"port","@id":165,"shape":{"type":"rect","xposition":"NaN","yposition":"NaN","width":"NaN","height":"NaN","shapeStyle":2},"labelManager":{"labels":[{"type":"textLabel","@id":166,"inputText":"3","labelStyle":4,"shape":null,"layoutText":null}],"mainLabel":166},"properties":{"id":"0066608abac9139cd327a2bf14c64c3e"},"orientationAtVertex":"FREE","reference":null}],"properties":{},"reference":null}],"properties":{"id":"85d712f3a004ecc4a16b73d349fdebc3","type":"plug"},"reference":null},{"@id":167,"shape":{"type":"rect","xposition":"NaN","yposition":"NaN","width":"NaN","height":"NaN","shapeStyle":2},"labelManager":{"labels":[{"type":"textLabel","@id":168,"inputText":"Louis","labelStyle":4,"shape":null,"layoutText":null}],"mainLabel":168},"portCompositions":[{"type":"portGroup","@id":169,"ordered":false,"portCompositions":[{"type":"port","@id":170,"shape":{"type":"rect","xposition":"NaN","yposition":"NaN","width":"NaN","height":"NaN","shapeStyle":2},"labelManager":{"labels":[{"type":"textLabel","@id":171,"inputText":"2","labelStyle":4,"shape":null,"layoutText":null}],"mainLabel":171},"properties":{"id":"e23375dc716a62f0d247de6f308af96e"},"orientationAtVertex":"FREE","reference":null},{"type":"port","@id":172,"shape":{"type":"rect","xposition":"NaN","yposition":"NaN","width":"NaN","height":"NaN","shapeStyle":2},"labelManager":{"labels":[{"type":"textLabel","@id":173,"inputText":"1","labelStyle":4,"shape":null,"layoutText":null}],"mainLabel":173},"properties":{"id":"4d0646ddca614a0f1129afe2c107883f"},"orientationAtVertex":"FREE","reference":null}],"properties":{},"reference":null}],"properties":{"id":"13035e45482c6ffd7a05577d6ed7b1cc","type":"plug"},"reference":null},{"@id":174,"shape":{"type":"rect","xposition":"NaN","yposition":"NaN","width":"NaN","height":"NaN","shapeStyle":2},"labelManager":{"labels":[{"type":"textLabel","@id":175,"inputText":"Tom","labelStyle":4,"shape":null,"layoutText":null}],"mainLabel":175},"portCompositions":[{"type":"portGroup","@id":176,"ordered":false,"portCompositions":[{"type":"port","@id":177,"shape":{"type":"rect","xposition":"NaN","yposition":"NaN","width":"NaN","height":"NaN","shapeStyle":2},"labelManager":{"labels":[{"type":"textLabel","@id":178,"inputText":"2","labelStyle":4,"shape":null,"layoutText":null}],"mainLabel":178},"properties":{"id":"2a30bd7f35a3eeb039d44c6c5addc546"},"orientationAtVertex":"FREE","reference":null},{"type":"port","@id":179,"shape":{"type":"rect","xposition":"NaN","yposition":"NaN","width":"NaN","height":"NaN","shapeStyle":2},"labelManager":{"labels":[{"type":"textLabel","@id":180,"inputText":"1","labelStyle":4,"shape":null,"layoutText":null}],"mainLabel":180},"properties":{"id":"d52dd8b7bff379f3e632eb56361aad1e"},"orientationAtVertex":"FREE","reference":null}],"properties":{},"reference":null}],"properties":{"id":"f9be8af871edb59b4a49480d3c1e8231","type":"plug"},"reference":null},{"@id":181,"shape":{"type":"rect","xposition":"NaN","yposition":"NaN","width":"NaN","height":"NaN","shapeStyle":2},"labelManager":{"labels":[{"type":"textLabel","@id":182,"inputText":"Max","labelStyle":4,"shape":null,"layoutText":null}],"mainLabel":182},"portCompositions":[{"type":"portGroup","@id":183,"ordered":false,"portCompositions":[{"type":"port","@id":184,"shape":{"type":"rect","xposition":"NaN","yposition":"NaN","width":"NaN","height":"NaN","shapeStyle":2},"labelManager":{"labels":[{"type":"textLabel","@id":185,"inputText":"1","labelStyle":4,"shape":null,"layoutText":null}],"mainLabel":185},"properties":{"id":"72c7dbbcec0d03c19dad6e7fa0fd4053"},"orientationAtVertex":"FREE","reference":null}],"properties":{},"reference":null}],"properties":{"id":"aa1f25476d0a35242beaee544bf2cfb8","type":"device"},"reference":null},{"@id":186,"shape":{"type":"rect","xposition":"NaN","yposition":"NaN","width":"NaN","height":"NaN","shapeStyle":2},"labelManager":{"labels":[{"type":"textLabel","@id":187,"inputText":"Jan","labelStyle":4,"shape":null,"layoutText":null}],"mainLabel":187},"portCompositions":[{"type":"portGroup","@id":188,"ordered":false,"portCompositions":[{"type":"port","@id":189,"shape":{"type":"rect","xposition":"NaN","yposition":"NaN","width":"NaN","height":"NaN","shapeStyle":2},"labelManager":{"labels":[{"type":"textLabel","@id":190,"inputText":"1","labelStyle":4,"shape":null,"layoutText":null}],"mainLabel":190},"properties":{"id":"dd3c5438313e99b54d6e33d236ecbbd4"},"orientationAtVertex":"FREE","reference":null}],"properties":{},"reference":null}],"properties":{"id":"14992b6240155b286b378f7b3045b0b3","type":"socket"},"reference":null},{"@id":191,"shape":{"type":"rect","xposition":"NaN","yposition":"NaN","width":"NaN","height":"NaN","shapeStyle":2},"labelManager":{"labels":[{"type":"textLabel","@id":192,"inputText":"Luca","labelStyle":4,"shape":null,"layoutText":null}],"mainLabel":192},"portCompositions":[{"type":"port","@id":193,"shape":{"type":"rect","xposition":"NaN","yposition":"NaN","width":"NaN","height":"NaN","shapeStyle":2},"labelManager":{"labels":[{"type":"textLabel","@id":194,"inputText":"1","labelStyle":4,"shape":null,"layoutText":null}],"mainLabel":194},"properties":{"id":"a7b628d9fd189e514728aa41ac26bc51"},"orientationAtVertex":"FREE","reference":null}],"properties":{"id":"3d17e6be3d6b93790ca6e276066f333b","type":"splice"},"reference":null},{"@id":195,"shape":null,"labelManager":{"labels":[{"type":"textLabel","@id":196,"inputText":"Leon","labelStyle":17,"shape":null,"layoutText":null}],"mainLabel":196},"portCompositions":[{"type":"portGroup","@id":197,"ordered":false,"portCompositions":[{"type":"port","@id":198,"shape":{"type":"rect","xposition":"NaN","yposition":"NaN","width":"NaN","height":"NaN","shapeStyle":15},"labelManager":{"labels":[{"type":"textLabel","@id":199,"inputText":"1","labelStyle":17,"shape":null,"layoutText":null}],"mainLabel":199},"properties":{},"orientationAtVertex":"FREE","reference":null}],"properties":{},"reference":null}],"properties":{},"reference":null},{"@id":200,"shape":null,"labelManager":{"labels":[{"type":"textLabel","@id":201,"inputText":"Leo","labelStyle":17,"shape":null,"layoutText":null}],"mainLabel":201},"portCompositions":[{"type":"portGroup","@id":202,"ordered":false,"portCompositions":[{"type":"port","@id":203,"shape":{"type":"rect","xposition":"NaN","yposition":"NaN","width":"NaN","height":"NaN","shapeStyle":15},"labelManager":{"labels":[{"type":"textLabel","@id":204,"inputText":"1","labelStyle":17,"shape":null,"layoutText":null}],"mainLabel":204},"properties":{},"orientationAtVertex":"FREE","reference":null}],"properties":{},"reference":null}],"properties":{},"reference":null},{"@id":205,"shape":null,"labelManager":{"labels":[{"type":"textLabel","@id":206,"inputText":"Jonathan","labelStyle":17,"shape":null,"layoutText":null}],"mainLabel":206},"portCompositions":[{"type":"portGroup","@id":207,"ordered":false,"portCompositions":[{"type":"port","@id":208,"shape":{"type":"rect","xposition":"NaN","yposition":"NaN","width":"NaN","height":"NaN","shapeStyle":15},"labelManager":{"labels":[{"type":"textLabel","@id":209,"inputText":"1","labelStyle":17,"shape":null,"layoutText":null}],"mainLabel":209},"properties":{},"orientationAtVertex":"FREE","reference":null}],"properties":{},"reference":null}],"properties":{},"reference":null},{"@id":210,"shape":null,"labelManager":{"labels":[{"type":"textLabel","@id":211,"inputText":"Anton","labelStyle":17,"shape":null,"layoutText":null}],"mainLabel":211},"portCompositions":[{"type":"portGroup","@id":212,"ordered":false,"portCompositions":[{"type":"port","@id":213,"shape":{"type":"rect","xposition":"NaN","yposition":"NaN","width":"NaN","height":"NaN","shapeStyle":15},"labelManager":{"labels":[{"type":"textLabel","@id":214,"inputText":"1","labelStyle":17,"shape":null,"layoutText":null}],"mainLabel":214},"properties":{},"orientationAtVertex":"FREE","reference":null}],"properties":{},"reference":null}],"properties":{},"reference":null},{"@id":215,"shape":null,"labelManager":{"labels":[{"type":"textLabel","@id":216,"inputText":"Jonas","labelStyle":17,"shape":null,"layoutText":null}],"mainLabel":216},"portCompositions":[{"type":"portGroup","@id":217,"ordered":false,"portCompositions":[{"type":"port","@id":218,"shape":{"type":"rect","xposition":"NaN","yposition":"NaN","width":"NaN","height":"NaN","shapeStyle":15},"labelManager":{"labels":[{"type":"textLabel","@id":219,"inputText":"1","labelStyle":17,"shape":null,"layoutText":null}],"mainLabel":219},"properties":{},"orientationAtVertex":"FREE","reference":null},{"type":"port","@id":220,"shape":{"type":"rect","xposition":"NaN","yposition":"NaN","width":"NaN","height":"NaN","shapeStyle":15},"labelManager":{"labels":[{"type":"textLabel","@id":221,"inputText":"2","labelStyle":17,"shape":null,"layoutText":null}],"mainLabel":221},"properties":{},"orientationAtVertex":"FREE","reference":null}],"properties":{},"reference":null}],"properties":{},"reference":null},{"@id":222,"shape":null,"labelManager":{"labels":[{"type":"textLabel","@id":223,"inputText":"Finn","labelStyle":17,"shape":null,"layoutText":null}],"mainLabel":223},"portCompositions":[{"type":"portGroup","@id":224,"ordered":false,"portCompositions":[{"type":"port","@id":225,"shape":{"type":"rect","xposition":"NaN","yposition":"NaN","width":"NaN","height":"NaN","shapeStyle":15},"labelManager":{"labels":[{"type":"textLabel","@id":226,"inputText":"1","labelStyle":17,"shape":null,"layoutText":null}],"mainLabel":226},"properties":{},"orientationAtVertex":"FREE","reference":null},{"type":"port","@id":227,"shape":{"type":"rect","xposition":"NaN","yposition":"NaN","width":"NaN","height":"NaN","shapeStyle":15},"labelManager":{"labels":[{"type":"textLabel","@id":228,"inputText":"2","labelStyle":17,"shape":null,"layoutText":null}],"mainLabel":228},"properties":{},"orientationAtVertex":"FREE","reference":null}],"properties":{},"reference":null}],"properties":{},"reference":null},{"@id":229,"shape":null,"labelManager":{"labels":[{"type":"textLabel","@id":230,"inputText":"Alexander","labelStyle":17,"shape":null,"layoutText":null}],"mainLabel":230},"portCompositions":[{"type":"portGroup","@id":231,"ordered":false,"portCompositions":[{"type":"port","@id":232,"shape":{"type":"rect","xposition":"NaN","yposition":"NaN","width":"NaN","height":"NaN","shapeStyle":15},"labelManager":{"labels":[{"type":"textLabel","@id":233,"inputText":"1","labelStyle":17,"shape":null,"layoutText":null}],"mainLabel":233},"properties":{},"orientationAtVertex":"FREE","reference":null}],"properties":{},"reference":null}],"properties":{},"reference":null},{"@id":234,"shape":null,"labelManager":{"labels":[{"type":"textLabel","@id":235,"inputText":"Moritz","labelStyle":17,"shape":null,"layoutText":null}],"mainLabel":235},"portCompositions":[{"type":"portGroup","@id":236,"ordered":false,"portCompositions":[{"type":"port","@id":237,"shape":{"type":"rect","xposition":"NaN","yposition":"NaN","width":"NaN","height":"NaN","shapeStyle":15},"labelManager":{"labels":[{"type":"textLabel","@id":238,"inputText":"1","labelStyle":17,"shape":null,"layoutText":null}],"mainLabel":238},"properties":{},"orientationAtVertex":"FREE","reference":null}],"properties":{},"reference":null}],"properties":{},"reference":null}],"vertexGroups":[{"@id":239,"drawnFrame":false,"labelManager":{"labels":[],"mainLabel":null},"shape":null,"containedVertices":[7,20],"containedVertexGroups":[],"touchingPairs":[{"vertex0":7,"horizontalPlacementVertex0":"FREE","verticalPlacementVertex0":"TOP","vertex1":20,"horizontalPlacementVertex1":"FREE","verticalPlacementVertex1":"FREE"}],"portPairings":[{"port0":12,"port1":25},{"port0":10,"port1":23},{"port0":14,"port1":27},{"port0":18,"port1":29}],"properties":{},"reference":null},{"@id":240,"drawnFrame":false,"labelManager":{"labels":[],"mainLabel":null},"shape":null,"containedVertices":[39,50],"containedVertexGroups":[],"touchingPairs":[{"vertex0":39,"horizontalPlacementVertex0":"FREE","verticalPlacementVertex0":"TOP","vertex1":50,"horizontalPlacementVertex1":"FREE","verticalPlacementVertex1":"FREE"}],"portPairings":[{"port0":44,"port1":55},{"port0":46,"port1":57},{"port0":42,"port1":53},{"port0":48,"port1":59}],"properties":{},"reference":null},{"@id":241,"drawnFrame":false,"labelManager":{"labels":[],"mainLabel":null},"shape":null,"containedVertices":[61,72],"containedVertexGroups":[],"touchingPairs":[{"vertex0":61,"horizontalPlacementVertex0":"FREE","verticalPlacementVertex0":"TOP","vertex1":72,"horizontalPlacementVertex1":"FREE","verticalPlacementVertex1":"FREE"}],"portPairings":[{"port0":68,"port1":79},{"port0":64,"port1":75},{"port0":70,"port1":81},{"port0":66,"port1":77}],"properties":{},"reference":null},{"@id":242,"drawnFrame":false,"labelManager":{"labels":[],"mainLabel":null},"shape":null,"containedVertices":[83,92],"containedVertexGroups":[],"touchingPairs":[{"vertex0":83,"horizontalPlacementVertex0":"FREE","verticalPlacementVertex0":"TOP","vertex1":92,"horizontalPlacementVertex1":"FREE","verticalPlacementVertex1":"FREE"}],"portPairings":[{"port0":86,"port1":95},{"port0":88,"port1":97},{"port0":90,"port1":99}],"properties":{},"reference":null},{"@id":243,"drawnFrame":false,"labelManager":{"labels":[],"mainLabel":null},"shape":null,"containedVertices":[101,114],"containedVertexGroups":[],"touchingPairs":[{"vertex0":101,"horizontalPlacementVertex0":"FREE","verticalPlacementVertex0":"TOP","vertex1":114,"horizontalPlacementVertex1":"FREE","verticalPlacementVertex1":"FREE"}],"portPairings":[{"port0":108,"port1":121},{"port0":104,"port1":117},{"port0":106,"port1":119},{"port0":110,"port1":123},{"port0":112,"port1":125}],"properties":{},"reference":null},{"@id":244,"drawnFrame":false,"labelManager":{"labels":[],"mainLabel":null},"shape":null,"containedVertices":[127,136],"containedVertexGroups":[],"touchingPairs":[{"vertex0":127,"horizontalPlacementVertex0":"FREE","verticalPlacementVertex0":"TOP","vertex1":136,"horizontalPlacementVertex1":"FREE","verticalPlacementVertex1":"FREE"}],"portPairings":[{"port0":132,"port1":141},{"port0":130,"port1":139},{"port0":134,"port1":143}],"properties":{},"reference":null},{"@id":245,"drawnFrame":false,"labelManager":{"labels":[],"mainLabel":null},"shape":null,"containedVertices":[149,158],"containedVertexGroups":[],"touchingPairs":[{"vertex0":149,"horizontalPlacementVertex0":"FREE","verticalPlacementVertex0":"TOP","vertex1":158,"horizontalPlacementVertex1":"FREE","verticalPlacementVertex1":"FREE"}],"portPairings":[{"port0":156,"port1":165},{"port0":154,"port1":163},{"port0":152,"port1":161}],"properties":{},"reference":null},{"@id":246,"drawnFrame":false,"labelManager":{"labels":[],"mainLabel":null},"shape":null,"containedVertices":[167,174],"containedVertexGroups":[],"touchingPairs":[{"vertex0":167,"horizontalPlacementVertex0":"FREE","verticalPlacementVertex0":"TOP","vertex1":174,"horizontalPlacementVertex1":"FREE","verticalPlacementVertex1":"FREE"}],"portPairings":[{"port0":170,"port1":177},{"port0":172,"port1":179}],"properties":{},"reference":null},{"@id":247,"drawnFrame":false,"labelManager":{"labels":[],"mainLabel":null},"shape":null,"containedVertices":[181,186],"containedVertexGroups":[],"touchingPairs":[{"vertex0":181,"horizontalPlacementVertex0":"FREE","verticalPlacementVertex0":"TOP","vertex1":186,"horizontalPlacementVertex1":"FREE","verticalPlacementVertex1":"FREE"}],"portPairings":[{"port0":184,"port1":189}],"properties":{},"reference":null},{"@id":248,"drawnFrame":false,"labelManager":{"labels":[],"mainLabel":null},"shape":null,"containedVertices":[195,200],"containedVertexGroups":[],"touchingPairs":[{"vertex0":195,"horizontalPlacementVertex0":"FREE","verticalPlacementVertex0":"FREE","vertex1":200,"horizontalPlacementVertex1":"FREE","verticalPlacementVertex1":"FREE"}],"portPairings":[{"port0":198,"port1":203}],"properties":{},"reference":null},{"@id":249,"drawnFrame":false,"labelManager":{"labels":[],"mainLabel":null},"shape":null,"containedVertices":[205,210],"containedVertexGroups":[],"touchingPairs":[{"vertex0":205,"horizontalPlacementVertex0":"FREE","verticalPlacementVertex0":"FREE","vertex1":210,"horizontalPlacementVertex1":"FREE","verticalPlacementVertex1":"FREE"}],"portPairings":[{"port0":208,"port1":213}],"properties":{},"reference":null},{"@id":250,"drawnFrame":false,"labelManager":{"labels":[],"mainLabel":null},"shape":null,"containedVertices":[215,222],"containedVertexGroups":[],"touchingPairs":[{"vertex0":215,"horizontalPlacementVertex0":"FREE","verticalPlacementVertex0":"FREE","vertex1":222,"horizontalPlacementVertex1":"FREE","verticalPlacementVertex1":"FREE"}],"portPairings":[{"port0":218,"port1":225},{"port0":220,"port1":227}],"properties":{},"reference":null},{"@id":251,"drawnFrame":false,"labelManager":{"labels":[],"mainLabel":null},"shape":null,"containedVertices":[229,234],"containedVertexGroups":[],"touchingPairs":[{"vertex0":229,"horizontalPlacementVertex0":"FREE","verticalPlacementVertex0":"FREE","vertex1":234,"horizontalPlacementVertex1":"FREE","verticalPlacementVertex1":"FREE"}],"portPairings":[{"port0":232,"port1":237}],"properties":{},"reference":null}],"edges":[{"@id":252,"ports":[179,123],"labelManager":{"innerLabels":[{"type":"textLabel","@id":253,"inputText":"Peter","labelStyle":4,"shape":null,"layoutText":null}],"allPortLabels":[],"mainLabel":253},"pathStyle":{"@id":254,"description":"default path style","thickness":-1.0,"color":{"argb":"ff000000"}},"paths":[],"properties":{"id":"1312056e422cc0180cd2e4351133aa4a"},"reference":null},{"@id":255,"ports":[23,37],"labelManager":{"innerLabels":[{"type":"textLabel","@id":256,"inputText":"Valentin","labelStyle":4,"shape":null,"layoutText":null}],"allPortLabels":[],"mainLabel":256},"pathStyle":254,"paths":[],"properties":{"id":"88d191922c5f8a4c30df96b2504e5ded"},"reference":null},{"@id":257,"ports":[177,119],"labelManager":{"innerLabels":[{"type":"textLabel","@id":258,"inputText":"Tim","labelStyle":4,"shape":null,"layoutText":null}],"allPortLabels":[],"mainLabel":258},"pathStyle":254,"paths":[],"properties":{"id":"f6b18871725ef5c995655ee27efb301a"},"reference":null},{"@id":259,"ports":[193,25],"labelManager":{"innerLabels":[{"type":"textLabel","@id":260,"inputText":"Noel","labelStyle":4,"shape":null,"layoutText":null}],"allPortLabels":[],"mainLabel":260},"pathStyle":254,"paths":[],"properties":{"id":"840eda23685026b4680a2770158116b0"},"reference":null},{"@id":261,"ports":[139,46],"labelManager":{"innerLabels":[{"type":"textLabel","@id":262,"inputText":"Milan","labelStyle":4,"shape":null,"layoutText":null}],"allPortLabels":[],"mainLabel":262},"pathStyle":254,"paths":[],"properties":{"id":"90bdc941d2eaea81b0fcd08b127a929a"},"reference":null},{"@id":263,"ports":[161,64],"labelManager":{"innerLabels":[{"type":"textLabel","@id":264,"inputText":"Levi","labelStyle":4,"shape":null,"layoutText":null}],"allPortLabels":[],"mainLabel":264},"pathStyle":254,"paths":[],"properties":{"id":"d172d110f3799c4b4697546f369b39f2"},"reference":null},{"@id":265,"ports":[106,110,104,108,147],"labelManager":{"innerLabels":[{"type":"textLabel","@id":266,"inputText":"Simon","labelStyle":4,"shape":null,"layoutText":null}],"allPortLabels":[],"mainLabel":266},"pathStyle":254,"paths":[],"properties":{"id":"0109653830388ebd3877cb22548d8def"},"reference":null},{"@id":267,"ports":[152,42],"labelManager":{"innerLabels":[{"type":"textLabel","@id":268,"inputText":"Frederik","labelStyle":4,"shape":null,"layoutText":null}],"allPortLabels":[],"mainLabel":268},"pathStyle":254,"paths":[],"properties":{"id":"a7c882f2f891a6172dd2b22615e72daa"},"reference":null},{"@id":269,"ports":[79,10],"labelManager":{"innerLabels":[{"type":"textLabel","@id":270,"inputText":"Johann","labelStyle":4,"shape":null,"layoutText":null}],"allPortLabels":[],"mainLabel":270},"pathStyle":254,"paths":[],"properties":{"id":"503a1c0fb09b6955875bae37b9631c2b"},"reference":null},{"@id":271,"ports":[68,165],"labelManager":{"innerLabels":[{"type":"textLabel","@id":272,"inputText":"Oskar","labelStyle":4,"shape":null,"layoutText":null}],"allPortLabels":[],"mainLabel":272},"pathStyle":254,"paths":[],"properties":{"id":"8a7ee3312548d1127bd62ede1146b06f"},"reference":null},{"@id":273,"ports":[75,12],"labelManager":{"innerLabels":[{"type":"textLabel","@id":274,"inputText":"Joel","labelStyle":4,"shape":null,"layoutText":null}],"allPortLabels":[],"mainLabel":274},"pathStyle":254,"paths":[],"properties":{"id":"ffe79a5a7a260aac8b945b5fe75b3687"},"reference":null},{"@id":275,"ports":[130,132],"labelManager":{"innerLabels":[{"type":"textLabel","@id":276,"inputText":"Emir","labelStyle":4,"shape":null,"layoutText":null}],"allPortLabels":[],"mainLabel":276},"pathStyle":254,"paths":[],"properties":{"id":"9d294cdf51cf31a13c0ef7f4a597dbe8"},"reference":null},{"@id":277,"ports":[70,163],"labelManager":{"innerLabels":[{"type":"textLabel","@id":278,"inputText":"Liam","labelStyle":4,"shape":null,"layoutText":null}],"allPortLabels":[],"mainLabel":278},"pathStyle":254,"paths":[],"properties":{"id":"515af19fdb624ad2663cad5cfb5d35d3"},"reference":null},{"@id":279,"ports":[77,117],"labelManager":{"innerLabels":[{"type":"textLabel","@id":280,"inputText":"Michael","labelStyle":4,"shape":null,"layoutText":null}],"allPortLabels":[],"mainLabel":280},"pathStyle":254,"paths":[],"properties":{"id":"b1c03fbc16cfb7073d7f0e4039e80105"},"reference":null},{"@id":281,"ports":[95,189],"labelManager":{"innerLabels":[{"type":"textLabel","@id":282,"inputText":"Konstantin","labelStyle":4,"shape":null,"layoutText":null}],"allPortLabels":[],"mainLabel":282},"pathStyle":254,"paths":[],"properties":{"id":"fac44c9d07c3278be2a72147af412688"},"reference":null},{"@id":283,"ports":[44,143],"labelManager":{"innerLabels":[{"type":"textLabel","@id":284,"inputText":"Philipp","labelStyle":4,"shape":null,"layoutText":null}],"allPortLabels":[],"mainLabel":284},"pathStyle":254,"paths":[],"properties":{"id":"2f63274e7eebf69958ba57743b890755"},"reference":null},{"@id":285,"ports":[33,237],"labelManager":{"innerLabels":[{"type":"textLabel","@id":286,"inputText":"Carl","labelStyle":17,"shape":null,"layoutText":null}],"allPortLabels":[],"mainLabel":286},"pathStyle":{"@id":287,"description":"default path style","thickness":-1.0,"color":{"argb":"ff000000"}},"paths":[],"properties":{},"reference":null},{"@id":288,"ports":[5,59],"labelManager":{"innerLabels":[{"type":"textLabel","@id":289,"inputText":"Mika","labelStyle":17,"shape":null,"layoutText":null}],"allPortLabels":[],"mainLabel":289},"pathStyle":287,"paths":[],"properties":{},"reference":null},{"@id":290,"ports":[99,227],"labelManager":{"innerLabels":[{"type":"textLabel","@id":291,"inputText":"Ali","labelStyle":17,"shape":null,"layoutText":null}],"allPortLabels":[],"mainLabel":291},"pathStyle":287,"paths":[],"properties":{},"reference":null},{"@id":292,"ports":[53,213],"labelManager":{"innerLabels":[{"type":"textLabel","@id":293,"inputText":"Mats","labelStyle":17,"shape":null,"layoutText":null}],"allPortLabels":[],"mainLabel":293},"pathStyle":287,"paths":[],"properties":{},"reference":null},{"@id":294,"ports":[33,203],"labelManager":{"innerLabels":[{"type":"textLabel","@id":295,"inputText":"Christian","labelStyle":17,"shape":null,"layoutText":null}],"allPortLabels":[],"mainLabel":295},"pathStyle":287,"paths":[],"properties":{},"reference":null},{"@id":296,"ports":[198,208],"labelManager":{"innerLabels":[{"type":"textLabel","@id":297,"inputText":"Samuel","labelStyle":17,"shape":null,"layoutText":null}],"allPortLabels":[],"mainLabel":297},"pathStyle":287,"paths":[],"properties":{},"reference":null},{"@id":298,"ports":[154,88],"labelManager":{"innerLabels":[{"type":"textLabel","@id":299,"inputText":"Muhammed","labelStyle":17,"shape":null,"layoutText":null}],"allPortLabels":[],"mainLabel":299},"pathStyle":287,"paths":[],"properties":{},"reference":null},{"@id":300,"ports":[81,14],"labelManager":{"innerLabels":[{"type":"textLabel","@id":301,"inputText":"Henri","labelStyle":17,"shape":null,"layoutText":null}],"allPortLabels":[],"mainLabel":301},"pathStyle":287,"paths":[],"properties":{},"reference":null},{"@id":302,"ports":[48,141],"labelManager":{"innerLabels":[{"type":"textLabel","@id":303,"inputText":"Gabriel","labelStyle":17,"shape":null,"layoutText":null}],"allPortLabels":[],"mainLabel":303},"pathStyle":287,"paths":[],"properties":{},"reference":null},{"@id":304,"ports":[90,156],"labelManager":{"innerLabels":[{"type":"textLabel","@id":305,"inputText":"Michael","labelStyle":17,"shape":null,"layoutText":null}],"allPortLabels":[],"mainLabel":305},"pathStyle":287,"paths":[],"properties":{},"reference":null},{"@id":306,"ports":[225,97],"labelManager":{"innerLabels":[{"type":"textLabel","@id":307,"inputText":"Luis","labelStyle":17,"shape":null,"layoutText":null}],"allPortLabels":[],"mainLabel":307},"pathStyle":287,"paths":[],"properties":{},"reference":null},{"@id":308,"ports":[55,57],"labelManager":{"innerLabels":[{"type":"textLabel","@id":309,"inputText":"Liam","labelStyle":17,"shape":null,"layoutText":null}],"allPortLabels":[],"mainLabel":309},"pathStyle":287,"paths":[],"properties":{},"reference":null},{"@id":310,"ports":[172,170],"labelManager":{"innerLabels":[{"type":"textLabel","@id":311,"inputText":"Florian","labelStyle":17,"shape":null,"layoutText":null}],"allPortLabels":[],"mainLabel":311},"pathStyle":287,"paths":[],"properties":{},"reference":null},{"@id":312,"ports":[29,27],"labelManager":{"innerLabels":[{"type":"textLabel","@id":313,"inputText":"Valentin","labelStyle":17,"shape":null,"layoutText":null}],"allPortLabels":[],"mainLabel":313},"pathStyle":287,"paths":[],"properties":{},"reference":null},{"@id":314,"ports":[125,121],"labelManager":{"innerLabels":[{"type":"textLabel","@id":315,"inputText":"Milan","labelStyle":17,"shape":null,"layoutText":null}],"allPortLabels":[],"mainLabel":315},"pathStyle":287,"paths":[],"properties":{},"reference":null},{"@id":316,"ports":[66,18],"labelManager":{"innerLabels":[{"type":"textLabel","@id":317,"inputText":"Mats","labelStyle":17,"shape":null,"layoutText":null}],"allPortLabels":[],"mainLabel":317},"pathStyle":287,"paths":[],"properties":{},"reference":null},{"@id":318,"ports":[112,97],"labelManager":{"innerLabels":[{"type":"textLabel","@id":319,"inputText":"Tim","labelStyle":17,"shape":null,"layoutText":null}],"allPortLabels":[],"mainLabel":319},"pathStyle":287,"paths":[],"properties":{},"reference":null},{"@id":320,"ports":[57,172],"labelManager":{"innerLabels":[{"type":"textLabel","@id":321,"inputText":"Johann","labelStyle":17,"shape":null,"layoutText":null}],"allPortLabels":[],"mainLabel":321},"pathStyle":287,"paths":[],"properties":{},"reference":null}],"edgeBundles":[]}