{"vertices":[{"@id":1,"shape":{"type":"rect","xposition":"NaN","yposition":"NaN","width":"NaN","height":"NaN","shapeStyle":{"@id":2,"description":"default shape style","color":{"argb":"ff000000"}}},"labelManager":{"labels":[{"type":"textLabel","@id":3,"inputText":"Louis","labelStyle":{"@id":4,"description":"default text label style","font":{"fontName":"SansSerif","style":0,"size":10},"noBreak":false,"color":{"argb":"ff000000"},"showLabel":true,"placement":"FREE","horizontalPlacement":"FREE","verticalPlacement":"FREE"},"shape":null,"layoutText":null}],"mainLabel":3},"portCompositions":[{"type":"portGroup","@id":5,"ordered":false,"portCompositions":[{"type":"port","@id":6,"shape":{"type":"rect","xposition":"NaN","yposition":"NaN","width":"NaN","height":"NaN","shapeStyle":2},"labelManager":{"labels":[{"type":"textLabel","@id":7,"inputText":"2","labelStyle":4,"shape":null,"layoutText":null}],"mainLabel":7},"properties":{"id":"dec9f298ffdcee2d9bde5dba584146ed"},"orientationAtVertex":"FREE","reference":null},{"type":"port","@id":8,"shape":{"type":"rect","xposition":"NaN","yposition":"NaN","width":"NaN","height":"NaN","shapeStyle":{"@id":9,"description":"default shape style","color":{"argb":"ff000000"}}},"labelManager":{"labels":[{"type":"textLabel","@id":10,"inputText":"1","labelStyle":{"@id":11,"description":"default text label style","font":{"fontName":"SansSerif","style":0,"size":10},"noBreak":false,"color":{"argb":"ff000000"},"showLabel":true,"placement":"FREE","horizontalPlacement":"FREE","verticalPlacement":"FREE"},"shape":null,"layoutText":null}],"mainLabel":10},"properties":{},"orientationAtVertex":"FREE","reference":null}],"properties":{},"reference":null}],"properties":{"id":"ca5be94d05b4d731d8fa97c572bf64c0","type":"plug"},"reference":null},{"@id":12,"shape":{"type":"rect","xposition":"NaN","yposition":"NaN","width":"NaN","height":"NaN","shapeStyle":2},"labelManager":{"labels":[{"type":"textLabel","@id":13,"inputText":"David","labelStyle":4,"shape":null,"layoutText":null}],"mainLabel":13},"portCompositions":[{"type":"portGroup","@id":14,"ordered":false,"portCompositions":[{"type":"port","@id":15,"shape":{"type":"rect","xposition":"NaN","yposition":"NaN","width":"NaN","height":"NaN","shapeStyle":2},"labelManager":{"labels":[{"type":"textLabel","@id":16,"inputText":"2","labelStyle":4,"shape":null,"layoutText":null}],"mainLabel":16},"properties":{"id":"3b0d49a34a3abb6353ba354263b5f64f"},"orientationAtVertex":"FREE","reference":null},{"type":"port","@id":17,"shape":{"type":"rect","xposition":"NaN","yposition":"NaN","width":"NaN","height":"NaN","shapeStyle":9},"labelManager":{"labels":[{"type":"textLabel","@id":18,"inputText":"1","labelStyle":11,"shape":null,"layoutText":null}],"mainLabel":18},"properties":{},"orientationAtVertex":"FREE","reference":null}],"properties":{},"reference":null}],"properties":{"id":"da956b0db14d167ef7c4092a59b46ad2","type":"plug"},"reference":null},{"@id":19,"shape":{"type":"rect","xposition":"NaN","yposition":"NaN","width":"NaN","height":"NaN","shapeStyle":2},"labelManager":{"labels":[{"type":"textLabel","@id":20,"inputText":"Julian","labelStyle":4,"shape":null,"layoutText":null}],"mainLabel":20},"portCompositions":[{"type":"portGroup","@id":21,"ordered":false,"portCompositions":[{"type":"port","@id":22,"shape":{"type":"rect","xposition":"NaN","yposition":"NaN","width":"NaN","height":"NaN","shapeStyle":2},"labelManager":{"labels":[{"type":"textLabel","@id":23,"inputText":"1","labelStyle":4,"shape":null,"layoutText":null}],"mainLabel":23},"properties":{"id":"ca140f5002ebcb953fd15d3c91bc7334"},"orientationAtVertex":"FREE","reference":null},{"type":"port","@id":24,"shape":{"type":"rect","xposition":"NaN","yposition":"NaN","width":"NaN","height":"NaN","shapeStyle":2},"labelManager":{"labels":[{"type":"textLabel","@id":25,"inputText":"2","labelStyle":4,"shape":null,"layoutText":null}],"mainLabel":25},"properties":{"id":"287ab4f4d5ff1a14506f08105fbf0332"},"orientationAtVertex":"FREE","reference":null}],"properties":{},"reference":null}],"properties":{"id":"6f0bb7c64a0b0d1d047d613697acefc3","type":"plug"},"reference":null},{"@id":26,"shape":{"type":"rect","xposition":"NaN","yposition":"NaN","width":"NaN","height":"NaN","shapeStyle":2},"labelManager":{"labels":[{"type":"textLabel","@id":27,"inputText":"Tom","labelStyle":4,"shape":null,"layoutText":null}],"mainLabel":27},"portCompositions":[{"type":"portGroup","@id":28,"ordered":false,"portCompositions":[{"type":"port","@id":29,"shape":{"type":"rect","xposition":"NaN","yposition":"NaN","width":"NaN","height":"NaN","shapeStyle":2},"labelManager":{"labels":[{"type":"textLabel","@id":30,"inputText":"1","labelStyle":4,"shape":null,"layoutText":null}],"mainLabel":30},"properties":{"id":"ae4986649fe8fed6678de7b38a614682"},"orientationAtVertex":"FREE","reference":null},{"type":"port","@id":31,"shape":{"type":"rect","xposition":"NaN","yposition":"NaN","width":"NaN","height":"NaN","shapeStyle":2},"labelManager":{"labels":[{"type":"textLabel","@id":32,"inputText":"2","labelStyle":4,"shape":null,"layoutText":null}],"mainLabel":32},"properties":{"id":"4b223e6ef13ada458726cf40bfa1cf85"},"orientationAtVertex":"FREE","reference":null}],"properties":{},"reference":null}],"properties":{"id":"f618e05c8aad7fdeca238dafd114b92f","type":"plug"},"reference":null},{"@id":33,"shape":{"type":"rect","xposition":"NaN","yposition":"NaN","width":"NaN","height":"NaN","shapeStyle":2},"labelManager":{"labels":[{"type":"textLabel","@id":34,"inputText":"Jan","labelStyle":4,"shape":null,"layoutText":null}],"mainLabel":34},"portCompositions":[{"type":"port","@id":35,"shape":{"type":"rect","xposition":"NaN","yposition":"NaN","width":"NaN","height":"NaN","shapeStyle":2},"labelManager":{"labels":[{"type":"textLabel","@id":36,"inputText":"1","labelStyle":4,"shape":null,"layoutText":null}],"mainLabel":36},"properties":{"id":"15a1ce57b37a1fbdde506828d01c9a5c"},"orientationAtVertex":"FREE","reference":null}],"properties":{"id":"e1378dcea6e9bf527b38bba9774b5b1f","type":"splice"},"reference":null},{"@id":37,"shape":{"type":"rect","xposition":"NaN","yposition":"NaN","width":"NaN","height":"NaN","shapeStyle":2},"labelManager":{"labels":[{"type":"textLabel","@id":38,"inputText":"Leon","labelStyle":4,"shape":null,"layoutText":null}],"mainLabel":38},"portCompositions":[{"type":"port","@id":39,"shape":{"type":"rect","xposition":"NaN","yposition":"NaN","width":"NaN","height":"NaN","shapeStyle":2},"labelManager":{"labels":[{"type":"textLabel","@id":40,"inputText":"1","labelStyle":4,"shape":null,"layoutText":null}],"mainLabel":40},"properties":{"id":"a84d5511deb5ebc1a2e954cbb222051f"},"orientationAtVertex":"FREE","reference":null}],"properties":{"id":"23f0c11dd67c3ba35ff22be156bcc941","type":"splice"},"reference":null},{"@id":41,"shape":{"type":"rect","xposition":"NaN","yposition":"NaN","width":"NaN","height":"NaN","shapeStyle":2},"labelManager":{"labels":[{"type":"textLabel","@id":42,"inputText":"Benjamin","labelStyle":4,"shape":null,"layoutText":null}],"mainLabel":42},"portCompositions":[{"type":"portGroup","@id":43,"ordered":false,"portCompositions":[{"type":"port","@id":44,"shape":{"type":"rect","xposition":"NaN","yposition":"NaN","width":"NaN","height":"NaN","shapeStyle":2},"labelManager":{"labels":[{"type":"textLabel","@id":45,"inputText":"1","labelStyle":4,"shape":null,"layoutText":null}],"mainLabel":45},"properties":{"id":"1e3436154d3cf25887d5a6f00e46a8a9"},"orientationAtVertex":"FREE","reference":null}],"properties":{},"reference":null}],"properties":{"id":"35d9b04ead60935ea5d27eccaa6aff6c","type":"plug"},"reference":null},{"@id":46,"shape":{"type":"rect","xposition":"NaN","yposition":"NaN","width":"NaN","height":"NaN","shapeStyle":2},"labelManager":{"labels":[{"type":"textLabel","@id":47,"inputText":"Leo","labelStyle":4,"shape":null,"layoutText":null}],"mainLabel":47},"portCompositions":[{"type":"portGroup","@id":48,"ordered":false,"portCompositions":[{"type":"port","@id":49,"shape":{"type":"rect","xposition":"NaN","yposition":"NaN","width":"NaN","height":"NaN","shapeStyle":2},"labelManager":{"labels":[{"type":"textLabel","@id":50,"inputText":"1","labelStyle":4,"shape":null,"layoutText":null}],"mainLabel":50},"properties":{"id":"1e8ca10af576c1673afcedd0548c902b"},"orientationAtVertex":"FREE","reference":null}],"properties":{},"reference":null}],"properties":{"id":"b9a1e4e9ea4b0778c23e94f00bce1026","type":"plug"},"reference":null},{"@id":51,"shape":{"type":"rect","xposition":"NaN","yposition":"NaN","width":"NaN","height":"NaN","shapeStyle":2},"labelManager":{"labels":[{"type":"textLabel","@id":52,"inputText":"Max","labelStyle":4,"shape":null,"layoutText":null}],"mainLabel":52},"portCompositions":[{"type":"portGroup","@id":53,"ordered":false,"portCompositions":[{"type":"port","@id":54,"shape":{"type":"rect","xposition":"NaN","yposition":"NaN","width":"NaN","height":"NaN","shapeStyle":2},"labelManager":{"labels":[{"type":"textLabel","@id":55,"inputText":"2","labelStyle":4,"shape":null,"layoutText":null}],"mainLabel":55},"properties":{"id":"fd5a872dcba49804a5dcac12597b5056"},"orientationAtVertex":"FREE","reference":null},{"type":"port","@id":56,"shape":{"type":"rect","xposition":"NaN","yposition":"NaN","width":"NaN","height":"NaN","shapeStyle":2},"labelManager":{"labels":[{"type":"textLabel","@id":57,"inputText":"1","labelStyle":4,"shape":null,"layoutText":null}],"mainLabel":57},"properties":{"id":"81e8dfe4ef577e50dacb3f7ebbd299d1"},"orientationAtVertex":"FREE","reference":null}],"properties":{},"reference":null}],"properties":{"id":"edb4f1269e8e227e4a7e4f0311ecaa47","type":"plug"},"reference":null},{"@id":58,"shape":{"type":"rect","xposition":"NaN","yposition":"NaN","width":"NaN","height":"NaN","shapeStyle":2},"labelManager":{"labels":[{"type":"textLabel","@id":59,"inputText":"Elias","labelStyle":4,"shape":null,"layoutText":null}],"mainLabel":59},"portCompositions":[{"type":"portGroup","@id":60,"ordered":false,"portCompositions":[{"type":"port","@id":61,"shape":{"type":"rect","xposition":"NaN","yposition":"NaN","width":"NaN","height":"NaN","shapeStyle":2},"labelManager":{"labels":[{"type":"textLabel","@id":62,"inputText":"2","labelStyle":4,"shape":null,"layoutText":null}],"mainLabel":62},"properties":{"id":"28d7c383550ae7b79f55b593485f1ba6"},"orientationAtVertex":"FREE","reference":null},{"type":"port","@id":63,"shape":{"type":"rect","xposition":"NaN","yposition":"NaN","width":"NaN","height":"NaN","shapeStyle":2},"labelManager":{"labels":[{"type":"textLabel","@id":64,"inputText":"1","labelStyle":4,"shape":null,"layoutText":null}],"mainLabel":64},"properties":{"id":"ac1ee47aa4320ff174bf227baf5b8ad7"},"orientationAtVertex":"FREE","reference":null}],"properties":{},"reference":null}],"properties":{"id":"f0d95c336eb851a04437989d03185073","type":"plug"},"reference":null},{"@id":65,"shape":{"type":"rect","xposition":"NaN","yposition":"NaN","width":"NaN","height":"NaN","shapeStyle":2},"labelManager":{"labels":[{"type":"textLabel","@id":66,"inputText":"Maximilian","labelStyle":4,"shape":null,"layoutText":null}],"mainLabel":66},"portCompositions":[{"type":"portGroup","@id":67,"ordered":false,"portCompositions":[],"properties":{},"reference":null},{"type":"portGroup","@id":68,"ordered":false,"portCompositions":[{"type":"port","@id":69,"shape":{"type":"rect","xposition":"NaN","yposition":"NaN","width":"NaN","height":"NaN","shapeStyle":2},"labelManager":{"labels":[{"type":"textLabel","@id":70,"inputText":"3","labelStyle":4,"shape":null,"layoutText":null}],"mainLabel":70},"properties":{"id":"0ffef9858651acd93afd808943e84178"},"orientationAtVertex":"FREE","reference":null},{"type":"port","@id":71,"shape":{"type":"rect","xposition":"NaN","yposition":"NaN","width":"NaN","height":"NaN","shapeStyle":2},"labelManager":{"labels":[{"type":"textLabel","@id":72,"inputText":"4","labelStyle":4,"shape":null,"layoutText":null}],"mainLabel":72},"properties":{"id":"60712566098798c054fe68d1d388ceac"},"orientationAtVertex":"FREE","reference":null},{"type":"port","@id":73,"shape":{"type":"rect","xposition":"NaN","yposition":"NaN","width":"NaN","height":"NaN","shapeStyle":2},"labelManager":{"labels":[{"type":"textLabel","@id":74,"inputText":"2","labelStyle":4,"shape":null,"layoutText":null}],"mainLabel":74},"properties":{"id":"8e4695ecdf48adba27286526e7ea65e4"},"orientationAtVertex":"FREE","reference":null},{"type":"port","@id":75,"shape":{"type":"rect","xposition":"NaN","yposition":"NaN","width":"NaN","height":"NaN","shapeStyle":9},"labelManager":{"labels":[{"type":"textLabel","@id":76,"inputText":"1","labelStyle":11,"shape":null,"layoutText":null}],"mainLabel":76},"properties":{},"orientationAtVertex":"FREE","reference":null}],"properties":{},"reference":null}],"properties":{"id":"9bce1c06fc80964565d72b25f8147452","type":"device"},"reference":null},{"@id":77,"shape":{"type":"rect","xposition":"NaN","yposition":"NaN","width":"NaN","height":"NaN","shapeStyle":2},"labelManager":{"labels":[{"type":"textLabel","@id":78,"inputText":"Jonathan","labelStyle":4,"shape":null,"layoutText":null}],"mainLabel":78},"portCompositions":[{"type":"portGroup","@id":79,"ordered":false,"portCompositions":[{"type":"port","@id":80,"shape":{"type":"rect","xposition":"NaN","yposition":"NaN","width":"NaN","height":"NaN","shapeStyle":2},"labelManager":{"labels":[{"type":"textLabel","@id":81,"inputText":"3","labelStyle":4,"shape":null,"layoutText":null}],"mainLabel":81},"properties":{"id":"8ab8a8e79981917a2612dc3ee3acd539"},"orientationAtVertex":"FREE","reference":null},{"type":"port","@id":82,"shape":{"type":"rect","xposition":"NaN","yposition":"NaN","width":"NaN","height":"NaN","shapeStyle":2},"labelManager":{"labels":[{"type":"textLabel","@id":83,"inputText":"4","labelStyle":4,"shape":null,"layoutText":null}],"mainLabel":83},"properties":{"id":"cfa20328e77149e7b2eed13a8acdf4c0"},"orientationAtVertex":"FREE","reference":null},{"type":"port","@id":84,"shape":{"type":"rect","xposition":"NaN","yposition":"NaN","width":"NaN","height":"NaN","shapeStyle":2},"labelManager":{"labels":[{"type":"textLabel","@id":85,"inputText":"2","labelStyle":4,"shape":null,"layoutText":null}],"mainLabel":85},"properties":{"id":"d0b95196f7e5b5422975ab8e32f6915f"},"orientationAtVertex":"FREE","reference":null},{"type":"port","@id":86,"shape":{"type":"rect","xposition":"NaN","yposition":"NaN","width":"NaN","height":"NaN","shapeStyle":9},"labelManager":{"labels":[{"type":"textLabel","@id":87,"inputText":"1","labelStyle":11,"shape":null,"layoutText":null}],"mainLabel":87},"properties":{},"orientationAtVertex":"FREE","reference":null}],"properties":{},"reference":null}],"properties":{"id":"21919f699c1446d5ddbfaee36f83986c","type":"socket"},"reference":null},{"@id":88,"shape":{"type":"rect","xposition":"NaN","yposition":"NaN","width":"NaN","height":"NaN","shapeStyle":2},"labelManager":{"labels":[{"type":"textLabel","@id":89,"inputText":"Jakob","labelStyle":4,"shape":null,"layoutText":null}],"mainLabel":89},"portCompositions":[{"type":"portGroup","@id":90,"ordered":false,"portCompositions":[{"type":"port","@id":91,"shape":{"type":"rect","xposition":"NaN","yposition":"NaN","width":"NaN","height":"NaN","shapeStyle":2},"labelManager":{"labels":[{"type":"textLabel","@id":92,"inputText":"5","labelStyle":4,"shape":null,"layoutText":null}],"mainLabel":92},"properties":{"id":"86ab92fe290ddb389da6209d3e4c5df3"},"orientationAtVertex":"FREE","reference":null},{"type":"port","@id":93,"shape":{"type":"rect","xposition":"NaN","yposition":"NaN","width":"NaN","height":"NaN","shapeStyle":2},"labelManager":{"labels":[{"type":"textLabel","@id":94,"inputText":"2","labelStyle":4,"shape":null,"layoutText":null}],"mainLabel":94},"properties":{"id":"fadf4bde7d2c44f0a9f11fcbc4c33b18"},"orientationAtVertex":"FREE","reference":null},{"type":"port","@id":95,"shape":{"type":"rect","xposition":"NaN","yposition":"NaN","width":"NaN","height":"NaN","shapeStyle":2},"labelManager":{"labels":[{"type":"textLabel","@id":96,"inputText":"1","labelStyle":4,"shape":null,"layoutText":null}],"mainLabel":96},"properties":{"id":"435758ba2ce63dffe0faa54276b56901"},"orientationAtVertex":"FREE","reference":null},{"type":"port","@id":97,"shape":{"type":"rect","xposition":"NaN","yposition":"NaN","width":"NaN","height":"NaN","shapeStyle":2},"labelManager":{"labels":[{"type":"textLabel","@id":98,"inputText":"3","labelStyle":4,"shape":null,"layoutText":null}],"mainLabel":98},"properties":{"id":"b9a553b6b8c3b3c2d319b1f7a0bcde58"},"orientationAtVertex":"FREE","reference":null},{"type":"port","@id":99,"shape":{"type":"rect","xposition":"NaN","yposition":"NaN","width":"NaN","height":"NaN","shapeStyle":2},"labelManager":{"labels":[{"type":"textLabel","@id":100,"inputText":"4","labelStyle":4,"shape":null,"layoutText":null}],"mainLabel":100},"properties":{"id":"535aca5ee816e4d8099aa6e3f2c0512a"},"orientationAtVertex":"FREE","reference":null},{"type":"port","@id":101,"shape":{"type":"rect","xposition":"NaN","yposition":"NaN","width":"NaN","height":"NaN","shapeStyle":2},"labelManager":{"labels":[{"type":"textLabel","@id":102,"inputText":"6","labelStyle":4,"shape":null,"layoutText":null}],"mainLabel":102},"properties":{"id":"e4552d673506401b60e5fe89a7bdc19f"},"orientationAtVertex":"FREE","reference":null}],"properties":{},"reference":null}],"properties":{"id":"ac18fd5b67df59b8d8e849a2c559640f","type":"device"},"reference":null},{"@id":103,"shape":{"type":"rect","xposition":"NaN","yposition":"NaN","width":"NaN","height":"NaN","shapeStyle":2},"labelManager":{"labels":[{"type":"textLabel","@id":104,"inputText":"Lukas","labelStyle":4,"shape":null,"layoutText":null}],"mainLabel":104},"portCompositions":[{"type":"portGroup","@id":105,"ordered":false,"portCompositions":[{"type":"port","@id":106,"shape":{"type":"rect","xposition":"NaN","yposition":"NaN","width":"NaN","height":"NaN","shapeStyle":2},"labelManager":{"labels":[{"type":"textLabel","@id":107,"inputText":"5","labelStyle":4,"shape":null,"layoutText":null}],"mainLabel":107},"properties":{"id":"3af993618307ced196046d3299c59428"},"orientationAtVertex":"FREE","reference":null},{"type":"port","@id":108,"shape":{"type":"rect","xposition":"NaN","yposition":"NaN","width":"NaN","height":"NaN","shapeStyle":2},"labelManager":{"labels":[{"type":"textLabel","@id":109,"inputText":"2","labelStyle":4,"shape":null,"layoutText":null}],"mainLabel":109},"properties":{"id":"e6ee6e57cc9122d7672ff0aefd658d00"},"orientationAtVertex":"FREE","reference":null},{"type":"port","@id":110,"shape":{"type":"rect","xposition":"NaN","yposition":"NaN","width":"NaN","height":"NaN","shapeStyle":2},"labelManager":{"labels":[{"type":"textLabel","@id":111,"inputText":"1","labelStyle":4,"shape":null,"layoutText":null}],"mainLabel":111},"properties":{"id":"67d1b02d8e282c5559fd242cc0ae0a0a"},"orientationAtVertex":"FREE","reference":null},{"type":"port","@id":112,"shape":{"type":"rect","xposition":"NaN","yposition":"NaN","width":"NaN","height":"NaN","shapeStyle":2},"labelManager":{"labels":[{"type":"textLabel","@id":113,"inputText":"3","labelStyle":4,"shape":null,"layoutText":null}],"mainLabel":113},"properties":{"id":"37eeaa97e34e4850cb0dd4de618808f1"},"orientationAtVertex":"FREE","reference":null},{"type":"port","@id":114,"shape":{"type":"rect","xposition":"NaN","yposition":"NaN","width":"NaN","height":"NaN","shapeStyle":2},"labelManager":{"labels":[{"type":"textLabel","@id":115,"inputText":"4","labelStyle":4,"shape":null,"layoutText":null}],"mainLabel":115},"properties":{"id":"a572ee4ed1109bf3733169a5b3e5a827"},"orientationAtVertex":"FREE","reference":null},{"type":"port","@id":116,"shape":{"type":"rect","xposition":"NaN","yposition":"NaN","width":"NaN","height":"NaN","shapeStyle":2},"labelManager":{"labels":[{"type":"textLabel","@id":117,"inputText":"6","labelStyle":4,"shape":null,"layoutText":null}],"mainLabel":117},"properties":{"id":"81da271ef9a65186a0fad2e2a4383418"},"orientationAtVertex":"FREE","reference":null}],"properties":{},"reference":null}],"properties":{"id":"6a3f246131212f301451d1b3104bf226","type":"socket"},"reference":null},{"@id":118,"shape":{"type":"rect","xposition":"NaN","yposition":"NaN","width":"NaN","height":"NaN","shapeStyle":2},"labelManager":{"labels":[{"type":"textLabel","@id":119,"inputText":"Felix","labelStyle":4,"shape":null,"layoutText":null}],"mainLabel":119},"portCompositions":[{"type":"portGroup","@id":120,"ordered":false,"portCompositions":[{"type":"port","@id":121,"shape":{"type":"rect","xposition":"NaN","yposition":"NaN","width":"NaN","height":"NaN","shapeStyle":2},"labelManager":{"labels":[{"type":"textLabel","@id":122,"inputText":"1","labelStyle":4,"shape":null,"layoutText":null}],"mainLabel":122},"properties":{"id":"6993bca2ffb706a86fe4807e337938fc"},"orientationAtVertex":"FREE","reference":null}],"properties":{},"reference":null}],"properties":{"id":"e85d84c7bda007303d22ec9c46bb47e7","type":"plug"},"reference":null},{"@id":123,"shape":{"type":"rect","xposition":"NaN","yposition":"NaN","width":"NaN","height":"NaN","shapeStyle":2},"labelManager":{"labels":[{"type":"textLabel","@id":124,"inputText":"Moritz","labelStyle":4,"shape":null,"layoutText":null}],"mainLabel":124},"portCompositions":[{"type":"portGroup","@id":125,"ordered":false,"portCompositions":[{"type":"port","@id":126,"shape":{"type":"rect","xposition":"NaN","yposition":"NaN","width":"NaN","height":"NaN","shapeStyle":2},"labelManager":{"labels":[{"type":"textLabel","@id":127,"inputText":"1","labelStyle":4,"shape":null,"layoutText":null}],"mainLabel":127},"properties":{"id":"b59d9ff6dadf1a3b33cb78a2c30c8db1"},"orientationAtVertex":"FREE","reference":null}],"properties":{},"reference":null}],"properties":{"id":"6db1049faf56dcd03ab1cca6528abbfd","type":"plug"},"reference":null},{"@id":128,"shape":{"type":"rect","xposition":"NaN","yposition":"NaN","width":"NaN","height":"NaN","shapeStyle":2},"labelManager":{"labels":[{"type":"textLabel","@id":129,"inputText":"Paul","labelStyle":4,"shape":null,"layoutText":null}],"mainLabel":129},"portCompositions":[{"type":"port","@id":130,"shape":{"type":"rect","xposition":"NaN","yposition":"NaN","width":"NaN","height":"NaN","shapeStyle":2},"labelManager":{"labels":[{"type":"textLabel","@id":131,"inputText":"1","labelStyle":4,"shape":null,"layoutText":null}],"mainLabel":131},"properties":{"id":"0784dfe0f050bced9728ab3ef905d99e"},"orientationAtVertex":"FREE","reference":null}],"properties":{"id":"320276f059c9f72c6cff22587c889595","type":"splice"},"reference":null},{"@id":132,"shape":{"type":"rect","xposition":"NaN","yposition":"NaN","width":"NaN","height":"NaN","shapeStyle":2},"labelManager":{"labels":[{"type":"textLabel","@id":133,"inputText":"Noah","labelStyle":4,"shape":null,"layoutText":null}],"mainLabel":133},"portCompositions":[{"type":"portGroup","@id":134,"ordered":false,"portCompositions":[{"type":"port","@id":135,"shape":{"type":"rect","xposition":"NaN","yposition":"NaN","width":"NaN","height":"NaN","shapeStyle":2},"labelManager":{"labels":[{"type":"textLabel","@id":136,"inputText":"1","labelStyle":4,"shape":null,"layoutText":null}],"mainLabel":136},"properties":{"id":"9f1bbb3a8b9d514e0d80388157e4d64f"},"orientationAtVertex":"FREE","reference":null}],"properties":{},"reference":null}],"properties":{"id":"638cd86c39f01d8321612bac33cae3f8","type":"plug"},"reference":null},{"@id":137,"shape":{"type":"rect","xposition":"NaN","yposition":"NaN","width":"NaN","height":"NaN","shapeStyle":2},"labelManager":{"labels":[{"type":"textLabel","@id":138,"inputText":"Alexander","labelStyle":4,"shape":null,"layoutText":null}],"mainLabel":138},"portCompositions":[{"type":"portGroup","@id":139,"ordered":false,"portCompositions":[{"type":"port","@id":140,"shape":{"type":"rect","xposition":"NaN","yposition":"NaN","width":"NaN","height":"NaN","shapeStyle":2},"labelManager":{"labels":[{"type":"textLabel","@id":141,"inputText":"1","labelStyle":4,"shape":null,"layoutText":null}],"mainLabel":141},"properties":{"id":"b67ad776ce210bb10b8e298ace8a2de4"},"orientationAtVertex":"FREE","reference":null}],"properties":{},"reference":null}],"properties":{"id":"bd4e37d83fa3b841bbacbcd0e02dee1d","type":"plug"},"reference":null},{"@id":142,"shape":null,"labelManager":{"labels":[{"type":"textLabel","@id":143,"inputText":"Anton","labelStyle":11,"shape":null,"layoutText":null}],"mainLabel":143},"portCompositions":[{"type":"portGroup","@id":144,"ordered":false,"portCompositions":[{"type":"port","@id":145,"shape":{"type":"rect","xposition":"NaN","yposition":"NaN","width":"NaN","height":"NaN","shapeStyle":9},"labelManager":{"labels":[{"type":"textLabel","@id":146,"inputText":"1","labelStyle":11,"shape":null,"layoutText":null}],"mainLabel":146},"properties":{},"orientationAtVertex":"FREE","reference":null}],"properties":{},"reference":null}],"properties":{},"reference":null},{"@id":147,"shape":null,"labelManager":{"labels":[{"type":"textLabel","@id":148,"inputText":"Ben","labelStyle":11,"shape":null,"layoutText":null}],"mainLabel":148},"portCompositions":[{"type":"portGroup","@id":149,"ordered":false,"portCompositions":[{"type":"port","@id":150,"shape":{"type":"rect","xposition":"NaN","yposition":"NaN","width":"NaN","height":"NaN","shapeStyle":9},"labelManager":{"labels":[{"type":"textLabel","@id":151,"inputText":"1","labelStyle":11,"shape":null,"layoutText":null}],"mainLabel":151},"properties":{},"orientationAtVertex":"FREE","reference":null}],"properties":{},"reference":null}],"properties":{},"reference":null},{"@id":152,"shape":null,"labelManager":{"labels":[{"type":"textLabel","@id":153,"inputText":"Emil","labelStyle":11,"shape":null,"layoutText":null}],"mainLabel":153},"portCompositions":[{"type":"portGroup","@id":154,"ordered":false,"portCompositions":[{"type":"port","@id":155,"shape":{"type":"rect","xposition":"NaN","yposition":"NaN","width":"NaN","height":"NaN","shapeStyle":9},"labelManager":{"labels":[{"type":"textLabel","@id":156,"inputText":"2","labelStyle":11,"shape":null,"layoutText":null}],"mainLabel":156},"properties":{},"orientationAtVertex":"FREE","reference":null},{"type":"port","@id":157,"shape":{"type":"rect","xposition":"NaN","yposition":"NaN","width":"NaN","height":"NaN","shapeStyle":9},"labelManager":{"labels":[{"type":"textLabel","@id":158,"inputText":"1","labelStyle":11,"shape":null,"layoutText":null}],"mainLabel":158},"properties":{},"orientationAtVertex":"FREE","reference":null}],"properties":{},"reference":null}],"properties":{},"reference":null},{"@id":159,"shape":null,"labelManager":{"labels":[{"type":"textLabel","@id":160,"inputText":"Luca","labelStyle":11,"shape":null,"layoutText":null}],"mainLabel":160},"portCompositions":[{"type":"portGroup","@id":161,"ordered":false,"portCompositions":[{"type":"port","@id":162,"shape":{"type":"rect","xposition":"NaN","yposition":"NaN","width":"NaN","height":"NaN","shapeStyle":9},"labelManager":{"labels":[{"type":"textLabel","@id":163,"inputText":"2","labelStyle":11,"shape":null,"layoutText":null}],"mainLabel":163},"properties":{},"orientationAtVertex":"FREE","reference":null},{"type":"port","@id":164,"shape":{"type":"rect","xposition":"NaN","yposition":"NaN","width":"NaN","height":"NaN","shapeStyle":9},"labelManager":{"labels":[{"type":"textLabel","@id":165,"inputText":"1","labelStyle":11,"shape":null,"layoutText":null}],"mainLabel":165},"properties":{},"orientationAtVertex":"FREE","reference":null}],"properties":{},"reference":null}],"properties":{},"reference":null},{"@id":166,"shape":null,"labelManager":{"labels":[{"type":"textLabel","@id":167,"inputText":"Jonas","labelStyle":11,"shape":null,"layoutText":null}],"mainLabel":167},"portCompositions":[{"type":"portGroup","@id":168,"ordered":false,"portCompositions":[{"type":"port","@id":169,"shape":{"type":"rect","xposition":"NaN","yposition":"NaN","width":"NaN","height":"NaN","shapeStyle":9},"labelManager":{"labels":[{"type":"textLabel","@id":170,"inputText":"2","labelStyle":11,"shape":null,"layoutText":null}],"mainLabel":170},"properties":{},"orientationAtVertex":"FREE","reference":null},{"type":"port","@id":171,"shape":{"type":"rect","xposition":"NaN","yposition":"NaN","width":"NaN","height":"NaN","shapeStyle":9},"labelManager":{"labels":[{"type":"textLabel","@id":172,"inputText":"1","labelStyle":11,"shape":null,"layoutText":null}],"mainLabel":172},"properties":{},"orientationAtVertex":"FREE","reference":null},{"type":"port","@id":173,"shape":{"type":"rect","xposition":"NaN","yposition":"NaN","width":"NaN","height":"NaN","shapeStyle":9},"labelManager":{"labels":[{"type":"textLabel","@id":174,"inputText":"3","labelStyle":11,"shape":null,"layoutText":null}],"mainLabel":174},"properties":{},"orientationAtVertex":"FREE","reference":null}],"properties":{},"reference":null}],"properties":{},"reference":null},{"@id":175,"shape":null,"labelManager":{"labels":[{"type":"textLabel","@id":176,"inputText":"Noah","labelStyle":11,"shape":null,"layoutText":null}],"mainLabel":176},"portCompositions":[{"type":"portGroup","@id":177,"ordered":false,"portCompositions":[{"type":"port","@id":178,"shape":{"type":"rect","xposition":"NaN","yposition":"NaN","width":"NaN","height":"NaN","shapeStyle":9},"labelManager":{"labels":[{"type":"textLabel","@id":179,"inputText":"2","labelStyle":11,"shape":null,"layoutText":null}],"mainLabel":179},"properties":{},"orientationAtVertex":"FREE","reference":null},{"type":"port","@id":180,"shape":{"type":"rect","xposition":"NaN","yposition":"NaN","width":"NaN","height":"NaN","shapeStyle":9},"labelManager":{"labels":[{"type":"textLabel","@id":181,"inputText":"1","labelStyle":11,"shape":null,"layoutText":null}],"mainLabel":181},"properties":{},"orientationAtVertex":"FREE","reference":null},{"type":"port","@id":182,"shape":{"type":"rect","xposition":"NaN","yposition":"NaN","width":"NaN","height":"NaN","shapeStyle":9},"labelManager":{"labels":[{"type":"textLabel","@id":183,"inputText":"3","labelStyle":11,"shape":null,"layoutText":null}],"mainLabel":183},"properties":{},"orientationAtVertex":"FREE","reference":null}],"properties":{},"reference":null}],"properties":{},"reference":null}],"vertexGroups":[{"@id":184,"drawnFrame":false,"labelManager":{"labels":[],"mainLabel":null},"shape":null,"containedVertices":[1,12],"containedVertexGroups":[],"touchingPairs":[{"vertex0":1,"horizontalPlacementVertex0":"FREE","verticalPlacementVertex0":"TOP","vertex1":12,"horizontalPlacementVertex1":"FREE","verticalPlacementVertex1":"FREE"}],"portPairings":[{"port0":6,"port1":15},{"port0":8,"port1":17}],"properties":{},"reference":null},{"@id":185,"drawnFrame":false,"labelManager":{"labels":[],"mainLabel":null},"shape":null,"containedVertices":[19,26],"containedVertexGroups":[],"touchingPairs":[{"vertex0":19,"horizontalPlacementVertex0":"FREE","verticalPlacementVertex0":"TOP","vertex1":26,"horizontalPlacementVertex1":"FREE","verticalPlacementVertex1":"FREE"}],"portPairings":[{"port0":24,"port1":31},{"port0":22,"port1":29}],"properties":{},"reference":null},{"@id":186,"drawnFrame":false,"labelManager":{"labels":[],"mainLabel":null},"shape":null,"containedVertices":[41,46],"containedVertexGroups":[],"touchingPairs":[{"vertex0":41,"horizontalPlacementVertex0":"FREE","verticalPlacementVertex0":"TOP","vertex1":46,"horizontalPlacementVertex1":"FREE","verticalPlacementVertex1":"FREE"}],"portPairings":[{"port0":44,"port1":49}],"properties":{},"reference":null},{"@id":187,"drawnFrame":false,"labelManager":{"labels":[],"mainLabel":null},"shape":null,"containedVertices":[51,58],"containedVertexGroups":[],"touchingPairs":[{"vertex0":51,"horizontalPlacementVertex0":"FREE","verticalPlacementVertex0":"TOP","vertex1":58,"horizontalPlacementVertex1":"FREE","verticalPlacementVertex1":"FREE"}],"portPairings":[{"port0":54,"port1":61},{"port0":56,"port1":63}],"properties":{},"reference":null},{"@id":188,"drawnFrame":false,"labelManager":{"labels":[],"mainLabel":null},"shape":null,"containedVertices":[65,77],"containedVertexGroups":[],"touchingPairs":[{"vertex0":65,"horizontalPlacementVertex0":"FREE","verticalPlacementVertex0":"TOP","vertex1":77,"horizontalPlacementVertex1":"FREE","verticalPlacementVertex1":"FREE"}],"portPairings":[{"port0":69,"port1":80},{"port0":73,"port1":84},{"port0":71,"port1":82},{"port0":75,"port1":86}],"properties":{},"reference":null},{"@id":189,"drawnFrame":false,"labelManager":{"labels":[],"mainLabel":null},"shape":null,"containedVertices":[88,103],"containedVertexGroups":[],"touchingPairs":[{"vertex0":88,"horizontalPlacementVertex0":"FREE","verticalPlacementVertex0":"TOP","vertex1":103,"horizontalPlacementVertex1":"FREE","verticalPlacementVertex1":"FREE"}],"portPairings":[{"port0":99,"port1":114},{"port0":97,"port1":112},{"port0":91,"port1":106},{"port0":95,"port1":110},{"port0":101,"port1":116},{"port0":93,"port1":108}],"properties":{},"reference":null},{"@id":190,"drawnFrame":false,"labelManager":{"labels":[],"mainLabel":null},"shape":null,"containedVertices":[118,123],"containedVertexGroups":[],"touchingPairs":[{"vertex0":118,"horizontalPlacementVertex0":"FREE","verticalPlacementVertex0":"TOP","vertex1":123,"horizontalPlacementVertex1":"FREE","verticalPlacementVertex1":"FREE"}],"portPairings":[{"port0":121,"port1":126}],"properties":{},"reference":null},{"@id":191,"drawnFrame":false,"labelManager":{"labels":[],"mainLabel":null},"shape":null,"containedVertices":[132,137],"containedVertexGroups":[],"touchingPairs":[{"vertex0":132,"horizontalPlacementVertex0":"FREE","verticalPlacementVertex0":"TOP","vertex1":137,"horizontalPlacementVertex1":"FREE","verticalPlacementVertex1":"FREE"}],"portPairings":[{"port0":135,"port1":140}],"properties":{},"reference":null},{"@id":192,"drawnFrame":false,"labelManager":{"labels":[],"mainLabel":null},"shape":null,"containedVertices":[142,147],"containedVertexGroups":[],"touchingPairs":[{"vertex0":142,"horizontalPlacementVertex0":"FREE","verticalPlacementVertex0":"FREE","vertex1":147,"horizontalPlacementVertex1":"FREE","verticalPlacementVertex1":"FREE"}],"portPairings":[{"port0":145,"port1":150}],"properties":{},"reference":null},{"@id":193,"drawnFrame":false,"labelManager":{"labels":[],"mainLabel":null},"shape":null,"containedVertices":[152,159],"containedVertexGroups":[],"touchingPairs":[{"vertex0":152,"horizontalPlacementVertex0":"FREE","verticalPlacementVertex0":"FREE","vertex1":159,"horizontalPlacementVertex1":"FREE","verticalPlacementVertex1":"FREE"}],"portPairings":[{"port0":155,"port1":162},{"port0":157,"port1":164}],"properties":{},"reference":null},{"@id":194,"drawnFrame":false,"labelManager":{"labels":[],"mainLabel":null},"shape":null,"containedVertices":[166,175],"containedVertexGroups":[],"touchingPairs":[{"vertex0":166,"horizontalPlacementVertex0":"FREE","verticalPlacementVertex0":"FREE","vertex1":175,"horizontalPlacementVertex1":"FREE","verticalPlacementVertex1":"FREE"}],"portPairings":[{"port0":169,"port1":178},{"port0":171,"port1":180},{"port0":173,"port1":182}],"properties":{},"reference":null}],"edges":[{"@id":195,"ports":[84,56],"labelManager":{"innerLabels":[{"type":"textLabel","@id":196,"inputText":"Leonard","labelStyle":4,"shape":null,"layoutText":null}],"allPortLabels":[],"mainLabel":196},"pathStyle":{"@id":197,"description":"default path style","thickness":-1.0,"color":{"argb":"ff000000"}},"paths":[],"properties":{"id":"409a9c0fa6e7a848141d467af99e5f0d"},"reference":null},{"@id":198,"ports":[108,106],"labelManager":{"innerLabels":[{"type":"textLabel","@id":199,"inputText":"Philipp","labelStyle":4,"shape":null,"layoutText":null}],"allPortLabels":[],"mainLabel":199},"pathStyle":197,"paths":[],"properties":{"id":"d5fe72f361bbea777ee5039807f89445"},"reference":null},{"@id":200,"ports":[39,140],"labelManager":{"innerLabels":[{"type":"textLabel","@id":201,"inputText":"Samuel","labelStyle":4,"shape":null,"layoutText":null}],"allPortLabels":[],"mainLabel":201},"pathStyle":197,"paths":[],"properties":{"id":"0559c9b1ddaa51ed0903c4e298370d37"},"reference":null},{"@id":202,"ports":[63,15,35],"labelManager":{"innerLabels":[{"type":"textLabel","@id":203,"inputText":"Daniel","labelStyle":4,"shape":null,"layoutText":null}],"allPortLabels":[],"mainLabel":203},"pathStyle":197,"paths":[],"properties":{"id":"3dd62bd7ba74ad4a839813e50b3f155b"},"reference":null},{"@id":204,"ports":[44,29],"labelManager":{"innerLabels":[{"type":"textLabel","@id":205,"inputText":"Johann","labelStyle":4,"shape":null,"layoutText":null}],"allPortLabels":[],"mainLabel":205},"pathStyle":197,"paths":[],"properties":{"id":"4230c76b022cb1c7c14449e63bd6271a"},"reference":null},{"@id":206,"ports":[22,82],"labelManager":{"innerLabels":[{"type":"textLabel","@id":207,"inputText":"Oskar","labelStyle":4,"shape":null,"layoutText":null}],"allPortLabels":[],"mainLabel":207},"pathStyle":197,"paths":[],"properties":{"id":"6da23eabf707add43328b669278f0043"},"reference":null},{"@id":208,"ports":[114,6],"labelManager":{"innerLabels":[{"type":"textLabel","@id":209,"inputText":"Henry","labelStyle":4,"shape":null,"layoutText":null}],"allPortLabels":[],"mainLabel":209},"pathStyle":197,"paths":[],"properties":{"id":"e15892c2d6d009ab4766822a1563c420"},"reference":null},{"@id":210,"ports":[110,39],"labelManager":{"innerLabels":[{"type":"textLabel","@id":211,"inputText":"Karl","labelStyle":4,"shape":null,"layoutText":null}],"allPortLabels":[],"mainLabel":211},"pathStyle":197,"paths":[],"properties":{"id":"4f73b0e773ca4bebf2a717626a6a4b2d"},"reference":null},{"@id":212,"ports":[110,112],"labelManager":{"innerLabels":[{"type":"textLabel","@id":213,"inputText":"Tim","labelStyle":4,"shape":null,"layoutText":null}],"allPortLabels":[],"mainLabel":213},"pathStyle":197,"paths":[],"properties":{"id":"85b817f8f2fd388ae26211a59cb2ec61"},"reference":null},{"@id":214,"ports":[130,162],"labelManager":{"innerLabels":[{"type":"textLabel","@id":215,"inputText":"Vincent","labelStyle":11,"shape":null,"layoutText":null}],"allPortLabels":[],"mainLabel":215},"pathStyle":{"@id":216,"description":"default path style","thickness":-1.0,"color":{"argb":"ff000000"}},"paths":[],"properties":{},"reference":null},{"@id":217,"ports":[150,135],"labelManager":{"innerLabels":[{"type":"textLabel","@id":218,"inputText":"Liam","labelStyle":11,"shape":null,"layoutText":null}],"allPortLabels":[],"mainLabel":218},"pathStyle":216,"paths":[],"properties":{},"reference":null},{"@id":219,"ports":[54,164],"labelManager":{"innerLabels":[{"type":"textLabel","@id":220,"inputText":"Ali","labelStyle":11,"shape":null,"layoutText":null}],"allPortLabels":[],"mainLabel":220},"pathStyle":216,"paths":[],"properties":{},"reference":null},{"@id":221,"ports":[49,182],"labelManager":{"innerLabels":[{"type":"textLabel","@id":222,"inputText":"Julius","labelStyle":11,"shape":null,"layoutText":null}],"allPortLabels":[],"mainLabel":222},"pathStyle":216,"paths":[],"properties":{},"reference":null},{"@id":223,"ports":[17,126],"labelManager":{"innerLabels":[{"type":"textLabel","@id":224,"inputText":"Johannes","labelStyle":11,"shape":null,"layoutText":null}],"allPortLabels":[],"mainLabel":224},"pathStyle":216,"paths":[],"properties":{},"reference":null},{"@id":225,"ports":[86,8,178,116,180,24],"labelManager":{"innerLabels":[{"type":"textLabel","@id":226,"inputText":"Liam","labelStyle":11,"shape":null,"layoutText":null}],"allPortLabels":[],"mainLabel":226},"pathStyle":216,"paths":[],"properties":{},"reference":null},{"@id":227,"ports":[145,31,121],"labelManager":{"innerLabels":[{"type":"textLabel","@id":228,"inputText":"Johannes","labelStyle":11,"shape":null,"layoutText":null}],"allPortLabels":[],"mainLabel":228},"pathStyle":216,"paths":[],"properties":{},"reference":null}],"edgeBundles":[]}