{"vertices":[{"@id":1,"shape":{"type":"rect","xposition":"NaN","yposition":"NaN","width":"NaN","height":"NaN","shapeStyle":{"@id":2,"description":"default shape style","color":{"argb":"ff000000"}}},"labelManager":{"labels":[{"type":"textLabel","@id":3,"inputText":"Frederik","labelStyle":{"@id":4,"description":"default text label style","font":{"fontName":"SansSerif","style":0,"size":10},"noBreak":false,"color":{"argb":"ff000000"},"showLabel":true,"placement":"FREE","horizontalPlacement":"FREE","verticalPlacement":"FREE"},"shape":null,"layoutText":null}],"mainLabel":3},"portCompositions":[{"type":"portGroup","@id":5,"ordered":false,"portCompositions":[{"type":"port","@id":6,"shape":{"type":"rect","xposition":"NaN","yposition":"NaN","width":"NaN","height":"NaN","shapeStyle":2},"labelManager":{"labels":[{"type":"textLabel","@id":7,"inputText":"6","labelStyle":4,"shape":null,"layoutText":null}],"mainLabel":7},"properties":{"id":"300bfc5755772d6a0ca2572aa35317d8"},"orientationAtVertex":"FREE","reference":null},{"type":"port","@id":8,"shape":{"type":"rect","xposition":"NaN","yposition":"NaN","width":"NaN","height":"NaN","shapeStyle":2},"labelManager":{"labels":[{"type":"textLabel","@id":9,"inputText":"5","labelStyle":4,"shape":null,"layoutText":null}],"mainLabel":9},"properties":{"id":"92e48edf8103adb0cccd435676223263"},"orientationAtVertex":"FREE","reference":null},{"type":"port","@id":10,"shape":{"type":"rect","xposition":"NaN","yposition":"NaN","width":"NaN","height":"NaN","shapeStyle":2},"labelManager":{"labels":[{"type":"textLabel","@id":11,"inputText":"10","labelStyle":4,"shape":null,"layoutText":null}],"mainLabel":11},"properties":{"id":"214157b0d95fc052eb1b33dbd415a951"},"orientationAtVertex":"FREE","reference":null},{"type":"port","@id":12,"shape":{"type":"rect","xposition":"NaN","yposition":"NaN","width":"NaN","height":"NaN","shapeStyle":2},"labelManager":{"labels":[{"type":"textLabel","@id":13,"inputText":"1","labelStyle":4,"shape":null,"layoutText":null}],"mainLabel":13},"properties":{"id":"e98620b8612c56a6404ae83417e5730f"},"orientationAtVertex":"FREE","reference":null},{"type":"port","@id":14,"shape":{"type":"rect","xposition":"NaN","yposition":"NaN","width":"NaN","height":"NaN","shapeStyle":2},"labelManager":{"labels":[{"type":"textLabel","@id":15,"inputText":"3","labelStyle":4,"shape":null,"layoutText":null}],"mainLabel":15},"properties":{"id":"014b8a994b819555b95d680f911ab24a"},"orientationAtVertex":"FREE","reference":null},{"type":"port","@id":16,"shape":{"type":"rect","xposition":"NaN","yposition":"NaN","width":"NaN","height":"NaN","shapeStyle":2},"labelManager":{"labels":[{"type":"textLabel","@id":17,"inputText":"7","labelStyle":4,"shape":null,"layoutText":null}],"mainLabel":17},"properties":{"id":"00e9552912deee8cf66e99453e2fb4cd"},"orientationAtVertex":"FREE","reference":null},{"type":"port","@id":18,"shape":{"type":"rect","xposition":"NaN","yposition":"NaN","width":"NaN","height":"NaN","shapeStyle":2},"labelManager":{"labels":[{"type":"textLabel","@id":19,"inputText":"9","labelStyle":4,"shape":null,"layoutText":null}],"mainLabel":19},"properties":{"id":"cd218c178d68c05ce680168389ee1434"},"orientationAtVertex":"FREE","reference":null},{"type":"port","@id":20,"shape":{"type":"rect","xposition":"NaN","yposition":"NaN","width":"NaN","height":"NaN","shapeStyle":2},"labelManager":{"labels":[{"type":"textLabel","@id":21,"inputText":"8","labelStyle":4,"shape":null,"layoutText":null}],"mainLabel":21},"properties":{"id":"7d292ad4e4394e133fb928bb476c2716"},"orientationAtVertex":"FREE","reference":null},{"type":"port","@id":22,"shape":{"type":"rect","xposition":"NaN","yposition":"NaN","width":"NaN","height":"NaN","shapeStyle":2},"labelManager":{"labels":[{"type":"textLabel","@id":23,"inputText":"2","labelStyle":4,"shape":null,"layoutText":null}],"mainLabel":23},"properties":{"id":"41c546c40e025677cd78ea174ee9cced"},"orientationAtVertex":"FREE","reference":null},{"type":"port","@id":24,"shape":{"type":"rect","xposition":"NaN","yposition":"NaN","width":"NaN","height":"NaN","shapeStyle":{"@id":25,"description":"default shape style","color":{"argb":"ff000000"}}},"labelManager":{"labels":[{"type":"textLabel","@id":26,"inputText":"4","labelStyle":{"@id":27,"description":"default text label style","font":{"fontName":"SansSerif","style":0,"size":10},"noBreak":false,"color":{"argb":"ff000000"},"showLabel":true,"placement":"FREE","horizontalPlacement":"FREE","verticalPlacement":"FREE"},"shape":null,"layoutText":null}],"mainLabel":26},"properties":{},"orientationAtVertex":"FREE","reference":null}],"properties":{},"reference":null}],"properties":{"id":"6f4826f89409ad7a99c10d265e515c24","type":"device"},"reference":null},{"@id":28,"shape":{"type":"rect","xposition":"NaN","yposition":"NaN","width":"NaN","height":"NaN","shapeStyle":2},"labelManager":{"labels":[{"type":"textLabel","@id":29,"inputText":"Karl","labelStyle":4,"shape":null,"layoutText":null}],"mainLabel":29},"portCompositions":[{"type":"portGroup","@id":30,"ordered":false,"portCompositions":[{"type":"port","@id":31,"shape":{"type":"rect","xposition":"NaN","yposition":"NaN","width":"NaN","height":"NaN","shapeStyle":2},"labelManager":{"labels":[{"type":"textLabel","@id":32,"inputText":"6","labelStyle":4,"shape":null,"layoutText":null}],"mainLabel":32},"properties":{"id":"a62222fd902dfd43c7a4acda3dd0cff9"},"orientationAtVertex":"FREE","reference":null},{"type":"port","@id":33,"shape":{"type":"rect","xposition":"NaN","yposition":"NaN","width":"NaN","height":"NaN","shapeStyle":2},"labelManager":{"labels":[{"type":"textLabel","@id":34,"inputText":"5","labelStyle":4,"shape":null,"layoutText":null}],"mainLabel":34},"properties":{"id":"fce18e67fdcb10a08cb92304b2eac31c"},"orientationAtVertex":"FREE","reference":null},{"type":"port","@id":35,"shape":{"type":"rect","xposition":"NaN","yposition":"NaN","width":"NaN","height":"NaN","shapeStyle":2},"labelManager":{"labels":[{"type":"textLabel","@id":36,"inputText":"10","labelStyle":4,"shape":null,"layoutText":null}],"mainLabel":36},"properties":{"id":"a2046876bfa09dc01a69a296b9575fe7"},"orientationAtVertex":"FREE","reference":null},{"type":"port","@id":37,"shape":{"type":"rect","xposition":"NaN","yposition":"NaN","width":"NaN","height":"NaN","shapeStyle":2},"labelManager":{"labels":[{"type":"textLabel","@id":38,"inputText":"1","labelStyle":4,"shape":null,"layoutText":null}],"mainLabel":38},"properties":{"id":"1cb4f47630681488cfa5700d6c2b02da"},"orientationAtVertex":"FREE","reference":null},{"type":"port","@id":39,"shape":{"type":"rect","xposition":"NaN","yposition":"NaN","width":"NaN","height":"NaN","shapeStyle":2},"labelManager":{"labels":[{"type":"textLabel","@id":40,"inputText":"3","labelStyle":4,"shape":null,"layoutText":null}],"mainLabel":40},"properties":{"id":"6a68a95251eb795143846c7a9e9b0dea"},"orientationAtVertex":"FREE","reference":null},{"type":"port","@id":41,"shape":{"type":"rect","xposition":"NaN","yposition":"NaN","width":"NaN","height":"NaN","shapeStyle":2},"labelManager":{"labels":[{"type":"textLabel","@id":42,"inputText":"7","labelStyle":4,"shape":null,"layoutText":null}],"mainLabel":42},"properties":{"id":"2c4aa76d928238a2745991466f4382cf"},"orientationAtVertex":"FREE","reference":null},{"type":"port","@id":43,"shape":{"type":"rect","xposition":"NaN","yposition":"NaN","width":"NaN","height":"NaN","shapeStyle":2},"labelManager":{"labels":[{"type":"textLabel","@id":44,"inputText":"9","labelStyle":4,"shape":null,"layoutText":null}],"mainLabel":44},"properties":{"id":"430a7f82a85ad553bfd028f9f321ae0f"},"orientationAtVertex":"FREE","reference":null},{"type":"port","@id":45,"shape":{"type":"rect","xposition":"NaN","yposition":"NaN","width":"NaN","height":"NaN","shapeStyle":2},"labelManager":{"labels":[{"type":"textLabel","@id":46,"inputText":"8","labelStyle":4,"shape":null,"layoutText":null}],"mainLabel":46},"properties":{"id":"b28620bdfe1f12132fe66411568e3077"},"orientationAtVertex":"FREE","reference":null},{"type":"port","@id":47,"shape":{"type":"rect","xposition":"NaN","yposition":"NaN","width":"NaN","height":"NaN","shapeStyle":2},"labelManager":{"labels":[{"type":"textLabel","@id":48,"inputText":"2","labelStyle":4,"shape":null,"layoutText":null}],"mainLabel":48},"properties":{"id":"00fc304ddd4c4f8c74e6beb0aafc1f34"},"orientationAtVertex":"FREE","reference":null},{"type":"port","@id":49,"shape":{"type":"rect","xposition":"NaN","yposition":"NaN","width":"NaN","height":"NaN","shapeStyle":25},"labelManager":{"labels":[{"type":"textLabel","@id":50,"inputText":"4","labelStyle":27,"shape":null,"layoutText":null}],"mainLabel":50},"properties":{},"orientationAtVertex":"FREE","reference":null}],"properties":{},"reference":null}],"properties":{"id":"15a060ea275e7b0cb9ae9a4d6b4fe716","type":"socket"},"reference":null},{"@id":51,"shape":{"type":"rect","xposition":"NaN","yposition":"NaN","width":"NaN","height":"NaN","shapeStyle":2},"labelManager":{"labels":[{"type":"textLabel","@id":52,"inputText":"Christian","labelStyle":4,"shape":null,"layoutText":null}],"mainLabel":52},"portCompositions":[{"type":"port","@id":53,"shape":{"type":"rect","xposition":"NaN","yposition":"NaN","width":"NaN","height":"NaN","shapeStyle":2},"labelManager":{"labels":[{"type":"textLabel","@id":54,"inputText":"1","labelStyle":4,"shape":null,"layoutText":null}],"mainLabel":54},"properties":{"id":"d2acd3ca9d0c49efea6bd22b9eaebd3f"},"orientationAtVertex":"FREE","reference":null}],"properties":{"id":"923bdec551d80c0d8014780d29cc7d8b","type":"splice"},"reference":null},{"@id":55,"shape":{"type":"rect","xposition":"NaN","yposition":"NaN","width":"NaN","height":"NaN","shapeStyle":2},"labelManager":{"labels":[{"type":"textLabel","@id":56,"inputText":"Johannes","labelStyle":4,"shape":null,"layoutText":null}],"mainLabel":56},"portCompositions":[{"type":"portGroup","@id":57,"ordered":false,"portCompositions":[{"type":"port","@id":58,"shape":{"type":"rect","xposition":"NaN","yposition":"NaN","width":"NaN","height":"NaN","shapeStyle":2},"labelManager":{"labels":[{"type":"textLabel","@id":59,"inputText":"1","labelStyle":4,"shape":null,"layoutText":null}],"mainLabel":59},"properties":{"id":"37750d0aa426593c182928d1f32b19d4"},"orientationAtVertex":"FREE","reference":null}],"properties":{},"reference":null}],"properties":{"id":"5d2eb0629afa03ea71ed493f41fd0564","type":"plug"},"reference":null},{"@id":60,"shape":{"type":"rect","xposition":"NaN","yposition":"NaN","width":"NaN","height":"NaN","shapeStyle":2},"labelManager":{"labels":[{"type":"textLabel","@id":61,"inputText":"Ali","labelStyle":4,"shape":null,"layoutText":null}],"mainLabel":61},"portCompositions":[{"type":"portGroup","@id":62,"ordered":false,"portCompositions":[{"type":"port","@id":63,"shape":{"type":"rect","xposition":"NaN","yposition":"NaN","width":"NaN","height":"NaN","shapeStyle":2},"labelManager":{"labels":[{"type":"textLabel","@id":64,"inputText":"1","labelStyle":4,"shape":null,"layoutText":null}],"mainLabel":64},"properties":{"id":"c73fc00f3070aac9784b408e9efeacb3"},"orientationAtVertex":"FREE","reference":null}],"properties":{},"reference":null}],"properties":{"id":"41a6c9daba419f98d7eed6fa6e6480d3","type":"plug"},"reference":null},{"@id":65,"shape":{"type":"rect","xposition":"NaN","yposition":"NaN","width":"NaN","height":"NaN","shapeStyle":2},"labelManager":{"labels":[{"type":"textLabel","@id":66,"inputText":"Jakob","labelStyle":4,"shape":null,"layoutText":null}],"mainLabel":66},"portCompositions":[{"type":"portGroup","@id":67,"ordered":false,"portCompositions":[{"type":"port","@id":68,"shape":{"type":"rect","xposition":"NaN","yposition":"NaN","width":"NaN","height":"NaN","shapeStyle":2},"labelManager":{"labels":[{"type":"textLabel","@id":69,"inputText":"2","labelStyle":4,"shape":null,"layoutText":null}],"mainLabel":69},"properties":{"id":"d091bd56184b7d69fb95a99739096e5f"},"orientationAtVertex":"FREE","reference":null},{"type":"port","@id":70,"shape":{"type":"rect","xposition":"NaN","yposition":"NaN","width":"NaN","height":"NaN","shapeStyle":2},"labelManager":{"labels":[{"type":"textLabel","@id":71,"inputText":"1","labelStyle":4,"shape":null,"layoutText":null}],"mainLabel":71},"properties":{"id":"72f353f8b695bf0f8fff7b6fb0305bae"},"orientationAtVertex":"FREE","reference":null},{"type":"port","@id":72,"shape":{"type":"rect","xposition":"NaN","yposition":"NaN","width":"NaN","height":"NaN","shapeStyle":2},"labelManager":{"labels":[{"type":"textLabel","@id":73,"inputText":"4","labelStyle":4,"shape":null,"layoutText":null}],"mainLabel":73},"properties":{"id":"f9617db4bf6df847264f364090d9612a"},"orientationAtVertex":"FREE","reference":null},{"type":"port","@id":74,"shape":{"type":"rect","xposition":"NaN","yposition":"NaN","width":"NaN","height":"NaN","shapeStyle":25},"labelManager":{"labels":[{"type":"textLabel","@id":75,"inputText":"3","labelStyle":27,"shape":null,"layoutText":null}],"mainLabel":75},"properties":{},"orientationAtVertex":"FREE","reference":null}],"properties":{},"reference":null}],"properties":{"id":"bddd01020d54613092c08a7b21b9e346","type":"device"},"reference":null},{"@id":76,"shape":{"type":"rect","xposition":"NaN","yposition":"NaN","width":"NaN","height":"NaN","shapeStyle":2},"labelManager":{"labels":[{"type":"textLabel","@id":77,"inputText":"Emil","labelStyle":4,"shape":null,"layoutText":null}],"mainLabel":77},"portCompositions":[{"type":"portGroup","@id":78,"ordered":false,"portCompositions":[{"type":"port","@id":79,"shape":{"type":"rect","xposition":"NaN","yposition":"NaN","width":"NaN","height":"NaN","shapeStyle":2},"labelManager":{"labels":[{"type":"textLabel","@id":80,"inputText":"2","labelStyle":4,"shape":null,"layoutText":null}],"mainLabel":80},"properties":{"id":"1c774e444e35ae2bbeb7282b4dabbb88"},"orientationAtVertex":"FREE","reference":null},{"type":"port","@id":81,"shape":{"type":"rect","xposition":"NaN","yposition":"NaN","width":"NaN","height":"NaN","shapeStyle":2},"labelManager":{"labels":[{"type":"textLabel","@id":82,"inputText":"1","labelStyle":4,"shape":null,"layoutText":null}],"mainLabel":82},"properties":{"id":"098a4e623342edbc5ceba7234c400be6"},"orientationAtVertex":"FREE","reference":null},{"type":"port","@id":83,"shape":{"type":"rect","xposition":"NaN","yposition":"NaN","width":"NaN","height":"NaN","shapeStyle":2},"labelManager":{"labels":[{"type":"textLabel","@id":84,"inputText":"4","labelStyle":4,"shape":null,"layoutText":null}],"mainLabel":84},"properties":{"id":"9881e9591600ad2b7d1c64beb3d3eb2c"},"orientationAtVertex":"FREE","reference":null},{"type":"port","@id":85,"shape":{"type":"rect","xposition":"NaN","yposition":"NaN","width":"NaN","height":"NaN","shapeStyle":25},"labelManager":{"labels":[{"type":"textLabel","@id":86,"inputText":"3","labelStyle":27,"shape":null,"layoutText":null}],"mainLabel":86},"properties":{},"orientationAtVertex":"FREE","reference":null}],"properties":{},"reference":null}],"properties":{"id":"a330aa152012546bf7098135ce756c67","type":"socket"},"reference":null},{"@id":87,"shape":{"type":"rect","xposition":"NaN","yposition":"NaN","width":"NaN","height":"NaN","shapeStyle":2},"labelManager":{"labels":[{"type":"textLabel","@id":88,"inputText":"Paul","labelStyle":4,"shape":null,"layoutText":null}],"mainLabel":88},"portCompositions":[{"type":"portGroup","@id":89,"ordered":false,"portCompositions":[{"type":"port","@id":90,"shape":{"type":"rect","xposition":"NaN","yposition":"NaN","width":"NaN","height":"NaN","shapeStyle":2},"labelManager":{"labels":[{"type":"textLabel","@id":91,"inputText":"2","labelStyle":4,"shape":null,"layoutText":null}],"mainLabel":91},"properties":{"id":"2973c96ee12cef4ca2f883a1497014bc"},"orientationAtVertex":"FREE","reference":null},{"type":"port","@id":92,"shape":{"type":"rect","xposition":"NaN","yposition":"NaN","width":"NaN","height":"NaN","shapeStyle":2},"labelManager":{"labels":[{"type":"textLabel","@id":93,"inputText":"1","labelStyle":4,"shape":null,"layoutText":null}],"mainLabel":93},"properties":{"id":"a2ce94dfdc838e67d0791d6ef38107d6"},"orientationAtVertex":"FREE","reference":null}],"properties":{},"reference":null}],"properties":{"id":"863bca8ec33864890fc580125668427a","type":"plug"},"reference":null},{"@id":94,"shape":{"type":"rect","xposition":"NaN","yposition":"NaN","width":"NaN","height":"NaN","shapeStyle":2},"labelManager":{"labels":[{"type":"textLabel","@id":95,"inputText":"Daniel","labelStyle":4,"shape":null,"layoutText":null}],"mainLabel":95},"portCompositions":[{"type":"portGroup","@id":96,"ordered":false,"portCompositions":[{"type":"port","@id":97,"shape":{"type":"rect","xposition":"NaN","yposition":"NaN","width":"NaN","height":"NaN","shapeStyle":2},"labelManager":{"labels":[{"type":"textLabel","@id":98,"inputText":"2","labelStyle":4,"shape":null,"layoutText":null}],"mainLabel":98},"properties":{"id":"4c68b8ca38ddd3ae3ef4b2679f547e92"},"orientationAtVertex":"FREE","reference":null},{"type":"port","@id":99,"shape":{"type":"rect","xposition":"NaN","yposition":"NaN","width":"NaN","height":"NaN","shapeStyle":2},"labelManager":{"labels":[{"type":"textLabel","@id":100,"inputText":"1","labelStyle":4,"shape":null,"layoutText":null}],"mainLabel":100},"properties":{"id":"50181e52fb85845bd6bae19840ee7b71"},"orientationAtVertex":"FREE","reference":null}],"properties":{},"reference":null}],"properties":{"id":"5d88be5707e415330bda1094532b2433","type":"plug"},"reference":null},{"@id":101,"shape":{"type":"rect","xposition":"NaN","yposition":"NaN","width":"NaN","height":"NaN","shapeStyle":2},"labelManager":{"labels":[{"type":"textLabel","@id":102,"inputText":"Max","labelStyle":4,"shape":null,"layoutText":null}],"mainLabel":102},"portCompositions":[{"type":"port","@id":103,"shape":{"type":"rect","xposition":"NaN","yposition":"NaN","width":"NaN","height":"NaN","shapeStyle":2},"labelManager":{"labels":[{"type":"textLabel","@id":104,"inputText":"1","labelStyle":4,"shape":null,"layoutText":null}],"mainLabel":104},"properties":{"id":"ece77d69a8a503e4e50bd944783427a4"},"orientationAtVertex":"FREE","reference":null}],"properties":{"id":"586eac4fb54cfa5a9ed9647d5f398926","type":"splice"},"reference":null},{"@id":105,"shape":{"type":"rect","xposition":"NaN","yposition":"NaN","width":"NaN","height":"NaN","shapeStyle":2},"labelManager":{"labels":[{"type":"textLabel","@id":106,"inputText":"Oskar","labelStyle":4,"shape":null,"layoutText":null}],"mainLabel":106},"portCompositions":[{"type":"port","@id":107,"shape":{"type":"rect","xposition":"NaN","yposition":"NaN","width":"NaN","height":"NaN","shapeStyle":2},"labelManager":{"labels":[{"type":"textLabel","@id":108,"inputText":"1","labelStyle":4,"shape":null,"layoutText":null}],"mainLabel":108},"properties":{"id":"78ea5253cf36fd9a8d0bdab4ac565002"},"orientationAtVertex":"FREE","reference":null}],"properties":{"id":"14fa1e1ad937e49ab1ee75f2c8f80054","type":"splice"},"reference":null},{"@id":109,"shape":{"type":"rect","xposition":"NaN","yposition":"NaN","width":"NaN","height":"NaN","shapeStyle":2},"labelManager":{"labels":[{"type":"textLabel","@id":110,"inputText":"Joel","labelStyle":4,"shape":null,"layoutText":null}],"mainLabel":110},"portCompositions":[{"type":"portGroup","@id":111,"ordered":false,"portCompositions":[{"type":"port","@id":112,"shape":{"type":"rect","xposition":"NaN","yposition":"NaN","width":"NaN","height":"NaN","shapeStyle":2},"labelManager":{"labels":[{"type":"textLabel","@id":113,"inputText":"4","labelStyle":4,"shape":null,"layoutText":null}],"mainLabel":113},"properties":{"id":"d4a6badf55de497623470bd3a17b91ab"},"orientationAtVertex":"FREE","reference":null},{"type":"port","@id":114,"shape":{"type":"rect","xposition":"NaN","yposition":"NaN","width":"NaN","height":"NaN","shapeStyle":2},"labelManager":{"labels":[{"type":"textLabel","@id":115,"inputText":"1","labelStyle":4,"shape":null,"layoutText":null}],"mainLabel":115},"properties":{"id":"91acda5149c909794452fff5e1644099"},"orientationAtVertex":"FREE","reference":null},{"type":"port","@id":116,"shape":{"type":"rect","xposition":"NaN","yposition":"NaN","width":"NaN","height":"NaN","shapeStyle":2},"labelManager":{"labels":[{"type":"textLabel","@id":117,"inputText":"2","labelStyle":4,"shape":null,"layoutText":null}],"mainLabel":117},"properties":{"id":"94bd0d4d7981e6776d6bcc5d0534f1bd"},"orientationAtVertex":"FREE","reference":null},{"type":"port","@id":118,"shape":{"type":"rect","xposition":"NaN","yposition":"NaN","width":"NaN","height":"NaN","shapeStyle":25},"labelManager":{"labels":[{"type":"textLabel","@id":119,"inputText":"3","labelStyle":27,"shape":null,"layoutText":null}],"mainLabel":119},"properties":{},"orientationAtVertex":"FREE","reference":null}],"properties":{},"reference":null}],"properties":{"id":"3d3caf46fc6d7918b680096b96f64169","type":"plug"},"reference":null},{"@id":120,"shape":{"type":"rect","xposition":"NaN","yposition":"NaN","width":"NaN","height":"NaN","shapeStyle":2},"labelManager":{"labels":[{"type":"textLabel","@id":121,"inputText":"Tim","labelStyle":4,"shape":null,"layoutText":null}],"mainLabel":121},"portCompositions":[{"type":"portGroup","@id":122,"ordered":false,"portCompositions":[{"type":"port","@id":123,"shape":{"type":"rect","xposition":"NaN","yposition":"NaN","width":"NaN","height":"NaN","shapeStyle":2},"labelManager":{"labels":[{"type":"textLabel","@id":124,"inputText":"4","labelStyle":4,"shape":null,"layoutText":null}],"mainLabel":124},"properties":{"id":"e456744e04006a00fd87c50f3f93b2ba"},"orientationAtVertex":"FREE","reference":null},{"type":"port","@id":125,"shape":{"type":"rect","xposition":"NaN","yposition":"NaN","width":"NaN","height":"NaN","shapeStyle":2},"labelManager":{"labels":[{"type":"textLabel","@id":126,"inputText":"1","labelStyle":4,"shape":null,"layoutText":null}],"mainLabel":126},"properties":{"id":"42e49e4431c86e23b25014ac39a6c3d2"},"orientationAtVertex":"FREE","reference":null},{"type":"port","@id":127,"shape":{"type":"rect","xposition":"NaN","yposition":"NaN","width":"NaN","height":"NaN","shapeStyle":2},"labelManager":{"labels":[{"type":"textLabel","@id":128,"inputText":"2","labelStyle":4,"shape":null,"layoutText":null}],"mainLabel":128},"properties":{"id":"b2fe488a5909ea35bc1b90a18ddcc242"},"orientationAtVertex":"FREE","reference":null},{"type":"port","@id":129,"shape":{"type":"rect","xposition":"NaN","yposition":"NaN","width":"NaN","height":"NaN","shapeStyle":25},"labelManager":{"labels":[{"type":"textLabel","@id":130,"inputText":"3","labelStyle":27,"shape":null,"layoutText":null}],"mainLabel":130},"properties":{},"orientationAtVertex":"FREE","reference":null}],"properties":{},"reference":null}],"properties":{"id":"cf4c7e6463a39f80a27703f5b8322870","type":"plug"},"reference":null},{"@id":131,"shape":{"type":"rect","xposition":"NaN","yposition":"NaN","width":"NaN","height":"NaN","shapeStyle":2},"labelManager":{"labels":[{"type":"textLabel","@id":132,"inputText":"Florian","labelStyle":4,"shape":null,"layoutText":null}],"mainLabel":132},"portCompositions":[{"type":"port","@id":133,"shape":{"type":"rect","xposition":"NaN","yposition":"NaN","width":"NaN","height":"NaN","shapeStyle":2},"labelManager":{"labels":[{"type":"textLabel","@id":134,"inputText":"1","labelStyle":4,"shape":null,"layoutText":null}],"mainLabel":134},"properties":{"id":"6fefc0dead78ea30481a6df812ddad06"},"orientationAtVertex":"FREE","reference":null}],"properties":{"id":"06e99a2f7ad7caa147f1dfdd58e472da","type":"splice"},"reference":null},{"@id":135,"shape":{"type":"rect","xposition":"NaN","yposition":"NaN","width":"NaN","height":"NaN","shapeStyle":2},"labelManager":{"labels":[{"type":"textLabel","@id":136,"inputText":"Philipp","labelStyle":4,"shape":null,"layoutText":null}],"mainLabel":136},"portCompositions":[{"type":"portGroup","@id":137,"ordered":false,"portCompositions":[{"type":"port","@id":138,"shape":{"type":"rect","xposition":"NaN","yposition":"NaN","width":"NaN","height":"NaN","shapeStyle":2},"labelManager":{"labels":[{"type":"textLabel","@id":139,"inputText":"1","labelStyle":4,"shape":null,"layoutText":null}],"mainLabel":139},"properties":{"id":"31d6d823e964bf7949e9c80b14edef9c"},"orientationAtVertex":"FREE","reference":null}],"properties":{},"reference":null}],"properties":{"id":"c88ea4ac0474d8226d0e1ab517796943","type":"plug"},"reference":null},{"@id":140,"shape":{"type":"rect","xposition":"NaN","yposition":"NaN","width":"NaN","height":"NaN","shapeStyle":2},"labelManager":{"labels":[{"type":"textLabel","@id":141,"inputText":"Simon","labelStyle":4,"shape":null,"layoutText":null}],"mainLabel":141},"portCompositions":[{"type":"portGroup","@id":142,"ordered":false,"portCompositions":[{"type":"port","@id":143,"shape":{"type":"rect","xposition":"NaN","yposition":"NaN","width":"NaN","height":"NaN","shapeStyle":2},"labelManager":{"labels":[{"type":"textLabel","@id":144,"inputText":"1","labelStyle":4,"shape":null,"layoutText":null}],"mainLabel":144},"properties":{"id":"c0d4da776cef3e54ca7c1339c277118b"},"orientationAtVertex":"FREE","reference":null}],"properties":{},"reference":null}],"properties":{"id":"3cd3dc4d2175e6c83771c3332af63b57","type":"plug"},"reference":null},{"@id":145,"shape":{"type":"rect","xposition":"NaN","yposition":"NaN","width":"NaN","height":"NaN","shapeStyle":2},"labelManager":{"labels":[{"type":"textLabel","@id":146,"inputText":"Vincent","labelStyle":4,"shape":null,"layoutText":null}],"mainLabel":146},"portCompositions":[{"type":"portGroup","@id":147,"ordered":false,"portCompositions":[{"type":"port","@id":148,"shape":{"type":"rect","xposition":"NaN","yposition":"NaN","width":"NaN","height":"NaN","shapeStyle":2},"labelManager":{"labels":[{"type":"textLabel","@id":149,"inputText":"2","labelStyle":4,"shape":null,"layoutText":null}],"mainLabel":149},"properties":{"id":"ffb0ba79903c8aeb19dd7f165cd7e1c7"},"orientationAtVertex":"FREE","reference":null},{"type":"port","@id":150,"shape":{"type":"rect","xposition":"NaN","yposition":"NaN","width":"NaN","height":"NaN","shapeStyle":2},"labelManager":{"labels":[{"type":"textLabel","@id":151,"inputText":"3","labelStyle":4,"shape":null,"layoutText":null}],"mainLabel":151},"properties":{"id":"42b306920db367e4a3acb5715e89f0f1"},"orientationAtVertex":"FREE","reference":null},{"type":"port","@id":152,"shape":{"type":"rect","xposition":"NaN","yposition":"NaN","width":"NaN","height":"NaN","shapeStyle":2},"labelManager":{"labels":[{"type":"textLabel","@id":153,"inputText":"1","labelStyle":4,"shape":null,"layoutText":null}],"mainLabel":153},"properties":{"id":"973a2bad665d3c595067d491505fcd2a"},"orientationAtVertex":"FREE","reference":null}],"properties":{},"reference":null}],"properties":{"id":"b3f355092880a1e5a79d0cba59f21327","type":"plug"},"reference":null},{"@id":154,"shape":{"type":"rect","xposition":"NaN","yposition":"NaN","width":"NaN","height":"NaN","shapeStyle":2},"labelManager":{"labels":[{"type":"textLabel","@id":155,"inputText":"Niklas","labelStyle":4,"shape":null,"layoutText":null}],"mainLabel":155},"portCompositions":[{"type":"portGroup","@id":156,"ordered":false,"portCompositions":[{"type":"port","@id":157,"shape":{"type":"rect","xposition":"NaN","yposition":"NaN","width":"NaN","height":"NaN","shapeStyle":2},"labelManager":{"labels":[{"type":"textLabel","@id":158,"inputText":"2","labelStyle":4,"shape":null,"layoutText":null}],"mainLabel":158},"properties":{"id":"e004b3e490b03d78587f5ca32c8ae384"},"orientationAtVertex":"FREE","reference":null},{"type":"port","@id":159,"shape":{"type":"rect","xposition":"NaN","yposition":"NaN","width":"NaN","height":"NaN","shapeStyle":2},"labelManager":{"labels":[{"type":"textLabel","@id":160,"inputText":"3","labelStyle":4,"shape":null,"layoutText":null}],"mainLabel":160},"properties":{"id":"d8b39326c9b88e16fe454dd51402b627"},"orientationAtVertex":"FREE","reference":null},{"type":"port","@id":161,"shape":{"type":"rect","xposition":"NaN","yposition":"NaN","width":"NaN","height":"NaN","shapeStyle":2},"labelManager":{"labels":[{"type":"textLabel","@id":162,"inputText":"1","labelStyle":4,"shape":null,"layoutText":null}],"mainLabel":162},"properties":{"id":"8ac356eed8905c007491f27db44ab854"},"orientationAtVertex":"FREE","reference":null}],"properties":{},"reference":null}],"properties":{"id":"0ba871e07f351377b47d0e0761617029","type":"plug"},"reference":null},{"@id":163,"shape":{"type":"rect","xposition":"NaN","yposition":"NaN","width":"NaN","height":"NaN","shapeStyle":2},"labelManager":{"labels":[{"type":"textLabel","@id":164,"inputText":"Felix","labelStyle":4,"shape":null,"layoutText":null}],"mainLabel":164},"portCompositions":[{"type":"port","@id":165,"shape":{"type":"rect","xposition":"NaN","yposition":"NaN","width":"NaN","height":"NaN","shapeStyle":2},"labelManager":{"labels":[{"type":"textLabel","@id":166,"inputText":"1","labelStyle":4,"shape":null,"layoutText":null}],"mainLabel":166},"properties":{"id":"757abcdbf793179652d5a728a8b0e5a6"},"orientationAtVertex":"FREE","reference":null}],"properties":{"id":"861dbde96799b3717eecaa4223100857","type":"splice"},"reference":null},{"@id":167,"shape":{"type":"rect","xposition":"NaN","yposition":"NaN","width":"NaN","height":"NaN","shapeStyle":2},"labelManager":{"labels":[{"type":"textLabel","@id":168,"inputText":"Levi","labelStyle":4,"shape":null,"layoutText":null}],"mainLabel":168},"portCompositions":[{"type":"port","@id":169,"shape":{"type":"rect","xposition":"NaN","yposition":"NaN","width":"NaN","height":"NaN","shapeStyle":2},"labelManager":{"labels":[{"type":"textLabel","@id":170,"inputText":"1","labelStyle":4,"shape":null,"layoutText":null}],"mainLabel":170},"properties":{"id":"f2887d31abd18ccf7f120ad40734ba1b"},"orientationAtVertex":"FREE","reference":null}],"properties":{"id":"33049998552a845cb200e723ee83142c","type":"splice"},"reference":null},{"@id":171,"shape":{"type":"rect","xposition":"NaN","yposition":"NaN","width":"NaN","height":"NaN","shapeStyle":2},"labelManager":{"labels":[{"type":"textLabel","@id":172,"inputText":"Jonathan","labelStyle":4,"shape":null,"layoutText":null}],"mainLabel":172},"portCompositions":[{"type":"portGroup","@id":173,"ordered":false,"portCompositions":[{"type":"port","@id":174,"shape":{"type":"rect","xposition":"NaN","yposition":"NaN","width":"NaN","height":"NaN","shapeStyle":2},"labelManager":{"labels":[{"type":"textLabel","@id":175,"inputText":"5","labelStyle":4,"shape":null,"layoutText":null}],"mainLabel":175},"properties":{"id":"4766bd04b9c8626e5af5a9ce67c60780"},"orientationAtVertex":"FREE","reference":null},{"type":"port","@id":176,"shape":{"type":"rect","xposition":"NaN","yposition":"NaN","width":"NaN","height":"NaN","shapeStyle":2},"labelManager":{"labels":[{"type":"textLabel","@id":177,"inputText":"2","labelStyle":4,"shape":null,"layoutText":null}],"mainLabel":177},"properties":{"id":"a6af07f61df2daaee07460a7376b7991"},"orientationAtVertex":"FREE","reference":null},{"type":"port","@id":178,"shape":{"type":"rect","xposition":"NaN","yposition":"NaN","width":"NaN","height":"NaN","shapeStyle":2},"labelManager":{"labels":[{"type":"textLabel","@id":179,"inputText":"3","labelStyle":4,"shape":null,"layoutText":null}],"mainLabel":179},"properties":{"id":"facb26721161ca0adce0f5dcb7079a8a"},"orientationAtVertex":"FREE","reference":null},{"type":"port","@id":180,"shape":{"type":"rect","xposition":"NaN","yposition":"NaN","width":"NaN","height":"NaN","shapeStyle":2},"labelManager":{"labels":[{"type":"textLabel","@id":181,"inputText":"4","labelStyle":4,"shape":null,"layoutText":null}],"mainLabel":181},"properties":{"id":"4bf7361a8fb381ec66ad89b4d82ffaab"},"orientationAtVertex":"FREE","reference":null},{"type":"port","@id":182,"shape":{"type":"rect","xposition":"NaN","yposition":"NaN","width":"NaN","height":"NaN","shapeStyle":25},"labelManager":{"labels":[{"type":"textLabel","@id":183,"inputText":"1","labelStyle":27,"shape":null,"layoutText":null}],"mainLabel":183},"properties":{},"orientationAtVertex":"FREE","reference":null}],"properties":{},"reference":null}],"properties":{"id":"734b3d2672994d537e8434bd4c0ea74e","type":"plug"},"reference":null},{"@id":184,"shape":{"type":"rect","xposition":"NaN","yposition":"NaN","width":"NaN","height":"NaN","shapeStyle":2},"labelManager":{"labels":[{"type":"textLabel","@id":185,"inputText":"Lukas","labelStyle":4,"shape":null,"layoutText":null}],"mainLabel":185},"portCompositions":[{"type":"portGroup","@id":186,"ordered":false,"portCompositions":[{"type":"port","@id":187,"shape":{"type":"rect","xposition":"NaN","yposition":"NaN","width":"NaN","height":"NaN","shapeStyle":2},"labelManager":{"labels":[{"type":"textLabel","@id":188,"inputText":"5","labelStyle":4,"shape":null,"layoutText":null}],"mainLabel":188},"properties":{"id":"0d9b1256b774b6c1e44adef8b193bcd8"},"orientationAtVertex":"FREE","reference":null},{"type":"port","@id":189,"shape":{"type":"rect","xposition":"NaN","yposition":"NaN","width":"NaN","height":"NaN","shapeStyle":2},"labelManager":{"labels":[{"type":"textLabel","@id":190,"inputText":"2","labelStyle":4,"shape":null,"layoutText":null}],"mainLabel":190},"properties":{"id":"738bc6fed65935563107f789635fc582"},"orientationAtVertex":"FREE","reference":null},{"type":"port","@id":191,"shape":{"type":"rect","xposition":"NaN","yposition":"NaN","width":"NaN","height":"NaN","shapeStyle":2},"labelManager":{"labels":[{"type":"textLabel","@id":192,"inputText":"3","labelStyle":4,"shape":null,"layoutText":null}],"mainLabel":192},"properties":{"id":"af759e19c29a2b5718c0bfa4fa754a1d"},"orientationAtVertex":"FREE","reference":null},{"type":"port","@id":193,"shape":{"type":"rect","xposition":"NaN","yposition":"NaN","width":"NaN","height":"NaN","shapeStyle":2},"labelManager":{"labels":[{"type":"textLabel","@id":194,"inputText":"4","labelStyle":4,"shape":null,"layoutText":null}],"mainLabel":194},"properties":{"id":"17def82433f68dae4f3a61c035c951d5"},"orientationAtVertex":"FREE","reference":null},{"type":"port","@id":195,"shape":{"type":"rect","xposition":"NaN","yposition":"NaN","width":"NaN","height":"NaN","shapeStyle":25},"labelManager":{"labels":[{"type":"textLabel","@id":196,"inputText":"1","labelStyle":27,"shape":null,"layoutText":null}],"mainLabel":196},"properties":{},"orientationAtVertex":"FREE","reference":null}],"properties":{},"reference":null}],"properties":{"id":"00edd81b5ecfe75aaa7932d1e659da66","type":"plug"},"reference":null},{"@id":197,"shape":{"type":"rect","xposition":"NaN","yposition":"NaN","width":"NaN","height":"NaN","shapeStyle":2},"labelManager":{"labels":[{"type":"textLabel","@id":198,"inputText":"Alexander","labelStyle":4,"shape":null,"layoutText":null}],"mainLabel":198},"portCompositions":[{"type":"port","@id":199,"shape":{"type":"rect","xposition":"NaN","yposition":"NaN","width":"NaN","height":"NaN","shapeStyle":2},"labelManager":{"labels":[{"type":"textLabel","@id":200,"inputText":"1","labelStyle":4,"shape":null,"layoutText":null}],"mainLabel":200},"properties":{"id":"b7bfd269a80b9f865fb3520ef97741b6"},"orientationAtVertex":"FREE","reference":null}],"properties":{"id":"1a516ab2db796fbf66169015ea35bda4","type":"splice"},"reference":null},{"@id":201,"shape":{"type":"rect","xposition":"NaN","yposition":"NaN","width":"NaN","height":"NaN","shapeStyle":2},"labelManager":{"labels":[{"type":"textLabel","@id":202,"inputText":"Johann","labelStyle":4,"shape":null,"layoutText":null}],"mainLabel":202},"portCompositions":[{"type":"portGroup","@id":203,"ordered":false,"portCompositions":[{"type":"port","@id":204,"shape":{"type":"rect","xposition":"NaN","yposition":"NaN","width":"NaN","height":"NaN","shapeStyle":2},"labelManager":{"labels":[{"type":"textLabel","@id":205,"inputText":"1","labelStyle":4,"shape":null,"layoutText":null}],"mainLabel":205},"properties":{"id":"e1bc42d1346541fbce8934093d5798b7"},"orientationAtVertex":"FREE","reference":null},{"type":"port","@id":206,"shape":{"type":"rect","xposition":"NaN","yposition":"NaN","width":"NaN","height":"NaN","shapeStyle":2},"labelManager":{"labels":[{"type":"textLabel","@id":207,"inputText":"2","labelStyle":4,"shape":null,"layoutText":null}],"mainLabel":207},"properties":{"id":"5ad443946e614d0f174a0440b85fa0c4"},"orientationAtVertex":"FREE","reference":null},{"type":"port","@id":208,"shape":{"type":"rect","xposition":"NaN","yposition":"NaN","width":"NaN","height":"NaN","shapeStyle":2},"labelManager":{"labels":[{"type":"textLabel","@id":209,"inputText":"3","labelStyle":4,"shape":null,"layoutText":null}],"mainLabel":209},"properties":{"id":"75440bc865d53cd6ad3c639d8c2830ba"},"orientationAtVertex":"FREE","reference":null},{"type":"port","@id":210,"shape":{"type":"rect","xposition":"NaN","yposition":"NaN","width":"NaN","height":"NaN","shapeStyle":25},"labelManager":{"labels":[{"type":"textLabel","@id":211,"inputText":"4","labelStyle":27,"shape":null,"layoutText":null}],"mainLabel":211},"properties":{},"orientationAtVertex":"FREE","reference":null}],"properties":{},"reference":null}],"properties":{"id":"f5ac2fc13ef8013d43a8386ba2078844","type":"plug"},"reference":null},{"@id":212,"shape":{"type":"rect","xposition":"NaN","yposition":"NaN","width":"NaN","height":"NaN","shapeStyle":2},"labelManager":{"labels":[{"type":"textLabel","@id":213,"inputText":"Theo","labelStyle":4,"shape":null,"layoutText":null}],"mainLabel":213},"portCompositions":[{"type":"portGroup","@id":214,"ordered":false,"portCompositions":[{"type":"port","@id":215,"shape":{"type":"rect","xposition":"NaN","yposition":"NaN","width":"NaN","height":"NaN","shapeStyle":2},"labelManager":{"labels":[{"type":"textLabel","@id":216,"inputText":"1","labelStyle":4,"shape":null,"layoutText":null}],"mainLabel":216},"properties":{"id":"42cb4e04d6999490cc3339a237647b08"},"orientationAtVertex":"FREE","reference":null},{"type":"port","@id":217,"shape":{"type":"rect","xposition":"NaN","yposition":"NaN","width":"NaN","height":"NaN","shapeStyle":2},"labelManager":{"labels":[{"type":"textLabel","@id":218,"inputText":"2","labelStyle":4,"shape":null,"layoutText":null}],"mainLabel":218},"properties":{"id":"8c24300ad05b0e6979faa944a6f5eed9"},"orientationAtVertex":"FREE","reference":null},{"type":"port","@id":219,"shape":{"type":"rect","xposition":"NaN","yposition":"NaN","width":"NaN","height":"NaN","shapeStyle":2},"labelManager":{"labels":[{"type":"textLabel","@id":220,"inputText":"3","labelStyle":4,"shape":null,"layoutText":null}],"mainLabel":220},"properties":{"id":"e1aa8da2166fb2c6eb591faa6bdc7ade"},"orientationAtVertex":"FREE","reference":null},{"type":"port","@id":221,"shape":{"type":"rect","xposition":"NaN","yposition":"NaN","width":"NaN","height":"NaN","shapeStyle":25},"labelManager":{"labels":[{"type":"textLabel","@id":222,"inputText":"4","labelStyle":27,"shape":null,"layoutText":null}],"mainLabel":222},"properties":{},"orientationAtVertex":"FREE","reference":null}],"properties":{},"reference":null}],"properties":{"id":"f11e743505dddfb6820404e3a8c2c74f","type":"plug"},"reference":null},{"@id":223,"shape":{"type":"rect","xposition":"NaN","yposition":"NaN","width":"NaN","height":"NaN","shapeStyle":2},"labelManager":{"labels":[{"type":"textLabel","@id":224,"inputText":"Henri","labelStyle":4,"shape":null,"layoutText":null}],"mainLabel":224},"portCompositions":[{"type":"portGroup","@id":225,"ordered":false,"portCompositions":[{"type":"port","@id":226,"shape":{"type":"rect","xposition":"NaN","yposition":"NaN","width":"NaN","height":"NaN","shapeStyle":2},"labelManager":{"labels":[{"type":"textLabel","@id":227,"inputText":"3","labelStyle":4,"shape":null,"layoutText":null}],"mainLabel":227},"properties":{"id":"b9acffaa3edef504a1ac9c33162dbf55"},"orientationAtVertex":"FREE","reference":null},{"type":"port","@id":228,"shape":{"type":"rect","xposition":"NaN","yposition":"NaN","width":"NaN","height":"NaN","shapeStyle":2},"labelManager":{"labels":[{"type":"textLabel","@id":229,"inputText":"1","labelStyle":4,"shape":null,"layoutText":null}],"mainLabel":229},"properties":{"id":"e01d34f1425187da36691d04e1444ff5"},"orientationAtVertex":"FREE","reference":null},{"type":"port","@id":230,"shape":{"type":"rect","xposition":"NaN","yposition":"NaN","width":"NaN","height":"NaN","shapeStyle":2},"labelManager":{"labels":[{"type":"textLabel","@id":231,"inputText":"2","labelStyle":4,"shape":null,"layoutText":null}],"mainLabel":231},"properties":{"id":"908c56d9d48dda98fc399b41b14c77ef"},"orientationAtVertex":"FREE","reference":null},{"type":"port","@id":232,"shape":{"type":"rect","xposition":"NaN","yposition":"NaN","width":"NaN","height":"NaN","shapeStyle":25},"labelManager":{"labels":[{"type":"textLabel","@id":233,"inputText":"4","labelStyle":27,"shape":null,"layoutText":null}],"mainLabel":233},"properties":{},"orientationAtVertex":"FREE","reference":null}],"properties":{},"reference":null}],"properties":{"id":"f957626fabaa5f26637971d9dd23ef0f","type":"plug"},"reference":null},{"@id":234,"shape":{"type":"rect","xposition":"NaN","yposition":"NaN","width":"NaN","height":"NaN","shapeStyle":2},"labelManager":{"labels":[{"type":"textLabel","@id":235,"inputText":"Jan","labelStyle":4,"shape":null,"layoutText":null}],"mainLabel":235},"portCompositions":[{"type":"portGroup","@id":236,"ordered":false,"portCompositions":[{"type":"port","@id":237,"shape":{"type":"rect","xposition":"NaN","yposition":"NaN","width":"NaN","height":"NaN","shapeStyle":2},"labelManager":{"labels":[{"type":"textLabel","@id":238,"inputText":"3","labelStyle":4,"shape":null,"layoutText":null}],"mainLabel":238},"properties":{"id":"4230820cc4f53ab3c22659663f021e2b"},"orientationAtVertex":"FREE","reference":null},{"type":"port","@id":239,"shape":{"type":"rect","xposition":"NaN","yposition":"NaN","width":"NaN","height":"NaN","shapeStyle":2},"labelManager":{"labels":[{"type":"textLabel","@id":240,"inputText":"1","labelStyle":4,"shape":null,"layoutText":null}],"mainLabel":240},"properties":{"id":"25856b6c33693240171f2860d55decfe"},"orientationAtVertex":"FREE","reference":null},{"type":"port","@id":241,"shape":{"type":"rect","xposition":"NaN","yposition":"NaN","width":"NaN","height":"NaN","shapeStyle":2},"labelManager":{"labels":[{"type":"textLabel","@id":242,"inputText":"2","labelStyle":4,"shape":null,"layoutText":null}],"mainLabel":242},"properties":{"id":"544869b4284ba2d0d76b37d7b3997807"},"orientationAtVertex":"FREE","reference":null},{"type":"port","@id":243,"shape":{"type":"rect","xposition":"NaN","yposition":"NaN","width":"NaN","height":"NaN","shapeStyle":25},"labelManager":{"labels":[{"type":"textLabel","@id":244,"inputText":"4","labelStyle":27,"shape":null,"layoutText":null}],"mainLabel":244},"properties":{},"orientationAtVertex":"FREE","reference":null}],"properties":{},"reference":null}],"properties":{"id":"02c7370ea7bf3715912438b146d9e8ce","type":"plug"},"reference":null},{"@id":245,"shape":{"type":"rect","xposition":"NaN","yposition":"NaN","width":"NaN","height":"NaN","shapeStyle":2},"labelManager":{"labels":[{"type":"textLabel","@id":246,"inputText":"Benjamin","labelStyle":4,"shape":null,"layoutText":null}],"mainLabel":246},"portCompositions":[{"type":"portGroup","@id":247,"ordered":false,"portCompositions":[{"type":"port","@id":248,"shape":{"type":"rect","xposition":"NaN","yposition":"NaN","width":"NaN","height":"NaN","shapeStyle":2},"labelManager":{"labels":[{"type":"textLabel","@id":249,"inputText":"2","labelStyle":4,"shape":null,"layoutText":null}],"mainLabel":249},"properties":{"id":"97bb0bd16034d5d45ba59d936027902d"},"orientationAtVertex":"FREE","reference":null},{"type":"port","@id":250,"shape":{"type":"rect","xposition":"NaN","yposition":"NaN","width":"NaN","height":"NaN","shapeStyle":2},"labelManager":{"labels":[{"type":"textLabel","@id":251,"inputText":"1","labelStyle":4,"shape":null,"layoutText":null}],"mainLabel":251},"properties":{"id":"af6731df1c42d11299c935be1214b6ce"},"orientationAtVertex":"FREE","reference":null}],"properties":{},"reference":null}],"properties":{"id":"72b7ef5ab405cd5fd952d53d657f9ed8","type":"device"},"reference":null},{"@id":252,"shape":{"type":"rect","xposition":"NaN","yposition":"NaN","width":"NaN","height":"NaN","shapeStyle":2},"labelManager":{"labels":[{"type":"textLabel","@id":253,"inputText":"Peter","labelStyle":4,"shape":null,"layoutText":null}],"mainLabel":253},"portCompositions":[{"type":"portGroup","@id":254,"ordered":false,"portCompositions":[{"type":"port","@id":255,"shape":{"type":"rect","xposition":"NaN","yposition":"NaN","width":"NaN","height":"NaN","shapeStyle":2},"labelManager":{"labels":[{"type":"textLabel","@id":256,"inputText":"2","labelStyle":4,"shape":null,"layoutText":null}],"mainLabel":256},"properties":{"id":"4b1c239d5e87884e9f6ec07ffd43ae0f"},"orientationAtVertex":"FREE","reference":null},{"type":"port","@id":257,"shape":{"type":"rect","xposition":"NaN","yposition":"NaN","width":"NaN","height":"NaN","shapeStyle":2},"labelManager":{"labels":[{"type":"textLabel","@id":258,"inputText":"1","labelStyle":4,"shape":null,"layoutText":null}],"mainLabel":258},"properties":{"id":"48e7163e7d869c5df9fda1d9e7a439fb"},"orientationAtVertex":"FREE","reference":null}],"properties":{},"reference":null}],"properties":{"id":"3e1ab138fb2cd32978e8fa46731e4944","type":"socket"},"reference":null},{"@id":259,"shape":{"type":"rect","xposition":"NaN","yposition":"NaN","width":"NaN","height":"NaN","shapeStyle":2},"labelManager":{"labels":[{"type":"textLabel","@id":260,"inputText":"Samuel","labelStyle":4,"shape":null,"layoutText":null}],"mainLabel":260},"portCompositions":[{"type":"portGroup","@id":261,"ordered":false,"portCompositions":[{"type":"port","@id":262,"shape":{"type":"rect","xposition":"NaN","yposition":"NaN","width":"NaN","height":"NaN","shapeStyle":2},"labelManager":{"labels":[{"type":"textLabel","@id":263,"inputText":"2","labelStyle":4,"shape":null,"layoutText":null}],"mainLabel":263},"properties":{"id":"85162fe9b7c7e61ddb2c3bf96cf0a48d"},"orientationAtVertex":"FREE","reference":null},{"type":"port","@id":264,"shape":{"type":"rect","xposition":"NaN","yposition":"NaN","width":"NaN","height":"NaN","shapeStyle":25},"labelManager":{"labels":[{"type":"textLabel","@id":265,"inputText":"1","labelStyle":27,"shape":null,"layoutText":null}],"mainLabel":265},"properties":{},"orientationAtVertex":"FREE","reference":null}],"properties":{},"reference":null}],"properties":{"id":"9b719da2effd2db97613884aa2a1111e","type":"plug"},"reference":null},{"@id":266,"shape":{"type":"rect","xposition":"NaN","yposition":"NaN","width":"NaN","height":"NaN","shapeStyle":2},"labelManager":{"labels":[{"type":"textLabel","@id":267,"inputText":"Leon","labelStyle":4,"shape":null,"layoutText":null}],"mainLabel":267},"portCompositions":[{"type":"portGroup","@id":268,"ordered":false,"portCompositions":[{"type":"port","@id":269,"shape":{"type":"rect","xposition":"NaN","yposition":"NaN","width":"NaN","height":"NaN","shapeStyle":2},"labelManager":{"labels":[{"type":"textLabel","@id":270,"inputText":"2","labelStyle":4,"shape":null,"layoutText":null}],"mainLabel":270},"properties":{"id":"b40ae518bc8118ad744b145efae6145a"},"orientationAtVertex":"FREE","reference":null},{"type":"port","@id":271,"shape":{"type":"rect","xposition":"NaN","yposition":"NaN","width":"NaN","height":"NaN","shapeStyle":25},"labelManager":{"labels":[{"type":"textLabel","@id":272,"inputText":"1","labelStyle":27,"shape":null,"layoutText":null}],"mainLabel":272},"properties":{},"orientationAtVertex":"FREE","reference":null}],"properties":{},"reference":null}],"properties":{"id":"8ef3cf7c17e12b019cff195c1575ccbb","type":"plug"},"reference":null},{"@id":273,"shape":{"type":"rect","xposition":"NaN","yposition":"NaN","width":"NaN","height":"NaN","shapeStyle":2},"labelManager":{"labels":[{"type":"textLabel","@id":274,"inputText":"Michael","labelStyle":4,"shape":null,"layoutText":null}],"mainLabel":274},"portCompositions":[{"type":"portGroup","@id":275,"ordered":false,"portCompositions":[{"type":"port","@id":276,"shape":{"type":"rect","xposition":"NaN","yposition":"NaN","width":"NaN","height":"NaN","shapeStyle":2},"labelManager":{"labels":[{"type":"textLabel","@id":277,"inputText":"2","labelStyle":4,"shape":null,"layoutText":null}],"mainLabel":277},"properties":{"id":"aa1bc79e1f5a60f27c9e8d563504af9e"},"orientationAtVertex":"FREE","reference":null},{"type":"port","@id":278,"shape":{"type":"rect","xposition":"NaN","yposition":"NaN","width":"NaN","height":"NaN","shapeStyle":25},"labelManager":{"labels":[{"type":"textLabel","@id":279,"inputText":"3","labelStyle":27,"shape":null,"layoutText":null}],"mainLabel":279},"properties":{},"orientationAtVertex":"FREE","reference":null},{"type":"port","@id":280,"shape":{"type":"rect","xposition":"NaN","yposition":"NaN","width":"NaN","height":"NaN","shapeStyle":25},"labelManager":{"labels":[{"type":"textLabel","@id":281,"inputText":"1","labelStyle":27,"shape":null,"layoutText":null}],"mainLabel":281},"properties":{},"orientationAtVertex":"FREE","reference":null}],"properties":{},"reference":null}],"properties":{"id":"bf5860539d6d970b99a2e309c36ab8c4","type":"plug"},"reference":null},{"@id":282,"shape":{"type":"rect","xposition":"NaN","yposition":"NaN","width":"NaN","height":"NaN","shapeStyle":2},"labelManager":{"labels":[{"type":"textLabel","@id":283,"inputText":"Gabriel","labelStyle":4,"shape":null,"layoutText":null}],"mainLabel":283},"portCompositions":[{"type":"portGroup","@id":284,"ordered":false,"portCompositions":[{"type":"port","@id":285,"shape":{"type":"rect","xposition":"NaN","yposition":"NaN","width":"NaN","height":"NaN","shapeStyle":2},"labelManager":{"labels":[{"type":"textLabel","@id":286,"inputText":"2","labelStyle":4,"shape":null,"layoutText":null}],"mainLabel":286},"properties":{"id":"d7dc087f66810099d1321761c7f41ab3"},"orientationAtVertex":"FREE","reference":null},{"type":"port","@id":287,"shape":{"type":"rect","xposition":"NaN","yposition":"NaN","width":"NaN","height":"NaN","shapeStyle":25},"labelManager":{"labels":[{"type":"textLabel","@id":288,"inputText":"3","labelStyle":27,"shape":null,"layoutText":null}],"mainLabel":288},"properties":{},"orientationAtVertex":"FREE","reference":null},{"type":"port","@id":289,"shape":{"type":"rect","xposition":"NaN","yposition":"NaN","width":"NaN","height":"NaN","shapeStyle":25},"labelManager":{"labels":[{"type":"textLabel","@id":290,"inputText":"1","labelStyle":27,"shape":null,"layoutText":null}],"mainLabel":290},"properties":{},"orientationAtVertex":"FREE","reference":null}],"properties":{},"reference":null}],"properties":{"id":"8f5ac1cadcfda68289d49ffad5d6d68d","type":"plug"},"reference":null},{"@id":291,"shape":{"type":"rect","xposition":"NaN","yposition":"NaN","width":"NaN","height":"NaN","shapeStyle":2},"labelManager":{"labels":[{"type":"textLabel","@id":292,"inputText":"Ben","labelStyle":4,"shape":null,"layoutText":null}],"mainLabel":292},"portCompositions":[{"type":"port","@id":293,"shape":{"type":"rect","xposition":"NaN","yposition":"NaN","width":"NaN","height":"NaN","shapeStyle":2},"labelManager":{"labels":[{"type":"textLabel","@id":294,"inputText":"1","labelStyle":4,"shape":null,"layoutText":null}],"mainLabel":294},"properties":{"id":"7b51de8239265708bfe25a8bf64102c3"},"orientationAtVertex":"FREE","reference":null}],"properties":{"id":"b916f1206234f7c5230c2711c975be9d","type":"splice"},"reference":null},{"@id":295,"shape":{"type":"rect","xposition":"NaN","yposition":"NaN","width":"NaN","height":"NaN","shapeStyle":2},"labelManager":{"labels":[{"type":"textLabel","@id":296,"inputText":"Moritz","labelStyle":4,"shape":null,"layoutText":null}],"mainLabel":296},"portCompositions":[{"type":"portGroup","@id":297,"ordered":false,"portCompositions":[{"type":"port","@id":298,"shape":{"type":"rect","xposition":"NaN","yposition":"NaN","width":"NaN","height":"NaN","shapeStyle":2},"labelManager":{"labels":[{"type":"textLabel","@id":299,"inputText":"1","labelStyle":4,"shape":null,"layoutText":null}],"mainLabel":299},"properties":{"id":"f19afe463015d2b8373971139e169a83"},"orientationAtVertex":"FREE","reference":null},{"type":"port","@id":300,"shape":{"type":"rect","xposition":"NaN","yposition":"NaN","width":"NaN","height":"NaN","shapeStyle":2},"labelManager":{"labels":[{"type":"textLabel","@id":301,"inputText":"9","labelStyle":4,"shape":null,"layoutText":null}],"mainLabel":301},"properties":{"id":"7de3044b65b66b617d6e58a455dd1e14"},"orientationAtVertex":"FREE","reference":null},{"type":"port","@id":302,"shape":{"type":"rect","xposition":"NaN","yposition":"NaN","width":"NaN","height":"NaN","shapeStyle":2},"labelManager":{"labels":[{"type":"textLabel","@id":303,"inputText":"8","labelStyle":4,"shape":null,"layoutText":null}],"mainLabel":303},"properties":{"id":"a6a2e013ba1873cbf1d2897c45d9b7ff"},"orientationAtVertex":"FREE","reference":null},{"type":"port","@id":304,"shape":{"type":"rect","xposition":"NaN","yposition":"NaN","width":"NaN","height":"NaN","shapeStyle":2},"labelManager":{"labels":[{"type":"textLabel","@id":305,"inputText":"7","labelStyle":4,"shape":null,"layoutText":null}],"mainLabel":305},"properties":{"id":"eefd8202ba5316ab33d84423303250de"},"orientationAtVertex":"FREE","reference":null},{"type":"port","@id":306,"shape":{"type":"rect","xposition":"NaN","yposition":"NaN","width":"NaN","height":"NaN","shapeStyle":2},"labelManager":{"labels":[{"type":"textLabel","@id":307,"inputText":"3","labelStyle":4,"shape":null,"layoutText":null}],"mainLabel":307},"properties":{"id":"90d4def238d9174f089b209e14b590c0"},"orientationAtVertex":"FREE","reference":null},{"type":"port","@id":308,"shape":{"type":"rect","xposition":"NaN","yposition":"NaN","width":"NaN","height":"NaN","shapeStyle":2},"labelManager":{"labels":[{"type":"textLabel","@id":309,"inputText":"4","labelStyle":4,"shape":null,"layoutText":null}],"mainLabel":309},"properties":{"id":"6abfc397fa9b8a64b56a40efcb9c7808"},"orientationAtVertex":"FREE","reference":null},{"type":"port","@id":310,"shape":{"type":"rect","xposition":"NaN","yposition":"NaN","width":"NaN","height":"NaN","shapeStyle":2},"labelManager":{"labels":[{"type":"textLabel","@id":311,"inputText":"2","labelStyle":4,"shape":null,"layoutText":null}],"mainLabel":311},"properties":{"id":"6bf574a6b339fe0589ba3da610c18026"},"orientationAtVertex":"FREE","reference":null},{"type":"port","@id":312,"shape":{"type":"rect","xposition":"NaN","yposition":"NaN","width":"NaN","height":"NaN","shapeStyle":2},"labelManager":{"labels":[{"type":"textLabel","@id":313,"inputText":"6","labelStyle":4,"shape":null,"layoutText":null}],"mainLabel":313},"properties":{"id":"aa2602e1bd4d2f7de0c4887f9bb77234"},"orientationAtVertex":"FREE","reference":null},{"type":"port","@id":314,"shape":{"type":"rect","xposition":"NaN","yposition":"NaN","width":"NaN","height":"NaN","shapeStyle":2},"labelManager":{"labels":[{"type":"textLabel","@id":315,"inputText":"5","labelStyle":4,"shape":null,"layoutText":null}],"mainLabel":315},"properties":{"id":"a5f165d5653d17a349abf0534d087a61"},"orientationAtVertex":"FREE","reference":null}],"properties":{},"reference":null}],"properties":{"id":"4d8f77c210a353a6e00b26a125abc75a","type":"device"},"reference":null},{"@id":316,"shape":{"type":"rect","xposition":"NaN","yposition":"NaN","width":"NaN","height":"NaN","shapeStyle":2},"labelManager":{"labels":[{"type":"textLabel","@id":317,"inputText":"Henry","labelStyle":4,"shape":null,"layoutText":null}],"mainLabel":317},"portCompositions":[{"type":"portGroup","@id":318,"ordered":false,"portCompositions":[{"type":"port","@id":319,"shape":{"type":"rect","xposition":"NaN","yposition":"NaN","width":"NaN","height":"NaN","shapeStyle":2},"labelManager":{"labels":[{"type":"textLabel","@id":320,"inputText":"1","labelStyle":4,"shape":null,"layoutText":null}],"mainLabel":320},"properties":{"id":"453d1eb87d9008117727ee39d81561d4"},"orientationAtVertex":"FREE","reference":null},{"type":"port","@id":321,"shape":{"type":"rect","xposition":"NaN","yposition":"NaN","width":"NaN","height":"NaN","shapeStyle":2},"labelManager":{"labels":[{"type":"textLabel","@id":322,"inputText":"9","labelStyle":4,"shape":null,"layoutText":null}],"mainLabel":322},"properties":{"id":"77461f706b0a8eea812f48a7e186827f"},"orientationAtVertex":"FREE","reference":null},{"type":"port","@id":323,"shape":{"type":"rect","xposition":"NaN","yposition":"NaN","width":"NaN","height":"NaN","shapeStyle":2},"labelManager":{"labels":[{"type":"textLabel","@id":324,"inputText":"8","labelStyle":4,"shape":null,"layoutText":null}],"mainLabel":324},"properties":{"id":"3da09d118d8509266d1a1db2260094b3"},"orientationAtVertex":"FREE","reference":null},{"type":"port","@id":325,"shape":{"type":"rect","xposition":"NaN","yposition":"NaN","width":"NaN","height":"NaN","shapeStyle":2},"labelManager":{"labels":[{"type":"textLabel","@id":326,"inputText":"7","labelStyle":4,"shape":null,"layoutText":null}],"mainLabel":326},"properties":{"id":"24fc251a0bc54eeaabd0803c42e924fd"},"orientationAtVertex":"FREE","reference":null},{"type":"port","@id":327,"shape":{"type":"rect","xposition":"NaN","yposition":"NaN","width":"NaN","height":"NaN","shapeStyle":2},"labelManager":{"labels":[{"type":"textLabel","@id":328,"inputText":"3","labelStyle":4,"shape":null,"layoutText":null}],"mainLabel":328},"properties":{"id":"fccf760bb8a1ddf76c15489097a2ffa5"},"orientationAtVertex":"FREE","reference":null},{"type":"port","@id":329,"shape":{"type":"rect","xposition":"NaN","yposition":"NaN","width":"NaN","height":"NaN","shapeStyle":2},"labelManager":{"labels":[{"type":"textLabel","@id":330,"inputText":"4","labelStyle":4,"shape":null,"layoutText":null}],"mainLabel":330},"properties":{"id":"62140b5cda1674ec1b940d2feec4c563"},"orientationAtVertex":"FREE","reference":null},{"type":"port","@id":331,"shape":{"type":"rect","xposition":"NaN","yposition":"NaN","width":"NaN","height":"NaN","shapeStyle":2},"labelManager":{"labels":[{"type":"textLabel","@id":332,"inputText":"2","labelStyle":4,"shape":null,"layoutText":null}],"mainLabel":332},"properties":{"id":"2109b8d5329fb633bbf36bcd4665f8f8"},"orientationAtVertex":"FREE","reference":null},{"type":"port","@id":333,"shape":{"type":"rect","xposition":"NaN","yposition":"NaN","width":"NaN","height":"NaN","shapeStyle":2},"labelManager":{"labels":[{"type":"textLabel","@id":334,"inputText":"6","labelStyle":4,"shape":null,"layoutText":null}],"mainLabel":334},"properties":{"id":"a38fe0e60b693f66e348fa79df503fb3"},"orientationAtVertex":"FREE","reference":null},{"type":"port","@id":335,"shape":{"type":"rect","xposition":"NaN","yposition":"NaN","width":"NaN","height":"NaN","shapeStyle":2},"labelManager":{"labels":[{"type":"textLabel","@id":336,"inputText":"5","labelStyle":4,"shape":null,"layoutText":null}],"mainLabel":336},"properties":{"id":"999513260c303dbddbf8e95f964e0089"},"orientationAtVertex":"FREE","reference":null}],"properties":{},"reference":null}],"properties":{"id":"f16f9808886380d980a7317819502406","type":"socket"},"reference":null},{"@id":337,"shape":{"type":"rect","xposition":"NaN","yposition":"NaN","width":"NaN","height":"NaN","shapeStyle":2},"labelManager":{"labels":[{"type":"textLabel","@id":338,"inputText":"Valentin","labelStyle":4,"shape":null,"layoutText":null}],"mainLabel":338},"portCompositions":[{"type":"portGroup","@id":339,"ordered":false,"portCompositions":[{"type":"port","@id":340,"shape":{"type":"rect","xposition":"NaN","yposition":"NaN","width":"NaN","height":"NaN","shapeStyle":2},"labelManager":{"labels":[{"type":"textLabel","@id":341,"inputText":"2","labelStyle":4,"shape":null,"layoutText":null}],"mainLabel":341},"properties":{"id":"cc38d354ff0be24e13d79d0d9b8002e1"},"orientationAtVertex":"FREE","reference":null},{"type":"port","@id":342,"shape":{"type":"rect","xposition":"NaN","yposition":"NaN","width":"NaN","height":"NaN","shapeStyle":25},"labelManager":{"labels":[{"type":"textLabel","@id":343,"inputText":"1","labelStyle":27,"shape":null,"layoutText":null}],"mainLabel":343},"properties":{},"orientationAtVertex":"FREE","reference":null}],"properties":{},"reference":null}],"properties":{"id":"64b46fc71f849a1e8aca72fa80eadded","type":"device"},"reference":null},{"@id":344,"shape":{"type":"rect","xposition":"NaN","yposition":"NaN","width":"NaN","height":"NaN","shapeStyle":2},"labelManager":{"labels":[{"type":"textLabel","@id":345,"inputText":"Jonas","labelStyle":4,"shape":null,"layoutText":null}],"mainLabel":345},"portCompositions":[{"type":"portGroup","@id":346,"ordered":false,"portCompositions":[{"type":"port","@id":347,"shape":{"type":"rect","xposition":"NaN","yposition":"NaN","width":"NaN","height":"NaN","shapeStyle":2},"labelManager":{"labels":[{"type":"textLabel","@id":348,"inputText":"2","labelStyle":4,"shape":null,"layoutText":null}],"mainLabel":348},"properties":{"id":"148f8c254bdaacd2d69845fe5d875eac"},"orientationAtVertex":"FREE","reference":null}],"properties":{},"reference":null}],"properties":{"id":"03ad94e9311a6bbb51107bfa37d4c7df","type":"socket"},"reference":null},{"@id":349,"shape":{"type":"rect","xposition":"NaN","yposition":"NaN","width":"NaN","height":"NaN","shapeStyle":2},"labelManager":{"labels":[{"type":"textLabel","@id":350,"inputText":"Luca","labelStyle":4,"shape":null,"layoutText":null}],"mainLabel":350},"portCompositions":[{"type":"port","@id":351,"shape":{"type":"rect","xposition":"NaN","yposition":"NaN","width":"NaN","height":"NaN","shapeStyle":2},"labelManager":{"labels":[{"type":"textLabel","@id":352,"inputText":"1","labelStyle":4,"shape":null,"layoutText":null}],"mainLabel":352},"properties":{"id":"5a62928ddbacdd58064ecb1f9cd44a42"},"orientationAtVertex":"FREE","reference":null}],"properties":{"id":"77d038a0579be409cc0c1699b2ed4350","type":"splice"},"reference":null},{"@id":353,"shape":{"type":"rect","xposition":"NaN","yposition":"NaN","width":"NaN","height":"NaN","shapeStyle":2},"labelManager":{"labels":[{"type":"textLabel","@id":354,"inputText":"Finn","labelStyle":4,"shape":null,"layoutText":null}],"mainLabel":354},"portCompositions":[{"type":"portGroup","@id":355,"ordered":false,"portCompositions":[],"properties":{},"reference":null},{"type":"portGroup","@id":356,"ordered":false,"portCompositions":[{"type":"port","@id":357,"shape":{"type":"rect","xposition":"NaN","yposition":"NaN","width":"NaN","height":"NaN","shapeStyle":2},"labelManager":{"labels":[{"type":"textLabel","@id":358,"inputText":"1","labelStyle":4,"shape":null,"layoutText":null}],"mainLabel":358},"properties":{"id":"317e56c1e1b02ba153b49f77fe3c2ebf"},"orientationAtVertex":"FREE","reference":null}],"properties":{},"reference":null}],"properties":{"id":"f0a9c942fcbb2cd5cff3d9b87d3cdf64","type":"device"},"reference":null},{"@id":359,"shape":{"type":"rect","xposition":"NaN","yposition":"NaN","width":"NaN","height":"NaN","shapeStyle":2},"labelManager":{"labels":[{"type":"textLabel","@id":360,"inputText":"Liam","labelStyle":4,"shape":null,"layoutText":null}],"mainLabel":360},"portCompositions":[{"type":"portGroup","@id":361,"ordered":false,"portCompositions":[{"type":"port","@id":362,"shape":{"type":"rect","xposition":"NaN","yposition":"NaN","width":"NaN","height":"NaN","shapeStyle":2},"labelManager":{"labels":[{"type":"textLabel","@id":363,"inputText":"1","labelStyle":4,"shape":null,"layoutText":null}],"mainLabel":363},"properties":{"id":"8f36ceeb5341bd4a265f184e1466e05d"},"orientationAtVertex":"FREE","reference":null}],"properties":{},"reference":null}],"properties":{"id":"bb195d512ad59841aba0d8c4a3f9bb58","type":"socket"},"reference":null},{"@id":364,"shape":{"type":"rect","xposition":"NaN","yposition":"NaN","width":"NaN","height":"NaN","shapeStyle":2},"labelManager":{"labels":[{"type":"textLabel","@id":365,"inputText":"Luis","labelStyle":4,"shape":null,"layoutText":null}],"mainLabel":365},"portCompositions":[{"type":"portGroup","@id":366,"ordered":false,"portCompositions":[{"type":"port","@id":367,"shape":{"type":"rect","xposition":"NaN","yposition":"NaN","width":"NaN","height":"NaN","shapeStyle":2},"labelManager":{"labels":[{"type":"textLabel","@id":368,"inputText":"2","labelStyle":4,"shape":null,"layoutText":null}],"mainLabel":368},"properties":{"id":"93fb92627b3990ff77e80fd0f1970539"},"orientationAtVertex":"FREE","reference":null},{"type":"port","@id":369,"shape":{"type":"rect","xposition":"NaN","yposition":"NaN","width":"NaN","height":"NaN","shapeStyle":2},"labelManager":{"labels":[{"type":"textLabel","@id":370,"inputText":"1","labelStyle":4,"shape":null,"layoutText":null}],"mainLabel":370},"properties":{"id":"f6326a9c6df0435cd56dbab138af128e"},"orientationAtVertex":"FREE","reference":null},{"type":"port","@id":371,"shape":{"type":"rect","xposition":"NaN","yposition":"NaN","width":"NaN","height":"NaN","shapeStyle":2},"labelManager":{"labels":[{"type":"textLabel","@id":372,"inputText":"4","labelStyle":4,"shape":null,"layoutText":null}],"mainLabel":372},"properties":{"id":"c7a40fa786007e70cb44901a718d824c"},"orientationAtVertex":"FREE","reference":null},{"type":"port","@id":373,"shape":{"type":"rect","xposition":"NaN","yposition":"NaN","width":"NaN","height":"NaN","shapeStyle":2},"labelManager":{"labels":[{"type":"textLabel","@id":374,"inputText":"3","labelStyle":4,"shape":null,"layoutText":null}],"mainLabel":374},"properties":{"id":"87db1ae28d98c0d369d7bb2dc50c7392"},"orientationAtVertex":"FREE","reference":null}],"properties":{},"reference":null}],"properties":{"id":"b377439986b46dc9b877575818fade86","type":"plug"},"reference":null},{"@id":375,"shape":{"type":"rect","xposition":"NaN","yposition":"NaN","width":"NaN","height":"NaN","shapeStyle":2},"labelManager":{"labels":[{"type":"textLabel","@id":376,"inputText":"Noah","labelStyle":4,"shape":null,"layoutText":null}],"mainLabel":376},"portCompositions":[{"type":"portGroup","@id":377,"ordered":false,"portCompositions":[{"type":"port","@id":378,"shape":{"type":"rect","xposition":"NaN","yposition":"NaN","width":"NaN","height":"NaN","shapeStyle":2},"labelManager":{"labels":[{"type":"textLabel","@id":379,"inputText":"2","labelStyle":4,"shape":null,"layoutText":null}],"mainLabel":379},"properties":{"id":"94f63b6b2adf6184c062c5e58faefd25"},"orientationAtVertex":"FREE","reference":null},{"type":"port","@id":380,"shape":{"type":"rect","xposition":"NaN","yposition":"NaN","width":"NaN","height":"NaN","shapeStyle":2},"labelManager":{"labels":[{"type":"textLabel","@id":381,"inputText":"1","labelStyle":4,"shape":null,"layoutText":null}],"mainLabel":381},"properties":{"id":"de668012ece78056a81561dfcd5f37b7"},"orientationAtVertex":"FREE","reference":null},{"type":"port","@id":382,"shape":{"type":"rect","xposition":"NaN","yposition":"NaN","width":"NaN","height":"NaN","shapeStyle":2},"labelManager":{"labels":[{"type":"textLabel","@id":383,"inputText":"4","labelStyle":4,"shape":null,"layoutText":null}],"mainLabel":383},"properties":{"id":"e68f165840d970183d000c93038c3c74"},"orientationAtVertex":"FREE","reference":null},{"type":"port","@id":384,"shape":{"type":"rect","xposition":"NaN","yposition":"NaN","width":"NaN","height":"NaN","shapeStyle":2},"labelManager":{"labels":[{"type":"textLabel","@id":385,"inputText":"3","labelStyle":4,"shape":null,"layoutText":null}],"mainLabel":385},"properties":{"id":"28bc762fc78c4bb05cd359987d687e46"},"orientationAtVertex":"FREE","reference":null}],"properties":{},"reference":null}],"properties":{"id":"9ad87bcfbd3bc181f5c1c67ea85cbdf8","type":"plug"},"reference":null},{"@id":386,"shape":{"type":"rect","xposition":"NaN","yposition":"NaN","width":"NaN","height":"NaN","shapeStyle":2},"labelManager":{"labels":[{"type":"textLabel","@id":387,"inputText":"Julius","labelStyle":4,"shape":null,"layoutText":null}],"mainLabel":387},"portCompositions":[{"type":"port","@id":388,"shape":{"type":"rect","xposition":"NaN","yposition":"NaN","width":"NaN","height":"NaN","shapeStyle":2},"labelManager":{"labels":[{"type":"textLabel","@id":389,"inputText":"1","labelStyle":4,"shape":null,"layoutText":null}],"mainLabel":389},"properties":{"id":"47cfecf68f430cd6fa7bdb9aedf765f7"},"orientationAtVertex":"FREE","reference":null}],"properties":{"id":"355ad9648bb48582edddb321be22ba9b","type":"splice"},"reference":null},{"@id":390,"shape":{"type":"rect","xposition":"NaN","yposition":"NaN","width":"NaN","height":"NaN","shapeStyle":2},"labelManager":{"labels":[{"type":"textLabel","@id":391,"inputText":"Louis","labelStyle":4,"shape":null,"layoutText":null}],"mainLabel":391},"portCompositions":[{"type":"port","@id":392,"shape":{"type":"rect","xposition":"NaN","yposition":"NaN","width":"NaN","height":"NaN","shapeStyle":2},"labelManager":{"labels":[{"type":"textLabel","@id":393,"inputText":"1","labelStyle":4,"shape":null,"layoutText":null}],"mainLabel":393},"properties":{"id":"7da571586ded6e44bf2d375a4f853743"},"orientationAtVertex":"FREE","reference":null}],"properties":{"id":"5109f80b52bb9c43bd634ed94802003c","type":"splice"},"reference":null},{"@id":394,"shape":{"type":"rect","xposition":"NaN","yposition":"NaN","width":"NaN","height":"NaN","shapeStyle":2},"labelManager":{"labels":[{"type":"textLabel","@id":395,"inputText":"Maximilian","labelStyle":4,"shape":null,"layoutText":null}],"mainLabel":395},"portCompositions":[{"type":"portGroup","@id":396,"ordered":false,"portCompositions":[{"type":"port","@id":397,"shape":{"type":"rect","xposition":"NaN","yposition":"NaN","width":"NaN","height":"NaN","shapeStyle":2},"labelManager":{"labels":[{"type":"textLabel","@id":398,"inputText":"2","labelStyle":4,"shape":null,"layoutText":null}],"mainLabel":398},"properties":{"id":"daaf153e6e63597538de94a63f32807c"},"orientationAtVertex":"FREE","reference":null},{"type":"port","@id":399,"shape":{"type":"rect","xposition":"NaN","yposition":"NaN","width":"NaN","height":"NaN","shapeStyle":25},"labelManager":{"labels":[{"type":"textLabel","@id":400,"inputText":"1","labelStyle":27,"shape":null,"layoutText":null}],"mainLabel":400},"properties":{},"orientationAtVertex":"FREE","reference":null}],"properties":{},"reference":null}],"properties":{"id":"154c00035ed5e82ca1c183d45a58ac8c","type":"device"},"reference":null},{"@id":401,"shape":{"type":"rect","xposition":"NaN","yposition":"NaN","width":"NaN","height":"NaN","shapeStyle":2},"labelManager":{"labels":[{"type":"textLabel","@id":402,"inputText":"Tom","labelStyle":4,"shape":null,"layoutText":null}],"mainLabel":402},"portCompositions":[{"type":"portGroup","@id":403,"ordered":false,"portCompositions":[{"type":"port","@id":404,"shape":{"type":"rect","xposition":"NaN","yposition":"NaN","width":"NaN","height":"NaN","shapeStyle":2},"labelManager":{"labels":[{"type":"textLabel","@id":405,"inputText":"2","labelStyle":4,"shape":null,"layoutText":null}],"mainLabel":405},"properties":{"id":"636f493c478cad552e147957614cfa08"},"orientationAtVertex":"FREE","reference":null},{"type":"port","@id":406,"shape":{"type":"rect","xposition":"NaN","yposition":"NaN","width":"NaN","height":"NaN","shapeStyle":25},"labelManager":{"labels":[{"type":"textLabel","@id":407,"inputText":"1","labelStyle":27,"shape":null,"layoutText":null}],"mainLabel":407},"properties":{},"orientationAtVertex":"FREE","reference":null}],"properties":{},"reference":null}],"properties":{"id":"23904634e49c501452670708ccc24bde","type":"socket"},"reference":null},{"@id":408,"shape":null,"labelManager":{"labels":[{"type":"textLabel","@id":409,"inputText":"Mats","labelStyle":27,"shape":null,"layoutText":null}],"mainLabel":409},"portCompositions":[{"type":"portGroup","@id":410,"ordered":false,"portCompositions":[{"type":"port","@id":411,"shape":{"type":"rect","xposition":"NaN","yposition":"NaN","width":"NaN","height":"NaN","shapeStyle":25},"labelManager":{"labels":[{"type":"textLabel","@id":412,"inputText":"1","labelStyle":27,"shape":null,"layoutText":null}],"mainLabel":412},"properties":{},"orientationAtVertex":"FREE","reference":null}],"properties":{},"reference":null}],"properties":{},"reference":null},{"@id":413,"shape":null,"labelManager":{"labels":[{"type":"textLabel","@id":414,"inputText":"Leo","labelStyle":27,"shape":null,"layoutText":null}],"mainLabel":414},"portCompositions":[{"type":"portGroup","@id":415,"ordered":false,"portCompositions":[{"type":"port","@id":416,"shape":{"type":"rect","xposition":"NaN","yposition":"NaN","width":"NaN","height":"NaN","shapeStyle":25},"labelManager":{"labels":[{"type":"textLabel","@id":417,"inputText":"1","labelStyle":27,"shape":null,"layoutText":null}],"mainLabel":417},"properties":{},"orientationAtVertex":"FREE","reference":null}],"properties":{},"reference":null}],"properties":{},"reference":null},{"@id":418,"shape":null,"labelManager":{"labels":[{"type":"textLabel","@id":419,"inputText":"Leonard","labelStyle":27,"shape":null,"layoutText":null}],"mainLabel":419},"portCompositions":[{"type":"portGroup","@id":420,"ordered":false,"portCompositions":[{"type":"port","@id":421,"shape":{"type":"rect","xposition":"NaN","yposition":"NaN","width":"NaN","height":"NaN","shapeStyle":25},"labelManager":{"labels":[{"type":"textLabel","@id":422,"inputText":"1","labelStyle":27,"shape":null,"layoutText":null}],"mainLabel":422},"properties":{},"orientationAtVertex":"FREE","reference":null}],"properties":{},"reference":null}],"properties":{},"reference":null},{"@id":423,"shape":null,"labelManager":{"labels":[{"type":"textLabel","@id":424,"inputText":"Anton","labelStyle":27,"shape":null,"layoutText":null}],"mainLabel":424},"portCompositions":[{"type":"portGroup","@id":425,"ordered":false,"portCompositions":[{"type":"port","@id":426,"shape":{"type":"rect","xposition":"NaN","yposition":"NaN","width":"NaN","height":"NaN","shapeStyle":25},"labelManager":{"labels":[{"type":"textLabel","@id":427,"inputText":"2","labelStyle":27,"shape":null,"layoutText":null}],"mainLabel":427},"properties":{},"orientationAtVertex":"FREE","reference":null},{"type":"port","@id":428,"shape":{"type":"rect","xposition":"NaN","yposition":"NaN","width":"NaN","height":"NaN","shapeStyle":25},"labelManager":{"labels":[{"type":"textLabel","@id":429,"inputText":"1","labelStyle":27,"shape":null,"layoutText":null}],"mainLabel":429},"properties":{},"orientationAtVertex":"FREE","reference":null}],"properties":{},"reference":null}],"properties":{},"reference":null},{"@id":430,"shape":null,"labelManager":{"labels":[{"type":"textLabel","@id":431,"inputText":"Muhammed","labelStyle":27,"shape":null,"layoutText":null}],"mainLabel":431},"portCompositions":[{"type":"portGroup","@id":432,"ordered":false,"portCompositions":[{"type":"port","@id":433,"shape":{"type":"rect","xposition":"NaN","yposition":"NaN","width":"NaN","height":"NaN","shapeStyle":25},"labelManager":{"labels":[{"type":"textLabel","@id":434,"inputText":"2","labelStyle":27,"shape":null,"layoutText":null}],"mainLabel":434},"properties":{},"orientationAtVertex":"FREE","reference":null},{"type":"port","@id":435,"shape":{"type":"rect","xposition":"NaN","yposition":"NaN","width":"NaN","height":"NaN","shapeStyle":25},"labelManager":{"labels":[{"type":"textLabel","@id":436,"inputText":"1","labelStyle":27,"shape":null,"layoutText":null}],"mainLabel":436},"properties":{},"orientationAtVertex":"FREE","reference":null}],"properties":{},"reference":null}],"properties":{},"reference":null},{"@id":437,"shape":null,"labelManager":{"labels":[{"type":"textLabel","@id":438,"inputText":"Julian","labelStyle":27,"shape":null,"layoutText":null}],"mainLabel":438},"portCompositions":[{"type":"portGroup","@id":439,"ordered":false,"portCompositions":[{"type":"port","@id":440,"shape":{"type":"rect","xposition":"NaN","yposition":"NaN","width":"NaN","height":"NaN","shapeStyle":25},"labelManager":{"labels":[{"type":"textLabel","@id":441,"inputText":"1","labelStyle":27,"shape":null,"layoutText":null}],"mainLabel":441},"properties":{},"orientationAtVertex":"FREE","reference":null}],"properties":{},"reference":null}],"properties":{},"reference":null}],"vertexGroups":[{"@id":442,"drawnFrame":false,"labelManager":{"labels":[],"mainLabel":null},"shape":null,"containedVertices":[1,28],"containedVertexGroups":[],"touchingPairs":[{"vertex0":1,"horizontalPlacementVertex0":"FREE","verticalPlacementVertex0":"TOP","vertex1":28,"horizontalPlacementVertex1":"FREE","verticalPlacementVertex1":"FREE"}],"portPairings":[{"port0":6,"port1":31},{"port0":8,"port1":33},{"port0":16,"port1":41},{"port0":20,"port1":45},{"port0":12,"port1":37},{"port0":18,"port1":43},{"port0":22,"port1":47},{"port0":10,"port1":35},{"port0":14,"port1":39},{"port0":24,"port1":49}],"properties":{},"reference":null},{"@id":443,"drawnFrame":false,"labelManager":{"labels":[],"mainLabel":null},"shape":null,"containedVertices":[55,60],"containedVertexGroups":[],"touchingPairs":[{"vertex0":55,"horizontalPlacementVertex0":"FREE","verticalPlacementVertex0":"TOP","vertex1":60,"horizontalPlacementVertex1":"FREE","verticalPlacementVertex1":"FREE"}],"portPairings":[{"port0":58,"port1":63}],"properties":{},"reference":null},{"@id":444,"drawnFrame":false,"labelManager":{"labels":[],"mainLabel":null},"shape":null,"containedVertices":[65,76],"containedVertexGroups":[],"touchingPairs":[{"vertex0":65,"horizontalPlacementVertex0":"FREE","verticalPlacementVertex0":"TOP","vertex1":76,"horizontalPlacementVertex1":"FREE","verticalPlacementVertex1":"FREE"}],"portPairings":[{"port0":72,"port1":83},{"port0":68,"port1":79},{"port0":70,"port1":81},{"port0":74,"port1":85}],"properties":{},"reference":null},{"@id":445,"drawnFrame":false,"labelManager":{"labels":[],"mainLabel":null},"shape":null,"containedVertices":[87,94],"containedVertexGroups":[],"touchingPairs":[{"vertex0":87,"horizontalPlacementVertex0":"FREE","verticalPlacementVertex0":"TOP","vertex1":94,"horizontalPlacementVertex1":"FREE","verticalPlacementVertex1":"FREE"}],"portPairings":[{"port0":90,"port1":97},{"port0":92,"port1":99}],"properties":{},"reference":null},{"@id":446,"drawnFrame":false,"labelManager":{"labels":[],"mainLabel":null},"shape":null,"containedVertices":[109,120],"containedVertexGroups":[],"touchingPairs":[{"vertex0":109,"horizontalPlacementVertex0":"FREE","verticalPlacementVertex0":"TOP","vertex1":120,"horizontalPlacementVertex1":"FREE","verticalPlacementVertex1":"FREE"}],"portPairings":[{"port0":112,"port1":123},{"port0":114,"port1":125},{"port0":116,"port1":127},{"port0":118,"port1":129}],"properties":{},"reference":null},{"@id":447,"drawnFrame":false,"labelManager":{"labels":[],"mainLabel":null},"shape":null,"containedVertices":[135,140],"containedVertexGroups":[],"touchingPairs":[{"vertex0":135,"horizontalPlacementVertex0":"FREE","verticalPlacementVertex0":"TOP","vertex1":140,"horizontalPlacementVertex1":"FREE","verticalPlacementVertex1":"FREE"}],"portPairings":[{"port0":138,"port1":143}],"properties":{},"reference":null},{"@id":448,"drawnFrame":false,"labelManager":{"labels":[],"mainLabel":null},"shape":null,"containedVertices":[145,154],"containedVertexGroups":[],"touchingPairs":[{"vertex0":145,"horizontalPlacementVertex0":"FREE","verticalPlacementVertex0":"TOP","vertex1":154,"horizontalPlacementVertex1":"FREE","verticalPlacementVertex1":"FREE"}],"portPairings":[{"port0":148,"port1":157},{"port0":150,"port1":159},{"port0":152,"port1":161}],"properties":{},"reference":null},{"@id":449,"drawnFrame":false,"labelManager":{"labels":[],"mainLabel":null},"shape":null,"containedVertices":[171,184],"containedVertexGroups":[],"touchingPairs":[{"vertex0":171,"horizontalPlacementVertex0":"FREE","verticalPlacementVertex0":"TOP","vertex1":184,"horizontalPlacementVertex1":"FREE","verticalPlacementVertex1":"FREE"}],"portPairings":[{"port0":174,"port1":187},{"port0":180,"port1":193},{"port0":178,"port1":191},{"port0":176,"port1":189},{"port0":182,"port1":195}],"properties":{},"reference":null},{"@id":450,"drawnFrame":false,"labelManager":{"labels":[],"mainLabel":null},"shape":null,"containedVertices":[201,212],"containedVertexGroups":[],"touchingPairs":[{"vertex0":201,"horizontalPlacementVertex0":"FREE","verticalPlacementVertex0":"TOP","vertex1":212,"horizontalPlacementVertex1":"FREE","verticalPlacementVertex1":"FREE"}],"portPairings":[{"port0":206,"port1":217},{"port0":208,"port1":219},{"port0":204,"port1":215},{"port0":210,"port1":221}],"properties":{},"reference":null},{"@id":451,"drawnFrame":false,"labelManager":{"labels":[],"mainLabel":null},"shape":null,"containedVertices":[223,234],"containedVertexGroups":[],"touchingPairs":[{"vertex0":223,"horizontalPlacementVertex0":"FREE","verticalPlacementVertex0":"TOP","vertex1":234,"horizontalPlacementVertex1":"FREE","verticalPlacementVertex1":"FREE"}],"portPairings":[{"port0":226,"port1":237},{"port0":228,"port1":239},{"port0":230,"port1":241},{"port0":232,"port1":243}],"properties":{},"reference":null},{"@id":452,"drawnFrame":false,"labelManager":{"labels":[],"mainLabel":null},"shape":null,"containedVertices":[245,252],"containedVertexGroups":[],"touchingPairs":[{"vertex0":245,"horizontalPlacementVertex0":"FREE","verticalPlacementVertex0":"TOP","vertex1":252,"horizontalPlacementVertex1":"FREE","verticalPlacementVertex1":"FREE"}],"portPairings":[{"port0":248,"port1":255},{"port0":250,"port1":257}],"properties":{},"reference":null},{"@id":453,"drawnFrame":false,"labelManager":{"labels":[],"mainLabel":null},"shape":null,"containedVertices":[259,266],"containedVertexGroups":[],"touchingPairs":[{"vertex0":259,"horizontalPlacementVertex0":"FREE","verticalPlacementVertex0":"TOP","vertex1":266,"horizontalPlacementVertex1":"FREE","verticalPlacementVertex1":"FREE"}],"portPairings":[{"port0":262,"port1":269},{"port0":264,"port1":271}],"properties":{},"reference":null},{"@id":454,"drawnFrame":false,"labelManager":{"labels":[],"mainLabel":null},"shape":null,"containedVertices":[273,282],"containedVertexGroups":[],"touchingPairs":[{"vertex0":273,"horizontalPlacementVertex0":"FREE","verticalPlacementVertex0":"TOP","vertex1":282,"horizontalPlacementVertex1":"FREE","verticalPlacementVertex1":"FREE"}],"portPairings":[{"port0":276,"port1":285},{"port0":278,"port1":287},{"port0":280,"port1":289}],"properties":{},"reference":null},{"@id":455,"drawnFrame":false,"labelManager":{"labels":[],"mainLabel":null},"shape":null,"containedVertices":[295,316],"containedVertexGroups":[],"touchingPairs":[{"vertex0":295,"horizontalPlacementVertex0":"FREE","verticalPlacementVertex0":"TOP","vertex1":316,"horizontalPlacementVertex1":"FREE","verticalPlacementVertex1":"FREE"}],"portPairings":[{"port0":298,"port1":319},{"port0":308,"port1":329},{"port0":314,"port1":335},{"port0":304,"port1":325},{"port0":306,"port1":327},{"port0":300,"port1":321},{"port0":302,"port1":323},{"port0":310,"port1":331},{"port0":312,"port1":333}],"properties":{},"reference":null},{"@id":456,"drawnFrame":false,"labelManager":{"labels":[],"mainLabel":null},"shape":null,"containedVertices":[337,344,437],"containedVertexGroups":[],"touchingPairs":[{"vertex0":337,"horizontalPlacementVertex0":"FREE","verticalPlacementVertex0":"TOP","vertex1":344,"horizontalPlacementVertex1":"FREE","verticalPlacementVertex1":"FREE"},{"vertex0":337,"horizontalPlacementVertex0":"FREE","verticalPlacementVertex0":"FREE","vertex1":437,"horizontalPlacementVertex1":"FREE","verticalPlacementVertex1":"FREE"}],"portPairings":[{"port0":340,"port1":347},{"port0":342,"port1":440}],"properties":{},"reference":null},{"@id":457,"drawnFrame":false,"labelManager":{"labels":[],"mainLabel":null},"shape":null,"containedVertices":[353,359],"containedVertexGroups":[],"touchingPairs":[{"vertex0":353,"horizontalPlacementVertex0":"FREE","verticalPlacementVertex0":"TOP","vertex1":359,"horizontalPlacementVertex1":"FREE","verticalPlacementVertex1":"FREE"}],"portPairings":[{"port0":357,"port1":362}],"properties":{},"reference":null},{"@id":458,"drawnFrame":false,"labelManager":{"labels":[],"mainLabel":null},"shape":null,"containedVertices":[364,375],"containedVertexGroups":[],"touchingPairs":[{"vertex0":364,"horizontalPlacementVertex0":"FREE","verticalPlacementVertex0":"TOP","vertex1":375,"horizontalPlacementVertex1":"FREE","verticalPlacementVertex1":"FREE"}],"portPairings":[{"port0":371,"port1":382},{"port0":367,"port1":378},{"port0":369,"port1":380},{"port0":373,"port1":384}],"properties":{},"reference":null},{"@id":459,"drawnFrame":false,"labelManager":{"labels":[],"mainLabel":null},"shape":null,"containedVertices":[394,401],"containedVertexGroups":[],"touchingPairs":[{"vertex0":394,"horizontalPlacementVertex0":"FREE","verticalPlacementVertex0":"TOP","vertex1":401,"horizontalPlacementVertex1":"FREE","verticalPlacementVertex1":"FREE"}],"portPairings":[{"port0":397,"port1":404},{"port0":399,"port1":406}],"properties":{},"reference":null},{"@id":460,"drawnFrame":false,"labelManager":{"labels":[],"mainLabel":null},"shape":null,"containedVertices":[413,418],"containedVertexGroups":[],"touchingPairs":[{"vertex0":413,"horizontalPlacementVertex0":"FREE","verticalPlacementVertex0":"FREE","vertex1":418,"horizontalPlacementVertex1":"FREE","verticalPlacementVertex1":"FREE"}],"portPairings":[{"port0":416,"port1":421}],"properties":{},"reference":null},{"@id":461,"drawnFrame":false,"labelManager":{"labels":[],"mainLabel":null},"shape":null,"containedVertices":[423,430],"containedVertexGroups":[],"touchingPairs":[{"vertex0":423,"horizontalPlacementVertex0":"FREE","verticalPlacementVertex0":"FREE","vertex1":430,"horizontalPlacementVertex1":"FREE","verticalPlacementVertex1":"FREE"}],"portPairings":[{"port0":426,"port1":433},{"port0":428,"port1":435}],"properties":{},"reference":null}],"edges":[{"@id":462,"ports":[169,83],"labelManager":{"innerLabels":[{"type":"textLabel","@id":463,"inputText":"Deniz","labelStyle":4,"shape":null,"layoutText":null}],"allPortLabels":[],"mainLabel":463},"pathStyle":{"@id":464,"description":"default path style","thickness":-1.0,"color":{"argb":"ff000000"}},"paths":[],"properties":{"id":"864bc64edc0607cd9ea9bd80f1cf2bbb"},"reference":null},{"@id":465,"ports":[112,285],"labelManager":{"innerLabels":[{"type":"textLabel","@id":466,"inputText":"Andreas","labelStyle":4,"shape":null,"layoutText":null}],"allPortLabels":[],"mainLabel":466},"pathStyle":464,"paths":[],"properties":{"id":"c14373b329024d38d575a39187821ed1"},"reference":null},{"@id":467,"ports":[404,269],"labelManager":{"innerLabels":[{"type":"textLabel","@id":468,"inputText":"Can","labelStyle":4,"shape":null,"layoutText":null}],"allPortLabels":[],"mainLabel":468},"pathStyle":464,"paths":[],"properties":{"id":"1128e0b90dc9a7bbea9695889d8da975"},"reference":null},{"@id":469,"ports":[103,58],"labelManager":{"innerLabels":[{"type":"textLabel","@id":470,"inputText":"Oemer","labelStyle":4,"shape":null,"layoutText":null}],"allPortLabels":[],"mainLabel":470},"pathStyle":464,"paths":[],"properties":{"id":"77a63db3e52e89098f1fce4e057d567b"},"reference":null},{"@id":471,"ports":[262,39],"labelManager":{"innerLabels":[{"type":"textLabel","@id":472,"inputText":"Raphael","labelStyle":4,"shape":null,"layoutText":null}],"allPortLabels":[],"mainLabel":472},"pathStyle":464,"paths":[],"properties":{"id":"3ad8fabdb996db5d9e2f844e061f7d5a"},"reference":null},{"@id":473,"ports":[378,169],"labelManager":{"innerLabels":[{"type":"textLabel","@id":474,"inputText":"Friedrich","labelStyle":4,"shape":null,"layoutText":null}],"allPortLabels":[],"mainLabel":474},"pathStyle":464,"paths":[],"properties":{"id":"4e9ee484e2a938884e67672c39a76629"},"reference":null},{"@id":475,"ports":[150,45],"labelManager":{"innerLabels":[{"type":"textLabel","@id":476,"inputText":"Benedikt","labelStyle":4,"shape":null,"layoutText":null}],"allPortLabels":[],"mainLabel":476},"pathStyle":464,"paths":[],"properties":{"id":"457bb5358a503eb01aeae3c6b9bdda6a"},"reference":null},{"@id":477,"ports":[351,92,90],"labelManager":{"innerLabels":[{"type":"textLabel","@id":478,"inputText":"Nico","labelStyle":4,"shape":null,"layoutText":null}],"allPortLabels":[],"mainLabel":478},"pathStyle":464,"paths":[],"properties":{"id":"fb14063d9032faa443ab4477ae2172dc"},"reference":null},{"@id":479,"ports":[226,325],"labelManager":{"innerLabels":[{"type":"textLabel","@id":480,"inputText":"Maxim","labelStyle":4,"shape":null,"layoutText":null}],"allPortLabels":[],"mainLabel":480},"pathStyle":464,"paths":[],"properties":{"id":"375d72aea158e7f79fe27644ee12f85b"},"reference":null},{"@id":481,"ports":[293,43],"labelManager":{"innerLabels":[{"type":"textLabel","@id":482,"inputText":"Matthias","labelStyle":4,"shape":null,"layoutText":null}],"allPortLabels":[],"mainLabel":482},"pathStyle":464,"paths":[],"properties":{"id":"225326c9fba4bc4294f6aa7c42e45408"},"reference":null},{"@id":483,"ports":[187,123],"labelManager":{"innerLabels":[{"type":"textLabel","@id":484,"inputText":"Till","labelStyle":4,"shape":null,"layoutText":null}],"allPortLabels":[],"mainLabel":484},"pathStyle":464,"paths":[],"properties":{"id":"8b88f990f09912271205ee13170cb708"},"reference":null},{"@id":485,"ports":[189,127],"labelManager":{"innerLabels":[{"type":"textLabel","@id":486,"inputText":"Fabian","labelStyle":4,"shape":null,"layoutText":null}],"allPortLabels":[],"mainLabel":486},"pathStyle":464,"paths":[],"properties":{"id":"954f9f8081f400d830ac2a14c0af7cde"},"reference":null},{"@id":487,"ports":[217,331],"labelManager":{"innerLabels":[{"type":"textLabel","@id":488,"inputText":"Jonah","labelStyle":4,"shape":null,"layoutText":null}],"allPortLabels":[],"mainLabel":488},"pathStyle":464,"paths":[],"properties":{"id":"7100c52b4029b41bfe33908a22429f5c"},"reference":null},{"@id":489,"ports":[392,319],"labelManager":{"innerLabels":[{"type":"textLabel","@id":490,"inputText":"Jona","labelStyle":4,"shape":null,"layoutText":null}],"allPortLabels":[],"mainLabel":490},"pathStyle":464,"paths":[],"properties":{"id":"cea56b914c55930bae7adc2b17460a0c"},"reference":null},{"@id":491,"ports":[178,347],"labelManager":{"innerLabels":[{"type":"textLabel","@id":492,"inputText":"Fritz","labelStyle":4,"shape":null,"layoutText":null}],"allPortLabels":[],"mainLabel":492},"pathStyle":464,"paths":[],"properties":{"id":"b2b8daf9477bf6d43ac4bc9ebea420e8"},"reference":null},{"@id":493,"ports":[230,165],"labelManager":{"innerLabels":[{"type":"textLabel","@id":494,"inputText":"Kian","labelStyle":4,"shape":null,"layoutText":null}],"allPortLabels":[],"mainLabel":494},"pathStyle":464,"paths":[],"properties":{"id":"32eace1d038fbc7e1bc6094b81c26b65"},"reference":null},{"@id":495,"ports":[329,97],"labelManager":{"innerLabels":[{"type":"textLabel","@id":496,"inputText":"Martin","labelStyle":4,"shape":null,"layoutText":null}],"allPortLabels":[],"mainLabel":496},"pathStyle":464,"paths":[],"properties":{"id":"8472e796f9d8c7b4c6df36c10d10a68c"},"reference":null},{"@id":497,"ports":[228,367],"labelManager":{"innerLabels":[{"type":"textLabel","@id":498,"inputText":"Erik","labelStyle":4,"shape":null,"layoutText":null}],"allPortLabels":[],"mainLabel":498},"pathStyle":464,"paths":[],"properties":{"id":"a584f76dde6b40f1df8046d10698baf1"},"reference":null},{"@id":499,"ports":[293,37],"labelManager":{"innerLabels":[{"type":"textLabel","@id":500,"inputText":"Emilio","labelStyle":4,"shape":null,"layoutText":null}],"allPortLabels":[],"mainLabel":500},"pathStyle":464,"paths":[],"properties":{"id":"f6762f6105025176716eb81be9e0497a"},"reference":null},{"@id":501,"ports":[125,191],"labelManager":{"innerLabels":[{"type":"textLabel","@id":502,"inputText":"Jasper","labelStyle":4,"shape":null,"layoutText":null}],"allPortLabels":[],"mainLabel":502},"pathStyle":464,"paths":[],"properties":{"id":"958d6a1fd3e002f6fbf11caff44e45b7"},"reference":null},{"@id":503,"ports":[293,35],"labelManager":{"innerLabels":[{"type":"textLabel","@id":504,"inputText":"Emir","labelStyle":4,"shape":null,"layoutText":null}],"allPortLabels":[],"mainLabel":504},"pathStyle":464,"paths":[],"properties":{"id":"f63b254183478b1dba266b8ed8a6a8d9"},"reference":null},{"@id":505,"ports":[321,219],"labelManager":{"innerLabels":[{"type":"textLabel","@id":506,"inputText":"Ole","labelStyle":4,"shape":null,"layoutText":null}],"allPortLabels":[],"mainLabel":506},"pathStyle":464,"paths":[],"properties":{"id":"c5f0ed776b76dd0694148e5fe87669a7"},"reference":null},{"@id":507,"ports":[41,148],"labelManager":{"innerLabels":[{"type":"textLabel","@id":508,"inputText":"Tobias","labelStyle":4,"shape":null,"layoutText":null}],"allPortLabels":[],"mainLabel":508},"pathStyle":464,"paths":[],"properties":{"id":"603f99ca013f87b30eb7a033be40e040"},"reference":null},{"@id":509,"ports":[362,138],"labelManager":{"innerLabels":[{"type":"textLabel","@id":510,"inputText":"Timo","labelStyle":4,"shape":null,"layoutText":null}],"allPortLabels":[],"mainLabel":510},"pathStyle":464,"paths":[],"properties":{"id":"ccccf010b1d119dc72c5af74a8cc6de6"},"reference":null},{"@id":511,"ports":[81,380],"labelManager":{"innerLabels":[{"type":"textLabel","@id":512,"inputText":"Kaan","labelStyle":4,"shape":null,"layoutText":null}],"allPortLabels":[],"mainLabel":512},"pathStyle":464,"paths":[],"properties":{"id":"c75ef0b6d14c84bb9abbd55ee6b54178"},"reference":null},{"@id":513,"ports":[293,53],"labelManager":{"innerLabels":[{"type":"textLabel","@id":514,"inputText":"Adam","labelStyle":4,"shape":null,"layoutText":null}],"allPortLabels":[],"mainLabel":514},"pathStyle":464,"paths":[],"properties":{"id":"b4fa1a4bf613529b0acb39ca0df7cdbd"},"reference":null},{"@id":515,"ports":[31,99],"labelManager":{"innerLabels":[{"type":"textLabel","@id":516,"inputText":"Lennard","labelStyle":4,"shape":null,"layoutText":null}],"allPortLabels":[],"mainLabel":516},"pathStyle":464,"paths":[],"properties":{"id":"32c520e1c4dcff6059cec7828dae6f00"},"reference":null},{"@id":517,"ports":[392,53],"labelManager":{"innerLabels":[{"type":"textLabel","@id":518,"inputText":"Robin","labelStyle":4,"shape":null,"layoutText":null}],"allPortLabels":[],"mainLabel":518},"pathStyle":464,"paths":[],"properties":{"id":"a555742049f3a168d42ac2432cd54b36"},"reference":null},{"@id":519,"ports":[161,159,133],"labelManager":{"innerLabels":[{"type":"textLabel","@id":520,"inputText":"Sebastian","labelStyle":4,"shape":null,"layoutText":null}],"allPortLabels":[],"mainLabel":520},"pathStyle":464,"paths":[],"properties":{"id":"6474405ffa9ff2bf5735bffbaa3d883c"},"reference":null},{"@id":521,"ports":[293,47],"labelManager":{"innerLabels":[{"type":"textLabel","@id":522,"inputText":"Josef","labelStyle":4,"shape":null,"layoutText":null}],"allPortLabels":[],"mainLabel":522},"pathStyle":464,"paths":[],"properties":{"id":"586acabfa764e836d46237027749ddfd"},"reference":null},{"@id":523,"ports":[103,33],"labelManager":{"innerLabels":[{"type":"textLabel","@id":524,"inputText":"Lucas","labelStyle":4,"shape":null,"layoutText":null}],"allPortLabels":[],"mainLabel":524},"pathStyle":464,"paths":[],"properties":{"id":"f9f8643c1913e2cef57c1b7e4cce618e"},"reference":null},{"@id":525,"ports":[392,335],"labelManager":{"innerLabels":[{"type":"textLabel","@id":526,"inputText":"Linus","labelStyle":4,"shape":null,"layoutText":null}],"allPortLabels":[],"mainLabel":526},"pathStyle":464,"paths":[],"properties":{"id":"79a1e194ef3dc359c3cbec67bbedf73d"},"reference":null},{"@id":527,"ports":[239,241,199],"labelManager":{"innerLabels":[{"type":"textLabel","@id":528,"inputText":"Carl","labelStyle":4,"shape":null,"layoutText":null}],"allPortLabels":[],"mainLabel":528},"pathStyle":464,"paths":[],"properties":{"id":"689f13641f1964914505dd76a4bf54dd"},"reference":null},{"@id":529,"ports":[388,129],"labelManager":{"innerLabels":[{"type":"textLabel","@id":530,"inputText":"Damian","labelStyle":27,"shape":null,"layoutText":null}],"allPortLabels":[],"mainLabel":530},"pathStyle":{"@id":531,"description":"default path style","thickness":-1.0,"color":{"argb":"ff000000"}},"paths":[],"properties":{},"reference":null},{"@id":532,"ports":[107,411],"labelManager":{"innerLabels":[{"type":"textLabel","@id":533,"inputText":"Bruno","labelStyle":27,"shape":null,"layoutText":null}],"allPortLabels":[],"mainLabel":533},"pathStyle":531,"paths":[],"properties":{},"reference":null},{"@id":534,"ports":[435,107],"labelManager":{"innerLabels":[{"type":"textLabel","@id":535,"inputText":"Hamza","labelStyle":27,"shape":null,"layoutText":null}],"allPortLabels":[],"mainLabel":535},"pathStyle":531,"paths":[],"properties":{},"reference":null},{"@id":536,"ports":[421,433],"labelManager":{"innerLabels":[{"type":"textLabel","@id":537,"inputText":"Mika","labelStyle":27,"shape":null,"layoutText":null}],"allPortLabels":[],"mainLabel":537},"pathStyle":531,"paths":[],"properties":{},"reference":null},{"@id":538,"ports":[143,416],"labelManager":{"innerLabels":[{"type":"textLabel","@id":539,"inputText":"Noel","labelStyle":27,"shape":null,"layoutText":null}],"allPortLabels":[],"mainLabel":539},"pathStyle":531,"paths":[],"properties":{},"reference":null},{"@id":540,"ports":[118,138],"labelManager":{"innerLabels":[{"type":"textLabel","@id":541,"inputText":"Hannes","labelStyle":27,"shape":null,"layoutText":null}],"allPortLabels":[],"mainLabel":541},"pathStyle":531,"paths":[],"properties":{},"reference":null},{"@id":542,"ports":[250,276],"labelManager":{"innerLabels":[{"type":"textLabel","@id":543,"inputText":"Mert","labelStyle":27,"shape":null,"layoutText":null}],"allPortLabels":[],"mainLabel":543},"pathStyle":531,"paths":[],"properties":{},"reference":null},{"@id":544,"ports":[114,208],"labelManager":{"innerLabels":[{"type":"textLabel","@id":545,"inputText":"Mattis","labelStyle":27,"shape":null,"layoutText":null}],"allPortLabels":[],"mainLabel":545},"pathStyle":531,"paths":[],"properties":{},"reference":null},{"@id":546,"ports":[371,373,369,333],"labelManager":{"innerLabels":[{"type":"textLabel","@id":547,"inputText":"Jasper","labelStyle":27,"shape":null,"layoutText":null}],"allPortLabels":[],"mainLabel":547},"pathStyle":531,"paths":[],"properties":{},"reference":null},{"@id":548,"ports":[176,237,243],"labelManager":{"innerLabels":[{"type":"textLabel","@id":549,"inputText":"Thomas","labelStyle":27,"shape":null,"layoutText":null}],"allPortLabels":[],"mainLabel":549},"pathStyle":531,"paths":[],"properties":{},"reference":null},{"@id":550,"ports":[382,85],"labelManager":{"innerLabels":[{"type":"textLabel","@id":551,"inputText":"Carl","labelStyle":27,"shape":null,"layoutText":null}],"allPortLabels":[],"mainLabel":551},"pathStyle":531,"paths":[],"properties":{},"reference":null},{"@id":552,"ports":[323,215],"labelManager":{"innerLabels":[{"type":"textLabel","@id":553,"inputText":"Nils","labelStyle":27,"shape":null,"layoutText":null}],"allPortLabels":[],"mainLabel":553},"pathStyle":531,"paths":[],"properties":{},"reference":null},{"@id":554,"ports":[206,204],"labelManager":{"innerLabels":[{"type":"textLabel","@id":555,"inputText":"Kaan","labelStyle":27,"shape":null,"layoutText":null}],"allPortLabels":[],"mainLabel":555},"pathStyle":531,"paths":[],"properties":{},"reference":null},{"@id":556,"ports":[271,215],"labelManager":{"innerLabels":[{"type":"textLabel","@id":557,"inputText":"Mattis","labelStyle":27,"shape":null,"layoutText":null}],"allPortLabels":[],"mainLabel":557},"pathStyle":531,"paths":[],"properties":{},"reference":null},{"@id":558,"ports":[248,280],"labelManager":{"innerLabels":[{"type":"textLabel","@id":559,"inputText":"Matthias","labelStyle":27,"shape":null,"layoutText":null}],"allPortLabels":[],"mainLabel":559},"pathStyle":531,"paths":[],"properties":{},"reference":null},{"@id":560,"ports":[215,287],"labelManager":{"innerLabels":[{"type":"textLabel","@id":561,"inputText":"Emilio","labelStyle":27,"shape":null,"layoutText":null}],"allPortLabels":[],"mainLabel":561},"pathStyle":531,"paths":[],"properties":{},"reference":null},{"@id":562,"ports":[116,289],"labelManager":{"innerLabels":[{"type":"textLabel","@id":563,"inputText":"Mert","labelStyle":27,"shape":null,"layoutText":null}],"allPortLabels":[],"mainLabel":563},"pathStyle":531,"paths":[],"properties":{},"reference":null}],"edgeBundles":[]}