{"vertices":[{"@id":1,"shape":{"type":"rect","xposition":"NaN","yposition":"NaN","width":"NaN","height":"NaN","shapeStyle":{"@id":2,"description":"default shape style","color":{"argb":"ff000000"}}},"labelManager":{"labels":[{"type":"textLabel","@id":3,"inputText":"Emil","labelStyle":{"@id":4,"description":"default text label style","font":{"fontName":"SansSerif","style":0,"size":10},"noBreak":false,"color":{"argb":"ff000000"},"showLabel":true,"placement":"FREE","horizontalPlacement":"FREE","verticalPlacement":"FREE"},"shape":null,"layoutText":null}],"mainLabel":3},"portCompositions":[{"type":"portGroup","@id":5,"ordered":false,"portCompositions":[{"type":"port","@id":6,"shape":{"type":"rect","xposition":"NaN","yposition":"NaN","width":"NaN","height":"NaN","shapeStyle":2},"labelManager":{"labels":[{"type":"textLabel","@id":7,"inputText":"1","labelStyle":4,"shape":null,"layoutText":null}],"mainLabel":7},"properties":{"id":"3e6f9b8327f922d96aa62ac63fdf93dc"},"orientationAtVertex":"FREE","reference":null}],"properties":{},"reference":null}],"properties":{"id":"964f1bab169526491a2e1bc2cf2d0c22","type":"plug"},"reference":null},{"@id":8,"shape":{"type":"rect","xposition":"NaN","yposition":"NaN","width":"NaN","height":"NaN","shapeStyle":2},"labelManager":{"labels":[{"type":"textLabel","@id":9,"inputText":"Moritz","labelStyle":4,"shape":null,"layoutText":null}],"mainLabel":9},"portCompositions":[{"type":"portGroup","@id":10,"ordered":false,"portCompositions":[{"type":"port","@id":11,"shape":{"type":"rect","xposition":"NaN","yposition":"NaN","width":"NaN","height":"NaN","shapeStyle":2},"labelManager":{"labels":[{"type":"textLabel","@id":12,"inputText":"1","labelStyle":4,"shape":null,"layoutText":null}],"mainLabel":12},"properties":{"id":"8a45478e75624de438598d19afa65c93"},"orientationAtVertex":"FREE","reference":null}],"properties":{},"reference":null}],"properties":{"id":"108d13d3c41cc15034acfb3e5a258541","type":"plug"},"reference":null},{"@id":13,"shape":{"type":"rect","xposition":"NaN","yposition":"NaN","width":"NaN","height":"NaN","shapeStyle":2},"labelManager":{"labels":[{"type":"textLabel","@id":14,"inputText":"Felix","labelStyle":4,"shape":null,"layoutText":null}],"mainLabel":14},"portCompositions":[{"type":"portGroup","@id":15,"ordered":false,"portCompositions":[{"type":"port","@id":16,"shape":{"type":"rect","xposition":"NaN","yposition":"NaN","width":"NaN","height":"NaN","shapeStyle":2},"labelManager":{"labels":[{"type":"textLabel","@id":17,"inputText":"2","labelStyle":4,"shape":null,"layoutText":null}],"mainLabel":17},"properties":{"id":"a1083948f3a2d1010b46ea347ecec1cb"},"orientationAtVertex":"FREE","reference":null},{"type":"port","@id":18,"shape":{"type":"rect","xposition":"NaN","yposition":"NaN","width":"NaN","height":"NaN","shapeStyle":2},"labelManager":{"labels":[{"type":"textLabel","@id":19,"inputText":"1","labelStyle":4,"shape":null,"layoutText":null}],"mainLabel":19},"properties":{"id":"683252ed06e6b23424b16135d3f07ad3"},"orientationAtVertex":"FREE","reference":null},{"type":"port","@id":20,"shape":{"type":"rect","xposition":"NaN","yposition":"NaN","width":"NaN","height":"NaN","shapeStyle":2},"labelManager":{"labels":[{"type":"textLabel","@id":21,"inputText":"5","labelStyle":4,"shape":null,"layoutText":null}],"mainLabel":21},"properties":{"id":"539c3c7a7cdfeba8c34808862042ea0a"},"orientationAtVertex":"FREE","reference":null},{"type":"port","@id":22,"shape":{"type":"rect","xposition":"NaN","yposition":"NaN","width":"NaN","height":"NaN","shapeStyle":2},"labelManager":{"labels":[{"type":"textLabel","@id":23,"inputText":"4","labelStyle":4,"shape":null,"layoutText":null}],"mainLabel":23},"properties":{"id":"a14ded95cd4be6e1f302785ff4f886da"},"orientationAtVertex":"FREE","reference":null},{"type":"port","@id":24,"shape":{"type":"rect","xposition":"NaN","yposition":"NaN","width":"NaN","height":"NaN","shapeStyle":2},"labelManager":{"labels":[{"type":"textLabel","@id":25,"inputText":"3","labelStyle":4,"shape":null,"layoutText":null}],"mainLabel":25},"properties":{"id":"fd022c9675380d73dbdf7d80f49e8c5d"},"orientationAtVertex":"FREE","reference":null}],"properties":{},"reference":null}],"properties":{"id":"5209a7fb4774a82a3ac4e7089bb884e6","type":"device"},"reference":null},{"@id":26,"shape":{"type":"rect","xposition":"NaN","yposition":"NaN","width":"NaN","height":"NaN","shapeStyle":2},"labelManager":{"labels":[{"type":"textLabel","@id":27,"inputText":"Mats","labelStyle":4,"shape":null,"layoutText":null}],"mainLabel":27},"portCompositions":[{"type":"portGroup","@id":28,"ordered":false,"portCompositions":[{"type":"port","@id":29,"shape":{"type":"rect","xposition":"NaN","yposition":"NaN","width":"NaN","height":"NaN","shapeStyle":2},"labelManager":{"labels":[{"type":"textLabel","@id":30,"inputText":"2","labelStyle":4,"shape":null,"layoutText":null}],"mainLabel":30},"properties":{"id":"78f8a495b84c571d701280824d3c9515"},"orientationAtVertex":"FREE","reference":null},{"type":"port","@id":31,"shape":{"type":"rect","xposition":"NaN","yposition":"NaN","width":"NaN","height":"NaN","shapeStyle":2},"labelManager":{"labels":[{"type":"textLabel","@id":32,"inputText":"1","labelStyle":4,"shape":null,"layoutText":null}],"mainLabel":32},"properties":{"id":"cc5388de8f2ce877b974e7a261c554a6"},"orientationAtVertex":"FREE","reference":null},{"type":"port","@id":33,"shape":{"type":"rect","xposition":"NaN","yposition":"NaN","width":"NaN","height":"NaN","shapeStyle":2},"labelManager":{"labels":[{"type":"textLabel","@id":34,"inputText":"5","labelStyle":4,"shape":null,"layoutText":null}],"mainLabel":34},"properties":{"id":"45f8cbe9837528adb21284d2aa5c8210"},"orientationAtVertex":"FREE","reference":null},{"type":"port","@id":35,"shape":{"type":"rect","xposition":"NaN","yposition":"NaN","width":"NaN","height":"NaN","shapeStyle":2},"labelManager":{"labels":[{"type":"textLabel","@id":36,"inputText":"4","labelStyle":4,"shape":null,"layoutText":null}],"mainLabel":36},"properties":{"id":"2a5c9a6490774ec339d8fa251a4d7236"},"orientationAtVertex":"FREE","reference":null},{"type":"port","@id":37,"shape":{"type":"rect","xposition":"NaN","yposition":"NaN","width":"NaN","height":"NaN","shapeStyle":2},"labelManager":{"labels":[{"type":"textLabel","@id":38,"inputText":"3","labelStyle":4,"shape":null,"layoutText":null}],"mainLabel":38},"properties":{"id":"84bfb0c1c00b678d5e47b88c5c6d5fd9"},"orientationAtVertex":"FREE","reference":null}],"properties":{},"reference":null}],"properties":{"id":"8a94ec49061e258833befb5640866b11","type":"socket"},"reference":null},{"@id":39,"shape":{"type":"rect","xposition":"NaN","yposition":"NaN","width":"NaN","height":"NaN","shapeStyle":2},"labelManager":{"labels":[{"type":"textLabel","@id":40,"inputText":"Jakob","labelStyle":4,"shape":null,"layoutText":null}],"mainLabel":40},"portCompositions":[{"type":"port","@id":41,"shape":{"type":"rect","xposition":"NaN","yposition":"NaN","width":"NaN","height":"NaN","shapeStyle":2},"labelManager":{"labels":[{"type":"textLabel","@id":42,"inputText":"1","labelStyle":4,"shape":null,"layoutText":null}],"mainLabel":42},"properties":{"id":"9d0fa8bae659a865a95794589cab2a01"},"orientationAtVertex":"FREE","reference":null}],"properties":{"id":"98fefc5d8ced5c42e6761f826242afc2","type":"splice"},"reference":null},{"@id":43,"shape":{"type":"rect","xposition":"NaN","yposition":"NaN","width":"NaN","height":"NaN","shapeStyle":2},"labelManager":{"labels":[{"type":"textLabel","@id":44,"inputText":"Lukas","labelStyle":4,"shape":null,"layoutText":null}],"mainLabel":44},"portCompositions":[{"type":"portGroup","@id":45,"ordered":false,"portCompositions":[{"type":"port","@id":46,"shape":{"type":"rect","xposition":"NaN","yposition":"NaN","width":"NaN","height":"NaN","shapeStyle":2},"labelManager":{"labels":[{"type":"textLabel","@id":47,"inputText":"2","labelStyle":4,"shape":null,"layoutText":null}],"mainLabel":47},"properties":{"id":"c274a417f0341f0de7fb23a75584cea0"},"orientationAtVertex":"FREE","reference":null},{"type":"port","@id":48,"shape":{"type":"rect","xposition":"NaN","yposition":"NaN","width":"NaN","height":"NaN","shapeStyle":2},"labelManager":{"labels":[{"type":"textLabel","@id":49,"inputText":"5","labelStyle":4,"shape":null,"layoutText":null}],"mainLabel":49},"properties":{"id":"f1439a15a2eed2251aee95b36d196d9a"},"orientationAtVertex":"FREE","reference":null},{"type":"port","@id":50,"shape":{"type":"rect","xposition":"NaN","yposition":"NaN","width":"NaN","height":"NaN","shapeStyle":2},"labelManager":{"labels":[{"type":"textLabel","@id":51,"inputText":"1","labelStyle":4,"shape":null,"layoutText":null}],"mainLabel":51},"properties":{"id":"5c8db7786dadc69154d08db6b21f5cfb"},"orientationAtVertex":"FREE","reference":null},{"type":"port","@id":52,"shape":{"type":"rect","xposition":"NaN","yposition":"NaN","width":"NaN","height":"NaN","shapeStyle":2},"labelManager":{"labels":[{"type":"textLabel","@id":53,"inputText":"4","labelStyle":4,"shape":null,"layoutText":null}],"mainLabel":53},"properties":{"id":"79e222dc82588008b05b8874059744e2"},"orientationAtVertex":"FREE","reference":null},{"type":"port","@id":54,"shape":{"type":"rect","xposition":"NaN","yposition":"NaN","width":"NaN","height":"NaN","shapeStyle":2},"labelManager":{"labels":[{"type":"textLabel","@id":55,"inputText":"3","labelStyle":4,"shape":null,"layoutText":null}],"mainLabel":55},"properties":{"id":"15e1090a3a0cb88e53c6d2d3d2c8ca03"},"orientationAtVertex":"FREE","reference":null}],"properties":{},"reference":null}],"properties":{"id":"362c9e42bda543b7cbaa0721e01c050c","type":"device"},"reference":null},{"@id":56,"shape":{"type":"rect","xposition":"NaN","yposition":"NaN","width":"NaN","height":"NaN","shapeStyle":2},"labelManager":{"labels":[{"type":"textLabel","@id":57,"inputText":"Henri","labelStyle":4,"shape":null,"layoutText":null}],"mainLabel":57},"portCompositions":[{"type":"portGroup","@id":58,"ordered":false,"portCompositions":[{"type":"port","@id":59,"shape":{"type":"rect","xposition":"NaN","yposition":"NaN","width":"NaN","height":"NaN","shapeStyle":2},"labelManager":{"labels":[{"type":"textLabel","@id":60,"inputText":"2","labelStyle":4,"shape":null,"layoutText":null}],"mainLabel":60},"properties":{"id":"b576a3d6f451b216badcda2aca6fb5dc"},"orientationAtVertex":"FREE","reference":null},{"type":"port","@id":61,"shape":{"type":"rect","xposition":"NaN","yposition":"NaN","width":"NaN","height":"NaN","shapeStyle":2},"labelManager":{"labels":[{"type":"textLabel","@id":62,"inputText":"5","labelStyle":4,"shape":null,"layoutText":null}],"mainLabel":62},"properties":{"id":"4e1f22e7090959e8324b2d018c15713e"},"orientationAtVertex":"FREE","reference":null},{"type":"port","@id":63,"shape":{"type":"rect","xposition":"NaN","yposition":"NaN","width":"NaN","height":"NaN","shapeStyle":2},"labelManager":{"labels":[{"type":"textLabel","@id":64,"inputText":"1","labelStyle":4,"shape":null,"layoutText":null}],"mainLabel":64},"properties":{"id":"8bd2147478a58a924b5267ceebcae0d1"},"orientationAtVertex":"FREE","reference":null},{"type":"port","@id":65,"shape":{"type":"rect","xposition":"NaN","yposition":"NaN","width":"NaN","height":"NaN","shapeStyle":2},"labelManager":{"labels":[{"type":"textLabel","@id":66,"inputText":"4","labelStyle":4,"shape":null,"layoutText":null}],"mainLabel":66},"properties":{"id":"ce0dc531f8962d71a2daa96e8a145b91"},"orientationAtVertex":"FREE","reference":null},{"type":"port","@id":67,"shape":{"type":"rect","xposition":"NaN","yposition":"NaN","width":"NaN","height":"NaN","shapeStyle":2},"labelManager":{"labels":[{"type":"textLabel","@id":68,"inputText":"3","labelStyle":4,"shape":null,"layoutText":null}],"mainLabel":68},"properties":{"id":"4c074386feca0d17a40d4f986aff6566"},"orientationAtVertex":"FREE","reference":null}],"properties":{},"reference":null}],"properties":{"id":"8589e49e156b29a9018841090e2943f4","type":"socket"},"reference":null},{"@id":69,"shape":{"type":"rect","xposition":"NaN","yposition":"NaN","width":"NaN","height":"NaN","shapeStyle":2},"labelManager":{"labels":[{"type":"textLabel","@id":70,"inputText":"Philipp","labelStyle":4,"shape":null,"layoutText":null}],"mainLabel":70},"portCompositions":[{"type":"port","@id":71,"shape":{"type":"rect","xposition":"NaN","yposition":"NaN","width":"NaN","height":"NaN","shapeStyle":2},"labelManager":{"labels":[{"type":"textLabel","@id":72,"inputText":"1","labelStyle":4,"shape":null,"layoutText":null}],"mainLabel":72},"properties":{"id":"f8967ed215cf931900e8e8f7565de8df"},"orientationAtVertex":"FREE","reference":null}],"properties":{"id":"9bd39db078004513fbde32314f4b4c10","type":"splice"},"reference":null},{"@id":73,"shape":{"type":"rect","xposition":"NaN","yposition":"NaN","width":"NaN","height":"NaN","shapeStyle":2},"labelManager":{"labels":[{"type":"textLabel","@id":74,"inputText":"Alexander","labelStyle":4,"shape":null,"layoutText":null}],"mainLabel":74},"portCompositions":[{"type":"port","@id":75,"shape":{"type":"rect","xposition":"NaN","yposition":"NaN","width":"NaN","height":"NaN","shapeStyle":2},"labelManager":{"labels":[{"type":"textLabel","@id":76,"inputText":"1","labelStyle":4,"shape":null,"layoutText":null}],"mainLabel":76},"properties":{"id":"e0eae0af601334814d0acff849b0710b"},"orientationAtVertex":"FREE","reference":null}],"properties":{"id":"59f303e7c133514ffcd42a59c0f055aa","type":"splice"},"reference":null},{"@id":77,"shape":{"type":"rect","xposition":"NaN","yposition":"NaN","width":"NaN","height":"NaN","shapeStyle":2},"labelManager":{"labels":[{"type":"textLabel","@id":78,"inputText":"Elias","labelStyle":4,"shape":null,"layoutText":null}],"mainLabel":78},"portCompositions":[{"type":"port","@id":79,"shape":{"type":"rect","xposition":"NaN","yposition":"NaN","width":"NaN","height":"NaN","shapeStyle":2},"labelManager":{"labels":[{"type":"textLabel","@id":80,"inputText":"1","labelStyle":4,"shape":null,"layoutText":null}],"mainLabel":80},"properties":{"id":"2c41211a6d44e9ba1607382421e3d3a0"},"orientationAtVertex":"FREE","reference":null}],"properties":{"id":"a40b869526a95de352a2ea32f58fbb6d","type":"splice"},"reference":null},{"@id":81,"shape":{"type":"rect","xposition":"NaN","yposition":"NaN","width":"NaN","height":"NaN","shapeStyle":2},"labelManager":{"labels":[{"type":"textLabel","@id":82,"inputText":"Anton","labelStyle":4,"shape":null,"layoutText":null}],"mainLabel":82},"portCompositions":[{"type":"portGroup","@id":83,"ordered":false,"portCompositions":[{"type":"port","@id":84,"shape":{"type":"rect","xposition":"NaN","yposition":"NaN","width":"NaN","height":"NaN","shapeStyle":2},"labelManager":{"labels":[{"type":"textLabel","@id":85,"inputText":"1","labelStyle":4,"shape":null,"layoutText":null}],"mainLabel":85},"properties":{"id":"6a36815330ed87aa330f008a608cdbd9"},"orientationAtVertex":"FREE","reference":null},{"type":"port","@id":86,"shape":{"type":"rect","xposition":"NaN","yposition":"NaN","width":"NaN","height":"NaN","shapeStyle":2},"labelManager":{"labels":[{"type":"textLabel","@id":87,"inputText":"2","labelStyle":4,"shape":null,"layoutText":null}],"mainLabel":87},"properties":{"id":"0952822b64da5b660296afa4315a6a5f"},"orientationAtVertex":"FREE","reference":null},{"type":"port","@id":88,"shape":{"type":"rect","xposition":"NaN","yposition":"NaN","width":"NaN","height":"NaN","shapeStyle":{"@id":89,"description":"default shape style","color":{"argb":"ff000000"}}},"labelManager":{"labels":[{"type":"textLabel","@id":90,"inputText":"3","labelStyle":{"@id":91,"description":"default text label style","font":{"fontName":"SansSerif","style":0,"size":10},"noBreak":false,"color":{"argb":"ff000000"},"showLabel":true,"placement":"FREE","horizontalPlacement":"FREE","verticalPlacement":"FREE"},"shape":null,"layoutText":null}],"mainLabel":90},"properties":{},"orientationAtVertex":"FREE","reference":null}],"properties":{},"reference":null}],"properties":{"id":"011bc15b6e77439b2cc4eec2f8350b8c","type":"device"},"reference":null},{"@id":92,"shape":{"type":"rect","xposition":"NaN","yposition":"NaN","width":"NaN","height":"NaN","shapeStyle":2},"labelManager":{"labels":[{"type":"textLabel","@id":93,"inputText":"Paul","labelStyle":4,"shape":null,"layoutText":null}],"mainLabel":93},"portCompositions":[{"type":"portGroup","@id":94,"ordered":false,"portCompositions":[{"type":"port","@id":95,"shape":{"type":"rect","xposition":"NaN","yposition":"NaN","width":"NaN","height":"NaN","shapeStyle":2},"labelManager":{"labels":[{"type":"textLabel","@id":96,"inputText":"1","labelStyle":4,"shape":null,"layoutText":null}],"mainLabel":96},"properties":{"id":"03f63272c17047110272a60322b6c488"},"orientationAtVertex":"FREE","reference":null},{"type":"port","@id":97,"shape":{"type":"rect","xposition":"NaN","yposition":"NaN","width":"NaN","height":"NaN","shapeStyle":2},"labelManager":{"labels":[{"type":"textLabel","@id":98,"inputText":"2","labelStyle":4,"shape":null,"layoutText":null}],"mainLabel":98},"properties":{"id":"797ed7c96033de2f821887da217a97f4"},"orientationAtVertex":"FREE","reference":null},{"type":"port","@id":99,"shape":{"type":"rect","xposition":"NaN","yposition":"NaN","width":"NaN","height":"NaN","shapeStyle":89},"labelManager":{"labels":[{"type":"textLabel","@id":100,"inputText":"3","labelStyle":91,"shape":null,"layoutText":null}],"mainLabel":100},"properties":{},"orientationAtVertex":"FREE","reference":null}],"properties":{},"reference":null}],"properties":{"id":"3ad42013c1764d3ad4099b429e779743","type":"socket"},"reference":null},{"@id":101,"shape":{"type":"rect","xposition":"NaN","yposition":"NaN","width":"NaN","height":"NaN","shapeStyle":2},"labelManager":{"labels":[{"type":"textLabel","@id":102,"inputText":"Tom","labelStyle":4,"shape":null,"layoutText":null}],"mainLabel":102},"portCompositions":[{"type":"portGroup","@id":103,"ordered":false,"portCompositions":[{"type":"port","@id":104,"shape":{"type":"rect","xposition":"NaN","yposition":"NaN","width":"NaN","height":"NaN","shapeStyle":2},"labelManager":{"labels":[{"type":"textLabel","@id":105,"inputText":"2","labelStyle":4,"shape":null,"layoutText":null}],"mainLabel":105},"properties":{"id":"b02bc2cb5d76176c8a7bce8db40741e8"},"orientationAtVertex":"FREE","reference":null},{"type":"port","@id":106,"shape":{"type":"rect","xposition":"NaN","yposition":"NaN","width":"NaN","height":"NaN","shapeStyle":2},"labelManager":{"labels":[{"type":"textLabel","@id":107,"inputText":"1","labelStyle":4,"shape":null,"layoutText":null}],"mainLabel":107},"properties":{"id":"257a820fb852ab0863c4d2affd303b22"},"orientationAtVertex":"FREE","reference":null},{"type":"port","@id":108,"shape":{"type":"rect","xposition":"NaN","yposition":"NaN","width":"NaN","height":"NaN","shapeStyle":2},"labelManager":{"labels":[{"type":"textLabel","@id":109,"inputText":"3","labelStyle":4,"shape":null,"layoutText":null}],"mainLabel":109},"properties":{"id":"5152a2c09c55cf78890387c1dfbc10d4"},"orientationAtVertex":"FREE","reference":null},{"type":"port","@id":110,"shape":{"type":"rect","xposition":"NaN","yposition":"NaN","width":"NaN","height":"NaN","shapeStyle":89},"labelManager":{"labels":[{"type":"textLabel","@id":111,"inputText":"4","labelStyle":91,"shape":null,"layoutText":null}],"mainLabel":111},"properties":{},"orientationAtVertex":"FREE","reference":null}],"properties":{},"reference":null}],"properties":{"id":"f729ea16755faf95e21a07d924f50fee","type":"plug"},"reference":null},{"@id":112,"shape":{"type":"rect","xposition":"NaN","yposition":"NaN","width":"NaN","height":"NaN","shapeStyle":2},"labelManager":{"labels":[{"type":"textLabel","@id":113,"inputText":"Jonathan","labelStyle":4,"shape":null,"layoutText":null}],"mainLabel":113},"portCompositions":[{"type":"portGroup","@id":114,"ordered":false,"portCompositions":[{"type":"port","@id":115,"shape":{"type":"rect","xposition":"NaN","yposition":"NaN","width":"NaN","height":"NaN","shapeStyle":2},"labelManager":{"labels":[{"type":"textLabel","@id":116,"inputText":"2","labelStyle":4,"shape":null,"layoutText":null}],"mainLabel":116},"properties":{"id":"5239551d6748cc95f999e57f01b67b75"},"orientationAtVertex":"FREE","reference":null},{"type":"port","@id":117,"shape":{"type":"rect","xposition":"NaN","yposition":"NaN","width":"NaN","height":"NaN","shapeStyle":2},"labelManager":{"labels":[{"type":"textLabel","@id":118,"inputText":"1","labelStyle":4,"shape":null,"layoutText":null}],"mainLabel":118},"properties":{"id":"186666e691bf8346986b8f5abade2af6"},"orientationAtVertex":"FREE","reference":null},{"type":"port","@id":119,"shape":{"type":"rect","xposition":"NaN","yposition":"NaN","width":"NaN","height":"NaN","shapeStyle":2},"labelManager":{"labels":[{"type":"textLabel","@id":120,"inputText":"3","labelStyle":4,"shape":null,"layoutText":null}],"mainLabel":120},"properties":{"id":"c90adc59bff842cbbf859ade78e6dd33"},"orientationAtVertex":"FREE","reference":null},{"type":"port","@id":121,"shape":{"type":"rect","xposition":"NaN","yposition":"NaN","width":"NaN","height":"NaN","shapeStyle":89},"labelManager":{"labels":[{"type":"textLabel","@id":122,"inputText":"4","labelStyle":91,"shape":null,"layoutText":null}],"mainLabel":122},"properties":{},"orientationAtVertex":"FREE","reference":null}],"properties":{},"reference":null}],"properties":{"id":"e8b74b3284be33e0e7d2f41520ee0f37","type":"plug"},"reference":null},{"@id":123,"shape":{"type":"rect","xposition":"NaN","yposition":"NaN","width":"NaN","height":"NaN","shapeStyle":2},"labelManager":{"labels":[{"type":"textLabel","@id":124,"inputText":"Leonard","labelStyle":4,"shape":null,"layoutText":null}],"mainLabel":124},"portCompositions":[{"type":"portGroup","@id":125,"ordered":false,"portCompositions":[{"type":"port","@id":126,"shape":{"type":"rect","xposition":"NaN","yposition":"NaN","width":"NaN","height":"NaN","shapeStyle":2},"labelManager":{"labels":[{"type":"textLabel","@id":127,"inputText":"2","labelStyle":4,"shape":null,"layoutText":null}],"mainLabel":127},"properties":{"id":"8820e24a8a8302baea929b62ee500767"},"orientationAtVertex":"FREE","reference":null},{"type":"port","@id":128,"shape":{"type":"rect","xposition":"NaN","yposition":"NaN","width":"NaN","height":"NaN","shapeStyle":2},"labelManager":{"labels":[{"type":"textLabel","@id":129,"inputText":"1","labelStyle":4,"shape":null,"layoutText":null}],"mainLabel":129},"properties":{"id":"480b66efb212957f7e3b4243d6358e42"},"orientationAtVertex":"FREE","reference":null}],"properties":{},"reference":null}],"properties":{"id":"67ab7c39f674480f55b0ec5478e1d0ff","type":"device"},"reference":null},{"@id":130,"shape":{"type":"rect","xposition":"NaN","yposition":"NaN","width":"NaN","height":"NaN","shapeStyle":2},"labelManager":{"labels":[{"type":"textLabel","@id":131,"inputText":"Ben","labelStyle":4,"shape":null,"layoutText":null}],"mainLabel":131},"portCompositions":[{"type":"portGroup","@id":132,"ordered":false,"portCompositions":[{"type":"port","@id":133,"shape":{"type":"rect","xposition":"NaN","yposition":"NaN","width":"NaN","height":"NaN","shapeStyle":2},"labelManager":{"labels":[{"type":"textLabel","@id":134,"inputText":"2","labelStyle":4,"shape":null,"layoutText":null}],"mainLabel":134},"properties":{"id":"25cd23f9b17fa036efd9ba0e26227c61"},"orientationAtVertex":"FREE","reference":null},{"type":"port","@id":135,"shape":{"type":"rect","xposition":"NaN","yposition":"NaN","width":"NaN","height":"NaN","shapeStyle":2},"labelManager":{"labels":[{"type":"textLabel","@id":136,"inputText":"1","labelStyle":4,"shape":null,"layoutText":null}],"mainLabel":136},"properties":{"id":"ca0bd5017b3c5e30518acfb615a2bb97"},"orientationAtVertex":"FREE","reference":null}],"properties":{},"reference":null}],"properties":{"id":"d3398e43ffbeece6cb50b96c0caeba56","type":"socket"},"reference":null},{"@id":137,"shape":{"type":"rect","xposition":"NaN","yposition":"NaN","width":"NaN","height":"NaN","shapeStyle":2},"labelManager":{"labels":[{"type":"textLabel","@id":138,"inputText":"Jonas","labelStyle":4,"shape":null,"layoutText":null}],"mainLabel":138},"portCompositions":[{"type":"portGroup","@id":139,"ordered":false,"portCompositions":[{"type":"port","@id":140,"shape":{"type":"rect","xposition":"NaN","yposition":"NaN","width":"NaN","height":"NaN","shapeStyle":2},"labelManager":{"labels":[{"type":"textLabel","@id":141,"inputText":"2","labelStyle":4,"shape":null,"layoutText":null}],"mainLabel":141},"properties":{"id":"2ee002b7b7b8bc106a6eb622c6c6a01c"},"orientationAtVertex":"FREE","reference":null},{"type":"port","@id":142,"shape":{"type":"rect","xposition":"NaN","yposition":"NaN","width":"NaN","height":"NaN","shapeStyle":2},"labelManager":{"labels":[{"type":"textLabel","@id":143,"inputText":"1","labelStyle":4,"shape":null,"layoutText":null}],"mainLabel":143},"properties":{"id":"81262625f3f97a4f90c1d93be9a04878"},"orientationAtVertex":"FREE","reference":null}],"properties":{},"reference":null}],"properties":{"id":"643893ab08bf424e5f007b4848f7447a","type":"device"},"reference":null},{"@id":144,"shape":{"type":"rect","xposition":"NaN","yposition":"NaN","width":"NaN","height":"NaN","shapeStyle":2},"labelManager":{"labels":[{"type":"textLabel","@id":145,"inputText":"Julius","labelStyle":4,"shape":null,"layoutText":null}],"mainLabel":145},"portCompositions":[{"type":"portGroup","@id":146,"ordered":false,"portCompositions":[{"type":"port","@id":147,"shape":{"type":"rect","xposition":"NaN","yposition":"NaN","width":"NaN","height":"NaN","shapeStyle":2},"labelManager":{"labels":[{"type":"textLabel","@id":148,"inputText":"2","labelStyle":4,"shape":null,"layoutText":null}],"mainLabel":148},"properties":{"id":"1ee58053f67d084df5e63b69b971e5f3"},"orientationAtVertex":"FREE","reference":null},{"type":"port","@id":149,"shape":{"type":"rect","xposition":"NaN","yposition":"NaN","width":"NaN","height":"NaN","shapeStyle":2},"labelManager":{"labels":[{"type":"textLabel","@id":150,"inputText":"1","labelStyle":4,"shape":null,"layoutText":null}],"mainLabel":150},"properties":{"id":"003cd2a8767d60184aa890542ac7dace"},"orientationAtVertex":"FREE","reference":null}],"properties":{},"reference":null}],"properties":{"id":"302ac8ba075a4fd9ec40e53469b51165","type":"socket"},"reference":null},{"@id":151,"shape":{"type":"rect","xposition":"NaN","yposition":"NaN","width":"NaN","height":"NaN","shapeStyle":2},"labelManager":{"labels":[{"type":"textLabel","@id":152,"inputText":"Luca","labelStyle":4,"shape":null,"layoutText":null}],"mainLabel":152},"portCompositions":[{"type":"port","@id":153,"shape":{"type":"rect","xposition":"NaN","yposition":"NaN","width":"NaN","height":"NaN","shapeStyle":2},"labelManager":{"labels":[{"type":"textLabel","@id":154,"inputText":"1","labelStyle":4,"shape":null,"layoutText":null}],"mainLabel":154},"properties":{"id":"bf90feab7bb75d78decc6407ab416520"},"orientationAtVertex":"FREE","reference":null}],"properties":{"id":"b51eedb5c0967cb0ff82158df750b2f0","type":"splice"},"reference":null},{"@id":155,"shape":{"type":"rect","xposition":"NaN","yposition":"NaN","width":"NaN","height":"NaN","shapeStyle":2},"labelManager":{"labels":[{"type":"textLabel","@id":156,"inputText":"Leon","labelStyle":4,"shape":null,"layoutText":null}],"mainLabel":156},"portCompositions":[{"type":"portGroup","@id":157,"ordered":false,"portCompositions":[{"type":"port","@id":158,"shape":{"type":"rect","xposition":"NaN","yposition":"NaN","width":"NaN","height":"NaN","shapeStyle":2},"labelManager":{"labels":[{"type":"textLabel","@id":159,"inputText":"1","labelStyle":4,"shape":null,"layoutText":null}],"mainLabel":159},"properties":{"id":"fc2e59914d62702cfb04e284a4e0bb2d"},"orientationAtVertex":"FREE","reference":null},{"type":"port","@id":160,"shape":{"type":"rect","xposition":"NaN","yposition":"NaN","width":"NaN","height":"NaN","shapeStyle":2},"labelManager":{"labels":[{"type":"textLabel","@id":161,"inputText":"2","labelStyle":4,"shape":null,"layoutText":null}],"mainLabel":161},"properties":{"id":"c1a34316038a28d63ac1004303ed4dad"},"orientationAtVertex":"FREE","reference":null}],"properties":{},"reference":null}],"properties":{"id":"bfb93997a091fd55beae21af7808b71d","type":"plug"},"reference":null},{"@id":162,"shape":{"type":"rect","xposition":"NaN","yposition":"NaN","width":"NaN","height":"NaN","shapeStyle":2},"labelManager":{"labels":[{"type":"textLabel","@id":163,"inputText":"Julian","labelStyle":4,"shape":null,"layoutText":null}],"mainLabel":163},"portCompositions":[{"type":"portGroup","@id":164,"ordered":false,"portCompositions":[{"type":"port","@id":165,"shape":{"type":"rect","xposition":"NaN","yposition":"NaN","width":"NaN","height":"NaN","shapeStyle":2},"labelManager":{"labels":[{"type":"textLabel","@id":166,"inputText":"1","labelStyle":4,"shape":null,"layoutText":null}],"mainLabel":166},"properties":{"id":"2ad9111736f69137ed12d078c4153ca6"},"orientationAtVertex":"FREE","reference":null},{"type":"port","@id":167,"shape":{"type":"rect","xposition":"NaN","yposition":"NaN","width":"NaN","height":"NaN","shapeStyle":2},"labelManager":{"labels":[{"type":"textLabel","@id":168,"inputText":"2","labelStyle":4,"shape":null,"layoutText":null}],"mainLabel":168},"properties":{"id":"43ff3ae37680568889a90cbd2d3fea79"},"orientationAtVertex":"FREE","reference":null}],"properties":{},"reference":null}],"properties":{"id":"6b8ec1647878af2690ee7d993e68f9ab","type":"plug"},"reference":null},{"@id":169,"shape":{"type":"rect","xposition":"NaN","yposition":"NaN","width":"NaN","height":"NaN","shapeStyle":2},"labelManager":{"labels":[{"type":"textLabel","@id":170,"inputText":"Max","labelStyle":4,"shape":null,"layoutText":null}],"mainLabel":170},"portCompositions":[{"type":"portGroup","@id":171,"ordered":false,"portCompositions":[{"type":"port","@id":172,"shape":{"type":"rect","xposition":"NaN","yposition":"NaN","width":"NaN","height":"NaN","shapeStyle":2},"labelManager":{"labels":[{"type":"textLabel","@id":173,"inputText":"2","labelStyle":4,"shape":null,"layoutText":null}],"mainLabel":173},"properties":{"id":"3021f32e24061a0f78807d74f27fa999"},"orientationAtVertex":"FREE","reference":null},{"type":"port","@id":174,"shape":{"type":"rect","xposition":"NaN","yposition":"NaN","width":"NaN","height":"NaN","shapeStyle":2},"labelManager":{"labels":[{"type":"textLabel","@id":175,"inputText":"1","labelStyle":4,"shape":null,"layoutText":null}],"mainLabel":175},"properties":{"id":"5799aa8bbb694b209c7fb575f9b305a7"},"orientationAtVertex":"FREE","reference":null}],"properties":{},"reference":null}],"properties":{"id":"b09a22ed287961172c0d5a7f026903bb","type":"plug"},"reference":null},{"@id":176,"shape":{"type":"rect","xposition":"NaN","yposition":"NaN","width":"NaN","height":"NaN","shapeStyle":2},"labelManager":{"labels":[{"type":"textLabel","@id":177,"inputText":"Luis","labelStyle":4,"shape":null,"layoutText":null}],"mainLabel":177},"portCompositions":[{"type":"portGroup","@id":178,"ordered":false,"portCompositions":[{"type":"port","@id":179,"shape":{"type":"rect","xposition":"NaN","yposition":"NaN","width":"NaN","height":"NaN","shapeStyle":2},"labelManager":{"labels":[{"type":"textLabel","@id":180,"inputText":"2","labelStyle":4,"shape":null,"layoutText":null}],"mainLabel":180},"properties":{"id":"1f7f7b8ef3ef070586462f186f7e4fa6"},"orientationAtVertex":"FREE","reference":null},{"type":"port","@id":181,"shape":{"type":"rect","xposition":"NaN","yposition":"NaN","width":"NaN","height":"NaN","shapeStyle":2},"labelManager":{"labels":[{"type":"textLabel","@id":182,"inputText":"1","labelStyle":4,"shape":null,"layoutText":null}],"mainLabel":182},"properties":{"id":"95c2ecd6dda3f8ef27aa1d72ef7cd08f"},"orientationAtVertex":"FREE","reference":null}],"properties":{},"reference":null}],"properties":{"id":"0bd5fbf964dcb0fe4c7f1c2aeda8f1cd","type":"plug"},"reference":null},{"@id":183,"shape":{"type":"rect","xposition":"NaN","yposition":"NaN","width":"NaN","height":"NaN","shapeStyle":2},"labelManager":{"labels":[{"type":"textLabel","@id":184,"inputText":"Noah","labelStyle":4,"shape":null,"layoutText":null}],"mainLabel":184},"portCompositions":[{"type":"port","@id":185,"shape":{"type":"rect","xposition":"NaN","yposition":"NaN","width":"NaN","height":"NaN","shapeStyle":2},"labelManager":{"labels":[{"type":"textLabel","@id":186,"inputText":"1","labelStyle":4,"shape":null,"layoutText":null}],"mainLabel":186},"properties":{"id":"a10f72e5acf3d432b13533a18af402fb"},"orientationAtVertex":"FREE","reference":null}],"properties":{"id":"98a90fcf0d02b6a8ed2e264ab56e4a17","type":"splice"},"reference":null},{"@id":187,"shape":null,"labelManager":{"labels":[{"type":"textLabel","@id":188,"inputText":"Maximilian","labelStyle":91,"shape":null,"layoutText":null}],"mainLabel":188},"portCompositions":[{"type":"portGroup","@id":189,"ordered":false,"portCompositions":[{"type":"port","@id":190,"shape":{"type":"rect","xposition":"NaN","yposition":"NaN","width":"NaN","height":"NaN","shapeStyle":89},"labelManager":{"labels":[{"type":"textLabel","@id":191,"inputText":"1","labelStyle":91,"shape":null,"layoutText":null}],"mainLabel":191},"properties":{},"orientationAtVertex":"FREE","reference":null}],"properties":{},"reference":null}],"properties":{},"reference":null},{"@id":192,"shape":null,"labelManager":{"labels":[{"type":"textLabel","@id":193,"inputText":"Louis","labelStyle":91,"shape":null,"layoutText":null}],"mainLabel":193},"portCompositions":[{"type":"portGroup","@id":194,"ordered":false,"portCompositions":[{"type":"port","@id":195,"shape":{"type":"rect","xposition":"NaN","yposition":"NaN","width":"NaN","height":"NaN","shapeStyle":89},"labelManager":{"labels":[{"type":"textLabel","@id":196,"inputText":"1","labelStyle":91,"shape":null,"layoutText":null}],"mainLabel":196},"properties":{},"orientationAtVertex":"FREE","reference":null}],"properties":{},"reference":null}],"properties":{},"reference":null},{"@id":197,"shape":null,"labelManager":{"labels":[{"type":"textLabel","@id":198,"inputText":"Benjamin","labelStyle":91,"shape":null,"layoutText":null}],"mainLabel":198},"portCompositions":[{"type":"portGroup","@id":199,"ordered":false,"portCompositions":[{"type":"port","@id":200,"shape":{"type":"rect","xposition":"NaN","yposition":"NaN","width":"NaN","height":"NaN","shapeStyle":89},"labelManager":{"labels":[{"type":"textLabel","@id":201,"inputText":"1","labelStyle":91,"shape":null,"layoutText":null}],"mainLabel":201},"properties":{},"orientationAtVertex":"FREE","reference":null}],"properties":{},"reference":null}],"properties":{},"reference":null},{"@id":202,"shape":null,"labelManager":{"labels":[{"type":"textLabel","@id":203,"inputText":"David","labelStyle":91,"shape":null,"layoutText":null}],"mainLabel":203},"portCompositions":[{"type":"portGroup","@id":204,"ordered":false,"portCompositions":[{"type":"port","@id":205,"shape":{"type":"rect","xposition":"NaN","yposition":"NaN","width":"NaN","height":"NaN","shapeStyle":89},"labelManager":{"labels":[{"type":"textLabel","@id":206,"inputText":"1","labelStyle":91,"shape":null,"layoutText":null}],"mainLabel":206},"properties":{},"orientationAtVertex":"FREE","reference":null}],"properties":{},"reference":null}],"properties":{},"reference":null},{"@id":207,"shape":null,"labelManager":{"labels":[{"type":"textLabel","@id":208,"inputText":"Jan","labelStyle":91,"shape":null,"layoutText":null}],"mainLabel":208},"portCompositions":[{"type":"portGroup","@id":209,"ordered":false,"portCompositions":[{"type":"port","@id":210,"shape":{"type":"rect","xposition":"NaN","yposition":"NaN","width":"NaN","height":"NaN","shapeStyle":89},"labelManager":{"labels":[{"type":"textLabel","@id":211,"inputText":"1","labelStyle":91,"shape":null,"layoutText":null}],"mainLabel":211},"properties":{},"orientationAtVertex":"FREE","reference":null}],"properties":{},"reference":null}],"properties":{},"reference":null},{"@id":212,"shape":null,"labelManager":{"labels":[{"type":"textLabel","@id":213,"inputText":"Finn","labelStyle":91,"shape":null,"layoutText":null}],"mainLabel":213},"portCompositions":[{"type":"portGroup","@id":214,"ordered":false,"portCompositions":[{"type":"port","@id":215,"shape":{"type":"rect","xposition":"NaN","yposition":"NaN","width":"NaN","height":"NaN","shapeStyle":89},"labelManager":{"labels":[{"type":"textLabel","@id":216,"inputText":"2","labelStyle":91,"shape":null,"layoutText":null}],"mainLabel":216},"properties":{},"orientationAtVertex":"FREE","reference":null},{"type":"port","@id":217,"shape":{"type":"rect","xposition":"NaN","yposition":"NaN","width":"NaN","height":"NaN","shapeStyle":89},"labelManager":{"labels":[{"type":"textLabel","@id":218,"inputText":"1","labelStyle":91,"shape":null,"layoutText":null}],"mainLabel":218},"properties":{},"orientationAtVertex":"FREE","reference":null}],"properties":{},"reference":null}],"properties":{},"reference":null},{"@id":219,"shape":null,"labelManager":{"labels":[{"type":"textLabel","@id":220,"inputText":"Leo","labelStyle":91,"shape":null,"layoutText":null}],"mainLabel":220},"portCompositions":[{"type":"portGroup","@id":221,"ordered":false,"portCompositions":[{"type":"port","@id":222,"shape":{"type":"rect","xposition":"NaN","yposition":"NaN","width":"NaN","height":"NaN","shapeStyle":89},"labelManager":{"labels":[{"type":"textLabel","@id":223,"inputText":"2","labelStyle":91,"shape":null,"layoutText":null}],"mainLabel":223},"properties":{},"orientationAtVertex":"FREE","reference":null},{"type":"port","@id":224,"shape":{"type":"rect","xposition":"NaN","yposition":"NaN","width":"NaN","height":"NaN","shapeStyle":89},"labelManager":{"labels":[{"type":"textLabel","@id":225,"inputText":"1","labelStyle":91,"shape":null,"layoutText":null}],"mainLabel":225},"properties":{},"orientationAtVertex":"FREE","reference":null}],"properties":{},"reference":null}],"properties":{},"reference":null},{"@id":226,"shape":null,"labelManager":{"labels":[{"type":"textLabel","@id":227,"inputText":"Leon","labelStyle":91,"shape":null,"layoutText":null}],"mainLabel":227},"portCompositions":[{"type":"portGroup","@id":228,"ordered":false,"portCompositions":[{"type":"port","@id":229,"shape":{"type":"rect","xposition":"NaN","yposition":"NaN","width":"NaN","height":"NaN","shapeStyle":89},"labelManager":{"labels":[{"type":"textLabel","@id":230,"inputText":"1","labelStyle":91,"shape":null,"layoutText":null}],"mainLabel":230},"properties":{},"orientationAtVertex":"FREE","reference":null}],"properties":{},"reference":null}],"properties":{},"reference":null},{"@id":231,"shape":null,"labelManager":{"labels":[{"type":"textLabel","@id":232,"inputText":"Jakob","labelStyle":91,"shape":null,"layoutText":null}],"mainLabel":232},"portCompositions":[{"type":"portGroup","@id":233,"ordered":false,"portCompositions":[{"type":"port","@id":234,"shape":{"type":"rect","xposition":"NaN","yposition":"NaN","width":"NaN","height":"NaN","shapeStyle":89},"labelManager":{"labels":[{"type":"textLabel","@id":235,"inputText":"1","labelStyle":91,"shape":null,"layoutText":null}],"mainLabel":235},"properties":{},"orientationAtVertex":"FREE","reference":null}],"properties":{},"reference":null}],"properties":{},"reference":null},{"@id":236,"shape":null,"labelManager":{"labels":[{"type":"textLabel","@id":237,"inputText":"Philipp","labelStyle":91,"shape":null,"layoutText":null}],"mainLabel":237},"portCompositions":[{"type":"portGroup","@id":238,"ordered":false,"portCompositions":[{"type":"port","@id":239,"shape":{"type":"rect","xposition":"NaN","yposition":"NaN","width":"NaN","height":"NaN","shapeStyle":89},"labelManager":{"labels":[{"type":"textLabel","@id":240,"inputText":"2","labelStyle":91,"shape":null,"layoutText":null}],"mainLabel":240},"properties":{},"orientationAtVertex":"FREE","reference":null},{"type":"port","@id":241,"shape":{"type":"rect","xposition":"NaN","yposition":"NaN","width":"NaN","height":"NaN","shapeStyle":89},"labelManager":{"labels":[{"type":"textLabel","@id":242,"inputText":"1","labelStyle":91,"shape":null,"layoutText":null}],"mainLabel":242},"properties":{},"orientationAtVertex":"FREE","reference":null}],"properties":{},"reference":null}],"properties":{},"reference":null},{"@id":243,"shape":null,"labelManager":{"labels":[{"type":"textLabel","@id":244,"inputText":"Alexander","labelStyle":91,"shape":null,"layoutText":null}],"mainLabel":244},"portCompositions":[{"type":"portGroup","@id":245,"ordered":false,"portCompositions":[{"type":"port","@id":246,"shape":{"type":"rect","xposition":"NaN","yposition":"NaN","width":"NaN","height":"NaN","shapeStyle":89},"labelManager":{"labels":[{"type":"textLabel","@id":247,"inputText":"2","labelStyle":91,"shape":null,"layoutText":null}],"mainLabel":247},"properties":{},"orientationAtVertex":"FREE","reference":null},{"type":"port","@id":248,"shape":{"type":"rect","xposition":"NaN","yposition":"NaN","width":"NaN","height":"NaN","shapeStyle":89},"labelManager":{"labels":[{"type":"textLabel","@id":249,"inputText":"1","labelStyle":91,"shape":null,"layoutText":null}],"mainLabel":249},"properties":{},"orientationAtVertex":"FREE","reference":null}],"properties":{},"reference":null}],"properties":{},"reference":null},{"@id":250,"shape":null,"labelManager":{"labels":[{"type":"textLabel","@id":251,"inputText":"Mats","labelStyle":91,"shape":null,"layoutText":null}],"mainLabel":251},"portCompositions":[{"type":"portGroup","@id":252,"ordered":false,"portCompositions":[{"type":"port","@id":253,"shape":{"type":"rect","xposition":"NaN","yposition":"NaN","width":"NaN","height":"NaN","shapeStyle":89},"labelManager":{"labels":[{"type":"textLabel","@id":254,"inputText":"1","labelStyle":91,"shape":null,"layoutText":null}],"mainLabel":254},"properties":{},"orientationAtVertex":"FREE","reference":null}],"properties":{},"reference":null}],"properties":{},"reference":null},{"@id":255,"shape":null,"labelManager":{"labels":[{"type":"textLabel","@id":256,"inputText":"Anton","labelStyle":91,"shape":null,"layoutText":null}],"mainLabel":256},"portCompositions":[{"type":"portGroup","@id":257,"ordered":false,"portCompositions":[{"type":"port","@id":258,"shape":{"type":"rect","xposition":"NaN","yposition":"NaN","width":"NaN","height":"NaN","shapeStyle":89},"labelManager":{"labels":[{"type":"textLabel","@id":259,"inputText":"1","labelStyle":91,"shape":null,"layoutText":null}],"mainLabel":259},"properties":{},"orientationAtVertex":"FREE","reference":null}],"properties":{},"reference":null}],"properties":{},"reference":null}],"vertexGroups":[{"@id":260,"drawnFrame":false,"labelManager":{"labels":[],"mainLabel":null},"shape":null,"containedVertices":[1,8],"containedVertexGroups":[],"touchingPairs":[{"vertex0":1,"horizontalPlacementVertex0":"FREE","verticalPlacementVertex0":"TOP","vertex1":8,"horizontalPlacementVertex1":"FREE","verticalPlacementVertex1":"FREE"}],"portPairings":[{"port0":6,"port1":11}],"properties":{},"reference":null},{"@id":261,"drawnFrame":false,"labelManager":{"labels":[],"mainLabel":null},"shape":null,"containedVertices":[13,26],"containedVertexGroups":[],"touchingPairs":[{"vertex0":13,"horizontalPlacementVertex0":"FREE","verticalPlacementVertex0":"TOP","vertex1":26,"horizontalPlacementVertex1":"FREE","verticalPlacementVertex1":"FREE"}],"portPairings":[{"port0":20,"port1":33},{"port0":16,"port1":29},{"port0":18,"port1":31},{"port0":22,"port1":35},{"port0":24,"port1":37}],"properties":{},"reference":null},{"@id":262,"drawnFrame":false,"labelManager":{"labels":[],"mainLabel":null},"shape":null,"containedVertices":[43,56],"containedVertexGroups":[],"touchingPairs":[{"vertex0":43,"horizontalPlacementVertex0":"FREE","verticalPlacementVertex0":"TOP","vertex1":56,"horizontalPlacementVertex1":"FREE","verticalPlacementVertex1":"FREE"}],"portPairings":[{"port0":48,"port1":61},{"port0":52,"port1":65},{"port0":46,"port1":59},{"port0":54,"port1":67},{"port0":50,"port1":63}],"properties":{},"reference":null},{"@id":263,"drawnFrame":false,"labelManager":{"labels":[],"mainLabel":null},"shape":null,"containedVertices":[81,92],"containedVertexGroups":[],"touchingPairs":[{"vertex0":81,"horizontalPlacementVertex0":"FREE","verticalPlacementVertex0":"TOP","vertex1":92,"horizontalPlacementVertex1":"FREE","verticalPlacementVertex1":"FREE"}],"portPairings":[{"port0":86,"port1":97},{"port0":84,"port1":95},{"port0":88,"port1":99}],"properties":{},"reference":null},{"@id":264,"drawnFrame":false,"labelManager":{"labels":[],"mainLabel":null},"shape":null,"containedVertices":[101,112],"containedVertexGroups":[],"touchingPairs":[{"vertex0":101,"horizontalPlacementVertex0":"FREE","verticalPlacementVertex0":"TOP","vertex1":112,"horizontalPlacementVertex1":"FREE","verticalPlacementVertex1":"FREE"}],"portPairings":[{"port0":106,"port1":117},{"port0":104,"port1":115},{"port0":108,"port1":119},{"port0":110,"port1":121}],"properties":{},"reference":null},{"@id":265,"drawnFrame":false,"labelManager":{"labels":[],"mainLabel":null},"shape":null,"containedVertices":[123,130],"containedVertexGroups":[],"touchingPairs":[{"vertex0":123,"horizontalPlacementVertex0":"FREE","verticalPlacementVertex0":"TOP","vertex1":130,"horizontalPlacementVertex1":"FREE","verticalPlacementVertex1":"FREE"}],"portPairings":[{"port0":128,"port1":135},{"port0":126,"port1":133}],"properties":{},"reference":null},{"@id":266,"drawnFrame":false,"labelManager":{"labels":[],"mainLabel":null},"shape":null,"containedVertices":[137,144],"containedVertexGroups":[],"touchingPairs":[{"vertex0":137,"horizontalPlacementVertex0":"FREE","verticalPlacementVertex0":"TOP","vertex1":144,"horizontalPlacementVertex1":"FREE","verticalPlacementVertex1":"FREE"}],"portPairings":[{"port0":140,"port1":147},{"port0":142,"port1":149}],"properties":{},"reference":null},{"@id":267,"drawnFrame":false,"labelManager":{"labels":[],"mainLabel":null},"shape":null,"containedVertices":[155,162],"containedVertexGroups":[],"touchingPairs":[{"vertex0":155,"horizontalPlacementVertex0":"FREE","verticalPlacementVertex0":"TOP","vertex1":162,"horizontalPlacementVertex1":"FREE","verticalPlacementVertex1":"FREE"}],"portPairings":[{"port0":160,"port1":167},{"port0":158,"port1":165}],"properties":{},"reference":null},{"@id":268,"drawnFrame":false,"labelManager":{"labels":[],"mainLabel":null},"shape":null,"containedVertices":[169,176],"containedVertexGroups":[],"touchingPairs":[{"vertex0":169,"horizontalPlacementVertex0":"FREE","verticalPlacementVertex0":"TOP","vertex1":176,"horizontalPlacementVertex1":"FREE","verticalPlacementVertex1":"FREE"}],"portPairings":[{"port0":172,"port1":179},{"port0":174,"port1":181}],"properties":{},"reference":null},{"@id":269,"drawnFrame":false,"labelManager":{"labels":[],"mainLabel":null},"shape":null,"containedVertices":[202,207],"containedVertexGroups":[],"touchingPairs":[{"vertex0":202,"horizontalPlacementVertex0":"FREE","verticalPlacementVertex0":"FREE","vertex1":207,"horizontalPlacementVertex1":"FREE","verticalPlacementVertex1":"FREE"}],"portPairings":[{"port0":205,"port1":210}],"properties":{},"reference":null},{"@id":270,"drawnFrame":false,"labelManager":{"labels":[],"mainLabel":null},"shape":null,"containedVertices":[212,219],"containedVertexGroups":[],"touchingPairs":[{"vertex0":212,"horizontalPlacementVertex0":"FREE","verticalPlacementVertex0":"FREE","vertex1":219,"horizontalPlacementVertex1":"FREE","verticalPlacementVertex1":"FREE"}],"portPairings":[{"port0":215,"port1":222},{"port0":217,"port1":224}],"properties":{},"reference":null},{"@id":271,"drawnFrame":false,"labelManager":{"labels":[],"mainLabel":null},"shape":null,"containedVertices":[226,231],"containedVertexGroups":[],"touchingPairs":[{"vertex0":226,"horizontalPlacementVertex0":"FREE","verticalPlacementVertex0":"FREE","vertex1":231,"horizontalPlacementVertex1":"FREE","verticalPlacementVertex1":"FREE"}],"portPairings":[{"port0":229,"port1":234}],"properties":{},"reference":null},{"@id":272,"drawnFrame":false,"labelManager":{"labels":[],"mainLabel":null},"shape":null,"containedVertices":[236,243],"containedVertexGroups":[],"touchingPairs":[{"vertex0":236,"horizontalPlacementVertex0":"FREE","verticalPlacementVertex0":"FREE","vertex1":243,"horizontalPlacementVertex1":"FREE","verticalPlacementVertex1":"FREE"}],"portPairings":[{"port0":239,"port1":246},{"port0":241,"port1":248}],"properties":{},"reference":null},{"@id":273,"drawnFrame":false,"labelManager":{"labels":[],"mainLabel":null},"shape":null,"containedVertices":[250,255],"containedVertexGroups":[],"touchingPairs":[{"vertex0":250,"horizontalPlacementVertex0":"FREE","verticalPlacementVertex0":"FREE","vertex1":255,"horizontalPlacementVertex1":"FREE","verticalPlacementVertex1":"FREE"}],"portPairings":[{"port0":253,"port1":258}],"properties":{},"reference":null}],"edges":[{"@id":274,"ports":[172,174,79],"labelManager":{"innerLabels":[{"type":"textLabel","@id":275,"inputText":"Gabriel","labelStyle":4,"shape":null,"layoutText":null}],"allPortLabels":[],"mainLabel":275},"pathStyle":{"@id":276,"description":"default path style","thickness":-1.0,"color":{"argb":"ff000000"}},"paths":[],"properties":{"id":"3b789ab239887c6f15fdf9031c2baf43"},"reference":null},{"@id":277,"ports":[167,115],"labelManager":{"innerLabels":[{"type":"textLabel","@id":278,"inputText":"Johannes","labelStyle":4,"shape":null,"layoutText":null}],"allPortLabels":[],"mainLabel":278},"pathStyle":276,"paths":[],"properties":{"id":"acd0bdc6c602b2557618521e8bd844b8"},"reference":null},{"@id":279,"ports":[153,149],"labelManager":{"innerLabels":[{"type":"textLabel","@id":280,"inputText":"Henry","labelStyle":4,"shape":null,"layoutText":null}],"allPortLabels":[],"mainLabel":280},"pathStyle":276,"paths":[],"properties":{"id":"0834d922749aa76d81d203e610f63abe"},"reference":null},{"@id":281,"ports":[35,61],"labelManager":{"innerLabels":[{"type":"textLabel","@id":282,"inputText":"Karl","labelStyle":4,"shape":null,"layoutText":null}],"allPortLabels":[],"mainLabel":282},"pathStyle":276,"paths":[],"properties":{"id":"cc31003042588d5bbf392beffcf07795"},"reference":null},{"@id":283,"ports":[95,119],"labelManager":{"innerLabels":[{"type":"textLabel","@id":284,"inputText":"Liam","labelStyle":4,"shape":null,"layoutText":null}],"allPortLabels":[],"mainLabel":284},"pathStyle":276,"paths":[],"properties":{"id":"11ba7539a4d919b118242323d1ce664c"},"reference":null},{"@id":285,"ports":[67,37],"labelManager":{"innerLabels":[{"type":"textLabel","@id":286,"inputText":"Oskar","labelStyle":4,"shape":null,"layoutText":null}],"allPortLabels":[],"mainLabel":286},"pathStyle":276,"paths":[],"properties":{"id":"0288361faae9fa8208f2b7d97b2efd71"},"reference":null},{"@id":287,"ports":[33,65],"labelManager":{"innerLabels":[{"type":"textLabel","@id":288,"inputText":"Florian","labelStyle":4,"shape":null,"layoutText":null}],"allPortLabels":[],"mainLabel":288},"pathStyle":276,"paths":[],"properties":{"id":"7c5d338df4a134a9659a16fc1155f906"},"reference":null},{"@id":289,"ports":[31,59],"labelManager":{"innerLabels":[{"type":"textLabel","@id":290,"inputText":"Samuel","labelStyle":4,"shape":null,"layoutText":null}],"allPortLabels":[],"mainLabel":290},"pathStyle":276,"paths":[],"properties":{"id":"967e8b5f59ab1f3b6c7508d1c6fb7e71"},"reference":null},{"@id":291,"ports":[179,147],"labelManager":{"innerLabels":[{"type":"textLabel","@id":292,"inputText":"Valentin","labelStyle":4,"shape":null,"layoutText":null}],"allPortLabels":[],"mainLabel":292},"pathStyle":276,"paths":[],"properties":{"id":"391ea43e0b3b58999796a177ddff9315"},"reference":null},{"@id":293,"ports":[11,63],"labelManager":{"innerLabels":[{"type":"textLabel","@id":294,"inputText":"Simon","labelStyle":4,"shape":null,"layoutText":null}],"allPortLabels":[],"mainLabel":294},"pathStyle":276,"paths":[],"properties":{"id":"d9e3e20394f7f2ea4b7257f426af000b"},"reference":null},{"@id":295,"ports":[153,6],"labelManager":{"innerLabels":[{"type":"textLabel","@id":296,"inputText":"Niklas","labelStyle":4,"shape":null,"layoutText":null}],"allPortLabels":[],"mainLabel":296},"pathStyle":276,"paths":[],"properties":{"id":"444bb398af520f5782bc2c57673ebedd"},"reference":null},{"@id":297,"ports":[200,75],"labelManager":{"innerLabels":[{"type":"textLabel","@id":298,"inputText":"Peter","labelStyle":91,"shape":null,"layoutText":null}],"allPortLabels":[],"mainLabel":298},"pathStyle":{"@id":299,"description":"default path style","thickness":-1.0,"color":{"argb":"ff000000"}},"paths":[],"properties":{},"reference":null},{"@id":300,"ports":[181,190],"labelManager":{"innerLabels":[{"type":"textLabel","@id":301,"inputText":"Can","labelStyle":91,"shape":null,"layoutText":null}],"allPortLabels":[],"mainLabel":301},"pathStyle":299,"paths":[],"properties":{},"reference":null},{"@id":302,"ports":[195,258],"labelManager":{"innerLabels":[{"type":"textLabel","@id":303,"inputText":"Christian","labelStyle":91,"shape":null,"layoutText":null}],"allPortLabels":[],"mainLabel":303},"pathStyle":299,"paths":[],"properties":{},"reference":null},{"@id":304,"ports":[200,71],"labelManager":{"innerLabels":[{"type":"textLabel","@id":305,"inputText":"Justus","labelStyle":91,"shape":null,"layoutText":null}],"allPortLabels":[],"mainLabel":305},"pathStyle":299,"paths":[],"properties":{},"reference":null},{"@id":306,"ports":[97,222],"labelManager":{"innerLabels":[{"type":"textLabel","@id":307,"inputText":"Ali","labelStyle":91,"shape":null,"layoutText":null}],"allPortLabels":[],"mainLabel":307},"pathStyle":299,"paths":[],"properties":{},"reference":null},{"@id":308,"ports":[248,29],"labelManager":{"innerLabels":[{"type":"textLabel","@id":309,"inputText":"Levi","labelStyle":91,"shape":null,"layoutText":null}],"allPortLabels":[],"mainLabel":309},"pathStyle":299,"paths":[],"properties":{},"reference":null},{"@id":310,"ports":[210,200],"labelManager":{"innerLabels":[{"type":"textLabel","@id":311,"inputText":"Tim","labelStyle":91,"shape":null,"layoutText":null}],"allPortLabels":[],"mainLabel":311},"pathStyle":299,"paths":[],"properties":{},"reference":null},{"@id":312,"ports":[205,195],"labelManager":{"innerLabels":[{"type":"textLabel","@id":313,"inputText":"Joel","labelStyle":91,"shape":null,"layoutText":null}],"allPortLabels":[],"mainLabel":313},"pathStyle":299,"paths":[],"properties":{},"reference":null},{"@id":314,"ports":[205,41],"labelManager":{"innerLabels":[{"type":"textLabel","@id":315,"inputText":"Theo","labelStyle":91,"shape":null,"layoutText":null}],"allPortLabels":[],"mainLabel":315},"pathStyle":299,"paths":[],"properties":{},"reference":null},{"@id":316,"ports":[185,246],"labelManager":{"innerLabels":[{"type":"textLabel","@id":317,"inputText":"Daniel","labelStyle":91,"shape":null,"layoutText":null}],"allPortLabels":[],"mainLabel":317},"pathStyle":299,"paths":[],"properties":{},"reference":null},{"@id":318,"ports":[185,108],"labelManager":{"innerLabels":[{"type":"textLabel","@id":319,"inputText":"Frederik","labelStyle":91,"shape":null,"layoutText":null}],"allPortLabels":[],"mainLabel":319},"pathStyle":299,"paths":[],"properties":{},"reference":null},{"@id":320,"ports":[205,126],"labelManager":{"innerLabels":[{"type":"textLabel","@id":321,"inputText":"Johann","labelStyle":91,"shape":null,"layoutText":null}],"allPortLabels":[],"mainLabel":321},"pathStyle":299,"paths":[],"properties":{},"reference":null},{"@id":322,"ports":[234,128],"labelManager":{"innerLabels":[{"type":"textLabel","@id":323,"inputText":"Mika","labelStyle":91,"shape":null,"layoutText":null}],"allPortLabels":[],"mainLabel":323},"pathStyle":299,"paths":[],"properties":{},"reference":null},{"@id":324,"ports":[165,234],"labelManager":{"innerLabels":[{"type":"textLabel","@id":325,"inputText":"Milan","labelStyle":91,"shape":null,"layoutText":null}],"allPortLabels":[],"mainLabel":325},"pathStyle":299,"paths":[],"properties":{},"reference":null},{"@id":326,"ports":[117,158,121],"labelManager":{"innerLabels":[{"type":"textLabel","@id":327,"inputText":"Ali","labelStyle":91,"shape":null,"layoutText":null}],"allPortLabels":[],"mainLabel":327},"pathStyle":299,"paths":[],"properties":{},"reference":null},{"@id":328,"ports":[110,106,224],"labelManager":{"innerLabels":[{"type":"textLabel","@id":329,"inputText":"Vincent","labelStyle":91,"shape":null,"layoutText":null}],"allPortLabels":[],"mainLabel":329},"pathStyle":299,"paths":[],"properties":{},"reference":null},{"@id":330,"ports":[217,160,117],"labelManager":{"innerLabels":[{"type":"textLabel","@id":331,"inputText":"Mika","labelStyle":91,"shape":null,"layoutText":null}],"allPortLabels":[],"mainLabel":331},"pathStyle":299,"paths":[],"properties":{},"reference":null}],"edgeBundles":[]}