{"vertices":[{"@id":1,"shape":{"type":"rect","xposition":"NaN","yposition":"NaN","width":"NaN","height":"NaN","shapeStyle":{"@id":2,"description":"default shape style","color":{"argb":"ff000000"}}},"labelManager":{"labels":[{"type":"textLabel","@id":3,"inputText":"Mats","labelStyle":{"@id":4,"description":"default text label style","font":{"fontName":"SansSerif","style":0,"size":10},"noBreak":false,"color":{"argb":"ff000000"},"showLabel":true,"placement":"FREE","horizontalPlacement":"FREE","verticalPlacement":"FREE"},"shape":null,"layoutText":null}],"mainLabel":3},"portCompositions":[{"type":"portGroup","@id":5,"ordered":false,"portCompositions":[{"type":"port","@id":6,"shape":{"type":"rect","xposition":"NaN","yposition":"NaN","width":"NaN","height":"NaN","shapeStyle":2},"labelManager":{"labels":[{"type":"textLabel","@id":7,"inputText":"3","labelStyle":4,"shape":null,"layoutText":null}],"mainLabel":7},"properties":{"id":"f18b65d1673e94929b6c266bb161759d"},"orientationAtVertex":"FREE","reference":null},{"type":"port","@id":8,"shape":{"type":"rect","xposition":"NaN","yposition":"NaN","width":"NaN","height":"NaN","shapeStyle":2},"labelManager":{"labels":[{"type":"textLabel","@id":9,"inputText":"2","labelStyle":4,"shape":null,"layoutText":null}],"mainLabel":9},"properties":{"id":"6947564b7fbefe8619c77373a35be0f0"},"orientationAtVertex":"FREE","reference":null},{"type":"port","@id":10,"shape":{"type":"rect","xposition":"NaN","yposition":"NaN","width":"NaN","height":"NaN","shapeStyle":{"@id":11,"description":"default shape style","color":{"argb":"ff000000"}}},"labelManager":{"labels":[{"type":"textLabel","@id":12,"inputText":"1","labelStyle":{"@id":13,"description":"default text label style","font":{"fontName":"SansSerif","style":0,"size":10},"noBreak":false,"color":{"argb":"ff000000"},"showLabel":true,"placement":"FREE","horizontalPlacement":"FREE","verticalPlacement":"FREE"},"shape":null,"layoutText":null}],"mainLabel":12},"properties":{},"orientationAtVertex":"FREE","reference":null}],"properties":{},"reference":null}],"properties":{"id":"6f0fbff47b7e39780613df8fd45376e3","type":"plug"},"reference":null},{"@id":14,"shape":{"type":"rect","xposition":"NaN","yposition":"NaN","width":"NaN","height":"NaN","shapeStyle":2},"labelManager":{"labels":[{"type":"textLabel","@id":15,"inputText":"Oskar","labelStyle":4,"shape":null,"layoutText":null}],"mainLabel":15},"portCompositions":[{"type":"portGroup","@id":16,"ordered":false,"portCompositions":[{"type":"port","@id":17,"shape":{"type":"rect","xposition":"NaN","yposition":"NaN","width":"NaN","height":"NaN","shapeStyle":2},"labelManager":{"labels":[{"type":"textLabel","@id":18,"inputText":"3","labelStyle":4,"shape":null,"layoutText":null}],"mainLabel":18},"properties":{"id":"ba24b363747ae8e4e102dc442fe92a40"},"orientationAtVertex":"FREE","reference":null},{"type":"port","@id":19,"shape":{"type":"rect","xposition":"NaN","yposition":"NaN","width":"NaN","height":"NaN","shapeStyle":2},"labelManager":{"labels":[{"type":"textLabel","@id":20,"inputText":"2","labelStyle":4,"shape":null,"layoutText":null}],"mainLabel":20},"properties":{"id":"799b4bd5d3167062a4a6eeb5f1922a18"},"orientationAtVertex":"FREE","reference":null},{"type":"port","@id":21,"shape":{"type":"rect","xposition":"NaN","yposition":"NaN","width":"NaN","height":"NaN","shapeStyle":11},"labelManager":{"labels":[{"type":"textLabel","@id":22,"inputText":"1","labelStyle":13,"shape":null,"layoutText":null}],"mainLabel":22},"properties":{},"orientationAtVertex":"FREE","reference":null}],"properties":{},"reference":null}],"properties":{"id":"8432e265b1a0e9a092eb55175309fc4b","type":"plug"},"reference":null},{"@id":23,"shape":{"type":"rect","xposition":"NaN","yposition":"NaN","width":"NaN","height":"NaN","shapeStyle":2},"labelManager":{"labels":[{"type":"textLabel","@id":24,"inputText":"Jonas","labelStyle":4,"shape":null,"layoutText":null}],"mainLabel":24},"portCompositions":[{"type":"portGroup","@id":25,"ordered":false,"portCompositions":[{"type":"port","@id":26,"shape":{"type":"rect","xposition":"NaN","yposition":"NaN","width":"NaN","height":"NaN","shapeStyle":2},"labelManager":{"labels":[{"type":"textLabel","@id":27,"inputText":"4","labelStyle":4,"shape":null,"layoutText":null}],"mainLabel":27},"properties":{"id":"a6705ae5a79587ddf643f961f6b2d81d"},"orientationAtVertex":"FREE","reference":null},{"type":"port","@id":28,"shape":{"type":"rect","xposition":"NaN","yposition":"NaN","width":"NaN","height":"NaN","shapeStyle":2},"labelManager":{"labels":[{"type":"textLabel","@id":29,"inputText":"3","labelStyle":4,"shape":null,"layoutText":null}],"mainLabel":29},"properties":{"id":"86d0d1e1145d97770519334de9f8c3d8"},"orientationAtVertex":"FREE","reference":null},{"type":"port","@id":30,"shape":{"type":"rect","xposition":"NaN","yposition":"NaN","width":"NaN","height":"NaN","shapeStyle":11},"labelManager":{"labels":[{"type":"textLabel","@id":31,"inputText":"5","labelStyle":13,"shape":null,"layoutText":null}],"mainLabel":31},"properties":{},"orientationAtVertex":"FREE","reference":null},{"type":"port","@id":32,"shape":{"type":"rect","xposition":"NaN","yposition":"NaN","width":"NaN","height":"NaN","shapeStyle":11},"labelManager":{"labels":[{"type":"textLabel","@id":33,"inputText":"1","labelStyle":13,"shape":null,"layoutText":null}],"mainLabel":33},"properties":{},"orientationAtVertex":"FREE","reference":null},{"type":"port","@id":34,"shape":{"type":"rect","xposition":"NaN","yposition":"NaN","width":"NaN","height":"NaN","shapeStyle":11},"labelManager":{"labels":[{"type":"textLabel","@id":35,"inputText":"2","labelStyle":13,"shape":null,"layoutText":null}],"mainLabel":35},"properties":{},"orientationAtVertex":"FREE","reference":null}],"properties":{},"reference":null}],"properties":{"id":"7976c68c5c65c7da8b449e15822364a0","type":"device"},"reference":null},{"@id":36,"shape":{"type":"rect","xposition":"NaN","yposition":"NaN","width":"NaN","height":"NaN","shapeStyle":2},"labelManager":{"labels":[{"type":"textLabel","@id":37,"inputText":"Philipp","labelStyle":4,"shape":null,"layoutText":null}],"mainLabel":37},"portCompositions":[{"type":"portGroup","@id":38,"ordered":false,"portCompositions":[{"type":"port","@id":39,"shape":{"type":"rect","xposition":"NaN","yposition":"NaN","width":"NaN","height":"NaN","shapeStyle":2},"labelManager":{"labels":[{"type":"textLabel","@id":40,"inputText":"4","labelStyle":4,"shape":null,"layoutText":null}],"mainLabel":40},"properties":{"id":"c0db4a0e353fd6dd18370704406f1f2d"},"orientationAtVertex":"FREE","reference":null},{"type":"port","@id":41,"shape":{"type":"rect","xposition":"NaN","yposition":"NaN","width":"NaN","height":"NaN","shapeStyle":2},"labelManager":{"labels":[{"type":"textLabel","@id":42,"inputText":"3","labelStyle":4,"shape":null,"layoutText":null}],"mainLabel":42},"properties":{"id":"23f61b9cd25bbbfba5a9e4595901ec53"},"orientationAtVertex":"FREE","reference":null}],"properties":{},"reference":null}],"properties":{"id":"3141e487206c42c1541a130e9760c649","type":"socket"},"reference":null},{"@id":43,"shape":{"type":"rect","xposition":"NaN","yposition":"NaN","width":"NaN","height":"NaN","shapeStyle":2},"labelManager":{"labels":[{"type":"textLabel","@id":44,"inputText":"Moritz","labelStyle":4,"shape":null,"layoutText":null}],"mainLabel":44},"portCompositions":[{"type":"portGroup","@id":45,"ordered":false,"portCompositions":[{"type":"port","@id":46,"shape":{"type":"rect","xposition":"NaN","yposition":"NaN","width":"NaN","height":"NaN","shapeStyle":2},"labelManager":{"labels":[{"type":"textLabel","@id":47,"inputText":"2","labelStyle":4,"shape":null,"layoutText":null}],"mainLabel":47},"properties":{"id":"2669f29d33745b9a0638b09f363289fd"},"orientationAtVertex":"FREE","reference":null},{"type":"port","@id":48,"shape":{"type":"rect","xposition":"NaN","yposition":"NaN","width":"NaN","height":"NaN","shapeStyle":2},"labelManager":{"labels":[{"type":"textLabel","@id":49,"inputText":"1","labelStyle":4,"shape":null,"layoutText":null}],"mainLabel":49},"properties":{"id":"29f08640a09890a9867178f997973567"},"orientationAtVertex":"FREE","reference":null}],"properties":{},"reference":null}],"properties":{"id":"f1fd0b132290fdafe433f9283635be60","type":"plug"},"reference":null},{"@id":50,"shape":{"type":"rect","xposition":"NaN","yposition":"NaN","width":"NaN","height":"NaN","shapeStyle":2},"labelManager":{"labels":[{"type":"textLabel","@id":51,"inputText":"Luca","labelStyle":4,"shape":null,"layoutText":null}],"mainLabel":51},"portCompositions":[{"type":"portGroup","@id":52,"ordered":false,"portCompositions":[{"type":"port","@id":53,"shape":{"type":"rect","xposition":"NaN","yposition":"NaN","width":"NaN","height":"NaN","shapeStyle":2},"labelManager":{"labels":[{"type":"textLabel","@id":54,"inputText":"2","labelStyle":4,"shape":null,"layoutText":null}],"mainLabel":54},"properties":{"id":"aec604db3bd5aa478e69369435274ce3"},"orientationAtVertex":"FREE","reference":null},{"type":"port","@id":55,"shape":{"type":"rect","xposition":"NaN","yposition":"NaN","width":"NaN","height":"NaN","shapeStyle":2},"labelManager":{"labels":[{"type":"textLabel","@id":56,"inputText":"1","labelStyle":4,"shape":null,"layoutText":null}],"mainLabel":56},"properties":{"id":"4fe03398f245e8ddf127c32f396d6843"},"orientationAtVertex":"FREE","reference":null}],"properties":{},"reference":null}],"properties":{"id":"6059938596c0ffd1151ee36d07fb9d9d","type":"plug"},"reference":null},{"@id":57,"shape":{"type":"rect","xposition":"NaN","yposition":"NaN","width":"NaN","height":"NaN","shapeStyle":2},"labelManager":{"labels":[{"type":"textLabel","@id":58,"inputText":"Anton","labelStyle":4,"shape":null,"layoutText":null}],"mainLabel":58},"portCompositions":[{"type":"port","@id":59,"shape":{"type":"rect","xposition":"NaN","yposition":"NaN","width":"NaN","height":"NaN","shapeStyle":2},"labelManager":{"labels":[{"type":"textLabel","@id":60,"inputText":"1","labelStyle":4,"shape":null,"layoutText":null}],"mainLabel":60},"properties":{"id":"0f7ef58aa135ccb4997f30997e0f5cbc"},"orientationAtVertex":"FREE","reference":null}],"properties":{"id":"e7f3ab5e96e65061b84d1729f6df568a","type":"splice"},"reference":null},{"@id":61,"shape":{"type":"rect","xposition":"NaN","yposition":"NaN","width":"NaN","height":"NaN","shapeStyle":2},"labelManager":{"labels":[{"type":"textLabel","@id":62,"inputText":"David","labelStyle":4,"shape":null,"layoutText":null}],"mainLabel":62},"portCompositions":[{"type":"portGroup","@id":63,"ordered":false,"portCompositions":[{"type":"port","@id":64,"shape":{"type":"rect","xposition":"NaN","yposition":"NaN","width":"NaN","height":"NaN","shapeStyle":2},"labelManager":{"labels":[{"type":"textLabel","@id":65,"inputText":"1","labelStyle":4,"shape":null,"layoutText":null}],"mainLabel":65},"properties":{"id":"ed11861e3b66cb9e72655844b5c63457"},"orientationAtVertex":"FREE","reference":null},{"type":"port","@id":66,"shape":{"type":"rect","xposition":"NaN","yposition":"NaN","width":"NaN","height":"NaN","shapeStyle":2},"labelManager":{"labels":[{"type":"textLabel","@id":67,"inputText":"2","labelStyle":4,"shape":null,"layoutText":null}],"mainLabel":67},"properties":{"id":"f26c1ff233dee2472d6cc95f0101a35a"},"orientationAtVertex":"FREE","reference":null}],"properties":{},"reference":null}],"properties":{"id":"bc24b591f9520ef2774361e7567f17c1","type":"plug"},"reference":null},{"@id":68,"shape":{"type":"rect","xposition":"NaN","yposition":"NaN","width":"NaN","height":"NaN","shapeStyle":2},"labelManager":{"labels":[{"type":"textLabel","@id":69,"inputText":"Christian","labelStyle":4,"shape":null,"layoutText":null}],"mainLabel":69},"portCompositions":[{"type":"portGroup","@id":70,"ordered":false,"portCompositions":[{"type":"port","@id":71,"shape":{"type":"rect","xposition":"NaN","yposition":"NaN","width":"NaN","height":"NaN","shapeStyle":2},"labelManager":{"labels":[{"type":"textLabel","@id":72,"inputText":"1","labelStyle":4,"shape":null,"layoutText":null}],"mainLabel":72},"properties":{"id":"da2850f99477b0caaaf36e6c0f7696be"},"orientationAtVertex":"FREE","reference":null},{"type":"port","@id":73,"shape":{"type":"rect","xposition":"NaN","yposition":"NaN","width":"NaN","height":"NaN","shapeStyle":2},"labelManager":{"labels":[{"type":"textLabel","@id":74,"inputText":"2","labelStyle":4,"shape":null,"layoutText":null}],"mainLabel":74},"properties":{"id":"c268410dfe53ed9f11c67c6784f49311"},"orientationAtVertex":"FREE","reference":null}],"properties":{},"reference":null}],"properties":{"id":"f97d325259f1ec3a19b5144805a52932","type":"plug"},"reference":null},{"@id":75,"shape":{"type":"rect","xposition":"NaN","yposition":"NaN","width":"NaN","height":"NaN","shapeStyle":2},"labelManager":{"labels":[{"type":"textLabel","@id":76,"inputText":"Julian","labelStyle":4,"shape":null,"layoutText":null}],"mainLabel":76},"portCompositions":[{"type":"port","@id":77,"shape":{"type":"rect","xposition":"NaN","yposition":"NaN","width":"NaN","height":"NaN","shapeStyle":2},"labelManager":{"labels":[{"type":"textLabel","@id":78,"inputText":"1","labelStyle":4,"shape":null,"layoutText":null}],"mainLabel":78},"properties":{"id":"1805d298b306cb6c5d0abc56e6f8e4e0"},"orientationAtVertex":"FREE","reference":null}],"properties":{"id":"28e364a343a7ada166d4a3bf3e33ed77","type":"splice"},"reference":null},{"@id":79,"shape":{"type":"rect","xposition":"NaN","yposition":"NaN","width":"NaN","height":"NaN","shapeStyle":2},"labelManager":{"labels":[{"type":"textLabel","@id":80,"inputText":"Henri","labelStyle":4,"shape":null,"layoutText":null}],"mainLabel":80},"portCompositions":[{"type":"port","@id":81,"shape":{"type":"rect","xposition":"NaN","yposition":"NaN","width":"NaN","height":"NaN","shapeStyle":2},"labelManager":{"labels":[{"type":"textLabel","@id":82,"inputText":"1","labelStyle":4,"shape":null,"layoutText":null}],"mainLabel":82},"properties":{"id":"ecce61c829b804010402d7d0d6256352"},"orientationAtVertex":"FREE","reference":null}],"properties":{"id":"a4f0dd80ee5fc47099a586c7699fb16e","type":"splice"},"reference":null},{"@id":83,"shape":{"type":"rect","xposition":"NaN","yposition":"NaN","width":"NaN","height":"NaN","shapeStyle":2},"labelManager":{"labels":[{"type":"textLabel","@id":84,"inputText":"Ali","labelStyle":4,"shape":null,"layoutText":null}],"mainLabel":84},"portCompositions":[{"type":"portGroup","@id":85,"ordered":false,"portCompositions":[{"type":"port","@id":86,"shape":{"type":"rect","xposition":"NaN","yposition":"NaN","width":"NaN","height":"NaN","shapeStyle":2},"labelManager":{"labels":[{"type":"textLabel","@id":87,"inputText":"2","labelStyle":4,"shape":null,"layoutText":null}],"mainLabel":87},"properties":{"id":"bfee7db3f21c99c71fab8da7b7676cb9"},"orientationAtVertex":"FREE","reference":null},{"type":"port","@id":88,"shape":{"type":"rect","xposition":"NaN","yposition":"NaN","width":"NaN","height":"NaN","shapeStyle":2},"labelManager":{"labels":[{"type":"textLabel","@id":89,"inputText":"3","labelStyle":4,"shape":null,"layoutText":null}],"mainLabel":89},"properties":{"id":"0dc348f7d161c95ec8e61385c6d3d2af"},"orientationAtVertex":"FREE","reference":null},{"type":"port","@id":90,"shape":{"type":"rect","xposition":"NaN","yposition":"NaN","width":"NaN","height":"NaN","shapeStyle":2},"labelManager":{"labels":[{"type":"textLabel","@id":91,"inputText":"1","labelStyle":4,"shape":null,"layoutText":null}],"mainLabel":91},"properties":{"id":"200e802dccbea38e31502cb3b4dc9597"},"orientationAtVertex":"FREE","reference":null}],"properties":{},"reference":null}],"properties":{"id":"158395e5184dee7a526a57445b0a7d5b","type":"plug"},"reference":null},{"@id":92,"shape":{"type":"rect","xposition":"NaN","yposition":"NaN","width":"NaN","height":"NaN","shapeStyle":2},"labelManager":{"labels":[{"type":"textLabel","@id":93,"inputText":"Alexander","labelStyle":4,"shape":null,"layoutText":null}],"mainLabel":93},"portCompositions":[{"type":"portGroup","@id":94,"ordered":false,"portCompositions":[{"type":"port","@id":95,"shape":{"type":"rect","xposition":"NaN","yposition":"NaN","width":"NaN","height":"NaN","shapeStyle":2},"labelManager":{"labels":[{"type":"textLabel","@id":96,"inputText":"2","labelStyle":4,"shape":null,"layoutText":null}],"mainLabel":96},"properties":{"id":"d4cd58a50cbc376bc2070a32bd90ddb4"},"orientationAtVertex":"FREE","reference":null},{"type":"port","@id":97,"shape":{"type":"rect","xposition":"NaN","yposition":"NaN","width":"NaN","height":"NaN","shapeStyle":2},"labelManager":{"labels":[{"type":"textLabel","@id":98,"inputText":"3","labelStyle":4,"shape":null,"layoutText":null}],"mainLabel":98},"properties":{"id":"4b51293ceb6add3444e0a1a9e6e1a786"},"orientationAtVertex":"FREE","reference":null},{"type":"port","@id":99,"shape":{"type":"rect","xposition":"NaN","yposition":"NaN","width":"NaN","height":"NaN","shapeStyle":2},"labelManager":{"labels":[{"type":"textLabel","@id":100,"inputText":"1","labelStyle":4,"shape":null,"layoutText":null}],"mainLabel":100},"properties":{"id":"772a557f9b5b9db9848a509dba193a5e"},"orientationAtVertex":"FREE","reference":null}],"properties":{},"reference":null}],"properties":{"id":"0fd09c80a5eb8eacbb9b560d10051ee0","type":"plug"},"reference":null},{"@id":101,"shape":{"type":"rect","xposition":"NaN","yposition":"NaN","width":"NaN","height":"NaN","shapeStyle":2},"labelManager":{"labels":[{"type":"textLabel","@id":102,"inputText":"Tom","labelStyle":4,"shape":null,"layoutText":null}],"mainLabel":102},"portCompositions":[{"type":"portGroup","@id":103,"ordered":false,"portCompositions":[{"type":"port","@id":104,"shape":{"type":"rect","xposition":"NaN","yposition":"NaN","width":"NaN","height":"NaN","shapeStyle":2},"labelManager":{"labels":[{"type":"textLabel","@id":105,"inputText":"1","labelStyle":4,"shape":null,"layoutText":null}],"mainLabel":105},"properties":{"id":"f080ae2895e55953a237ada701d7a994"},"orientationAtVertex":"FREE","reference":null},{"type":"port","@id":106,"shape":{"type":"rect","xposition":"NaN","yposition":"NaN","width":"NaN","height":"NaN","shapeStyle":2},"labelManager":{"labels":[{"type":"textLabel","@id":107,"inputText":"3","labelStyle":4,"shape":null,"layoutText":null}],"mainLabel":107},"properties":{"id":"503f560c0ef5c174e8545907d5adc249"},"orientationAtVertex":"FREE","reference":null},{"type":"port","@id":108,"shape":{"type":"rect","xposition":"NaN","yposition":"NaN","width":"NaN","height":"NaN","shapeStyle":2},"labelManager":{"labels":[{"type":"textLabel","@id":109,"inputText":"2","labelStyle":4,"shape":null,"layoutText":null}],"mainLabel":109},"properties":{"id":"c10d382dcdd17e979a975707deb2fc7b"},"orientationAtVertex":"FREE","reference":null}],"properties":{},"reference":null},{"type":"portGroup","@id":110,"ordered":false,"portCompositions":[],"properties":{},"reference":null}],"properties":{"id":"75282b55f12c8779a935cae70e9642c1","type":"device"},"reference":null},{"@id":111,"shape":{"type":"rect","xposition":"NaN","yposition":"NaN","width":"NaN","height":"NaN","shapeStyle":2},"labelManager":{"labels":[{"type":"textLabel","@id":112,"inputText":"Levi","labelStyle":4,"shape":null,"layoutText":null}],"mainLabel":112},"portCompositions":[{"type":"portGroup","@id":113,"ordered":false,"portCompositions":[{"type":"port","@id":114,"shape":{"type":"rect","xposition":"NaN","yposition":"NaN","width":"NaN","height":"NaN","shapeStyle":2},"labelManager":{"labels":[{"type":"textLabel","@id":115,"inputText":"1","labelStyle":4,"shape":null,"layoutText":null}],"mainLabel":115},"properties":{"id":"a21b852a992cd18ffbc49e211585ff29"},"orientationAtVertex":"FREE","reference":null},{"type":"port","@id":116,"shape":{"type":"rect","xposition":"NaN","yposition":"NaN","width":"NaN","height":"NaN","shapeStyle":2},"labelManager":{"labels":[{"type":"textLabel","@id":117,"inputText":"3","labelStyle":4,"shape":null,"layoutText":null}],"mainLabel":117},"properties":{"id":"fb7e9ed27293b85b5076ee35f584cf35"},"orientationAtVertex":"FREE","reference":null},{"type":"port","@id":118,"shape":{"type":"rect","xposition":"NaN","yposition":"NaN","width":"NaN","height":"NaN","shapeStyle":2},"labelManager":{"labels":[{"type":"textLabel","@id":119,"inputText":"2","labelStyle":4,"shape":null,"layoutText":null}],"mainLabel":119},"properties":{"id":"4207a0c1e9f0548dd8831076a825d4b2"},"orientationAtVertex":"FREE","reference":null}],"properties":{},"reference":null}],"properties":{"id":"11189549cf7d7bd523253a5dba3d7b5d","type":"socket"},"reference":null},{"@id":120,"shape":{"type":"rect","xposition":"NaN","yposition":"NaN","width":"NaN","height":"NaN","shapeStyle":2},"labelManager":{"labels":[{"type":"textLabel","@id":121,"inputText":"Emil","labelStyle":4,"shape":null,"layoutText":null}],"mainLabel":121},"portCompositions":[{"type":"portGroup","@id":122,"ordered":false,"portCompositions":[{"type":"port","@id":123,"shape":{"type":"rect","xposition":"NaN","yposition":"NaN","width":"NaN","height":"NaN","shapeStyle":2},"labelManager":{"labels":[{"type":"textLabel","@id":124,"inputText":"2","labelStyle":4,"shape":null,"layoutText":null}],"mainLabel":124},"properties":{"id":"b0fe5c3727225795a9c6fc7f65b45ad8"},"orientationAtVertex":"FREE","reference":null},{"type":"port","@id":125,"shape":{"type":"rect","xposition":"NaN","yposition":"NaN","width":"NaN","height":"NaN","shapeStyle":2},"labelManager":{"labels":[{"type":"textLabel","@id":126,"inputText":"1","labelStyle":4,"shape":null,"layoutText":null}],"mainLabel":126},"properties":{"id":"34b686d35e1fcd20261ac900d409b68d"},"orientationAtVertex":"FREE","reference":null}],"properties":{},"reference":null}],"properties":{"id":"1a5b97ccef6db24858c2d75b5d031c27","type":"plug"},"reference":null},{"@id":127,"shape":{"type":"rect","xposition":"NaN","yposition":"NaN","width":"NaN","height":"NaN","shapeStyle":2},"labelManager":{"labels":[{"type":"textLabel","@id":128,"inputText":"Luis","labelStyle":4,"shape":null,"layoutText":null}],"mainLabel":128},"portCompositions":[{"type":"portGroup","@id":129,"ordered":false,"portCompositions":[{"type":"port","@id":130,"shape":{"type":"rect","xposition":"NaN","yposition":"NaN","width":"NaN","height":"NaN","shapeStyle":2},"labelManager":{"labels":[{"type":"textLabel","@id":131,"inputText":"2","labelStyle":4,"shape":null,"layoutText":null}],"mainLabel":131},"properties":{"id":"b8025983048665ba406dd36c9b98c444"},"orientationAtVertex":"FREE","reference":null},{"type":"port","@id":132,"shape":{"type":"rect","xposition":"NaN","yposition":"NaN","width":"NaN","height":"NaN","shapeStyle":2},"labelManager":{"labels":[{"type":"textLabel","@id":133,"inputText":"1","labelStyle":4,"shape":null,"layoutText":null}],"mainLabel":133},"properties":{"id":"3e9d45c134b77ea98a2ab0cadd672813"},"orientationAtVertex":"FREE","reference":null}],"properties":{},"reference":null}],"properties":{"id":"2d590046ab479e55de7c3d38623d3730","type":"plug"},"reference":null},{"@id":134,"shape":{"type":"rect","xposition":"NaN","yposition":"NaN","width":"NaN","height":"NaN","shapeStyle":2},"labelManager":{"labels":[{"type":"textLabel","@id":135,"inputText":"Johannes","labelStyle":4,"shape":null,"layoutText":null}],"mainLabel":135},"portCompositions":[{"type":"port","@id":136,"shape":{"type":"rect","xposition":"NaN","yposition":"NaN","width":"NaN","height":"NaN","shapeStyle":2},"labelManager":{"labels":[{"type":"textLabel","@id":137,"inputText":"1","labelStyle":4,"shape":null,"layoutText":null}],"mainLabel":137},"properties":{"id":"8442c1091d452450d4ad3dbd04875e49"},"orientationAtVertex":"FREE","reference":null}],"properties":{"id":"bcceb10f45623b58e527ba99570dd941","type":"splice"},"reference":null},{"@id":138,"shape":{"type":"rect","xposition":"NaN","yposition":"NaN","width":"NaN","height":"NaN","shapeStyle":2},"labelManager":{"labels":[{"type":"textLabel","@id":139,"inputText":"Ben","labelStyle":4,"shape":null,"layoutText":null}],"mainLabel":139},"portCompositions":[{"type":"portGroup","@id":140,"ordered":false,"portCompositions":[{"type":"port","@id":141,"shape":{"type":"rect","xposition":"NaN","yposition":"NaN","width":"NaN","height":"NaN","shapeStyle":2},"labelManager":{"labels":[{"type":"textLabel","@id":142,"inputText":"5","labelStyle":4,"shape":null,"layoutText":null}],"mainLabel":142},"properties":{"id":"25daa1fa937fd9049eb2c1ffceae82bc"},"orientationAtVertex":"FREE","reference":null},{"type":"port","@id":143,"shape":{"type":"rect","xposition":"NaN","yposition":"NaN","width":"NaN","height":"NaN","shapeStyle":2},"labelManager":{"labels":[{"type":"textLabel","@id":144,"inputText":"3","labelStyle":4,"shape":null,"layoutText":null}],"mainLabel":144},"properties":{"id":"7c36f636406447e64f2a4a6b29bd947f"},"orientationAtVertex":"FREE","reference":null},{"type":"port","@id":145,"shape":{"type":"rect","xposition":"NaN","yposition":"NaN","width":"NaN","height":"NaN","shapeStyle":2},"labelManager":{"labels":[{"type":"textLabel","@id":146,"inputText":"2","labelStyle":4,"shape":null,"layoutText":null}],"mainLabel":146},"properties":{"id":"e1a499b2602c593e8e17816bdfdb3162"},"orientationAtVertex":"FREE","reference":null},{"type":"port","@id":147,"shape":{"type":"rect","xposition":"NaN","yposition":"NaN","width":"NaN","height":"NaN","shapeStyle":11},"labelManager":{"labels":[{"type":"textLabel","@id":148,"inputText":"1","labelStyle":13,"shape":null,"layoutText":null}],"mainLabel":148},"properties":{},"orientationAtVertex":"FREE","reference":null}],"properties":{},"reference":null},{"type":"portGroup","@id":149,"ordered":false,"portCompositions":[{"type":"port","@id":150,"shape":{"type":"rect","xposition":"NaN","yposition":"NaN","width":"NaN","height":"NaN","shapeStyle":2},"labelManager":{"labels":[{"type":"textLabel","@id":151,"inputText":"4","labelStyle":4,"shape":null,"layoutText":null}],"mainLabel":151},"properties":{"id":"22063a69b15cdb47c3db66c45923105f"},"orientationAtVertex":"FREE","reference":null}],"properties":{},"reference":null}],"properties":{"id":"7502ea5f0829fa97403c7a83c9571070","type":"device"},"reference":null},{"@id":152,"shape":{"type":"rect","xposition":"NaN","yposition":"NaN","width":"NaN","height":"NaN","shapeStyle":2},"labelManager":{"labels":[{"type":"textLabel","@id":153,"inputText":"Louis","labelStyle":4,"shape":null,"layoutText":null}],"mainLabel":153},"portCompositions":[{"type":"portGroup","@id":154,"ordered":false,"portCompositions":[{"type":"port","@id":155,"shape":{"type":"rect","xposition":"NaN","yposition":"NaN","width":"NaN","height":"NaN","shapeStyle":2},"labelManager":{"labels":[{"type":"textLabel","@id":156,"inputText":"5","labelStyle":4,"shape":null,"layoutText":null}],"mainLabel":156},"properties":{"id":"579a178b9ba076a159154736d74446ae"},"orientationAtVertex":"FREE","reference":null},{"type":"port","@id":157,"shape":{"type":"rect","xposition":"NaN","yposition":"NaN","width":"NaN","height":"NaN","shapeStyle":2},"labelManager":{"labels":[{"type":"textLabel","@id":158,"inputText":"3","labelStyle":4,"shape":null,"layoutText":null}],"mainLabel":158},"properties":{"id":"1d2ba9820f8f4074e04b65a7af9ca9c5"},"orientationAtVertex":"FREE","reference":null},{"type":"port","@id":159,"shape":{"type":"rect","xposition":"NaN","yposition":"NaN","width":"NaN","height":"NaN","shapeStyle":2},"labelManager":{"labels":[{"type":"textLabel","@id":160,"inputText":"2","labelStyle":4,"shape":null,"layoutText":null}],"mainLabel":160},"properties":{"id":"9e776e30a9c5fd7b06168cea33ebe5de"},"orientationAtVertex":"FREE","reference":null},{"type":"port","@id":161,"shape":{"type":"rect","xposition":"NaN","yposition":"NaN","width":"NaN","height":"NaN","shapeStyle":11},"labelManager":{"labels":[{"type":"textLabel","@id":162,"inputText":"1","labelStyle":13,"shape":null,"layoutText":null}],"mainLabel":162},"properties":{},"orientationAtVertex":"FREE","reference":null}],"properties":{},"reference":null}],"properties":{"id":"468e003879cf9dc2227dc39928823c46","type":"socket"},"reference":null},{"@id":163,"shape":{"type":"rect","xposition":"NaN","yposition":"NaN","width":"NaN","height":"NaN","shapeStyle":2},"labelManager":{"labels":[{"type":"textLabel","@id":164,"inputText":"Tim","labelStyle":4,"shape":null,"layoutText":null}],"mainLabel":164},"portCompositions":[{"type":"portGroup","@id":165,"ordered":false,"portCompositions":[{"type":"port","@id":166,"shape":{"type":"rect","xposition":"NaN","yposition":"NaN","width":"NaN","height":"NaN","shapeStyle":2},"labelManager":{"labels":[{"type":"textLabel","@id":167,"inputText":"4","labelStyle":4,"shape":null,"layoutText":null}],"mainLabel":167},"properties":{"id":"4b9aca6676f1759f64a66aecf0391b4e"},"orientationAtVertex":"FREE","reference":null}],"properties":{},"reference":null}],"properties":{"id":"7bf253cb97ae8e75565dc16bba43eb09","type":"socket"},"reference":null},{"@id":168,"shape":{"type":"rect","xposition":"NaN","yposition":"NaN","width":"NaN","height":"NaN","shapeStyle":2},"labelManager":{"labels":[{"type":"textLabel","@id":169,"inputText":"Valentin","labelStyle":4,"shape":null,"layoutText":null}],"mainLabel":169},"portCompositions":[{"type":"portGroup","@id":170,"ordered":false,"portCompositions":[{"type":"port","@id":171,"shape":{"type":"rect","xposition":"NaN","yposition":"NaN","width":"NaN","height":"NaN","shapeStyle":2},"labelManager":{"labels":[{"type":"textLabel","@id":172,"inputText":"1","labelStyle":4,"shape":null,"layoutText":null}],"mainLabel":172},"properties":{"id":"c3a654a7fef82682c454989abe70a54c"},"orientationAtVertex":"FREE","reference":null}],"properties":{},"reference":null}],"properties":{"id":"19b5a9bf7fa789a5d6bfa08e17f5c792","type":"plug"},"reference":null},{"@id":173,"shape":{"type":"rect","xposition":"NaN","yposition":"NaN","width":"NaN","height":"NaN","shapeStyle":2},"labelManager":{"labels":[{"type":"textLabel","@id":174,"inputText":"Finn","labelStyle":4,"shape":null,"layoutText":null}],"mainLabel":174},"portCompositions":[{"type":"portGroup","@id":175,"ordered":false,"portCompositions":[{"type":"port","@id":176,"shape":{"type":"rect","xposition":"NaN","yposition":"NaN","width":"NaN","height":"NaN","shapeStyle":2},"labelManager":{"labels":[{"type":"textLabel","@id":177,"inputText":"1","labelStyle":4,"shape":null,"layoutText":null}],"mainLabel":177},"properties":{"id":"3b0df993e74444bf7276a75e8581b909"},"orientationAtVertex":"FREE","reference":null}],"properties":{},"reference":null}],"properties":{"id":"5f48a4727e3fe7ca7ce7736cbfac855d","type":"plug"},"reference":null},{"@id":178,"shape":{"type":"rect","xposition":"NaN","yposition":"NaN","width":"NaN","height":"NaN","shapeStyle":2},"labelManager":{"labels":[{"type":"textLabel","@id":179,"inputText":"Benjamin","labelStyle":4,"shape":null,"layoutText":null}],"mainLabel":179},"portCompositions":[{"type":"port","@id":180,"shape":{"type":"rect","xposition":"NaN","yposition":"NaN","width":"NaN","height":"NaN","shapeStyle":2},"labelManager":{"labels":[{"type":"textLabel","@id":181,"inputText":"1","labelStyle":4,"shape":null,"layoutText":null}],"mainLabel":181},"properties":{"id":"ac9b15034a40f2a3baa78c13d6309ae0"},"orientationAtVertex":"FREE","reference":null}],"properties":{"id":"4316e803c9a30e7dba8ce2943fc399a0","type":"splice"},"reference":null},{"@id":182,"shape":{"type":"rect","xposition":"NaN","yposition":"NaN","width":"NaN","height":"NaN","shapeStyle":2},"labelManager":{"labels":[{"type":"textLabel","@id":183,"inputText":"Felix","labelStyle":4,"shape":null,"layoutText":null}],"mainLabel":183},"portCompositions":[{"type":"portGroup","@id":184,"ordered":false,"portCompositions":[{"type":"port","@id":185,"shape":{"type":"rect","xposition":"NaN","yposition":"NaN","width":"NaN","height":"NaN","shapeStyle":2},"labelManager":{"labels":[{"type":"textLabel","@id":186,"inputText":"4","labelStyle":4,"shape":null,"layoutText":null}],"mainLabel":186},"properties":{"id":"ca777fe6b375ed9e50f3aca4f414d834"},"orientationAtVertex":"FREE","reference":null},{"type":"port","@id":187,"shape":{"type":"rect","xposition":"NaN","yposition":"NaN","width":"NaN","height":"NaN","shapeStyle":2},"labelManager":{"labels":[{"type":"textLabel","@id":188,"inputText":"3","labelStyle":4,"shape":null,"layoutText":null}],"mainLabel":188},"properties":{"id":"003a6eb1c024c0cb5834cc4ca7fedd5f"},"orientationAtVertex":"FREE","reference":null},{"type":"port","@id":189,"shape":{"type":"rect","xposition":"NaN","yposition":"NaN","width":"NaN","height":"NaN","shapeStyle":2},"labelManager":{"labels":[{"type":"textLabel","@id":190,"inputText":"1","labelStyle":4,"shape":null,"layoutText":null}],"mainLabel":190},"properties":{"id":"72045d32946e96da94b3c06c26a86ad9"},"orientationAtVertex":"FREE","reference":null},{"type":"port","@id":191,"shape":{"type":"rect","xposition":"NaN","yposition":"NaN","width":"NaN","height":"NaN","shapeStyle":11},"labelManager":{"labels":[{"type":"textLabel","@id":192,"inputText":"2","labelStyle":13,"shape":null,"layoutText":null}],"mainLabel":192},"properties":{},"orientationAtVertex":"FREE","reference":null}],"properties":{},"reference":null}],"properties":{"id":"bbee57fa6c7e09c97556a3ccdd11769a","type":"plug"},"reference":null},{"@id":193,"shape":{"type":"rect","xposition":"NaN","yposition":"NaN","width":"NaN","height":"NaN","shapeStyle":2},"labelManager":{"labels":[{"type":"textLabel","@id":194,"inputText":"Peter","labelStyle":4,"shape":null,"layoutText":null}],"mainLabel":194},"portCompositions":[{"type":"portGroup","@id":195,"ordered":false,"portCompositions":[{"type":"port","@id":196,"shape":{"type":"rect","xposition":"NaN","yposition":"NaN","width":"NaN","height":"NaN","shapeStyle":2},"labelManager":{"labels":[{"type":"textLabel","@id":197,"inputText":"4","labelStyle":4,"shape":null,"layoutText":null}],"mainLabel":197},"properties":{"id":"0a63eeb28f1af821777a13d6963c517d"},"orientationAtVertex":"FREE","reference":null},{"type":"port","@id":198,"shape":{"type":"rect","xposition":"NaN","yposition":"NaN","width":"NaN","height":"NaN","shapeStyle":2},"labelManager":{"labels":[{"type":"textLabel","@id":199,"inputText":"3","labelStyle":4,"shape":null,"layoutText":null}],"mainLabel":199},"properties":{"id":"c323f047f5addaf9ccd97374531f5b2a"},"orientationAtVertex":"FREE","reference":null},{"type":"port","@id":200,"shape":{"type":"rect","xposition":"NaN","yposition":"NaN","width":"NaN","height":"NaN","shapeStyle":2},"labelManager":{"labels":[{"type":"textLabel","@id":201,"inputText":"1","labelStyle":4,"shape":null,"layoutText":null}],"mainLabel":201},"properties":{"id":"2fd55ed418454109dd41e930216d136f"},"orientationAtVertex":"FREE","reference":null},{"type":"port","@id":202,"shape":{"type":"rect","xposition":"NaN","yposition":"NaN","width":"NaN","height":"NaN","shapeStyle":11},"labelManager":{"labels":[{"type":"textLabel","@id":203,"inputText":"2","labelStyle":13,"shape":null,"layoutText":null}],"mainLabel":203},"properties":{},"orientationAtVertex":"FREE","reference":null}],"properties":{},"reference":null}],"properties":{"id":"0ae461c2796a594c8b068e572ec6e3f8","type":"plug"},"reference":null},{"@id":204,"shape":{"type":"rect","xposition":"NaN","yposition":"NaN","width":"NaN","height":"NaN","shapeStyle":2},"labelManager":{"labels":[{"type":"textLabel","@id":205,"inputText":"Simon","labelStyle":4,"shape":null,"layoutText":null}],"mainLabel":205},"portCompositions":[{"type":"port","@id":206,"shape":{"type":"rect","xposition":"NaN","yposition":"NaN","width":"NaN","height":"NaN","shapeStyle":2},"labelManager":{"labels":[{"type":"textLabel","@id":207,"inputText":"1","labelStyle":4,"shape":null,"layoutText":null}],"mainLabel":207},"properties":{"id":"865e034c68af41862dba22fab6cfd1c1"},"orientationAtVertex":"FREE","reference":null}],"properties":{"id":"e946c07078e0d42776ef32459d81a104","type":"splice"},"reference":null},{"@id":208,"shape":{"type":"rect","xposition":"NaN","yposition":"NaN","width":"NaN","height":"NaN","shapeStyle":2},"labelManager":{"labels":[{"type":"textLabel","@id":209,"inputText":"Lukas","labelStyle":4,"shape":null,"layoutText":null}],"mainLabel":209},"portCompositions":[{"type":"portGroup","@id":210,"ordered":false,"portCompositions":[{"type":"port","@id":211,"shape":{"type":"rect","xposition":"NaN","yposition":"NaN","width":"NaN","height":"NaN","shapeStyle":2},"labelManager":{"labels":[{"type":"textLabel","@id":212,"inputText":"1","labelStyle":4,"shape":null,"layoutText":null}],"mainLabel":212},"properties":{"id":"6a10fa23ccebb8d7e4901a4a551ed891"},"orientationAtVertex":"FREE","reference":null},{"type":"port","@id":213,"shape":{"type":"rect","xposition":"NaN","yposition":"NaN","width":"NaN","height":"NaN","shapeStyle":2},"labelManager":{"labels":[{"type":"textLabel","@id":214,"inputText":"2","labelStyle":4,"shape":null,"layoutText":null}],"mainLabel":214},"properties":{"id":"1e0c61928c3f69e193f0c77faa86276f"},"orientationAtVertex":"FREE","reference":null}],"properties":{},"reference":null}],"properties":{"id":"f05c8de7932162d67af624cba14ba81e","type":"plug"},"reference":null},{"@id":215,"shape":{"type":"rect","xposition":"NaN","yposition":"NaN","width":"NaN","height":"NaN","shapeStyle":2},"labelManager":{"labels":[{"type":"textLabel","@id":216,"inputText":"Frederik","labelStyle":4,"shape":null,"layoutText":null}],"mainLabel":216},"portCompositions":[{"type":"portGroup","@id":217,"ordered":false,"portCompositions":[{"type":"port","@id":218,"shape":{"type":"rect","xposition":"NaN","yposition":"NaN","width":"NaN","height":"NaN","shapeStyle":2},"labelManager":{"labels":[{"type":"textLabel","@id":219,"inputText":"1","labelStyle":4,"shape":null,"layoutText":null}],"mainLabel":219},"properties":{"id":"41cd5b3e1b374f59c6c81c9a4f6085c8"},"orientationAtVertex":"FREE","reference":null},{"type":"port","@id":220,"shape":{"type":"rect","xposition":"NaN","yposition":"NaN","width":"NaN","height":"NaN","shapeStyle":2},"labelManager":{"labels":[{"type":"textLabel","@id":221,"inputText":"2","labelStyle":4,"shape":null,"layoutText":null}],"mainLabel":221},"properties":{"id":"1be1542f7cf3686be03b5a1f3c4bbaf8"},"orientationAtVertex":"FREE","reference":null}],"properties":{},"reference":null}],"properties":{"id":"4dda66c7f7ba4c115cf59cd5923bce04","type":"plug"},"reference":null},{"@id":222,"shape":{"type":"rect","xposition":"NaN","yposition":"NaN","width":"NaN","height":"NaN","shapeStyle":2},"labelManager":{"labels":[{"type":"textLabel","@id":223,"inputText":"Liam","labelStyle":4,"shape":null,"layoutText":null}],"mainLabel":223},"portCompositions":[{"type":"portGroup","@id":224,"ordered":false,"portCompositions":[{"type":"port","@id":225,"shape":{"type":"rect","xposition":"NaN","yposition":"NaN","width":"NaN","height":"NaN","shapeStyle":2},"labelManager":{"labels":[{"type":"textLabel","@id":226,"inputText":"1","labelStyle":4,"shape":null,"layoutText":null}],"mainLabel":226},"properties":{"id":"3515fda803a93287174bf2e0ad34053c"},"orientationAtVertex":"FREE","reference":null},{"type":"port","@id":227,"shape":{"type":"rect","xposition":"NaN","yposition":"NaN","width":"NaN","height":"NaN","shapeStyle":2},"labelManager":{"labels":[{"type":"textLabel","@id":228,"inputText":"2","labelStyle":4,"shape":null,"layoutText":null}],"mainLabel":228},"properties":{"id":"dcfe60c5fd2d0f8e4c4989366afd1c7f"},"orientationAtVertex":"FREE","reference":null},{"type":"port","@id":229,"shape":{"type":"rect","xposition":"NaN","yposition":"NaN","width":"NaN","height":"NaN","shapeStyle":2},"labelManager":{"labels":[{"type":"textLabel","@id":230,"inputText":"3","labelStyle":4,"shape":null,"layoutText":null}],"mainLabel":230},"properties":{"id":"27afd1305acb73dde18c830afbcacad5"},"orientationAtVertex":"FREE","reference":null}],"properties":{},"reference":null}],"properties":{"id":"13035e45482c6ffd7a05577d6ed7b1cc","type":"plug"},"reference":null},{"@id":231,"shape":{"type":"rect","xposition":"NaN","yposition":"NaN","width":"NaN","height":"NaN","shapeStyle":2},"labelManager":{"labels":[{"type":"textLabel","@id":232,"inputText":"Gabriel","labelStyle":4,"shape":null,"layoutText":null}],"mainLabel":232},"portCompositions":[{"type":"portGroup","@id":233,"ordered":false,"portCompositions":[{"type":"port","@id":234,"shape":{"type":"rect","xposition":"NaN","yposition":"NaN","width":"NaN","height":"NaN","shapeStyle":2},"labelManager":{"labels":[{"type":"textLabel","@id":235,"inputText":"1","labelStyle":4,"shape":null,"layoutText":null}],"mainLabel":235},"properties":{"id":"e09ef37a7d2099acf6402c3ec9cb4e52"},"orientationAtVertex":"FREE","reference":null},{"type":"port","@id":236,"shape":{"type":"rect","xposition":"NaN","yposition":"NaN","width":"NaN","height":"NaN","shapeStyle":2},"labelManager":{"labels":[{"type":"textLabel","@id":237,"inputText":"2","labelStyle":4,"shape":null,"layoutText":null}],"mainLabel":237},"properties":{"id":"90e36b5f2809c703a91220508e786b12"},"orientationAtVertex":"FREE","reference":null},{"type":"port","@id":238,"shape":{"type":"rect","xposition":"NaN","yposition":"NaN","width":"NaN","height":"NaN","shapeStyle":2},"labelManager":{"labels":[{"type":"textLabel","@id":239,"inputText":"3","labelStyle":4,"shape":null,"layoutText":null}],"mainLabel":239},"properties":{"id":"07d3d43ca2653bcf4dc1e4981ab76813"},"orientationAtVertex":"FREE","reference":null}],"properties":{},"reference":null}],"properties":{"id":"f9be8af871edb59b4a49480d3c1e8231","type":"plug"},"reference":null},{"@id":240,"shape":{"type":"rect","xposition":"NaN","yposition":"NaN","width":"NaN","height":"NaN","shapeStyle":2},"labelManager":{"labels":[{"type":"textLabel","@id":241,"inputText":"Elias","labelStyle":4,"shape":null,"layoutText":null}],"mainLabel":241},"portCompositions":[{"type":"portGroup","@id":242,"ordered":false,"portCompositions":[{"type":"port","@id":243,"shape":{"type":"rect","xposition":"NaN","yposition":"NaN","width":"NaN","height":"NaN","shapeStyle":2},"labelManager":{"labels":[{"type":"textLabel","@id":244,"inputText":"2","labelStyle":4,"shape":null,"layoutText":null}],"mainLabel":244},"properties":{"id":"5ddb60dc3788207f13deb6d943d71caa"},"orientationAtVertex":"FREE","reference":null},{"type":"port","@id":245,"shape":{"type":"rect","xposition":"NaN","yposition":"NaN","width":"NaN","height":"NaN","shapeStyle":2},"labelManager":{"labels":[{"type":"textLabel","@id":246,"inputText":"3","labelStyle":4,"shape":null,"layoutText":null}],"mainLabel":246},"properties":{"id":"d7d60a7af455bf95c73bbeae1c14fdfa"},"orientationAtVertex":"FREE","reference":null},{"type":"port","@id":247,"shape":{"type":"rect","xposition":"NaN","yposition":"NaN","width":"NaN","height":"NaN","shapeStyle":2},"labelManager":{"labels":[{"type":"textLabel","@id":248,"inputText":"1","labelStyle":4,"shape":null,"layoutText":null}],"mainLabel":248},"properties":{"id":"5ff6822a0c2e87dfe02006f2088c651c"},"orientationAtVertex":"FREE","reference":null}],"properties":{},"reference":null}],"properties":{"id":"c7b3e0027d6e30867a82cd7a276b8846","type":"plug"},"reference":null},{"@id":249,"shape":{"type":"rect","xposition":"NaN","yposition":"NaN","width":"NaN","height":"NaN","shapeStyle":2},"labelManager":{"labels":[{"type":"textLabel","@id":250,"inputText":"Jan","labelStyle":4,"shape":null,"layoutText":null}],"mainLabel":250},"portCompositions":[{"type":"portGroup","@id":251,"ordered":false,"portCompositions":[{"type":"port","@id":252,"shape":{"type":"rect","xposition":"NaN","yposition":"NaN","width":"NaN","height":"NaN","shapeStyle":2},"labelManager":{"labels":[{"type":"textLabel","@id":253,"inputText":"2","labelStyle":4,"shape":null,"layoutText":null}],"mainLabel":253},"properties":{"id":"8bc820c696ffc290e36e47dc426e92a9"},"orientationAtVertex":"FREE","reference":null},{"type":"port","@id":254,"shape":{"type":"rect","xposition":"NaN","yposition":"NaN","width":"NaN","height":"NaN","shapeStyle":2},"labelManager":{"labels":[{"type":"textLabel","@id":255,"inputText":"3","labelStyle":4,"shape":null,"layoutText":null}],"mainLabel":255},"properties":{"id":"714c93008992d722ae9aa1bb434d0300"},"orientationAtVertex":"FREE","reference":null},{"type":"port","@id":256,"shape":{"type":"rect","xposition":"NaN","yposition":"NaN","width":"NaN","height":"NaN","shapeStyle":2},"labelManager":{"labels":[{"type":"textLabel","@id":257,"inputText":"1","labelStyle":4,"shape":null,"layoutText":null}],"mainLabel":257},"properties":{"id":"b4b766192761bf02730cbadb1c18fa38"},"orientationAtVertex":"FREE","reference":null}],"properties":{},"reference":null}],"properties":{"id":"76fbcbb2435cacbe7fef4e0a207afd07","type":"plug"},"reference":null},{"@id":258,"shape":{"type":"rect","xposition":"NaN","yposition":"NaN","width":"NaN","height":"NaN","shapeStyle":2},"labelManager":{"labels":[{"type":"textLabel","@id":259,"inputText":"Maximilian","labelStyle":4,"shape":null,"layoutText":null}],"mainLabel":259},"portCompositions":[{"type":"portGroup","@id":260,"ordered":false,"portCompositions":[{"type":"port","@id":261,"shape":{"type":"rect","xposition":"NaN","yposition":"NaN","width":"NaN","height":"NaN","shapeStyle":2},"labelManager":{"labels":[{"type":"textLabel","@id":262,"inputText":"2","labelStyle":4,"shape":null,"layoutText":null}],"mainLabel":262},"properties":{"id":"a48102f2f3aa9d237ea233f9303163b3"},"orientationAtVertex":"FREE","reference":null},{"type":"port","@id":263,"shape":{"type":"rect","xposition":"NaN","yposition":"NaN","width":"NaN","height":"NaN","shapeStyle":2},"labelManager":{"labels":[{"type":"textLabel","@id":264,"inputText":"1","labelStyle":4,"shape":null,"layoutText":null}],"mainLabel":264},"properties":{"id":"a22c9a7eb969297a2a276c30eab54a5f"},"orientationAtVertex":"FREE","reference":null}],"properties":{},"reference":null}],"properties":{"id":"b6a48b38284cebda3fe21675bae6e4ec","type":"plug"},"reference":null},{"@id":265,"shape":{"type":"rect","xposition":"NaN","yposition":"NaN","width":"NaN","height":"NaN","shapeStyle":2},"labelManager":{"labels":[{"type":"textLabel","@id":266,"inputText":"Max","labelStyle":4,"shape":null,"layoutText":null}],"mainLabel":266},"portCompositions":[{"type":"portGroup","@id":267,"ordered":false,"portCompositions":[{"type":"port","@id":268,"shape":{"type":"rect","xposition":"NaN","yposition":"NaN","width":"NaN","height":"NaN","shapeStyle":2},"labelManager":{"labels":[{"type":"textLabel","@id":269,"inputText":"2","labelStyle":4,"shape":null,"layoutText":null}],"mainLabel":269},"properties":{"id":"3832d4d963d989ca3381cdcd2e0dc6ca"},"orientationAtVertex":"FREE","reference":null},{"type":"port","@id":270,"shape":{"type":"rect","xposition":"NaN","yposition":"NaN","width":"NaN","height":"NaN","shapeStyle":2},"labelManager":{"labels":[{"type":"textLabel","@id":271,"inputText":"1","labelStyle":4,"shape":null,"layoutText":null}],"mainLabel":271},"properties":{"id":"8567775673c72d939414a561ea58e356"},"orientationAtVertex":"FREE","reference":null}],"properties":{},"reference":null}],"properties":{"id":"f3bb93742f9befdfcec1f72faf7b3418","type":"plug"},"reference":null},{"@id":272,"shape":{"type":"rect","xposition":"NaN","yposition":"NaN","width":"NaN","height":"NaN","shapeStyle":2},"labelManager":{"labels":[{"type":"textLabel","@id":273,"inputText":"Jonathan","labelStyle":4,"shape":null,"layoutText":null}],"mainLabel":273},"portCompositions":[{"type":"port","@id":274,"shape":{"type":"rect","xposition":"NaN","yposition":"NaN","width":"NaN","height":"NaN","shapeStyle":2},"labelManager":{"labels":[{"type":"textLabel","@id":275,"inputText":"1","labelStyle":4,"shape":null,"layoutText":null}],"mainLabel":275},"properties":{"id":"ebdee32e075e30b348f53becc04bb2bc"},"orientationAtVertex":"FREE","reference":null}],"properties":{"id":"1c6366150a4a8d70fa261dcb499358b1","type":"splice"},"reference":null},{"@id":276,"shape":{"type":"rect","xposition":"NaN","yposition":"NaN","width":"NaN","height":"NaN","shapeStyle":2},"labelManager":{"labels":[{"type":"textLabel","@id":277,"inputText":"Julius","labelStyle":4,"shape":null,"layoutText":null}],"mainLabel":277},"portCompositions":[{"type":"port","@id":278,"shape":{"type":"rect","xposition":"NaN","yposition":"NaN","width":"NaN","height":"NaN","shapeStyle":2},"labelManager":{"labels":[{"type":"textLabel","@id":279,"inputText":"1","labelStyle":4,"shape":null,"layoutText":null}],"mainLabel":279},"properties":{"id":"4ce08d451ee222efa50961af3e2a1541"},"orientationAtVertex":"FREE","reference":null}],"properties":{"id":"bf784262bd7b116ce17eb5b17f5799c1","type":"splice"},"reference":null},{"@id":280,"shape":{"type":"rect","xposition":"NaN","yposition":"NaN","width":"NaN","height":"NaN","shapeStyle":2},"labelManager":{"labels":[{"type":"textLabel","@id":281,"inputText":"Joel","labelStyle":4,"shape":null,"layoutText":null}],"mainLabel":281},"portCompositions":[{"type":"portGroup","@id":282,"ordered":false,"portCompositions":[{"type":"port","@id":283,"shape":{"type":"rect","xposition":"NaN","yposition":"NaN","width":"NaN","height":"NaN","shapeStyle":2},"labelManager":{"labels":[{"type":"textLabel","@id":284,"inputText":"2","labelStyle":4,"shape":null,"layoutText":null}],"mainLabel":284},"properties":{"id":"d78f411ac659e40305490d164a2f99c1"},"orientationAtVertex":"FREE","reference":null},{"type":"port","@id":285,"shape":{"type":"rect","xposition":"NaN","yposition":"NaN","width":"NaN","height":"NaN","shapeStyle":2},"labelManager":{"labels":[{"type":"textLabel","@id":286,"inputText":"4","labelStyle":4,"shape":null,"layoutText":null}],"mainLabel":286},"properties":{"id":"b35f990adc1bd3e5d505f084d63f5d7b"},"orientationAtVertex":"FREE","reference":null},{"type":"port","@id":287,"shape":{"type":"rect","xposition":"NaN","yposition":"NaN","width":"NaN","height":"NaN","shapeStyle":2},"labelManager":{"labels":[{"type":"textLabel","@id":288,"inputText":"1","labelStyle":4,"shape":null,"layoutText":null}],"mainLabel":288},"properties":{"id":"e991a506fb89c5bfd23e976c56c66a34"},"orientationAtVertex":"FREE","reference":null},{"type":"port","@id":289,"shape":{"type":"rect","xposition":"NaN","yposition":"NaN","width":"NaN","height":"NaN","shapeStyle":11},"labelManager":{"labels":[{"type":"textLabel","@id":290,"inputText":"3","labelStyle":13,"shape":null,"layoutText":null}],"mainLabel":290},"properties":{},"orientationAtVertex":"FREE","reference":null}],"properties":{},"reference":null}],"properties":{"id":"ce0fa7c240a660ad247b0b9dbdfc4b0f","type":"device"},"reference":null},{"@id":291,"shape":{"type":"rect","xposition":"NaN","yposition":"NaN","width":"NaN","height":"NaN","shapeStyle":2},"labelManager":{"labels":[{"type":"textLabel","@id":292,"inputText":"Jakob","labelStyle":4,"shape":null,"layoutText":null}],"mainLabel":292},"portCompositions":[{"type":"portGroup","@id":293,"ordered":false,"portCompositions":[{"type":"port","@id":294,"shape":{"type":"rect","xposition":"NaN","yposition":"NaN","width":"NaN","height":"NaN","shapeStyle":2},"labelManager":{"labels":[{"type":"textLabel","@id":295,"inputText":"2","labelStyle":4,"shape":null,"layoutText":null}],"mainLabel":295},"properties":{"id":"c9527101c76f69188b8b1b9b5d0b793f"},"orientationAtVertex":"FREE","reference":null},{"type":"port","@id":296,"shape":{"type":"rect","xposition":"NaN","yposition":"NaN","width":"NaN","height":"NaN","shapeStyle":2},"labelManager":{"labels":[{"type":"textLabel","@id":297,"inputText":"4","labelStyle":4,"shape":null,"layoutText":null}],"mainLabel":297},"properties":{"id":"660a9675f597db500251a945ef928974"},"orientationAtVertex":"FREE","reference":null},{"type":"port","@id":298,"shape":{"type":"rect","xposition":"NaN","yposition":"NaN","width":"NaN","height":"NaN","shapeStyle":2},"labelManager":{"labels":[{"type":"textLabel","@id":299,"inputText":"1","labelStyle":4,"shape":null,"layoutText":null}],"mainLabel":299},"properties":{"id":"f83afd38befd7b6a362a24944350208e"},"orientationAtVertex":"FREE","reference":null},{"type":"port","@id":300,"shape":{"type":"rect","xposition":"NaN","yposition":"NaN","width":"NaN","height":"NaN","shapeStyle":11},"labelManager":{"labels":[{"type":"textLabel","@id":301,"inputText":"3","labelStyle":13,"shape":null,"layoutText":null}],"mainLabel":301},"properties":{},"orientationAtVertex":"FREE","reference":null}],"properties":{},"reference":null}],"properties":{"id":"a9b2dbb5462a7e7f09b42d0cba52e533","type":"socket"},"reference":null},{"@id":302,"shape":{"type":"rect","xposition":"NaN","yposition":"NaN","width":"NaN","height":"NaN","shapeStyle":2},"labelManager":{"labels":[{"type":"textLabel","@id":303,"inputText":"Muhammed","labelStyle":4,"shape":null,"layoutText":null}],"mainLabel":303},"portCompositions":[{"type":"port","@id":304,"shape":{"type":"rect","xposition":"NaN","yposition":"NaN","width":"NaN","height":"NaN","shapeStyle":2},"labelManager":{"labels":[{"type":"textLabel","@id":305,"inputText":"1","labelStyle":4,"shape":null,"layoutText":null}],"mainLabel":305},"properties":{"id":"4a67517eaf60f648858737dc6dff5fbc"},"orientationAtVertex":"FREE","reference":null}],"properties":{"id":"b409cac99dd39eac66c659aee29c58ac","type":"splice"},"reference":null},{"@id":306,"shape":{"type":"rect","xposition":"NaN","yposition":"NaN","width":"NaN","height":"NaN","shapeStyle":2},"labelManager":{"labels":[{"type":"textLabel","@id":307,"inputText":"Samuel","labelStyle":4,"shape":null,"layoutText":null}],"mainLabel":307},"portCompositions":[{"type":"portGroup","@id":308,"ordered":false,"portCompositions":[{"type":"port","@id":309,"shape":{"type":"rect","xposition":"NaN","yposition":"NaN","width":"NaN","height":"NaN","shapeStyle":2},"labelManager":{"labels":[{"type":"textLabel","@id":310,"inputText":"3","labelStyle":4,"shape":null,"layoutText":null}],"mainLabel":310},"properties":{"id":"5f694105fcbeb4ad0123e6e5ff335fb9"},"orientationAtVertex":"FREE","reference":null},{"type":"port","@id":311,"shape":{"type":"rect","xposition":"NaN","yposition":"NaN","width":"NaN","height":"NaN","shapeStyle":2},"labelManager":{"labels":[{"type":"textLabel","@id":312,"inputText":"1","labelStyle":4,"shape":null,"layoutText":null}],"mainLabel":312},"properties":{"id":"d38b9b68f78ff275c138f6c781e31b06"},"orientationAtVertex":"FREE","reference":null},{"type":"port","@id":313,"shape":{"type":"rect","xposition":"NaN","yposition":"NaN","width":"NaN","height":"NaN","shapeStyle":2},"labelManager":{"labels":[{"type":"textLabel","@id":314,"inputText":"4","labelStyle":4,"shape":null,"layoutText":null}],"mainLabel":314},"properties":{"id":"56bdf6fad645eb7382d18a6531ede6a2"},"orientationAtVertex":"FREE","reference":null},{"type":"port","@id":315,"shape":{"type":"rect","xposition":"NaN","yposition":"NaN","width":"NaN","height":"NaN","shapeStyle":2},"labelManager":{"labels":[{"type":"textLabel","@id":316,"inputText":"2","labelStyle":4,"shape":null,"layoutText":null}],"mainLabel":316},"properties":{"id":"b0c54a89e9a37e8715d829263eccddc0"},"orientationAtVertex":"FREE","reference":null}],"properties":{},"reference":null}],"properties":{"id":"45dc3af17ef4b6f1a29115d0774f89aa","type":"plug"},"reference":null},{"@id":317,"shape":{"type":"rect","xposition":"NaN","yposition":"NaN","width":"NaN","height":"NaN","shapeStyle":2},"labelManager":{"labels":[{"type":"textLabel","@id":318,"inputText":"Leon","labelStyle":4,"shape":null,"layoutText":null}],"mainLabel":318},"portCompositions":[{"type":"portGroup","@id":319,"ordered":false,"portCompositions":[{"type":"port","@id":320,"shape":{"type":"rect","xposition":"NaN","yposition":"NaN","width":"NaN","height":"NaN","shapeStyle":2},"labelManager":{"labels":[{"type":"textLabel","@id":321,"inputText":"3","labelStyle":4,"shape":null,"layoutText":null}],"mainLabel":321},"properties":{"id":"e2ac91c97a85ba826414445705cbcc1f"},"orientationAtVertex":"FREE","reference":null},{"type":"port","@id":322,"shape":{"type":"rect","xposition":"NaN","yposition":"NaN","width":"NaN","height":"NaN","shapeStyle":2},"labelManager":{"labels":[{"type":"textLabel","@id":323,"inputText":"1","labelStyle":4,"shape":null,"layoutText":null}],"mainLabel":323},"properties":{"id":"1e0af190e25d9989d1bffa6adac4c3c7"},"orientationAtVertex":"FREE","reference":null},{"type":"port","@id":324,"shape":{"type":"rect","xposition":"NaN","yposition":"NaN","width":"NaN","height":"NaN","shapeStyle":2},"labelManager":{"labels":[{"type":"textLabel","@id":325,"inputText":"4","labelStyle":4,"shape":null,"layoutText":null}],"mainLabel":325},"properties":{"id":"8dd4306dc58bcf8eab0a95409e963173"},"orientationAtVertex":"FREE","reference":null},{"type":"port","@id":326,"shape":{"type":"rect","xposition":"NaN","yposition":"NaN","width":"NaN","height":"NaN","shapeStyle":2},"labelManager":{"labels":[{"type":"textLabel","@id":327,"inputText":"2","labelStyle":4,"shape":null,"layoutText":null}],"mainLabel":327},"properties":{"id":"1d4c2f9046d788de90f1194fb94f9fbe"},"orientationAtVertex":"FREE","reference":null}],"properties":{},"reference":null}],"properties":{"id":"e35557c9dc240876cb99cfc1071cd0b6","type":"plug"},"reference":null},{"@id":328,"shape":{"type":"rect","xposition":"NaN","yposition":"NaN","width":"NaN","height":"NaN","shapeStyle":2},"labelManager":{"labels":[{"type":"textLabel","@id":329,"inputText":"Leonard","labelStyle":4,"shape":null,"layoutText":null}],"mainLabel":329},"portCompositions":[{"type":"port","@id":330,"shape":{"type":"rect","xposition":"NaN","yposition":"NaN","width":"NaN","height":"NaN","shapeStyle":2},"labelManager":{"labels":[{"type":"textLabel","@id":331,"inputText":"1","labelStyle":4,"shape":null,"layoutText":null}],"mainLabel":331},"properties":{"id":"ed2a8aa3232d937e0acc9a9eea17c69b"},"orientationAtVertex":"FREE","reference":null}],"properties":{"id":"aba1d3b3e7561fab07c4d919e9b1e476","type":"splice"},"reference":null},{"@id":332,"shape":{"type":"rect","xposition":"NaN","yposition":"NaN","width":"NaN","height":"NaN","shapeStyle":2},"labelManager":{"labels":[{"type":"textLabel","@id":333,"inputText":"Leo","labelStyle":4,"shape":null,"layoutText":null}],"mainLabel":333},"portCompositions":[{"type":"port","@id":334,"shape":{"type":"rect","xposition":"NaN","yposition":"NaN","width":"NaN","height":"NaN","shapeStyle":2},"labelManager":{"labels":[{"type":"textLabel","@id":335,"inputText":"1","labelStyle":4,"shape":null,"layoutText":null}],"mainLabel":335},"properties":{"id":"111c9a728b7c1a16c8cea5df0e1c05a9"},"orientationAtVertex":"FREE","reference":null}],"properties":{"id":"a70c3756c311d10a1e8040f3da6cebb1","type":"splice"},"reference":null},{"@id":336,"shape":{"type":"rect","xposition":"NaN","yposition":"NaN","width":"NaN","height":"NaN","shapeStyle":2},"labelManager":{"labels":[{"type":"textLabel","@id":337,"inputText":"Niklas","labelStyle":4,"shape":null,"layoutText":null}],"mainLabel":337},"portCompositions":[{"type":"port","@id":338,"shape":{"type":"rect","xposition":"NaN","yposition":"NaN","width":"NaN","height":"NaN","shapeStyle":2},"labelManager":{"labels":[{"type":"textLabel","@id":339,"inputText":"1","labelStyle":4,"shape":null,"layoutText":null}],"mainLabel":339},"properties":{"id":"acd8167fae6f3a7dae4df33f3b1b84cd"},"orientationAtVertex":"FREE","reference":null}],"properties":{"id":"f5883ba725234dcd2e544dd68e045fdf","type":"splice"},"reference":null},{"@id":340,"shape":{"type":"rect","xposition":"NaN","yposition":"NaN","width":"NaN","height":"NaN","shapeStyle":2},"labelManager":{"labels":[{"type":"textLabel","@id":341,"inputText":"Henry","labelStyle":4,"shape":null,"layoutText":null}],"mainLabel":341},"portCompositions":[{"type":"port","@id":342,"shape":{"type":"rect","xposition":"NaN","yposition":"NaN","width":"NaN","height":"NaN","shapeStyle":2},"labelManager":{"labels":[{"type":"textLabel","@id":343,"inputText":"1","labelStyle":4,"shape":null,"layoutText":null}],"mainLabel":343},"properties":{"id":"01616aaa450745d8ec4775b2407ca442"},"orientationAtVertex":"FREE","reference":null}],"properties":{"id":"35846d9a5204c12ae74240b9be0ec9dc","type":"splice"},"reference":null},{"@id":344,"shape":null,"labelManager":{"labels":[{"type":"textLabel","@id":345,"inputText":"Michael","labelStyle":13,"shape":null,"layoutText":null}],"mainLabel":345},"portCompositions":[{"type":"portGroup","@id":346,"ordered":false,"portCompositions":[{"type":"port","@id":347,"shape":{"type":"rect","xposition":"NaN","yposition":"NaN","width":"NaN","height":"NaN","shapeStyle":11},"labelManager":{"labels":[{"type":"textLabel","@id":348,"inputText":"1","labelStyle":13,"shape":null,"layoutText":null}],"mainLabel":348},"properties":{},"orientationAtVertex":"FREE","reference":null}],"properties":{},"reference":null}],"properties":{},"reference":null},{"@id":349,"shape":null,"labelManager":{"labels":[{"type":"textLabel","@id":350,"inputText":"Noah","labelStyle":13,"shape":null,"layoutText":null}],"mainLabel":350},"portCompositions":[{"type":"portGroup","@id":351,"ordered":false,"portCompositions":[{"type":"port","@id":352,"shape":{"type":"rect","xposition":"NaN","yposition":"NaN","width":"NaN","height":"NaN","shapeStyle":11},"labelManager":{"labels":[{"type":"textLabel","@id":353,"inputText":"1","labelStyle":13,"shape":null,"layoutText":null}],"mainLabel":353},"properties":{},"orientationAtVertex":"FREE","reference":null}],"properties":{},"reference":null}],"properties":{},"reference":null},{"@id":354,"shape":null,"labelManager":{"labels":[{"type":"textLabel","@id":355,"inputText":"Karl","labelStyle":13,"shape":null,"layoutText":null}],"mainLabel":355},"portCompositions":[{"type":"portGroup","@id":356,"ordered":false,"portCompositions":[{"type":"port","@id":357,"shape":{"type":"rect","xposition":"NaN","yposition":"NaN","width":"NaN","height":"NaN","shapeStyle":11},"labelManager":{"labels":[{"type":"textLabel","@id":358,"inputText":"1","labelStyle":13,"shape":null,"layoutText":null}],"mainLabel":358},"properties":{},"orientationAtVertex":"FREE","reference":null}],"properties":{},"reference":null}],"properties":{},"reference":null},{"@id":359,"shape":null,"labelManager":{"labels":[{"type":"textLabel","@id":360,"inputText":"Vincent","labelStyle":13,"shape":null,"layoutText":null}],"mainLabel":360},"portCompositions":[{"type":"portGroup","@id":361,"ordered":false,"portCompositions":[{"type":"port","@id":362,"shape":{"type":"rect","xposition":"NaN","yposition":"NaN","width":"NaN","height":"NaN","shapeStyle":11},"labelManager":{"labels":[{"type":"textLabel","@id":363,"inputText":"2","labelStyle":13,"shape":null,"layoutText":null}],"mainLabel":363},"properties":{},"orientationAtVertex":"FREE","reference":null},{"type":"port","@id":364,"shape":{"type":"rect","xposition":"NaN","yposition":"NaN","width":"NaN","height":"NaN","shapeStyle":11},"labelManager":{"labels":[{"type":"textLabel","@id":365,"inputText":"1","labelStyle":13,"shape":null,"layoutText":null}],"mainLabel":365},"properties":{},"orientationAtVertex":"FREE","reference":null}],"properties":{},"reference":null}],"properties":{},"reference":null},{"@id":366,"shape":null,"labelManager":{"labels":[{"type":"textLabel","@id":367,"inputText":"Theo","labelStyle":13,"shape":null,"layoutText":null}],"mainLabel":367},"portCompositions":[{"type":"portGroup","@id":368,"ordered":false,"portCompositions":[{"type":"port","@id":369,"shape":{"type":"rect","xposition":"NaN","yposition":"NaN","width":"NaN","height":"NaN","shapeStyle":11},"labelManager":{"labels":[{"type":"textLabel","@id":370,"inputText":"2","labelStyle":13,"shape":null,"layoutText":null}],"mainLabel":370},"properties":{},"orientationAtVertex":"FREE","reference":null},{"type":"port","@id":371,"shape":{"type":"rect","xposition":"NaN","yposition":"NaN","width":"NaN","height":"NaN","shapeStyle":11},"labelManager":{"labels":[{"type":"textLabel","@id":372,"inputText":"1","labelStyle":13,"shape":null,"layoutText":null}],"mainLabel":372},"properties":{},"orientationAtVertex":"FREE","reference":null}],"properties":{},"reference":null}],"properties":{},"reference":null},{"@id":373,"shape":null,"labelManager":{"labels":[{"type":"textLabel","@id":374,"inputText":"Johann","labelStyle":13,"shape":null,"layoutText":null}],"mainLabel":374},"portCompositions":[{"type":"portGroup","@id":375,"ordered":false,"portCompositions":[{"type":"port","@id":376,"shape":{"type":"rect","xposition":"NaN","yposition":"NaN","width":"NaN","height":"NaN","shapeStyle":11},"labelManager":{"labels":[{"type":"textLabel","@id":377,"inputText":"1","labelStyle":13,"shape":null,"layoutText":null}],"mainLabel":377},"properties":{},"orientationAtVertex":"FREE","reference":null},{"type":"port","@id":378,"shape":{"type":"rect","xposition":"NaN","yposition":"NaN","width":"NaN","height":"NaN","shapeStyle":11},"labelManager":{"labels":[{"type":"textLabel","@id":379,"inputText":"2","labelStyle":13,"shape":null,"layoutText":null}],"mainLabel":379},"properties":{},"orientationAtVertex":"FREE","reference":null}],"properties":{},"reference":null}],"properties":{},"reference":null},{"@id":380,"shape":null,"labelManager":{"labels":[{"type":"textLabel","@id":381,"inputText":"Paul","labelStyle":13,"shape":null,"layoutText":null}],"mainLabel":381},"portCompositions":[{"type":"portGroup","@id":382,"ordered":false,"portCompositions":[{"type":"port","@id":383,"shape":{"type":"rect","xposition":"NaN","yposition":"NaN","width":"NaN","height":"NaN","shapeStyle":11},"labelManager":{"labels":[{"type":"textLabel","@id":384,"inputText":"1","labelStyle":13,"shape":null,"layoutText":null}],"mainLabel":384},"properties":{},"orientationAtVertex":"FREE","reference":null},{"type":"port","@id":385,"shape":{"type":"rect","xposition":"NaN","yposition":"NaN","width":"NaN","height":"NaN","shapeStyle":11},"labelManager":{"labels":[{"type":"textLabel","@id":386,"inputText":"2","labelStyle":13,"shape":null,"layoutText":null}],"mainLabel":386},"properties":{},"orientationAtVertex":"FREE","reference":null}],"properties":{},"reference":null}],"properties":{},"reference":null},{"@id":387,"shape":null,"labelManager":{"labels":[{"type":"textLabel","@id":388,"inputText":"Daniel","labelStyle":13,"shape":null,"layoutText":null}],"mainLabel":388},"portCompositions":[{"type":"portGroup","@id":389,"ordered":false,"portCompositions":[{"type":"port","@id":390,"shape":{"type":"rect","xposition":"NaN","yposition":"NaN","width":"NaN","height":"NaN","shapeStyle":11},"labelManager":{"labels":[{"type":"textLabel","@id":391,"inputText":"1","labelStyle":13,"shape":null,"layoutText":null}],"mainLabel":391},"properties":{},"orientationAtVertex":"FREE","reference":null}],"properties":{},"reference":null}],"properties":{},"reference":null},{"@id":392,"shape":null,"labelManager":{"labels":[{"type":"textLabel","@id":393,"inputText":"Johann","labelStyle":13,"shape":null,"layoutText":null}],"mainLabel":393},"portCompositions":[{"type":"portGroup","@id":394,"ordered":false,"portCompositions":[{"type":"port","@id":395,"shape":{"type":"rect","xposition":"NaN","yposition":"NaN","width":"NaN","height":"NaN","shapeStyle":11},"labelManager":{"labels":[{"type":"textLabel","@id":396,"inputText":"1","labelStyle":13,"shape":null,"layoutText":null}],"mainLabel":396},"properties":{},"orientationAtVertex":"FREE","reference":null}],"properties":{},"reference":null}],"properties":{},"reference":null},{"@id":397,"shape":null,"labelManager":{"labels":[{"type":"textLabel","@id":398,"inputText":"Leo","labelStyle":13,"shape":null,"layoutText":null}],"mainLabel":398},"portCompositions":[{"type":"portGroup","@id":399,"ordered":false,"portCompositions":[{"type":"port","@id":400,"shape":{"type":"rect","xposition":"NaN","yposition":"NaN","width":"NaN","height":"NaN","shapeStyle":11},"labelManager":{"labels":[{"type":"textLabel","@id":401,"inputText":"1","labelStyle":13,"shape":null,"layoutText":null}],"mainLabel":401},"properties":{},"orientationAtVertex":"FREE","reference":null}],"properties":{},"reference":null}],"properties":{},"reference":null},{"@id":402,"shape":null,"labelManager":{"labels":[{"type":"textLabel","@id":403,"inputText":"Paul","labelStyle":13,"shape":null,"layoutText":null}],"mainLabel":403},"portCompositions":[{"type":"portGroup","@id":404,"ordered":false,"portCompositions":[{"type":"port","@id":405,"shape":{"type":"rect","xposition":"NaN","yposition":"NaN","width":"NaN","height":"NaN","shapeStyle":11},"labelManager":{"labels":[{"type":"textLabel","@id":406,"inputText":"1","labelStyle":13,"shape":null,"layoutText":null}],"mainLabel":406},"properties":{},"orientationAtVertex":"FREE","reference":null}],"properties":{},"reference":null}],"properties":{},"reference":null},{"@id":407,"shape":null,"labelManager":{"labels":[{"type":"textLabel","@id":408,"inputText":"Luis","labelStyle":13,"shape":null,"layoutText":null}],"mainLabel":408},"portCompositions":[{"type":"portGroup","@id":409,"ordered":false,"portCompositions":[{"type":"port","@id":410,"shape":{"type":"rect","xposition":"NaN","yposition":"NaN","width":"NaN","height":"NaN","shapeStyle":11},"labelManager":{"labels":[{"type":"textLabel","@id":411,"inputText":"1","labelStyle":13,"shape":null,"layoutText":null}],"mainLabel":411},"properties":{},"orientationAtVertex":"FREE","reference":null}],"properties":{},"reference":null}],"properties":{},"reference":null},{"@id":412,"shape":null,"labelManager":{"labels":[{"type":"textLabel","@id":413,"inputText":"Mats","labelStyle":13,"shape":null,"layoutText":null}],"mainLabel":413},"portCompositions":[{"type":"portGroup","@id":414,"ordered":false,"portCompositions":[{"type":"port","@id":415,"shape":{"type":"rect","xposition":"NaN","yposition":"NaN","width":"NaN","height":"NaN","shapeStyle":11},"labelManager":{"labels":[{"type":"textLabel","@id":416,"inputText":"1","labelStyle":13,"shape":null,"layoutText":null}],"mainLabel":416},"properties":{},"orientationAtVertex":"FREE","reference":null}],"properties":{},"reference":null}],"properties":{},"reference":null},{"@id":417,"shape":null,"labelManager":{"labels":[{"type":"textLabel","@id":418,"inputText":"Henry","labelStyle":13,"shape":null,"layoutText":null}],"mainLabel":418},"portCompositions":[{"type":"portGroup","@id":419,"ordered":false,"portCompositions":[{"type":"port","@id":420,"shape":{"type":"rect","xposition":"NaN","yposition":"NaN","width":"NaN","height":"NaN","shapeStyle":11},"labelManager":{"labels":[{"type":"textLabel","@id":421,"inputText":"1","labelStyle":13,"shape":null,"layoutText":null}],"mainLabel":421},"properties":{},"orientationAtVertex":"FREE","reference":null}],"properties":{},"reference":null}],"properties":{},"reference":null},{"@id":422,"shape":null,"labelManager":{"labels":[{"type":"textLabel","@id":423,"inputText":"Leonard","labelStyle":13,"shape":null,"layoutText":null}],"mainLabel":423},"portCompositions":[{"type":"portGroup","@id":424,"ordered":false,"portCompositions":[{"type":"port","@id":425,"shape":{"type":"rect","xposition":"NaN","yposition":"NaN","width":"NaN","height":"NaN","shapeStyle":11},"labelManager":{"labels":[{"type":"textLabel","@id":426,"inputText":"1","labelStyle":13,"shape":null,"layoutText":null}],"mainLabel":426},"properties":{},"orientationAtVertex":"FREE","reference":null}],"properties":{},"reference":null}],"properties":{},"reference":null},{"@id":427,"shape":null,"labelManager":{"labels":[{"type":"textLabel","@id":428,"inputText":"Levi","labelStyle":13,"shape":null,"layoutText":null}],"mainLabel":428},"portCompositions":[{"type":"portGroup","@id":429,"ordered":false,"portCompositions":[{"type":"port","@id":430,"shape":{"type":"rect","xposition":"NaN","yposition":"NaN","width":"NaN","height":"NaN","shapeStyle":11},"labelManager":{"labels":[{"type":"textLabel","@id":431,"inputText":"5","labelStyle":13,"shape":null,"layoutText":null}],"mainLabel":431},"properties":{},"orientationAtVertex":"FREE","reference":null},{"type":"port","@id":432,"shape":{"type":"rect","xposition":"NaN","yposition":"NaN","width":"NaN","height":"NaN","shapeStyle":11},"labelManager":{"labels":[{"type":"textLabel","@id":433,"inputText":"1","labelStyle":13,"shape":null,"layoutText":null}],"mainLabel":433},"properties":{},"orientationAtVertex":"FREE","reference":null},{"type":"port","@id":434,"shape":{"type":"rect","xposition":"NaN","yposition":"NaN","width":"NaN","height":"NaN","shapeStyle":11},"labelManager":{"labels":[{"type":"textLabel","@id":435,"inputText":"2","labelStyle":13,"shape":null,"layoutText":null}],"mainLabel":435},"properties":{},"orientationAtVertex":"FREE","reference":null}],"properties":{},"reference":null}],"properties":{},"reference":null}],"vertexGroups":[{"@id":436,"drawnFrame":false,"labelManager":{"labels":[],"mainLabel":null},"shape":null,"containedVertices":[1,14],"containedVertexGroups":[],"touchingPairs":[{"vertex0":1,"horizontalPlacementVertex0":"FREE","verticalPlacementVertex0":"TOP","vertex1":14,"horizontalPlacementVertex1":"FREE","verticalPlacementVertex1":"FREE"}],"portPairings":[{"port0":8,"port1":19},{"port0":6,"port1":17},{"port0":10,"port1":21}],"properties":{},"reference":null},{"@id":437,"drawnFrame":false,"labelManager":{"labels":[],"mainLabel":null},"shape":null,"containedVertices":[23,36,427],"containedVertexGroups":[],"touchingPairs":[{"vertex0":23,"horizontalPlacementVertex0":"FREE","verticalPlacementVertex0":"TOP","vertex1":36,"horizontalPlacementVertex1":"FREE","verticalPlacementVertex1":"FREE"},{"vertex0":23,"horizontalPlacementVertex0":"FREE","verticalPlacementVertex0":"FREE","vertex1":427,"horizontalPlacementVertex1":"FREE","verticalPlacementVertex1":"FREE"}],"portPairings":[{"port0":28,"port1":41},{"port0":26,"port1":39},{"port0":30,"port1":430},{"port0":32,"port1":432},{"port0":34,"port1":434}],"properties":{},"reference":null},{"@id":438,"drawnFrame":false,"labelManager":{"labels":[],"mainLabel":null},"shape":null,"containedVertices":[43,50],"containedVertexGroups":[],"touchingPairs":[{"vertex0":43,"horizontalPlacementVertex0":"FREE","verticalPlacementVertex0":"TOP","vertex1":50,"horizontalPlacementVertex1":"FREE","verticalPlacementVertex1":"FREE"}],"portPairings":[{"port0":46,"port1":53},{"port0":48,"port1":55}],"properties":{},"reference":null},{"@id":439,"drawnFrame":false,"labelManager":{"labels":[],"mainLabel":null},"shape":null,"containedVertices":[61,68],"containedVertexGroups":[],"touchingPairs":[{"vertex0":61,"horizontalPlacementVertex0":"FREE","verticalPlacementVertex0":"TOP","vertex1":68,"horizontalPlacementVertex1":"FREE","verticalPlacementVertex1":"FREE"}],"portPairings":[{"port0":64,"port1":71},{"port0":66,"port1":73}],"properties":{},"reference":null},{"@id":440,"drawnFrame":false,"labelManager":{"labels":[],"mainLabel":null},"shape":null,"containedVertices":[83,92],"containedVertexGroups":[],"touchingPairs":[{"vertex0":83,"horizontalPlacementVertex0":"FREE","verticalPlacementVertex0":"TOP","vertex1":92,"horizontalPlacementVertex1":"FREE","verticalPlacementVertex1":"FREE"}],"portPairings":[{"port0":90,"port1":99},{"port0":88,"port1":97},{"port0":86,"port1":95}],"properties":{},"reference":null},{"@id":441,"drawnFrame":false,"labelManager":{"labels":[],"mainLabel":null},"shape":null,"containedVertices":[101,111],"containedVertexGroups":[],"touchingPairs":[{"vertex0":101,"horizontalPlacementVertex0":"FREE","verticalPlacementVertex0":"TOP","vertex1":111,"horizontalPlacementVertex1":"FREE","verticalPlacementVertex1":"FREE"}],"portPairings":[{"port0":106,"port1":116},{"port0":104,"port1":114},{"port0":108,"port1":118}],"properties":{},"reference":null},{"@id":442,"drawnFrame":false,"labelManager":{"labels":[],"mainLabel":null},"shape":null,"containedVertices":[120,127],"containedVertexGroups":[],"touchingPairs":[{"vertex0":120,"horizontalPlacementVertex0":"FREE","verticalPlacementVertex0":"TOP","vertex1":127,"horizontalPlacementVertex1":"FREE","verticalPlacementVertex1":"FREE"}],"portPairings":[{"port0":125,"port1":132},{"port0":123,"port1":130}],"properties":{},"reference":null},{"@id":443,"drawnFrame":false,"labelManager":{"labels":[],"mainLabel":null},"shape":null,"containedVertices":[138,152,163],"containedVertexGroups":[],"touchingPairs":[{"vertex0":138,"horizontalPlacementVertex0":"FREE","verticalPlacementVertex0":"TOP","vertex1":152,"horizontalPlacementVertex1":"FREE","verticalPlacementVertex1":"FREE"},{"vertex0":138,"horizontalPlacementVertex0":"FREE","verticalPlacementVertex0":"TOP","vertex1":163,"horizontalPlacementVertex1":"FREE","verticalPlacementVertex1":"FREE"}],"portPairings":[{"port0":143,"port1":157},{"port0":141,"port1":155},{"port0":145,"port1":159},{"port0":150,"port1":166},{"port0":147,"port1":161}],"properties":{},"reference":null},{"@id":444,"drawnFrame":false,"labelManager":{"labels":[],"mainLabel":null},"shape":null,"containedVertices":[168,173],"containedVertexGroups":[],"touchingPairs":[{"vertex0":168,"horizontalPlacementVertex0":"FREE","verticalPlacementVertex0":"TOP","vertex1":173,"horizontalPlacementVertex1":"FREE","verticalPlacementVertex1":"FREE"}],"portPairings":[{"port0":171,"port1":176}],"properties":{},"reference":null},{"@id":445,"drawnFrame":false,"labelManager":{"labels":[],"mainLabel":null},"shape":null,"containedVertices":[182,193],"containedVertexGroups":[],"touchingPairs":[{"vertex0":182,"horizontalPlacementVertex0":"FREE","verticalPlacementVertex0":"TOP","vertex1":193,"horizontalPlacementVertex1":"FREE","verticalPlacementVertex1":"FREE"}],"portPairings":[{"port0":187,"port1":198},{"port0":189,"port1":200},{"port0":185,"port1":196},{"port0":191,"port1":202}],"properties":{},"reference":null},{"@id":446,"drawnFrame":false,"labelManager":{"labels":[],"mainLabel":null},"shape":null,"containedVertices":[208,215],"containedVertexGroups":[],"touchingPairs":[{"vertex0":208,"horizontalPlacementVertex0":"FREE","verticalPlacementVertex0":"TOP","vertex1":215,"horizontalPlacementVertex1":"FREE","verticalPlacementVertex1":"FREE"}],"portPairings":[{"port0":213,"port1":220},{"port0":211,"port1":218}],"properties":{},"reference":null},{"@id":447,"drawnFrame":false,"labelManager":{"labels":[],"mainLabel":null},"shape":null,"containedVertices":[222,231],"containedVertexGroups":[],"touchingPairs":[{"vertex0":222,"horizontalPlacementVertex0":"FREE","verticalPlacementVertex0":"TOP","vertex1":231,"horizontalPlacementVertex1":"FREE","verticalPlacementVertex1":"FREE"}],"portPairings":[{"port0":229,"port1":238},{"port0":225,"port1":234},{"port0":227,"port1":236}],"properties":{},"reference":null},{"@id":448,"drawnFrame":false,"labelManager":{"labels":[],"mainLabel":null},"shape":null,"containedVertices":[240,249],"containedVertexGroups":[],"touchingPairs":[{"vertex0":240,"horizontalPlacementVertex0":"FREE","verticalPlacementVertex0":"TOP","vertex1":249,"horizontalPlacementVertex1":"FREE","verticalPlacementVertex1":"FREE"}],"portPairings":[{"port0":247,"port1":256},{"port0":245,"port1":254},{"port0":243,"port1":252}],"properties":{},"reference":null},{"@id":449,"drawnFrame":false,"labelManager":{"labels":[],"mainLabel":null},"shape":null,"containedVertices":[258,265],"containedVertexGroups":[],"touchingPairs":[{"vertex0":258,"horizontalPlacementVertex0":"FREE","verticalPlacementVertex0":"TOP","vertex1":265,"horizontalPlacementVertex1":"FREE","verticalPlacementVertex1":"FREE"}],"portPairings":[{"port0":263,"port1":270},{"port0":261,"port1":268}],"properties":{},"reference":null},{"@id":450,"drawnFrame":false,"labelManager":{"labels":[],"mainLabel":null},"shape":null,"containedVertices":[280,291],"containedVertexGroups":[],"touchingPairs":[{"vertex0":280,"horizontalPlacementVertex0":"FREE","verticalPlacementVertex0":"TOP","vertex1":291,"horizontalPlacementVertex1":"FREE","verticalPlacementVertex1":"FREE"}],"portPairings":[{"port0":283,"port1":294},{"port0":285,"port1":296},{"port0":287,"port1":298},{"port0":289,"port1":300}],"properties":{},"reference":null},{"@id":451,"drawnFrame":false,"labelManager":{"labels":[],"mainLabel":null},"shape":null,"containedVertices":[306,317],"containedVertexGroups":[],"touchingPairs":[{"vertex0":306,"horizontalPlacementVertex0":"FREE","verticalPlacementVertex0":"TOP","vertex1":317,"horizontalPlacementVertex1":"FREE","verticalPlacementVertex1":"FREE"}],"portPairings":[{"port0":311,"port1":322},{"port0":313,"port1":324},{"port0":315,"port1":326},{"port0":309,"port1":320}],"properties":{},"reference":null},{"@id":452,"drawnFrame":false,"labelManager":{"labels":[],"mainLabel":null},"shape":null,"containedVertices":[349,354],"containedVertexGroups":[],"touchingPairs":[{"vertex0":349,"horizontalPlacementVertex0":"FREE","verticalPlacementVertex0":"FREE","vertex1":354,"horizontalPlacementVertex1":"FREE","verticalPlacementVertex1":"FREE"}],"portPairings":[{"port0":352,"port1":357}],"properties":{},"reference":null},{"@id":453,"drawnFrame":false,"labelManager":{"labels":[],"mainLabel":null},"shape":null,"containedVertices":[359,366],"containedVertexGroups":[],"touchingPairs":[{"vertex0":359,"horizontalPlacementVertex0":"FREE","verticalPlacementVertex0":"FREE","vertex1":366,"horizontalPlacementVertex1":"FREE","verticalPlacementVertex1":"FREE"}],"portPairings":[{"port0":362,"port1":369},{"port0":364,"port1":371}],"properties":{},"reference":null},{"@id":454,"drawnFrame":false,"labelManager":{"labels":[],"mainLabel":null},"shape":null,"containedVertices":[373,380],"containedVertexGroups":[],"touchingPairs":[{"vertex0":373,"horizontalPlacementVertex0":"FREE","verticalPlacementVertex0":"FREE","vertex1":380,"horizontalPlacementVertex1":"FREE","verticalPlacementVertex1":"FREE"}],"portPairings":[{"port0":376,"port1":383},{"port0":378,"port1":385}],"properties":{},"reference":null},{"@id":455,"drawnFrame":false,"labelManager":{"labels":[],"mainLabel":null},"shape":null,"containedVertices":[387,392],"containedVertexGroups":[],"touchingPairs":[{"vertex0":387,"horizontalPlacementVertex0":"FREE","verticalPlacementVertex0":"FREE","vertex1":392,"horizontalPlacementVertex1":"FREE","verticalPlacementVertex1":"FREE"}],"portPairings":[{"port0":390,"port1":395}],"properties":{},"reference":null},{"@id":456,"drawnFrame":false,"labelManager":{"labels":[],"mainLabel":null},"shape":null,"containedVertices":[397,402],"containedVertexGroups":[],"touchingPairs":[{"vertex0":397,"horizontalPlacementVertex0":"FREE","verticalPlacementVertex0":"FREE","vertex1":402,"horizontalPlacementVertex1":"FREE","verticalPlacementVertex1":"FREE"}],"portPairings":[{"port0":400,"port1":405}],"properties":{},"reference":null},{"@id":457,"drawnFrame":false,"labelManager":{"labels":[],"mainLabel":null},"shape":null,"containedVertices":[407,412],"containedVertexGroups":[],"touchingPairs":[{"vertex0":407,"horizontalPlacementVertex0":"FREE","verticalPlacementVertex0":"FREE","vertex1":412,"horizontalPlacementVertex1":"FREE","verticalPlacementVertex1":"FREE"}],"portPairings":[{"port0":410,"port1":415}],"properties":{},"reference":null},{"@id":458,"drawnFrame":false,"labelManager":{"labels":[],"mainLabel":null},"shape":null,"containedVertices":[417,422],"containedVertexGroups":[],"touchingPairs":[{"vertex0":417,"horizontalPlacementVertex0":"FREE","verticalPlacementVertex0":"FREE","vertex1":422,"horizontalPlacementVertex1":"FREE","verticalPlacementVertex1":"FREE"}],"portPairings":[{"port0":420,"port1":425}],"properties":{},"reference":null}],"edges":[{"@id":459,"ports":[220,206],"labelManager":{"innerLabels":[{"type":"textLabel","@id":460,"inputText":"Robin","labelStyle":4,"shape":null,"layoutText":null}],"allPortLabels":[],"mainLabel":460},"pathStyle":{"@id":461,"description":"default path style","thickness":-1.0,"color":{"argb":"ff000000"}},"paths":[],"properties":{"id":"551fe17b2e1e38c90b6ed00aad042d1a"},"reference":null},{"@id":462,"ports":[166,136],"labelManager":{"innerLabels":[{"type":"textLabel","@id":463,"inputText":"Fynn","labelStyle":4,"shape":null,"layoutText":null}],"allPortLabels":[],"mainLabel":463},"pathStyle":461,"paths":[],"properties":{"id":"a60ca87c5fc60328e91de8a14f8b6042"},"reference":null},{"@id":464,"ports":[227,116],"labelManager":{"innerLabels":[{"type":"textLabel","@id":465,"inputText":"Martin","labelStyle":4,"shape":null,"layoutText":null}],"allPortLabels":[],"mainLabel":465},"pathStyle":461,"paths":[],"properties":{"id":"f3d35b6a9d4e49028f5cdc0678f42c35"},"reference":null},{"@id":466,"ports":[234,256],"labelManager":{"innerLabels":[{"type":"textLabel","@id":467,"inputText":"Can","labelStyle":4,"shape":null,"layoutText":null}],"allPortLabels":[],"mainLabel":467},"pathStyle":461,"paths":[],"properties":{"id":"e3f2678aebb9c20e23a2579f5d63fed5"},"reference":null},{"@id":468,"ports":[81,218],"labelManager":{"innerLabels":[{"type":"textLabel","@id":469,"inputText":"Till","labelStyle":4,"shape":null,"layoutText":null}],"allPortLabels":[],"mainLabel":469},"pathStyle":461,"paths":[],"properties":{"id":"7c39cd0e0e887ce31a0edab7a88866b4"},"reference":null},{"@id":470,"ports":[213,263],"labelManager":{"innerLabels":[{"type":"textLabel","@id":471,"inputText":"Maxim","labelStyle":4,"shape":null,"layoutText":null}],"allPortLabels":[],"mainLabel":471},"pathStyle":461,"paths":[],"properties":{"id":"11d58ecc50ec9b4c5f3ce0b3e27ed924"},"reference":null},{"@id":472,"ports":[41,48],"labelManager":{"innerLabels":[{"type":"textLabel","@id":473,"inputText":"Nils","labelStyle":4,"shape":null,"layoutText":null}],"allPortLabels":[],"mainLabel":473},"pathStyle":461,"paths":[],"properties":{"id":"a91e09af7e7854f7b197c58073c5c8ad"},"reference":null},{"@id":474,"ports":[254,238],"labelManager":{"innerLabels":[{"type":"textLabel","@id":475,"inputText":"Mattis","labelStyle":4,"shape":null,"layoutText":null}],"allPortLabels":[],"mainLabel":475},"pathStyle":461,"paths":[],"properties":{"id":"6f06bde4b56b4e32909c6d93379d6d08"},"reference":null},{"@id":476,"ports":[136,189],"labelManager":{"innerLabels":[{"type":"textLabel","@id":477,"inputText":"Nick","labelStyle":4,"shape":null,"layoutText":null}],"allPortLabels":[],"mainLabel":477},"pathStyle":461,"paths":[],"properties":{"id":"cb98ae99d2af6295972b08559cfba039"},"reference":null},{"@id":478,"ports":[320,278],"labelManager":{"innerLabels":[{"type":"textLabel","@id":479,"inputText":"Matteo","labelStyle":4,"shape":null,"layoutText":null}],"allPortLabels":[],"mainLabel":479},"pathStyle":461,"paths":[],"properties":{"id":"0497b8079c2ae1d61006f3185b985c88"},"reference":null},{"@id":480,"ports":[86,298],"labelManager":{"innerLabels":[{"type":"textLabel","@id":481,"inputText":"Deniz","labelStyle":4,"shape":null,"layoutText":null}],"allPortLabels":[],"mainLabel":481},"pathStyle":461,"paths":[],"properties":{"id":"e93841bfa25ff55014592a3d84905fd3"},"reference":null},{"@id":482,"ports":[229,77],"labelManager":{"innerLabels":[{"type":"textLabel","@id":483,"inputText":"Raphael","labelStyle":4,"shape":null,"layoutText":null}],"allPortLabels":[],"mainLabel":483},"pathStyle":461,"paths":[],"properties":{"id":"bb100665fab78f67318377ad1eec3914"},"reference":null},{"@id":484,"ports":[66,313],"labelManager":{"innerLabels":[{"type":"textLabel","@id":485,"inputText":"Mika","labelStyle":4,"shape":null,"layoutText":null}],"allPortLabels":[],"mainLabel":485},"pathStyle":461,"paths":[],"properties":{"id":"708e8b3430cb0d2259965d2ae6c22980"},"reference":null},{"@id":486,"ports":[187,157],"labelManager":{"innerLabels":[{"type":"textLabel","@id":487,"inputText":"Jasper","labelStyle":4,"shape":null,"layoutText":null}],"allPortLabels":[],"mainLabel":487},"pathStyle":461,"paths":[],"properties":{"id":"67e457f49a91a25a133aedfc1389bcbb"},"reference":null},{"@id":488,"ports":[99,245],"labelManager":{"innerLabels":[{"type":"textLabel","@id":489,"inputText":"Wilhelm","labelStyle":4,"shape":null,"layoutText":null}],"allPortLabels":[],"mainLabel":489},"pathStyle":461,"paths":[],"properties":{"id":"5e6aa09a16e9e5b12c59e8563d0340af"},"reference":null},{"@id":490,"ports":[95,247],"labelManager":{"innerLabels":[{"type":"textLabel","@id":491,"inputText":"Fabian","labelStyle":4,"shape":null,"layoutText":null}],"allPortLabels":[],"mainLabel":491},"pathStyle":461,"paths":[],"properties":{"id":"6d059a0239da315dcc85224ef0ce7f4f"},"reference":null},{"@id":492,"ports":[46,39],"labelManager":{"innerLabels":[{"type":"textLabel","@id":493,"inputText":"Florian","labelStyle":4,"shape":null,"layoutText":null}],"allPortLabels":[],"mainLabel":493},"pathStyle":461,"paths":[],"properties":{"id":"6e7a01dfa1f76a035f5a604650974d99"},"reference":null},{"@id":494,"ports":[198,309],"labelManager":{"innerLabels":[{"type":"textLabel","@id":495,"inputText":"Josef","labelStyle":4,"shape":null,"layoutText":null}],"allPortLabels":[],"mainLabel":495},"pathStyle":461,"paths":[],"properties":{"id":"cdfa3fe10d49743f30c2b54ed5e7364a"},"reference":null},{"@id":496,"ports":[294,88],"labelManager":{"innerLabels":[{"type":"textLabel","@id":497,"inputText":"Malik","labelStyle":4,"shape":null,"layoutText":null}],"allPortLabels":[],"mainLabel":497},"pathStyle":461,"paths":[],"properties":{"id":"dfc5f584fe7e0db7521e67575cba5679"},"reference":null},{"@id":498,"ports":[159,185],"labelManager":{"innerLabels":[{"type":"textLabel","@id":499,"inputText":"Erik","labelStyle":4,"shape":null,"layoutText":null}],"allPortLabels":[],"mainLabel":499},"pathStyle":461,"paths":[],"properties":{"id":"afe98c23fbb37ddeff38d5b5320d425e"},"reference":null},{"@id":500,"ports":[326,77],"labelManager":{"innerLabels":[{"type":"textLabel","@id":501,"inputText":"Sebastian","labelStyle":4,"shape":null,"layoutText":null}],"allPortLabels":[],"mainLabel":501},"pathStyle":461,"paths":[],"properties":{"id":"d23945c09167c937df80709d78e4d2e3"},"reference":null},{"@id":502,"ports":[278,225],"labelManager":{"innerLabels":[{"type":"textLabel","@id":503,"inputText":"Damian","labelStyle":4,"shape":null,"layoutText":null}],"allPortLabels":[],"mainLabel":503},"pathStyle":461,"paths":[],"properties":{"id":"b01e84e46bc76814348ac4e60e40ef00"},"reference":null},{"@id":504,"ports":[171,274,270],"labelManager":{"innerLabels":[{"type":"textLabel","@id":505,"inputText":"Emilio","labelStyle":4,"shape":null,"layoutText":null}],"allPortLabels":[],"mainLabel":505},"pathStyle":461,"paths":[],"properties":{"id":"74eae9161f5d526578d39631012527cd"},"reference":null},{"@id":506,"ports":[296,90],"labelManager":{"innerLabels":[{"type":"textLabel","@id":507,"inputText":"Theodor","labelStyle":4,"shape":null,"layoutText":null}],"allPortLabels":[],"mainLabel":507},"pathStyle":461,"paths":[],"properties":{"id":"9f894e168a4862ce59a773e322480649"},"reference":null},{"@id":508,"ports":[114,278],"labelManager":{"innerLabels":[{"type":"textLabel","@id":509,"inputText":"Ferdinand","labelStyle":4,"shape":null,"layoutText":null}],"allPortLabels":[],"mainLabel":509},"pathStyle":461,"paths":[],"properties":{"id":"2f1cd3b7b0abdc52ca24da8e9b810ce5"},"reference":null},{"@id":510,"ports":[315,196],"labelManager":{"innerLabels":[{"type":"textLabel","@id":511,"inputText":"Yusuf","labelStyle":4,"shape":null,"layoutText":null}],"allPortLabels":[],"mainLabel":511},"pathStyle":461,"paths":[],"properties":{"id":"13e15a5d3cdf51d9a789b73bb63b5ae2"},"reference":null},{"@id":512,"ports":[322,206],"labelManager":{"innerLabels":[{"type":"textLabel","@id":513,"inputText":"Ole","labelStyle":4,"shape":null,"layoutText":null}],"allPortLabels":[],"mainLabel":513},"pathStyle":461,"paths":[],"properties":{"id":"0bb62e58006b34c30e79e3dac8d12087"},"reference":null},{"@id":514,"ports":[236,19],"labelManager":{"innerLabels":[{"type":"textLabel","@id":515,"inputText":"Nico","labelStyle":4,"shape":null,"layoutText":null}],"allPortLabels":[],"mainLabel":515},"pathStyle":461,"paths":[],"properties":{"id":"a59643b1fe2a5d622192ee1c8f21d681"},"reference":null},{"@id":516,"ports":[211,261],"labelManager":{"innerLabels":[{"type":"textLabel","@id":517,"inputText":"Lucas","labelStyle":4,"shape":null,"layoutText":null}],"allPortLabels":[],"mainLabel":517},"pathStyle":461,"paths":[],"properties":{"id":"c2e2bc22b4fbf2a041f7ae72d4d4360e"},"reference":null},{"@id":518,"ports":[243,97],"labelManager":{"innerLabels":[{"type":"textLabel","@id":519,"inputText":"Tobias","labelStyle":4,"shape":null,"layoutText":null}],"allPortLabels":[],"mainLabel":519},"pathStyle":461,"paths":[],"properties":{"id":"afab74c08c6e96aa19223768ceb8c682"},"reference":null},{"@id":520,"ports":[405,357],"labelManager":{"innerLabels":[{"type":"textLabel","@id":521,"inputText":"Mert","labelStyle":13,"shape":null,"layoutText":null}],"allPortLabels":[],"mainLabel":521},"pathStyle":{"@id":522,"description":"default path style","thickness":-1.0,"color":{"argb":"ff000000"}},"paths":[],"properties":{},"reference":null},{"@id":523,"ports":[8,385],"labelManager":{"innerLabels":[{"type":"textLabel","@id":524,"inputText":"Friedrich","labelStyle":13,"shape":null,"layoutText":null}],"allPortLabels":[],"mainLabel":524},"pathStyle":522,"paths":[],"properties":{},"reference":null},{"@id":525,"ports":[180,130],"labelManager":{"innerLabels":[{"type":"textLabel","@id":526,"inputText":"Oemer","labelStyle":13,"shape":null,"layoutText":null}],"allPortLabels":[],"mainLabel":526},"pathStyle":522,"paths":[],"properties":{},"reference":null},{"@id":527,"ports":[342,71],"labelManager":{"innerLabels":[{"type":"textLabel","@id":528,"inputText":"Hannes","labelStyle":13,"shape":null,"layoutText":null}],"allPortLabels":[],"mainLabel":528},"pathStyle":522,"paths":[],"properties":{},"reference":null},{"@id":529,"ports":[268,371],"labelManager":{"innerLabels":[{"type":"textLabel","@id":530,"inputText":"Aaron","labelStyle":13,"shape":null,"layoutText":null}],"allPortLabels":[],"mainLabel":530},"pathStyle":522,"paths":[],"properties":{},"reference":null},{"@id":531,"ports":[425,59],"labelManager":{"innerLabels":[{"type":"textLabel","@id":532,"inputText":"Benedikt","labelStyle":13,"shape":null,"layoutText":null}],"allPortLabels":[],"mainLabel":532},"pathStyle":522,"paths":[],"properties":{},"reference":null},{"@id":533,"ports":[132,390],"labelManager":{"innerLabels":[{"type":"textLabel","@id":534,"inputText":"Joshua","labelStyle":13,"shape":null,"layoutText":null}],"allPortLabels":[],"mainLabel":534},"pathStyle":522,"paths":[],"properties":{},"reference":null},{"@id":535,"ports":[304,330],"labelManager":{"innerLabels":[{"type":"textLabel","@id":536,"inputText":"Matthias","labelStyle":13,"shape":null,"layoutText":null}],"allPortLabels":[],"mainLabel":536},"pathStyle":522,"paths":[],"properties":{},"reference":null},{"@id":537,"ports":[200,334],"labelManager":{"innerLabels":[{"type":"textLabel","@id":538,"inputText":"Alessio","labelStyle":13,"shape":null,"layoutText":null}],"allPortLabels":[],"mainLabel":538},"pathStyle":522,"paths":[],"properties":{},"reference":null},{"@id":539,"ports":[425,338],"labelManager":{"innerLabels":[{"type":"textLabel","@id":540,"inputText":"Emir","labelStyle":13,"shape":null,"layoutText":null}],"allPortLabels":[],"mainLabel":540},"pathStyle":522,"paths":[],"properties":{},"reference":null},{"@id":541,"ports":[304,125],"labelManager":{"innerLabels":[{"type":"textLabel","@id":542,"inputText":"Constantin","labelStyle":13,"shape":null,"layoutText":null}],"allPortLabels":[],"mainLabel":542},"pathStyle":522,"paths":[],"properties":{},"reference":null},{"@id":543,"ports":[55,400],"labelManager":{"innerLabels":[{"type":"textLabel","@id":544,"inputText":"Timo","labelStyle":13,"shape":null,"layoutText":null}],"allPortLabels":[],"mainLabel":544},"pathStyle":522,"paths":[],"properties":{},"reference":null},{"@id":545,"ports":[432,425],"labelManager":{"innerLabels":[{"type":"textLabel","@id":546,"inputText":"Jona","labelStyle":13,"shape":null,"layoutText":null}],"allPortLabels":[],"mainLabel":546},"pathStyle":522,"paths":[],"properties":{},"reference":null},{"@id":547,"ports":[324,352],"labelManager":{"innerLabels":[{"type":"textLabel","@id":548,"inputText":"Kaan","labelStyle":13,"shape":null,"layoutText":null}],"allPortLabels":[],"mainLabel":548},"pathStyle":522,"paths":[],"properties":{},"reference":null},{"@id":549,"ports":[17,415],"labelManager":{"innerLabels":[{"type":"textLabel","@id":550,"inputText":"Justus","labelStyle":13,"shape":null,"layoutText":null}],"allPortLabels":[],"mainLabel":550},"pathStyle":522,"paths":[],"properties":{},"reference":null},{"@id":551,"ports":[10,395],"labelManager":{"innerLabels":[{"type":"textLabel","@id":552,"inputText":"Carl","labelStyle":13,"shape":null,"layoutText":null}],"allPortLabels":[],"mainLabel":552},"pathStyle":522,"paths":[],"properties":{},"reference":null},{"@id":553,"ports":[347,191],"labelManager":{"innerLabels":[{"type":"textLabel","@id":554,"inputText":"Adam","labelStyle":13,"shape":null,"layoutText":null}],"allPortLabels":[],"mainLabel":554},"pathStyle":522,"paths":[],"properties":{},"reference":null},{"@id":555,"ports":[311,364,362,202,161],"labelManager":{"innerLabels":[{"type":"textLabel","@id":556,"inputText":"Kaan","labelStyle":13,"shape":null,"layoutText":null}],"allPortLabels":[],"mainLabel":556},"pathStyle":522,"paths":[],"properties":{},"reference":null},{"@id":557,"ports":[64,369,73,53],"labelManager":{"innerLabels":[{"type":"textLabel","@id":558,"inputText":"Lennard","labelStyle":13,"shape":null,"layoutText":null}],"allPortLabels":[],"mainLabel":558},"pathStyle":522,"paths":[],"properties":{},"reference":null},{"@id":559,"ports":[176,73,369],"labelManager":{"innerLabels":[{"type":"textLabel","@id":560,"inputText":"Constantin","labelStyle":13,"shape":null,"layoutText":null}],"allPortLabels":[],"mainLabel":560},"pathStyle":522,"paths":[],"properties":{},"reference":null},{"@id":561,"ports":[364,176,73],"labelManager":{"innerLabels":[{"type":"textLabel","@id":562,"inputText":"Thomas","labelStyle":13,"shape":null,"layoutText":null}],"allPortLabels":[],"mainLabel":562},"pathStyle":522,"paths":[],"properties":{},"reference":null},{"@id":563,"ports":[383,364,176],"labelManager":{"innerLabels":[{"type":"textLabel","@id":564,"inputText":"Matthias","labelStyle":13,"shape":null,"layoutText":null}],"allPortLabels":[],"mainLabel":564},"pathStyle":522,"paths":[],"properties":{},"reference":null},{"@id":565,"ports":[376,21,434],"labelManager":{"innerLabels":[{"type":"textLabel","@id":566,"inputText":"Ferdinand","labelStyle":13,"shape":null,"layoutText":null}],"allPortLabels":[],"mainLabel":566},"pathStyle":522,"paths":[],"properties":{},"reference":null}],"edgeBundles":[]}