{"vertices":[{"@id":1,"shape":{"type":"rect","xposition":"NaN","yposition":"NaN","width":"NaN","height":"NaN","shapeStyle":{"@id":2,"description":"default shape style","color":{"argb":"ff000000"}}},"labelManager":{"labels":[{"type":"textLabel","@id":3,"inputText":"Maximilian","labelStyle":{"@id":4,"description":"default text label style","font":{"fontName":"SansSerif","style":0,"size":10},"noBreak":false,"color":{"argb":"ff000000"},"showLabel":true,"placement":"FREE","horizontalPlacement":"FREE","verticalPlacement":"FREE"},"shape":null,"layoutText":null}],"mainLabel":3},"portCompositions":[{"type":"portGroup","@id":5,"ordered":false,"portCompositions":[{"type":"port","@id":6,"shape":{"type":"rect","xposition":"NaN","yposition":"NaN","width":"NaN","height":"NaN","shapeStyle":2},"labelManager":{"labels":[{"type":"textLabel","@id":7,"inputText":"1","labelStyle":4,"shape":null,"layoutText":null}],"mainLabel":7},"properties":{"id":"c8c14e4cdcbfbcaadf76b82e30c88504"},"orientationAtVertex":"FREE","reference":null}],"properties":{},"reference":null}],"properties":{"id":"964f1bab169526491a2e1bc2cf2d0c22","type":"plug"},"reference":null},{"@id":8,"shape":{"type":"rect","xposition":"NaN","yposition":"NaN","width":"NaN","height":"NaN","shapeStyle":2},"labelManager":{"labels":[{"type":"textLabel","@id":9,"inputText":"Elias","labelStyle":4,"shape":null,"layoutText":null}],"mainLabel":9},"portCompositions":[{"type":"portGroup","@id":10,"ordered":false,"portCompositions":[{"type":"port","@id":11,"shape":{"type":"rect","xposition":"NaN","yposition":"NaN","width":"NaN","height":"NaN","shapeStyle":2},"labelManager":{"labels":[{"type":"textLabel","@id":12,"inputText":"1","labelStyle":4,"shape":null,"layoutText":null}],"mainLabel":12},"properties":{"id":"29061ba96b7eaa2717de8f4c23b19162"},"orientationAtVertex":"FREE","reference":null}],"properties":{},"reference":null}],"properties":{"id":"108d13d3c41cc15034acfb3e5a258541","type":"plug"},"reference":null},{"@id":13,"shape":{"type":"rect","xposition":"NaN","yposition":"NaN","width":"NaN","height":"NaN","shapeStyle":2},"labelManager":{"labels":[{"type":"textLabel","@id":14,"inputText":"Max","labelStyle":4,"shape":null,"layoutText":null}],"mainLabel":14},"portCompositions":[{"type":"portGroup","@id":15,"ordered":false,"portCompositions":[{"type":"port","@id":16,"shape":{"type":"rect","xposition":"NaN","yposition":"NaN","width":"NaN","height":"NaN","shapeStyle":2},"labelManager":{"labels":[{"type":"textLabel","@id":17,"inputText":"4","labelStyle":4,"shape":null,"layoutText":null}],"mainLabel":17},"properties":{"id":"a1083948f3a2d1010b46ea347ecec1cb"},"orientationAtVertex":"FREE","reference":null},{"type":"port","@id":18,"shape":{"type":"rect","xposition":"NaN","yposition":"NaN","width":"NaN","height":"NaN","shapeStyle":2},"labelManager":{"labels":[{"type":"textLabel","@id":19,"inputText":"1","labelStyle":4,"shape":null,"layoutText":null}],"mainLabel":19},"properties":{"id":"683252ed06e6b23424b16135d3f07ad3"},"orientationAtVertex":"FREE","reference":null},{"type":"port","@id":20,"shape":{"type":"rect","xposition":"NaN","yposition":"NaN","width":"NaN","height":"NaN","shapeStyle":2},"labelManager":{"labels":[{"type":"textLabel","@id":21,"inputText":"3","labelStyle":4,"shape":null,"layoutText":null}],"mainLabel":21},"properties":{"id":"539c3c7a7cdfeba8c34808862042ea0a"},"orientationAtVertex":"FREE","reference":null},{"type":"port","@id":22,"shape":{"type":"rect","xposition":"NaN","yposition":"NaN","width":"NaN","height":"NaN","shapeStyle":2},"labelManager":{"labels":[{"type":"textLabel","@id":23,"inputText":"2","labelStyle":4,"shape":null,"layoutText":null}],"mainLabel":23},"properties":{"id":"fd022c9675380d73dbdf7d80f49e8c5d"},"orientationAtVertex":"FREE","reference":null}],"properties":{},"reference":null}],"properties":{"id":"5209a7fb4774a82a3ac4e7089bb884e6","type":"device"},"reference":null},{"@id":24,"shape":{"type":"rect","xposition":"NaN","yposition":"NaN","width":"NaN","height":"NaN","shapeStyle":2},"labelManager":{"labels":[{"type":"textLabel","@id":25,"inputText":"Leon","labelStyle":4,"shape":null,"layoutText":null}],"mainLabel":25},"portCompositions":[{"type":"portGroup","@id":26,"ordered":false,"portCompositions":[{"type":"port","@id":27,"shape":{"type":"rect","xposition":"NaN","yposition":"NaN","width":"NaN","height":"NaN","shapeStyle":2},"labelManager":{"labels":[{"type":"textLabel","@id":28,"inputText":"4","labelStyle":4,"shape":null,"layoutText":null}],"mainLabel":28},"properties":{"id":"78f8a495b84c571d701280824d3c9515"},"orientationAtVertex":"FREE","reference":null},{"type":"port","@id":29,"shape":{"type":"rect","xposition":"NaN","yposition":"NaN","width":"NaN","height":"NaN","shapeStyle":2},"labelManager":{"labels":[{"type":"textLabel","@id":30,"inputText":"1","labelStyle":4,"shape":null,"layoutText":null}],"mainLabel":30},"properties":{"id":"cc5388de8f2ce877b974e7a261c554a6"},"orientationAtVertex":"FREE","reference":null},{"type":"port","@id":31,"shape":{"type":"rect","xposition":"NaN","yposition":"NaN","width":"NaN","height":"NaN","shapeStyle":2},"labelManager":{"labels":[{"type":"textLabel","@id":32,"inputText":"3","labelStyle":4,"shape":null,"layoutText":null}],"mainLabel":32},"properties":{"id":"45f8cbe9837528adb21284d2aa5c8210"},"orientationAtVertex":"FREE","reference":null},{"type":"port","@id":33,"shape":{"type":"rect","xposition":"NaN","yposition":"NaN","width":"NaN","height":"NaN","shapeStyle":2},"labelManager":{"labels":[{"type":"textLabel","@id":34,"inputText":"2","labelStyle":4,"shape":null,"layoutText":null}],"mainLabel":34},"properties":{"id":"84bfb0c1c00b678d5e47b88c5c6d5fd9"},"orientationAtVertex":"FREE","reference":null}],"properties":{},"reference":null}],"properties":{"id":"8a94ec49061e258833befb5640866b11","type":"socket"},"reference":null},{"@id":35,"shape":{"type":"rect","xposition":"NaN","yposition":"NaN","width":"NaN","height":"NaN","shapeStyle":2},"labelManager":{"labels":[{"type":"textLabel","@id":36,"inputText":"Noah","labelStyle":4,"shape":null,"layoutText":null}],"mainLabel":36},"portCompositions":[{"type":"port","@id":37,"shape":{"type":"rect","xposition":"NaN","yposition":"NaN","width":"NaN","height":"NaN","shapeStyle":2},"labelManager":{"labels":[{"type":"textLabel","@id":38,"inputText":"1","labelStyle":4,"shape":null,"layoutText":null}],"mainLabel":38},"properties":{"id":"9d0fa8bae659a865a95794589cab2a01"},"orientationAtVertex":"FREE","reference":null}],"properties":{"id":"98fefc5d8ced5c42e6761f826242afc2","type":"splice"},"reference":null},{"@id":39,"shape":{"type":"rect","xposition":"NaN","yposition":"NaN","width":"NaN","height":"NaN","shapeStyle":2},"labelManager":{"labels":[{"type":"textLabel","@id":40,"inputText":"Jakob","labelStyle":4,"shape":null,"layoutText":null}],"mainLabel":40},"portCompositions":[{"type":"portGroup","@id":41,"ordered":false,"portCompositions":[{"type":"port","@id":42,"shape":{"type":"rect","xposition":"NaN","yposition":"NaN","width":"NaN","height":"NaN","shapeStyle":2},"labelManager":{"labels":[{"type":"textLabel","@id":43,"inputText":"4","labelStyle":4,"shape":null,"layoutText":null}],"mainLabel":43},"properties":{"id":"f1439a15a2eed2251aee95b36d196d9a"},"orientationAtVertex":"FREE","reference":null},{"type":"port","@id":44,"shape":{"type":"rect","xposition":"NaN","yposition":"NaN","width":"NaN","height":"NaN","shapeStyle":2},"labelManager":{"labels":[{"type":"textLabel","@id":45,"inputText":"5","labelStyle":4,"shape":null,"layoutText":null}],"mainLabel":45},"properties":{"id":"5c8db7786dadc69154d08db6b21f5cfb"},"orientationAtVertex":"FREE","reference":null},{"type":"port","@id":46,"shape":{"type":"rect","xposition":"NaN","yposition":"NaN","width":"NaN","height":"NaN","shapeStyle":2},"labelManager":{"labels":[{"type":"textLabel","@id":47,"inputText":"2","labelStyle":4,"shape":null,"layoutText":null}],"mainLabel":47},"properties":{"id":"7565fd9309bc7cf9963cb0601f8254d1"},"orientationAtVertex":"FREE","reference":null},{"type":"port","@id":48,"shape":{"type":"rect","xposition":"NaN","yposition":"NaN","width":"NaN","height":"NaN","shapeStyle":2},"labelManager":{"labels":[{"type":"textLabel","@id":49,"inputText":"1","labelStyle":4,"shape":null,"layoutText":null}],"mainLabel":49},"properties":{"id":"4b0b037024fcdf1bf7932104aa0d0364"},"orientationAtVertex":"FREE","reference":null},{"type":"port","@id":50,"shape":{"type":"rect","xposition":"NaN","yposition":"NaN","width":"NaN","height":"NaN","shapeStyle":2},"labelManager":{"labels":[{"type":"textLabel","@id":51,"inputText":"3","labelStyle":4,"shape":null,"layoutText":null}],"mainLabel":51},"properties":{"id":"15e1090a3a0cb88e53c6d2d3d2c8ca03"},"orientationAtVertex":"FREE","reference":null}],"properties":{},"reference":null}],"properties":{"id":"362c9e42bda543b7cbaa0721e01c050c","type":"device"},"reference":null},{"@id":52,"shape":{"type":"rect","xposition":"NaN","yposition":"NaN","width":"NaN","height":"NaN","shapeStyle":2},"labelManager":{"labels":[{"type":"textLabel","@id":53,"inputText":"Leonard","labelStyle":4,"shape":null,"layoutText":null}],"mainLabel":53},"portCompositions":[{"type":"portGroup","@id":54,"ordered":false,"portCompositions":[{"type":"port","@id":55,"shape":{"type":"rect","xposition":"NaN","yposition":"NaN","width":"NaN","height":"NaN","shapeStyle":2},"labelManager":{"labels":[{"type":"textLabel","@id":56,"inputText":"4","labelStyle":4,"shape":null,"layoutText":null}],"mainLabel":56},"properties":{"id":"4e1f22e7090959e8324b2d018c15713e"},"orientationAtVertex":"FREE","reference":null},{"type":"port","@id":57,"shape":{"type":"rect","xposition":"NaN","yposition":"NaN","width":"NaN","height":"NaN","shapeStyle":2},"labelManager":{"labels":[{"type":"textLabel","@id":58,"inputText":"5","labelStyle":4,"shape":null,"layoutText":null}],"mainLabel":58},"properties":{"id":"8bd2147478a58a924b5267ceebcae0d1"},"orientationAtVertex":"FREE","reference":null},{"type":"port","@id":59,"shape":{"type":"rect","xposition":"NaN","yposition":"NaN","width":"NaN","height":"NaN","shapeStyle":2},"labelManager":{"labels":[{"type":"textLabel","@id":60,"inputText":"2","labelStyle":4,"shape":null,"layoutText":null}],"mainLabel":60},"properties":{"id":"903a88ef91e2b4ad1597974982d2755f"},"orientationAtVertex":"FREE","reference":null},{"type":"port","@id":61,"shape":{"type":"rect","xposition":"NaN","yposition":"NaN","width":"NaN","height":"NaN","shapeStyle":2},"labelManager":{"labels":[{"type":"textLabel","@id":62,"inputText":"1","labelStyle":4,"shape":null,"layoutText":null}],"mainLabel":62},"properties":{"id":"8b4c7f0188b6637de8bcf2a6d8bc7f74"},"orientationAtVertex":"FREE","reference":null},{"type":"port","@id":63,"shape":{"type":"rect","xposition":"NaN","yposition":"NaN","width":"NaN","height":"NaN","shapeStyle":2},"labelManager":{"labels":[{"type":"textLabel","@id":64,"inputText":"3","labelStyle":4,"shape":null,"layoutText":null}],"mainLabel":64},"properties":{"id":"4c074386feca0d17a40d4f986aff6566"},"orientationAtVertex":"FREE","reference":null}],"properties":{},"reference":null}],"properties":{"id":"8589e49e156b29a9018841090e2943f4","type":"socket"},"reference":null},{"@id":65,"shape":{"type":"rect","xposition":"NaN","yposition":"NaN","width":"NaN","height":"NaN","shapeStyle":2},"labelManager":{"labels":[{"type":"textLabel","@id":66,"inputText":"Finn","labelStyle":4,"shape":null,"layoutText":null}],"mainLabel":66},"portCompositions":[{"type":"port","@id":67,"shape":{"type":"rect","xposition":"NaN","yposition":"NaN","width":"NaN","height":"NaN","shapeStyle":2},"labelManager":{"labels":[{"type":"textLabel","@id":68,"inputText":"1","labelStyle":4,"shape":null,"layoutText":null}],"mainLabel":68},"properties":{"id":"f8967ed215cf931900e8e8f7565de8df"},"orientationAtVertex":"FREE","reference":null}],"properties":{"id":"9bd39db078004513fbde32314f4b4c10","type":"splice"},"reference":null},{"@id":69,"shape":{"type":"rect","xposition":"NaN","yposition":"NaN","width":"NaN","height":"NaN","shapeStyle":2},"labelManager":{"labels":[{"type":"textLabel","@id":70,"inputText":"Louis","labelStyle":4,"shape":null,"layoutText":null}],"mainLabel":70},"portCompositions":[{"type":"port","@id":71,"shape":{"type":"rect","xposition":"NaN","yposition":"NaN","width":"NaN","height":"NaN","shapeStyle":2},"labelManager":{"labels":[{"type":"textLabel","@id":72,"inputText":"1","labelStyle":4,"shape":null,"layoutText":null}],"mainLabel":72},"properties":{"id":"e0eae0af601334814d0acff849b0710b"},"orientationAtVertex":"FREE","reference":null}],"properties":{"id":"59f303e7c133514ffcd42a59c0f055aa","type":"splice"},"reference":null},{"@id":73,"shape":{"type":"rect","xposition":"NaN","yposition":"NaN","width":"NaN","height":"NaN","shapeStyle":2},"labelManager":{"labels":[{"type":"textLabel","@id":74,"inputText":"Luca","labelStyle":4,"shape":null,"layoutText":null}],"mainLabel":74},"portCompositions":[{"type":"port","@id":75,"shape":{"type":"rect","xposition":"NaN","yposition":"NaN","width":"NaN","height":"NaN","shapeStyle":2},"labelManager":{"labels":[{"type":"textLabel","@id":76,"inputText":"1","labelStyle":4,"shape":null,"layoutText":null}],"mainLabel":76},"properties":{"id":"2c41211a6d44e9ba1607382421e3d3a0"},"orientationAtVertex":"FREE","reference":null}],"properties":{"id":"a40b869526a95de352a2ea32f58fbb6d","type":"splice"},"reference":null},{"@id":77,"shape":{"type":"rect","xposition":"NaN","yposition":"NaN","width":"NaN","height":"NaN","shapeStyle":2},"labelManager":{"labels":[{"type":"textLabel","@id":78,"inputText":"Alexander","labelStyle":4,"shape":null,"layoutText":null}],"mainLabel":78},"portCompositions":[{"type":"portGroup","@id":79,"ordered":false,"portCompositions":[{"type":"port","@id":80,"shape":{"type":"rect","xposition":"NaN","yposition":"NaN","width":"NaN","height":"NaN","shapeStyle":2},"labelManager":{"labels":[{"type":"textLabel","@id":81,"inputText":"2","labelStyle":4,"shape":null,"layoutText":null}],"mainLabel":81},"properties":{"id":"6a36815330ed87aa330f008a608cdbd9"},"orientationAtVertex":"FREE","reference":null},{"type":"port","@id":82,"shape":{"type":"rect","xposition":"NaN","yposition":"NaN","width":"NaN","height":"NaN","shapeStyle":2},"labelManager":{"labels":[{"type":"textLabel","@id":83,"inputText":"1","labelStyle":4,"shape":null,"layoutText":null}],"mainLabel":83},"properties":{"id":"0952822b64da5b660296afa4315a6a5f"},"orientationAtVertex":"FREE","reference":null}],"properties":{},"reference":null}],"properties":{"id":"011bc15b6e77439b2cc4eec2f8350b8c","type":"device"},"reference":null},{"@id":84,"shape":{"type":"rect","xposition":"NaN","yposition":"NaN","width":"NaN","height":"NaN","shapeStyle":2},"labelManager":{"labels":[{"type":"textLabel","@id":85,"inputText":"Julian","labelStyle":4,"shape":null,"layoutText":null}],"mainLabel":85},"portCompositions":[{"type":"portGroup","@id":86,"ordered":false,"portCompositions":[{"type":"port","@id":87,"shape":{"type":"rect","xposition":"NaN","yposition":"NaN","width":"NaN","height":"NaN","shapeStyle":2},"labelManager":{"labels":[{"type":"textLabel","@id":88,"inputText":"2","labelStyle":4,"shape":null,"layoutText":null}],"mainLabel":88},"properties":{"id":"03f63272c17047110272a60322b6c488"},"orientationAtVertex":"FREE","reference":null},{"type":"port","@id":89,"shape":{"type":"rect","xposition":"NaN","yposition":"NaN","width":"NaN","height":"NaN","shapeStyle":2},"labelManager":{"labels":[{"type":"textLabel","@id":90,"inputText":"1","labelStyle":4,"shape":null,"layoutText":null}],"mainLabel":90},"properties":{"id":"797ed7c96033de2f821887da217a97f4"},"orientationAtVertex":"FREE","reference":null}],"properties":{},"reference":null}],"properties":{"id":"3ad42013c1764d3ad4099b429e779743","type":"socket"},"reference":null},{"@id":91,"shape":{"type":"rect","xposition":"NaN","yposition":"NaN","width":"NaN","height":"NaN","shapeStyle":2},"labelManager":{"labels":[{"type":"textLabel","@id":92,"inputText":"Henri","labelStyle":4,"shape":null,"layoutText":null}],"mainLabel":92},"portCompositions":[{"type":"portGroup","@id":93,"ordered":false,"portCompositions":[{"type":"port","@id":94,"shape":{"type":"rect","xposition":"NaN","yposition":"NaN","width":"NaN","height":"NaN","shapeStyle":2},"labelManager":{"labels":[{"type":"textLabel","@id":95,"inputText":"3","labelStyle":4,"shape":null,"layoutText":null}],"mainLabel":95},"properties":{"id":"b02bc2cb5d76176c8a7bce8db40741e8"},"orientationAtVertex":"FREE","reference":null},{"type":"port","@id":96,"shape":{"type":"rect","xposition":"NaN","yposition":"NaN","width":"NaN","height":"NaN","shapeStyle":2},"labelManager":{"labels":[{"type":"textLabel","@id":97,"inputText":"1","labelStyle":4,"shape":null,"layoutText":null}],"mainLabel":97},"properties":{"id":"257a820fb852ab0863c4d2affd303b22"},"orientationAtVertex":"FREE","reference":null},{"type":"port","@id":98,"shape":{"type":"rect","xposition":"NaN","yposition":"NaN","width":"NaN","height":"NaN","shapeStyle":2},"labelManager":{"labels":[{"type":"textLabel","@id":99,"inputText":"4","labelStyle":4,"shape":null,"layoutText":null}],"mainLabel":99},"properties":{"id":"f0421fe948332191e64de6ba4bd1710b"},"orientationAtVertex":"FREE","reference":null},{"type":"port","@id":100,"shape":{"type":"rect","xposition":"NaN","yposition":"NaN","width":"NaN","height":"NaN","shapeStyle":2},"labelManager":{"labels":[{"type":"textLabel","@id":101,"inputText":"2","labelStyle":4,"shape":null,"layoutText":null}],"mainLabel":101},"properties":{"id":"5152a2c09c55cf78890387c1dfbc10d4"},"orientationAtVertex":"FREE","reference":null}],"properties":{},"reference":null}],"properties":{"id":"f729ea16755faf95e21a07d924f50fee","type":"plug"},"reference":null},{"@id":102,"shape":{"type":"rect","xposition":"NaN","yposition":"NaN","width":"NaN","height":"NaN","shapeStyle":2},"labelManager":{"labels":[{"type":"textLabel","@id":103,"inputText":"Benjamin","labelStyle":4,"shape":null,"layoutText":null}],"mainLabel":103},"portCompositions":[{"type":"portGroup","@id":104,"ordered":false,"portCompositions":[{"type":"port","@id":105,"shape":{"type":"rect","xposition":"NaN","yposition":"NaN","width":"NaN","height":"NaN","shapeStyle":2},"labelManager":{"labels":[{"type":"textLabel","@id":106,"inputText":"3","labelStyle":4,"shape":null,"layoutText":null}],"mainLabel":106},"properties":{"id":"5239551d6748cc95f999e57f01b67b75"},"orientationAtVertex":"FREE","reference":null},{"type":"port","@id":107,"shape":{"type":"rect","xposition":"NaN","yposition":"NaN","width":"NaN","height":"NaN","shapeStyle":2},"labelManager":{"labels":[{"type":"textLabel","@id":108,"inputText":"1","labelStyle":4,"shape":null,"layoutText":null}],"mainLabel":108},"properties":{"id":"186666e691bf8346986b8f5abade2af6"},"orientationAtVertex":"FREE","reference":null},{"type":"port","@id":109,"shape":{"type":"rect","xposition":"NaN","yposition":"NaN","width":"NaN","height":"NaN","shapeStyle":2},"labelManager":{"labels":[{"type":"textLabel","@id":110,"inputText":"4","labelStyle":4,"shape":null,"layoutText":null}],"mainLabel":110},"properties":{"id":"7aff8102a9047a7c4e17f6d0645010ce"},"orientationAtVertex":"FREE","reference":null},{"type":"port","@id":111,"shape":{"type":"rect","xposition":"NaN","yposition":"NaN","width":"NaN","height":"NaN","shapeStyle":2},"labelManager":{"labels":[{"type":"textLabel","@id":112,"inputText":"2","labelStyle":4,"shape":null,"layoutText":null}],"mainLabel":112},"properties":{"id":"c90adc59bff842cbbf859ade78e6dd33"},"orientationAtVertex":"FREE","reference":null}],"properties":{},"reference":null}],"properties":{"id":"e8b74b3284be33e0e7d2f41520ee0f37","type":"plug"},"reference":null},{"@id":113,"shape":{"type":"rect","xposition":"NaN","yposition":"NaN","width":"NaN","height":"NaN","shapeStyle":2},"labelManager":{"labels":[{"type":"textLabel","@id":114,"inputText":"Emil","labelStyle":4,"shape":null,"layoutText":null}],"mainLabel":114},"portCompositions":[{"type":"portGroup","@id":115,"ordered":false,"portCompositions":[{"type":"port","@id":116,"shape":{"type":"rect","xposition":"NaN","yposition":"NaN","width":"NaN","height":"NaN","shapeStyle":2},"labelManager":{"labels":[{"type":"textLabel","@id":117,"inputText":"3","labelStyle":4,"shape":null,"layoutText":null}],"mainLabel":117},"properties":{"id":"7f06a2ad35acda043a85ddb6ff5306c1"},"orientationAtVertex":"FREE","reference":null},{"type":"port","@id":118,"shape":{"type":"rect","xposition":"NaN","yposition":"NaN","width":"NaN","height":"NaN","shapeStyle":2},"labelManager":{"labels":[{"type":"textLabel","@id":119,"inputText":"2","labelStyle":4,"shape":null,"layoutText":null}],"mainLabel":119},"properties":{"id":"48ab8be1e4f08f0f456ab292f6a179a4"},"orientationAtVertex":"FREE","reference":null},{"type":"port","@id":120,"shape":{"type":"rect","xposition":"NaN","yposition":"NaN","width":"NaN","height":"NaN","shapeStyle":2},"labelManager":{"labels":[{"type":"textLabel","@id":121,"inputText":"1","labelStyle":4,"shape":null,"layoutText":null}],"mainLabel":121},"properties":{"id":"f250b442e3545c55041a20e711bd0238"},"orientationAtVertex":"FREE","reference":null},{"type":"port","@id":122,"shape":{"type":"rect","xposition":"NaN","yposition":"NaN","width":"NaN","height":"NaN","shapeStyle":2},"labelManager":{"labels":[{"type":"textLabel","@id":123,"inputText":"4","labelStyle":4,"shape":null,"layoutText":null}],"mainLabel":123},"properties":{"id":"c7aacf7fedf95f295dad7cad4f9a4771"},"orientationAtVertex":"FREE","reference":null},{"type":"port","@id":124,"shape":{"type":"rect","xposition":"NaN","yposition":"NaN","width":"NaN","height":"NaN","shapeStyle":{"@id":125,"description":"default shape style","color":{"argb":"ff000000"}}},"labelManager":{"labels":[{"type":"textLabel","@id":126,"inputText":"5","labelStyle":{"@id":127,"description":"default text label style","font":{"fontName":"SansSerif","style":0,"size":10},"noBreak":false,"color":{"argb":"ff000000"},"showLabel":true,"placement":"FREE","horizontalPlacement":"FREE","verticalPlacement":"FREE"},"shape":null,"layoutText":null}],"mainLabel":126},"properties":{},"orientationAtVertex":"FREE","reference":null}],"properties":{},"reference":null}],"properties":{"id":"f0a9c942fcbb2cd5cff3d9b87d3cdf64","type":"device"},"reference":null},{"@id":128,"shape":{"type":"rect","xposition":"NaN","yposition":"NaN","width":"NaN","height":"NaN","shapeStyle":2},"labelManager":{"labels":[{"type":"textLabel","@id":129,"inputText":"Luis","labelStyle":4,"shape":null,"layoutText":null}],"mainLabel":129},"portCompositions":[{"type":"portGroup","@id":130,"ordered":false,"portCompositions":[{"type":"port","@id":131,"shape":{"type":"rect","xposition":"NaN","yposition":"NaN","width":"NaN","height":"NaN","shapeStyle":2},"labelManager":{"labels":[{"type":"textLabel","@id":132,"inputText":"3","labelStyle":4,"shape":null,"layoutText":null}],"mainLabel":132},"properties":{"id":"84c7c63d178bb6173262f390436b3d91"},"orientationAtVertex":"FREE","reference":null},{"type":"port","@id":133,"shape":{"type":"rect","xposition":"NaN","yposition":"NaN","width":"NaN","height":"NaN","shapeStyle":2},"labelManager":{"labels":[{"type":"textLabel","@id":134,"inputText":"2","labelStyle":4,"shape":null,"layoutText":null}],"mainLabel":134},"properties":{"id":"88736040401e28fe44590d446f62753e"},"orientationAtVertex":"FREE","reference":null},{"type":"port","@id":135,"shape":{"type":"rect","xposition":"NaN","yposition":"NaN","width":"NaN","height":"NaN","shapeStyle":2},"labelManager":{"labels":[{"type":"textLabel","@id":136,"inputText":"1","labelStyle":4,"shape":null,"layoutText":null}],"mainLabel":136},"properties":{"id":"cae547d526b1a2f92bfd1bcd2603382c"},"orientationAtVertex":"FREE","reference":null},{"type":"port","@id":137,"shape":{"type":"rect","xposition":"NaN","yposition":"NaN","width":"NaN","height":"NaN","shapeStyle":2},"labelManager":{"labels":[{"type":"textLabel","@id":138,"inputText":"4","labelStyle":4,"shape":null,"layoutText":null}],"mainLabel":138},"properties":{"id":"6989ea37a4f6d342a0d60398aa1d40f6"},"orientationAtVertex":"FREE","reference":null},{"type":"port","@id":139,"shape":{"type":"rect","xposition":"NaN","yposition":"NaN","width":"NaN","height":"NaN","shapeStyle":125},"labelManager":{"labels":[{"type":"textLabel","@id":140,"inputText":"5","labelStyle":127,"shape":null,"layoutText":null}],"mainLabel":140},"properties":{},"orientationAtVertex":"FREE","reference":null}],"properties":{},"reference":null}],"properties":{"id":"bb195d512ad59841aba0d8c4a3f9bb58","type":"socket"},"reference":null},{"@id":141,"shape":{"type":"rect","xposition":"NaN","yposition":"NaN","width":"NaN","height":"NaN","shapeStyle":2},"labelManager":{"labels":[{"type":"textLabel","@id":142,"inputText":"Mats","labelStyle":4,"shape":null,"layoutText":null}],"mainLabel":142},"portCompositions":[{"type":"portGroup","@id":143,"ordered":false,"portCompositions":[{"type":"port","@id":144,"shape":{"type":"rect","xposition":"NaN","yposition":"NaN","width":"NaN","height":"NaN","shapeStyle":2},"labelManager":{"labels":[{"type":"textLabel","@id":145,"inputText":"1","labelStyle":4,"shape":null,"layoutText":null}],"mainLabel":145},"properties":{"id":"2ee002b7b7b8bc106a6eb622c6c6a01c"},"orientationAtVertex":"FREE","reference":null},{"type":"port","@id":146,"shape":{"type":"rect","xposition":"NaN","yposition":"NaN","width":"NaN","height":"NaN","shapeStyle":2},"labelManager":{"labels":[{"type":"textLabel","@id":147,"inputText":"2","labelStyle":4,"shape":null,"layoutText":null}],"mainLabel":147},"properties":{"id":"81262625f3f97a4f90c1d93be9a04878"},"orientationAtVertex":"FREE","reference":null},{"type":"port","@id":148,"shape":{"type":"rect","xposition":"NaN","yposition":"NaN","width":"NaN","height":"NaN","shapeStyle":125},"labelManager":{"labels":[{"type":"textLabel","@id":149,"inputText":"3","labelStyle":127,"shape":null,"layoutText":null}],"mainLabel":149},"properties":{},"orientationAtVertex":"FREE","reference":null}],"properties":{},"reference":null}],"properties":{"id":"643893ab08bf424e5f007b4848f7447a","type":"device"},"reference":null},{"@id":150,"shape":{"type":"rect","xposition":"NaN","yposition":"NaN","width":"NaN","height":"NaN","shapeStyle":2},"labelManager":{"labels":[{"type":"textLabel","@id":151,"inputText":"Jonathan","labelStyle":4,"shape":null,"layoutText":null}],"mainLabel":151},"portCompositions":[{"type":"portGroup","@id":152,"ordered":false,"portCompositions":[{"type":"port","@id":153,"shape":{"type":"rect","xposition":"NaN","yposition":"NaN","width":"NaN","height":"NaN","shapeStyle":2},"labelManager":{"labels":[{"type":"textLabel","@id":154,"inputText":"1","labelStyle":4,"shape":null,"layoutText":null}],"mainLabel":154},"properties":{"id":"1ee58053f67d084df5e63b69b971e5f3"},"orientationAtVertex":"FREE","reference":null},{"type":"port","@id":155,"shape":{"type":"rect","xposition":"NaN","yposition":"NaN","width":"NaN","height":"NaN","shapeStyle":2},"labelManager":{"labels":[{"type":"textLabel","@id":156,"inputText":"2","labelStyle":4,"shape":null,"layoutText":null}],"mainLabel":156},"properties":{"id":"003cd2a8767d60184aa890542ac7dace"},"orientationAtVertex":"FREE","reference":null},{"type":"port","@id":157,"shape":{"type":"rect","xposition":"NaN","yposition":"NaN","width":"NaN","height":"NaN","shapeStyle":125},"labelManager":{"labels":[{"type":"textLabel","@id":158,"inputText":"3","labelStyle":127,"shape":null,"layoutText":null}],"mainLabel":158},"properties":{},"orientationAtVertex":"FREE","reference":null}],"properties":{},"reference":null}],"properties":{"id":"302ac8ba075a4fd9ec40e53469b51165","type":"socket"},"reference":null},{"@id":159,"shape":{"type":"rect","xposition":"NaN","yposition":"NaN","width":"NaN","height":"NaN","shapeStyle":2},"labelManager":{"labels":[{"type":"textLabel","@id":160,"inputText":"Moritz","labelStyle":4,"shape":null,"layoutText":null}],"mainLabel":160},"portCompositions":[{"type":"port","@id":161,"shape":{"type":"rect","xposition":"NaN","yposition":"NaN","width":"NaN","height":"NaN","shapeStyle":2},"labelManager":{"labels":[{"type":"textLabel","@id":162,"inputText":"1","labelStyle":4,"shape":null,"layoutText":null}],"mainLabel":162},"properties":{"id":"bf90feab7bb75d78decc6407ab416520"},"orientationAtVertex":"FREE","reference":null}],"properties":{"id":"b51eedb5c0967cb0ff82158df750b2f0","type":"splice"},"reference":null},{"@id":163,"shape":{"type":"rect","xposition":"NaN","yposition":"NaN","width":"NaN","height":"NaN","shapeStyle":2},"labelManager":{"labels":[{"type":"textLabel","@id":164,"inputText":"Tom","labelStyle":4,"shape":null,"layoutText":null}],"mainLabel":164},"portCompositions":[{"type":"portGroup","@id":165,"ordered":false,"portCompositions":[{"type":"port","@id":166,"shape":{"type":"rect","xposition":"NaN","yposition":"NaN","width":"NaN","height":"NaN","shapeStyle":2},"labelManager":{"labels":[{"type":"textLabel","@id":167,"inputText":"2","labelStyle":4,"shape":null,"layoutText":null}],"mainLabel":167},"properties":{"id":"fc2e59914d62702cfb04e284a4e0bb2d"},"orientationAtVertex":"FREE","reference":null},{"type":"port","@id":168,"shape":{"type":"rect","xposition":"NaN","yposition":"NaN","width":"NaN","height":"NaN","shapeStyle":2},"labelManager":{"labels":[{"type":"textLabel","@id":169,"inputText":"1","labelStyle":4,"shape":null,"layoutText":null}],"mainLabel":169},"properties":{"id":"c1a34316038a28d63ac1004303ed4dad"},"orientationAtVertex":"FREE","reference":null}],"properties":{},"reference":null}],"properties":{"id":"bfb93997a091fd55beae21af7808b71d","type":"plug"},"reference":null},{"@id":170,"shape":{"type":"rect","xposition":"NaN","yposition":"NaN","width":"NaN","height":"NaN","shapeStyle":2},"labelManager":{"labels":[{"type":"textLabel","@id":171,"inputText":"Jonas","labelStyle":4,"shape":null,"layoutText":null}],"mainLabel":171},"portCompositions":[{"type":"portGroup","@id":172,"ordered":false,"portCompositions":[{"type":"port","@id":173,"shape":{"type":"rect","xposition":"NaN","yposition":"NaN","width":"NaN","height":"NaN","shapeStyle":2},"labelManager":{"labels":[{"type":"textLabel","@id":174,"inputText":"2","labelStyle":4,"shape":null,"layoutText":null}],"mainLabel":174},"properties":{"id":"2ad9111736f69137ed12d078c4153ca6"},"orientationAtVertex":"FREE","reference":null},{"type":"port","@id":175,"shape":{"type":"rect","xposition":"NaN","yposition":"NaN","width":"NaN","height":"NaN","shapeStyle":2},"labelManager":{"labels":[{"type":"textLabel","@id":176,"inputText":"1","labelStyle":4,"shape":null,"layoutText":null}],"mainLabel":176},"properties":{"id":"43ff3ae37680568889a90cbd2d3fea79"},"orientationAtVertex":"FREE","reference":null}],"properties":{},"reference":null}],"properties":{"id":"6b8ec1647878af2690ee7d993e68f9ab","type":"plug"},"reference":null},{"@id":177,"shape":{"type":"rect","xposition":"NaN","yposition":"NaN","width":"NaN","height":"NaN","shapeStyle":2},"labelManager":{"labels":[{"type":"textLabel","@id":178,"inputText":"Philipp","labelStyle":4,"shape":null,"layoutText":null}],"mainLabel":178},"portCompositions":[{"type":"portGroup","@id":179,"ordered":false,"portCompositions":[{"type":"port","@id":180,"shape":{"type":"rect","xposition":"NaN","yposition":"NaN","width":"NaN","height":"NaN","shapeStyle":2},"labelManager":{"labels":[{"type":"textLabel","@id":181,"inputText":"1","labelStyle":4,"shape":null,"layoutText":null}],"mainLabel":181},"properties":{"id":"5799aa8bbb694b209c7fb575f9b305a7"},"orientationAtVertex":"FREE","reference":null}],"properties":{},"reference":null}],"properties":{"id":"b09a22ed287961172c0d5a7f026903bb","type":"plug"},"reference":null},{"@id":182,"shape":{"type":"rect","xposition":"NaN","yposition":"NaN","width":"NaN","height":"NaN","shapeStyle":2},"labelManager":{"labels":[{"type":"textLabel","@id":183,"inputText":"Julius","labelStyle":4,"shape":null,"layoutText":null}],"mainLabel":183},"portCompositions":[{"type":"portGroup","@id":184,"ordered":false,"portCompositions":[{"type":"port","@id":185,"shape":{"type":"rect","xposition":"NaN","yposition":"NaN","width":"NaN","height":"NaN","shapeStyle":2},"labelManager":{"labels":[{"type":"textLabel","@id":186,"inputText":"1","labelStyle":4,"shape":null,"layoutText":null}],"mainLabel":186},"properties":{"id":"95c2ecd6dda3f8ef27aa1d72ef7cd08f"},"orientationAtVertex":"FREE","reference":null}],"properties":{},"reference":null}],"properties":{"id":"0bd5fbf964dcb0fe4c7f1c2aeda8f1cd","type":"plug"},"reference":null},{"@id":187,"shape":{"type":"rect","xposition":"NaN","yposition":"NaN","width":"NaN","height":"NaN","shapeStyle":2},"labelManager":{"labels":[{"type":"textLabel","@id":188,"inputText":"Leo","labelStyle":4,"shape":null,"layoutText":null}],"mainLabel":188},"portCompositions":[{"type":"port","@id":189,"shape":{"type":"rect","xposition":"NaN","yposition":"NaN","width":"NaN","height":"NaN","shapeStyle":2},"labelManager":{"labels":[{"type":"textLabel","@id":190,"inputText":"1","labelStyle":4,"shape":null,"layoutText":null}],"mainLabel":190},"properties":{"id":"a10f72e5acf3d432b13533a18af402fb"},"orientationAtVertex":"FREE","reference":null}],"properties":{"id":"98a90fcf0d02b6a8ed2e264ab56e4a17","type":"splice"},"reference":null},{"@id":191,"shape":null,"labelManager":{"labels":[{"type":"textLabel","@id":192,"inputText":"Ben","labelStyle":127,"shape":null,"layoutText":null}],"mainLabel":192},"portCompositions":[{"type":"portGroup","@id":193,"ordered":false,"portCompositions":[{"type":"port","@id":194,"shape":{"type":"rect","xposition":"NaN","yposition":"NaN","width":"NaN","height":"NaN","shapeStyle":125},"labelManager":{"labels":[{"type":"textLabel","@id":195,"inputText":"1","labelStyle":127,"shape":null,"layoutText":null}],"mainLabel":195},"properties":{},"orientationAtVertex":"FREE","reference":null}],"properties":{},"reference":null}],"properties":{},"reference":null},{"@id":196,"shape":null,"labelManager":{"labels":[{"type":"textLabel","@id":197,"inputText":"Lukas","labelStyle":127,"shape":null,"layoutText":null}],"mainLabel":197},"portCompositions":[{"type":"portGroup","@id":198,"ordered":false,"portCompositions":[{"type":"port","@id":199,"shape":{"type":"rect","xposition":"NaN","yposition":"NaN","width":"NaN","height":"NaN","shapeStyle":125},"labelManager":{"labels":[{"type":"textLabel","@id":200,"inputText":"1","labelStyle":127,"shape":null,"layoutText":null}],"mainLabel":200},"properties":{},"orientationAtVertex":"FREE","reference":null}],"properties":{},"reference":null}],"properties":{},"reference":null},{"@id":201,"shape":null,"labelManager":{"labels":[{"type":"textLabel","@id":202,"inputText":"Felix","labelStyle":127,"shape":null,"layoutText":null}],"mainLabel":202},"portCompositions":[{"type":"portGroup","@id":203,"ordered":false,"portCompositions":[{"type":"port","@id":204,"shape":{"type":"rect","xposition":"NaN","yposition":"NaN","width":"NaN","height":"NaN","shapeStyle":125},"labelManager":{"labels":[{"type":"textLabel","@id":205,"inputText":"1","labelStyle":127,"shape":null,"layoutText":null}],"mainLabel":205},"properties":{},"orientationAtVertex":"FREE","reference":null}],"properties":{},"reference":null}],"properties":{},"reference":null},{"@id":206,"shape":null,"labelManager":{"labels":[{"type":"textLabel","@id":207,"inputText":"Anton","labelStyle":127,"shape":null,"layoutText":null}],"mainLabel":207},"portCompositions":[{"type":"portGroup","@id":208,"ordered":false,"portCompositions":[{"type":"port","@id":209,"shape":{"type":"rect","xposition":"NaN","yposition":"NaN","width":"NaN","height":"NaN","shapeStyle":125},"labelManager":{"labels":[{"type":"textLabel","@id":210,"inputText":"1","labelStyle":127,"shape":null,"layoutText":null}],"mainLabel":210},"properties":{},"orientationAtVertex":"FREE","reference":null}],"properties":{},"reference":null}],"properties":{},"reference":null},{"@id":211,"shape":null,"labelManager":{"labels":[{"type":"textLabel","@id":212,"inputText":"David","labelStyle":127,"shape":null,"layoutText":null}],"mainLabel":212},"portCompositions":[{"type":"portGroup","@id":213,"ordered":false,"portCompositions":[{"type":"port","@id":214,"shape":{"type":"rect","xposition":"NaN","yposition":"NaN","width":"NaN","height":"NaN","shapeStyle":125},"labelManager":{"labels":[{"type":"textLabel","@id":215,"inputText":"1","labelStyle":127,"shape":null,"layoutText":null}],"mainLabel":215},"properties":{},"orientationAtVertex":"FREE","reference":null}],"properties":{},"reference":null}],"properties":{},"reference":null},{"@id":216,"shape":null,"labelManager":{"labels":[{"type":"textLabel","@id":217,"inputText":"Jan","labelStyle":127,"shape":null,"layoutText":null}],"mainLabel":217},"portCompositions":[{"type":"portGroup","@id":218,"ordered":false,"portCompositions":[{"type":"port","@id":219,"shape":{"type":"rect","xposition":"NaN","yposition":"NaN","width":"NaN","height":"NaN","shapeStyle":125},"labelManager":{"labels":[{"type":"textLabel","@id":220,"inputText":"1","labelStyle":127,"shape":null,"layoutText":null}],"mainLabel":220},"properties":{},"orientationAtVertex":"FREE","reference":null}],"properties":{},"reference":null}],"properties":{},"reference":null},{"@id":221,"shape":null,"labelManager":{"labels":[{"type":"textLabel","@id":222,"inputText":"Paul","labelStyle":127,"shape":null,"layoutText":null}],"mainLabel":222},"portCompositions":[{"type":"portGroup","@id":223,"ordered":false,"portCompositions":[{"type":"port","@id":224,"shape":{"type":"rect","xposition":"NaN","yposition":"NaN","width":"NaN","height":"NaN","shapeStyle":125},"labelManager":{"labels":[{"type":"textLabel","@id":225,"inputText":"1","labelStyle":127,"shape":null,"layoutText":null}],"mainLabel":225},"properties":{},"orientationAtVertex":"FREE","reference":null}],"properties":{},"reference":null}],"properties":{},"reference":null},{"@id":226,"shape":null,"labelManager":{"labels":[{"type":"textLabel","@id":227,"inputText":"Maximilian","labelStyle":127,"shape":null,"layoutText":null}],"mainLabel":227},"portCompositions":[{"type":"portGroup","@id":228,"ordered":false,"portCompositions":[{"type":"port","@id":229,"shape":{"type":"rect","xposition":"NaN","yposition":"NaN","width":"NaN","height":"NaN","shapeStyle":125},"labelManager":{"labels":[{"type":"textLabel","@id":230,"inputText":"1","labelStyle":127,"shape":null,"layoutText":null}],"mainLabel":230},"properties":{},"orientationAtVertex":"FREE","reference":null}],"properties":{},"reference":null}],"properties":{},"reference":null},{"@id":231,"shape":null,"labelManager":{"labels":[{"type":"textLabel","@id":232,"inputText":"Jan","labelStyle":127,"shape":null,"layoutText":null}],"mainLabel":232},"portCompositions":[{"type":"portGroup","@id":233,"ordered":false,"portCompositions":[{"type":"port","@id":234,"shape":{"type":"rect","xposition":"NaN","yposition":"NaN","width":"NaN","height":"NaN","shapeStyle":125},"labelManager":{"labels":[{"type":"textLabel","@id":235,"inputText":"1","labelStyle":127,"shape":null,"layoutText":null}],"mainLabel":235},"properties":{},"orientationAtVertex":"FREE","reference":null}],"properties":{},"reference":null}],"properties":{},"reference":null},{"@id":236,"shape":null,"labelManager":{"labels":[{"type":"textLabel","@id":237,"inputText":"Ben","labelStyle":127,"shape":null,"layoutText":null}],"mainLabel":237},"portCompositions":[{"type":"portGroup","@id":238,"ordered":false,"portCompositions":[{"type":"port","@id":239,"shape":{"type":"rect","xposition":"NaN","yposition":"NaN","width":"NaN","height":"NaN","shapeStyle":125},"labelManager":{"labels":[{"type":"textLabel","@id":240,"inputText":"1","labelStyle":127,"shape":null,"layoutText":null}],"mainLabel":240},"properties":{},"orientationAtVertex":"FREE","reference":null}],"properties":{},"reference":null}],"properties":{},"reference":null},{"@id":241,"shape":null,"labelManager":{"labels":[{"type":"textLabel","@id":242,"inputText":"Julius","labelStyle":127,"shape":null,"layoutText":null}],"mainLabel":242},"portCompositions":[{"type":"portGroup","@id":243,"ordered":false,"portCompositions":[{"type":"port","@id":244,"shape":{"type":"rect","xposition":"NaN","yposition":"NaN","width":"NaN","height":"NaN","shapeStyle":125},"labelManager":{"labels":[{"type":"textLabel","@id":245,"inputText":"1","labelStyle":127,"shape":null,"layoutText":null}],"mainLabel":245},"properties":{},"orientationAtVertex":"FREE","reference":null}],"properties":{},"reference":null}],"properties":{},"reference":null},{"@id":246,"shape":null,"labelManager":{"labels":[{"type":"textLabel","@id":247,"inputText":"Louis","labelStyle":127,"shape":null,"layoutText":null}],"mainLabel":247},"portCompositions":[{"type":"portGroup","@id":248,"ordered":false,"portCompositions":[{"type":"port","@id":249,"shape":{"type":"rect","xposition":"NaN","yposition":"NaN","width":"NaN","height":"NaN","shapeStyle":125},"labelManager":{"labels":[{"type":"textLabel","@id":250,"inputText":"1","labelStyle":127,"shape":null,"layoutText":null}],"mainLabel":250},"properties":{},"orientationAtVertex":"FREE","reference":null}],"properties":{},"reference":null}],"properties":{},"reference":null},{"@id":251,"shape":null,"labelManager":{"labels":[{"type":"textLabel","@id":252,"inputText":"Emil","labelStyle":127,"shape":null,"layoutText":null}],"mainLabel":252},"portCompositions":[{"type":"portGroup","@id":253,"ordered":false,"portCompositions":[{"type":"port","@id":254,"shape":{"type":"rect","xposition":"NaN","yposition":"NaN","width":"NaN","height":"NaN","shapeStyle":125},"labelManager":{"labels":[{"type":"textLabel","@id":255,"inputText":"1","labelStyle":127,"shape":null,"layoutText":null}],"mainLabel":255},"properties":{},"orientationAtVertex":"FREE","reference":null}],"properties":{},"reference":null}],"properties":{},"reference":null},{"@id":256,"shape":null,"labelManager":{"labels":[{"type":"textLabel","@id":257,"inputText":"Noah","labelStyle":127,"shape":null,"layoutText":null}],"mainLabel":257},"portCompositions":[{"type":"portGroup","@id":258,"ordered":false,"portCompositions":[{"type":"port","@id":259,"shape":{"type":"rect","xposition":"NaN","yposition":"NaN","width":"NaN","height":"NaN","shapeStyle":125},"labelManager":{"labels":[{"type":"textLabel","@id":260,"inputText":"1","labelStyle":127,"shape":null,"layoutText":null}],"mainLabel":260},"properties":{},"orientationAtVertex":"FREE","reference":null}],"properties":{},"reference":null}],"properties":{},"reference":null},{"@id":261,"shape":null,"labelManager":{"labels":[{"type":"textLabel","@id":262,"inputText":"Paul","labelStyle":127,"shape":null,"layoutText":null}],"mainLabel":262},"portCompositions":[{"type":"portGroup","@id":263,"ordered":false,"portCompositions":[{"type":"port","@id":264,"shape":{"type":"rect","xposition":"NaN","yposition":"NaN","width":"NaN","height":"NaN","shapeStyle":125},"labelManager":{"labels":[{"type":"textLabel","@id":265,"inputText":"1","labelStyle":127,"shape":null,"layoutText":null}],"mainLabel":265},"properties":{},"orientationAtVertex":"FREE","reference":null}],"properties":{},"reference":null}],"properties":{},"reference":null},{"@id":266,"shape":null,"labelManager":{"labels":[{"type":"textLabel","@id":267,"inputText":"Julian","labelStyle":127,"shape":null,"layoutText":null}],"mainLabel":267},"portCompositions":[{"type":"portGroup","@id":268,"ordered":false,"portCompositions":[{"type":"port","@id":269,"shape":{"type":"rect","xposition":"NaN","yposition":"NaN","width":"NaN","height":"NaN","shapeStyle":125},"labelManager":{"labels":[{"type":"textLabel","@id":270,"inputText":"1","labelStyle":127,"shape":null,"layoutText":null}],"mainLabel":270},"properties":{},"orientationAtVertex":"FREE","reference":null},{"type":"port","@id":271,"shape":{"type":"rect","xposition":"NaN","yposition":"NaN","width":"NaN","height":"NaN","shapeStyle":125},"labelManager":{"labels":[{"type":"textLabel","@id":272,"inputText":"3","labelStyle":127,"shape":null,"layoutText":null}],"mainLabel":272},"properties":{},"orientationAtVertex":"FREE","reference":null},{"type":"port","@id":273,"shape":{"type":"rect","xposition":"NaN","yposition":"NaN","width":"NaN","height":"NaN","shapeStyle":125},"labelManager":{"labels":[{"type":"textLabel","@id":274,"inputText":"2","labelStyle":127,"shape":null,"layoutText":null}],"mainLabel":274},"properties":{},"orientationAtVertex":"FREE","reference":null}],"properties":{},"reference":null}],"properties":{},"reference":null},{"@id":275,"shape":null,"labelManager":{"labels":[{"type":"textLabel","@id":276,"inputText":"Finn","labelStyle":127,"shape":null,"layoutText":null}],"mainLabel":276},"portCompositions":[{"type":"portGroup","@id":277,"ordered":false,"portCompositions":[{"type":"port","@id":278,"shape":{"type":"rect","xposition":"NaN","yposition":"NaN","width":"NaN","height":"NaN","shapeStyle":125},"labelManager":{"labels":[{"type":"textLabel","@id":279,"inputText":"1","labelStyle":127,"shape":null,"layoutText":null}],"mainLabel":279},"properties":{},"orientationAtVertex":"FREE","reference":null},{"type":"port","@id":280,"shape":{"type":"rect","xposition":"NaN","yposition":"NaN","width":"NaN","height":"NaN","shapeStyle":125},"labelManager":{"labels":[{"type":"textLabel","@id":281,"inputText":"3","labelStyle":127,"shape":null,"layoutText":null}],"mainLabel":281},"properties":{},"orientationAtVertex":"FREE","reference":null},{"type":"port","@id":282,"shape":{"type":"rect","xposition":"NaN","yposition":"NaN","width":"NaN","height":"NaN","shapeStyle":125},"labelManager":{"labels":[{"type":"textLabel","@id":283,"inputText":"2","labelStyle":127,"shape":null,"layoutText":null}],"mainLabel":283},"properties":{},"orientationAtVertex":"FREE","reference":null}],"properties":{},"reference":null}],"properties":{},"reference":null}],"vertexGroups":[{"@id":284,"drawnFrame":false,"labelManager":{"labels":[],"mainLabel":null},"shape":null,"containedVertices":[1,8],"containedVertexGroups":[],"touchingPairs":[{"vertex0":1,"horizontalPlacementVertex0":"FREE","verticalPlacementVertex0":"TOP","vertex1":8,"horizontalPlacementVertex1":"FREE","verticalPlacementVertex1":"FREE"}],"portPairings":[{"port0":6,"port1":11}],"properties":{},"reference":null},{"@id":285,"drawnFrame":false,"labelManager":{"labels":[],"mainLabel":null},"shape":null,"containedVertices":[13,24],"containedVertexGroups":[],"touchingPairs":[{"vertex0":13,"horizontalPlacementVertex0":"FREE","verticalPlacementVertex0":"TOP","vertex1":24,"horizontalPlacementVertex1":"FREE","verticalPlacementVertex1":"FREE"}],"portPairings":[{"port0":20,"port1":31},{"port0":16,"port1":27},{"port0":18,"port1":29},{"port0":22,"port1":33}],"properties":{},"reference":null},{"@id":286,"drawnFrame":false,"labelManager":{"labels":[],"mainLabel":null},"shape":null,"containedVertices":[39,52],"containedVertexGroups":[],"touchingPairs":[{"vertex0":39,"horizontalPlacementVertex0":"FREE","verticalPlacementVertex0":"TOP","vertex1":52,"horizontalPlacementVertex1":"FREE","verticalPlacementVertex1":"FREE"}],"portPairings":[{"port0":48,"port1":61},{"port0":42,"port1":55},{"port0":46,"port1":59},{"port0":50,"port1":63},{"port0":44,"port1":57}],"properties":{},"reference":null},{"@id":287,"drawnFrame":false,"labelManager":{"labels":[],"mainLabel":null},"shape":null,"containedVertices":[77,84],"containedVertexGroups":[],"touchingPairs":[{"vertex0":77,"horizontalPlacementVertex0":"FREE","verticalPlacementVertex0":"TOP","vertex1":84,"horizontalPlacementVertex1":"FREE","verticalPlacementVertex1":"FREE"}],"portPairings":[{"port0":82,"port1":89},{"port0":80,"port1":87}],"properties":{},"reference":null},{"@id":288,"drawnFrame":false,"labelManager":{"labels":[],"mainLabel":null},"shape":null,"containedVertices":[91,102],"containedVertexGroups":[],"touchingPairs":[{"vertex0":91,"horizontalPlacementVertex0":"FREE","verticalPlacementVertex0":"TOP","vertex1":102,"horizontalPlacementVertex1":"FREE","verticalPlacementVertex1":"FREE"}],"portPairings":[{"port0":98,"port1":109},{"port0":96,"port1":107},{"port0":94,"port1":105},{"port0":100,"port1":111}],"properties":{},"reference":null},{"@id":289,"drawnFrame":false,"labelManager":{"labels":[],"mainLabel":null},"shape":null,"containedVertices":[113,128],"containedVertexGroups":[],"touchingPairs":[{"vertex0":113,"horizontalPlacementVertex0":"FREE","verticalPlacementVertex0":"TOP","vertex1":128,"horizontalPlacementVertex1":"FREE","verticalPlacementVertex1":"FREE"}],"portPairings":[{"port0":116,"port1":131},{"port0":122,"port1":137},{"port0":120,"port1":135},{"port0":118,"port1":133},{"port0":124,"port1":139}],"properties":{},"reference":null},{"@id":290,"drawnFrame":false,"labelManager":{"labels":[],"mainLabel":null},"shape":null,"containedVertices":[141,150],"containedVertexGroups":[],"touchingPairs":[{"vertex0":141,"horizontalPlacementVertex0":"FREE","verticalPlacementVertex0":"TOP","vertex1":150,"horizontalPlacementVertex1":"FREE","verticalPlacementVertex1":"FREE"}],"portPairings":[{"port0":144,"port1":153},{"port0":146,"port1":155},{"port0":148,"port1":157}],"properties":{},"reference":null},{"@id":291,"drawnFrame":false,"labelManager":{"labels":[],"mainLabel":null},"shape":null,"containedVertices":[163,170],"containedVertexGroups":[],"touchingPairs":[{"vertex0":163,"horizontalPlacementVertex0":"FREE","verticalPlacementVertex0":"TOP","vertex1":170,"horizontalPlacementVertex1":"FREE","verticalPlacementVertex1":"FREE"}],"portPairings":[{"port0":168,"port1":175},{"port0":166,"port1":173}],"properties":{},"reference":null},{"@id":292,"drawnFrame":false,"labelManager":{"labels":[],"mainLabel":null},"shape":null,"containedVertices":[177,182],"containedVertexGroups":[],"touchingPairs":[{"vertex0":177,"horizontalPlacementVertex0":"FREE","verticalPlacementVertex0":"TOP","vertex1":182,"horizontalPlacementVertex1":"FREE","verticalPlacementVertex1":"FREE"}],"portPairings":[{"port0":180,"port1":185}],"properties":{},"reference":null},{"@id":293,"drawnFrame":false,"labelManager":{"labels":[],"mainLabel":null},"shape":null,"containedVertices":[206,211],"containedVertexGroups":[],"touchingPairs":[{"vertex0":206,"horizontalPlacementVertex0":"FREE","verticalPlacementVertex0":"FREE","vertex1":211,"horizontalPlacementVertex1":"FREE","verticalPlacementVertex1":"FREE"}],"portPairings":[{"port0":209,"port1":214}],"properties":{},"reference":null},{"@id":294,"drawnFrame":false,"labelManager":{"labels":[],"mainLabel":null},"shape":null,"containedVertices":[216,221],"containedVertexGroups":[],"touchingPairs":[{"vertex0":216,"horizontalPlacementVertex0":"FREE","verticalPlacementVertex0":"FREE","vertex1":221,"horizontalPlacementVertex1":"FREE","verticalPlacementVertex1":"FREE"}],"portPairings":[{"port0":219,"port1":224}],"properties":{},"reference":null},{"@id":295,"drawnFrame":false,"labelManager":{"labels":[],"mainLabel":null},"shape":null,"containedVertices":[226,231],"containedVertexGroups":[],"touchingPairs":[{"vertex0":226,"horizontalPlacementVertex0":"FREE","verticalPlacementVertex0":"FREE","vertex1":231,"horizontalPlacementVertex1":"FREE","verticalPlacementVertex1":"FREE"}],"portPairings":[{"port0":229,"port1":234}],"properties":{},"reference":null},{"@id":296,"drawnFrame":false,"labelManager":{"labels":[],"mainLabel":null},"shape":null,"containedVertices":[236,241],"containedVertexGroups":[],"touchingPairs":[{"vertex0":236,"horizontalPlacementVertex0":"FREE","verticalPlacementVertex0":"FREE","vertex1":241,"horizontalPlacementVertex1":"FREE","verticalPlacementVertex1":"FREE"}],"portPairings":[{"port0":239,"port1":244}],"properties":{},"reference":null},{"@id":297,"drawnFrame":false,"labelManager":{"labels":[],"mainLabel":null},"shape":null,"containedVertices":[246,251],"containedVertexGroups":[],"touchingPairs":[{"vertex0":246,"horizontalPlacementVertex0":"FREE","verticalPlacementVertex0":"FREE","vertex1":251,"horizontalPlacementVertex1":"FREE","verticalPlacementVertex1":"FREE"}],"portPairings":[{"port0":249,"port1":254}],"properties":{},"reference":null},{"@id":298,"drawnFrame":false,"labelManager":{"labels":[],"mainLabel":null},"shape":null,"containedVertices":[256,261],"containedVertexGroups":[],"touchingPairs":[{"vertex0":256,"horizontalPlacementVertex0":"FREE","verticalPlacementVertex0":"FREE","vertex1":261,"horizontalPlacementVertex1":"FREE","verticalPlacementVertex1":"FREE"}],"portPairings":[{"port0":259,"port1":264}],"properties":{},"reference":null},{"@id":299,"drawnFrame":false,"labelManager":{"labels":[],"mainLabel":null},"shape":null,"containedVertices":[266,275],"containedVertexGroups":[],"touchingPairs":[{"vertex0":266,"horizontalPlacementVertex0":"FREE","verticalPlacementVertex0":"FREE","vertex1":275,"horizontalPlacementVertex1":"FREE","verticalPlacementVertex1":"FREE"}],"portPairings":[{"port0":269,"port1":278},{"port0":271,"port1":280},{"port0":273,"port1":282}],"properties":{},"reference":null}],"edges":[{"@id":300,"ports":[61,11],"labelManager":{"innerLabels":[{"type":"textLabel","@id":301,"inputText":"Joel","labelStyle":4,"shape":null,"layoutText":null}],"allPortLabels":[],"mainLabel":301},"pathStyle":{"@id":302,"description":"default path style","thickness":-1.0,"color":{"argb":"ff000000"}},"paths":[],"properties":{"id":"2432351fa1ec68a88ce588dee7752747"},"reference":null},{"@id":303,"ports":[175,105],"labelManager":{"innerLabels":[{"type":"textLabel","@id":304,"inputText":"Liam","labelStyle":4,"shape":null,"layoutText":null}],"allPortLabels":[],"mainLabel":304},"pathStyle":302,"paths":[],"properties":{"id":"acd0bdc6c602b2557618521e8bd844b8"},"reference":null},{"@id":305,"ports":[189,94,98],"labelManager":{"innerLabels":[{"type":"textLabel","@id":306,"inputText":"Muhammed","labelStyle":4,"shape":null,"layoutText":null}],"allPortLabels":[],"mainLabel":306},"pathStyle":302,"paths":[],"properties":{"id":"ad751f8a41975dc076dc66da794becfc"},"reference":null},{"@id":307,"ports":[109,89],"labelManager":{"innerLabels":[{"type":"textLabel","@id":308,"inputText":"Samuel","labelStyle":4,"shape":null,"layoutText":null}],"allPortLabels":[],"mainLabel":308},"pathStyle":302,"paths":[],"properties":{"id":"9c71e0073bea74f52d8b497817d05477"},"reference":null},{"@id":309,"ports":[161,155],"labelManager":{"innerLabels":[{"type":"textLabel","@id":310,"inputText":"Valentin","labelStyle":4,"shape":null,"layoutText":null}],"allPortLabels":[],"mainLabel":310},"pathStyle":302,"paths":[],"properties":{"id":"0834d922749aa76d81d203e610f63abe"},"reference":null},{"@id":311,"ports":[87,111],"labelManager":{"innerLabels":[{"type":"textLabel","@id":312,"inputText":"Vincent","labelStyle":4,"shape":null,"layoutText":null}],"allPortLabels":[],"mainLabel":312},"pathStyle":302,"paths":[],"properties":{"id":"11ba7539a4d919b118242323d1ce664c"},"reference":null},{"@id":313,"ports":[63,33],"labelManager":{"innerLabels":[{"type":"textLabel","@id":314,"inputText":"Florian","labelStyle":4,"shape":null,"layoutText":null}],"allPortLabels":[],"mainLabel":314},"pathStyle":302,"paths":[],"properties":{"id":"0288361faae9fa8208f2b7d97b2efd71"},"reference":null},{"@id":315,"ports":[71,96,100],"labelManager":{"innerLabels":[{"type":"textLabel","@id":316,"inputText":"Justus","labelStyle":4,"shape":null,"layoutText":null}],"allPortLabels":[],"mainLabel":316},"pathStyle":302,"paths":[],"properties":{"id":"b5d3bd14fa5d4bb356efaab1e328c086"},"reference":null},{"@id":317,"ports":[173,107],"labelManager":{"innerLabels":[{"type":"textLabel","@id":318,"inputText":"Oskar","labelStyle":4,"shape":null,"layoutText":null}],"allPortLabels":[],"mainLabel":318},"pathStyle":302,"paths":[],"properties":{"id":"7d2fb70e8a758cfdea5e1610ef10d570"},"reference":null},{"@id":319,"ports":[27,59],"labelManager":{"innerLabels":[{"type":"textLabel","@id":320,"inputText":"Simon","labelStyle":4,"shape":null,"layoutText":null}],"allPortLabels":[],"mainLabel":320},"pathStyle":302,"paths":[],"properties":{"id":"1850a510c096933721f3522237741708"},"reference":null},{"@id":321,"ports":[37,137],"labelManager":{"innerLabels":[{"type":"textLabel","@id":322,"inputText":"Christian","labelStyle":4,"shape":null,"layoutText":null}],"allPortLabels":[],"mainLabel":322},"pathStyle":302,"paths":[],"properties":{"id":"959a6883a6c5df451e93d3f2929776c4"},"reference":null},{"@id":323,"ports":[259,168],"labelManager":{"innerLabels":[{"type":"textLabel","@id":324,"inputText":"Michael","labelStyle":127,"shape":null,"layoutText":null}],"allPortLabels":[],"mainLabel":324},"pathStyle":{"@id":325,"description":"default path style","thickness":-1.0,"color":{"argb":"ff000000"}},"paths":[],"properties":{},"reference":null},{"@id":326,"ports":[219,264],"labelManager":{"innerLabels":[{"type":"textLabel","@id":327,"inputText":"Levi","labelStyle":127,"shape":null,"layoutText":null}],"allPortLabels":[],"mainLabel":327},"pathStyle":325,"paths":[],"properties":{},"reference":null},{"@id":328,"ports":[194,157],"labelManager":{"innerLabels":[{"type":"textLabel","@id":329,"inputText":"Mika","labelStyle":127,"shape":null,"layoutText":null}],"allPortLabels":[],"mainLabel":329},"pathStyle":325,"paths":[],"properties":{},"reference":null},{"@id":330,"ports":[180,224],"labelManager":{"innerLabels":[{"type":"textLabel","@id":331,"inputText":"Daniel","labelStyle":127,"shape":null,"layoutText":null}],"allPortLabels":[],"mainLabel":331},"pathStyle":325,"paths":[],"properties":{},"reference":null},{"@id":332,"ports":[199,67],"labelManager":{"innerLabels":[{"type":"textLabel","@id":333,"inputText":"Tim","labelStyle":127,"shape":null,"layoutText":null}],"allPortLabels":[],"mainLabel":333},"pathStyle":325,"paths":[],"properties":{},"reference":null},{"@id":334,"ports":[249,234],"labelManager":{"innerLabels":[{"type":"textLabel","@id":335,"inputText":"Can","labelStyle":127,"shape":null,"layoutText":null}],"allPortLabels":[],"mainLabel":335},"pathStyle":325,"paths":[],"properties":{},"reference":null},{"@id":336,"ports":[75,239],"labelManager":{"innerLabels":[{"type":"textLabel","@id":337,"inputText":"Milan","labelStyle":127,"shape":null,"layoutText":null}],"allPortLabels":[],"mainLabel":337},"pathStyle":325,"paths":[],"properties":{},"reference":null},{"@id":338,"ports":[209,153],"labelManager":{"innerLabels":[{"type":"textLabel","@id":339,"inputText":"Johann","labelStyle":127,"shape":null,"layoutText":null}],"allPortLabels":[],"mainLabel":339},"pathStyle":325,"paths":[],"properties":{},"reference":null},{"@id":340,"ports":[131,254],"labelManager":{"innerLabels":[{"type":"textLabel","@id":341,"inputText":"Gabriel","labelStyle":127,"shape":null,"layoutText":null}],"allPortLabels":[],"mainLabel":341},"pathStyle":325,"paths":[],"properties":{},"reference":null},{"@id":342,"ports":[214,185],"labelManager":{"innerLabels":[{"type":"textLabel","@id":343,"inputText":"Karl","labelStyle":127,"shape":null,"layoutText":null}],"allPortLabels":[],"mainLabel":343},"pathStyle":325,"paths":[],"properties":{},"reference":null},{"@id":344,"ports":[199,57],"labelManager":{"innerLabels":[{"type":"textLabel","@id":345,"inputText":"Frederik","labelStyle":127,"shape":null,"layoutText":null}],"allPortLabels":[],"mainLabel":345},"pathStyle":325,"paths":[],"properties":{},"reference":null},{"@id":346,"ports":[204,55],"labelManager":{"innerLabels":[{"type":"textLabel","@id":347,"inputText":"Peter","labelStyle":127,"shape":null,"layoutText":null}],"allPortLabels":[],"mainLabel":347},"pathStyle":325,"paths":[],"properties":{},"reference":null},{"@id":348,"ports":[282,135],"labelManager":{"innerLabels":[{"type":"textLabel","@id":349,"inputText":"Henry","labelStyle":127,"shape":null,"layoutText":null}],"allPortLabels":[],"mainLabel":349},"pathStyle":325,"paths":[],"properties":{},"reference":null},{"@id":350,"ports":[6,244],"labelManager":{"innerLabels":[{"type":"textLabel","@id":351,"inputText":"Niklas","labelStyle":127,"shape":null,"layoutText":null}],"allPortLabels":[],"mainLabel":351},"pathStyle":325,"paths":[],"properties":{},"reference":null},{"@id":352,"ports":[166,139],"labelManager":{"innerLabels":[{"type":"textLabel","@id":353,"inputText":"Ali","labelStyle":127,"shape":null,"layoutText":null}],"allPortLabels":[],"mainLabel":353},"pathStyle":325,"paths":[],"properties":{},"reference":null},{"@id":354,"ports":[280,31],"labelManager":{"innerLabels":[{"type":"textLabel","@id":355,"inputText":"Johannes","labelStyle":127,"shape":null,"layoutText":null}],"allPortLabels":[],"mainLabel":355},"pathStyle":325,"paths":[],"properties":{},"reference":null}],"edgeBundles":[]}