{"vertices":[{"@id":1,"shape":{"type":"rect","xposition":"NaN","yposition":"NaN","width":"NaN","height":"NaN","shapeStyle":{"@id":2,"description":"default shape style","color":{"argb":"ff000000"}}},"labelManager":{"labels":[{"type":"textLabel","@id":3,"inputText":"Emir","labelStyle":{"@id":4,"description":"default text label style","font":{"fontName":"SansSerif","style":0,"size":10},"noBreak":false,"color":{"argb":"ff000000"},"showLabel":true,"placement":"FREE","horizontalPlacement":"FREE","verticalPlacement":"FREE"},"shape":null,"layoutText":null}],"mainLabel":3},"portCompositions":[{"type":"portGroup","@id":5,"ordered":false,"portCompositions":[{"type":"port","@id":6,"shape":{"type":"rect","xposition":"NaN","yposition":"NaN","width":"NaN","height":"NaN","shapeStyle":2},"labelManager":{"labels":[{"type":"textLabel","@id":7,"inputText":"1","labelStyle":4,"shape":null,"layoutText":null}],"mainLabel":7},"properties":{"id":"8d0aba4e77d0f2cc914db5e19f5ea898"},"orientationAtVertex":"FREE","reference":null}],"properties":{},"reference":null}],"properties":{"id":"77ac5b92ce1849bf6b2ae1bb7ef3c693","type":"plug"},"reference":null},{"@id":8,"shape":{"type":"rect","xposition":"NaN","yposition":"NaN","width":"NaN","height":"NaN","shapeStyle":2},"labelManager":{"labels":[{"type":"textLabel","@id":9,"inputText":"Paul","labelStyle":4,"shape":null,"layoutText":null}],"mainLabel":9},"portCompositions":[{"type":"portGroup","@id":10,"ordered":false,"portCompositions":[{"type":"port","@id":11,"shape":{"type":"rect","xposition":"NaN","yposition":"NaN","width":"NaN","height":"NaN","shapeStyle":2},"labelManager":{"labels":[{"type":"textLabel","@id":12,"inputText":"1","labelStyle":4,"shape":null,"layoutText":null}],"mainLabel":12},"properties":{"id":"131857fb2f1888978a0cc8c33b351609"},"orientationAtVertex":"FREE","reference":null}],"properties":{},"reference":null}],"properties":{"id":"25c74d4083c3c655f76e6581b820a062","type":"plug"},"reference":null},{"@id":13,"shape":{"type":"rect","xposition":"NaN","yposition":"NaN","width":"NaN","height":"NaN","shapeStyle":2},"labelManager":{"labels":[{"type":"textLabel","@id":14,"inputText":"Leonard","labelStyle":4,"shape":null,"layoutText":null}],"mainLabel":14},"portCompositions":[{"type":"port","@id":15,"shape":{"type":"rect","xposition":"NaN","yposition":"NaN","width":"NaN","height":"NaN","shapeStyle":2},"labelManager":{"labels":[{"type":"textLabel","@id":16,"inputText":"1","labelStyle":4,"shape":null,"layoutText":null}],"mainLabel":16},"properties":{"id":"53ad3c52bb1346e62d08d295343d2e56"},"orientationAtVertex":"FREE","reference":null}],"properties":{"id":"980e25ea9b76f40560aa81d85e960c8e","type":"splice"},"reference":null},{"@id":17,"shape":{"type":"rect","xposition":"NaN","yposition":"NaN","width":"NaN","height":"NaN","shapeStyle":2},"labelManager":{"labels":[{"type":"textLabel","@id":18,"inputText":"Michael","labelStyle":4,"shape":null,"layoutText":null}],"mainLabel":18},"portCompositions":[{"type":"port","@id":19,"shape":{"type":"rect","xposition":"NaN","yposition":"NaN","width":"NaN","height":"NaN","shapeStyle":2},"labelManager":{"labels":[{"type":"textLabel","@id":20,"inputText":"1","labelStyle":4,"shape":null,"layoutText":null}],"mainLabel":20},"properties":{"id":"40abf9bc054d25c933f305df3cb8874f"},"orientationAtVertex":"FREE","reference":null}],"properties":{"id":"2120d44323f7ab919d1d52cbb517cfde","type":"splice"},"reference":null},{"@id":21,"shape":{"type":"rect","xposition":"NaN","yposition":"NaN","width":"NaN","height":"NaN","shapeStyle":2},"labelManager":{"labels":[{"type":"textLabel","@id":22,"inputText":"Henry","labelStyle":4,"shape":null,"layoutText":null}],"mainLabel":22},"portCompositions":[{"type":"port","@id":23,"shape":{"type":"rect","xposition":"NaN","yposition":"NaN","width":"NaN","height":"NaN","shapeStyle":2},"labelManager":{"labels":[{"type":"textLabel","@id":24,"inputText":"1","labelStyle":4,"shape":null,"layoutText":null}],"mainLabel":24},"properties":{"id":"5f1dac7e749a9cbf9c502d6aead87a1f"},"orientationAtVertex":"FREE","reference":null}],"properties":{"id":"1aca1554ce16c8dd0111a3a5b0cf1a2c","type":"splice"},"reference":null},{"@id":25,"shape":{"type":"rect","xposition":"NaN","yposition":"NaN","width":"NaN","height":"NaN","shapeStyle":2},"labelManager":{"labels":[{"type":"textLabel","@id":26,"inputText":"Anton","labelStyle":4,"shape":null,"layoutText":null}],"mainLabel":26},"portCompositions":[{"type":"portGroup","@id":27,"ordered":false,"portCompositions":[{"type":"port","@id":28,"shape":{"type":"rect","xposition":"NaN","yposition":"NaN","width":"NaN","height":"NaN","shapeStyle":2},"labelManager":{"labels":[{"type":"textLabel","@id":29,"inputText":"1","labelStyle":4,"shape":null,"layoutText":null}],"mainLabel":29},"properties":{"id":"bce94778e06b6c07e02f1047cf0c6368"},"orientationAtVertex":"FREE","reference":null}],"properties":{},"reference":null}],"properties":{"id":"5fa2380541889db8cd3487cefbbd603f","type":"plug"},"reference":null},{"@id":30,"shape":{"type":"rect","xposition":"NaN","yposition":"NaN","width":"NaN","height":"NaN","shapeStyle":2},"labelManager":{"labels":[{"type":"textLabel","@id":31,"inputText":"Frederik","labelStyle":4,"shape":null,"layoutText":null}],"mainLabel":31},"portCompositions":[{"type":"portGroup","@id":32,"ordered":false,"portCompositions":[{"type":"port","@id":33,"shape":{"type":"rect","xposition":"NaN","yposition":"NaN","width":"NaN","height":"NaN","shapeStyle":2},"labelManager":{"labels":[{"type":"textLabel","@id":34,"inputText":"1","labelStyle":4,"shape":null,"layoutText":null}],"mainLabel":34},"properties":{"id":"344a01e43e309008f61473debcfb343c"},"orientationAtVertex":"FREE","reference":null}],"properties":{},"reference":null}],"properties":{"id":"db053797197770e7ee1ab056c279ca73","type":"plug"},"reference":null},{"@id":35,"shape":{"type":"rect","xposition":"NaN","yposition":"NaN","width":"NaN","height":"NaN","shapeStyle":2},"labelManager":{"labels":[{"type":"textLabel","@id":36,"inputText":"Jonas","labelStyle":4,"shape":null,"layoutText":null}],"mainLabel":36},"portCompositions":[{"type":"port","@id":37,"shape":{"type":"rect","xposition":"NaN","yposition":"NaN","width":"NaN","height":"NaN","shapeStyle":2},"labelManager":{"labels":[{"type":"textLabel","@id":38,"inputText":"1","labelStyle":4,"shape":null,"layoutText":null}],"mainLabel":38},"properties":{"id":"191fee5a08145624046d5c253f56bbcf"},"orientationAtVertex":"FREE","reference":null}],"properties":{"id":"484a1e33b08c42c550779f744558408d","type":"splice"},"reference":null},{"@id":39,"shape":{"type":"rect","xposition":"NaN","yposition":"NaN","width":"NaN","height":"NaN","shapeStyle":2},"labelManager":{"labels":[{"type":"textLabel","@id":40,"inputText":"Emil","labelStyle":4,"shape":null,"layoutText":null}],"mainLabel":40},"portCompositions":[{"type":"portGroup","@id":41,"ordered":false,"portCompositions":[{"type":"port","@id":42,"shape":{"type":"rect","xposition":"NaN","yposition":"NaN","width":"NaN","height":"NaN","shapeStyle":2},"labelManager":{"labels":[{"type":"textLabel","@id":43,"inputText":"3","labelStyle":4,"shape":null,"layoutText":null}],"mainLabel":43},"properties":{"id":"bdf063274590904e33c35a1eff193ce0"},"orientationAtVertex":"FREE","reference":null},{"type":"port","@id":44,"shape":{"type":"rect","xposition":"NaN","yposition":"NaN","width":"NaN","height":"NaN","shapeStyle":2},"labelManager":{"labels":[{"type":"textLabel","@id":45,"inputText":"1","labelStyle":4,"shape":null,"layoutText":null}],"mainLabel":45},"properties":{"id":"450e7f271c04925b6310a4d6cdcd26cf"},"orientationAtVertex":"FREE","reference":null},{"type":"port","@id":46,"shape":{"type":"rect","xposition":"NaN","yposition":"NaN","width":"NaN","height":"NaN","shapeStyle":{"@id":47,"description":"default shape style","color":{"argb":"ff000000"}}},"labelManager":{"labels":[{"type":"textLabel","@id":48,"inputText":"2","labelStyle":{"@id":49,"description":"default text label style","font":{"fontName":"SansSerif","style":0,"size":10},"noBreak":false,"color":{"argb":"ff000000"},"showLabel":true,"placement":"FREE","horizontalPlacement":"FREE","verticalPlacement":"FREE"},"shape":null,"layoutText":null}],"mainLabel":48},"properties":{},"orientationAtVertex":"FREE","reference":null}],"properties":{},"reference":null}],"properties":{"id":"6a26fabbe41534de1f28efde698a7fdb","type":"device"},"reference":null},{"@id":50,"shape":{"type":"rect","xposition":"NaN","yposition":"NaN","width":"NaN","height":"NaN","shapeStyle":2},"labelManager":{"labels":[{"type":"textLabel","@id":51,"inputText":"Johannes","labelStyle":4,"shape":null,"layoutText":null}],"mainLabel":51},"portCompositions":[{"type":"portGroup","@id":52,"ordered":false,"portCompositions":[{"type":"port","@id":53,"shape":{"type":"rect","xposition":"NaN","yposition":"NaN","width":"NaN","height":"NaN","shapeStyle":2},"labelManager":{"labels":[{"type":"textLabel","@id":54,"inputText":"3","labelStyle":4,"shape":null,"layoutText":null}],"mainLabel":54},"properties":{"id":"c100fadf5e7bc6e1eb95b58365475b0a"},"orientationAtVertex":"FREE","reference":null},{"type":"port","@id":55,"shape":{"type":"rect","xposition":"NaN","yposition":"NaN","width":"NaN","height":"NaN","shapeStyle":2},"labelManager":{"labels":[{"type":"textLabel","@id":56,"inputText":"1","labelStyle":4,"shape":null,"layoutText":null}],"mainLabel":56},"properties":{"id":"775ac5bba687a221baef142407be257e"},"orientationAtVertex":"FREE","reference":null},{"type":"port","@id":57,"shape":{"type":"rect","xposition":"NaN","yposition":"NaN","width":"NaN","height":"NaN","shapeStyle":47},"labelManager":{"labels":[{"type":"textLabel","@id":58,"inputText":"2","labelStyle":49,"shape":null,"layoutText":null}],"mainLabel":58},"properties":{},"orientationAtVertex":"FREE","reference":null}],"properties":{},"reference":null}],"properties":{"id":"74ddc5a0f47142c21f51a4f71beeebfe","type":"socket"},"reference":null},{"@id":59,"shape":{"type":"rect","xposition":"NaN","yposition":"NaN","width":"NaN","height":"NaN","shapeStyle":2},"labelManager":{"labels":[{"type":"textLabel","@id":60,"inputText":"Alexander","labelStyle":4,"shape":null,"layoutText":null}],"mainLabel":60},"portCompositions":[{"type":"port","@id":61,"shape":{"type":"rect","xposition":"NaN","yposition":"NaN","width":"NaN","height":"NaN","shapeStyle":2},"labelManager":{"labels":[{"type":"textLabel","@id":62,"inputText":"1","labelStyle":4,"shape":null,"layoutText":null}],"mainLabel":62},"properties":{"id":"0784dfe0f050bced9728ab3ef905d99e"},"orientationAtVertex":"FREE","reference":null}],"properties":{"id":"320276f059c9f72c6cff22587c889595","type":"splice"},"reference":null},{"@id":63,"shape":{"type":"rect","xposition":"NaN","yposition":"NaN","width":"NaN","height":"NaN","shapeStyle":2},"labelManager":{"labels":[{"type":"textLabel","@id":64,"inputText":"Can","labelStyle":4,"shape":null,"layoutText":null}],"mainLabel":64},"portCompositions":[{"type":"port","@id":65,"shape":{"type":"rect","xposition":"NaN","yposition":"NaN","width":"NaN","height":"NaN","shapeStyle":2},"labelManager":{"labels":[{"type":"textLabel","@id":66,"inputText":"1","labelStyle":4,"shape":null,"layoutText":null}],"mainLabel":66},"properties":{"id":"13998210761cd0677b69245c66af10f6"},"orientationAtVertex":"FREE","reference":null}],"properties":{"id":"1d8cd2d1911d6fafba1a977064117083","type":"splice"},"reference":null},{"@id":67,"shape":{"type":"rect","xposition":"NaN","yposition":"NaN","width":"NaN","height":"NaN","shapeStyle":2},"labelManager":{"labels":[{"type":"textLabel","@id":68,"inputText":"Luis","labelStyle":4,"shape":null,"layoutText":null}],"mainLabel":68},"portCompositions":[{"type":"port","@id":69,"shape":{"type":"rect","xposition":"NaN","yposition":"NaN","width":"NaN","height":"NaN","shapeStyle":2},"labelManager":{"labels":[{"type":"textLabel","@id":70,"inputText":"1","labelStyle":4,"shape":null,"layoutText":null}],"mainLabel":70},"properties":{"id":"df203af394574fcad033fb660681a639"},"orientationAtVertex":"FREE","reference":null}],"properties":{"id":"fd5c8560f67638284dca47051b949edb","type":"splice"},"reference":null},{"@id":71,"shape":{"type":"rect","xposition":"NaN","yposition":"NaN","width":"NaN","height":"NaN","shapeStyle":2},"labelManager":{"labels":[{"type":"textLabel","@id":72,"inputText":"Julian","labelStyle":4,"shape":null,"layoutText":null}],"mainLabel":72},"portCompositions":[{"type":"port","@id":73,"shape":{"type":"rect","xposition":"NaN","yposition":"NaN","width":"NaN","height":"NaN","shapeStyle":2},"labelManager":{"labels":[{"type":"textLabel","@id":74,"inputText":"1","labelStyle":4,"shape":null,"layoutText":null}],"mainLabel":74},"properties":{"id":"ab5793171f776cef8ab1d169c5f55f0d"},"orientationAtVertex":"FREE","reference":null}],"properties":{"id":"cf9ada24e176bae861af2da3bd99f52e","type":"splice"},"reference":null},{"@id":75,"shape":{"type":"rect","xposition":"NaN","yposition":"NaN","width":"NaN","height":"NaN","shapeStyle":2},"labelManager":{"labels":[{"type":"textLabel","@id":76,"inputText":"Ben","labelStyle":4,"shape":null,"layoutText":null}],"mainLabel":76},"portCompositions":[{"type":"portGroup","@id":77,"ordered":false,"portCompositions":[{"type":"port","@id":78,"shape":{"type":"rect","xposition":"NaN","yposition":"NaN","width":"NaN","height":"NaN","shapeStyle":2},"labelManager":{"labels":[{"type":"textLabel","@id":79,"inputText":"1","labelStyle":4,"shape":null,"layoutText":null}],"mainLabel":79},"properties":{"id":"59013b7335301f3aa3d1c3f090a7f3f9"},"orientationAtVertex":"FREE","reference":null},{"type":"port","@id":80,"shape":{"type":"rect","xposition":"NaN","yposition":"NaN","width":"NaN","height":"NaN","shapeStyle":2},"labelManager":{"labels":[{"type":"textLabel","@id":81,"inputText":"3","labelStyle":4,"shape":null,"layoutText":null}],"mainLabel":81},"properties":{"id":"33dbd1684469b387969303472236625e"},"orientationAtVertex":"FREE","reference":null},{"type":"port","@id":82,"shape":{"type":"rect","xposition":"NaN","yposition":"NaN","width":"NaN","height":"NaN","shapeStyle":47},"labelManager":{"labels":[{"type":"textLabel","@id":83,"inputText":"2","labelStyle":49,"shape":null,"layoutText":null}],"mainLabel":83},"properties":{},"orientationAtVertex":"FREE","reference":null}],"properties":{},"reference":null}],"properties":{"id":"ca5be94d05b4d731d8fa97c572bf64c0","type":"plug"},"reference":null},{"@id":84,"shape":{"type":"rect","xposition":"NaN","yposition":"NaN","width":"NaN","height":"NaN","shapeStyle":2},"labelManager":{"labels":[{"type":"textLabel","@id":85,"inputText":"Henri","labelStyle":4,"shape":null,"layoutText":null}],"mainLabel":85},"portCompositions":[{"type":"portGroup","@id":86,"ordered":false,"portCompositions":[{"type":"port","@id":87,"shape":{"type":"rect","xposition":"NaN","yposition":"NaN","width":"NaN","height":"NaN","shapeStyle":2},"labelManager":{"labels":[{"type":"textLabel","@id":88,"inputText":"1","labelStyle":4,"shape":null,"layoutText":null}],"mainLabel":88},"properties":{"id":"2de40ccb19a86838b54c162adc730332"},"orientationAtVertex":"FREE","reference":null},{"type":"port","@id":89,"shape":{"type":"rect","xposition":"NaN","yposition":"NaN","width":"NaN","height":"NaN","shapeStyle":2},"labelManager":{"labels":[{"type":"textLabel","@id":90,"inputText":"3","labelStyle":4,"shape":null,"layoutText":null}],"mainLabel":90},"properties":{"id":"a087bccabacd6af63a57bda3c2c76aae"},"orientationAtVertex":"FREE","reference":null},{"type":"port","@id":91,"shape":{"type":"rect","xposition":"NaN","yposition":"NaN","width":"NaN","height":"NaN","shapeStyle":47},"labelManager":{"labels":[{"type":"textLabel","@id":92,"inputText":"2","labelStyle":49,"shape":null,"layoutText":null}],"mainLabel":92},"properties":{},"orientationAtVertex":"FREE","reference":null}],"properties":{},"reference":null}],"properties":{"id":"da956b0db14d167ef7c4092a59b46ad2","type":"plug"},"reference":null},{"@id":93,"shape":{"type":"rect","xposition":"NaN","yposition":"NaN","width":"NaN","height":"NaN","shapeStyle":2},"labelManager":{"labels":[{"type":"textLabel","@id":94,"inputText":"Leon","labelStyle":4,"shape":null,"layoutText":null}],"mainLabel":94},"portCompositions":[{"type":"portGroup","@id":95,"ordered":false,"portCompositions":[{"type":"port","@id":96,"shape":{"type":"rect","xposition":"NaN","yposition":"NaN","width":"NaN","height":"NaN","shapeStyle":2},"labelManager":{"labels":[{"type":"textLabel","@id":97,"inputText":"1","labelStyle":4,"shape":null,"layoutText":null}],"mainLabel":97},"properties":{"id":"022c6810e3cf7543d35dc1bfc9212d6e"},"orientationAtVertex":"FREE","reference":null},{"type":"port","@id":98,"shape":{"type":"rect","xposition":"NaN","yposition":"NaN","width":"NaN","height":"NaN","shapeStyle":2},"labelManager":{"labels":[{"type":"textLabel","@id":99,"inputText":"4","labelStyle":4,"shape":null,"layoutText":null}],"mainLabel":99},"properties":{"id":"fd5a872dcba49804a5dcac12597b5056"},"orientationAtVertex":"FREE","reference":null},{"type":"port","@id":100,"shape":{"type":"rect","xposition":"NaN","yposition":"NaN","width":"NaN","height":"NaN","shapeStyle":2},"labelManager":{"labels":[{"type":"textLabel","@id":101,"inputText":"5","labelStyle":4,"shape":null,"layoutText":null}],"mainLabel":101},"properties":{"id":"cf768748864d33c91ab59f53e6755e6b"},"orientationAtVertex":"FREE","reference":null},{"type":"port","@id":102,"shape":{"type":"rect","xposition":"NaN","yposition":"NaN","width":"NaN","height":"NaN","shapeStyle":2},"labelManager":{"labels":[{"type":"textLabel","@id":103,"inputText":"2","labelStyle":4,"shape":null,"layoutText":null}],"mainLabel":103},"properties":{"id":"81e8dfe4ef577e50dacb3f7ebbd299d1"},"orientationAtVertex":"FREE","reference":null},{"type":"port","@id":104,"shape":{"type":"rect","xposition":"NaN","yposition":"NaN","width":"NaN","height":"NaN","shapeStyle":2},"labelManager":{"labels":[{"type":"textLabel","@id":105,"inputText":"6","labelStyle":4,"shape":null,"layoutText":null}],"mainLabel":105},"properties":{"id":"c575c9aeec949588ab6cf687843e2ce3"},"orientationAtVertex":"FREE","reference":null},{"type":"port","@id":106,"shape":{"type":"rect","xposition":"NaN","yposition":"NaN","width":"NaN","height":"NaN","shapeStyle":2},"labelManager":{"labels":[{"type":"textLabel","@id":107,"inputText":"3","labelStyle":4,"shape":null,"layoutText":null}],"mainLabel":107},"properties":{"id":"d073244f1949c893b379133b0a0965f2"},"orientationAtVertex":"FREE","reference":null}],"properties":{},"reference":null}],"properties":{"id":"edb4f1269e8e227e4a7e4f0311ecaa47","type":"plug"},"reference":null},{"@id":108,"shape":{"type":"rect","xposition":"NaN","yposition":"NaN","width":"NaN","height":"NaN","shapeStyle":2},"labelManager":{"labels":[{"type":"textLabel","@id":109,"inputText":"Liam","labelStyle":4,"shape":null,"layoutText":null}],"mainLabel":109},"portCompositions":[{"type":"portGroup","@id":110,"ordered":false,"portCompositions":[{"type":"port","@id":111,"shape":{"type":"rect","xposition":"NaN","yposition":"NaN","width":"NaN","height":"NaN","shapeStyle":2},"labelManager":{"labels":[{"type":"textLabel","@id":112,"inputText":"1","labelStyle":4,"shape":null,"layoutText":null}],"mainLabel":112},"properties":{"id":"dfff480a03a2afe27447b78674ec2a7b"},"orientationAtVertex":"FREE","reference":null},{"type":"port","@id":113,"shape":{"type":"rect","xposition":"NaN","yposition":"NaN","width":"NaN","height":"NaN","shapeStyle":2},"labelManager":{"labels":[{"type":"textLabel","@id":114,"inputText":"4","labelStyle":4,"shape":null,"layoutText":null}],"mainLabel":114},"properties":{"id":"28d7c383550ae7b79f55b593485f1ba6"},"orientationAtVertex":"FREE","reference":null},{"type":"port","@id":115,"shape":{"type":"rect","xposition":"NaN","yposition":"NaN","width":"NaN","height":"NaN","shapeStyle":2},"labelManager":{"labels":[{"type":"textLabel","@id":116,"inputText":"5","labelStyle":4,"shape":null,"layoutText":null}],"mainLabel":116},"properties":{"id":"944afb92fd20cb632e38de2fca4f6854"},"orientationAtVertex":"FREE","reference":null},{"type":"port","@id":117,"shape":{"type":"rect","xposition":"NaN","yposition":"NaN","width":"NaN","height":"NaN","shapeStyle":2},"labelManager":{"labels":[{"type":"textLabel","@id":118,"inputText":"2","labelStyle":4,"shape":null,"layoutText":null}],"mainLabel":118},"properties":{"id":"ac1ee47aa4320ff174bf227baf5b8ad7"},"orientationAtVertex":"FREE","reference":null},{"type":"port","@id":119,"shape":{"type":"rect","xposition":"NaN","yposition":"NaN","width":"NaN","height":"NaN","shapeStyle":2},"labelManager":{"labels":[{"type":"textLabel","@id":120,"inputText":"6","labelStyle":4,"shape":null,"layoutText":null}],"mainLabel":120},"properties":{"id":"50e04aee2b0fe2e65b9e4ac09c018e7e"},"orientationAtVertex":"FREE","reference":null},{"type":"port","@id":121,"shape":{"type":"rect","xposition":"NaN","yposition":"NaN","width":"NaN","height":"NaN","shapeStyle":2},"labelManager":{"labels":[{"type":"textLabel","@id":122,"inputText":"3","labelStyle":4,"shape":null,"layoutText":null}],"mainLabel":122},"properties":{"id":"658b4321bf3fd7a6ec5e4c556707ab74"},"orientationAtVertex":"FREE","reference":null}],"properties":{},"reference":null}],"properties":{"id":"f0d95c336eb851a04437989d03185073","type":"plug"},"reference":null},{"@id":123,"shape":{"type":"rect","xposition":"NaN","yposition":"NaN","width":"NaN","height":"NaN","shapeStyle":2},"labelManager":{"labels":[{"type":"textLabel","@id":124,"inputText":"Simon","labelStyle":4,"shape":null,"layoutText":null}],"mainLabel":124},"portCompositions":[{"type":"portGroup","@id":125,"ordered":false,"portCompositions":[{"type":"port","@id":126,"shape":{"type":"rect","xposition":"NaN","yposition":"NaN","width":"NaN","height":"NaN","shapeStyle":2},"labelManager":{"labels":[{"type":"textLabel","@id":127,"inputText":"3","labelStyle":4,"shape":null,"layoutText":null}],"mainLabel":127},"properties":{"id":"18ead3eed901ffb801427e7c5d38750f"},"orientationAtVertex":"FREE","reference":null},{"type":"port","@id":128,"shape":{"type":"rect","xposition":"NaN","yposition":"NaN","width":"NaN","height":"NaN","shapeStyle":2},"labelManager":{"labels":[{"type":"textLabel","@id":129,"inputText":"1","labelStyle":4,"shape":null,"layoutText":null}],"mainLabel":129},"properties":{"id":"558b0d3210e63033ff2c33145250038e"},"orientationAtVertex":"FREE","reference":null},{"type":"port","@id":130,"shape":{"type":"rect","xposition":"NaN","yposition":"NaN","width":"NaN","height":"NaN","shapeStyle":47},"labelManager":{"labels":[{"type":"textLabel","@id":131,"inputText":"2","labelStyle":49,"shape":null,"layoutText":null}],"mainLabel":131},"properties":{},"orientationAtVertex":"FREE","reference":null}],"properties":{},"reference":null}],"properties":{"id":"e3f206769398a9177d41ff37233d481e","type":"plug"},"reference":null},{"@id":132,"shape":{"type":"rect","xposition":"NaN","yposition":"NaN","width":"NaN","height":"NaN","shapeStyle":2},"labelManager":{"labels":[{"type":"textLabel","@id":133,"inputText":"David","labelStyle":4,"shape":null,"layoutText":null}],"mainLabel":133},"portCompositions":[{"type":"portGroup","@id":134,"ordered":false,"portCompositions":[{"type":"port","@id":135,"shape":{"type":"rect","xposition":"NaN","yposition":"NaN","width":"NaN","height":"NaN","shapeStyle":2},"labelManager":{"labels":[{"type":"textLabel","@id":136,"inputText":"3","labelStyle":4,"shape":null,"layoutText":null}],"mainLabel":136},"properties":{"id":"ecfb09e205b75a9572ec2220f9964ac5"},"orientationAtVertex":"FREE","reference":null},{"type":"port","@id":137,"shape":{"type":"rect","xposition":"NaN","yposition":"NaN","width":"NaN","height":"NaN","shapeStyle":2},"labelManager":{"labels":[{"type":"textLabel","@id":138,"inputText":"1","labelStyle":4,"shape":null,"layoutText":null}],"mainLabel":138},"properties":{"id":"336c8cfae42cfaf89f22540829c75941"},"orientationAtVertex":"FREE","reference":null},{"type":"port","@id":139,"shape":{"type":"rect","xposition":"NaN","yposition":"NaN","width":"NaN","height":"NaN","shapeStyle":47},"labelManager":{"labels":[{"type":"textLabel","@id":140,"inputText":"2","labelStyle":49,"shape":null,"layoutText":null}],"mainLabel":140},"properties":{},"orientationAtVertex":"FREE","reference":null}],"properties":{},"reference":null}],"properties":{"id":"c74d9f15fe72dd0a8cdeb8592918af29","type":"plug"},"reference":null},{"@id":141,"shape":{"type":"rect","xposition":"NaN","yposition":"NaN","width":"NaN","height":"NaN","shapeStyle":2},"labelManager":{"labels":[{"type":"textLabel","@id":142,"inputText":"Mika","labelStyle":4,"shape":null,"layoutText":null}],"mainLabel":142},"portCompositions":[{"type":"portGroup","@id":143,"ordered":false,"portCompositions":[{"type":"port","@id":144,"shape":{"type":"rect","xposition":"NaN","yposition":"NaN","width":"NaN","height":"NaN","shapeStyle":2},"labelManager":{"labels":[{"type":"textLabel","@id":145,"inputText":"3","labelStyle":4,"shape":null,"layoutText":null}],"mainLabel":145},"properties":{"id":"002edbc61adcbaff4c0afd544dcae933"},"orientationAtVertex":"FREE","reference":null},{"type":"port","@id":146,"shape":{"type":"rect","xposition":"NaN","yposition":"NaN","width":"NaN","height":"NaN","shapeStyle":2},"labelManager":{"labels":[{"type":"textLabel","@id":147,"inputText":"4","labelStyle":4,"shape":null,"layoutText":null}],"mainLabel":147},"properties":{"id":"8e54d1851e5db2e7c51ba69b16d1a8f5"},"orientationAtVertex":"FREE","reference":null},{"type":"port","@id":148,"shape":{"type":"rect","xposition":"NaN","yposition":"NaN","width":"NaN","height":"NaN","shapeStyle":2},"labelManager":{"labels":[{"type":"textLabel","@id":149,"inputText":"2","labelStyle":4,"shape":null,"layoutText":null}],"mainLabel":149},"properties":{"id":"7e819f81320f63c2fd56dec0323de517"},"orientationAtVertex":"FREE","reference":null},{"type":"port","@id":150,"shape":{"type":"rect","xposition":"NaN","yposition":"NaN","width":"NaN","height":"NaN","shapeStyle":2},"labelManager":{"labels":[{"type":"textLabel","@id":151,"inputText":"1","labelStyle":4,"shape":null,"layoutText":null}],"mainLabel":151},"properties":{"id":"0c1aa68d6ef09a71d27be6d7ec91018c"},"orientationAtVertex":"FREE","reference":null},{"type":"port","@id":152,"shape":{"type":"rect","xposition":"NaN","yposition":"NaN","width":"NaN","height":"NaN","shapeStyle":47},"labelManager":{"labels":[{"type":"textLabel","@id":153,"inputText":"5","labelStyle":49,"shape":null,"layoutText":null}],"mainLabel":153},"properties":{},"orientationAtVertex":"FREE","reference":null}],"properties":{},"reference":null}],"properties":{"id":"5f9e6f575b6cccb2e865b2c5b5f6db5e","type":"device"},"reference":null},{"@id":154,"shape":{"type":"rect","xposition":"NaN","yposition":"NaN","width":"NaN","height":"NaN","shapeStyle":2},"labelManager":{"labels":[{"type":"textLabel","@id":155,"inputText":"Finn","labelStyle":4,"shape":null,"layoutText":null}],"mainLabel":155},"portCompositions":[{"type":"portGroup","@id":156,"ordered":false,"portCompositions":[{"type":"port","@id":157,"shape":{"type":"rect","xposition":"NaN","yposition":"NaN","width":"NaN","height":"NaN","shapeStyle":2},"labelManager":{"labels":[{"type":"textLabel","@id":158,"inputText":"3","labelStyle":4,"shape":null,"layoutText":null}],"mainLabel":158},"properties":{"id":"d0937903a5d9b0c54ce68b489701e84f"},"orientationAtVertex":"FREE","reference":null},{"type":"port","@id":159,"shape":{"type":"rect","xposition":"NaN","yposition":"NaN","width":"NaN","height":"NaN","shapeStyle":2},"labelManager":{"labels":[{"type":"textLabel","@id":160,"inputText":"4","labelStyle":4,"shape":null,"layoutText":null}],"mainLabel":160},"properties":{"id":"de126567f7f7ffd82eef79aa7a2233bb"},"orientationAtVertex":"FREE","reference":null},{"type":"port","@id":161,"shape":{"type":"rect","xposition":"NaN","yposition":"NaN","width":"NaN","height":"NaN","shapeStyle":2},"labelManager":{"labels":[{"type":"textLabel","@id":162,"inputText":"2","labelStyle":4,"shape":null,"layoutText":null}],"mainLabel":162},"properties":{"id":"2a0fcc5b14dd1231597edecce5fbbf85"},"orientationAtVertex":"FREE","reference":null},{"type":"port","@id":163,"shape":{"type":"rect","xposition":"NaN","yposition":"NaN","width":"NaN","height":"NaN","shapeStyle":2},"labelManager":{"labels":[{"type":"textLabel","@id":164,"inputText":"1","labelStyle":4,"shape":null,"layoutText":null}],"mainLabel":164},"properties":{"id":"9e79cad1306367404fdec979469235d4"},"orientationAtVertex":"FREE","reference":null},{"type":"port","@id":165,"shape":{"type":"rect","xposition":"NaN","yposition":"NaN","width":"NaN","height":"NaN","shapeStyle":47},"labelManager":{"labels":[{"type":"textLabel","@id":166,"inputText":"5","labelStyle":49,"shape":null,"layoutText":null}],"mainLabel":166},"properties":{},"orientationAtVertex":"FREE","reference":null}],"properties":{},"reference":null}],"properties":{"id":"191423218007c2942159b322ad9f2c67","type":"socket"},"reference":null},{"@id":167,"shape":{"type":"rect","xposition":"NaN","yposition":"NaN","width":"NaN","height":"NaN","shapeStyle":2},"labelManager":{"labels":[{"type":"textLabel","@id":168,"inputText":"Maximilian","labelStyle":4,"shape":null,"layoutText":null}],"mainLabel":168},"portCompositions":[{"type":"port","@id":169,"shape":{"type":"rect","xposition":"NaN","yposition":"NaN","width":"NaN","height":"NaN","shapeStyle":2},"labelManager":{"labels":[{"type":"textLabel","@id":170,"inputText":"1","labelStyle":4,"shape":null,"layoutText":null}],"mainLabel":170},"properties":{"id":"26ba9526cfe317eb98f6f7dadb8cebee"},"orientationAtVertex":"FREE","reference":null}],"properties":{"id":"dd1044a4237a41a04bc8be37ad7db1f4","type":"splice"},"reference":null},{"@id":171,"shape":{"type":"rect","xposition":"NaN","yposition":"NaN","width":"NaN","height":"NaN","shapeStyle":2},"labelManager":{"labels":[{"type":"textLabel","@id":172,"inputText":"Leo","labelStyle":4,"shape":null,"layoutText":null}],"mainLabel":172},"portCompositions":[{"type":"portGroup","@id":173,"ordered":false,"portCompositions":[{"type":"port","@id":174,"shape":{"type":"rect","xposition":"NaN","yposition":"NaN","width":"NaN","height":"NaN","shapeStyle":2},"labelManager":{"labels":[{"type":"textLabel","@id":175,"inputText":"3","labelStyle":4,"shape":null,"layoutText":null}],"mainLabel":175},"properties":{"id":"d904ea9761c7bd494097a6b9058f5918"},"orientationAtVertex":"FREE","reference":null},{"type":"port","@id":176,"shape":{"type":"rect","xposition":"NaN","yposition":"NaN","width":"NaN","height":"NaN","shapeStyle":2},"labelManager":{"labels":[{"type":"textLabel","@id":177,"inputText":"1","labelStyle":4,"shape":null,"layoutText":null}],"mainLabel":177},"properties":{"id":"d8a96d1ed2bda93f95fd1044831a15c6"},"orientationAtVertex":"FREE","reference":null},{"type":"port","@id":178,"shape":{"type":"rect","xposition":"NaN","yposition":"NaN","width":"NaN","height":"NaN","shapeStyle":47},"labelManager":{"labels":[{"type":"textLabel","@id":179,"inputText":"2","labelStyle":49,"shape":null,"layoutText":null}],"mainLabel":179},"properties":{},"orientationAtVertex":"FREE","reference":null}],"properties":{},"reference":null}],"properties":{"id":"c52a2838d77bd106bc0e41fbd62fc363","type":"device"},"reference":null},{"@id":180,"shape":{"type":"rect","xposition":"NaN","yposition":"NaN","width":"NaN","height":"NaN","shapeStyle":2},"labelManager":{"labels":[{"type":"textLabel","@id":181,"inputText":"Theo","labelStyle":4,"shape":null,"layoutText":null}],"mainLabel":181},"portCompositions":[{"type":"portGroup","@id":182,"ordered":false,"portCompositions":[{"type":"port","@id":183,"shape":{"type":"rect","xposition":"NaN","yposition":"NaN","width":"NaN","height":"NaN","shapeStyle":2},"labelManager":{"labels":[{"type":"textLabel","@id":184,"inputText":"3","labelStyle":4,"shape":null,"layoutText":null}],"mainLabel":184},"properties":{"id":"0f5cfb00c3389152354461a071845231"},"orientationAtVertex":"FREE","reference":null},{"type":"port","@id":185,"shape":{"type":"rect","xposition":"NaN","yposition":"NaN","width":"NaN","height":"NaN","shapeStyle":2},"labelManager":{"labels":[{"type":"textLabel","@id":186,"inputText":"1","labelStyle":4,"shape":null,"layoutText":null}],"mainLabel":186},"properties":{"id":"3141fa422255c849eb003c053b0c2bc4"},"orientationAtVertex":"FREE","reference":null},{"type":"port","@id":187,"shape":{"type":"rect","xposition":"NaN","yposition":"NaN","width":"NaN","height":"NaN","shapeStyle":47},"labelManager":{"labels":[{"type":"textLabel","@id":188,"inputText":"2","labelStyle":49,"shape":null,"layoutText":null}],"mainLabel":188},"properties":{},"orientationAtVertex":"FREE","reference":null}],"properties":{},"reference":null}],"properties":{"id":"99f72345f5cabb50b585a939e8e99eaf","type":"socket"},"reference":null},{"@id":189,"shape":{"type":"rect","xposition":"NaN","yposition":"NaN","width":"NaN","height":"NaN","shapeStyle":2},"labelManager":{"labels":[{"type":"textLabel","@id":190,"inputText":"Noah","labelStyle":4,"shape":null,"layoutText":null}],"mainLabel":190},"portCompositions":[{"type":"portGroup","@id":191,"ordered":false,"portCompositions":[{"type":"port","@id":192,"shape":{"type":"rect","xposition":"NaN","yposition":"NaN","width":"NaN","height":"NaN","shapeStyle":2},"labelManager":{"labels":[{"type":"textLabel","@id":193,"inputText":"6","labelStyle":4,"shape":null,"layoutText":null}],"mainLabel":193},"properties":{"id":"15775ce0ea9879147d7517ef0182b6bd"},"orientationAtVertex":"FREE","reference":null},{"type":"port","@id":194,"shape":{"type":"rect","xposition":"NaN","yposition":"NaN","width":"NaN","height":"NaN","shapeStyle":2},"labelManager":{"labels":[{"type":"textLabel","@id":195,"inputText":"2","labelStyle":4,"shape":null,"layoutText":null}],"mainLabel":195},"properties":{"id":"2a7997a66c571888c5e896ce26120e9b"},"orientationAtVertex":"FREE","reference":null},{"type":"port","@id":196,"shape":{"type":"rect","xposition":"NaN","yposition":"NaN","width":"NaN","height":"NaN","shapeStyle":47},"labelManager":{"labels":[{"type":"textLabel","@id":197,"inputText":"1","labelStyle":49,"shape":null,"layoutText":null}],"mainLabel":197},"properties":{},"orientationAtVertex":"FREE","reference":null},{"type":"port","@id":198,"shape":{"type":"rect","xposition":"NaN","yposition":"NaN","width":"NaN","height":"NaN","shapeStyle":47},"labelManager":{"labels":[{"type":"textLabel","@id":199,"inputText":"4","labelStyle":49,"shape":null,"layoutText":null}],"mainLabel":199},"properties":{},"orientationAtVertex":"FREE","reference":null},{"type":"port","@id":200,"shape":{"type":"rect","xposition":"NaN","yposition":"NaN","width":"NaN","height":"NaN","shapeStyle":47},"labelManager":{"labels":[{"type":"textLabel","@id":201,"inputText":"5","labelStyle":49,"shape":null,"layoutText":null}],"mainLabel":201},"properties":{},"orientationAtVertex":"FREE","reference":null},{"type":"port","@id":202,"shape":{"type":"rect","xposition":"NaN","yposition":"NaN","width":"NaN","height":"NaN","shapeStyle":47},"labelManager":{"labels":[{"type":"textLabel","@id":203,"inputText":"3","labelStyle":49,"shape":null,"layoutText":null}],"mainLabel":203},"properties":{},"orientationAtVertex":"FREE","reference":null}],"properties":{},"reference":null}],"properties":{"id":"0f2a591354a5fe169138e97c6a65dd67","type":"device"},"reference":null},{"@id":204,"shape":{"type":"rect","xposition":"NaN","yposition":"NaN","width":"NaN","height":"NaN","shapeStyle":2},"labelManager":{"labels":[{"type":"textLabel","@id":205,"inputText":"Benjamin","labelStyle":4,"shape":null,"layoutText":null}],"mainLabel":205},"portCompositions":[{"type":"portGroup","@id":206,"ordered":false,"portCompositions":[{"type":"port","@id":207,"shape":{"type":"rect","xposition":"NaN","yposition":"NaN","width":"NaN","height":"NaN","shapeStyle":2},"labelManager":{"labels":[{"type":"textLabel","@id":208,"inputText":"6","labelStyle":4,"shape":null,"layoutText":null}],"mainLabel":208},"properties":{"id":"c7ca574c7f0e16b291d01fb3c9220fab"},"orientationAtVertex":"FREE","reference":null},{"type":"port","@id":209,"shape":{"type":"rect","xposition":"NaN","yposition":"NaN","width":"NaN","height":"NaN","shapeStyle":2},"labelManager":{"labels":[{"type":"textLabel","@id":210,"inputText":"2","labelStyle":4,"shape":null,"layoutText":null}],"mainLabel":210},"properties":{"id":"08459a3baad82afa484905f46730c24f"},"orientationAtVertex":"FREE","reference":null},{"type":"port","@id":211,"shape":{"type":"rect","xposition":"NaN","yposition":"NaN","width":"NaN","height":"NaN","shapeStyle":47},"labelManager":{"labels":[{"type":"textLabel","@id":212,"inputText":"1","labelStyle":49,"shape":null,"layoutText":null}],"mainLabel":212},"properties":{},"orientationAtVertex":"FREE","reference":null},{"type":"port","@id":213,"shape":{"type":"rect","xposition":"NaN","yposition":"NaN","width":"NaN","height":"NaN","shapeStyle":47},"labelManager":{"labels":[{"type":"textLabel","@id":214,"inputText":"4","labelStyle":49,"shape":null,"layoutText":null}],"mainLabel":214},"properties":{},"orientationAtVertex":"FREE","reference":null},{"type":"port","@id":215,"shape":{"type":"rect","xposition":"NaN","yposition":"NaN","width":"NaN","height":"NaN","shapeStyle":47},"labelManager":{"labels":[{"type":"textLabel","@id":216,"inputText":"5","labelStyle":49,"shape":null,"layoutText":null}],"mainLabel":216},"properties":{},"orientationAtVertex":"FREE","reference":null},{"type":"port","@id":217,"shape":{"type":"rect","xposition":"NaN","yposition":"NaN","width":"NaN","height":"NaN","shapeStyle":47},"labelManager":{"labels":[{"type":"textLabel","@id":218,"inputText":"3","labelStyle":49,"shape":null,"layoutText":null}],"mainLabel":218},"properties":{},"orientationAtVertex":"FREE","reference":null}],"properties":{},"reference":null}],"properties":{"id":"ba8f1ee9e490c4c129e98d107b09f062","type":"socket"},"reference":null},{"@id":219,"shape":{"type":"rect","xposition":"NaN","yposition":"NaN","width":"NaN","height":"NaN","shapeStyle":2},"labelManager":{"labels":[{"type":"textLabel","@id":220,"inputText":"Levi","labelStyle":4,"shape":null,"layoutText":null}],"mainLabel":220},"portCompositions":[{"type":"portGroup","@id":221,"ordered":false,"portCompositions":[{"type":"port","@id":222,"shape":{"type":"rect","xposition":"NaN","yposition":"NaN","width":"NaN","height":"NaN","shapeStyle":2},"labelManager":{"labels":[{"type":"textLabel","@id":223,"inputText":"1","labelStyle":4,"shape":null,"layoutText":null}],"mainLabel":223},"properties":{"id":"b19f9ff446f90a05a1cf3b9da10b3950"},"orientationAtVertex":"FREE","reference":null}],"properties":{},"reference":null}],"properties":{"id":"e09ef55633b00bd70b627b94c7fe46f2","type":"plug"},"reference":null},{"@id":224,"shape":{"type":"rect","xposition":"NaN","yposition":"NaN","width":"NaN","height":"NaN","shapeStyle":2},"labelManager":{"labels":[{"type":"textLabel","@id":225,"inputText":"Ali","labelStyle":4,"shape":null,"layoutText":null}],"mainLabel":225},"portCompositions":[{"type":"portGroup","@id":226,"ordered":false,"portCompositions":[{"type":"port","@id":227,"shape":{"type":"rect","xposition":"NaN","yposition":"NaN","width":"NaN","height":"NaN","shapeStyle":2},"labelManager":{"labels":[{"type":"textLabel","@id":228,"inputText":"1","labelStyle":4,"shape":null,"layoutText":null}],"mainLabel":228},"properties":{"id":"b9159b8564236547a6c1d286eb345f87"},"orientationAtVertex":"FREE","reference":null}],"properties":{},"reference":null}],"properties":{"id":"bf0e4444fd0133f6499a93e2d0e4cd5c","type":"plug"},"reference":null},{"@id":229,"shape":{"type":"rect","xposition":"NaN","yposition":"NaN","width":"NaN","height":"NaN","shapeStyle":2},"labelManager":{"labels":[{"type":"textLabel","@id":230,"inputText":"Tom","labelStyle":4,"shape":null,"layoutText":null}],"mainLabel":230},"portCompositions":[{"type":"port","@id":231,"shape":{"type":"rect","xposition":"NaN","yposition":"NaN","width":"NaN","height":"NaN","shapeStyle":2},"labelManager":{"labels":[{"type":"textLabel","@id":232,"inputText":"1","labelStyle":4,"shape":null,"layoutText":null}],"mainLabel":232},"properties":{"id":"15a1ce57b37a1fbdde506828d01c9a5c"},"orientationAtVertex":"FREE","reference":null}],"properties":{"id":"e1378dcea6e9bf527b38bba9774b5b1f","type":"splice"},"reference":null},{"@id":233,"shape":{"type":"rect","xposition":"NaN","yposition":"NaN","width":"NaN","height":"NaN","shapeStyle":2},"labelManager":{"labels":[{"type":"textLabel","@id":234,"inputText":"Samuel","labelStyle":4,"shape":null,"layoutText":null}],"mainLabel":234},"portCompositions":[{"type":"port","@id":235,"shape":{"type":"rect","xposition":"NaN","yposition":"NaN","width":"NaN","height":"NaN","shapeStyle":2},"labelManager":{"labels":[{"type":"textLabel","@id":236,"inputText":"1","labelStyle":4,"shape":null,"layoutText":null}],"mainLabel":236},"properties":{"id":"4b7b9fbd3b02eb7e48f2f075b40a8ca1"},"orientationAtVertex":"FREE","reference":null}],"properties":{"id":"1170d3f3d576628e29d69b9f1f7e905a","type":"splice"},"reference":null},{"@id":237,"shape":{"type":"rect","xposition":"NaN","yposition":"NaN","width":"NaN","height":"NaN","shapeStyle":2},"labelManager":{"labels":[{"type":"textLabel","@id":238,"inputText":"Luca","labelStyle":4,"shape":null,"layoutText":null}],"mainLabel":238},"portCompositions":[{"type":"portGroup","@id":239,"ordered":false,"portCompositions":[{"type":"port","@id":240,"shape":{"type":"rect","xposition":"NaN","yposition":"NaN","width":"NaN","height":"NaN","shapeStyle":2},"labelManager":{"labels":[{"type":"textLabel","@id":241,"inputText":"1","labelStyle":4,"shape":null,"layoutText":null}],"mainLabel":241},"properties":{"id":"5cb9653547367de3bc7f92a4d581cbdb"},"orientationAtVertex":"FREE","reference":null},{"type":"port","@id":242,"shape":{"type":"rect","xposition":"NaN","yposition":"NaN","width":"NaN","height":"NaN","shapeStyle":2},"labelManager":{"labels":[{"type":"textLabel","@id":243,"inputText":"2","labelStyle":4,"shape":null,"layoutText":null}],"mainLabel":243},"properties":{"id":"b9f589fd4071f5d597bb5f3e65284e1c"},"orientationAtVertex":"FREE","reference":null}],"properties":{},"reference":null}],"properties":{"id":"566a1fa2c8821fa39f0e3a5f6245271b","type":"plug"},"reference":null},{"@id":244,"shape":{"type":"rect","xposition":"NaN","yposition":"NaN","width":"NaN","height":"NaN","shapeStyle":2},"labelManager":{"labels":[{"type":"textLabel","@id":245,"inputText":"Justus","labelStyle":4,"shape":null,"layoutText":null}],"mainLabel":245},"portCompositions":[{"type":"portGroup","@id":246,"ordered":false,"portCompositions":[{"type":"port","@id":247,"shape":{"type":"rect","xposition":"NaN","yposition":"NaN","width":"NaN","height":"NaN","shapeStyle":2},"labelManager":{"labels":[{"type":"textLabel","@id":248,"inputText":"1","labelStyle":4,"shape":null,"layoutText":null}],"mainLabel":248},"properties":{"id":"ced1960dc72b88ceff4324d8bbf88841"},"orientationAtVertex":"FREE","reference":null},{"type":"port","@id":249,"shape":{"type":"rect","xposition":"NaN","yposition":"NaN","width":"NaN","height":"NaN","shapeStyle":2},"labelManager":{"labels":[{"type":"textLabel","@id":250,"inputText":"2","labelStyle":4,"shape":null,"layoutText":null}],"mainLabel":250},"properties":{"id":"f56345feb3d19e985641f073d38b23d2"},"orientationAtVertex":"FREE","reference":null}],"properties":{},"reference":null}],"properties":{"id":"05affbda5e320272d8cf3547fcbbb77b","type":"plug"},"reference":null},{"@id":251,"shape":{"type":"rect","xposition":"NaN","yposition":"NaN","width":"NaN","height":"NaN","shapeStyle":2},"labelManager":{"labels":[{"type":"textLabel","@id":252,"inputText":"Elias","labelStyle":4,"shape":null,"layoutText":null}],"mainLabel":252},"portCompositions":[{"type":"portGroup","@id":253,"ordered":false,"portCompositions":[{"type":"port","@id":254,"shape":{"type":"rect","xposition":"NaN","yposition":"NaN","width":"NaN","height":"NaN","shapeStyle":2},"labelManager":{"labels":[{"type":"textLabel","@id":255,"inputText":"1","labelStyle":4,"shape":null,"layoutText":null}],"mainLabel":255},"properties":{"id":"fa7036c58493a608f2bdfc7679d746e3"},"orientationAtVertex":"FREE","reference":null},{"type":"port","@id":256,"shape":{"type":"rect","xposition":"NaN","yposition":"NaN","width":"NaN","height":"NaN","shapeStyle":47},"labelManager":{"labels":[{"type":"textLabel","@id":257,"inputText":"3","labelStyle":49,"shape":null,"layoutText":null}],"mainLabel":257},"properties":{},"orientationAtVertex":"FREE","reference":null},{"type":"port","@id":258,"shape":{"type":"rect","xposition":"NaN","yposition":"NaN","width":"NaN","height":"NaN","shapeStyle":47},"labelManager":{"labels":[{"type":"textLabel","@id":259,"inputText":"2","labelStyle":49,"shape":null,"layoutText":null}],"mainLabel":259},"properties":{},"orientationAtVertex":"FREE","reference":null}],"properties":{},"reference":null}],"properties":{"id":"f618e05c8aad7fdeca238dafd114b92f","type":"plug"},"reference":null},{"@id":260,"shape":{"type":"rect","xposition":"NaN","yposition":"NaN","width":"NaN","height":"NaN","shapeStyle":2},"labelManager":{"labels":[{"type":"textLabel","@id":261,"inputText":"Philipp","labelStyle":4,"shape":null,"layoutText":null}],"mainLabel":261},"portCompositions":[{"type":"portGroup","@id":262,"ordered":false,"portCompositions":[{"type":"port","@id":263,"shape":{"type":"rect","xposition":"NaN","yposition":"NaN","width":"NaN","height":"NaN","shapeStyle":2},"labelManager":{"labels":[{"type":"textLabel","@id":264,"inputText":"1","labelStyle":4,"shape":null,"layoutText":null}],"mainLabel":264},"properties":{"id":"4bd151a24b14281fa8fe9a22bc01721d"},"orientationAtVertex":"FREE","reference":null},{"type":"port","@id":265,"shape":{"type":"rect","xposition":"NaN","yposition":"NaN","width":"NaN","height":"NaN","shapeStyle":47},"labelManager":{"labels":[{"type":"textLabel","@id":266,"inputText":"3","labelStyle":49,"shape":null,"layoutText":null}],"mainLabel":266},"properties":{},"orientationAtVertex":"FREE","reference":null},{"type":"port","@id":267,"shape":{"type":"rect","xposition":"NaN","yposition":"NaN","width":"NaN","height":"NaN","shapeStyle":47},"labelManager":{"labels":[{"type":"textLabel","@id":268,"inputText":"2","labelStyle":49,"shape":null,"layoutText":null}],"mainLabel":268},"properties":{},"orientationAtVertex":"FREE","reference":null}],"properties":{},"reference":null}],"properties":{"id":"6f0bb7c64a0b0d1d047d613697acefc3","type":"plug"},"reference":null},{"@id":269,"shape":{"type":"rect","xposition":"NaN","yposition":"NaN","width":"NaN","height":"NaN","shapeStyle":2},"labelManager":{"labels":[{"type":"textLabel","@id":270,"inputText":"Milan","labelStyle":4,"shape":null,"layoutText":null}],"mainLabel":270},"portCompositions":[{"type":"port","@id":271,"shape":{"type":"rect","xposition":"NaN","yposition":"NaN","width":"NaN","height":"NaN","shapeStyle":2},"labelManager":{"labels":[{"type":"textLabel","@id":272,"inputText":"1","labelStyle":4,"shape":null,"layoutText":null}],"mainLabel":272},"properties":{"id":"196e70444e3946c21ebaa8172e06af08"},"orientationAtVertex":"FREE","reference":null}],"properties":{"id":"b0acdafffc18d4906a9948299d149f7f","type":"splice"},"reference":null},{"@id":273,"shape":{"type":"rect","xposition":"NaN","yposition":"NaN","width":"NaN","height":"NaN","shapeStyle":2},"labelManager":{"labels":[{"type":"textLabel","@id":274,"inputText":"Tim","labelStyle":4,"shape":null,"layoutText":null}],"mainLabel":274},"portCompositions":[{"type":"portGroup","@id":275,"ordered":false,"portCompositions":[{"type":"port","@id":276,"shape":{"type":"rect","xposition":"NaN","yposition":"NaN","width":"NaN","height":"NaN","shapeStyle":2},"labelManager":{"labels":[{"type":"textLabel","@id":277,"inputText":"2","labelStyle":4,"shape":null,"layoutText":null}],"mainLabel":277},"properties":{"id":"fb19c7f10f785968b04351fece552af2"},"orientationAtVertex":"FREE","reference":null},{"type":"port","@id":278,"shape":{"type":"rect","xposition":"NaN","yposition":"NaN","width":"NaN","height":"NaN","shapeStyle":47},"labelManager":{"labels":[{"type":"textLabel","@id":279,"inputText":"1","labelStyle":49,"shape":null,"layoutText":null}],"mainLabel":279},"properties":{},"orientationAtVertex":"FREE","reference":null}],"properties":{},"reference":null}],"properties":{"id":"6e5418dea8ba1b56c31e5df2a645fbcb","type":"plug"},"reference":null},{"@id":280,"shape":{"type":"rect","xposition":"NaN","yposition":"NaN","width":"NaN","height":"NaN","shapeStyle":2},"labelManager":{"labels":[{"type":"textLabel","@id":281,"inputText":"Florian","labelStyle":4,"shape":null,"layoutText":null}],"mainLabel":281},"portCompositions":[{"type":"portGroup","@id":282,"ordered":false,"portCompositions":[{"type":"port","@id":283,"shape":{"type":"rect","xposition":"NaN","yposition":"NaN","width":"NaN","height":"NaN","shapeStyle":2},"labelManager":{"labels":[{"type":"textLabel","@id":284,"inputText":"2","labelStyle":4,"shape":null,"layoutText":null}],"mainLabel":284},"properties":{"id":"95218752c626dda8e9577972a54c1b58"},"orientationAtVertex":"FREE","reference":null},{"type":"port","@id":285,"shape":{"type":"rect","xposition":"NaN","yposition":"NaN","width":"NaN","height":"NaN","shapeStyle":47},"labelManager":{"labels":[{"type":"textLabel","@id":286,"inputText":"1","labelStyle":49,"shape":null,"layoutText":null}],"mainLabel":286},"properties":{},"orientationAtVertex":"FREE","reference":null}],"properties":{},"reference":null}],"properties":{"id":"d133fb82a39485ccc4f49c37db8f2a8a","type":"plug"},"reference":null},{"@id":287,"shape":{"type":"rect","xposition":"NaN","yposition":"NaN","width":"NaN","height":"NaN","shapeStyle":2},"labelManager":{"labels":[{"type":"textLabel","@id":288,"inputText":"Daniel","labelStyle":4,"shape":null,"layoutText":null}],"mainLabel":288},"portCompositions":[{"type":"port","@id":289,"shape":{"type":"rect","xposition":"NaN","yposition":"NaN","width":"NaN","height":"NaN","shapeStyle":2},"labelManager":{"labels":[{"type":"textLabel","@id":290,"inputText":"1","labelStyle":4,"shape":null,"layoutText":null}],"mainLabel":290},"properties":{"id":"1dc992c925515205aacbdcc33ea64994"},"orientationAtVertex":"FREE","reference":null}],"properties":{"id":"a81ef6fdbb8eaa0a57912666017851de","type":"splice"},"reference":null},{"@id":291,"shape":{"type":"rect","xposition":"NaN","yposition":"NaN","width":"NaN","height":"NaN","shapeStyle":2},"labelManager":{"labels":[{"type":"textLabel","@id":292,"inputText":"Niklas","labelStyle":4,"shape":null,"layoutText":null}],"mainLabel":292},"portCompositions":[{"type":"port","@id":293,"shape":{"type":"rect","xposition":"NaN","yposition":"NaN","width":"NaN","height":"NaN","shapeStyle":2},"labelManager":{"labels":[{"type":"textLabel","@id":294,"inputText":"1","labelStyle":4,"shape":null,"layoutText":null}],"mainLabel":294},"properties":{"id":"399e2600bf4f190a77d1ffca2f136f88"},"orientationAtVertex":"FREE","reference":null}],"properties":{"id":"5b358e30e9a583d03775dbc153201085","type":"splice"},"reference":null},{"@id":295,"shape":{"type":"rect","xposition":"NaN","yposition":"NaN","width":"NaN","height":"NaN","shapeStyle":2},"labelManager":{"labels":[{"type":"textLabel","@id":296,"inputText":"Muhammed","labelStyle":4,"shape":null,"layoutText":null}],"mainLabel":296},"portCompositions":[{"type":"portGroup","@id":297,"ordered":false,"portCompositions":[{"type":"port","@id":298,"shape":{"type":"rect","xposition":"NaN","yposition":"NaN","width":"NaN","height":"NaN","shapeStyle":2},"labelManager":{"labels":[{"type":"textLabel","@id":299,"inputText":"2","labelStyle":4,"shape":null,"layoutText":null}],"mainLabel":299},"properties":{"id":"95f3baacf7725e6a7ed82c3e0625a657"},"orientationAtVertex":"FREE","reference":null},{"type":"port","@id":300,"shape":{"type":"rect","xposition":"NaN","yposition":"NaN","width":"NaN","height":"NaN","shapeStyle":47},"labelManager":{"labels":[{"type":"textLabel","@id":301,"inputText":"1","labelStyle":49,"shape":null,"layoutText":null}],"mainLabel":301},"properties":{},"orientationAtVertex":"FREE","reference":null}],"properties":{},"reference":null}],"properties":{"id":"638cd86c39f01d8321612bac33cae3f8","type":"plug"},"reference":null},{"@id":302,"shape":{"type":"rect","xposition":"NaN","yposition":"NaN","width":"NaN","height":"NaN","shapeStyle":2},"labelManager":{"labels":[{"type":"textLabel","@id":303,"inputText":"Valentin","labelStyle":4,"shape":null,"layoutText":null}],"mainLabel":303},"portCompositions":[{"type":"portGroup","@id":304,"ordered":false,"portCompositions":[{"type":"port","@id":305,"shape":{"type":"rect","xposition":"NaN","yposition":"NaN","width":"NaN","height":"NaN","shapeStyle":2},"labelManager":{"labels":[{"type":"textLabel","@id":306,"inputText":"2","labelStyle":4,"shape":null,"layoutText":null}],"mainLabel":306},"properties":{"id":"43f8a3bf0820df60ae746cbb5aef9ab8"},"orientationAtVertex":"FREE","reference":null},{"type":"port","@id":307,"shape":{"type":"rect","xposition":"NaN","yposition":"NaN","width":"NaN","height":"NaN","shapeStyle":47},"labelManager":{"labels":[{"type":"textLabel","@id":308,"inputText":"1","labelStyle":49,"shape":null,"layoutText":null}],"mainLabel":308},"properties":{},"orientationAtVertex":"FREE","reference":null}],"properties":{},"reference":null}],"properties":{"id":"bd4e37d83fa3b841bbacbcd0e02dee1d","type":"plug"},"reference":null},{"@id":309,"shape":{"type":"rect","xposition":"NaN","yposition":"NaN","width":"NaN","height":"NaN","shapeStyle":2},"labelManager":{"labels":[{"type":"textLabel","@id":310,"inputText":"Christian","labelStyle":4,"shape":null,"layoutText":null}],"mainLabel":310},"portCompositions":[{"type":"portGroup","@id":311,"ordered":false,"portCompositions":[{"type":"port","@id":312,"shape":{"type":"rect","xposition":"NaN","yposition":"NaN","width":"NaN","height":"NaN","shapeStyle":2},"labelManager":{"labels":[{"type":"textLabel","@id":313,"inputText":"1","labelStyle":4,"shape":null,"layoutText":null}],"mainLabel":313},"properties":{"id":"50cc3624f5675266ba7b52ae5d8c5cde"},"orientationAtVertex":"FREE","reference":null}],"properties":{},"reference":null}],"properties":{"id":"5a8192e45972acea0a5288524e201bc0","type":"plug"},"reference":null},{"@id":314,"shape":{"type":"rect","xposition":"NaN","yposition":"NaN","width":"NaN","height":"NaN","shapeStyle":2},"labelManager":{"labels":[{"type":"textLabel","@id":315,"inputText":"Felix","labelStyle":4,"shape":null,"layoutText":null}],"mainLabel":315},"portCompositions":[{"type":"portGroup","@id":316,"ordered":false,"portCompositions":[{"type":"port","@id":317,"shape":{"type":"rect","xposition":"NaN","yposition":"NaN","width":"NaN","height":"NaN","shapeStyle":2},"labelManager":{"labels":[{"type":"textLabel","@id":318,"inputText":"1","labelStyle":4,"shape":null,"layoutText":null}],"mainLabel":318},"properties":{"id":"fe2a6842816dbf7a25809048837fd8f3"},"orientationAtVertex":"FREE","reference":null}],"properties":{},"reference":null}],"properties":{"id":"89567b62cab77e895948c852efe40173","type":"plug"},"reference":null},{"@id":319,"shape":{"type":"rect","xposition":"NaN","yposition":"NaN","width":"NaN","height":"NaN","shapeStyle":2},"labelManager":{"labels":[{"type":"textLabel","@id":320,"inputText":"Mats","labelStyle":4,"shape":null,"layoutText":null}],"mainLabel":320},"portCompositions":[{"type":"port","@id":321,"shape":{"type":"rect","xposition":"NaN","yposition":"NaN","width":"NaN","height":"NaN","shapeStyle":2},"labelManager":{"labels":[{"type":"textLabel","@id":322,"inputText":"1","labelStyle":4,"shape":null,"layoutText":null}],"mainLabel":322},"properties":{"id":"37b2366c0ed910e760b3bb8793a37eea"},"orientationAtVertex":"FREE","reference":null}],"properties":{"id":"1c0ef86b06359f5ffe694e2bcc8306ab","type":"splice"},"reference":null},{"@id":323,"shape":{"type":"rect","xposition":"NaN","yposition":"NaN","width":"NaN","height":"NaN","shapeStyle":2},"labelManager":{"labels":[{"type":"textLabel","@id":324,"inputText":"Max","labelStyle":4,"shape":null,"layoutText":null}],"mainLabel":324},"portCompositions":[{"type":"portGroup","@id":325,"ordered":false,"portCompositions":[],"properties":{},"reference":null},{"type":"portGroup","@id":326,"ordered":false,"portCompositions":[{"type":"port","@id":327,"shape":{"type":"rect","xposition":"NaN","yposition":"NaN","width":"NaN","height":"NaN","shapeStyle":2},"labelManager":{"labels":[{"type":"textLabel","@id":328,"inputText":"3","labelStyle":4,"shape":null,"layoutText":null}],"mainLabel":328},"properties":{"id":"6a467e87fae8824b9b23f079327f700b"},"orientationAtVertex":"FREE","reference":null},{"type":"port","@id":329,"shape":{"type":"rect","xposition":"NaN","yposition":"NaN","width":"NaN","height":"NaN","shapeStyle":2},"labelManager":{"labels":[{"type":"textLabel","@id":330,"inputText":"1","labelStyle":4,"shape":null,"layoutText":null}],"mainLabel":330},"properties":{"id":"5018b43735c24148261d86f197f4d464"},"orientationAtVertex":"FREE","reference":null},{"type":"port","@id":331,"shape":{"type":"rect","xposition":"NaN","yposition":"NaN","width":"NaN","height":"NaN","shapeStyle":2},"labelManager":{"labels":[{"type":"textLabel","@id":332,"inputText":"2","labelStyle":4,"shape":null,"layoutText":null}],"mainLabel":332},"properties":{"id":"8e4695ecdf48adba27286526e7ea65e4"},"orientationAtVertex":"FREE","reference":null},{"type":"port","@id":333,"shape":{"type":"rect","xposition":"NaN","yposition":"NaN","width":"NaN","height":"NaN","shapeStyle":2},"labelManager":{"labels":[{"type":"textLabel","@id":334,"inputText":"5","labelStyle":4,"shape":null,"layoutText":null}],"mainLabel":334},"properties":{"id":"e59c50622772b85d3b0e43cab1c94aa0"},"orientationAtVertex":"FREE","reference":null},{"type":"port","@id":335,"shape":{"type":"rect","xposition":"NaN","yposition":"NaN","width":"NaN","height":"NaN","shapeStyle":47},"labelManager":{"labels":[{"type":"textLabel","@id":336,"inputText":"4","labelStyle":49,"shape":null,"layoutText":null}],"mainLabel":336},"properties":{},"orientationAtVertex":"FREE","reference":null}],"properties":{},"reference":null}],"properties":{"id":"9bce1c06fc80964565d72b25f8147452","type":"device"},"reference":null},{"@id":337,"shape":{"type":"rect","xposition":"NaN","yposition":"NaN","width":"NaN","height":"NaN","shapeStyle":2},"labelManager":{"labels":[{"type":"textLabel","@id":338,"inputText":"Johann","labelStyle":4,"shape":null,"layoutText":null}],"mainLabel":338},"portCompositions":[{"type":"portGroup","@id":339,"ordered":false,"portCompositions":[{"type":"port","@id":340,"shape":{"type":"rect","xposition":"NaN","yposition":"NaN","width":"NaN","height":"NaN","shapeStyle":2},"labelManager":{"labels":[{"type":"textLabel","@id":341,"inputText":"3","labelStyle":4,"shape":null,"layoutText":null}],"mainLabel":341},"properties":{"id":"1fa640393b1b81cf010aafc4d50ae94c"},"orientationAtVertex":"FREE","reference":null},{"type":"port","@id":342,"shape":{"type":"rect","xposition":"NaN","yposition":"NaN","width":"NaN","height":"NaN","shapeStyle":2},"labelManager":{"labels":[{"type":"textLabel","@id":343,"inputText":"1","labelStyle":4,"shape":null,"layoutText":null}],"mainLabel":343},"properties":{"id":"89e414c0995462d7a93aaf2b1532620d"},"orientationAtVertex":"FREE","reference":null},{"type":"port","@id":344,"shape":{"type":"rect","xposition":"NaN","yposition":"NaN","width":"NaN","height":"NaN","shapeStyle":2},"labelManager":{"labels":[{"type":"textLabel","@id":345,"inputText":"2","labelStyle":4,"shape":null,"layoutText":null}],"mainLabel":345},"properties":{"id":"d0b95196f7e5b5422975ab8e32f6915f"},"orientationAtVertex":"FREE","reference":null},{"type":"port","@id":346,"shape":{"type":"rect","xposition":"NaN","yposition":"NaN","width":"NaN","height":"NaN","shapeStyle":2},"labelManager":{"labels":[{"type":"textLabel","@id":347,"inputText":"5","labelStyle":4,"shape":null,"layoutText":null}],"mainLabel":347},"properties":{"id":"2fc59187e3be9b4a3041b9ffbecac8c7"},"orientationAtVertex":"FREE","reference":null},{"type":"port","@id":348,"shape":{"type":"rect","xposition":"NaN","yposition":"NaN","width":"NaN","height":"NaN","shapeStyle":47},"labelManager":{"labels":[{"type":"textLabel","@id":349,"inputText":"4","labelStyle":49,"shape":null,"layoutText":null}],"mainLabel":349},"properties":{},"orientationAtVertex":"FREE","reference":null}],"properties":{},"reference":null}],"properties":{"id":"21919f699c1446d5ddbfaee36f83986c","type":"socket"},"reference":null},{"@id":350,"shape":{"type":"rect","xposition":"NaN","yposition":"NaN","width":"NaN","height":"NaN","shapeStyle":2},"labelManager":{"labels":[{"type":"textLabel","@id":351,"inputText":"Peter","labelStyle":4,"shape":null,"layoutText":null}],"mainLabel":351},"portCompositions":[{"type":"portGroup","@id":352,"ordered":false,"portCompositions":[{"type":"port","@id":353,"shape":{"type":"rect","xposition":"NaN","yposition":"NaN","width":"NaN","height":"NaN","shapeStyle":2},"labelManager":{"labels":[{"type":"textLabel","@id":354,"inputText":"4","labelStyle":4,"shape":null,"layoutText":null}],"mainLabel":354},"properties":{"id":"ff0c3d6aeefa299cbcbdc89b607c690b"},"orientationAtVertex":"FREE","reference":null},{"type":"port","@id":355,"shape":{"type":"rect","xposition":"NaN","yposition":"NaN","width":"NaN","height":"NaN","shapeStyle":2},"labelManager":{"labels":[{"type":"textLabel","@id":356,"inputText":"1","labelStyle":4,"shape":null,"layoutText":null}],"mainLabel":356},"properties":{"id":"546c3c9f5f40707df25a1556a90ff39a"},"orientationAtVertex":"FREE","reference":null},{"type":"port","@id":357,"shape":{"type":"rect","xposition":"NaN","yposition":"NaN","width":"NaN","height":"NaN","shapeStyle":47},"labelManager":{"labels":[{"type":"textLabel","@id":358,"inputText":"2","labelStyle":49,"shape":null,"layoutText":null}],"mainLabel":358},"properties":{},"orientationAtVertex":"FREE","reference":null},{"type":"port","@id":359,"shape":{"type":"rect","xposition":"NaN","yposition":"NaN","width":"NaN","height":"NaN","shapeStyle":47},"labelManager":{"labels":[{"type":"textLabel","@id":360,"inputText":"3","labelStyle":49,"shape":null,"layoutText":null}],"mainLabel":360},"properties":{},"orientationAtVertex":"FREE","reference":null}],"properties":{},"reference":null}],"properties":{"id":"37a8990974d4f481a9a5300223b5e9ae","type":"device"},"reference":null},{"@id":361,"shape":{"type":"rect","xposition":"NaN","yposition":"NaN","width":"NaN","height":"NaN","shapeStyle":2},"labelManager":{"labels":[{"type":"textLabel","@id":362,"inputText":"Lukas","labelStyle":4,"shape":null,"layoutText":null}],"mainLabel":362},"portCompositions":[{"type":"portGroup","@id":363,"ordered":false,"portCompositions":[{"type":"port","@id":364,"shape":{"type":"rect","xposition":"NaN","yposition":"NaN","width":"NaN","height":"NaN","shapeStyle":2},"labelManager":{"labels":[{"type":"textLabel","@id":365,"inputText":"4","labelStyle":4,"shape":null,"layoutText":null}],"mainLabel":365},"properties":{"id":"f4dc4e41e50149a18c18ba35d307f071"},"orientationAtVertex":"FREE","reference":null},{"type":"port","@id":366,"shape":{"type":"rect","xposition":"NaN","yposition":"NaN","width":"NaN","height":"NaN","shapeStyle":2},"labelManager":{"labels":[{"type":"textLabel","@id":367,"inputText":"1","labelStyle":4,"shape":null,"layoutText":null}],"mainLabel":367},"properties":{"id":"473114d0fd59dff2a0a29f84df116918"},"orientationAtVertex":"FREE","reference":null},{"type":"port","@id":368,"shape":{"type":"rect","xposition":"NaN","yposition":"NaN","width":"NaN","height":"NaN","shapeStyle":47},"labelManager":{"labels":[{"type":"textLabel","@id":369,"inputText":"2","labelStyle":49,"shape":null,"layoutText":null}],"mainLabel":369},"properties":{},"orientationAtVertex":"FREE","reference":null},{"type":"port","@id":370,"shape":{"type":"rect","xposition":"NaN","yposition":"NaN","width":"NaN","height":"NaN","shapeStyle":47},"labelManager":{"labels":[{"type":"textLabel","@id":371,"inputText":"3","labelStyle":49,"shape":null,"layoutText":null}],"mainLabel":371},"properties":{},"orientationAtVertex":"FREE","reference":null}],"properties":{},"reference":null}],"properties":{"id":"f81e146be82e202b0617c1aa17b7cba0","type":"socket"},"reference":null},{"@id":372,"shape":{"type":"rect","xposition":"NaN","yposition":"NaN","width":"NaN","height":"NaN","shapeStyle":2},"labelManager":{"labels":[{"type":"textLabel","@id":373,"inputText":"Julius","labelStyle":4,"shape":null,"layoutText":null}],"mainLabel":373},"portCompositions":[{"type":"portGroup","@id":374,"ordered":false,"portCompositions":[{"type":"port","@id":375,"shape":{"type":"rect","xposition":"NaN","yposition":"NaN","width":"NaN","height":"NaN","shapeStyle":2},"labelManager":{"labels":[{"type":"textLabel","@id":376,"inputText":"1","labelStyle":4,"shape":null,"layoutText":null}],"mainLabel":376},"properties":{"id":"a0c250d1bd4f6653738b328a087f7b47"},"orientationAtVertex":"FREE","reference":null},{"type":"port","@id":377,"shape":{"type":"rect","xposition":"NaN","yposition":"NaN","width":"NaN","height":"NaN","shapeStyle":2},"labelManager":{"labels":[{"type":"textLabel","@id":378,"inputText":"2","labelStyle":4,"shape":null,"layoutText":null}],"mainLabel":378},"properties":{"id":"e787728a1b0f4607dcdd8df68262a1b7"},"orientationAtVertex":"FREE","reference":null},{"type":"port","@id":379,"shape":{"type":"rect","xposition":"NaN","yposition":"NaN","width":"NaN","height":"NaN","shapeStyle":47},"labelManager":{"labels":[{"type":"textLabel","@id":380,"inputText":"3","labelStyle":49,"shape":null,"layoutText":null}],"mainLabel":380},"properties":{},"orientationAtVertex":"FREE","reference":null}],"properties":{},"reference":null}],"properties":{"id":"c187eddcbea53a52c56f27ea3411e863","type":"device"},"reference":null},{"@id":381,"shape":{"type":"rect","xposition":"NaN","yposition":"NaN","width":"NaN","height":"NaN","shapeStyle":2},"labelManager":{"labels":[{"type":"textLabel","@id":382,"inputText":"Moritz","labelStyle":4,"shape":null,"layoutText":null}],"mainLabel":382},"portCompositions":[{"type":"portGroup","@id":383,"ordered":false,"portCompositions":[{"type":"port","@id":384,"shape":{"type":"rect","xposition":"NaN","yposition":"NaN","width":"NaN","height":"NaN","shapeStyle":2},"labelManager":{"labels":[{"type":"textLabel","@id":385,"inputText":"1","labelStyle":4,"shape":null,"layoutText":null}],"mainLabel":385},"properties":{"id":"8953cdb34f503a528258b3ecd683b1d5"},"orientationAtVertex":"FREE","reference":null},{"type":"port","@id":386,"shape":{"type":"rect","xposition":"NaN","yposition":"NaN","width":"NaN","height":"NaN","shapeStyle":2},"labelManager":{"labels":[{"type":"textLabel","@id":387,"inputText":"2","labelStyle":4,"shape":null,"layoutText":null}],"mainLabel":387},"properties":{"id":"40f13ab24e09d37eafdc0663c95355f7"},"orientationAtVertex":"FREE","reference":null},{"type":"port","@id":388,"shape":{"type":"rect","xposition":"NaN","yposition":"NaN","width":"NaN","height":"NaN","shapeStyle":47},"labelManager":{"labels":[{"type":"textLabel","@id":389,"inputText":"3","labelStyle":49,"shape":null,"layoutText":null}],"mainLabel":389},"properties":{},"orientationAtVertex":"FREE","reference":null}],"properties":{},"reference":null}],"properties":{"id":"497c32619ee323b0468d93231687dbe9","type":"socket"},"reference":null},{"@id":390,"shape":{"type":"rect","xposition":"NaN","yposition":"NaN","width":"NaN","height":"NaN","shapeStyle":2},"labelManager":{"labels":[{"type":"textLabel","@id":391,"inputText":"Jonathan","labelStyle":4,"shape":null,"layoutText":null}],"mainLabel":391},"portCompositions":[{"type":"portGroup","@id":392,"ordered":false,"portCompositions":[{"type":"port","@id":393,"shape":{"type":"rect","xposition":"NaN","yposition":"NaN","width":"NaN","height":"NaN","shapeStyle":2},"labelManager":{"labels":[{"type":"textLabel","@id":394,"inputText":"2","labelStyle":4,"shape":null,"layoutText":null}],"mainLabel":394},"properties":{"id":"3772a782f0e75707b1c51e45b9717d47"},"orientationAtVertex":"FREE","reference":null},{"type":"port","@id":395,"shape":{"type":"rect","xposition":"NaN","yposition":"NaN","width":"NaN","height":"NaN","shapeStyle":2},"labelManager":{"labels":[{"type":"textLabel","@id":396,"inputText":"1","labelStyle":4,"shape":null,"layoutText":null}],"mainLabel":396},"properties":{"id":"404f878a1a3282fda9ab463eefe14375"},"orientationAtVertex":"FREE","reference":null},{"type":"port","@id":397,"shape":{"type":"rect","xposition":"NaN","yposition":"NaN","width":"NaN","height":"NaN","shapeStyle":2},"labelManager":{"labels":[{"type":"textLabel","@id":398,"inputText":"3","labelStyle":4,"shape":null,"layoutText":null}],"mainLabel":398},"properties":{"id":"e57c2382ad77fb882c91c54cb28b66c3"},"orientationAtVertex":"FREE","reference":null},{"type":"port","@id":399,"shape":{"type":"rect","xposition":"NaN","yposition":"NaN","width":"NaN","height":"NaN","shapeStyle":47},"labelManager":{"labels":[{"type":"textLabel","@id":400,"inputText":"4","labelStyle":49,"shape":null,"layoutText":null}],"mainLabel":400},"properties":{},"orientationAtVertex":"FREE","reference":null},{"type":"port","@id":401,"shape":{"type":"rect","xposition":"NaN","yposition":"NaN","width":"NaN","height":"NaN","shapeStyle":47},"labelManager":{"labels":[{"type":"textLabel","@id":402,"inputText":"5","labelStyle":49,"shape":null,"layoutText":null}],"mainLabel":402},"properties":{},"orientationAtVertex":"FREE","reference":null}],"properties":{},"reference":null}],"properties":{"id":"0c315e91622914e8cd785331bda3539f","type":"device"},"reference":null},{"@id":403,"shape":{"type":"rect","xposition":"NaN","yposition":"NaN","width":"NaN","height":"NaN","shapeStyle":2},"labelManager":{"labels":[{"type":"textLabel","@id":404,"inputText":"Karl","labelStyle":4,"shape":null,"layoutText":null}],"mainLabel":404},"portCompositions":[{"type":"portGroup","@id":405,"ordered":false,"portCompositions":[{"type":"port","@id":406,"shape":{"type":"rect","xposition":"NaN","yposition":"NaN","width":"NaN","height":"NaN","shapeStyle":2},"labelManager":{"labels":[{"type":"textLabel","@id":407,"inputText":"2","labelStyle":4,"shape":null,"layoutText":null}],"mainLabel":407},"properties":{"id":"80700c442b4ee5a00396ae94063c987b"},"orientationAtVertex":"FREE","reference":null},{"type":"port","@id":408,"shape":{"type":"rect","xposition":"NaN","yposition":"NaN","width":"NaN","height":"NaN","shapeStyle":2},"labelManager":{"labels":[{"type":"textLabel","@id":409,"inputText":"1","labelStyle":4,"shape":null,"layoutText":null}],"mainLabel":409},"properties":{"id":"55424a37e8fb021474881863ed2580c3"},"orientationAtVertex":"FREE","reference":null},{"type":"port","@id":410,"shape":{"type":"rect","xposition":"NaN","yposition":"NaN","width":"NaN","height":"NaN","shapeStyle":2},"labelManager":{"labels":[{"type":"textLabel","@id":411,"inputText":"3","labelStyle":4,"shape":null,"layoutText":null}],"mainLabel":411},"properties":{"id":"8834bcc2906b8419647f287c33c9b3e0"},"orientationAtVertex":"FREE","reference":null},{"type":"port","@id":412,"shape":{"type":"rect","xposition":"NaN","yposition":"NaN","width":"NaN","height":"NaN","shapeStyle":47},"labelManager":{"labels":[{"type":"textLabel","@id":413,"inputText":"4","labelStyle":49,"shape":null,"layoutText":null}],"mainLabel":413},"properties":{},"orientationAtVertex":"FREE","reference":null},{"type":"port","@id":414,"shape":{"type":"rect","xposition":"NaN","yposition":"NaN","width":"NaN","height":"NaN","shapeStyle":47},"labelManager":{"labels":[{"type":"textLabel","@id":415,"inputText":"5","labelStyle":49,"shape":null,"layoutText":null}],"mainLabel":415},"properties":{},"orientationAtVertex":"FREE","reference":null}],"properties":{},"reference":null}],"properties":{"id":"2c437454977518e4758295e2ac19a9e9","type":"socket"},"reference":null},{"@id":416,"shape":null,"labelManager":{"labels":[{"type":"textLabel","@id":417,"inputText":"Jakob","labelStyle":49,"shape":null,"layoutText":null}],"mainLabel":417},"portCompositions":[{"type":"portGroup","@id":418,"ordered":false,"portCompositions":[{"type":"port","@id":419,"shape":{"type":"rect","xposition":"NaN","yposition":"NaN","width":"NaN","height":"NaN","shapeStyle":47},"labelManager":{"labels":[{"type":"textLabel","@id":420,"inputText":"1","labelStyle":49,"shape":null,"layoutText":null}],"mainLabel":420},"properties":{},"orientationAtVertex":"FREE","reference":null}],"properties":{},"reference":null}],"properties":{},"reference":null},{"@id":421,"shape":null,"labelManager":{"labels":[{"type":"textLabel","@id":422,"inputText":"Joel","labelStyle":49,"shape":null,"layoutText":null}],"mainLabel":422},"portCompositions":[{"type":"portGroup","@id":423,"ordered":false,"portCompositions":[{"type":"port","@id":424,"shape":{"type":"rect","xposition":"NaN","yposition":"NaN","width":"NaN","height":"NaN","shapeStyle":47},"labelManager":{"labels":[{"type":"textLabel","@id":425,"inputText":"1","labelStyle":49,"shape":null,"layoutText":null}],"mainLabel":425},"properties":{},"orientationAtVertex":"FREE","reference":null}],"properties":{},"reference":null}],"properties":{},"reference":null}],"vertexGroups":[{"@id":426,"drawnFrame":false,"labelManager":{"labels":[],"mainLabel":null},"shape":null,"containedVertices":[1,8],"containedVertexGroups":[],"touchingPairs":[{"vertex0":1,"horizontalPlacementVertex0":"FREE","verticalPlacementVertex0":"TOP","vertex1":8,"horizontalPlacementVertex1":"FREE","verticalPlacementVertex1":"FREE"}],"portPairings":[{"port0":6,"port1":11}],"properties":{},"reference":null},{"@id":427,"drawnFrame":false,"labelManager":{"labels":[],"mainLabel":null},"shape":null,"containedVertices":[25,30],"containedVertexGroups":[],"touchingPairs":[{"vertex0":25,"horizontalPlacementVertex0":"FREE","verticalPlacementVertex0":"TOP","vertex1":30,"horizontalPlacementVertex1":"FREE","verticalPlacementVertex1":"FREE"}],"portPairings":[{"port0":28,"port1":33}],"properties":{},"reference":null},{"@id":428,"drawnFrame":false,"labelManager":{"labels":[],"mainLabel":null},"shape":null,"containedVertices":[39,50],"containedVertexGroups":[],"touchingPairs":[{"vertex0":39,"horizontalPlacementVertex0":"FREE","verticalPlacementVertex0":"TOP","vertex1":50,"horizontalPlacementVertex1":"FREE","verticalPlacementVertex1":"FREE"}],"portPairings":[{"port0":42,"port1":53},{"port0":44,"port1":55},{"port0":46,"port1":57}],"properties":{},"reference":null},{"@id":429,"drawnFrame":false,"labelManager":{"labels":[],"mainLabel":null},"shape":null,"containedVertices":[75,84],"containedVertexGroups":[],"touchingPairs":[{"vertex0":75,"horizontalPlacementVertex0":"FREE","verticalPlacementVertex0":"TOP","vertex1":84,"horizontalPlacementVertex1":"FREE","verticalPlacementVertex1":"FREE"}],"portPairings":[{"port0":80,"port1":89},{"port0":78,"port1":87},{"port0":82,"port1":91}],"properties":{},"reference":null},{"@id":430,"drawnFrame":false,"labelManager":{"labels":[],"mainLabel":null},"shape":null,"containedVertices":[93,108],"containedVertexGroups":[],"touchingPairs":[{"vertex0":93,"horizontalPlacementVertex0":"FREE","verticalPlacementVertex0":"TOP","vertex1":108,"horizontalPlacementVertex1":"FREE","verticalPlacementVertex1":"FREE"}],"portPairings":[{"port0":98,"port1":113},{"port0":102,"port1":117},{"port0":96,"port1":111},{"port0":104,"port1":119},{"port0":100,"port1":115},{"port0":106,"port1":121}],"properties":{},"reference":null},{"@id":431,"drawnFrame":false,"labelManager":{"labels":[],"mainLabel":null},"shape":null,"containedVertices":[123,132],"containedVertexGroups":[],"touchingPairs":[{"vertex0":123,"horizontalPlacementVertex0":"FREE","verticalPlacementVertex0":"TOP","vertex1":132,"horizontalPlacementVertex1":"FREE","verticalPlacementVertex1":"FREE"}],"portPairings":[{"port0":126,"port1":135},{"port0":128,"port1":137},{"port0":130,"port1":139}],"properties":{},"reference":null},{"@id":432,"drawnFrame":false,"labelManager":{"labels":[],"mainLabel":null},"shape":null,"containedVertices":[141,154],"containedVertexGroups":[],"touchingPairs":[{"vertex0":141,"horizontalPlacementVertex0":"FREE","verticalPlacementVertex0":"TOP","vertex1":154,"horizontalPlacementVertex1":"FREE","verticalPlacementVertex1":"FREE"}],"portPairings":[{"port0":146,"port1":159},{"port0":144,"port1":157},{"port0":148,"port1":161},{"port0":150,"port1":163},{"port0":152,"port1":165}],"properties":{},"reference":null},{"@id":433,"drawnFrame":false,"labelManager":{"labels":[],"mainLabel":null},"shape":null,"containedVertices":[171,180],"containedVertexGroups":[],"touchingPairs":[{"vertex0":171,"horizontalPlacementVertex0":"FREE","verticalPlacementVertex0":"TOP","vertex1":180,"horizontalPlacementVertex1":"FREE","verticalPlacementVertex1":"FREE"}],"portPairings":[{"port0":174,"port1":183},{"port0":176,"port1":185},{"port0":178,"port1":187}],"properties":{},"reference":null},{"@id":434,"drawnFrame":false,"labelManager":{"labels":[],"mainLabel":null},"shape":null,"containedVertices":[189,204],"containedVertexGroups":[],"touchingPairs":[{"vertex0":189,"horizontalPlacementVertex0":"FREE","verticalPlacementVertex0":"TOP","vertex1":204,"horizontalPlacementVertex1":"FREE","verticalPlacementVertex1":"FREE"}],"portPairings":[{"port0":194,"port1":209},{"port0":192,"port1":207},{"port0":196,"port1":211},{"port0":198,"port1":213},{"port0":200,"port1":215},{"port0":202,"port1":217}],"properties":{},"reference":null},{"@id":435,"drawnFrame":false,"labelManager":{"labels":[],"mainLabel":null},"shape":null,"containedVertices":[219,224],"containedVertexGroups":[],"touchingPairs":[{"vertex0":219,"horizontalPlacementVertex0":"FREE","verticalPlacementVertex0":"TOP","vertex1":224,"horizontalPlacementVertex1":"FREE","verticalPlacementVertex1":"FREE"}],"portPairings":[{"port0":222,"port1":227}],"properties":{},"reference":null},{"@id":436,"drawnFrame":false,"labelManager":{"labels":[],"mainLabel":null},"shape":null,"containedVertices":[237,244],"containedVertexGroups":[],"touchingPairs":[{"vertex0":237,"horizontalPlacementVertex0":"FREE","verticalPlacementVertex0":"TOP","vertex1":244,"horizontalPlacementVertex1":"FREE","verticalPlacementVertex1":"FREE"}],"portPairings":[{"port0":242,"port1":249},{"port0":240,"port1":247}],"properties":{},"reference":null},{"@id":437,"drawnFrame":false,"labelManager":{"labels":[],"mainLabel":null},"shape":null,"containedVertices":[251,260],"containedVertexGroups":[],"touchingPairs":[{"vertex0":251,"horizontalPlacementVertex0":"FREE","verticalPlacementVertex0":"TOP","vertex1":260,"horizontalPlacementVertex1":"FREE","verticalPlacementVertex1":"FREE"}],"portPairings":[{"port0":254,"port1":263},{"port0":256,"port1":265},{"port0":258,"port1":267}],"properties":{},"reference":null},{"@id":438,"drawnFrame":false,"labelManager":{"labels":[],"mainLabel":null},"shape":null,"containedVertices":[273,280],"containedVertexGroups":[],"touchingPairs":[{"vertex0":273,"horizontalPlacementVertex0":"FREE","verticalPlacementVertex0":"TOP","vertex1":280,"horizontalPlacementVertex1":"FREE","verticalPlacementVertex1":"FREE"}],"portPairings":[{"port0":276,"port1":283},{"port0":278,"port1":285}],"properties":{},"reference":null},{"@id":439,"drawnFrame":false,"labelManager":{"labels":[],"mainLabel":null},"shape":null,"containedVertices":[295,302],"containedVertexGroups":[],"touchingPairs":[{"vertex0":295,"horizontalPlacementVertex0":"FREE","verticalPlacementVertex0":"TOP","vertex1":302,"horizontalPlacementVertex1":"FREE","verticalPlacementVertex1":"FREE"}],"portPairings":[{"port0":298,"port1":305},{"port0":300,"port1":307}],"properties":{},"reference":null},{"@id":440,"drawnFrame":false,"labelManager":{"labels":[],"mainLabel":null},"shape":null,"containedVertices":[309,314],"containedVertexGroups":[],"touchingPairs":[{"vertex0":309,"horizontalPlacementVertex0":"FREE","verticalPlacementVertex0":"TOP","vertex1":314,"horizontalPlacementVertex1":"FREE","verticalPlacementVertex1":"FREE"}],"portPairings":[{"port0":312,"port1":317}],"properties":{},"reference":null},{"@id":441,"drawnFrame":false,"labelManager":{"labels":[],"mainLabel":null},"shape":null,"containedVertices":[323,337],"containedVertexGroups":[],"touchingPairs":[{"vertex0":323,"horizontalPlacementVertex0":"FREE","verticalPlacementVertex0":"TOP","vertex1":337,"horizontalPlacementVertex1":"FREE","verticalPlacementVertex1":"FREE"}],"portPairings":[{"port0":333,"port1":346},{"port0":329,"port1":342},{"port0":327,"port1":340},{"port0":331,"port1":344},{"port0":335,"port1":348}],"properties":{},"reference":null},{"@id":442,"drawnFrame":false,"labelManager":{"labels":[],"mainLabel":null},"shape":null,"containedVertices":[350,361],"containedVertexGroups":[],"touchingPairs":[{"vertex0":350,"horizontalPlacementVertex0":"FREE","verticalPlacementVertex0":"TOP","vertex1":361,"horizontalPlacementVertex1":"FREE","verticalPlacementVertex1":"FREE"}],"portPairings":[{"port0":353,"port1":364},{"port0":355,"port1":366},{"port0":357,"port1":368},{"port0":359,"port1":370}],"properties":{},"reference":null},{"@id":443,"drawnFrame":false,"labelManager":{"labels":[],"mainLabel":null},"shape":null,"containedVertices":[372,381],"containedVertexGroups":[],"touchingPairs":[{"vertex0":372,"horizontalPlacementVertex0":"FREE","verticalPlacementVertex0":"TOP","vertex1":381,"horizontalPlacementVertex1":"FREE","verticalPlacementVertex1":"FREE"}],"portPairings":[{"port0":377,"port1":386},{"port0":375,"port1":384},{"port0":379,"port1":388}],"properties":{},"reference":null},{"@id":444,"drawnFrame":false,"labelManager":{"labels":[],"mainLabel":null},"shape":null,"containedVertices":[390,403],"containedVertexGroups":[],"touchingPairs":[{"vertex0":390,"horizontalPlacementVertex0":"FREE","verticalPlacementVertex0":"TOP","vertex1":403,"horizontalPlacementVertex1":"FREE","verticalPlacementVertex1":"FREE"}],"portPairings":[{"port0":395,"port1":408},{"port0":397,"port1":410},{"port0":393,"port1":406},{"port0":399,"port1":412},{"port0":401,"port1":414}],"properties":{},"reference":null},{"@id":445,"drawnFrame":false,"labelManager":{"labels":[],"mainLabel":null},"shape":null,"containedVertices":[416,421],"containedVertexGroups":[],"touchingPairs":[{"vertex0":416,"horizontalPlacementVertex0":"FREE","verticalPlacementVertex0":"FREE","vertex1":421,"horizontalPlacementVertex1":"FREE","verticalPlacementVertex1":"FREE"}],"portPairings":[{"port0":419,"port1":424}],"properties":{},"reference":null}],"edges":[{"@id":446,"ports":[271,19],"labelManager":{"innerLabels":[{"type":"textLabel","@id":447,"inputText":"Yusuf","labelStyle":4,"shape":null,"layoutText":null}],"allPortLabels":[],"mainLabel":447},"pathStyle":{"@id":448,"description":"default path style","thickness":-1.0,"color":{"argb":"ff000000"}},"paths":[],"properties":{"id":"1ef0bdfac2eb9d9ef24575ceffe84ff7"},"reference":null},{"@id":449,"ports":[161,65],"labelManager":{"innerLabels":[{"type":"textLabel","@id":450,"inputText":"Erik","labelStyle":4,"shape":null,"layoutText":null}],"allPortLabels":[],"mainLabel":450},"pathStyle":448,"paths":[],"properties":{"id":"438a75090c6caa596c996ad0ce3c4d6e"},"reference":null},{"@id":451,"ports":[37,235],"labelManager":{"innerLabels":[{"type":"textLabel","@id":452,"inputText":"Carl","labelStyle":4,"shape":null,"layoutText":null}],"allPortLabels":[],"mainLabel":452},"pathStyle":448,"paths":[],"properties":{"id":"9c627c70b86b6284f876910577d1c276"},"reference":null},{"@id":453,"ports":[169,406],"labelManager":{"innerLabels":[{"type":"textLabel","@id":454,"inputText":"Nick","labelStyle":4,"shape":null,"layoutText":null}],"allPortLabels":[],"mainLabel":454},"pathStyle":448,"paths":[],"properties":{"id":"902f20c5b2d2894438af9d3a5d7bb8db"},"reference":null},{"@id":455,"ports":[37,163],"labelManager":{"innerLabels":[{"type":"textLabel","@id":456,"inputText":"Mattis","labelStyle":4,"shape":null,"layoutText":null}],"allPortLabels":[],"mainLabel":456},"pathStyle":448,"paths":[],"properties":{"id":"52bb3e639a788f442681764e232d855b"},"reference":null},{"@id":457,"ports":[289,23],"labelManager":{"innerLabels":[{"type":"textLabel","@id":458,"inputText":"Damian","labelStyle":4,"shape":null,"layoutText":null}],"allPortLabels":[],"mainLabel":458},"pathStyle":448,"paths":[],"properties":{"id":"ac8e433cd508b7f082f0af8a61775434"},"reference":null},{"@id":459,"ports":[115,89,293],"labelManager":{"innerLabels":[{"type":"textLabel","@id":460,"inputText":"Maxim","labelStyle":4,"shape":null,"layoutText":null}],"allPortLabels":[],"mainLabel":460},"pathStyle":448,"paths":[],"properties":{"id":"cf9ce1e1ca8d75368b79242c81b1548a"},"reference":null},{"@id":461,"ports":[247,222],"labelManager":{"innerLabels":[{"type":"textLabel","@id":462,"inputText":"Lucas","labelStyle":4,"shape":null,"layoutText":null}],"allPortLabels":[],"mainLabel":462},"pathStyle":448,"paths":[],"properties":{"id":"f6875912acc0f0c4b460ea3b56188828"},"reference":null},{"@id":463,"ports":[249,276],"labelManager":{"innerLabels":[{"type":"textLabel","@id":464,"inputText":"Friedrich","labelStyle":4,"shape":null,"layoutText":null}],"allPortLabels":[],"mainLabel":464},"pathStyle":448,"paths":[],"properties":{"id":"6cfacec3f9591ae7f8621d04354ff8ed"},"reference":null},{"@id":465,"ports":[312,53],"labelManager":{"innerLabels":[{"type":"textLabel","@id":466,"inputText":"Alessio","labelStyle":4,"shape":null,"layoutText":null}],"allPortLabels":[],"mainLabel":466},"pathStyle":448,"paths":[],"properties":{"id":"b73b7ff45e4af9dd3b2432eb30b2b89b"},"reference":null},{"@id":467,"ports":[169,305],"labelManager":{"innerLabels":[{"type":"textLabel","@id":468,"inputText":"Constantin","labelStyle":4,"shape":null,"layoutText":null}],"allPortLabels":[],"mainLabel":468},"pathStyle":448,"paths":[],"properties":{"id":"eb672b26467273ecebc4ba59dd23f24c"},"reference":null},{"@id":469,"ports":[263,342],"labelManager":{"innerLabels":[{"type":"textLabel","@id":470,"inputText":"Jasper","labelStyle":4,"shape":null,"layoutText":null}],"allPortLabels":[],"mainLabel":470},"pathStyle":448,"paths":[],"properties":{"id":"ec9ad266d4f3108c97e36547b40310b5"},"reference":null},{"@id":471,"ports":[15,185],"labelManager":{"innerLabels":[{"type":"textLabel","@id":472,"inputText":"Thomas","labelStyle":4,"shape":null,"layoutText":null}],"allPortLabels":[],"mainLabel":472},"pathStyle":448,"paths":[],"properties":{"id":"1d8ed7d27654438c58999325fd756ae0"},"reference":null},{"@id":473,"ports":[344,102],"labelManager":{"innerLabels":[{"type":"textLabel","@id":474,"inputText":"Deniz","labelStyle":4,"shape":null,"layoutText":null}],"allPortLabels":[],"mainLabel":474},"pathStyle":448,"paths":[],"properties":{"id":"409a9c0fa6e7a848141d467af99e5f0d"},"reference":null},{"@id":475,"ports":[386,227],"labelManager":{"innerLabels":[{"type":"textLabel","@id":476,"inputText":"Fabian","labelStyle":4,"shape":null,"layoutText":null}],"allPortLabels":[],"mainLabel":476},"pathStyle":448,"paths":[],"properties":{"id":"64ecfb9bb03273d59c445ebc3dca7387"},"reference":null},{"@id":477,"ports":[73,254,87],"labelManager":{"innerLabels":[{"type":"textLabel","@id":478,"inputText":"Josef","labelStyle":4,"shape":null,"layoutText":null}],"allPortLabels":[],"mainLabel":478},"pathStyle":448,"paths":[],"properties":{"id":"2efa90f28186b188253020f57a3f0f05"},"reference":null},{"@id":479,"ports":[169,159],"labelManager":{"innerLabels":[{"type":"textLabel","@id":480,"inputText":"Jona","labelStyle":4,"shape":null,"layoutText":null}],"allPortLabels":[],"mainLabel":480},"pathStyle":448,"paths":[],"properties":{"id":"a7a7f5a5a17ec5e17b284fc2cf76973d"},"reference":null},{"@id":481,"ports":[80,366],"labelManager":{"innerLabels":[{"type":"textLabel","@id":482,"inputText":"Benedikt","labelStyle":4,"shape":null,"layoutText":null}],"allPortLabels":[],"mainLabel":482},"pathStyle":448,"paths":[],"properties":{"id":"314ebf4e7ce789acee70f25afb1ab7bb"},"reference":null},{"@id":483,"ports":[364,78],"labelManager":{"innerLabels":[{"type":"textLabel","@id":484,"inputText":"Kaan","labelStyle":4,"shape":null,"layoutText":null}],"allPortLabels":[],"mainLabel":484},"pathStyle":448,"paths":[],"properties":{"id":"04cd75ba3492ab77c899d087da600a8f"},"reference":null},{"@id":485,"ports":[15,33],"labelManager":{"innerLabels":[{"type":"textLabel","@id":486,"inputText":"Mert","labelStyle":4,"shape":null,"layoutText":null}],"allPortLabels":[],"mainLabel":486},"pathStyle":448,"paths":[],"properties":{"id":"dc8863aa92a96d37e5ce560c5da8d408"},"reference":null},{"@id":487,"ports":[235,410],"labelManager":{"innerLabels":[{"type":"textLabel","@id":488,"inputText":"Konstantin","labelStyle":4,"shape":null,"layoutText":null}],"allPortLabels":[],"mainLabel":488},"pathStyle":448,"paths":[],"properties":{"id":"41531b6087260d90f7e3bac5d4c19f9a"},"reference":null},{"@id":489,"ports":[283,384],"labelManager":{"innerLabels":[{"type":"textLabel","@id":490,"inputText":"Lennard","labelStyle":4,"shape":null,"layoutText":null}],"allPortLabels":[],"mainLabel":490},"pathStyle":448,"paths":[],"properties":{"id":"e3c366b575ef4b3500523a01aeaf1f6d"},"reference":null},{"@id":491,"ports":[346,11],"labelManager":{"innerLabels":[{"type":"textLabel","@id":492,"inputText":"Jonah","labelStyle":4,"shape":null,"layoutText":null}],"allPortLabels":[],"mainLabel":492},"pathStyle":448,"paths":[],"properties":{"id":"5a4914fd5b7dbe28d06b44f76e93998d"},"reference":null},{"@id":493,"ports":[187,23],"labelManager":{"innerLabels":[{"type":"textLabel","@id":494,"inputText":"Matthias","labelStyle":49,"shape":null,"layoutText":null}],"allPortLabels":[],"mainLabel":494},"pathStyle":{"@id":495,"description":"default path style","thickness":-1.0,"color":{"argb":"ff000000"}},"paths":[],"properties":{},"reference":null},{"@id":496,"ports":[19,317],"labelManager":{"innerLabels":[{"type":"textLabel","@id":497,"inputText":"Till","labelStyle":49,"shape":null,"layoutText":null}],"allPortLabels":[],"mainLabel":497},"pathStyle":495,"paths":[],"properties":{},"reference":null},{"@id":498,"ports":[61,207],"labelManager":{"innerLabels":[{"type":"textLabel","@id":499,"inputText":"Robin","labelStyle":49,"shape":null,"layoutText":null}],"allPortLabels":[],"mainLabel":499},"pathStyle":495,"paths":[],"properties":{},"reference":null},{"@id":500,"ports":[69,240],"labelManager":{"innerLabels":[{"type":"textLabel","@id":501,"inputText":"Martin","labelStyle":49,"shape":null,"layoutText":null}],"allPortLabels":[],"mainLabel":501},"pathStyle":495,"paths":[],"properties":{},"reference":null},{"@id":502,"ports":[82,183],"labelManager":{"innerLabels":[{"type":"textLabel","@id":503,"inputText":"Matteo","labelStyle":49,"shape":null,"layoutText":null}],"allPortLabels":[],"mainLabel":503},"pathStyle":495,"paths":[],"properties":{},"reference":null},{"@id":504,"ports":[135,298],"labelManager":{"innerLabels":[{"type":"textLabel","@id":505,"inputText":"Theodor","labelStyle":49,"shape":null,"layoutText":null}],"allPortLabels":[],"mainLabel":505},"pathStyle":495,"paths":[],"properties":{},"reference":null},{"@id":506,"ports":[113,321],"labelManager":{"innerLabels":[{"type":"textLabel","@id":507,"inputText":"Emilio","labelStyle":49,"shape":null,"layoutText":null}],"allPortLabels":[],"mainLabel":507},"pathStyle":495,"paths":[],"properties":{},"reference":null},{"@id":508,"ports":[265,231],"labelManager":{"innerLabels":[{"type":"textLabel","@id":509,"inputText":"Nico","labelStyle":49,"shape":null,"layoutText":null}],"allPortLabels":[],"mainLabel":509},"pathStyle":495,"paths":[],"properties":{},"reference":null},{"@id":510,"ports":[111,213],"labelManager":{"innerLabels":[{"type":"textLabel","@id":511,"inputText":"Fritz","labelStyle":49,"shape":null,"layoutText":null}],"allPortLabels":[],"mainLabel":511},"pathStyle":495,"paths":[],"properties":{},"reference":null},{"@id":512,"ports":[55,285],"labelManager":{"innerLabels":[{"type":"textLabel","@id":513,"inputText":"Joshua","labelStyle":49,"shape":null,"layoutText":null}],"allPortLabels":[],"mainLabel":513},"pathStyle":495,"paths":[],"properties":{},"reference":null},{"@id":514,"ports":[217,388],"labelManager":{"innerLabels":[{"type":"textLabel","@id":515,"inputText":"Wilhelm","labelStyle":49,"shape":null,"layoutText":null}],"allPortLabels":[],"mainLabel":515},"pathStyle":495,"paths":[],"properties":{},"reference":null},{"@id":516,"ports":[100,300],"labelManager":{"innerLabels":[{"type":"textLabel","@id":517,"inputText":"Noel","labelStyle":49,"shape":null,"layoutText":null}],"allPortLabels":[],"mainLabel":517},"pathStyle":495,"paths":[],"properties":{},"reference":null},{"@id":518,"ports":[106,424],"labelManager":{"innerLabels":[{"type":"textLabel","@id":519,"inputText":"Ferdinand","labelStyle":49,"shape":null,"layoutText":null}],"allPortLabels":[],"mainLabel":519},"pathStyle":495,"paths":[],"properties":{},"reference":null},{"@id":520,"ports":[211,414,104,408,412,209],"labelManager":{"innerLabels":[{"type":"textLabel","@id":521,"inputText":"Bruno","labelStyle":49,"shape":null,"layoutText":null}],"allPortLabels":[],"mainLabel":521},"pathStyle":495,"paths":[],"properties":{},"reference":null},{"@id":522,"ports":[258,211,28,121,96,209],"labelManager":{"innerLabels":[{"type":"textLabel","@id":523,"inputText":"Matthias","labelStyle":49,"shape":null,"layoutText":null}],"allPortLabels":[],"mainLabel":523},"pathStyle":495,"paths":[],"properties":{},"reference":null},{"@id":524,"ports":[119,91,126],"labelManager":{"innerLabels":[{"type":"textLabel","@id":525,"inputText":"Ole","labelStyle":49,"shape":null,"layoutText":null}],"allPortLabels":[],"mainLabel":525},"pathStyle":495,"paths":[],"properties":{},"reference":null},{"@id":526,"ports":[414,157,98],"labelManager":{"innerLabels":[{"type":"textLabel","@id":527,"inputText":"Malik","labelStyle":49,"shape":null,"layoutText":null}],"allPortLabels":[],"mainLabel":527},"pathStyle":495,"paths":[],"properties":{},"reference":null},{"@id":528,"ports":[370,137],"labelManager":{"innerLabels":[{"type":"textLabel","@id":529,"inputText":"Lucas","labelStyle":49,"shape":null,"layoutText":null}],"allPortLabels":[],"mainLabel":529},"pathStyle":495,"paths":[],"properties":{},"reference":null},{"@id":530,"ports":[130,119],"labelManager":{"innerLabels":[{"type":"textLabel","@id":531,"inputText":"Alessio","labelStyle":49,"shape":null,"layoutText":null}],"allPortLabels":[],"mainLabel":531},"pathStyle":495,"paths":[],"properties":{},"reference":null}],"edgeBundles":[]}