{"vertices":[{"@id":1,"shape":{"type":"rect","xposition":"NaN","yposition":"NaN","width":"NaN","height":"NaN","shapeStyle":{"@id":2,"description":"default shape style","color":{"argb":"ff000000"}}},"labelManager":{"labels":[{"type":"textLabel","@id":3,"inputText":"Philipp","labelStyle":{"@id":4,"description":"default text label style","font":{"fontName":"SansSerif","style":0,"size":10},"noBreak":false,"color":{"argb":"ff000000"},"showLabel":true,"placement":"FREE","horizontalPlacement":"FREE","verticalPlacement":"FREE"},"shape":null,"layoutText":null}],"mainLabel":3},"portCompositions":[{"type":"port","@id":5,"shape":{"type":"rect","xposition":"NaN","yposition":"NaN","width":"NaN","height":"NaN","shapeStyle":2},"labelManager":{"labels":[{"type":"textLabel","@id":6,"inputText":"1","labelStyle":4,"shape":null,"layoutText":null}],"mainLabel":6},"properties":{"id":"15a1ce57b37a1fbdde506828d01c9a5c"},"orientationAtVertex":"FREE","reference":null}],"properties":{"id":"e1378dcea6e9bf527b38bba9774b5b1f","type":"splice"},"reference":null},{"@id":7,"shape":{"type":"rect","xposition":"NaN","yposition":"NaN","width":"NaN","height":"NaN","shapeStyle":2},"labelManager":{"labels":[{"type":"textLabel","@id":8,"inputText":"Johannes","labelStyle":4,"shape":null,"layoutText":null}],"mainLabel":8},"portCompositions":[{"type":"port","@id":9,"shape":{"type":"rect","xposition":"NaN","yposition":"NaN","width":"NaN","height":"NaN","shapeStyle":2},"labelManager":{"labels":[{"type":"textLabel","@id":10,"inputText":"1","labelStyle":4,"shape":null,"layoutText":null}],"mainLabel":10},"properties":{"id":"4b7b9fbd3b02eb7e48f2f075b40a8ca1"},"orientationAtVertex":"FREE","reference":null}],"properties":{"id":"1170d3f3d576628e29d69b9f1f7e905a","type":"splice"},"reference":null},{"@id":11,"shape":{"type":"rect","xposition":"NaN","yposition":"NaN","width":"NaN","height":"NaN","shapeStyle":2},"labelManager":{"labels":[{"type":"textLabel","@id":12,"inputText":"Johann","labelStyle":4,"shape":null,"layoutText":null}],"mainLabel":12},"portCompositions":[{"type":"portGroup","@id":13,"ordered":false,"portCompositions":[{"type":"port","@id":14,"shape":{"type":"rect","xposition":"NaN","yposition":"NaN","width":"NaN","height":"NaN","shapeStyle":2},"labelManager":{"labels":[{"type":"textLabel","@id":15,"inputText":"1","labelStyle":4,"shape":null,"layoutText":null}],"mainLabel":15},"properties":{"id":"5cb9653547367de3bc7f92a4d581cbdb"},"orientationAtVertex":"FREE","reference":null}],"properties":{},"reference":null}],"properties":{"id":"566a1fa2c8821fa39f0e3a5f6245271b","type":"plug"},"reference":null},{"@id":16,"shape":{"type":"rect","xposition":"NaN","yposition":"NaN","width":"NaN","height":"NaN","shapeStyle":2},"labelManager":{"labels":[{"type":"textLabel","@id":17,"inputText":"Leo","labelStyle":4,"shape":null,"layoutText":null}],"mainLabel":17},"portCompositions":[{"type":"portGroup","@id":18,"ordered":false,"portCompositions":[{"type":"port","@id":19,"shape":{"type":"rect","xposition":"NaN","yposition":"NaN","width":"NaN","height":"NaN","shapeStyle":2},"labelManager":{"labels":[{"type":"textLabel","@id":20,"inputText":"1","labelStyle":4,"shape":null,"layoutText":null}],"mainLabel":20},"properties":{"id":"ced1960dc72b88ceff4324d8bbf88841"},"orientationAtVertex":"FREE","reference":null}],"properties":{},"reference":null}],"properties":{"id":"05affbda5e320272d8cf3547fcbbb77b","type":"plug"},"reference":null},{"@id":21,"shape":{"type":"rect","xposition":"NaN","yposition":"NaN","width":"NaN","height":"NaN","shapeStyle":2},"labelManager":{"labels":[{"type":"textLabel","@id":22,"inputText":"Elias","labelStyle":4,"shape":null,"layoutText":null}],"mainLabel":22},"portCompositions":[{"type":"portGroup","@id":23,"ordered":false,"portCompositions":[{"type":"port","@id":24,"shape":{"type":"rect","xposition":"NaN","yposition":"NaN","width":"NaN","height":"NaN","shapeStyle":2},"labelManager":{"labels":[{"type":"textLabel","@id":25,"inputText":"1","labelStyle":4,"shape":null,"layoutText":null}],"mainLabel":25},"properties":{"id":"fa7036c58493a608f2bdfc7679d746e3"},"orientationAtVertex":"FREE","reference":null},{"type":"port","@id":26,"shape":{"type":"rect","xposition":"NaN","yposition":"NaN","width":"NaN","height":"NaN","shapeStyle":{"@id":27,"description":"default shape style","color":{"argb":"ff000000"}}},"labelManager":{"labels":[{"type":"textLabel","@id":28,"inputText":"2","labelStyle":{"@id":29,"description":"default text label style","font":{"fontName":"SansSerif","style":0,"size":10},"noBreak":false,"color":{"argb":"ff000000"},"showLabel":true,"placement":"FREE","horizontalPlacement":"FREE","verticalPlacement":"FREE"},"shape":null,"layoutText":null}],"mainLabel":28},"properties":{},"orientationAtVertex":"FREE","reference":null}],"properties":{},"reference":null}],"properties":{"id":"f618e05c8aad7fdeca238dafd114b92f","type":"plug"},"reference":null},{"@id":30,"shape":{"type":"rect","xposition":"NaN","yposition":"NaN","width":"NaN","height":"NaN","shapeStyle":2},"labelManager":{"labels":[{"type":"textLabel","@id":31,"inputText":"Moritz","labelStyle":4,"shape":null,"layoutText":null}],"mainLabel":31},"portCompositions":[{"type":"portGroup","@id":32,"ordered":false,"portCompositions":[{"type":"port","@id":33,"shape":{"type":"rect","xposition":"NaN","yposition":"NaN","width":"NaN","height":"NaN","shapeStyle":2},"labelManager":{"labels":[{"type":"textLabel","@id":34,"inputText":"1","labelStyle":4,"shape":null,"layoutText":null}],"mainLabel":34},"properties":{"id":"4bd151a24b14281fa8fe9a22bc01721d"},"orientationAtVertex":"FREE","reference":null},{"type":"port","@id":35,"shape":{"type":"rect","xposition":"NaN","yposition":"NaN","width":"NaN","height":"NaN","shapeStyle":27},"labelManager":{"labels":[{"type":"textLabel","@id":36,"inputText":"2","labelStyle":29,"shape":null,"layoutText":null}],"mainLabel":36},"properties":{},"orientationAtVertex":"FREE","reference":null}],"properties":{},"reference":null}],"properties":{"id":"6f0bb7c64a0b0d1d047d613697acefc3","type":"plug"},"reference":null},{"@id":37,"shape":{"type":"rect","xposition":"NaN","yposition":"NaN","width":"NaN","height":"NaN","shapeStyle":2},"labelManager":{"labels":[{"type":"textLabel","@id":38,"inputText":"Emil","labelStyle":4,"shape":null,"layoutText":null}],"mainLabel":38},"portCompositions":[{"type":"portGroup","@id":39,"ordered":false,"portCompositions":[{"type":"port","@id":40,"shape":{"type":"rect","xposition":"NaN","yposition":"NaN","width":"NaN","height":"NaN","shapeStyle":2},"labelManager":{"labels":[{"type":"textLabel","@id":41,"inputText":"1","labelStyle":4,"shape":null,"layoutText":null}],"mainLabel":41},"properties":{"id":"fb19c7f10f785968b04351fece552af2"},"orientationAtVertex":"FREE","reference":null},{"type":"port","@id":42,"shape":{"type":"rect","xposition":"NaN","yposition":"NaN","width":"NaN","height":"NaN","shapeStyle":27},"labelManager":{"labels":[{"type":"textLabel","@id":43,"inputText":"2","labelStyle":29,"shape":null,"layoutText":null}],"mainLabel":43},"properties":{},"orientationAtVertex":"FREE","reference":null}],"properties":{},"reference":null}],"properties":{"id":"6e5418dea8ba1b56c31e5df2a645fbcb","type":"plug"},"reference":null},{"@id":44,"shape":{"type":"rect","xposition":"NaN","yposition":"NaN","width":"NaN","height":"NaN","shapeStyle":2},"labelManager":{"labels":[{"type":"textLabel","@id":45,"inputText":"David","labelStyle":4,"shape":null,"layoutText":null}],"mainLabel":45},"portCompositions":[{"type":"portGroup","@id":46,"ordered":false,"portCompositions":[{"type":"port","@id":47,"shape":{"type":"rect","xposition":"NaN","yposition":"NaN","width":"NaN","height":"NaN","shapeStyle":2},"labelManager":{"labels":[{"type":"textLabel","@id":48,"inputText":"1","labelStyle":4,"shape":null,"layoutText":null}],"mainLabel":48},"properties":{"id":"95218752c626dda8e9577972a54c1b58"},"orientationAtVertex":"FREE","reference":null},{"type":"port","@id":49,"shape":{"type":"rect","xposition":"NaN","yposition":"NaN","width":"NaN","height":"NaN","shapeStyle":27},"labelManager":{"labels":[{"type":"textLabel","@id":50,"inputText":"2","labelStyle":29,"shape":null,"layoutText":null}],"mainLabel":50},"properties":{},"orientationAtVertex":"FREE","reference":null}],"properties":{},"reference":null}],"properties":{"id":"d133fb82a39485ccc4f49c37db8f2a8a","type":"plug"},"reference":null},{"@id":51,"shape":{"type":"rect","xposition":"NaN","yposition":"NaN","width":"NaN","height":"NaN","shapeStyle":2},"labelManager":{"labels":[{"type":"textLabel","@id":52,"inputText":"Julius","labelStyle":4,"shape":null,"layoutText":null}],"mainLabel":52},"portCompositions":[{"type":"port","@id":53,"shape":{"type":"rect","xposition":"NaN","yposition":"NaN","width":"NaN","height":"NaN","shapeStyle":2},"labelManager":{"labels":[{"type":"textLabel","@id":54,"inputText":"1","labelStyle":4,"shape":null,"layoutText":null}],"mainLabel":54},"properties":{"id":"1dc992c925515205aacbdcc33ea64994"},"orientationAtVertex":"FREE","reference":null}],"properties":{"id":"a81ef6fdbb8eaa0a57912666017851de","type":"splice"},"reference":null},{"@id":55,"shape":{"type":"rect","xposition":"NaN","yposition":"NaN","width":"NaN","height":"NaN","shapeStyle":2},"labelManager":{"labels":[{"type":"textLabel","@id":56,"inputText":"Maximilian","labelStyle":4,"shape":null,"layoutText":null}],"mainLabel":56},"portCompositions":[{"type":"port","@id":57,"shape":{"type":"rect","xposition":"NaN","yposition":"NaN","width":"NaN","height":"NaN","shapeStyle":2},"labelManager":{"labels":[{"type":"textLabel","@id":58,"inputText":"1","labelStyle":4,"shape":null,"layoutText":null}],"mainLabel":58},"properties":{"id":"5f1dac7e749a9cbf9c502d6aead87a1f"},"orientationAtVertex":"FREE","reference":null}],"properties":{"id":"1aca1554ce16c8dd0111a3a5b0cf1a2c","type":"splice"},"reference":null},{"@id":59,"shape":{"type":"rect","xposition":"NaN","yposition":"NaN","width":"NaN","height":"NaN","shapeStyle":2},"labelManager":{"labels":[{"type":"textLabel","@id":60,"inputText":"Lukas","labelStyle":4,"shape":null,"layoutText":null}],"mainLabel":60},"portCompositions":[{"type":"port","@id":61,"shape":{"type":"rect","xposition":"NaN","yposition":"NaN","width":"NaN","height":"NaN","shapeStyle":2},"labelManager":{"labels":[{"type":"textLabel","@id":62,"inputText":"1","labelStyle":4,"shape":null,"layoutText":null}],"mainLabel":62},"properties":{"id":"399e2600bf4f190a77d1ffca2f136f88"},"orientationAtVertex":"FREE","reference":null}],"properties":{"id":"5b358e30e9a583d03775dbc153201085","type":"splice"},"reference":null},{"@id":63,"shape":{"type":"rect","xposition":"NaN","yposition":"NaN","width":"NaN","height":"NaN","shapeStyle":2},"labelManager":{"labels":[{"type":"textLabel","@id":64,"inputText":"Benjamin","labelStyle":4,"shape":null,"layoutText":null}],"mainLabel":64},"portCompositions":[{"type":"portGroup","@id":65,"ordered":false,"portCompositions":[{"type":"port","@id":66,"shape":{"type":"rect","xposition":"NaN","yposition":"NaN","width":"NaN","height":"NaN","shapeStyle":2},"labelManager":{"labels":[{"type":"textLabel","@id":67,"inputText":"1","labelStyle":4,"shape":null,"layoutText":null}],"mainLabel":67},"properties":{"id":"330ac523b217d98d4bf5b561c8a1ee02"},"orientationAtVertex":"FREE","reference":null},{"type":"port","@id":68,"shape":{"type":"rect","xposition":"NaN","yposition":"NaN","width":"NaN","height":"NaN","shapeStyle":2},"labelManager":{"labels":[{"type":"textLabel","@id":69,"inputText":"2","labelStyle":4,"shape":null,"layoutText":null}],"mainLabel":69},"properties":{"id":"23ca83fef2e7f37f48306b9f2f3cab70"},"orientationAtVertex":"FREE","reference":null}],"properties":{},"reference":null}],"properties":{"id":"176d159cc4c6c9253397e4351ad0c7c9","type":"plug"},"reference":null},{"@id":70,"shape":{"type":"rect","xposition":"NaN","yposition":"NaN","width":"NaN","height":"NaN","shapeStyle":2},"labelManager":{"labels":[{"type":"textLabel","@id":71,"inputText":"Julian","labelStyle":4,"shape":null,"layoutText":null}],"mainLabel":71},"portCompositions":[{"type":"portGroup","@id":72,"ordered":false,"portCompositions":[{"type":"port","@id":73,"shape":{"type":"rect","xposition":"NaN","yposition":"NaN","width":"NaN","height":"NaN","shapeStyle":2},"labelManager":{"labels":[{"type":"textLabel","@id":74,"inputText":"1","labelStyle":4,"shape":null,"layoutText":null}],"mainLabel":74},"properties":{"id":"4c053eaf6d2e1074a91b10d817b2480f"},"orientationAtVertex":"FREE","reference":null},{"type":"port","@id":75,"shape":{"type":"rect","xposition":"NaN","yposition":"NaN","width":"NaN","height":"NaN","shapeStyle":2},"labelManager":{"labels":[{"type":"textLabel","@id":76,"inputText":"2","labelStyle":4,"shape":null,"layoutText":null}],"mainLabel":76},"properties":{"id":"1c60acb075cf888aa0282dd79ff9efc4"},"orientationAtVertex":"FREE","reference":null}],"properties":{},"reference":null}],"properties":{"id":"6b60ee03b492335e5490115e8362833b","type":"plug"},"reference":null},{"@id":77,"shape":{"type":"rect","xposition":"NaN","yposition":"NaN","width":"NaN","height":"NaN","shapeStyle":2},"labelManager":{"labels":[{"type":"textLabel","@id":78,"inputText":"Louis","labelStyle":4,"shape":null,"layoutText":null}],"mainLabel":78},"portCompositions":[{"type":"port","@id":79,"shape":{"type":"rect","xposition":"NaN","yposition":"NaN","width":"NaN","height":"NaN","shapeStyle":2},"labelManager":{"labels":[{"type":"textLabel","@id":80,"inputText":"1","labelStyle":4,"shape":null,"layoutText":null}],"mainLabel":80},"properties":{"id":"191fee5a08145624046d5c253f56bbcf"},"orientationAtVertex":"FREE","reference":null}],"properties":{"id":"484a1e33b08c42c550779f744558408d","type":"splice"},"reference":null},{"@id":81,"shape":{"type":"rect","xposition":"NaN","yposition":"NaN","width":"NaN","height":"NaN","shapeStyle":2},"labelManager":{"labels":[{"type":"textLabel","@id":82,"inputText":"Alexander","labelStyle":4,"shape":null,"layoutText":null}],"mainLabel":82},"portCompositions":[{"type":"port","@id":83,"shape":{"type":"rect","xposition":"NaN","yposition":"NaN","width":"NaN","height":"NaN","shapeStyle":2},"labelManager":{"labels":[{"type":"textLabel","@id":84,"inputText":"1","labelStyle":4,"shape":null,"layoutText":null}],"mainLabel":84},"properties":{"id":"df203af394574fcad033fb660681a639"},"orientationAtVertex":"FREE","reference":null}],"properties":{"id":"fd5c8560f67638284dca47051b949edb","type":"splice"},"reference":null},{"@id":85,"shape":{"type":"rect","xposition":"NaN","yposition":"NaN","width":"NaN","height":"NaN","shapeStyle":2},"labelManager":{"labels":[{"type":"textLabel","@id":86,"inputText":"Paul","labelStyle":4,"shape":null,"layoutText":null}],"mainLabel":86},"portCompositions":[{"type":"portGroup","@id":87,"ordered":false,"portCompositions":[{"type":"port","@id":88,"shape":{"type":"rect","xposition":"NaN","yposition":"NaN","width":"NaN","height":"NaN","shapeStyle":2},"labelManager":{"labels":[{"type":"textLabel","@id":89,"inputText":"1","labelStyle":4,"shape":null,"layoutText":null}],"mainLabel":89},"properties":{"id":"95f3baacf7725e6a7ed82c3e0625a657"},"orientationAtVertex":"FREE","reference":null}],"properties":{},"reference":null}],"properties":{"id":"638cd86c39f01d8321612bac33cae3f8","type":"plug"},"reference":null},{"@id":90,"shape":{"type":"rect","xposition":"NaN","yposition":"NaN","width":"NaN","height":"NaN","shapeStyle":2},"labelManager":{"labels":[{"type":"textLabel","@id":91,"inputText":"Oskar","labelStyle":4,"shape":null,"layoutText":null}],"mainLabel":91},"portCompositions":[{"type":"portGroup","@id":92,"ordered":false,"portCompositions":[{"type":"port","@id":93,"shape":{"type":"rect","xposition":"NaN","yposition":"NaN","width":"NaN","height":"NaN","shapeStyle":2},"labelManager":{"labels":[{"type":"textLabel","@id":94,"inputText":"1","labelStyle":4,"shape":null,"layoutText":null}],"mainLabel":94},"properties":{"id":"43f8a3bf0820df60ae746cbb5aef9ab8"},"orientationAtVertex":"FREE","reference":null}],"properties":{},"reference":null}],"properties":{"id":"bd4e37d83fa3b841bbacbcd0e02dee1d","type":"plug"},"reference":null},{"@id":95,"shape":{"type":"rect","xposition":"NaN","yposition":"NaN","width":"NaN","height":"NaN","shapeStyle":2},"labelManager":{"labels":[{"type":"textLabel","@id":96,"inputText":"Jan","labelStyle":4,"shape":null,"layoutText":null}],"mainLabel":96},"portCompositions":[{"type":"port","@id":97,"shape":{"type":"rect","xposition":"NaN","yposition":"NaN","width":"NaN","height":"NaN","shapeStyle":2},"labelManager":{"labels":[{"type":"textLabel","@id":98,"inputText":"1","labelStyle":4,"shape":null,"layoutText":null}],"mainLabel":98},"properties":{"id":"13998210761cd0677b69245c66af10f6"},"orientationAtVertex":"FREE","reference":null}],"properties":{"id":"1d8cd2d1911d6fafba1a977064117083","type":"splice"},"reference":null},{"@id":99,"shape":{"type":"rect","xposition":"NaN","yposition":"NaN","width":"NaN","height":"NaN","shapeStyle":2},"labelManager":{"labels":[{"type":"textLabel","@id":100,"inputText":"Max","labelStyle":4,"shape":null,"layoutText":null}],"mainLabel":100},"portCompositions":[{"type":"port","@id":101,"shape":{"type":"rect","xposition":"NaN","yposition":"NaN","width":"NaN","height":"NaN","shapeStyle":2},"labelManager":{"labels":[{"type":"textLabel","@id":102,"inputText":"1","labelStyle":4,"shape":null,"layoutText":null}],"mainLabel":102},"properties":{"id":"37b2366c0ed910e760b3bb8793a37eea"},"orientationAtVertex":"FREE","reference":null}],"properties":{"id":"1c0ef86b06359f5ffe694e2bcc8306ab","type":"splice"},"reference":null},{"@id":103,"shape":{"type":"rect","xposition":"NaN","yposition":"NaN","width":"NaN","height":"NaN","shapeStyle":2},"labelManager":{"labels":[{"type":"textLabel","@id":104,"inputText":"Jonathan","labelStyle":4,"shape":null,"layoutText":null}],"mainLabel":104},"portCompositions":[{"type":"port","@id":105,"shape":{"type":"rect","xposition":"NaN","yposition":"NaN","width":"NaN","height":"NaN","shapeStyle":2},"labelManager":{"labels":[{"type":"textLabel","@id":106,"inputText":"1","labelStyle":4,"shape":null,"layoutText":null}],"mainLabel":106},"properties":{"id":"ab5793171f776cef8ab1d169c5f55f0d"},"orientationAtVertex":"FREE","reference":null}],"properties":{"id":"cf9ada24e176bae861af2da3bd99f52e","type":"splice"},"reference":null},{"@id":107,"shape":{"type":"rect","xposition":"NaN","yposition":"NaN","width":"NaN","height":"NaN","shapeStyle":2},"labelManager":{"labels":[{"type":"textLabel","@id":108,"inputText":"Tom","labelStyle":4,"shape":null,"layoutText":null}],"mainLabel":108},"portCompositions":[{"type":"portGroup","@id":109,"ordered":false,"portCompositions":[{"type":"port","@id":110,"shape":{"type":"rect","xposition":"NaN","yposition":"NaN","width":"NaN","height":"NaN","shapeStyle":2},"labelManager":{"labels":[{"type":"textLabel","@id":111,"inputText":"1","labelStyle":4,"shape":null,"layoutText":null}],"mainLabel":111},"properties":{"id":"33dbd1684469b387969303472236625e"},"orientationAtVertex":"FREE","reference":null}],"properties":{},"reference":null}],"properties":{"id":"ca5be94d05b4d731d8fa97c572bf64c0","type":"plug"},"reference":null},{"@id":112,"shape":{"type":"rect","xposition":"NaN","yposition":"NaN","width":"NaN","height":"NaN","shapeStyle":2},"labelManager":{"labels":[{"type":"textLabel","@id":113,"inputText":"Noah","labelStyle":4,"shape":null,"layoutText":null}],"mainLabel":113},"portCompositions":[{"type":"portGroup","@id":114,"ordered":false,"portCompositions":[{"type":"port","@id":115,"shape":{"type":"rect","xposition":"NaN","yposition":"NaN","width":"NaN","height":"NaN","shapeStyle":2},"labelManager":{"labels":[{"type":"textLabel","@id":116,"inputText":"1","labelStyle":4,"shape":null,"layoutText":null}],"mainLabel":116},"properties":{"id":"a087bccabacd6af63a57bda3c2c76aae"},"orientationAtVertex":"FREE","reference":null}],"properties":{},"reference":null}],"properties":{"id":"da956b0db14d167ef7c4092a59b46ad2","type":"plug"},"reference":null},{"@id":117,"shape":{"type":"rect","xposition":"NaN","yposition":"NaN","width":"NaN","height":"NaN","shapeStyle":2},"labelManager":{"labels":[{"type":"textLabel","@id":118,"inputText":"Tim","labelStyle":4,"shape":null,"layoutText":null}],"mainLabel":118},"portCompositions":[{"type":"portGroup","@id":119,"ordered":false,"portCompositions":[{"type":"port","@id":120,"shape":{"type":"rect","xposition":"NaN","yposition":"NaN","width":"NaN","height":"NaN","shapeStyle":2},"labelManager":{"labels":[{"type":"textLabel","@id":121,"inputText":"3","labelStyle":4,"shape":null,"layoutText":null}],"mainLabel":121},"properties":{"id":"022c6810e3cf7543d35dc1bfc9212d6e"},"orientationAtVertex":"FREE","reference":null},{"type":"port","@id":122,"shape":{"type":"rect","xposition":"NaN","yposition":"NaN","width":"NaN","height":"NaN","shapeStyle":2},"labelManager":{"labels":[{"type":"textLabel","@id":123,"inputText":"5","labelStyle":4,"shape":null,"layoutText":null}],"mainLabel":123},"properties":{"id":"cf768748864d33c91ab59f53e6755e6b"},"orientationAtVertex":"FREE","reference":null},{"type":"port","@id":124,"shape":{"type":"rect","xposition":"NaN","yposition":"NaN","width":"NaN","height":"NaN","shapeStyle":2},"labelManager":{"labels":[{"type":"textLabel","@id":125,"inputText":"2","labelStyle":4,"shape":null,"layoutText":null}],"mainLabel":125},"properties":{"id":"81e8dfe4ef577e50dacb3f7ebbd299d1"},"orientationAtVertex":"FREE","reference":null},{"type":"port","@id":126,"shape":{"type":"rect","xposition":"NaN","yposition":"NaN","width":"NaN","height":"NaN","shapeStyle":2},"labelManager":{"labels":[{"type":"textLabel","@id":127,"inputText":"1","labelStyle":4,"shape":null,"layoutText":null}],"mainLabel":127},"properties":{"id":"c575c9aeec949588ab6cf687843e2ce3"},"orientationAtVertex":"FREE","reference":null},{"type":"port","@id":128,"shape":{"type":"rect","xposition":"NaN","yposition":"NaN","width":"NaN","height":"NaN","shapeStyle":2},"labelManager":{"labels":[{"type":"textLabel","@id":129,"inputText":"6","labelStyle":4,"shape":null,"layoutText":null}],"mainLabel":129},"properties":{"id":"d073244f1949c893b379133b0a0965f2"},"orientationAtVertex":"FREE","reference":null},{"type":"port","@id":130,"shape":{"type":"rect","xposition":"NaN","yposition":"NaN","width":"NaN","height":"NaN","shapeStyle":2},"labelManager":{"labels":[{"type":"textLabel","@id":131,"inputText":"4","labelStyle":4,"shape":null,"layoutText":null}],"mainLabel":131},"properties":{"id":"81b2d61fe7cdb8214eb51e5505c9056f"},"orientationAtVertex":"FREE","reference":null}],"properties":{},"reference":null}],"properties":{"id":"edb4f1269e8e227e4a7e4f0311ecaa47","type":"plug"},"reference":null},{"@id":132,"shape":{"type":"rect","xposition":"NaN","yposition":"NaN","width":"NaN","height":"NaN","shapeStyle":2},"labelManager":{"labels":[{"type":"textLabel","@id":133,"inputText":"Samuel","labelStyle":4,"shape":null,"layoutText":null}],"mainLabel":133},"portCompositions":[{"type":"portGroup","@id":134,"ordered":false,"portCompositions":[{"type":"port","@id":135,"shape":{"type":"rect","xposition":"NaN","yposition":"NaN","width":"NaN","height":"NaN","shapeStyle":2},"labelManager":{"labels":[{"type":"textLabel","@id":136,"inputText":"3","labelStyle":4,"shape":null,"layoutText":null}],"mainLabel":136},"properties":{"id":"dfff480a03a2afe27447b78674ec2a7b"},"orientationAtVertex":"FREE","reference":null},{"type":"port","@id":137,"shape":{"type":"rect","xposition":"NaN","yposition":"NaN","width":"NaN","height":"NaN","shapeStyle":2},"labelManager":{"labels":[{"type":"textLabel","@id":138,"inputText":"5","labelStyle":4,"shape":null,"layoutText":null}],"mainLabel":138},"properties":{"id":"944afb92fd20cb632e38de2fca4f6854"},"orientationAtVertex":"FREE","reference":null},{"type":"port","@id":139,"shape":{"type":"rect","xposition":"NaN","yposition":"NaN","width":"NaN","height":"NaN","shapeStyle":2},"labelManager":{"labels":[{"type":"textLabel","@id":140,"inputText":"2","labelStyle":4,"shape":null,"layoutText":null}],"mainLabel":140},"properties":{"id":"ac1ee47aa4320ff174bf227baf5b8ad7"},"orientationAtVertex":"FREE","reference":null},{"type":"port","@id":141,"shape":{"type":"rect","xposition":"NaN","yposition":"NaN","width":"NaN","height":"NaN","shapeStyle":2},"labelManager":{"labels":[{"type":"textLabel","@id":142,"inputText":"1","labelStyle":4,"shape":null,"layoutText":null}],"mainLabel":142},"properties":{"id":"50e04aee2b0fe2e65b9e4ac09c018e7e"},"orientationAtVertex":"FREE","reference":null},{"type":"port","@id":143,"shape":{"type":"rect","xposition":"NaN","yposition":"NaN","width":"NaN","height":"NaN","shapeStyle":2},"labelManager":{"labels":[{"type":"textLabel","@id":144,"inputText":"6","labelStyle":4,"shape":null,"layoutText":null}],"mainLabel":144},"properties":{"id":"658b4321bf3fd7a6ec5e4c556707ab74"},"orientationAtVertex":"FREE","reference":null},{"type":"port","@id":145,"shape":{"type":"rect","xposition":"NaN","yposition":"NaN","width":"NaN","height":"NaN","shapeStyle":2},"labelManager":{"labels":[{"type":"textLabel","@id":146,"inputText":"4","labelStyle":4,"shape":null,"layoutText":null}],"mainLabel":146},"properties":{"id":"76bff9d45776e7fb3a135d9492c55642"},"orientationAtVertex":"FREE","reference":null}],"properties":{},"reference":null}],"properties":{"id":"f0d95c336eb851a04437989d03185073","type":"plug"},"reference":null},{"@id":147,"shape":{"type":"rect","xposition":"NaN","yposition":"NaN","width":"NaN","height":"NaN","shapeStyle":2},"labelManager":{"labels":[{"type":"textLabel","@id":148,"inputText":"Jonas","labelStyle":4,"shape":null,"layoutText":null}],"mainLabel":148},"portCompositions":[{"type":"portGroup","@id":149,"ordered":false,"portCompositions":[],"properties":{},"reference":null},{"type":"portGroup","@id":150,"ordered":false,"portCompositions":[{"type":"port","@id":151,"shape":{"type":"rect","xposition":"NaN","yposition":"NaN","width":"NaN","height":"NaN","shapeStyle":2},"labelManager":{"labels":[{"type":"textLabel","@id":152,"inputText":"2","labelStyle":4,"shape":null,"layoutText":null}],"mainLabel":152},"properties":{"id":"5018b43735c24148261d86f197f4d464"},"orientationAtVertex":"FREE","reference":null},{"type":"port","@id":153,"shape":{"type":"rect","xposition":"NaN","yposition":"NaN","width":"NaN","height":"NaN","shapeStyle":2},"labelManager":{"labels":[{"type":"textLabel","@id":154,"inputText":"4","labelStyle":4,"shape":null,"layoutText":null}],"mainLabel":154},"properties":{"id":"8e4695ecdf48adba27286526e7ea65e4"},"orientationAtVertex":"FREE","reference":null},{"type":"port","@id":155,"shape":{"type":"rect","xposition":"NaN","yposition":"NaN","width":"NaN","height":"NaN","shapeStyle":27},"labelManager":{"labels":[{"type":"textLabel","@id":156,"inputText":"5","labelStyle":29,"shape":null,"layoutText":null}],"mainLabel":156},"properties":{},"orientationAtVertex":"FREE","reference":null},{"type":"port","@id":157,"shape":{"type":"rect","xposition":"NaN","yposition":"NaN","width":"NaN","height":"NaN","shapeStyle":27},"labelManager":{"labels":[{"type":"textLabel","@id":158,"inputText":"3","labelStyle":29,"shape":null,"layoutText":null}],"mainLabel":158},"properties":{},"orientationAtVertex":"FREE","reference":null},{"type":"port","@id":159,"shape":{"type":"rect","xposition":"NaN","yposition":"NaN","width":"NaN","height":"NaN","shapeStyle":27},"labelManager":{"labels":[{"type":"textLabel","@id":160,"inputText":"1","labelStyle":29,"shape":null,"layoutText":null}],"mainLabel":160},"properties":{},"orientationAtVertex":"FREE","reference":null}],"properties":{},"reference":null}],"properties":{"id":"9bce1c06fc80964565d72b25f8147452","type":"device"},"reference":null},{"@id":161,"shape":{"type":"rect","xposition":"NaN","yposition":"NaN","width":"NaN","height":"NaN","shapeStyle":2},"labelManager":{"labels":[{"type":"textLabel","@id":162,"inputText":"Niklas","labelStyle":4,"shape":null,"layoutText":null}],"mainLabel":162},"portCompositions":[{"type":"portGroup","@id":163,"ordered":false,"portCompositions":[{"type":"port","@id":164,"shape":{"type":"rect","xposition":"NaN","yposition":"NaN","width":"NaN","height":"NaN","shapeStyle":2},"labelManager":{"labels":[{"type":"textLabel","@id":165,"inputText":"2","labelStyle":4,"shape":null,"layoutText":null}],"mainLabel":165},"properties":{"id":"89e414c0995462d7a93aaf2b1532620d"},"orientationAtVertex":"FREE","reference":null},{"type":"port","@id":166,"shape":{"type":"rect","xposition":"NaN","yposition":"NaN","width":"NaN","height":"NaN","shapeStyle":2},"labelManager":{"labels":[{"type":"textLabel","@id":167,"inputText":"4","labelStyle":4,"shape":null,"layoutText":null}],"mainLabel":167},"properties":{"id":"d0b95196f7e5b5422975ab8e32f6915f"},"orientationAtVertex":"FREE","reference":null},{"type":"port","@id":168,"shape":{"type":"rect","xposition":"NaN","yposition":"NaN","width":"NaN","height":"NaN","shapeStyle":27},"labelManager":{"labels":[{"type":"textLabel","@id":169,"inputText":"3","labelStyle":29,"shape":null,"layoutText":null}],"mainLabel":169},"properties":{},"orientationAtVertex":"FREE","reference":null},{"type":"port","@id":170,"shape":{"type":"rect","xposition":"NaN","yposition":"NaN","width":"NaN","height":"NaN","shapeStyle":27},"labelManager":{"labels":[{"type":"textLabel","@id":171,"inputText":"1","labelStyle":29,"shape":null,"layoutText":null}],"mainLabel":171},"properties":{},"orientationAtVertex":"FREE","reference":null}],"properties":{},"reference":null}],"properties":{"id":"21919f699c1446d5ddbfaee36f83986c","type":"socket"},"reference":null},{"@id":172,"shape":{"type":"rect","xposition":"NaN","yposition":"NaN","width":"NaN","height":"NaN","shapeStyle":2},"labelManager":{"labels":[{"type":"textLabel","@id":173,"inputText":"Anton","labelStyle":4,"shape":null,"layoutText":null}],"mainLabel":173},"portCompositions":[{"type":"portGroup","@id":174,"ordered":false,"portCompositions":[{"type":"port","@id":175,"shape":{"type":"rect","xposition":"NaN","yposition":"NaN","width":"NaN","height":"NaN","shapeStyle":2},"labelManager":{"labels":[{"type":"textLabel","@id":176,"inputText":"1","labelStyle":4,"shape":null,"layoutText":null}],"mainLabel":176},"properties":{"id":"8e54d1851e5db2e7c51ba69b16d1a8f5"},"orientationAtVertex":"FREE","reference":null},{"type":"port","@id":177,"shape":{"type":"rect","xposition":"NaN","yposition":"NaN","width":"NaN","height":"NaN","shapeStyle":2},"labelManager":{"labels":[{"type":"textLabel","@id":178,"inputText":"2","labelStyle":4,"shape":null,"layoutText":null}],"mainLabel":178},"properties":{"id":"7e819f81320f63c2fd56dec0323de517"},"orientationAtVertex":"FREE","reference":null},{"type":"port","@id":179,"shape":{"type":"rect","xposition":"NaN","yposition":"NaN","width":"NaN","height":"NaN","shapeStyle":2},"labelManager":{"labels":[{"type":"textLabel","@id":180,"inputText":"3","labelStyle":4,"shape":null,"layoutText":null}],"mainLabel":180},"properties":{"id":"0c1aa68d6ef09a71d27be6d7ec91018c"},"orientationAtVertex":"FREE","reference":null}],"properties":{},"reference":null}],"properties":{"id":"5f9e6f575b6cccb2e865b2c5b5f6db5e","type":"device"},"reference":null},{"@id":181,"shape":{"type":"rect","xposition":"NaN","yposition":"NaN","width":"NaN","height":"NaN","shapeStyle":2},"labelManager":{"labels":[{"type":"textLabel","@id":182,"inputText":"Finn","labelStyle":4,"shape":null,"layoutText":null}],"mainLabel":182},"portCompositions":[{"type":"portGroup","@id":183,"ordered":false,"portCompositions":[{"type":"port","@id":184,"shape":{"type":"rect","xposition":"NaN","yposition":"NaN","width":"NaN","height":"NaN","shapeStyle":2},"labelManager":{"labels":[{"type":"textLabel","@id":185,"inputText":"1","labelStyle":4,"shape":null,"layoutText":null}],"mainLabel":185},"properties":{"id":"de126567f7f7ffd82eef79aa7a2233bb"},"orientationAtVertex":"FREE","reference":null},{"type":"port","@id":186,"shape":{"type":"rect","xposition":"NaN","yposition":"NaN","width":"NaN","height":"NaN","shapeStyle":2},"labelManager":{"labels":[{"type":"textLabel","@id":187,"inputText":"2","labelStyle":4,"shape":null,"layoutText":null}],"mainLabel":187},"properties":{"id":"2a0fcc5b14dd1231597edecce5fbbf85"},"orientationAtVertex":"FREE","reference":null},{"type":"port","@id":188,"shape":{"type":"rect","xposition":"NaN","yposition":"NaN","width":"NaN","height":"NaN","shapeStyle":2},"labelManager":{"labels":[{"type":"textLabel","@id":189,"inputText":"3","labelStyle":4,"shape":null,"layoutText":null}],"mainLabel":189},"properties":{"id":"9e79cad1306367404fdec979469235d4"},"orientationAtVertex":"FREE","reference":null}],"properties":{},"reference":null}],"properties":{"id":"191423218007c2942159b322ad9f2c67","type":"socket"},"reference":null},{"@id":190,"shape":{"type":"rect","xposition":"NaN","yposition":"NaN","width":"NaN","height":"NaN","shapeStyle":2},"labelManager":{"labels":[{"type":"textLabel","@id":191,"inputText":"Felix","labelStyle":4,"shape":null,"layoutText":null}],"mainLabel":191},"portCompositions":[{"type":"port","@id":192,"shape":{"type":"rect","xposition":"NaN","yposition":"NaN","width":"NaN","height":"NaN","shapeStyle":2},"labelManager":{"labels":[{"type":"textLabel","@id":193,"inputText":"1","labelStyle":4,"shape":null,"layoutText":null}],"mainLabel":193},"properties":{"id":"26ba9526cfe317eb98f6f7dadb8cebee"},"orientationAtVertex":"FREE","reference":null}],"properties":{"id":"dd1044a4237a41a04bc8be37ad7db1f4","type":"splice"},"reference":null},{"@id":194,"shape":{"type":"rect","xposition":"NaN","yposition":"NaN","width":"NaN","height":"NaN","shapeStyle":2},"labelManager":{"labels":[{"type":"textLabel","@id":195,"inputText":"Luca","labelStyle":4,"shape":null,"layoutText":null}],"mainLabel":195},"portCompositions":[{"type":"portGroup","@id":196,"ordered":false,"portCompositions":[{"type":"port","@id":197,"shape":{"type":"rect","xposition":"NaN","yposition":"NaN","width":"NaN","height":"NaN","shapeStyle":2},"labelManager":{"labels":[{"type":"textLabel","@id":198,"inputText":"1","labelStyle":4,"shape":null,"layoutText":null}],"mainLabel":198},"properties":{"id":"ff0c3d6aeefa299cbcbdc89b607c690b"},"orientationAtVertex":"FREE","reference":null}],"properties":{},"reference":null}],"properties":{"id":"37a8990974d4f481a9a5300223b5e9ae","type":"device"},"reference":null},{"@id":199,"shape":{"type":"rect","xposition":"NaN","yposition":"NaN","width":"NaN","height":"NaN","shapeStyle":2},"labelManager":{"labels":[{"type":"textLabel","@id":200,"inputText":"Ben","labelStyle":4,"shape":null,"layoutText":null}],"mainLabel":200},"portCompositions":[{"type":"portGroup","@id":201,"ordered":false,"portCompositions":[{"type":"port","@id":202,"shape":{"type":"rect","xposition":"NaN","yposition":"NaN","width":"NaN","height":"NaN","shapeStyle":2},"labelManager":{"labels":[{"type":"textLabel","@id":203,"inputText":"1","labelStyle":4,"shape":null,"layoutText":null}],"mainLabel":203},"properties":{"id":"f4dc4e41e50149a18c18ba35d307f071"},"orientationAtVertex":"FREE","reference":null}],"properties":{},"reference":null}],"properties":{"id":"f81e146be82e202b0617c1aa17b7cba0","type":"socket"},"reference":null},{"@id":204,"shape":{"type":"rect","xposition":"NaN","yposition":"NaN","width":"NaN","height":"NaN","shapeStyle":2},"labelManager":{"labels":[{"type":"textLabel","@id":205,"inputText":"Mats","labelStyle":4,"shape":null,"layoutText":null}],"mainLabel":205},"portCompositions":[{"type":"portGroup","@id":206,"ordered":false,"portCompositions":[{"type":"port","@id":207,"shape":{"type":"rect","xposition":"NaN","yposition":"NaN","width":"NaN","height":"NaN","shapeStyle":2},"labelManager":{"labels":[{"type":"textLabel","@id":208,"inputText":"1","labelStyle":4,"shape":null,"layoutText":null}],"mainLabel":208},"properties":{"id":"3772a782f0e75707b1c51e45b9717d47"},"orientationAtVertex":"FREE","reference":null},{"type":"port","@id":209,"shape":{"type":"rect","xposition":"NaN","yposition":"NaN","width":"NaN","height":"NaN","shapeStyle":2},"labelManager":{"labels":[{"type":"textLabel","@id":210,"inputText":"5","labelStyle":4,"shape":null,"layoutText":null}],"mainLabel":210},"properties":{"id":"404f878a1a3282fda9ab463eefe14375"},"orientationAtVertex":"FREE","reference":null},{"type":"port","@id":211,"shape":{"type":"rect","xposition":"NaN","yposition":"NaN","width":"NaN","height":"NaN","shapeStyle":2},"labelManager":{"labels":[{"type":"textLabel","@id":212,"inputText":"7","labelStyle":4,"shape":null,"layoutText":null}],"mainLabel":212},"properties":{"id":"e57c2382ad77fb882c91c54cb28b66c3"},"orientationAtVertex":"FREE","reference":null},{"type":"port","@id":213,"shape":{"type":"rect","xposition":"NaN","yposition":"NaN","width":"NaN","height":"NaN","shapeStyle":2},"labelManager":{"labels":[{"type":"textLabel","@id":214,"inputText":"3","labelStyle":4,"shape":null,"layoutText":null}],"mainLabel":214},"properties":{"id":"a74bbd1129d70f65003c2e921e9cb123"},"orientationAtVertex":"FREE","reference":null},{"type":"port","@id":215,"shape":{"type":"rect","xposition":"NaN","yposition":"NaN","width":"NaN","height":"NaN","shapeStyle":2},"labelManager":{"labels":[{"type":"textLabel","@id":216,"inputText":"4","labelStyle":4,"shape":null,"layoutText":null}],"mainLabel":216},"properties":{"id":"543df604a562ab5d623900e7cf140bcd"},"orientationAtVertex":"FREE","reference":null},{"type":"port","@id":217,"shape":{"type":"rect","xposition":"NaN","yposition":"NaN","width":"NaN","height":"NaN","shapeStyle":27},"labelManager":{"labels":[{"type":"textLabel","@id":218,"inputText":"2","labelStyle":29,"shape":null,"layoutText":null}],"mainLabel":218},"properties":{},"orientationAtVertex":"FREE","reference":null},{"type":"port","@id":219,"shape":{"type":"rect","xposition":"NaN","yposition":"NaN","width":"NaN","height":"NaN","shapeStyle":27},"labelManager":{"labels":[{"type":"textLabel","@id":220,"inputText":"6","labelStyle":29,"shape":null,"layoutText":null}],"mainLabel":220},"properties":{},"orientationAtVertex":"FREE","reference":null}],"properties":{},"reference":null}],"properties":{"id":"0c315e91622914e8cd785331bda3539f","type":"device"},"reference":null},{"@id":221,"shape":{"type":"rect","xposition":"NaN","yposition":"NaN","width":"NaN","height":"NaN","shapeStyle":2},"labelManager":{"labels":[{"type":"textLabel","@id":222,"inputText":"Jakob","labelStyle":4,"shape":null,"layoutText":null}],"mainLabel":222},"portCompositions":[{"type":"portGroup","@id":223,"ordered":false,"portCompositions":[{"type":"port","@id":224,"shape":{"type":"rect","xposition":"NaN","yposition":"NaN","width":"NaN","height":"NaN","shapeStyle":2},"labelManager":{"labels":[{"type":"textLabel","@id":225,"inputText":"1","labelStyle":4,"shape":null,"layoutText":null}],"mainLabel":225},"properties":{"id":"80700c442b4ee5a00396ae94063c987b"},"orientationAtVertex":"FREE","reference":null},{"type":"port","@id":226,"shape":{"type":"rect","xposition":"NaN","yposition":"NaN","width":"NaN","height":"NaN","shapeStyle":2},"labelManager":{"labels":[{"type":"textLabel","@id":227,"inputText":"5","labelStyle":4,"shape":null,"layoutText":null}],"mainLabel":227},"properties":{"id":"55424a37e8fb021474881863ed2580c3"},"orientationAtVertex":"FREE","reference":null},{"type":"port","@id":228,"shape":{"type":"rect","xposition":"NaN","yposition":"NaN","width":"NaN","height":"NaN","shapeStyle":2},"labelManager":{"labels":[{"type":"textLabel","@id":229,"inputText":"7","labelStyle":4,"shape":null,"layoutText":null}],"mainLabel":229},"properties":{"id":"8834bcc2906b8419647f287c33c9b3e0"},"orientationAtVertex":"FREE","reference":null},{"type":"port","@id":230,"shape":{"type":"rect","xposition":"NaN","yposition":"NaN","width":"NaN","height":"NaN","shapeStyle":2},"labelManager":{"labels":[{"type":"textLabel","@id":231,"inputText":"3","labelStyle":4,"shape":null,"layoutText":null}],"mainLabel":231},"properties":{"id":"7aa007615e9ad4037e5b0e239908c360"},"orientationAtVertex":"FREE","reference":null},{"type":"port","@id":232,"shape":{"type":"rect","xposition":"NaN","yposition":"NaN","width":"NaN","height":"NaN","shapeStyle":2},"labelManager":{"labels":[{"type":"textLabel","@id":233,"inputText":"4","labelStyle":4,"shape":null,"layoutText":null}],"mainLabel":233},"properties":{"id":"4b0994752cc77d5273340865ac18c607"},"orientationAtVertex":"FREE","reference":null},{"type":"port","@id":234,"shape":{"type":"rect","xposition":"NaN","yposition":"NaN","width":"NaN","height":"NaN","shapeStyle":27},"labelManager":{"labels":[{"type":"textLabel","@id":235,"inputText":"2","labelStyle":29,"shape":null,"layoutText":null}],"mainLabel":235},"properties":{},"orientationAtVertex":"FREE","reference":null},{"type":"port","@id":236,"shape":{"type":"rect","xposition":"NaN","yposition":"NaN","width":"NaN","height":"NaN","shapeStyle":27},"labelManager":{"labels":[{"type":"textLabel","@id":237,"inputText":"6","labelStyle":29,"shape":null,"layoutText":null}],"mainLabel":237},"properties":{},"orientationAtVertex":"FREE","reference":null}],"properties":{},"reference":null}],"properties":{"id":"2c437454977518e4758295e2ac19a9e9","type":"socket"},"reference":null},{"@id":238,"shape":null,"labelManager":{"labels":[{"type":"textLabel","@id":239,"inputText":"Luis","labelStyle":29,"shape":null,"layoutText":null}],"mainLabel":239},"portCompositions":[{"type":"portGroup","@id":240,"ordered":false,"portCompositions":[{"type":"port","@id":241,"shape":{"type":"rect","xposition":"NaN","yposition":"NaN","width":"NaN","height":"NaN","shapeStyle":27},"labelManager":{"labels":[{"type":"textLabel","@id":242,"inputText":"3","labelStyle":29,"shape":null,"layoutText":null}],"mainLabel":242},"properties":{},"orientationAtVertex":"FREE","reference":null},{"type":"port","@id":243,"shape":{"type":"rect","xposition":"NaN","yposition":"NaN","width":"NaN","height":"NaN","shapeStyle":27},"labelManager":{"labels":[{"type":"textLabel","@id":244,"inputText":"2","labelStyle":29,"shape":null,"layoutText":null}],"mainLabel":244},"properties":{},"orientationAtVertex":"FREE","reference":null},{"type":"port","@id":245,"shape":{"type":"rect","xposition":"NaN","yposition":"NaN","width":"NaN","height":"NaN","shapeStyle":27},"labelManager":{"labels":[{"type":"textLabel","@id":246,"inputText":"1","labelStyle":29,"shape":null,"layoutText":null}],"mainLabel":246},"properties":{},"orientationAtVertex":"FREE","reference":null}],"properties":{},"reference":null}],"properties":{},"reference":null},{"@id":247,"shape":null,"labelManager":{"labels":[{"type":"textLabel","@id":248,"inputText":"Gabriel","labelStyle":29,"shape":null,"layoutText":null}],"mainLabel":248},"portCompositions":[{"type":"portGroup","@id":249,"ordered":false,"portCompositions":[{"type":"port","@id":250,"shape":{"type":"rect","xposition":"NaN","yposition":"NaN","width":"NaN","height":"NaN","shapeStyle":27},"labelManager":{"labels":[{"type":"textLabel","@id":251,"inputText":"3","labelStyle":29,"shape":null,"layoutText":null}],"mainLabel":251},"properties":{},"orientationAtVertex":"FREE","reference":null},{"type":"port","@id":252,"shape":{"type":"rect","xposition":"NaN","yposition":"NaN","width":"NaN","height":"NaN","shapeStyle":27},"labelManager":{"labels":[{"type":"textLabel","@id":253,"inputText":"2","labelStyle":29,"shape":null,"layoutText":null}],"mainLabel":253},"properties":{},"orientationAtVertex":"FREE","reference":null},{"type":"port","@id":254,"shape":{"type":"rect","xposition":"NaN","yposition":"NaN","width":"NaN","height":"NaN","shapeStyle":27},"labelManager":{"labels":[{"type":"textLabel","@id":255,"inputText":"1","labelStyle":29,"shape":null,"layoutText":null}],"mainLabel":255},"properties":{},"orientationAtVertex":"FREE","reference":null}],"properties":{},"reference":null}],"properties":{},"reference":null},{"@id":256,"shape":null,"labelManager":{"labels":[{"type":"textLabel","@id":257,"inputText":"Henri","labelStyle":29,"shape":null,"layoutText":null}],"mainLabel":257},"portCompositions":[{"type":"portGroup","@id":258,"ordered":false,"portCompositions":[{"type":"port","@id":259,"shape":{"type":"rect","xposition":"NaN","yposition":"NaN","width":"NaN","height":"NaN","shapeStyle":27},"labelManager":{"labels":[{"type":"textLabel","@id":260,"inputText":"5","labelStyle":29,"shape":null,"layoutText":null}],"mainLabel":260},"properties":{},"orientationAtVertex":"FREE","reference":null}],"properties":{},"reference":null}],"properties":{},"reference":null}],"vertexGroups":[{"@id":261,"drawnFrame":false,"labelManager":{"labels":[],"mainLabel":null},"shape":null,"containedVertices":[11,16],"containedVertexGroups":[],"touchingPairs":[{"vertex0":11,"horizontalPlacementVertex0":"FREE","verticalPlacementVertex0":"TOP","vertex1":16,"horizontalPlacementVertex1":"FREE","verticalPlacementVertex1":"FREE"}],"portPairings":[{"port0":14,"port1":19}],"properties":{},"reference":null},{"@id":262,"drawnFrame":false,"labelManager":{"labels":[],"mainLabel":null},"shape":null,"containedVertices":[21,30],"containedVertexGroups":[],"touchingPairs":[{"vertex0":21,"horizontalPlacementVertex0":"FREE","verticalPlacementVertex0":"TOP","vertex1":30,"horizontalPlacementVertex1":"FREE","verticalPlacementVertex1":"FREE"}],"portPairings":[{"port0":24,"port1":33},{"port0":26,"port1":35}],"properties":{},"reference":null},{"@id":263,"drawnFrame":false,"labelManager":{"labels":[],"mainLabel":null},"shape":null,"containedVertices":[37,44],"containedVertexGroups":[],"touchingPairs":[{"vertex0":37,"horizontalPlacementVertex0":"FREE","verticalPlacementVertex0":"TOP","vertex1":44,"horizontalPlacementVertex1":"FREE","verticalPlacementVertex1":"FREE"}],"portPairings":[{"port0":40,"port1":47},{"port0":42,"port1":49}],"properties":{},"reference":null},{"@id":264,"drawnFrame":false,"labelManager":{"labels":[],"mainLabel":null},"shape":null,"containedVertices":[63,70],"containedVertexGroups":[],"touchingPairs":[{"vertex0":63,"horizontalPlacementVertex0":"FREE","verticalPlacementVertex0":"TOP","vertex1":70,"horizontalPlacementVertex1":"FREE","verticalPlacementVertex1":"FREE"}],"portPairings":[{"port0":66,"port1":73},{"port0":68,"port1":75}],"properties":{},"reference":null},{"@id":265,"drawnFrame":false,"labelManager":{"labels":[],"mainLabel":null},"shape":null,"containedVertices":[85,90],"containedVertexGroups":[],"touchingPairs":[{"vertex0":85,"horizontalPlacementVertex0":"FREE","verticalPlacementVertex0":"TOP","vertex1":90,"horizontalPlacementVertex1":"FREE","verticalPlacementVertex1":"FREE"}],"portPairings":[{"port0":88,"port1":93}],"properties":{},"reference":null},{"@id":266,"drawnFrame":false,"labelManager":{"labels":[],"mainLabel":null},"shape":null,"containedVertices":[107,112],"containedVertexGroups":[],"touchingPairs":[{"vertex0":107,"horizontalPlacementVertex0":"FREE","verticalPlacementVertex0":"TOP","vertex1":112,"horizontalPlacementVertex1":"FREE","verticalPlacementVertex1":"FREE"}],"portPairings":[{"port0":110,"port1":115}],"properties":{},"reference":null},{"@id":267,"drawnFrame":false,"labelManager":{"labels":[],"mainLabel":null},"shape":null,"containedVertices":[117,132],"containedVertexGroups":[],"touchingPairs":[{"vertex0":117,"horizontalPlacementVertex0":"FREE","verticalPlacementVertex0":"TOP","vertex1":132,"horizontalPlacementVertex1":"FREE","verticalPlacementVertex1":"FREE"}],"portPairings":[{"port0":130,"port1":145},{"port0":128,"port1":143},{"port0":120,"port1":135},{"port0":126,"port1":141},{"port0":124,"port1":139},{"port0":122,"port1":137}],"properties":{},"reference":null},{"@id":268,"drawnFrame":false,"labelManager":{"labels":[],"mainLabel":null},"shape":null,"containedVertices":[147,161,256],"containedVertexGroups":[],"touchingPairs":[{"vertex0":147,"horizontalPlacementVertex0":"FREE","verticalPlacementVertex0":"TOP","vertex1":161,"horizontalPlacementVertex1":"FREE","verticalPlacementVertex1":"FREE"},{"vertex0":147,"horizontalPlacementVertex0":"FREE","verticalPlacementVertex0":"FREE","vertex1":256,"horizontalPlacementVertex1":"FREE","verticalPlacementVertex1":"FREE"}],"portPairings":[{"port0":153,"port1":166},{"port0":151,"port1":164},{"port0":155,"port1":259},{"port0":157,"port1":168},{"port0":159,"port1":170}],"properties":{},"reference":null},{"@id":269,"drawnFrame":false,"labelManager":{"labels":[],"mainLabel":null},"shape":null,"containedVertices":[172,181],"containedVertexGroups":[],"touchingPairs":[{"vertex0":172,"horizontalPlacementVertex0":"FREE","verticalPlacementVertex0":"TOP","vertex1":181,"horizontalPlacementVertex1":"FREE","verticalPlacementVertex1":"FREE"}],"portPairings":[{"port0":179,"port1":188},{"port0":175,"port1":184},{"port0":177,"port1":186}],"properties":{},"reference":null},{"@id":270,"drawnFrame":false,"labelManager":{"labels":[],"mainLabel":null},"shape":null,"containedVertices":[194,199],"containedVertexGroups":[],"touchingPairs":[{"vertex0":194,"horizontalPlacementVertex0":"FREE","verticalPlacementVertex0":"TOP","vertex1":199,"horizontalPlacementVertex1":"FREE","verticalPlacementVertex1":"FREE"}],"portPairings":[{"port0":197,"port1":202}],"properties":{},"reference":null},{"@id":271,"drawnFrame":false,"labelManager":{"labels":[],"mainLabel":null},"shape":null,"containedVertices":[204,221],"containedVertexGroups":[],"touchingPairs":[{"vertex0":204,"horizontalPlacementVertex0":"FREE","verticalPlacementVertex0":"TOP","vertex1":221,"horizontalPlacementVertex1":"FREE","verticalPlacementVertex1":"FREE"}],"portPairings":[{"port0":211,"port1":228},{"port0":207,"port1":224},{"port0":213,"port1":230},{"port0":209,"port1":226},{"port0":215,"port1":232},{"port0":217,"port1":234},{"port0":219,"port1":236}],"properties":{},"reference":null},{"@id":272,"drawnFrame":false,"labelManager":{"labels":[],"mainLabel":null},"shape":null,"containedVertices":[238,247],"containedVertexGroups":[],"touchingPairs":[{"vertex0":238,"horizontalPlacementVertex0":"FREE","verticalPlacementVertex0":"FREE","vertex1":247,"horizontalPlacementVertex1":"FREE","verticalPlacementVertex1":"FREE"}],"portPairings":[{"port0":241,"port1":250},{"port0":243,"port1":252},{"port0":245,"port1":254}],"properties":{},"reference":null}],"edges":[{"@id":273,"ports":[166,124],"labelManager":{"innerLabels":[{"type":"textLabel","@id":274,"inputText":"Florian","labelStyle":4,"shape":null,"layoutText":null}],"allPortLabels":[],"mainLabel":274},"pathStyle":{"@id":275,"description":"default path style","thickness":-1.0,"color":{"argb":"ff000000"}},"paths":[],"properties":{"id":"409a9c0fa6e7a848141d467af99e5f0d"},"reference":null},{"@id":276,"ports":[186,97],"labelManager":{"innerLabels":[{"type":"textLabel","@id":277,"inputText":"Ali","labelStyle":4,"shape":null,"layoutText":null}],"allPortLabels":[],"mainLabel":277},"pathStyle":275,"paths":[],"properties":{"id":"438a75090c6caa596c996ad0ce3c4d6e"},"reference":null},{"@id":278,"ports":[79,9],"labelManager":{"innerLabels":[{"type":"textLabel","@id":279,"inputText":"Peter","labelStyle":4,"shape":null,"layoutText":null}],"allPortLabels":[],"mainLabel":279},"pathStyle":275,"paths":[],"properties":{"id":"9c627c70b86b6284f876910577d1c276"},"reference":null},{"@id":280,"ports":[192,224],"labelManager":{"innerLabels":[{"type":"textLabel","@id":281,"inputText":"Theodor","labelStyle":4,"shape":null,"layoutText":null}],"allPortLabels":[],"mainLabel":281},"pathStyle":275,"paths":[],"properties":{"id":"902f20c5b2d2894438af9d3a5d7bb8db"},"reference":null},{"@id":282,"ports":[14,68],"labelManager":{"innerLabels":[{"type":"textLabel","@id":283,"inputText":"Vincent","labelStyle":4,"shape":null,"layoutText":null}],"allPortLabels":[],"mainLabel":283},"pathStyle":275,"paths":[],"properties":{"id":"166b1d6e658bce9aed00f85729cb19e9"},"reference":null},{"@id":284,"ports":[192,184],"labelManager":{"innerLabels":[{"type":"textLabel","@id":285,"inputText":"Yusuf","labelStyle":4,"shape":null,"layoutText":null}],"allPortLabels":[],"mainLabel":285},"pathStyle":275,"paths":[],"properties":{"id":"a7a7f5a5a17ec5e17b284fc2cf76973d"},"reference":null},{"@id":286,"ports":[137,61,115],"labelManager":{"innerLabels":[{"type":"textLabel","@id":287,"inputText":"Liam","labelStyle":4,"shape":null,"layoutText":null}],"allPortLabels":[],"mainLabel":287},"pathStyle":275,"paths":[],"properties":{"id":"cf9ce1e1ca8d75368b79242c81b1548a"},"reference":null},{"@id":288,"ports":[53,57],"labelManager":{"innerLabels":[{"type":"textLabel","@id":289,"inputText":"Theo","labelStyle":4,"shape":null,"layoutText":null}],"allPortLabels":[],"mainLabel":289},"pathStyle":275,"paths":[],"properties":{"id":"ac8e433cd508b7f082f0af8a61775434"},"reference":null},{"@id":290,"ports":[145,143,83,141,88],"labelManager":{"innerLabels":[{"type":"textLabel","@id":291,"inputText":"Adam","labelStyle":4,"shape":null,"layoutText":null}],"allPortLabels":[],"mainLabel":291},"pathStyle":275,"paths":[],"properties":{"id":"444bb398af520f5782bc2c57673ebedd"},"reference":null},{"@id":292,"ports":[5,75,139],"labelManager":{"innerLabels":[{"type":"textLabel","@id":293,"inputText":"Can","labelStyle":4,"shape":null,"layoutText":null}],"allPortLabels":[],"mainLabel":293},"pathStyle":275,"paths":[],"properties":{"id":"3dd62bd7ba74ad4a839813e50b3f155b"},"reference":null},{"@id":294,"ports":[228,9],"labelManager":{"innerLabels":[{"type":"textLabel","@id":295,"inputText":"Christian","labelStyle":4,"shape":null,"layoutText":null}],"allPortLabels":[],"mainLabel":295},"pathStyle":275,"paths":[],"properties":{"id":"41531b6087260d90f7e3bac5d4c19f9a"},"reference":null},{"@id":296,"ports":[232,53],"labelManager":{"innerLabels":[{"type":"textLabel","@id":297,"inputText":"Justus","labelStyle":4,"shape":null,"layoutText":null}],"allPortLabels":[],"mainLabel":297},"pathStyle":275,"paths":[],"properties":{"id":"d96753a55f6ab4292535f7dcb2e82d7c"},"reference":null},{"@id":298,"ports":[101,73,135],"labelManager":{"innerLabels":[{"type":"textLabel","@id":299,"inputText":"Konstantin","labelStyle":4,"shape":null,"layoutText":null}],"allPortLabels":[],"mainLabel":299},"pathStyle":275,"paths":[],"properties":{"id":"070c027aaddf24c1b950a788be3142b4"},"reference":null},{"@id":300,"ports":[192,226],"labelManager":{"innerLabels":[{"type":"textLabel","@id":301,"inputText":"Noel","labelStyle":4,"shape":null,"layoutText":null}],"allPortLabels":[],"mainLabel":301},"pathStyle":275,"paths":[],"properties":{"id":"fe2e5a328f4e3e84bff218388e2b47b9"},"reference":null},{"@id":302,"ports":[97,230],"labelManager":{"innerLabels":[{"type":"textLabel","@id":303,"inputText":"Michael","labelStyle":4,"shape":null,"layoutText":null}],"allPortLabels":[],"mainLabel":303},"pathStyle":275,"paths":[],"properties":{"id":"3bcefde7ffea7575147980bc4c56824f"},"reference":null},{"@id":304,"ports":[164,33],"labelManager":{"innerLabels":[{"type":"textLabel","@id":305,"inputText":"Mika","labelStyle":4,"shape":null,"layoutText":null}],"allPortLabels":[],"mainLabel":305},"pathStyle":275,"paths":[],"properties":{"id":"ec9ad266d4f3108c97e36547b40310b5"},"reference":null},{"@id":306,"ports":[202,110],"labelManager":{"innerLabels":[{"type":"textLabel","@id":307,"inputText":"Ole","labelStyle":29,"shape":null,"layoutText":null}],"allPortLabels":[],"mainLabel":307},"pathStyle":{"@id":308,"description":"default path style","thickness":-1.0,"color":{"argb":"ff000000"}},"paths":[],"properties":{},"reference":null},{"@id":309,"ports":[234,105],"labelManager":{"innerLabels":[{"type":"textLabel","@id":310,"inputText":"Milan","labelStyle":29,"shape":null,"layoutText":null}],"allPortLabels":[],"mainLabel":310},"pathStyle":308,"paths":[],"properties":{},"reference":null},{"@id":311,"ports":[236,42],"labelManager":{"innerLabels":[{"type":"textLabel","@id":312,"inputText":"Simon","labelStyle":29,"shape":null,"layoutText":null}],"allPortLabels":[],"mainLabel":312},"pathStyle":308,"paths":[],"properties":{},"reference":null},{"@id":313,"ports":[250,24],"labelManager":{"innerLabels":[{"type":"textLabel","@id":314,"inputText":"Joel","labelStyle":29,"shape":null,"layoutText":null}],"allPortLabels":[],"mainLabel":314},"pathStyle":308,"paths":[],"properties":{},"reference":null},{"@id":315,"ports":[170,40],"labelManager":{"innerLabels":[{"type":"textLabel","@id":316,"inputText":"Valentin","labelStyle":29,"shape":null,"layoutText":null}],"allPortLabels":[],"mainLabel":316},"pathStyle":308,"paths":[],"properties":{},"reference":null},{"@id":317,"ports":[130,168,122],"labelManager":{"innerLabels":[{"type":"textLabel","@id":318,"inputText":"Christian","labelStyle":29,"shape":null,"layoutText":null}],"allPortLabels":[],"mainLabel":318},"pathStyle":308,"paths":[],"properties":{},"reference":null},{"@id":319,"ports":[252,168],"labelManager":{"innerLabels":[{"type":"textLabel","@id":320,"inputText":"Sebastian","labelStyle":29,"shape":null,"layoutText":null}],"allPortLabels":[],"mainLabel":320},"pathStyle":308,"paths":[],"properties":{},"reference":null},{"@id":321,"ports":[252,26],"labelManager":{"innerLabels":[{"type":"textLabel","@id":322,"inputText":"Christian","labelStyle":29,"shape":null,"layoutText":null}],"allPortLabels":[],"mainLabel":322},"pathStyle":308,"paths":[],"properties":{},"reference":null},{"@id":323,"ports":[120,19],"labelManager":{"innerLabels":[{"type":"textLabel","@id":324,"inputText":"Milan","labelStyle":29,"shape":null,"layoutText":null}],"allPortLabels":[],"mainLabel":324},"pathStyle":308,"paths":[],"properties":{},"reference":null}],"edgeBundles":[]}